x y z qx qy qz qw
-0.051462 0.365581 1.467154 0.696419 0.024094 0.717230 0.000671
-0.051492 0.365594 1.467142 0.696410 0.024148 0.717238 0.000637
-0.051522 0.365607 1.467129 0.696400 0.024203 0.717245 0.000602
-0.051552 0.365620 1.467117 0.696391 0.024256 0.717253 0.000567
-0.051581 0.365632 1.467105 0.696382 0.024309 0.717260 0.000532
-0.051611 0.365645 1.467094 0.696373 0.024362 0.717266 0.000497
-0.051640 0.365658 1.467082 0.696365 0.024414 0.717273 0.000463
-0.051670 0.365670 1.467071 0.696356 0.024465 0.717279 0.000428
-0.051698 0.365683 1.467060 0.696348 0.024516 0.717285 0.000394
-0.051727 0.365695 1.467049 0.696341 0.024566 0.717291 0.000361
-0.051756 0.365707 1.467038 0.696333 0.024615 0.717297 0.000327
-0.051784 0.365720 1.467027 0.696326 0.024663 0.717302 0.000294
-0.051812 0.365732 1.467017 0.696319 0.024711 0.717307 0.000262
-0.051839 0.365743 1.467007 0.696312 0.024758 0.717312 0.000230
-0.051866 0.365755 1.466996 0.696305 0.024804 0.717317 0.000198
-0.051893 0.365766 1.466987 0.696298 0.024849 0.717322 0.000167
-0.051919 0.365778 1.466977 0.696292 0.024894 0.717327 0.000137
-0.051942 0.365791 1.466968 0.696299 0.024984 0.717317 0.000095
-0.051959 0.365801 1.466962 0.696313 0.025112 0.717299 0.000043
-0.051972 0.365807 1.466957 0.696323 0.025248 0.717284 -0.000013
-0.051981 0.365809 1.466953 0.696330 0.025382 0.717273 -0.000066
-0.051984 0.365807 1.466950 0.696333 0.025512 0.717265 -0.000111
-0.051984 0.365802 1.466947 0.696334 0.025636 0.717260 -0.000148
-0.051980 0.365794 1.466945 0.696333 0.025755 0.717257 -0.000178
-0.051972 0.365784 1.466942 0.696330 0.025867 0.717255 -0.000200
-0.051962 0.365771 1.466940 0.696327 0.025973 0.717255 -0.000217
-0.051949 0.365757 1.466939 0.696323 0.026073 0.717255 -0.000228
-0.051933 0.365741 1.466937 0.696318 0.026168 0.717256 -0.000234
-0.051915 0.365724 1.466935 0.696313 0.026258 0.717258 -0.000236
-0.051896 0.365705 1.466933 0.696308 0.026342 0.717260 -0.000235
-0.051874 0.365686 1.466932 0.696302 0.026423 0.717262 -0.000230
-0.051851 0.365666 1.466931 0.696296 0.026499 0.717265 -0.000222
-0.051827 0.365645 1.466929 0.696290 0.026571 0.717268 -0.000212
-0.051802 0.365624 1.466928 0.696285 0.026640 0.717271 -0.000200
-0.051776 0.365603 1.466927 0.696279 0.026705 0.717275 -0.000185
-0.051749 0.365580 1.466926 0.696273 0.026766 0.717278 -0.000169
-0.051721 0.365558 1.466925 0.696267 0.026825 0.717282 -0.000152
-0.051693 0.365536 1.466925 0.696261 0.026881 0.717285 -0.000133
-0.051664 0.365513 1.466924 0.696255 0.026935 0.717289 -0.000113
-0.051635 0.365490 1.466923 0.696249 0.026985 0.717293 -0.000092
-0.051605 0.365467 1.466923 0.696243 0.027034 0.717297 -0.000070
-0.051576 0.365444 1.466923 0.696237 0.027080 0.717301 -0.000048
-0.051546 0.365421 1.466922 0.696231 0.027125 0.717305 -0.000025
-0.051516 0.365398 1.466922 0.696225 0.027167 0.717310 -0.000001
-0.051486 0.365376 1.466922 0.696219 0.027207 0.717314 0.000022
-0.051456 0.365353 1.466922 0.696213 0.027246 0.717318 0.000047
-0.051426 0.365330 1.466922 0.696207 0.027283 0.717322 0.000071
-0.051396 0.365308 1.466922 0.696201 0.027319 0.717327 0.000095
-0.051366 0.365286 1.466922 0.696196 0.027353 0.717331 0.000120
-0.051337 0.365263 1.466922 0.696190 0.027385 0.717335 0.000145
-0.051307 0.365242 1.466923 0.696184 0.027417 0.717339 0.000169
-0.051278 0.365220 1.466923 0.696178 0.027447 0.717344 0.000194
-0.051249 0.365198 1.466923 0.696173 0.027476 0.717348 0.000218
-0.051221 0.365177 1.466924 0.696167 0.027504 0.717352 0.000243
-0.051193 0.365156 1.466924 0.696162 0.027531 0.717357 0.000267
-0.051165 0.365136 1.466924 0.696156 0.027557 0.717361 0.000291
-0.051137 0.365115 1.466925 0.696151 0.027582 0.717365 0.000315
-0.051109 0.365102 1.466924 0.696142 0.027604 0.717373 0.000337
-0.051078 0.365090 1.466930 0.696137 0.027605 0.717378 0.000355
-0.051044 0.365080 1.466942 0.696136 0.027592 0.717379 0.000370
-0.051006 0.365069 1.466959 0.696138 0.027568 0.717378 0.000383
-0.050966 0.365059 1.466981 0.696143 0.027536 0.717375 0.000394
-0.050924 0.365049 1.467006 0.696150 0.027496 0.717370 0.000403
-0.050880 0.365038 1.467033 0.696157 0.027450 0.717364 0.000412
-0.050834 0.365028 1.467063 0.696166 0.027399 0.717358 0.000421
-0.050787 0.365016 1.467095 0.696175 0.027343 0.717351 0.000430
-0.050739 0.365005 1.467128 0.696185 0.027285 0.717344 0.000439
-0.050689 0.364993 1.467162 0.696194 0.027223 0.717337 0.000449
-0.050638 0.364981 1.467197 0.696204 0.027159 0.717330 0.000459
-0.050587 0.364969 1.467232 0.696214 0.027093 0.717323 0.000470
-0.050536 0.364956 1.467268 0.696223 0.027025 0.717316 0.000482
-0.050483 0.364943 1.467304 0.696233 0.026956 0.717310 0.000495
-0.050431 0.364930 1.467340 0.696242 0.026887 0.717304 0.000508
-0.050378 0.364917 1.467376 0.696250 0.026817 0.717298 0.000522
-0.050325 0.364903 1.467412 0.696259 0.026746 0.717292 0.000537
-0.050273 0.364889 1.467448 0.696266 0.026675 0.717287 0.000553
-0.050220 0.364875 1.467483 0.696274 0.026604 0.717283 0.000568
-0.050167 0.364862 1.467519 0.696281 0.026534 0.717278 0.000585
-0.050115 0.364848 1.467554 0.696288 0.026463 0.717274 0.000601
-0.050063 0.364834 1.467588 0.696295 0.026393 0.717270 0.000619
-0.050011 0.364820 1.467622 0.696301 0.026324 0.717267 0.000636
-0.049960 0.364806 1.467656 0.696306 0.026255 0.717264 0.000654
-0.049909 0.364792 1.467689 0.696312 0.026187 0.717261 0.000672
-0.049859 0.364778 1.467721 0.696317 0.026119 0.717259 0.000690
-0.049809 0.364764 1.467753 0.696322 0.026052 0.717256 0.000708
-0.049760 0.364750 1.467785 0.696327 0.025986 0.717254 0.000726
-0.049711 0.364737 1.467816 0.696331 0.025921 0.717252 0.000745
-0.049663 0.364723 1.467847 0.696335 0.025857 0.717251 0.000763
-0.049616 0.364710 1.467877 0.696339 0.025793 0.717249 0.000781
-0.049569 0.364696 1.467907 0.696343 0.025731 0.717248 0.000800
-0.049522 0.364683 1.467936 0.696346 0.025669 0.717247 0.000818
-0.049477 0.364670 1.467964 0.696349 0.025609 0.717245 0.000836
-0.049432 0.364658 1.467992 0.696352 0.025549 0.717245 0.000854
-0.049388 0.364645 1.468020 0.696355 0.025491 0.717244 0.000872
-0.049344 0.364633 1.468047 0.696358 0.025433 0.717243 0.000890
-0.049302 0.364620 1.468074 0.696361 0.025376 0.717242 0.000907
-0.049259 0.364608 1.468100 0.696363 0.025321 0.717242 0.000924
-0.049221 0.364608 1.468115 0.696363 0.025351 0.717241 0.000957
-0.049190 0.364615 1.468116 0.696344 0.025448 0.717256 0.001041
-0.049165 0.364628 1.468105 0.696316 0.025577 0.717278 0.001137
-0.049146 0.364645 1.468083 0.696284 0.025728 0.717304 0.001235
-0.049132 0.364665 1.468054 0.696249 0.025894 0.717332 0.001332
-0.049122 0.364688 1.468017 0.696212 0.026072 0.717361 0.001426
-0.049115 0.364713 1.467976 0.696175 0.026257 0.717390 0.001518
-0.049112 0.364740 1.467931 0.696139 0.026449 0.717418 0.001606
-0.049113 0.364768 1.467882 0.696102 0.026645 0.717447 0.001692
-0.049115 0.364796 1.467830 0.696066 0.026843 0.717474 0.001774
-0.049121 0.364825 1.467777 0.696030 0.027043 0.717501 0.001853
-0.049128 0.364855 1.467723 0.695995 0.027244 0.717527 0.001930
-0.049137 0.364885 1.467667 0.695961 0.027445 0.717552 0.002003
-0.049148 0.364915 1.467611 0.695927 0.027646 0.717577 0.002074
-0.049161 0.364946 1.467554 0.695895 0.027845 0.717600 0.002142
-0.049175 0.364976 1.467497 0.695863 0.028043 0.717623 0.002208
-0.049190 0.365007 1.467440 0.695833 0.028239 0.717645 0.002271
-0.049206 0.365037 1.467384 0.695803 0.028433 0.717666 0.002331
-0.049223 0.365067 1.467328 0.695774 0.028625 0.717686 0.002389
-0.049241 0.365097 1.467272 0.695747 0.028814 0.717705 0.002445
-0.049259 0.365127 1.467216 0.695720 0.029000 0.717723 0.002499
-0.049279 0.365157 1.467162 0.695694 0.029184 0.717741 0.002551
-0.049298 0.365186 1.467108 0.695669 0.029365 0.717758 0.002601
-0.049318 0.365215 1.467054 0.695644 0.029543 0.717774 0.002648
-0.049339 0.365244 1.467002 0.695621 0.029717 0.717789 0.002694
-0.049360 0.365272 1.466950 0.695598 0.029889 0.717804 0.002739
-0.049380 0.365300 1.466899 0.695576 0.030058 0.717818 0.002782
-0.049401 0.365328 1.466848 0.695554 0.030223 0.717832 0.002823
-0.049423 0.365356 1.466799 0.695533 0.030386 0.717845 0.002862
-0.049444 0.365383 1.466750 0.695513 0.030545 0.717858 0.002901
-0.049465 0.365409 1.466702 0.695494 0.030702 0.717870 0.002938
-0.049486 0.365435 1.466655 0.695475 0.030855 0.717881 0.002973
-0.049507 0.365461 1.466609 0.695457 0.031005 0.717893 0.003008
-0.049528 0.365487 1.466563 0.695439 0.031153 0.717903 0.003041
-0.049549 0.365512 1.466518 0.695421 0.031297 0.717914 0.003073
-0.049570 0.365536 1.466475 0.695405 0.031438 0.717924 0.003105
-0.049590 0.365560 1.466431 0.695388 0.031577 0.717933 0.003135
-0.049611 0.365584 1.466389 0.695372 0.031712 0.717943 0.003164
-0.049631 0.365607 1.466347 0.695357 0.031845 0.717951 0.003193
-0.049651 0.365630 1.466307 0.695342 0.031975 0.717960 0.003221
-0.049666 0.365669 1.466269 0.695335 0.032172 0.717958 0.003206
-0.049677 0.365714 1.466233 0.695329 0.032361 0.717956 0.003165
-0.049682 0.365762 1.466197 0.695324 0.032548 0.717952 0.003118
-0.049684 0.365812 1.466161 0.695320 0.032731 0.717948 0.003069
-0.049680 0.365863 1.466127 0.695318 0.032909 0.717942 0.003021
-0.049673 0.365912 1.466093 0.695316 0.033081 0.717936 0.002976
-0.049662 0.365961 1.466061 0.695315 0.033245 0.717930 0.002935
-0.049647 0.366008 1.466029 0.695314 0.033403 0.717923 0.002897
-0.049629 0.366054 1.465999 0.695314 0.033553 0.717917 0.002863
-0.049608 0.366097 1.465969 0.695314 0.033695 0.717910 0.002834
-0.049584 0.366139 1.465941 0.695315 0.033832 0.717903 0.002808
-0.049558 0.366179 1.465913 0.695315 0.033961 0.717897 0.002786
-0.049530 0.366217 1.465886 0.695315 0.034084 0.717891 0.002768
-0.049500 0.366254 1.465860 0.695316 0.034202 0.717885 0.002753
-0.049469 0.366288 1.465835 0.695316 0.034314 0.717879 0.002741
-0.049436 0.366321 1.465810 0.695317 0.034421 0.717874 0.002732
-0.049401 0.366353 1.465787 0.695317 0.034522 0.717868 0.002726
-0.049366 0.366383 1.465764 0.695317 0.034619 0.717864 0.002723
-0.049329 0.366411 1.465741 0.695317 0.034712 0.717859 0.002721
-0.049292 0.366438 1.465719 0.695317 0.034801 0.717855 0.002722
-0.049254 0.366464 1.465698 0.695317 0.034885 0.717851 0.002725
-0.049216 0.366489 1.465678 0.695317 0.034966 0.717847 0.002730
-0.049177 0.366513 1.465658 0.695316 0.035044 0.717844 0.002736
-0.049138 0.366536 1.465638 0.695316 0.035118 0.717840 0.002743
-0.049099 0.366557 1.465619 0.695315 0.035190 0.717837 0.002752
-0.049059 0.366578 1.465600 0.695315 0.035258 0.717835 0.002762
-0.049019 0.366598 1.465582 0.695314 0.035324 0.717832 0.002774
-0.048980 0.366617 1.465564 0.695313 0.035387 0.717830 0.002786
-0.048940 0.366636 1.465547 0.695312 0.035447 0.717828 0.002798
-0.048900 0.366653 1.465530 0.695311 0.035506 0.717826 0.002812
-0.048861 0.366670 1.465514 0.695310 0.035562 0.717824 0.002826
-0.048821 0.366687 1.465498 0.695308 0.035616 0.717823 0.002841
-0.048782 0.366702 1.465482 0.695307 0.035668 0.717821 0.002857
-0.048744 0.366717 1.465467 0.695306 0.035718 0.717820 0.002873
-0.048705 0.366732 1.465452 0.695304 0.035766 0.717819 0.002889
-0.048667 0.366746 1.465437 0.695303 0.035813 0.717818 0.002905
-0.048629 0.366760 1.465423 0.695301 0.035858 0.717817 0.002922
-0.048591 0.366773 1.465408 0.695300 0.035901 0.717817 0.002939
-0.048554 0.366785 1.465395 0.695298 0.035943 0.717816 0.002956
-0.048518 0.366798 1.465381 0.695297 0.035983 0.717815 0.002974
-0.048482 0.366840 1.465365 0.695276 0.036160 0.717827 0.002954
-0.048442 0.366908 1.465351 0.695240 0.036400 0.717850 0.002885
-0.048397 0.366991 1.465339 0.695197 0.036674 0.717877 0.002795
-0.048346 0.367083 1.465329 0.695153 0.036964 0.717906 0.002694
-0.048288 0.367180 1.465321 0.695110 0.037255 0.717933 0.002590
-0.048224 0.367278 1.465314 0.695068 0.037541 0.717959 0.002486
-0.048154 0.367376 1.465308 0.695029 0.037817 0.717983 0.002387
-0.048078 0.367472 1.465304 0.694991 0.038083 0.718005 0.002292
-0.047997 0.367566 1.465301 0.694956 0.038336 0.718026 0.002203
-0.047912 0.367657 1.465299 0.694922 0.038576 0.718046 0.002122
-0.047822 0.367745 1.465298 0.694890 0.038805 0.718065 0.002047
-0.047729 0.367829 1.465298 0.694860 0.039021 0.718083 0.001979
-0.047632 0.367909 1.465299 0.694831 0.039226 0.718100 0.001919
-0.047533 0.367987 1.465301 0.694803 0.039419 0.718117 0.001864
-0.047431 0.368061 1.465303 0.694775 0.039603 0.718133 0.001816
-0.047327 0.368132 1.465306 0.694749 0.039776 0.718149 0.001774
-0.047222 0.368199 1.465310 0.694723 0.039941 0.718165 0.001738
-0.047115 0.368264 1.465314 0.694698 0.040097 0.718181 0.001706
-0.047007 0.368326 1.465318 0.694674 0.040245 0.718196 0.001680
-0.046898 0.368385 1.465323 0.694650 0.040385 0.718211 0.001658
-0.046789 0.368441 1.465328 0.694627 0.040518 0.718226 0.001640
-0.046680 0.368495 1.465334 0.694604 0.040645 0.718241 0.001626
-0.046570 0.368547 1.465339 0.694582 0.040765 0.718256 0.001616
-0.046460 0.368597 1.465345 0.694560 0.040879 0.718271 0.001608
-0.046350 0.368645 1.465351 0.694538 0.040988 0.718286 0.001604
-0.046241 0.368691 1.465357 0.694517 0.041092 0.718300 0.001602
-0.046132 0.368735 1.465364 0.694496 0.041191 0.718315 0.001603
-0.046024 0.368777 1.465370 0.694475 0.041285 0.718329 0.001606
-0.045917 0.368818 1.465376 0.694455 0.041375 0.718344 0.001611
-0.045810 0.368857 1.465383 0.694435 0.041461 0.718358 0.001618
-0.045704 0.368894 1.465389 0.694416 0.041543 0.718372 0.001627
-0.045599 0.368931 1.465396 0.694397 0.041621 0.718386 0.001637
-0.045495 0.368966 1.465402 0.694378 0.041696 0.718400 0.001648
-0.045392 0.369000 1.465409 0.694359 0.041767 0.718413 0.001661
-0.045290 0.369032 1.465415 0.694341 0.041836 0.718427 0.001675
-0.045189 0.369064 1.465421 0.694323 0.041901 0.718440 0.001690
-0.045090 0.369094 1.465428 0.694306 0.041964 0.718454 0.001705
-0.044992 0.369123 1.465434 0.694288 0.042024 0.718467 0.001722
-0.044895 0.369152 1.465440 0.694271 0.042082 0.718480 0.001739
-0.044799 0.369179 1.465446 0.694255 0.042137 0.718493 0.001757
-0.044709 0.369245 1.465440 0.694201 0.042285 0.718536 0.001686
-0.044625 0.369336 1.465427 0.694114 0.042496 0.718608 0.001601
-0.044546 0.369445 1.465409 0.694015 0.042755 0.718688 0.001509
-0.044470 0.369566 1.465386 0.693915 0.043042 0.718768 0.001411
-0.044396 0.369693 1.465360 0.693816 0.043344 0.718846 0.001306
-0.044322 0.369825 1.465332 0.693720 0.043651 0.718920 0.001197
-0.044250 0.369959 1.465301 0.693628 0.043959 0.718990 0.001086
-0.044178 0.370093 1.465269 0.693540 0.044265 0.719056 0.000975
-0.044107 0.370227 1.465237 0.693456 0.044566 0.719119 0.000865
-0.044036 0.370359 1.465204 0.693375 0.044862 0.719179 0.000757
-0.043965 0.370490 1.465171 0.693296 0.045152 0.719236 0.000652
-0.043895 0.370618 1.465138 0.693221 0.045435 0.719291 0.000549
-0.043826 0.370744 1.465105 0.693149 0.045711 0.719344 0.000449
-0.043757 0.370867 1.465072 0.693079 0.045980 0.719394 0.000352
-0.043688 0.370988 1.465040 0.693011 0.046242 0.719443 0.000259
-0.043620 0.371106 1.465008 0.692945 0.046497 0.719490 0.000169
-0.043552 0.371222 1.464977 0.692881 0.046745 0.719535 0.000082
-0.043485 0.371334 1.464946 0.692819 0.046986 0.719579 -0.000002
-0.043418 0.371444 1.464915 0.692759 0.047221 0.719621 -0.000082
-0.043353 0.371552 1.464885 0.692701 0.047449 0.719663 -0.000160
-0.043287 0.371657 1.464856 0.692644 0.047671 0.719703 -0.000235
-0.043222 0.371759 1.464827 0.692588 0.047887 0.719742 -0.000307
-0.043158 0.371860 1.464799 0.692535 0.048097 0.719779 -0.000376
-0.043095 0.371957 1.464771 0.692482 0.048301 0.719816 -0.000443
-0.043032 0.372053 1.464744 0.692431 0.048499 0.719852 -0.000507
-0.042970 0.372146 1.464718 0.692381 0.048692 0.719887 -0.000569
-0.042908 0.372238 1.464691 0.692333 0.048880 0.719921 -0.000629
-0.042848 0.372326 1.464666 0.692285 0.049063 0.719954 -0.000686
-0.042787 0.372413 1.464641 0.692239 0.049240 0.719986 -0.000741
-0.042728 0.372498 1.464616 0.692194 0.049413 0.720018 -0.000794
-0.042669 0.372581 1.464592 0.692150 0.049581 0.720048 -0.000845
-0.042611 0.372662 1.464568 0.692107 0.049744 0.720078 -0.000895
-0.042554 0.372742 1.464545 0.692065 0.049903 0.720107 -0.000942
-0.042497 0.372819 1.464522 0.692024 0.050058 0.720136 -0.000987
-0.042441 0.372895 1.464500 0.691985 0.050208 0.720163 -0.001031
-0.042386 0.372969 1.464478 0.691946 0.050354 0.720191 -0.001073
-0.042332 0.373041 1.464456 0.691908 0.050497 0.720217 -0.001114
-0.042278 0.373111 1.464435 0.691871 0.050635 0.720243 -0.001152
-0.042225 0.373180 1.464414 0.691835 0.050770 0.720268 -0.001190
-0.042172 0.373248 1.464394 0.691800 0.050901 0.720292 -0.001226
-0.042120 0.373371 1.464358 0.691732 0.051123 0.720341 -0.001430
-0.042067 0.373528 1.464315 0.691658 0.051433 0.720389 -0.001717
-0.042011 0.373706 1.464265 0.691583 0.051796 0.720435 -0.002039
-0.041948 0.373896 1.464211 0.691508 0.052187 0.720477 -0.002372
-0.041879 0.374092 1.464154 0.691435 0.052587 0.720517 -0.002706
-0.041804 0.374289 1.464095 0.691365 0.052988 0.720553 -0.003035
-0.041722 0.374486 1.464034 0.691299 0.053382 0.720587 -0.003354
-0.041634 0.374679 1.463973 0.691235 0.053767 0.720617 -0.003662
-0.041541 0.374869 1.463912 0.691175 0.054140 0.720646 -0.003957
-0.041443 0.375054 1.463851 0.691118 0.054500 0.720672 -0.004238
-0.041340 0.375234 1.463790 0.691063 0.054846 0.720697 -0.004507
-0.041233 0.375408 1.463730 0.691010 0.055179 0.720720 -0.004762
-0.041123 0.375577 1.463671 0.690960 0.055499 0.720742 -0.005004
-0.041009 0.375741 1.463614 0.690912 0.055806 0.720763 -0.005233
-0.040893 0.375898 1.463557 0.690866 0.056100 0.720783 -0.005451
-0.040775 0.376051 1.463501 0.690821 0.056382 0.720802 -0.005658
-0.040654 0.376199 1.463446 0.690778 0.056653 0.720820 -0.005853
-0.040532 0.376341 1.463393 0.690737 0.056912 0.720838 -0.006039
-0.040409 0.376479 1.463341 0.690697 0.057161 0.720855 -0.006214
-0.040285 0.376612 1.463290 0.690658 0.057400 0.720872 -0.006381
-0.040160 0.376741 1.463239 0.690620 0.057629 0.720888 -0.006539
-0.040035 0.376866 1.463190 0.690584 0.057850 0.720904 -0.006689
-0.039909 0.376987 1.463143 0.690549 0.058061 0.720919 -0.006831
-0.039783 0.377104 1.463096 0.690515 0.058265 0.720934 -0.006967
-0.039658 0.377217 1.463050 0.690482 0.058460 0.720948 -0.007095
-0.039532 0.377327 1.463005 0.690450 0.058649 0.720963 -0.007217
-0.039407 0.377433 1.462961 0.690419 0.058830 0.720977 -0.007333
-0.039283 0.377536 1.462918 0.690388 0.059004 0.720990 -0.007443
-0.039159 0.377637 1.462876 0.690359 0.059172 0.721004 -0.007548
-0.039036 0.377734 1.462835 0.690330 0.059334 0.721017 -0.007648
-0.038914 0.377828 1.462795 0.690303 0.059490 0.721029 -0.007743
-0.038793 0.377920 1.462755 0.690276 0.059641 0.721042 -0.007833
-0.038673 0.378009 1.462717 0.690249 0.059786 0.721054 -0.007919
-0.038553 0.378096 1.462679 0.690224 0.059926 0.721066 -0.008001
-0.038435 0.378180 1.462642 0.690199 0.060061 0.721078 -0.008079
-0.038319 0.378262 1.462606 0.690174 0.060192 0.721089 -0.008154
-0.038203 0.378342 1.462571 0.690151 0.060318 0.721101 -0.008225
-0.038089 0.378420 1.462536 0.690128 0.060440 0.721112 -0.008292
-0.037976 0.378495 1.462502 0.690105 0.060557 0.721123 -0.008357
-0.037864 0.378569 1.462468 0.690083 0.060671 0.721133 -0.008418
-0.037754 0.378711 1.462411 0.690013 0.060854 0.721183 -0.008605
-0.037643 0.378906 1.462326 0.689931 0.061177 0.721232 -0.008800
-0.037528 0.379136 1.462220 0.689850 0.061574 0.721273 -0.009014
-0.037407 0.379387 1.462099 0.689774 0.062013 0.721305 -0.009241
-0.037279 0.379650 1.461967 0.689703 0.062472 0.721330 -0.009473
-0.037145 0.379920 1.461827 0.689638 0.062939 0.721349 -0.009704
-0.037004 0.380191 1.461682 0.689579 0.063405 0.721362 -0.009927
-0.036857 0.380460 1.461533 0.689524 0.063866 0.721371 -0.010142
-0.036704 0.380726 1.461382 0.689472 0.064317 0.721377 -0.010346
-0.036546 0.380987 1.461230 0.689425 0.064756 0.721380 -0.010537
-0.036383 0.381242 1.461079 0.689380 0.065182 0.721382 -0.010715
-0.036216 0.381490 1.460927 0.689338 0.065594 0.721382 -0.010880
-0.036045 0.381731 1.460777 0.689298 0.065992 0.721382 -0.011033
-0.035870 0.381965 1.460629 0.689260 0.066376 0.721380 -0.011173
-0.035694 0.382192 1.460482 0.689224 0.066746 0.721378 -0.011302
-0.035514 0.382413 1.460337 0.689190 0.067102 0.721376 -0.011419
-0.035334 0.382626 1.460195 0.689158 0.067445 0.721373 -0.011527
-0.035151 0.382834 1.460054 0.689127 0.067775 0.721370 -0.011624
-0.034968 0.383034 1.459916 0.689098 0.068093 0.721367 -0.011713
-0.034784 0.383229 1.459781 0.689069 0.068399 0.721364 -0.011793
-0.034600 0.383418 1.459648 0.689042 0.068693 0.721361 -0.011865
-0.034415 0.383601 1.459517 0.689017 0.068977 0.721357 -0.011930
-0.034231 0.383779 1.459388 0.688992 0.069250 0.721354 -0.011988
-0.034047 0.383952 1.459263 0.688968 0.069513 0.721350 -0.012039
-0.033864 0.384120 1.459139 0.688945 0.069766 0.721347 -0.012085
-0.033681 0.384283 1.459018 0.688924 0.070011 0.721343 -0.012126
-0.033500 0.384441 1.458899 0.688903 0.070246 0.721339 -0.012161
-0.033319 0.384595 1.458782 0.688883 0.070474 0.721336 -0.012192
-0.033140 0.384745 1.458668 0.688863 0.070693 0.721332 -0.012219
-0.032962 0.384891 1.458555 0.688845 0.070905 0.721329 -0.012242
-0.032786 0.385033 1.458445 0.688827 0.071110 0.721326 -0.012261
-0.032611 0.385171 1.458337 0.688810 0.071308 0.721322 -0.012277
-0.032438 0.385306 1.458231 0.688793 0.071499 0.721319 -0.012289
-0.032267 0.385437 1.458128 0.688778 0.071683 0.721315 -0.012299
-0.032098 0.385564 1.458026 0.688762 0.071862 0.721312 -0.012306
-0.031930 0.385689 1.457926 0.688748 0.072034 0.721308 -0.012310
-0.031765 0.385810 1.457828 0.688734 0.072202 0.721305 -0.012312
-0.031601 0.385929 1.457732 0.688720 0.072363 0.721302 -0.012312
-0.031440 0.386044 1.457638 0.688708 0.072520 0.721298 -0.012310
-0.031281 0.386157 1.457545 0.688695 0.072671 0.721295 -0.012307
-0.031126 0.386343 1.457434 0.688646 0.072822 0.721323 -0.012493
-0.030970 0.386582 1.457315 0.688581 0.073019 0.721361 -0.012741
-0.030810 0.386856 1.457190 0.688519 0.073263 0.721391 -0.013016
-0.030644 0.387153 1.457064 0.688465 0.073533 0.721410 -0.013312
-0.030472 0.387463 1.456938 0.688421 0.073812 0.721418 -0.013622
-0.030294 0.387780 1.456814 0.688385 0.074090 0.721417 -0.013938
-0.030109 0.388098 1.456692 0.688357 0.074361 0.721410 -0.014255
-0.029919 0.388415 1.456574 0.688334 0.074622 0.721398 -0.014568
-0.029723 0.388729 1.456458 0.688317 0.074871 0.721383 -0.014874
-0.029522 0.389037 1.456347 0.688303 0.075106 0.721365 -0.015170
-0.029316 0.389338 1.456238 0.688293 0.075328 0.721346 -0.015455
-0.029107 0.389633 1.456133 0.688285 0.075537 0.721325 -0.015729
-0.028894 0.389920 1.456031 0.688280 0.075732 0.721304 -0.015991
-0.028679 0.390200 1.455932 0.688276 0.075915 0.721283 -0.016240
-0.028461 0.390473 1.455837 0.688274 0.076086 0.721262 -0.016477
-0.028241 0.390738 1.455744 0.688273 0.076245 0.721241 -0.016702
-0.028020 0.390995 1.455654 0.688273 0.076394 0.721220 -0.016916
-0.027798 0.391245 1.455566 0.688274 0.076533 0.721200 -0.017119
-0.027575 0.391489 1.455481 0.688275 0.076662 0.721180 -0.017311
-0.027352 0.391725 1.455398 0.688278 0.076783 0.721160 -0.017493
-0.027129 0.391955 1.455318 0.688281 0.076895 0.721141 -0.017665
-0.026906 0.392179 1.455239 0.688284 0.077000 0.721123 -0.017828
-0.026683 0.392397 1.455163 0.688288 0.077097 0.721105 -0.017983
-0.026462 0.392608 1.455088 0.688292 0.077188 0.721087 -0.018129
-0.026241 0.392815 1.455016 0.688297 0.077272 0.721070 -0.018267
-0.026022 0.393015 1.454944 0.688302 0.077351 0.721054 -0.018398
-0.025804 0.393211 1.454875 0.688307 0.077424 0.721038 -0.018523
-0.025588 0.393401 1.454807 0.688313 0.077493 0.721022 -0.018640
-0.025373 0.393586 1.454741 0.688319 0.077556 0.721007 -0.018751
-0.025160 0.393767 1.454676 0.688325 0.077616 0.720992 -0.018857
-0.024950 0.393943 1.454613 0.688331 0.077671 0.720977 -0.018957
-0.024741 0.394115 1.454551 0.688338 0.077722 0.720963 -0.019051
-0.024534 0.394282 1.454490 0.688344 0.077770 0.720949 -0.019141
-0.024330 0.394446 1.454431 0.688351 0.077814 0.720935 -0.019226
-0.024128 0.394605 1.454373 0.688358 0.077855 0.720922 -0.019306
-0.023929 0.394761 1.454316 0.688366 0.077893 0.720909 -0.019383
-0.023732 0.394913 1.454260 0.688373 0.077929 0.720896 -0.019455
-0.023537 0.395061 1.454205 0.688380 0.077962 0.720884 -0.019524
-0.023345 0.395206 1.454152 0.688388 0.077993 0.720871 -0.019589
-0.023156 0.395348 1.454099 0.688396 0.078021 0.720859 -0.019650
-0.022975 0.395569 1.454010 0.688376 0.078094 0.720864 -0.019864
-0.022802 0.395844 1.453890 0.688361 0.078298 0.720849 -0.020122
-0.022634 0.396156 1.453748 0.688354 0.078579 0.720817 -0.020417
-0.022468 0.396490 1.453588 0.688356 0.078909 0.720770 -0.020737
-0.022303 0.396838 1.453417 0.688365 0.079268 0.720712 -0.021070
-0.022138 0.397193 1.453238 0.688381 0.079644 0.720646 -0.021409
-0.021972 0.397550 1.453053 0.688401 0.080027 0.720574 -0.021747
-0.021806 0.397907 1.452864 0.688426 0.080413 0.720497 -0.022080
-0.021639 0.398260 1.452673 0.688453 0.080796 0.720418 -0.022406
-0.021471 0.398608 1.452481 0.688482 0.081175 0.720338 -0.022722
-0.021302 0.398950 1.452290 0.688514 0.081547 0.720256 -0.023028
-0.021132 0.399286 1.452099 0.688546 0.081911 0.720174 -0.023322
-0.020962 0.399614 1.451910 0.688580 0.082266 0.720092 -0.023606
-0.020792 0.399935 1.451722 0.688615 0.082612 0.720010 -0.023878
-0.020621 0.400249 1.451537 0.688650 0.082948 0.719929 -0.024139
-0.020451 0.400556 1.451355 0.688686 0.083274 0.719849 -0.024390
-0.020280 0.400855 1.451174 0.688722 0.083591 0.719769 -0.024630
-0.020110 0.401147 1.450997 0.688758 0.083898 0.719691 -0.024860
-0.019941 0.401432 1.450822 0.688795 0.084196 0.719614 -0.025081
-0.019772 0.401711 1.450650 0.688831 0.084485 0.719538 -0.025292
-0.019604 0.401982 1.450482 0.688868 0.084765 0.719462 -0.025495
-0.019436 0.402247 1.450316 0.688904 0.085036 0.719389 -0.025689
-0.019270 0.402506 1.450153 0.688941 0.085298 0.719316 -0.025876
-0.019105 0.402759 1.449993 0.688977 0.085553 0.719244 -0.026054
-0.018941 0.403005 1.449836 0.689013 0.085799 0.719174 -0.026226
-0.018779 0.403246 1.449681 0.689049 0.086038 0.719105 -0.026391
-0.018617 0.403482 1.449530 0.689085 0.086269 0.719037 -0.026549
-0.018458 0.403711 1.449381 0.689120 0.086493 0.718971 -0.026700
-0.018299 0.403936 1.449236 0.689156 0.086711 0.718905 -0.026846
-0.018143 0.404156 1.449092 0.689191 0.086922 0.718841 -0.026986
-0.017987 0.404370 1.448952 0.689225 0.087126 0.718778 -0.027120
-0.017834 0.404579 1.448814 0.689260 0.087324 0.718716 -0.027250
-0.017682 0.404784 1.448679 0.689294 0.087516 0.718655 -0.027374
-0.017532 0.404985 1.448547 0.689328 0.087702 0.718596 -0.027493
-0.017383 0.405180 1.448417 0.689361 0.087883 0.718537 -0.027607
-0.017237 0.405372 1.448289 0.689394 0.088058 0.718480 -0.027718
-0.017092 0.405559 1.448164 0.689427 0.088228 0.718423 -0.027823
-0.016949 0.405742 1.448041 0.689459 0.088393 0.718368 -0.027925
-0.016807 0.405921 1.447920 0.689492 0.088553 0.718314 -0.028023
-0.016668 0.406096 1.447802 0.689523 0.088709 0.718260 -0.028117
-0.016527 0.406352 1.447650 0.689507 0.088802 0.718256 -0.028341
-0.016381 0.406661 1.447480 0.689469 0.089015 0.718258 -0.028542
-0.016228 0.407006 1.447300 0.689432 0.089292 0.718251 -0.028752
-0.016066 0.407372 1.447115 0.689402 0.089601 0.718232 -0.028979
-0.015893 0.407752 1.446927 0.689381 0.089922 0.718202 -0.029218
-0.015710 0.408137 1.446738 0.689368 0.090243 0.718165 -0.029462
-0.015517 0.408523 1.446551 0.689361 0.090558 0.718121 -0.029705
-0.015314 0.408905 1.446367 0.689359 0.090862 0.718075 -0.029942
-0.015102 0.409281 1.446186 0.689362 0.091152 0.718026 -0.030171
-0.014882 0.409650 1.446008 0.689368 0.091427 0.717976 -0.030388
-0.014655 0.410010 1.445834 0.689376 0.091686 0.717926 -0.030593
-0.014420 0.410361 1.445665 0.689386 0.091929 0.717877 -0.030784
-0.014180 0.410702 1.445499 0.689398 0.092157 0.717829 -0.030961
-0.013935 0.411034 1.445337 0.689412 0.092370 0.717782 -0.031125
-0.013685 0.411356 1.445179 0.689426 0.092569 0.717735 -0.031276
-0.013432 0.411669 1.445025 0.689442 0.092753 0.717691 -0.031414
-0.013175 0.411972 1.444875 0.689458 0.092925 0.717647 -0.031540
-0.012916 0.412267 1.444728 0.689475 0.093085 0.717605 -0.031654
-0.012655 0.412552 1.444585 0.689493 0.093233 0.717564 -0.031758
-0.012392 0.412830 1.444445 0.689511 0.093371 0.717525 -0.031851
-0.012129 0.413099 1.444308 0.689530 0.093499 0.717486 -0.031935
-0.011865 0.413361 1.444174 0.689549 0.093617 0.717449 -0.032010
-0.011601 0.413615 1.444044 0.689569 0.093727 0.717412 -0.032077
-0.011337 0.413862 1.443916 0.689589 0.093828 0.717377 -0.032136
-0.011074 0.414103 1.443792 0.689610 0.093922 0.717343 -0.032188
-0.010811 0.414336 1.443670 0.689631 0.094008 0.717309 -0.032233
-0.010550 0.414564 1.443551 0.689652 0.094088 0.717277 -0.032272
-0.010290 0.414785 1.443434 0.689674 0.094163 0.717245 -0.032306
-0.010032 0.415000 1.443320 0.689696 0.094231 0.717213 -0.032334
-0.009776 0.415210 1.443208 0.689718 0.094294 0.717183 -0.032357
-0.009521 0.415415 1.443099 0.689740 0.094352 0.717153 -0.032377
-0.009269 0.415614 1.442992 0.689762 0.094406 0.717124 -0.032392
-0.009020 0.415809 1.442887 0.689785 0.094455 0.717095 -0.032403
-0.008773 0.415998 1.442785 0.689807 0.094500 0.717067 -0.032411
-0.008528 0.416183 1.442684 0.689830 0.094542 0.717039 -0.032416
-0.008287 0.416364 1.442586 0.689853 0.094580 0.717012 -0.032418
-0.008048 0.416540 1.442490 0.689876 0.094615 0.716986 -0.032418
-0.007812 0.416712 1.442395 0.689899 0.094647 0.716959 -0.032415
-0.007579 0.416880 1.442303 0.689922 0.094677 0.716934 -0.032410
-0.007349 0.417045 1.442213 0.689945 0.094703 0.716908 -0.032403
-0.007126 0.417290 1.442075 0.689934 0.094616 0.716924 -0.032554
-0.006908 0.417592 1.441909 0.689918 0.094624 0.716929 -0.032733
-0.006693 0.417931 1.441722 0.689911 0.094704 0.716916 -0.032940
-0.006479 0.418296 1.441522 0.689914 0.094832 0.716886 -0.033173
-0.006262 0.418677 1.441313 0.689927 0.094988 0.716841 -0.033425
-0.006043 0.419067 1.441099 0.689949 0.095161 0.716785 -0.033688
-0.005820 0.419459 1.440881 0.689977 0.095343 0.716721 -0.033956
-0.005594 0.419850 1.440662 0.690010 0.095528 0.716652 -0.034222
-0.005365 0.420238 1.440443 0.690046 0.095711 0.716580 -0.034483
-0.005132 0.420619 1.440226 0.690085 0.095890 0.716506 -0.034736
-0.004897 0.420994 1.440010 0.690126 0.096063 0.716431 -0.034980
-0.004659 0.421361 1.439797 0.690169 0.096230 0.716356 -0.035213
-0.004419 0.421719 1.439587 0.690213 0.096390 0.716282 -0.035435
-0.004178 0.422069 1.439381 0.690257 0.096541 0.716208 -0.035646
-0.003935 0.422411 1.439177 0.690302 0.096686 0.716136 -0.035845
-0.003691 0.422744 1.438977 0.690347 0.096822 0.716064 -0.036034
-0.003447 0.423068 1.438781 0.690392 0.096951 0.715994 -0.036213
-0.003202 0.423385 1.438588 0.690438 0.097072 0.715925 -0.036381
-0.002958 0.423693 1.438398 0.690484 0.097187 0.715857 -0.036540
-0.002714 0.423994 1.438213 0.690530 0.097294 0.715791 -0.036689
-0.002470 0.424287 1.438030 0.690576 0.097396 0.715725 -0.036831
-0.002228 0.424572 1.437852 0.690622 0.097491 0.715661 -0.036964
-0.001986 0.424851 1.437676 0.690667 0.097581 0.715598 -0.037089
-0.001746 0.425123 1.437505 0.690713 0.097665 0.715537 -0.037207
-0.001507 0.425388 1.437336 0.690759 0.097744 0.715476 -0.037318
-0.001270 0.425646 1.437171 0.690804 0.097818 0.715416 -0.037423
-0.001035 0.425899 1.437009 0.690850 0.097887 0.715358 -0.037522
-0.000802 0.426145 1.436850 0.690895 0.097953 0.715301 -0.037616
-0.000572 0.426386 1.436695 0.690940 0.098014 0.715244 -0.037704
-0.000343 0.426621 1.436542 0.690984 0.098071 0.715189 -0.037787
-0.000117 0.426851 1.436393 0.691029 0.098125 0.715134 -0.037865
0.000107 0.427075 1.436246 0.691073 0.098176 0.715080 -0.037940
0.000328 0.427294 1.436103 0.691117 0.098224 0.715027 -0.038010
0.000546 0.427509 1.435962 0.691161 0.098268 0.714975 -0.038076
0.000762 0.427719 1.435824 0.691205 0.098310 0.714924 -0.038139
0.000975 0.427924 1.435689 0.691248 0.098349 0.714874 -0.038198
0.001186 0.428124 1.435556 0.691291 0.098386 0.714825 -0.038254
0.001393 0.428321 1.435426 0.691333 0.098420 0.714776 -0.038307
0.001598 0.428513 1.435299 0.691375 0.098453 0.714728 -0.038357
0.001799 0.428701 1.435174 0.691417 0.098483 0.714681 -0.038405
0.001997 0.428973 1.434998 0.691405 0.098375 0.714697 -0.038581
0.002188 0.429305 1.434797 0.691381 0.098344 0.714716 -0.038767
0.002376 0.429678 1.434580 0.691362 0.098381 0.714717 -0.038975
0.002562 0.430079 1.434354 0.691355 0.098463 0.714700 -0.039211
0.002748 0.430497 1.434122 0.691359 0.098572 0.714666 -0.039473
0.002937 0.430925 1.433889 0.691373 0.098699 0.714620 -0.039753
0.003129 0.431359 1.433655 0.691395 0.098834 0.714564 -0.040044
0.003326 0.431793 1.433422 0.691424 0.098972 0.714500 -0.040339
0.003529 0.432226 1.433191 0.691458 0.099110 0.714431 -0.040635
0.003738 0.432655 1.432963 0.691496 0.099244 0.714360 -0.040926
0.003953 0.433076 1.432739 0.691536 0.099372 0.714286 -0.041209
0.004173 0.433490 1.432518 0.691579 0.099492 0.714212 -0.041483
0.004398 0.433895 1.432302 0.691623 0.099604 0.714139 -0.041746
0.004626 0.434291 1.432090 0.691667 0.099707 0.714066 -0.041997
0.004858 0.434677 1.431883 0.691713 0.099801 0.713995 -0.042236
0.005094 0.435053 1.431680 0.691759 0.099887 0.713925 -0.042463
0.005332 0.435420 1.431482 0.691805 0.099964 0.713857 -0.042678
0.005572 0.435778 1.431288 0.691851 0.100033 0.713791 -0.042882
0.005813 0.436126 1.431098 0.691897 0.100094 0.713726 -0.043074
0.006056 0.436465 1.430913 0.691943 0.100148 0.713663 -0.043255
0.006300 0.436796 1.430731 0.691989 0.100196 0.713601 -0.043427
0.006544 0.437118 1.430554 0.692035 0.100237 0.713541 -0.043589
0.006788 0.437431 1.430380 0.692081 0.100272 0.713482 -0.043741
0.007033 0.437737 1.430210 0.692127 0.100302 0.713424 -0.043885
0.007276 0.438036 1.430044 0.692172 0.100327 0.713368 -0.044021
0.007519 0.438327 1.429882 0.692218 0.100347 0.713313 -0.044149
0.007761 0.438610 1.429723 0.692263 0.100363 0.713260 -0.044270
0.008001 0.438887 1.429567 0.692308 0.100375 0.713207 -0.044384
0.008240 0.439158 1.429415 0.692353 0.100383 0.713156 -0.044492
0.008477 0.439421 1.429266 0.692398 0.100388 0.713105 -0.044594
0.008713 0.439679 1.429120 0.692442 0.100390 0.713056 -0.044690
0.008946 0.439931 1.428978 0.692486 0.100389 0.713007 -0.044781
0.009177 0.440177 1.428838 0.692530 0.100385 0.712960 -0.044867
0.009406 0.440417 1.428701 0.692574 0.100379 0.712913 -0.044949
0.009633 0.440652 1.428567 0.692618 0.100371 0.712867 -0.045026
0.009857 0.440881 1.428436 0.692661 0.100361 0.712822 -0.045100
0.010079 0.441106 1.428308 0.692704 0.100350 0.712777 -0.045169
0.010298 0.441326 1.428182 0.692746 0.100336 0.712733 -0.045235
0.010514 0.441541 1.428059 0.692789 0.100321 0.712690 -0.045298
0.010727 0.441751 1.427939 0.692831 0.100306 0.712648 -0.045357
0.010936 0.442042 1.427761 0.692826 0.100154 0.712662 -0.045543
0.011138 0.442390 1.427558 0.692821 0.100070 0.712665 -0.045755
0.011335 0.442776 1.427338 0.692827 0.100050 0.712646 -0.045997
0.011530 0.443187 1.427107 0.692847 0.100073 0.712606 -0.046271
0.011724 0.443615 1.426871 0.692879 0.100124 0.712549 -0.046571
0.011919 0.444052 1.426631 0.692921 0.100193 0.712477 -0.046889
0.012118 0.444492 1.426390 0.692970 0.100273 0.712396 -0.047217
0.012320 0.444934 1.426150 0.693026 0.100359 0.712308 -0.047548
0.012529 0.445373 1.425911 0.693086 0.100447 0.712215 -0.047879
0.012743 0.445807 1.425673 0.693150 0.100534 0.712118 -0.048204
0.012965 0.446236 1.425439 0.693217 0.100618 0.712019 -0.048522
0.013192 0.446657 1.425208 0.693286 0.100695 0.711920 -0.048829
0.013425 0.447068 1.424980 0.693356 0.100766 0.711822 -0.049125
0.013663 0.447471 1.424757 0.693427 0.100828 0.711725 -0.049407
0.013906 0.447863 1.424539 0.693497 0.100883 0.711630 -0.049676
0.014153 0.448245 1.424324 0.693568 0.100930 0.711536 -0.049931
0.014403 0.448617 1.424114 0.693638 0.100968 0.711445 -0.050172
0.014656 0.448979 1.423909 0.693708 0.101000 0.711356 -0.050401
0.014911 0.449332 1.423708 0.693778 0.101023 0.711270 -0.050617
0.015167 0.449675 1.423511 0.693847 0.101041 0.711186 -0.050821
0.015426 0.450009 1.423319 0.693915 0.101051 0.711104 -0.051013
0.015685 0.450334 1.423131 0.693983 0.101056 0.711024 -0.051194
0.015944 0.450650 1.422947 0.694050 0.101055 0.710946 -0.051365
0.016204 0.450959 1.422767 0.694117 0.101049 0.710870 -0.051526
0.016464 0.451259 1.422591 0.694183 0.101038 0.710796 -0.051678
0.016723 0.451551 1.422418 0.694248 0.101023 0.710724 -0.051822
0.016981 0.451837 1.422250 0.694313 0.101004 0.710654 -0.051957
0.017238 0.452115 1.422085 0.694377 0.100982 0.710585 -0.052085
0.017493 0.452386 1.421923 0.694440 0.100956 0.710518 -0.052206
0.017748 0.452650 1.421766 0.694503 0.100927 0.710452 -0.052320
0.018000 0.452909 1.421611 0.694565 0.100896 0.710388 -0.052428
0.018250 0.453161 1.421460 0.694626 0.100862 0.710325 -0.052530
0.018498 0.453407 1.421312 0.694687 0.100827 0.710263 -0.052627
0.018744 0.453647 1.421167 0.694747 0.100789 0.710203 -0.052719
0.018987 0.453882 1.421026 0.694807 0.100750 0.710144 -0.052805
0.019228 0.454112 1.420887 0.694865 0.100709 0.710086 -0.052888
0.019466 0.454336 1.420751 0.694924 0.100667 0.710030 -0.052966
0.019701 0.454556 1.420619 0.694981 0.100624 0.709974 -0.053040
0.019934 0.454771 1.420489 0.695038 0.100580 0.709919 -0.053111
0.020163 0.454981 1.420361 0.695094 0.100536 0.709866 -0.053178
0.020391 0.455266 1.420178 0.695107 0.100391 0.709862 -0.053335
0.020613 0.455604 1.419963 0.695127 0.100314 0.709840 -0.053507
0.020830 0.455979 1.419729 0.695162 0.100296 0.709793 -0.053707
0.021045 0.456378 1.419481 0.695215 0.100317 0.709721 -0.053938
0.021259 0.456791 1.419224 0.695281 0.100366 0.709630 -0.054193
0.021475 0.457212 1.418963 0.695358 0.100433 0.709524 -0.054465
0.021693 0.457635 1.418698 0.695443 0.100512 0.709407 -0.054747
0.021915 0.458059 1.418433 0.695535 0.100597 0.709284 -0.055031
0.022143 0.458480 1.418167 0.695631 0.100686 0.709155 -0.055314
0.022376 0.458896 1.417903 0.695730 0.100774 0.709023 -0.055592
0.022617 0.459305 1.417640 0.695832 0.100859 0.708889 -0.055863
0.022863 0.459708 1.417381 0.695936 0.100940 0.708756 -0.056124
0.023116 0.460101 1.417125 0.696040 0.101014 0.708623 -0.056372
0.023374 0.460484 1.416873 0.696144 0.101081 0.708493 -0.056608
0.023636 0.460857 1.416625 0.696247 0.101140 0.708365 -0.056831
0.023903 0.461221 1.416382 0.696350 0.101191 0.708240 -0.057041
0.024173 0.461574 1.416144 0.696451 0.101234 0.708118 -0.057238
0.024446 0.461918 1.415910 0.696551 0.101270 0.708000 -0.057421
0.024721 0.462251 1.415681 0.696650 0.101298 0.707885 -0.057593
0.024998 0.462576 1.415456 0.696747 0.101320 0.707773 -0.057753
0.025277 0.462891 1.415236 0.696843 0.101335 0.707664 -0.057902
0.025557 0.463198 1.415021 0.696938 0.101343 0.707558 -0.058040
0.025837 0.463496 1.414810 0.697030 0.101346 0.707456 -0.058169
0.026117 0.463786 1.414604 0.697122 0.101344 0.707356 -0.058288
0.026397 0.464068 1.414401 0.697212 0.101337 0.707259 -0.058399
0.026677 0.464343 1.414203 0.697301 0.101326 0.707165 -0.058502
0.026955 0.464610 1.414009 0.697388 0.101310 0.707073 -0.058598
0.027233 0.464871 1.413820 0.697474 0.101291 0.706983 -0.058686
0.027508 0.465124 1.413634 0.697559 0.101268 0.706896 -0.058768
0.027783 0.465372 1.413452 0.697643 0.101242 0.706811 -0.058844
0.028055 0.465613 1.413274 0.697725 0.101214 0.706728 -0.058914
0.028325 0.465848 1.413099 0.697806 0.101183 0.706647 -0.058979
0.028593 0.466078 1.412929 0.697886 0.101149 0.706568 -0.059039
0.028858 0.466302 1.412762 0.697964 0.101114 0.706491 -0.059095
0.029121 0.466520 1.412598 0.698042 0.101077 0.706416 -0.059147
0.029381 0.466734 1.412438 0.698118 0.101038 0.706342 -0.059194
0.029638 0.466943 1.412281 0.698193 0.100998 0.706270 -0.059239
0.029892 0.467147 1.412127 0.698267 0.100957 0.706199 -0.059280
0.030143 0.467346 1.411976 0.698340 0.100915 0.706130 -0.059318
0.030391 0.467541 1.411829 0.698411 0.100872 0.706062 -0.059353
0.030638 0.467805 1.411633 0.698437 0.100779 0.706041 -0.059469
0.030882 0.468120 1.411414 0.698441 0.100805 0.706025 -0.059558
0.031122 0.468468 1.411182 0.698448 0.100909 0.705995 -0.059657
0.031362 0.468838 1.410943 0.698465 0.101057 0.705946 -0.059781
0.031605 0.469219 1.410702 0.698494 0.101229 0.705881 -0.059927
0.031850 0.469608 1.410460 0.698532 0.101412 0.705803 -0.060090
0.032101 0.469998 1.410220 0.698577 0.101600 0.705716 -0.060263
0.032357 0.470386 1.409982 0.698628 0.101785 0.705624 -0.060439
0.032617 0.470769 1.409748 0.698683 0.101965 0.705529 -0.060615
0.032883 0.471145 1.409518 0.698740 0.102137 0.705433 -0.060787
0.033153 0.471514 1.409293 0.698798 0.102300 0.705338 -0.060953
0.033427 0.471874 1.409073 0.698857 0.102452 0.705244 -0.061110
0.033705 0.472225 1.408858 0.698915 0.102595 0.705152 -0.061259
0.033985 0.472567 1.408647 0.698974 0.102728 0.705062 -0.061398
0.034268 0.472900 1.408442 0.699032 0.102851 0.704975 -0.061528
0.034553 0.473224 1.408242 0.699090 0.102965 0.704891 -0.061648
0.034840 0.473538 1.408046 0.699147 0.103070 0.704809 -0.061760
0.035128 0.473845 1.407855 0.699203 0.103165 0.704730 -0.061862
0.035416 0.474143 1.407668 0.699259 0.103253 0.704654 -0.061957
0.035704 0.474433 1.407486 0.699314 0.103333 0.704580 -0.062043
0.035993 0.474715 1.407307 0.699369 0.103406 0.704508 -0.062122
0.036281 0.474989 1.407133 0.699423 0.103472 0.704438 -0.062194
0.036568 0.475257 1.406963 0.699476 0.103532 0.704371 -0.062260
0.036854 0.475517 1.406797 0.699528 0.103586 0.704305 -0.062319
0.037139 0.475770 1.406635 0.699581 0.103635 0.704242 -0.062373
0.037422 0.476017 1.406476 0.699632 0.103678 0.704180 -0.062422
0.037704 0.476258 1.406321 0.699683 0.103717 0.704120 -0.062466
0.037983 0.476493 1.406169 0.699734 0.103751 0.704061 -0.062505
0.038260 0.476722 1.406021 0.699784 0.103781 0.704004 -0.062540
0.038535 0.476946 1.405876 0.699833 0.103807 0.703948 -0.062572
0.038806 0.477164 1.405734 0.699882 0.103830 0.703893 -0.062600
0.039076 0.477377 1.405595 0.699930 0.103849 0.703840 -0.062624
0.039342 0.477585 1.405460 0.699978 0.103866 0.703788 -0.062646
0.039605 0.477788 1.405327 0.700026 0.103880 0.703737 -0.062665
0.039865 0.477986 1.405197 0.700073 0.103891 0.703687 -0.062682
0.040122 0.478180 1.405071 0.700119 0.103900 0.703638 -0.062697
0.040376 0.478370 1.404946 0.700165 0.103906 0.703590 -0.062709
0.040626 0.478556 1.404825 0.700211 0.103911 0.703543 -0.062720
0.040873 0.478737 1.404706 0.700256 0.103914 0.703497 -0.062729
0.041116 0.478915 1.404590 0.700301 0.103915 0.703452 -0.062736
0.041362 0.479161 1.404424 0.700321 0.103854 0.703429 -0.062867
0.041610 0.479451 1.404235 0.700341 0.103873 0.703394 -0.063007
0.041861 0.479771 1.404033 0.700372 0.103948 0.703338 -0.063167
0.042117 0.480107 1.403823 0.700417 0.104055 0.703261 -0.063350
0.042380 0.480453 1.403609 0.700473 0.104178 0.703168 -0.063549
0.042650 0.480801 1.403394 0.700539 0.104308 0.703064 -0.063759
0.042930 0.481149 1.403179 0.700613 0.104438 0.702953 -0.063971
0.043219 0.481494 1.402966 0.700691 0.104563 0.702837 -0.064182
0.043518 0.481833 1.402755 0.700773 0.104682 0.702718 -0.064387
0.043826 0.482164 1.402547 0.700858 0.104791 0.702600 -0.064583
0.044144 0.482487 1.402343 0.700944 0.104888 0.702483 -0.064767
0.044470 0.482799 1.402143 0.701029 0.104974 0.702369 -0.064938
0.044802 0.483102 1.401948 0.701114 0.105048 0.702258 -0.065094
0.045142 0.483394 1.401757 0.701198 0.105109 0.702152 -0.065237
0.045487 0.483676 1.401571 0.701281 0.105159 0.702050 -0.065366
0.045836 0.483948 1.401389 0.701362 0.105198 0.701952 -0.065480
0.046190 0.484211 1.401211 0.701442 0.105226 0.701858 -0.065582
0.046547 0.484464 1.401038 0.701521 0.105245 0.701769 -0.065671
0.046907 0.484708 1.400869 0.701598 0.105254 0.701683 -0.065748
0.047268 0.484943 1.400705 0.701673 0.105254 0.701601 -0.065815
0.047631 0.485170 1.400544 0.701748 0.105247 0.701523 -0.065871
0.047995 0.485389 1.400387 0.701820 0.105232 0.701448 -0.065917
0.048359 0.485601 1.400234 0.701892 0.105210 0.701376 -0.065955
0.048723 0.485805 1.400085 0.701962 0.105182 0.701308 -0.065984
0.049086 0.486003 1.399939 0.702031 0.105148 0.701242 -0.066006
0.049448 0.486194 1.399797 0.702098 0.105110 0.701179 -0.066021
0.049809 0.486379 1.399658 0.702165 0.105066 0.701118 -0.066030
0.050168 0.486559 1.399522 0.702230 0.105018 0.701059 -0.066033
0.050524 0.486732 1.399390 0.702294 0.104967 0.701003 -0.066031
0.050878 0.486900 1.399261 0.702357 0.104912 0.700949 -0.066024
0.051230 0.487064 1.399134 0.702419 0.104853 0.700896 -0.066012
0.051578 0.487222 1.399011 0.702480 0.104793 0.700845 -0.065997
0.051923 0.487376 1.398891 0.702540 0.104729 0.700796 -0.065978
0.052265 0.487525 1.398773 0.702599 0.104664 0.700749 -0.065957
0.052604 0.487671 1.398658 0.702658 0.104597 0.700703 -0.065932
0.052938 0.487812 1.398546 0.702715 0.104528 0.700658 -0.065905
0.053269 0.487950 1.398436 0.702771 0.104459 0.700615 -0.065876
0.053595 0.488083 1.398329 0.702827 0.104388 0.700573 -0.065845
0.053918 0.488214 1.398224 0.702882 0.104316 0.700532 -0.065812
0.054236 0.488341 1.398122 0.702935 0.104243 0.700492 -0.065777
0.054552 0.488538 1.397968 0.702956 0.104152 0.700477 -0.065857
0.054865 0.488783 1.397790 0.702988 0.104122 0.700437 -0.065996
0.055176 0.489059 1.397599 0.703036 0.104151 0.700367 -0.066173
0.055490 0.489353 1.397400 0.703102 0.104215 0.700272 -0.066380
0.055806 0.489658 1.397198 0.703180 0.104298 0.700159 -0.066608
0.056128 0.489967 1.396995 0.703269 0.104390 0.700033 -0.066849
0.056457 0.490277 1.396792 0.703365 0.104483 0.699899 -0.067096
0.056792 0.490584 1.396591 0.703467 0.104574 0.699760 -0.067343
0.057136 0.490887 1.396392 0.703572 0.104659 0.699618 -0.067584
0.057488 0.491184 1.396196 0.703680 0.104737 0.699475 -0.067818
0.057848 0.491473 1.396003 0.703789 0.104805 0.699334 -0.068041
0.058215 0.491753 1.395815 0.703897 0.104862 0.699195 -0.068252
0.058588 0.492023 1.395631 0.704005 0.104908 0.699061 -0.068449
0.058967 0.492284 1.395452 0.704111 0.104943 0.698931 -0.068631
0.059350 0.492536 1.395277 0.704215 0.104967 0.698806 -0.068799
0.059737 0.492778 1.395106 0.704317 0.104981 0.698686 -0.068953
0.060128 0.493011 1.394940 0.704417 0.104984 0.698570 -0.069094
0.060521 0.493235 1.394778 0.704516 0.104979 0.698460 -0.069221
0.060916 0.493451 1.394620 0.704611 0.104965 0.698354 -0.069336
0.061313 0.493658 1.394466 0.704705 0.104942 0.698252 -0.069439
0.061710 0.493857 1.394316 0.704797 0.104913 0.698155 -0.069531
0.062107 0.494049 1.394170 0.704887 0.104876 0.698061 -0.069613
0.062505 0.494234 1.394027 0.704975 0.104833 0.697972 -0.069685
0.062901 0.494412 1.393888 0.705061 0.104784 0.697886 -0.069748
0.063296 0.494584 1.393753 0.705145 0.104730 0.697804 -0.069803
0.063689 0.494750 1.393621 0.705227 0.104672 0.697724 -0.069851
0.064081 0.494909 1.393492 0.705308 0.104609 0.697648 -0.069891
0.064470 0.495064 1.393366 0.705387 0.104542 0.697575 -0.069924
0.064856 0.495213 1.393243 0.705465 0.104472 0.697504 -0.069952
0.065240 0.495357 1.393124 0.705541 0.104399 0.697436 -0.069974
0.065620 0.495496 1.393007 0.705616 0.104323 0.697370 -0.069991
0.065997 0.495631 1.392893 0.705689 0.104245 0.697306 -0.070004
0.066370 0.495762 1.392781 0.705761 0.104165 0.697244 -0.070012
0.066739 0.495888 1.392672 0.705832 0.104083 0.697185 -0.070017
0.067104 0.496011 1.392566 0.705901 0.103999 0.697127 -0.070018
0.067465 0.496130 1.392462 0.705969 0.103915 0.697071 -0.070016
0.067822 0.496246 1.392361 0.706036 0.103829 0.697016 -0.070011
0.068174 0.496358 1.392262 0.706101 0.103743 0.696963 -0.070003
0.068521 0.496468 1.392165 0.706166 0.103656 0.696912 -0.069993
0.068864 0.496574 1.392071 0.706229 0.103568 0.696862 -0.069982
0.069204 0.496751 1.391921 0.706243 0.103507 0.696850 -0.070052
0.069541 0.496973 1.391739 0.706244 0.103568 0.696834 -0.070111
0.069877 0.497221 1.391538 0.706254 0.103712 0.696796 -0.070179
0.070215 0.497486 1.391325 0.706278 0.103903 0.696734 -0.070264
0.070557 0.497758 1.391105 0.706315 0.104118 0.696655 -0.070364
0.070903 0.498033 1.390881 0.706363 0.104343 0.696561 -0.070475
0.071256 0.498307 1.390654 0.706420 0.104570 0.696458 -0.070590
0.071617 0.498577 1.390427 0.706483 0.104793 0.696348 -0.070704
0.071985 0.498841 1.390200 0.706551 0.105010 0.696235 -0.070813
0.072362 0.499099 1.389974 0.706624 0.105218 0.696120 -0.070916
0.072747 0.499349 1.389750 0.706699 0.105415 0.696004 -0.071009
0.073142 0.499590 1.389529 0.706777 0.105600 0.695889 -0.071092
0.073544 0.499822 1.389310 0.706855 0.105771 0.695776 -0.071164
0.073953 0.500045 1.389096 0.706934 0.105928 0.695666 -0.071222
0.074369 0.500257 1.388885 0.707012 0.106072 0.695560 -0.071267
0.074789 0.500459 1.388678 0.707089 0.106202 0.695459 -0.071299
0.075214 0.500652 1.388476 0.707165 0.106319 0.695361 -0.071318
0.075643 0.500835 1.388278 0.707240 0.106423 0.695268 -0.071325
0.076075 0.501010 1.388084 0.707314 0.106515 0.695180 -0.071320
0.076509 0.501176 1.387895 0.707386 0.106596 0.695095 -0.071305
0.076944 0.501334 1.387709 0.707457 0.106666 0.695015 -0.071280
0.077380 0.501484 1.387528 0.707527 0.106726 0.694938 -0.071245
0.077816 0.501628 1.387351 0.707595 0.106777 0.694866 -0.071202
0.078253 0.501764 1.387178 0.707662 0.106819 0.694796 -0.071152
0.078688 0.501894 1.387009 0.707728 0.106853 0.694730 -0.071094
0.079122 0.502018 1.386844 0.707792 0.106879 0.694666 -0.071031
0.079554 0.502136 1.386683 0.707856 0.106897 0.694606 -0.070962
0.079984 0.502249 1.386526 0.707918 0.106910 0.694548 -0.070887
0.080411 0.502357 1.386372 0.707980 0.106916 0.694493 -0.070809
0.080836 0.502460 1.386222 0.708040 0.106917 0.694439 -0.070726
0.081257 0.502559 1.386075 0.708099 0.106913 0.694388 -0.070640
0.081674 0.502653 1.385932 0.708157 0.106903 0.694339 -0.070551
0.082088 0.502744 1.385792 0.708215 0.106890 0.694292 -0.070460
0.082498 0.502831 1.385656 0.708271 0.106872 0.694247 -0.070366
0.082904 0.502915 1.385522 0.708327 0.106851 0.694203 -0.070271
0.083305 0.502995 1.385392 0.708382 0.106827 0.694161 -0.070175
0.083701 0.503072 1.385264 0.708435 0.106800 0.694120 -0.070077
0.084093 0.503147 1.385140 0.708489 0.106770 0.694080 -0.069978
0.084480 0.503219 1.385019 0.708541 0.106737 0.694042 -0.069879
0.084861 0.503288 1.384900 0.708592 0.106703 0.694004 -0.069780
0.085235 0.503435 1.384728 0.708609 0.106632 0.693991 -0.069853
0.085600 0.503636 1.384536 0.708618 0.106705 0.693963 -0.069935
0.085959 0.503873 1.384336 0.708637 0.106866 0.693907 -0.070046
0.086314 0.504133 1.384134 0.708672 0.107074 0.693825 -0.070193
0.086669 0.504406 1.383933 0.708720 0.107302 0.693722 -0.070369
0.087026 0.504687 1.383736 0.708779 0.107537 0.693606 -0.070566
0.087387 0.504970 1.383544 0.708846 0.107771 0.693480 -0.070777
0.087752 0.505252 1.383358 0.708918 0.107998 0.693348 -0.070994
0.088122 0.505532 1.383176 0.708994 0.108215 0.693214 -0.071213
0.088499 0.505807 1.383000 0.709073 0.108422 0.693078 -0.071430
0.088883 0.506076 1.382830 0.709155 0.108615 0.692943 -0.071641
0.089275 0.506339 1.382664 0.709237 0.108795 0.692809 -0.071846
0.089674 0.506595 1.382504 0.709321 0.108962 0.692677 -0.072042
0.090081 0.506843 1.382348 0.709405 0.109114 0.692547 -0.072228
0.090495 0.507082 1.382198 0.709489 0.109251 0.692421 -0.072403
0.090915 0.507311 1.382052 0.709572 0.109373 0.692300 -0.072564
0.091341 0.507531 1.381912 0.709653 0.109481 0.692184 -0.072713
0.091771 0.507742 1.381776 0.709733 0.109575 0.692074 -0.072848
0.092205 0.507944 1.381645 0.709810 0.109655 0.691968 -0.072970
0.092642 0.508137 1.381518 0.709886 0.109723 0.691869 -0.073080
0.093082 0.508321 1.381396 0.709959 0.109780 0.691774 -0.073177
0.093523 0.508496 1.381278 0.710031 0.109825 0.691684 -0.073262
0.093965 0.508664 1.381164 0.710101 0.109860 0.691599 -0.073337
0.094408 0.508825 1.381053 0.710169 0.109886 0.691519 -0.073401
0.094850 0.508978 1.380946 0.710235 0.109902 0.691442 -0.073456
0.095292 0.509125 1.380843 0.710299 0.109911 0.691370 -0.073501
0.095732 0.509265 1.380743 0.710363 0.109912 0.691301 -0.073539
0.096171 0.509399 1.380646 0.710424 0.109906 0.691235 -0.073569
0.096608 0.509527 1.380552 0.710484 0.109893 0.691173 -0.073592
0.097043 0.509650 1.380461 0.710543 0.109875 0.691114 -0.073608
0.097475 0.509768 1.380373 0.710601 0.109851 0.691057 -0.073619
0.097903 0.509881 1.380287 0.710657 0.109823 0.691003 -0.073624
0.098329 0.509990 1.380204 0.710712 0.109789 0.690952 -0.073624
0.098750 0.510094 1.380124 0.710766 0.109752 0.690903 -0.073619
0.099168 0.510195 1.380046 0.710819 0.109711 0.690855 -0.073611
0.099581 0.510291 1.379970 0.710871 0.109667 0.690810 -0.073599
0.099990 0.510384 1.379897 0.710922 0.109620 0.690767 -0.073584
0.100395 0.510474 1.379825 0.710972 0.109570 0.690725 -0.073565
0.100794 0.510560 1.379756 0.711021 0.109518 0.690685 -0.073544
0.101189 0.510644 1.379689 0.711069 0.109464 0.690647 -0.073521
0.101579 0.510799 1.379557 0.711085 0.109329 0.690635 -0.073679
0.101961 0.511001 1.379389 0.711102 0.109307 0.690603 -0.073845
0.102338 0.511231 1.379200 0.711137 0.109365 0.690538 -0.074030
0.102711 0.511477 1.378996 0.711191 0.109470 0.690443 -0.074238
0.103083 0.511733 1.378783 0.711262 0.109602 0.690325 -0.074466
0.103455 0.511991 1.378564 0.711347 0.109747 0.690188 -0.074706
0.103831 0.512249 1.378341 0.711442 0.109898 0.690040 -0.074950
0.104209 0.512503 1.378116 0.711544 0.110050 0.689884 -0.075195
0.104593 0.512752 1.377890 0.711652 0.110199 0.689722 -0.075435
0.104982 0.512995 1.377664 0.711765 0.110343 0.689558 -0.075668
0.105377 0.513230 1.377439 0.711880 0.110481 0.689392 -0.075891
0.105779 0.513458 1.377215 0.711998 0.110611 0.689226 -0.076104
0.106187 0.513678 1.376993 0.712118 0.110731 0.689060 -0.076305
0.106603 0.513889 1.376773 0.712240 0.110842 0.688896 -0.076494
0.107027 0.514091 1.376555 0.712362 0.110943 0.688733 -0.076670
0.107458 0.514285 1.376340 0.712486 0.111033 0.688572 -0.076833
0.107898 0.514470 1.376127 0.712611 0.111113 0.688414 -0.076983
0.108346 0.514646 1.375918 0.712736 0.111181 0.688258 -0.077120
0.108802 0.514814 1.375711 0.712861 0.111237 0.688105 -0.077243
0.109266 0.514973 1.375508 0.712988 0.111282 0.687955 -0.077353
0.109739 0.515123 1.375308 0.713114 0.111315 0.687807 -0.077450
0.110220 0.515264 1.375112 0.713240 0.111336 0.687664 -0.077534
0.110707 0.515396 1.374920 0.713365 0.111344 0.687525 -0.077604
0.111201 0.515518 1.374732 0.713487 0.111341 0.687392 -0.077659
0.111699 0.515632 1.374549 0.713608 0.111325 0.687265 -0.077700
0.112202 0.515736 1.374370 0.713726 0.111298 0.687144 -0.077728
0.112707 0.515832 1.374196 0.713841 0.111261 0.687028 -0.077742
0.113216 0.515919 1.374026 0.713954 0.111213 0.686919 -0.077744
0.113725 0.515999 1.373861 0.714064 0.111157 0.686815 -0.077736
0.114236 0.516072 1.373700 0.714171 0.111092 0.686716 -0.077716
0.114747 0.516138 1.373543 0.714275 0.111019 0.686623 -0.077687
0.115257 0.516198 1.373391 0.714377 0.110940 0.686534 -0.077648
0.115767 0.516253 1.373243 0.714476 0.110853 0.686450 -0.077602
0.116275 0.516301 1.373098 0.714573 0.110761 0.686370 -0.077548
0.116781 0.516345 1.372958 0.714667 0.110663 0.686294 -0.077487
0.117284 0.516384 1.372821 0.714760 0.110561 0.686222 -0.077421
0.117785 0.516419 1.372687 0.714850 0.110454 0.686154 -0.077349
0.118282 0.516450 1.372558 0.714937 0.110343 0.686089 -0.077272
0.118775 0.516477 1.372431 0.715023 0.110229 0.686027 -0.077191
0.119264 0.516500 1.372308 0.715107 0.110112 0.685968 -0.077106
0.119745 0.516597 1.372133 0.715145 0.109945 0.685949 -0.077157
0.120211 0.516749 1.371938 0.715184 0.109872 0.685911 -0.077245
0.120665 0.516939 1.371735 0.715238 0.109870 0.685840 -0.077372
0.121107 0.517152 1.371531 0.715311 0.109908 0.685739 -0.077540
0.121542 0.517382 1.371330 0.715399 0.109966 0.685615 -0.077744
0.121971 0.517621 1.371132 0.715498 0.110035 0.685474 -0.077974
0.122398 0.517865 1.370939 0.715606 0.110106 0.685322 -0.078222
0.122822 0.518111 1.370752 0.715719 0.110177 0.685162 -0.078482
0.123246 0.518357 1.370569 0.715837 0.110244 0.684999 -0.078747
0.123671 0.518600 1.370392 0.715956 0.110307 0.684833 -0.079014
0.124097 0.518840 1.370221 0.716077 0.110363 0.684666 -0.079279
0.124526 0.519076 1.370054 0.716199 0.110412 0.684500 -0.079541
0.124958 0.519306 1.369891 0.716322 0.110454 0.684336 -0.079798
0.125395 0.519530 1.369733 0.716445 0.110488 0.684172 -0.080047
0.125835 0.519748 1.369579 0.716568 0.110513 0.684011 -0.080288
0.126281 0.519959 1.369430 0.716690 0.110530 0.683853 -0.080521
0.126731 0.520163 1.369283 0.716813 0.110538 0.683696 -0.080743
0.127188 0.520360 1.369141 0.716936 0.110537 0.683543 -0.080956
0.127651 0.520549 1.369002 0.717058 0.110527 0.683392 -0.081157
0.128120 0.520730 1.368866 0.717181 0.110507 0.683244 -0.081348
0.128595 0.520904 1.368733 0.717303 0.110478 0.683099 -0.081527
0.129077 0.521069 1.368604 0.717424 0.110440 0.682958 -0.081694
0.129567 0.521227 1.368477 0.717546 0.110392 0.682819 -0.081850
0.130063 0.521376 1.368354 0.717668 0.110335 0.682683 -0.081994
0.130566 0.521517 1.368233 0.717788 0.110268 0.682552 -0.082125
0.131074 0.521648 1.368116 0.717907 0.110190 0.682425 -0.082242
0.131588 0.521771 1.368003 0.718023 0.110103 0.682305 -0.082346
0.132105 0.521884 1.367893 0.718136 0.110006 0.682190 -0.082437
0.132625 0.521989 1.367788 0.718247 0.109900 0.682081 -0.082513
0.133148 0.522086 1.367685 0.718354 0.109786 0.681979 -0.082577
0.133672 0.522174 1.367586 0.718459 0.109664 0.681882 -0.082629
0.134197 0.522256 1.367491 0.718560 0.109535 0.681791 -0.082669
0.134723 0.522330 1.367399 0.718658 0.109400 0.681706 -0.082699
0.135247 0.522398 1.367310 0.718753 0.109260 0.681626 -0.082718
0.135771 0.522460 1.367224 0.718846 0.109114 0.681550 -0.082729
0.136294 0.522516 1.367141 0.718936 0.108963 0.681479 -0.082730
0.136814 0.522567 1.367061 0.719023 0.108809 0.681413 -0.082724
0.137331 0.522612 1.366984 0.719108 0.108651 0.681350 -0.082711
0.137846 0.522653 1.366909 0.719190 0.108491 0.681291 -0.082691
0.138357 0.522690 1.366837 0.719270 0.108327 0.681236 -0.082665
0.138864 0.522791 1.366708 0.719292 0.108152 0.681237 -0.082698
0.139363 0.522935 1.366555 0.719307 0.108045 0.681233 -0.082736
0.139852 0.523107 1.366390 0.719334 0.107994 0.681206 -0.082793
0.140333 0.523296 1.366218 0.719378 0.107974 0.681153 -0.082877
0.140808 0.523494 1.366044 0.719436 0.107970 0.681078 -0.082986
0.141278 0.523698 1.365868 0.719506 0.107975 0.680988 -0.083115
0.141746 0.523903 1.365693 0.719585 0.107983 0.680885 -0.083255
0.142211 0.524108 1.365518 0.719671 0.107993 0.680775 -0.083403
0.142677 0.524310 1.365346 0.719762 0.108001 0.680659 -0.083554
0.143143 0.524508 1.365175 0.719857 0.108006 0.680540 -0.083706
0.143610 0.524701 1.365006 0.719954 0.108008 0.680418 -0.083855
0.144080 0.524889 1.364840 0.720053 0.108005 0.680296 -0.084000
0.144553 0.525071 1.364676 0.720155 0.107996 0.680172 -0.084140
0.145029 0.525246 1.364514 0.720257 0.107982 0.680049 -0.084274
0.145509 0.525415 1.364355 0.720361 0.107961 0.679927 -0.084401
0.145993 0.525576 1.364198 0.720466 0.107934 0.679805 -0.084519
0.146482 0.525730 1.364044 0.720572 0.107899 0.679685 -0.084630
0.146976 0.525877 1.363892 0.720679 0.107857 0.679566 -0.084732
0.147476 0.526017 1.363743 0.720786 0.107807 0.679448 -0.084825
0.147981 0.526148 1.363596 0.720894 0.107749 0.679332 -0.084910
0.148492 0.526272 1.363452 0.721002 0.107683 0.679219 -0.084984
0.149010 0.526389 1.363311 0.721111 0.107609 0.679107 -0.085049
0.149534 0.526497 1.363172 0.721220 0.107527 0.678997 -0.085105
0.150064 0.526597 1.363036 0.721329 0.107436 0.678890 -0.085151
0.150601 0.526690 1.362902 0.721438 0.107337 0.678785 -0.085187
0.151144 0.526774 1.362772 0.721548 0.107229 0.678682 -0.085213
0.151694 0.526851 1.362644 0.721657 0.107112 0.678583 -0.085228
0.152249 0.526919 1.362519 0.721764 0.106986 0.678488 -0.085233
0.152809 0.526978 1.362398 0.721870 0.106851 0.678398 -0.085226
0.153373 0.527028 1.362281 0.721973 0.106707 0.678313 -0.085207
0.153939 0.527071 1.362167 0.722073 0.106556 0.678235 -0.085177
0.154507 0.527105 1.362057 0.722169 0.106397 0.678161 -0.085136
0.155076 0.527133 1.361950 0.722263 0.106231 0.678094 -0.085085
0.155646 0.527153 1.361847 0.722354 0.106059 0.678031 -0.085024
0.156216 0.527167 1.361747 0.722442 0.105882 0.677974 -0.084955
0.156785 0.527176 1.361650 0.722527 0.105700 0.677922 -0.084877
0.157352 0.527178 1.361556 0.722610 0.105514 0.677874 -0.084792
0.157918 0.527176 1.361466 0.722689 0.105323 0.677830 -0.084700
0.158480 0.527169 1.361378 0.722767 0.105130 0.677789 -0.084602
0.159040 0.527157 1.361293 0.722841 0.104934 0.677753 -0.084499
0.159594 0.527217 1.361154 0.722858 0.104763 0.677769 -0.084433
0.160136 0.527324 1.360984 0.722856 0.104714 0.677793 -0.084330
0.160665 0.527463 1.360799 0.722863 0.104739 0.677792 -0.084237
0.161181 0.527623 1.360606 0.722889 0.104803 0.677763 -0.084174
0.161686 0.527794 1.360407 0.722932 0.104887 0.677708 -0.084142
0.162182 0.527972 1.360206 0.722990 0.104981 0.677632 -0.084135
0.162672 0.528154 1.360005 0.723060 0.105079 0.677541 -0.084148
0.163157 0.528337 1.359803 0.723138 0.105179 0.677439 -0.084173
0.163638 0.528518 1.359603 0.723223 0.105277 0.677329 -0.084208
0.164117 0.528697 1.359405 0.723312 0.105373 0.677213 -0.084249
0.164594 0.528873 1.359208 0.723407 0.105465 0.677093 -0.084292
0.165071 0.529044 1.359013 0.723504 0.105552 0.676970 -0.084337
0.165548 0.529211 1.358821 0.723604 0.105633 0.676845 -0.084382
0.166027 0.529372 1.358631 0.723706 0.105708 0.676718 -0.084425
0.166508 0.529527 1.358444 0.723811 0.105776 0.676591 -0.084465
0.166990 0.529676 1.358259 0.723917 0.105836 0.676463 -0.084502
0.167476 0.529818 1.358077 0.724024 0.105889 0.676336 -0.084534
0.167966 0.529954 1.357898 0.724133 0.105934 0.676209 -0.084562
0.168459 0.530083 1.357722 0.724242 0.105970 0.676083 -0.084585
0.168956 0.530205 1.357548 0.724353 0.105998 0.675959 -0.084602
0.169459 0.530320 1.357377 0.724464 0.106016 0.675835 -0.084613
0.169966 0.530427 1.357210 0.724576 0.106026 0.675713 -0.084618
0.170479 0.530527 1.357045 0.724689 0.106026 0.675592 -0.084616
0.170997 0.530619 1.356883 0.724801 0.106017 0.675474 -0.084607
0.171520 0.530703 1.356725 0.724914 0.105998 0.675358 -0.084590
0.172047 0.530779 1.356570 0.725025 0.105969 0.675247 -0.084565
0.172579 0.530847 1.356419 0.725134 0.105930 0.675140 -0.084531
0.173112 0.530906 1.356272 0.725241 0.105881 0.675039 -0.084487
0.173648 0.530957 1.356129 0.725344 0.105824 0.674943 -0.084434
0.174186 0.531001 1.355990 0.725445 0.105759 0.674853 -0.084371
0.174724 0.531038 1.355855 0.725543 0.105686 0.674768 -0.084301
0.175262 0.531068 1.355724 0.725637 0.105605 0.674689 -0.084223
0.175800 0.531092 1.355597 0.725729 0.105519 0.674614 -0.084137
0.176336 0.531110 1.355473 0.725818 0.105426 0.674544 -0.084045
0.176871 0.531122 1.355353 0.725904 0.105328 0.674479 -0.083947
0.177404 0.531130 1.355236 0.725988 0.105225 0.674418 -0.083843
0.177934 0.531133 1.355122 0.726069 0.105118 0.674361 -0.083735
0.178461 0.531132 1.355012 0.726148 0.105007 0.674307 -0.083623
0.178985 0.531127 1.354905 0.726224 0.104892 0.674257 -0.083507
0.179505 0.531119 1.354800 0.726299 0.104774 0.674210 -0.083387
0.180024 0.531181 1.354651 0.726338 0.104643 0.674195 -0.083331
0.180536 0.531289 1.354481 0.726376 0.104578 0.674171 -0.083279
0.181039 0.531429 1.354303 0.726429 0.104552 0.674120 -0.083256
0.181533 0.531588 1.354120 0.726502 0.104543 0.674041 -0.083269
0.182019 0.531759 1.353936 0.726592 0.104542 0.673939 -0.083316
0.182500 0.531937 1.353754 0.726695 0.104542 0.673819 -0.083387
0.182976 0.532118 1.353573 0.726808 0.104541 0.673687 -0.083477
0.183448 0.532299 1.353395 0.726927 0.104539 0.673546 -0.083578
0.183920 0.532478 1.353221 0.727051 0.104533 0.673399 -0.083687
0.184390 0.532655 1.353049 0.727178 0.104524 0.673249 -0.083800
0.184860 0.532827 1.352881 0.727308 0.104511 0.673097 -0.083914
0.185332 0.532995 1.352716 0.727439 0.104492 0.672944 -0.084027
0.185805 0.533158 1.352555 0.727571 0.104468 0.672791 -0.084138
0.186280 0.533314 1.352396 0.727703 0.104439 0.672639 -0.084246
0.186758 0.533464 1.352241 0.727836 0.104404 0.672488 -0.084349
0.187239 0.533608 1.352089 0.727969 0.104362 0.672338 -0.084448
0.187725 0.533745 1.351940 0.728102 0.104313 0.672190 -0.084540
0.188214 0.533874 1.351794 0.728235 0.104258 0.672043 -0.084626
0.188708 0.533996 1.351651 0.728368 0.104196 0.671899 -0.084705
0.189207 0.534111 1.351511 0.728500 0.104126 0.671758 -0.084778
0.189711 0.534217 1.351374 0.728632 0.104049 0.671618 -0.084842
0.190220 0.534316 1.351239 0.728763 0.103965 0.671482 -0.084899
0.190734 0.534406 1.351108 0.728891 0.103872 0.671351 -0.084946
0.191251 0.534487 1.350981 0.729017 0.103771 0.671225 -0.084982
0.191770 0.534560 1.350857 0.729140 0.103663 0.671105 -0.085009
0.192292 0.534625 1.350736 0.729259 0.103549 0.670992 -0.085025
0.192816 0.534681 1.350620 0.729374 0.103427 0.670884 -0.085031
0.193340 0.534731 1.350506 0.729486 0.103300 0.670782 -0.085027
0.193864 0.534773 1.350396 0.729595 0.103168 0.670687 -0.085014
0.194388 0.534809 1.350290 0.729700 0.103031 0.670596 -0.084993
0.194911 0.534838 1.350186 0.729801 0.102889 0.670511 -0.084964
0.195433 0.534862 1.350085 0.729899 0.102744 0.670431 -0.084928
0.195953 0.534881 1.349988 0.729994 0.102595 0.670356 -0.084885
0.196470 0.534894 1.349893 0.730086 0.102444 0.670285 -0.084836
0.196985 0.534903 1.349801 0.730175 0.102289 0.670219 -0.084782
0.197496 0.534908 1.349712 0.730262 0.102133 0.670156 -0.084723
0.198004 0.534909 1.349625 0.730346 0.101975 0.670096 -0.084659
0.198508 0.534907 1.349541 0.730427 0.101815 0.670040 -0.084591
0.199008 0.534901 1.349459 0.730506 0.101654 0.669988 -0.084520
0.199503 0.534892 1.349379 0.730583 0.101493 0.669938 -0.084446
0.200005 0.534952 1.349252 0.730619 0.101350 0.669929 -0.084377
0.200501 0.535056 1.349103 0.730659 0.101282 0.669903 -0.084316
0.200990 0.535190 1.348940 0.730719 0.101253 0.669846 -0.084286
0.201472 0.535342 1.348770 0.730798 0.101243 0.669760 -0.084291
0.201947 0.535505 1.348597 0.730896 0.101241 0.669649 -0.084327
0.202418 0.535673 1.348422 0.731008 0.101241 0.669520 -0.084387
0.202885 0.535843 1.348247 0.731130 0.101240 0.669377 -0.084463
0.203351 0.536011 1.348074 0.731260 0.101237 0.669225 -0.084550
0.203815 0.536176 1.347901 0.731394 0.101230 0.669067 -0.084644
0.204280 0.536337 1.347731 0.731532 0.101221 0.668906 -0.084739
0.204746 0.536493 1.347563 0.731672 0.101206 0.668742 -0.084835
0.205214 0.536643 1.347397 0.731814 0.101187 0.668578 -0.084929
0.205684 0.536786 1.347234 0.731956 0.101162 0.668414 -0.085020
0.206157 0.536923 1.347073 0.732100 0.101132 0.668251 -0.085107
0.206633 0.537053 1.346914 0.732243 0.101095 0.668089 -0.085188
0.207113 0.537175 1.346758 0.732387 0.101052 0.667928 -0.085264
0.207598 0.537290 1.346605 0.732530 0.101002 0.667769 -0.085335
0.208087 0.537397 1.346454 0.732673 0.100945 0.667613 -0.085398
0.208581 0.537496 1.346306 0.732816 0.100881 0.667459 -0.085455
0.209080 0.537586 1.346161 0.732957 0.100809 0.667308 -0.085503
0.209582 0.537668 1.346019 0.733096 0.100730 0.667163 -0.085542
0.210087 0.537741 1.345881 0.733232 0.100642 0.667023 -0.085571
0.210595 0.537805 1.345746 0.733364 0.100548 0.666889 -0.085590
0.211104 0.537861 1.345615 0.733492 0.100447 0.666762 -0.085599
0.211615 0.537910 1.345488 0.733617 0.100340 0.666641 -0.085599
0.212126 0.537951 1.345364 0.733738 0.100228 0.666526 -0.085590
0.212637 0.537985 1.345243 0.733855 0.100110 0.666417 -0.085573
0.213147 0.538013 1.345126 0.733969 0.099988 0.666314 -0.085548
0.213656 0.538036 1.345012 0.734079 0.099861 0.666216 -0.085515
0.214164 0.538052 1.344901 0.734186 0.099731 0.666122 -0.085476
0.214670 0.538064 1.344794 0.734289 0.099598 0.666034 -0.085431
0.215173 0.538070 1.344689 0.734389 0.099461 0.665950 -0.085380
0.215673 0.538073 1.344587 0.734487 0.099322 0.665871 -0.085324
0.216171 0.538071 1.344489 0.734581 0.099181 0.665795 -0.085264
0.216664 0.538066 1.344392 0.734673 0.099038 0.665724 -0.085200
0.217154 0.538057 1.344299 0.734762 0.098893 0.665655 -0.085132
0.217640 0.538046 1.344208 0.734849 0.098747 0.665590 -0.085062
0.218121 0.538031 1.344120 0.734933 0.098601 0.665528 -0.084988
0.218597 0.538014 1.344034 0.735015 0.098453 0.665469 -0.084912
0.219069 0.537995 1.343950 0.735095 0.098305 0.665413 -0.084834
0.219554 0.538043 1.343820 0.735129 0.098180 0.665408 -0.084728
0.220038 0.538133 1.343669 0.735180 0.098119 0.665373 -0.084625
0.220516 0.538246 1.343506 0.735259 0.098072 0.665301 -0.084567
0.220991 0.538373 1.343337 0.735362 0.098024 0.665195 -0.084549
0.221463 0.538504 1.343163 0.735485 0.097974 0.665065 -0.084562
0.221933 0.538637 1.342988 0.735622 0.097921 0.664918 -0.084595
0.222403 0.538768 1.342812 0.735767 0.097864 0.664759 -0.084640
0.222874 0.538895 1.342637 0.735920 0.097803 0.664593 -0.084692
0.223346 0.539017 1.342462 0.736076 0.097738 0.664423 -0.084747
0.223820 0.539132 1.342289 0.736235 0.097668 0.664250 -0.084801
0.224297 0.539241 1.342118 0.736396 0.097594 0.664076 -0.084853
0.224778 0.539343 1.341948 0.736557 0.097515 0.663902 -0.084902
0.225262 0.539437 1.341781 0.736719 0.097430 0.663729 -0.084946
0.225751 0.539524 1.341615 0.736881 0.097339 0.663558 -0.084984
0.226243 0.539602 1.341453 0.737041 0.097242 0.663390 -0.085016
0.226739 0.539671 1.341294 0.737199 0.097138 0.663227 -0.085039
0.227237 0.539732 1.341139 0.737354 0.097028 0.663069 -0.085053
0.227737 0.539785 1.340987 0.737505 0.096912 0.662917 -0.085059
0.228238 0.539829 1.340839 0.737652 0.096791 0.662772 -0.085055
0.228741 0.539866 1.340695 0.737796 0.096664 0.662632 -0.085043
0.229243 0.539897 1.340554 0.737935 0.096533 0.662499 -0.085022
0.229745 0.539920 1.340417 0.738070 0.096397 0.662372 -0.084994
0.230246 0.539937 1.340284 0.738201 0.096258 0.662250 -0.084958
0.230747 0.539949 1.340153 0.738329 0.096115 0.662135 -0.084916
0.231245 0.539955 1.340027 0.738452 0.095969 0.662024 -0.084868
0.231741 0.539957 1.339903 0.738572 0.095821 0.661918 -0.084815
0.232235 0.539953 1.339783 0.738689 0.095670 0.661817 -0.084756
0.232726 0.539946 1.339666 0.738803 0.095517 0.661721 -0.084693
0.233213 0.539935 1.339552 0.738913 0.095363 0.661628 -0.084626
0.233697 0.539920 1.339441 0.739020 0.095208 0.661540 -0.084555
0.234177 0.539902 1.339332 0.739124 0.095051 0.661456 -0.084481
0.234653 0.539882 1.339227 0.739226 0.094894 0.661375 -0.084405
0.235125 0.539858 1.339124 0.739324 0.094736 0.661297 -0.084326
0.235592 0.539832 1.339024 0.739420 0.094578 0.661223 -0.084245
0.236054 0.539804 1.338927 0.739514 0.094419 0.661151 -0.084162
0.236511 0.539775 1.338832 0.739605 0.094261 0.661083 -0.084078
0.236963 0.539743 1.338739 0.739694 0.094104 0.661017 -0.083992
0.237410 0.539710 1.338649 0.739780 0.093947 0.660953 -0.083906
0.237851 0.539676 1.338561 0.739864 0.093790 0.660892 -0.083819
0.238286 0.539640 1.338475 0.739947 0.093635 0.660833 -0.083731
0.238739 0.539671 1.338336 0.739977 0.093509 0.660831 -0.083625
0.239195 0.539741 1.338163 0.740017 0.093423 0.660812 -0.083520
0.239650 0.539831 1.337968 0.740084 0.093346 0.660756 -0.083447
0.240103 0.539929 1.337757 0.740179 0.093269 0.660666 -0.083408
0.240555 0.540029 1.337536 0.740296 0.093191 0.660547 -0.083394
0.241006 0.540127 1.337306 0.740431 0.093110 0.660407 -0.083396
0.241457 0.540218 1.337070 0.740577 0.093027 0.660254 -0.083405
0.241908 0.540302 1.336830 0.740730 0.092943 0.660093 -0.083415
0.242358 0.540378 1.336588 0.740888 0.092856 0.659927 -0.083422
0.242809 0.540446 1.336346 0.741048 0.092768 0.659760 -0.083424
0.243259 0.540505 1.336103 0.741208 0.092677 0.659593 -0.083419
0.243708 0.540556 1.335861 0.741368 0.092585 0.659427 -0.083407
0.244156 0.540600 1.335621 0.741527 0.092491 0.659264 -0.083388
0.244602 0.540637 1.335383 0.741685 0.092394 0.659104 -0.083362
0.245047 0.540668 1.335147 0.741840 0.092296 0.658946 -0.083330
0.245489 0.540692 1.334914 0.741994 0.092196 0.658792 -0.083292
0.245930 0.540711 1.334684 0.742145 0.092094 0.658642 -0.083248
0.246368 0.540725 1.334457 0.742294 0.091990 0.658494 -0.083199
0.246802 0.540735 1.334234 0.742441 0.091885 0.658350 -0.083147
0.247234 0.540740 1.334015 0.742585 0.091778 0.658210 -0.083090
0.247662 0.540742 1.333800 0.742727 0.091669 0.658073 -0.083030
0.248087 0.540740 1.333589 0.742865 0.091559 0.657939 -0.082968
0.248507 0.540735 1.333382 0.743002 0.091449 0.657809 -0.082903
0.248924 0.540727 1.333180 0.743135 0.091337 0.657682 -0.082835
0.249336 0.540717 1.332981 0.743266 0.091225 0.657558 -0.082767
0.249744 0.540705 1.332787 0.743395 0.091111 0.657438 -0.082696
0.250148 0.540690 1.332596 0.743520 0.090998 0.657320 -0.082625
0.250547 0.540674 1.332410 0.743644 0.090884 0.657205 -0.082553
0.250941 0.540657 1.332228 0.743764 0.090770 0.657094 -0.082481
0.251330 0.540638 1.332050 0.743883 0.090656 0.656985 -0.082408
0.251713 0.540618 1.331876 0.743998 0.090542 0.656879 -0.082335
0.252092 0.540597 1.331706 0.744112 0.090428 0.656775 -0.082263
0.252466 0.540576 1.331539 0.744223 0.090315 0.656674 -0.082190
0.252834 0.540553 1.331377 0.744331 0.090203 0.656575 -0.082118
0.253197 0.540531 1.331218 0.744438 0.090091 0.656479 -0.082047
0.253555 0.540507 1.331062 0.744542 0.089980 0.656385 -0.081976
0.253907 0.540484 1.330910 0.744644 0.089869 0.656293 -0.081906
0.254253 0.540460 1.330762 0.744744 0.089760 0.656203 -0.081837
0.254594 0.540436 1.330617 0.744842 0.089652 0.656115 -0.081769
0.254930 0.540413 1.330475 0.744937 0.089545 0.656030 -0.081702
0.255284 0.540456 1.330287 0.744989 0.089520 0.655984 -0.081623
0.255647 0.540527 1.330081 0.745049 0.089543 0.655921 -0.081557
0.256018 0.540609 1.329865 0.745130 0.089587 0.655829 -0.081514
0.256396 0.540694 1.329645 0.745229 0.089633 0.655712 -0.081493
0.256783 0.540775 1.329425 0.745343 0.089673 0.655578 -0.081487
0.257177 0.540849 1.329206 0.745465 0.089705 0.655435 -0.081487
0.257578 0.540914 1.328990 0.745591 0.089726 0.655289 -0.081488
0.257988 0.540970 1.328777 0.745718 0.089736 0.655143 -0.081483
0.258404 0.541015 1.328568 0.745845 0.089737 0.655000 -0.081471
0.258826 0.541050 1.328364 0.745969 0.089727 0.654863 -0.081449
0.259254 0.541075 1.328164 0.746091 0.089708 0.654731 -0.081419
0.259687 0.541091 1.327968 0.746209 0.089680 0.654605 -0.081378
0.260124 0.541098 1.327777 0.746324 0.089644 0.654485 -0.081328
0.260565 0.541096 1.327591 0.746435 0.089599 0.654371 -0.081270
0.261008 0.541087 1.327409 0.746543 0.089547 0.654264 -0.081202
0.261454 0.541071 1.327231 0.746647 0.089488 0.654162 -0.081127
0.261901 0.541048 1.327058 0.746748 0.089423 0.654066 -0.081045
0.262350 0.541019 1.326889 0.746845 0.089351 0.653976 -0.080957
0.262799 0.540985 1.326725 0.746940 0.089274 0.653890 -0.080862
0.263249 0.540945 1.326564 0.747031 0.089192 0.653810 -0.080762
0.263698 0.540900 1.326408 0.747119 0.089105 0.653734 -0.080657
0.264146 0.540851 1.326256 0.747205 0.089014 0.653662 -0.080548
0.264593 0.540798 1.326108 0.747287 0.088918 0.653594 -0.080435
0.265038 0.540741 1.325963 0.747368 0.088820 0.653530 -0.080318
0.265482 0.540681 1.325822 0.747445 0.088718 0.653470 -0.080199
0.265923 0.540618 1.325685 0.747520 0.088613 0.653413 -0.080078
0.266361 0.540552 1.325551 0.747593 0.088506 0.653359 -0.079954
0.266796 0.540484 1.325421 0.747664 0.088396 0.653308 -0.079828
0.267228 0.540414 1.325294 0.747733 0.088285 0.653260 -0.079701
0.267657 0.540342 1.325170 0.747799 0.088172 0.653215 -0.079573
0.268082 0.540269 1.325049 0.747864 0.088057 0.653172 -0.079445
0.268503 0.540194 1.324931 0.747927 0.087942 0.653131 -0.079315
0.268919 0.540118 1.324817 0.747988 0.087825 0.653092 -0.079186
0.269332 0.540041 1.324705 0.748048 0.087708 0.653056 -0.079056
0.269740 0.539964 1.324595 0.748106 0.087591 0.653021 -0.078927
0.270143 0.539885 1.324489 0.748162 0.087473 0.652987 -0.078798
0.270541 0.539807 1.324385 0.748217 0.087355 0.652956 -0.078670
0.270934 0.539728 1.324284 0.748271 0.087237 0.652925 -0.078542
0.271323 0.539649 1.324185 0.748323 0.087120 0.652896 -0.078416
0.271706 0.539571 1.324088 0.748374 0.087002 0.652869 -0.078290
0.272101 0.539567 1.323943 0.748375 0.086980 0.652887 -0.078150
0.272499 0.539601 1.323777 0.748383 0.087024 0.652890 -0.078006
0.272896 0.539655 1.323603 0.748412 0.087084 0.652861 -0.077896
0.273290 0.539717 1.323425 0.748463 0.087143 0.652804 -0.077819
0.273682 0.539782 1.323245 0.748529 0.087196 0.652728 -0.077766
0.274071 0.539846 1.323067 0.748605 0.087242 0.652639 -0.077730
0.274459 0.539907 1.322890 0.748686 0.087282 0.652544 -0.077701
0.274846 0.539964 1.322716 0.748771 0.087316 0.652445 -0.077677
0.275231 0.540017 1.322545 0.748857 0.087345 0.652345 -0.077653
0.275614 0.540065 1.322377 0.748943 0.087369 0.652246 -0.077629
0.275995 0.540109 1.322212 0.749029 0.087388 0.652148 -0.077603
0.276374 0.540148 1.322051 0.749113 0.087403 0.652053 -0.077575
0.276751 0.540184 1.321894 0.749195 0.087413 0.651960 -0.077545
0.277126 0.540215 1.321740 0.749276 0.087419 0.651871 -0.077512
0.277498 0.540243 1.321590 0.749355 0.087422 0.651784 -0.077477
0.277867 0.540267 1.321443 0.749432 0.087421 0.651699 -0.077440
0.278233 0.540289 1.321299 0.749508 0.087416 0.651618 -0.077402
0.278595 0.540307 1.321159 0.749581 0.087409 0.651539 -0.077361
0.278955 0.540323 1.321022 0.749653 0.087398 0.651462 -0.077319
0.279311 0.540337 1.320889 0.749724 0.087385 0.651388 -0.077276
0.279663 0.540348 1.320759 0.749792 0.087370 0.651316 -0.077233
0.280011 0.540357 1.320632 0.749859 0.087352 0.651247 -0.077188
0.280355 0.540365 1.320508 0.749925 0.087332 0.651180 -0.077143
0.280695 0.540370 1.320387 0.749989 0.087311 0.651114 -0.077097
0.281031 0.540375 1.320269 0.750051 0.087287 0.651051 -0.077051
0.281363 0.540378 1.320154 0.750112 0.087262 0.650990 -0.077005
0.281690 0.540379 1.320042 0.750172 0.087236 0.650930 -0.076959
0.282013 0.540380 1.319932 0.750230 0.087209 0.650872 -0.076913
0.282332 0.540380 1.319825 0.750287 0.087180 0.650815 -0.076868
0.282646 0.540378 1.319721 0.750343 0.087150 0.650760 -0.076823
0.282955 0.540377 1.319619 0.750398 0.087120 0.650706 -0.076778
0.283259 0.540374 1.319520 0.750451 0.087089 0.650654 -0.076734
0.283559 0.540371 1.319422 0.750503 0.087058 0.650603 -0.076691
0.283854 0.540368 1.319327 0.750555 0.087026 0.650553 -0.076648
0.284145 0.540364 1.319234 0.750605 0.086993 0.650504 -0.076606
0.284431 0.540360 1.319144 0.750654 0.086961 0.650457 -0.076565
0.284712 0.540356 1.319055 0.750703 0.086928 0.650410 -0.076525
0.284988 0.540352 1.318969 0.750750 0.086895 0.650364 -0.076486
0.285259 0.540348 1.318884 0.750797 0.086862 0.650319 -0.076448
0.285526 0.540343 1.318801 0.750842 0.086829 0.650275 -0.076411
0.285804 0.540406 1.318665 0.750839 0.086874 0.650275 -0.076398
0.286079 0.540503 1.318495 0.750854 0.087015 0.650238 -0.076406
0.286349 0.540616 1.318306 0.750900 0.087202 0.650155 -0.076444
0.286616 0.540733 1.318105 0.750972 0.087407 0.650036 -0.076510
0.286881 0.540849 1.317896 0.751065 0.087618 0.649891 -0.076595
0.287145 0.540961 1.317683 0.751170 0.087828 0.649729 -0.076689
0.287409 0.541066 1.317467 0.751284 0.088035 0.649558 -0.076787
0.287673 0.541165 1.317250 0.751403 0.088237 0.649382 -0.076883
0.287937 0.541256 1.317033 0.751524 0.088433 0.649204 -0.076976
0.288202 0.541340 1.316816 0.751646 0.088623 0.649026 -0.077063
0.288466 0.541417 1.316600 0.751769 0.088805 0.648850 -0.077144
0.288732 0.541488 1.316386 0.751891 0.088981 0.648675 -0.077219
0.288997 0.541553 1.316174 0.752012 0.089150 0.648503 -0.077288
0.289262 0.541612 1.315965 0.752132 0.089312 0.648334 -0.077350
0.289527 0.541666 1.315759 0.752251 0.089467 0.648169 -0.077407
0.289791 0.541715 1.315555 0.752367 0.089615 0.648006 -0.077459
0.290054 0.541759 1.315356 0.752482 0.089757 0.647848 -0.077507
0.290317 0.541800 1.315159 0.752596 0.089892 0.647692 -0.077550
0.290578 0.541836 1.314967 0.752707 0.090021 0.647540 -0.077588
0.290838 0.541869 1.314778 0.752816 0.090144 0.647392 -0.077624
0.291097 0.541899 1.314593 0.752923 0.090261 0.647247 -0.077656
0.291354 0.541926 1.314412 0.753029 0.090373 0.647106 -0.077685
0.291610 0.541950 1.314235 0.753132 0.090478 0.646968 -0.077711
0.291863 0.541972 1.314063 0.753233 0.090579 0.646833 -0.077735
0.292115 0.541991 1.313894 0.753332 0.090675 0.646702 -0.077756
0.292364 0.542009 1.313729 0.753429 0.090766 0.646573 -0.077776
0.292611 0.542025 1.313568 0.753524 0.090852 0.646448 -0.077794
0.292856 0.542039 1.313411 0.753617 0.090934 0.646326 -0.077811
0.293098 0.542051 1.313257 0.753708 0.091012 0.646207 -0.077826
0.293338 0.542063 1.313108 0.753797 0.091085 0.646092 -0.077840
0.293575 0.542073 1.312962 0.753884 0.091155 0.645978 -0.077852
0.293809 0.542082 1.312820 0.753969 0.091222 0.645868 -0.077864
0.294040 0.542090 1.312681 0.754053 0.091285 0.645761 -0.077876
0.294269 0.542098 1.312546 0.754134 0.091345 0.645656 -0.077886
0.294494 0.542104 1.312414 0.754214 0.091401 0.645553 -0.077896
0.294717 0.542110 1.312286 0.754292 0.091455 0.645454 -0.077905
0.294936 0.542116 1.312161 0.754368 0.091507 0.645356 -0.077914
0.295152 0.542121 1.312038 0.754443 0.091555 0.645261 -0.077923
0.295366 0.542125 1.311919 0.754516 0.091601 0.645168 -0.077932
0.295576 0.542130 1.311803 0.754587 0.091645 0.645078 -0.077940
0.295800 0.542191 1.311649 0.754602 0.091742 0.645043 -0.077962
0.296031 0.542288 1.311484 0.754605 0.091895 0.645016 -0.077978
0.296262 0.542401 1.311318 0.754619 0.092065 0.644971 -0.078016
0.296493 0.542522 1.311154 0.754647 0.092232 0.644907 -0.078079
0.296724 0.542644 1.310995 0.754684 0.092391 0.644831 -0.078159
0.296956 0.542767 1.310842 0.754727 0.092542 0.644748 -0.078252
0.297188 0.542886 1.310694 0.754774 0.092683 0.644661 -0.078350
0.297420 0.543003 1.310552 0.754821 0.092816 0.644575 -0.078451
0.297654 0.543115 1.310416 0.754867 0.092941 0.644490 -0.078551
0.297888 0.543224 1.310285 0.754913 0.093059 0.644407 -0.078649
0.298122 0.543328 1.310159 0.754957 0.093170 0.644328 -0.078745
0.298356 0.543429 1.310037 0.754999 0.093275 0.644253 -0.078838
0.298590 0.543526 1.309921 0.755039 0.093374 0.644181 -0.078927
0.298824 0.543619 1.309808 0.755077 0.093467 0.644112 -0.079013
0.299058 0.543708 1.309700 0.755113 0.093554 0.644047 -0.079095
0.299290 0.543793 1.309595 0.755147 0.093637 0.643984 -0.079174
0.299522 0.543876 1.309493 0.755180 0.093715 0.643925 -0.079250
0.299753 0.543955 1.309395 0.755211 0.093789 0.643869 -0.079322
0.299982 0.544030 1.309301 0.755241 0.093858 0.643815 -0.079392
0.300210 0.544103 1.309209 0.755270 0.093924 0.643764 -0.079459
0.300436 0.544173 1.309119 0.755297 0.093986 0.643715 -0.079523
0.300660 0.544241 1.309033 0.755323 0.094044 0.643668 -0.079585
0.300883 0.544305 1.308949 0.755348 0.094099 0.643623 -0.079644
0.301104 0.544368 1.308867 0.755373 0.094151 0.643580 -0.079701
0.301322 0.544428 1.308787 0.755396 0.094201 0.643539 -0.079756
0.301538 0.544486 1.308710 0.755419 0.094248 0.643499 -0.079809
0.301752 0.544541 1.308635 0.755440 0.094292 0.643460 -0.079861
0.301964 0.544595 1.308561 0.755461 0.094334 0.643423 -0.079910
0.302173 0.544647 1.308490 0.755482 0.094373 0.643387 -0.079958
0.302380 0.544697 1.308420 0.755502 0.094411 0.643353 -0.080005
0.302584 0.544746 1.308352 0.755521 0.094446 0.643319 -0.080050
0.302785 0.544793 1.308286 0.755540 0.094480 0.643286 -0.080093
0.302984 0.544839 1.308221 0.755559 0.094512 0.643255 -0.080136
0.303179 0.544883 1.308158 0.755577 0.094542 0.643224 -0.080178
0.303373 0.544926 1.308097 0.755595 0.094571 0.643194 -0.080218
0.303563 0.544968 1.308037 0.755612 0.094599 0.643164 -0.080258
0.303750 0.545008 1.307978 0.755629 0.094625 0.643136 -0.080297
0.303935 0.545048 1.307921 0.755646 0.094650 0.643107 -0.080335
0.304116 0.545087 1.307865 0.755662 0.094673 0.643080 -0.080372
0.304295 0.545124 1.307810 0.755679 0.094696 0.643053 -0.080409
0.304479 0.545196 1.307720 0.755673 0.094762 0.643042 -0.080474
0.304660 0.545276 1.307607 0.755690 0.094868 0.642996 -0.080558
0.304839 0.545354 1.307478 0.755730 0.094995 0.642918 -0.080655
0.305017 0.545428 1.307338 0.755787 0.095129 0.642817 -0.080760
0.305196 0.545495 1.307189 0.755858 0.095266 0.642700 -0.080867
0.305375 0.545555 1.307033 0.755937 0.095401 0.642574 -0.080972
0.305556 0.545606 1.306873 0.756022 0.095535 0.642441 -0.081072
0.305738 0.545650 1.306709 0.756112 0.095664 0.642305 -0.081165
0.305922 0.545687 1.306543 0.756204 0.095790 0.642167 -0.081252
0.306108 0.545717 1.306375 0.756297 0.095911 0.642029 -0.081331
0.306295 0.545741 1.306208 0.756392 0.096027 0.641891 -0.081403
0.306483 0.545759 1.306040 0.756487 0.096137 0.641754 -0.081468
0.306673 0.545772 1.305873 0.756582 0.096243 0.641619 -0.081526
0.306863 0.545780 1.305707 0.756677 0.096343 0.641485 -0.081579
0.307055 0.545784 1.305543 0.756771 0.096438 0.641354 -0.081627
0.307247 0.545784 1.305382 0.756864 0.096527 0.641225 -0.081669
0.307439 0.545780 1.305222 0.756957 0.096612 0.641098 -0.081707
0.307632 0.545773 1.305066 0.757048 0.096691 0.640974 -0.081741
0.307825 0.545763 1.304912 0.757138 0.096765 0.640853 -0.081771
0.308017 0.545751 1.304762 0.757227 0.096834 0.640734 -0.081797
0.308210 0.545737 1.304615 0.757314 0.096899 0.640618 -0.081821
0.308402 0.545721 1.304471 0.757400 0.096959 0.640505 -0.081842
0.308594 0.545703 1.304331 0.757484 0.097015 0.640395 -0.081860
0.308785 0.545683 1.304194 0.757566 0.097067 0.640287 -0.081876
0.308975 0.545662 1.304061 0.757647 0.097115 0.640183 -0.081890
0.309164 0.545640 1.303932 0.757726 0.097159 0.640081 -0.081903
0.309353 0.545617 1.303805 0.757803 0.097199 0.639982 -0.081913
0.309540 0.545593 1.303683 0.757879 0.097236 0.639886 -0.081923
0.309725 0.545569 1.303563 0.757952 0.097270 0.639792 -0.081931
0.309910 0.545544 1.303447 0.758024 0.097301 0.639701 -0.081937
0.310092 0.545518 1.303334 0.758095 0.097329 0.639613 -0.081943
0.310274 0.545492 1.303224 0.758163 0.097354 0.639527 -0.081948
0.310453 0.545466 1.303118 0.758230 0.097377 0.639444 -0.081952
0.310631 0.545440 1.303014 0.758296 0.097397 0.639363 -0.081956
0.310806 0.545414 1.302913 0.758359 0.097415 0.639284 -0.081958
0.310980 0.545387 1.302815 0.758421 0.097431 0.639208 -0.081960
0.311152 0.545361 1.302719 0.758482 0.097446 0.639133 -0.081962
0.311322 0.545334 1.302626 0.758541 0.097458 0.639061 -0.081964
0.311490 0.545308 1.302536 0.758599 0.097469 0.638991 -0.081964
0.311655 0.545282 1.302447 0.758655 0.097478 0.638923 -0.081965
0.311825 0.545293 1.302338 0.758668 0.097528 0.638897 -0.081992
0.311994 0.545319 1.302226 0.758671 0.097633 0.638876 -0.081995
0.312161 0.545352 1.302116 0.758678 0.097753 0.638849 -0.082005
0.312326 0.545389 1.302009 0.758689 0.097873 0.638814 -0.082023
0.312488 0.545428 1.301906 0.758704 0.097991 0.638775 -0.082049
0.312648 0.545467 1.301807 0.758721 0.098105 0.638733 -0.082080
0.312807 0.545506 1.301711 0.758739 0.098215 0.638691 -0.082115
0.312964 0.545545 1.301620 0.758757 0.098321 0.638649 -0.082151
0.313119 0.545584 1.301532 0.758775 0.098422 0.638607 -0.082189
0.313273 0.545622 1.301448 0.758792 0.098519 0.638567 -0.082227
0.313425 0.545659 1.301367 0.758808 0.098613 0.638528 -0.082265
0.313576 0.545696 1.301289 0.758824 0.098703 0.638491 -0.082303
0.313725 0.545732 1.301214 0.758838 0.098790 0.638455 -0.082341
0.313872 0.545768 1.301141 0.758852 0.098874 0.638421 -0.082378
0.314017 0.545802 1.301071 0.758866 0.098954 0.638388 -0.082415
0.314161 0.545836 1.301003 0.758878 0.099032 0.638356 -0.082451
0.314302 0.545869 1.300937 0.758890 0.099107 0.638325 -0.082488
0.314442 0.545902 1.300873 0.758902 0.099180 0.638296 -0.082523
0.314579 0.545934 1.300811 0.758913 0.099250 0.638267 -0.082558
0.314715 0.545966 1.300751 0.758923 0.099318 0.638240 -0.082593
0.314848 0.545996 1.300692 0.758933 0.099384 0.638213 -0.082628
0.314979 0.546027 1.300635 0.758943 0.099448 0.638187 -0.082662
0.315108 0.546056 1.300579 0.758953 0.099510 0.638162 -0.082695
0.315235 0.546086 1.300524 0.758962 0.099571 0.638137 -0.082728
0.315360 0.546114 1.300471 0.758971 0.099629 0.638113 -0.082761
0.315483 0.546143 1.300419 0.758980 0.099686 0.638089 -0.082794
0.315604 0.546170 1.300368 0.758989 0.099741 0.638066 -0.082826
0.315722 0.546198 1.300318 0.758997 0.099795 0.638043 -0.082858
0.315838 0.546225 1.300268 0.759006 0.099848 0.638020 -0.082890
0.315952 0.546251 1.300220 0.759014 0.099899 0.637998 -0.082921
0.316064 0.546277 1.300173 0.759023 0.099949 0.637976 -0.082952
0.316174 0.546303 1.300127 0.759031 0.099998 0.637954 -0.082984
0.316282 0.546329 1.300082 0.759040 0.100045 0.637933 -0.083014
0.316388 0.546354 1.300037 0.759048 0.100092 0.637912 -0.083045
0.316491 0.546379 1.299994 0.759056 0.100137 0.637891 -0.083076
0.316592 0.546404 1.299951 0.759065 0.100181 0.637870 -0.083106
0.316692 0.546428 1.299909 0.759073 0.100224 0.637849 -0.083136
0.316789 0.546453 1.299868 0.759082 0.100267 0.637828 -0.083167
0.316884 0.546477 1.299827 0.759090 0.100308 0.637808 -0.083197
0.316977 0.546501 1.299788 0.759099 0.100349 0.637787 -0.083227
0.317066 0.546554 1.299716 0.759078 0.100384 0.637786 -0.083377
0.317147 0.546622 1.299628 0.759064 0.100468 0.637767 -0.083552
0.317223 0.546697 1.299532 0.759062 0.100590 0.637726 -0.083736
0.317293 0.546774 1.299431 0.759073 0.100730 0.637666 -0.083927
0.317360 0.546851 1.299328 0.759094 0.100878 0.637592 -0.084123
0.317425 0.546927 1.299224 0.759120 0.101030 0.637510 -0.084321
0.317487 0.547001 1.299119 0.759151 0.101181 0.637423 -0.084518
0.317549 0.547074 1.299015 0.759185 0.101332 0.637333 -0.084714
0.317609 0.547144 1.298911 0.759220 0.101480 0.637242 -0.084906
0.317669 0.547213 1.298808 0.759257 0.101625 0.637150 -0.085094
0.317728 0.547280 1.298706 0.759294 0.101768 0.637058 -0.085279
0.317786 0.547345 1.298605 0.759332 0.101907 0.636967 -0.085460
0.317844 0.547408 1.298506 0.759370 0.102042 0.636876 -0.085636
0.317901 0.547469 1.298409 0.759408 0.102175 0.636787 -0.085809
0.317957 0.547530 1.298313 0.759445 0.102304 0.636698 -0.085979
0.318013 0.547588 1.298218 0.759483 0.102429 0.636611 -0.086144
0.318068 0.547646 1.298126 0.759520 0.102552 0.636525 -0.086306
0.318122 0.547702 1.298036 0.759557 0.102671 0.636440 -0.086465
0.318176 0.547757 1.297947 0.759593 0.102786 0.636357 -0.086621
0.318229 0.547811 1.297861 0.759629 0.102899 0.636275 -0.086773
0.318282 0.547863 1.297776 0.759664 0.103008 0.636195 -0.086922
0.318334 0.547915 1.297693 0.759699 0.103115 0.636116 -0.087069
0.318385 0.547966 1.297613 0.759734 0.103219 0.636038 -0.087212
0.318458 0.547993 1.297534 0.759753 0.103257 0.635994 -0.087324
0.318551 0.547997 1.297456 0.759757 0.103260 0.635978 -0.087394
0.318662 0.547981 1.297375 0.759753 0.103244 0.635982 -0.087428
0.318787 0.547950 1.297293 0.759741 0.103218 0.635999 -0.087434
0.318924 0.547907 1.297209 0.759725 0.103187 0.636026 -0.087419
0.319069 0.547856 1.297126 0.759706 0.103155 0.636058 -0.087387
0.319221 0.547798 1.297043 0.759685 0.103124 0.636093 -0.087344
0.319378 0.547737 1.296961 0.759664 0.103094 0.636131 -0.087293
0.319538 0.547673 1.296882 0.759643 0.103066 0.636168 -0.087238
0.319699 0.547609 1.296805 0.759621 0.103040 0.636206 -0.087180
0.319860 0.547544 1.296730 0.759601 0.103017 0.636242 -0.087122
0.320021 0.547481 1.296659 0.759582 0.102995 0.636276 -0.087065
0.320180 0.547419 1.296590 0.759563 0.102975 0.636309 -0.087011
0.320338 0.547359 1.296525 0.759546 0.102956 0.636339 -0.086959
0.320493 0.547301 1.296463 0.759530 0.102938 0.636368 -0.086911
0.320646 0.547245 1.296404 0.759516 0.102920 0.636394 -0.086867
0.320796 0.547192 1.296348 0.759502 0.102903 0.636418 -0.086827
0.320961 0.547108 1.296264 0.759512 0.102857 0.636402 -0.086916
0.321130 0.547023 1.296163 0.759517 0.102903 0.636377 -0.087001
0.321300 0.546942 1.296055 0.759511 0.103019 0.636356 -0.087069
0.321467 0.546869 1.295948 0.759496 0.103178 0.636341 -0.087125
0.321630 0.546804 1.295847 0.759472 0.103361 0.636333 -0.087173
0.321788 0.546748 1.295754 0.759443 0.103562 0.636328 -0.087220
0.321938 0.546704 1.295670 0.759418 0.103769 0.636317 -0.087282
0.322082 0.546670 1.295596 0.759394 0.103975 0.636301 -0.087356
0.322219 0.546644 1.295530 0.759370 0.104178 0.636284 -0.087440
0.322333 0.546646 1.295479 0.759349 0.104406 0.636257 -0.087557
0.322428 0.546670 1.295440 0.759327 0.104647 0.636224 -0.087698
0.322507 0.546712 1.295413 0.759304 0.104894 0.636189 -0.087857
0.322577 0.546758 1.295391 0.759274 0.105136 0.636162 -0.088012
0.322640 0.546806 1.295373 0.759241 0.105371 0.636142 -0.088165
0.322700 0.546855 1.295355 0.759205 0.105586 0.636128 -0.088319
0.322757 0.546904 1.295339 0.759169 0.105782 0.636117 -0.088475
0.322812 0.546952 1.295322 0.759131 0.105962 0.636111 -0.088630
0.322866 0.546999 1.295306 0.759093 0.106128 0.636107 -0.088785
0.322918 0.547046 1.295290 0.759055 0.106284 0.636105 -0.088936
0.322969 0.547092 1.295273 0.759016 0.106432 0.636106 -0.089085
0.323020 0.547137 1.295256 0.758976 0.106574 0.636109 -0.089229
0.323069 0.547181 1.295239 0.758937 0.106711 0.636114 -0.089369
0.323118 0.547223 1.295221 0.758897 0.106845 0.636119 -0.089505
0.323166 0.547265 1.295203 0.758858 0.106976 0.636126 -0.089636
0.323214 0.547306 1.295185 0.758818 0.107104 0.636134 -0.089762
0.323260 0.547346 1.295166 0.758778 0.107231 0.636143 -0.089884
0.323307 0.547385 1.295147 0.758739 0.107356 0.636152 -0.090002
0.323352 0.547423 1.295128 0.758700 0.107478 0.636162 -0.090116
0.323397 0.547460 1.295109 0.758662 0.107599 0.636172 -0.090226
0.323441 0.547496 1.295091 0.758623 0.107718 0.636182 -0.090332
0.323485 0.547531 1.295072 0.758586 0.107836 0.636193 -0.090435
0.323528 0.547566 1.295053 0.758548 0.107951 0.636203 -0.090534
0.323570 0.547600 1.295034 0.758512 0.108064 0.636214 -0.090630
0.323612 0.547632 1.295015 0.758476 0.108175 0.636225 -0.090724
0.323654 0.547665 1.294997 0.758440 0.108284 0.636236 -0.090814
0.323695 0.547696 1.294979 0.758405 0.108391 0.636246 -0.090902
0.323735 0.547727 1.294961 0.758371 0.108496 0.636257 -0.090988
0.323775 0.547757 1.294943 0.758338 0.108598 0.636268 -0.091071
0.323815 0.547786 1.294926 0.758305 0.108696 0.636278 -0.091152
0.323855 0.547814 1.294910 0.758273 0.108793 0.636289 -0.091230
0.323885 0.547792 1.294853 0.758280 0.108993 0.636223 -0.091389
0.323914 0.547759 1.294782 0.758299 0.109242 0.636129 -0.091586
0.323942 0.547730 1.294710 0.758317 0.109486 0.636033 -0.091816
0.323966 0.547711 1.294642 0.758327 0.109729 0.635944 -0.092058
0.323985 0.547702 1.294582 0.758328 0.109968 0.635866 -0.092305
0.324000 0.547703 1.294530 0.758319 0.110199 0.635800 -0.092552
0.324009 0.547716 1.294488 0.758304 0.110424 0.635743 -0.092804
0.324011 0.547741 1.294455 0.758285 0.110645 0.635690 -0.093062
0.324006 0.547774 1.294430 0.758262 0.110862 0.635640 -0.093325
0.324002 0.547807 1.294408 0.758233 0.111062 0.635602 -0.093579
0.323999 0.547840 1.294389 0.758199 0.111250 0.635575 -0.093824
0.323996 0.547873 1.294373 0.758159 0.111429 0.635555 -0.094060
0.323993 0.547905 1.294357 0.758117 0.111601 0.635542 -0.094287
0.323992 0.547936 1.294342 0.758068 0.111775 0.635539 -0.094497
0.323992 0.547965 1.294327 0.758014 0.111946 0.635543 -0.094695
0.323994 0.547993 1.294313 0.757958 0.112114 0.635552 -0.094882
0.323997 0.548019 1.294299 0.757901 0.112277 0.635566 -0.095061
0.324001 0.548044 1.294285 0.757842 0.112435 0.635582 -0.095233
0.324007 0.548067 1.294271 0.757783 0.112588 0.635601 -0.095398
0.324013 0.548089 1.294258 0.757723 0.112737 0.635622 -0.095556
0.324021 0.548110 1.294245 0.757664 0.112881 0.635644 -0.095709
0.324028 0.548133 1.294234 0.757608 0.113015 0.635662 -0.095867
0.324034 0.548157 1.294224 0.757557 0.113143 0.635677 -0.096029
0.324039 0.548182 1.294215 0.757507 0.113264 0.635689 -0.096192
0.324043 0.548207 1.294208 0.757461 0.113375 0.635699 -0.096358
0.324047 0.548233 1.294200 0.757417 0.113477 0.635708 -0.096526
0.324051 0.548260 1.294194 0.757376 0.113572 0.635715 -0.096695
0.324054 0.548287 1.294188 0.757336 0.113661 0.635721 -0.096863
0.324056 0.548314 1.294182 0.757297 0.113745 0.635727 -0.097030
0.324058 0.548342 1.294177 0.757260 0.113825 0.635732 -0.097195
0.324060 0.548370 1.294172 0.757223 0.113902 0.635737 -0.097358
0.324060 0.548398 1.294168 0.757187 0.113977 0.635741 -0.097519
0.324061 0.548427 1.294165 0.757152 0.114050 0.635746 -0.097677
0.324061 0.548456 1.294161 0.757117 0.114121 0.635750 -0.097832
0.324060 0.548485 1.294159 0.757084 0.114190 0.635755 -0.097984
0.324059 0.548515 1.294156 0.757050 0.114258 0.635759 -0.098134
0.324057 0.548544 1.294155 0.757017 0.114326 0.635764 -0.098280
0.324055 0.548574 1.294153 0.756985 0.114392 0.635768 -0.098423
0.324053 0.548603 1.294152 0.756954 0.114457 0.635772 -0.098564
0.324050 0.548633 1.294152 0.756923 0.114521 0.635776 -0.098701
0.324018 0.548611 1.294118 0.756900 0.114802 0.635733 -0.098826
0.323969 0.548564 1.294076 0.756881 0.115087 0.635676 -0.099003
0.323910 0.548513 1.294033 0.756861 0.115347 0.635620 -0.099213
0.323842 0.548466 1.293994 0.756839 0.115576 0.635569 -0.099445
0.323767 0.548428 1.293960 0.756812 0.115779 0.635525 -0.099693
0.323686 0.548398 1.293931 0.756782 0.115962 0.635487 -0.099948
0.323600 0.548376 1.293904 0.756748 0.116129 0.635456 -0.100207
0.323509 0.548360 1.293880 0.756710 0.116284 0.635432 -0.100467
0.323414 0.548350 1.293859 0.756669 0.116429 0.635414 -0.100725
0.323317 0.548345 1.293838 0.756625 0.116567 0.635401 -0.100979
0.323217 0.548343 1.293819 0.756577 0.116699 0.635394 -0.101229
0.323115 0.548345 1.293801 0.756527 0.116828 0.635390 -0.101473
0.323011 0.548349 1.293783 0.756476 0.116954 0.635391 -0.101711
0.322909 0.548354 1.293764 0.756414 0.117093 0.635405 -0.101924
0.322806 0.548359 1.293745 0.756347 0.117237 0.635426 -0.102123
0.322705 0.548364 1.293726 0.756277 0.117380 0.635452 -0.102311
0.322604 0.548370 1.293707 0.756205 0.117523 0.635482 -0.102490
0.322505 0.548375 1.293688 0.756133 0.117663 0.635515 -0.102662
0.322407 0.548381 1.293670 0.756060 0.117800 0.635549 -0.102827
0.322311 0.548386 1.293651 0.755988 0.117934 0.635585 -0.102986
0.322216 0.548392 1.293633 0.755915 0.118065 0.635621 -0.103141
0.322123 0.548397 1.293615 0.755844 0.118192 0.635658 -0.103291
0.322032 0.548403 1.293598 0.755773 0.118316 0.635695 -0.103436
0.321942 0.548408 1.293581 0.755704 0.118437 0.635732 -0.103577
0.321854 0.548413 1.293565 0.755636 0.118555 0.635769 -0.103715
0.321768 0.548419 1.293549 0.755569 0.118669 0.635806 -0.103849
0.321683 0.548426 1.293535 0.755508 0.118771 0.635835 -0.103992
0.321597 0.548436 1.293523 0.755452 0.118864 0.635860 -0.104142
0.321511 0.548448 1.293513 0.755400 0.118951 0.635881 -0.104294
0.321426 0.548461 1.293503 0.755351 0.119033 0.635898 -0.104449
0.321341 0.548477 1.293495 0.755304 0.119112 0.635913 -0.104604
0.321256 0.548493 1.293488 0.755260 0.119189 0.635926 -0.104759
0.321172 0.548510 1.293481 0.755217 0.119260 0.635937 -0.104915
0.321089 0.548527 1.293475 0.755177 0.119325 0.635947 -0.105071
0.321007 0.548546 1.293469 0.755139 0.119387 0.635956 -0.105227
0.320925 0.548564 1.293464 0.755101 0.119445 0.635964 -0.105381
0.320845 0.548583 1.293459 0.755065 0.119500 0.635971 -0.105534
0.320765 0.548603 1.293454 0.755030 0.119554 0.635978 -0.105685
0.320686 0.548624 1.293450 0.754995 0.119606 0.635984 -0.105833
0.320608 0.548644 1.293446 0.754961 0.119657 0.635991 -0.105979
0.320495 0.548622 1.293427 0.754930 0.119872 0.635966 -0.106107
0.320360 0.548580 1.293405 0.754897 0.120102 0.635936 -0.106263
0.320210 0.548534 1.293383 0.754862 0.120319 0.635906 -0.106441
0.320048 0.548492 1.293362 0.754825 0.120519 0.635880 -0.106633
0.319878 0.548455 1.293343 0.754786 0.120703 0.635858 -0.106833
0.319701 0.548424 1.293322 0.754744 0.120878 0.635841 -0.107037
0.319518 0.548400 1.293301 0.754699 0.121046 0.635827 -0.107241
0.319330 0.548380 1.293278 0.754652 0.121208 0.635819 -0.107444
0.319138 0.548366 1.293255 0.754602 0.121366 0.635814 -0.107643
0.318943 0.548355 1.293230 0.754549 0.121521 0.635813 -0.107838
0.318747 0.548347 1.293203 0.754487 0.121690 0.635825 -0.108013
0.318551 0.548341 1.293174 0.754419 0.121864 0.635845 -0.108174
0.318355 0.548337 1.293145 0.754348 0.122039 0.635871 -0.108326
0.318159 0.548334 1.293115 0.754274 0.122213 0.635900 -0.108471
0.317964 0.548332 1.293084 0.754199 0.122384 0.635932 -0.108610
0.317770 0.548332 1.293054 0.754124 0.122552 0.635967 -0.108744
0.317577 0.548333 1.293024 0.754048 0.122717 0.636002 -0.108875
0.317386 0.548336 1.292994 0.753973 0.122879 0.636038 -0.109002
0.317196 0.548339 1.292964 0.753898 0.123038 0.636074 -0.109126
0.317009 0.548343 1.292934 0.753825 0.123192 0.636111 -0.109247
0.316823 0.548349 1.292906 0.753752 0.123344 0.636147 -0.109366
0.316640 0.548355 1.292878 0.753681 0.123492 0.636183 -0.109483
0.316459 0.548363 1.292850 0.753611 0.123636 0.636218 -0.109599
0.316280 0.548371 1.292824 0.753542 0.123777 0.636252 -0.109712
0.316103 0.548379 1.292798 0.753476 0.123909 0.636285 -0.109826
0.315930 0.548388 1.292773 0.753411 0.124034 0.636318 -0.109940
0.315760 0.548397 1.292749 0.753349 0.124153 0.636349 -0.110054
0.315592 0.548406 1.292726 0.753288 0.124267 0.636379 -0.110167
0.315427 0.548416 1.292704 0.753228 0.124378 0.636409 -0.110278
0.315264 0.548427 1.292682 0.753170 0.124484 0.636438 -0.110389
0.315104 0.548438 1.292662 0.753113 0.124587 0.636467 -0.110499
0.314946 0.548450 1.292642 0.753057 0.124686 0.636494 -0.110607
0.314790 0.548462 1.292623 0.753002 0.124783 0.636521 -0.110715
0.314637 0.548475 1.292605 0.752949 0.124877 0.636547 -0.110821
0.314486 0.548489 1.292588 0.752897 0.124968 0.636572 -0.110926
0.314336 0.548505 1.292573 0.752850 0.125050 0.636593 -0.111038
0.314188 0.548523 1.292560 0.752806 0.125125 0.636610 -0.111155
0.314041 0.548543 1.292549 0.752765 0.125196 0.636623 -0.111275
0.313894 0.548564 1.292539 0.752726 0.125263 0.636635 -0.111398
0.313750 0.548587 1.292529 0.752689 0.125327 0.636644 -0.111521
0.313564 0.548575 1.292528 0.752657 0.125453 0.636633 -0.111660
0.313351 0.548548 1.292541 0.752633 0.125519 0.636613 -0.111860
0.313119 0.548519 1.292561 0.752614 0.125545 0.636588 -0.112100
0.312873 0.548493 1.292585 0.752599 0.125546 0.636559 -0.112364
0.312618 0.548471 1.292607 0.752586 0.125535 0.636528 -0.112639
0.312355 0.548452 1.292627 0.752573 0.125521 0.636497 -0.112915
0.312086 0.548436 1.292642 0.752557 0.125513 0.636469 -0.113186
0.311814 0.548424 1.292653 0.752538 0.125514 0.636445 -0.113449
0.311538 0.548416 1.292659 0.752515 0.125522 0.636425 -0.113704
0.311260 0.548410 1.292662 0.752491 0.125536 0.636407 -0.113952
0.310980 0.548407 1.292660 0.752464 0.125556 0.636392 -0.114192
0.310699 0.548407 1.292656 0.752435 0.125580 0.636378 -0.114427
0.310418 0.548409 1.292649 0.752405 0.125608 0.636367 -0.114656
0.310137 0.548413 1.292639 0.752375 0.125639 0.636356 -0.114879
0.309857 0.548420 1.292628 0.752344 0.125673 0.636347 -0.115098
0.309577 0.548428 1.292614 0.752313 0.125709 0.636338 -0.115312
0.309299 0.548438 1.292600 0.752281 0.125747 0.636330 -0.115521
0.309022 0.548450 1.292584 0.752250 0.125786 0.636322 -0.115727
0.308747 0.548463 1.292568 0.752219 0.125826 0.636314 -0.115928
0.308473 0.548478 1.292551 0.752188 0.125866 0.636306 -0.116127
0.308202 0.548494 1.292533 0.752157 0.125907 0.636299 -0.116322
0.307933 0.548511 1.292516 0.752127 0.125949 0.636291 -0.116513
0.307667 0.548530 1.292498 0.752097 0.125991 0.636283 -0.116702
0.307403 0.548550 1.292481 0.752068 0.126032 0.636275 -0.116888
0.307141 0.548571 1.292464 0.752040 0.126074 0.636267 -0.117071
0.306882 0.548593 1.292447 0.752012 0.126116 0.636259 -0.117251
0.306627 0.548616 1.292431 0.751985 0.126157 0.636250 -0.117429
0.306373 0.548640 1.292415 0.751958 0.126198 0.636241 -0.117605
0.306123 0.548665 1.292399 0.751932 0.126238 0.636232 -0.117778
0.305876 0.548691 1.292385 0.751907 0.126279 0.636222 -0.117948
0.305632 0.548717 1.292370 0.751882 0.126318 0.636212 -0.118116
0.305391 0.548744 1.292357 0.751858 0.126358 0.636202 -0.118283
0.305152 0.548772 1.292344 0.751835 0.126397 0.636191 -0.118446
0.304917 0.548801 1.292332 0.751812 0.126435 0.636180 -0.118608
0.304685 0.548830 1.292321 0.751790 0.126473 0.636169 -0.118768
0.304456 0.548860 1.292310 0.751769 0.126511 0.636157 -0.118925
0.304230 0.548890 1.292300 0.751748 0.126547 0.636145 -0.119080
0.304007 0.548920 1.292291 0.751728 0.126584 0.636133 -0.119233
0.303787 0.548951 1.292282 0.751708 0.126620 0.636121 -0.119385
0.303570 0.548983 1.292274 0.751689 0.126656 0.636108 -0.119534
0.303329 0.548963 1.292290 0.751710 0.126531 0.636063 -0.119776
0.303067 0.548931 1.292324 0.751736 0.126379 0.636012 -0.120043
0.302788 0.548897 1.292366 0.751752 0.126258 0.635970 -0.120296
0.302495 0.548865 1.292410 0.751755 0.126178 0.635938 -0.120528
0.302193 0.548838 1.292453 0.751747 0.126133 0.635915 -0.120742
0.301882 0.548815 1.292495 0.751732 0.126118 0.635898 -0.120943
0.301564 0.548796 1.292533 0.751713 0.126125 0.635883 -0.121133
0.301241 0.548783 1.292568 0.751689 0.126148 0.635871 -0.121316
0.300914 0.548774 1.292600 0.751664 0.126184 0.635860 -0.121495
0.300583 0.548770 1.292628 0.751637 0.126230 0.635849 -0.121670
0.300250 0.548770 1.292654 0.751609 0.126285 0.635838 -0.121842
0.299915 0.548774 1.292678 0.751580 0.126345 0.635828 -0.122011
0.299579 0.548782 1.292699 0.751551 0.126411 0.635817 -0.122179
0.299242 0.548793 1.292718 0.751521 0.126480 0.635807 -0.122345
0.298905 0.548808 1.292735 0.751492 0.126553 0.635796 -0.122510
0.298568 0.548826 1.292751 0.751462 0.126629 0.635784 -0.122674
0.298232 0.548847 1.292766 0.751432 0.126706 0.635772 -0.122837
0.297896 0.548870 1.292780 0.751402 0.126785 0.635760 -0.122999
0.297562 0.548896 1.292792 0.751373 0.126866 0.635748 -0.123159
0.297229 0.548925 1.292804 0.751344 0.126947 0.635735 -0.123320
0.296898 0.548956 1.292816 0.751315 0.127029 0.635722 -0.123479
0.296569 0.548989 1.292827 0.751287 0.127111 0.635708 -0.123638
0.296242 0.549023 1.292837 0.751259 0.127194 0.635694 -0.123795
0.295917 0.549060 1.292848 0.751231 0.127276 0.635679 -0.123952
0.295595 0.549098 1.292858 0.751204 0.127359 0.635664 -0.124109
0.295275 0.549139 1.292868 0.751177 0.127441 0.635649 -0.124264
0.294958 0.549180 1.292879 0.751151 0.127523 0.635634 -0.124419
0.294644 0.549223 1.292889 0.751125 0.127605 0.635618 -0.124573
0.294333 0.549267 1.292899 0.751100 0.127686 0.635601 -0.124726
0.294024 0.549313 1.292910 0.751075 0.127767 0.635585 -0.124878
0.293719 0.549360 1.292921 0.751050 0.127847 0.635568 -0.125029
0.293416 0.549407 1.292932 0.751026 0.127927 0.635551 -0.125180
0.293117 0.549456 1.292943 0.751003 0.128006 0.635533 -0.125329
0.292821 0.549505 1.292954 0.750979 0.128084 0.635515 -0.125478
0.292528 0.549556 1.292966 0.750957 0.128161 0.635497 -0.125625
0.292238 0.549607 1.292978 0.750935 0.128238 0.635479 -0.125771
0.291952 0.549658 1.292990 0.750913 0.128314 0.635461 -0.125917
0.291669 0.549710 1.293003 0.750891 0.128389 0.635442 -0.126061
0.291390 0.549763 1.293016 0.750870 0.128464 0.635424 -0.126204
0.291113 0.549816 1.293029 0.750850 0.128537 0.635405 -0.126346
0.290815 0.549824 1.293069 0.750854 0.128451 0.635381 -0.126531
0.290493 0.549818 1.293111 0.750840 0.128390 0.635378 -0.126689
0.290147 0.549809 1.293147 0.750813 0.128376 0.635386 -0.126820
0.289783 0.549801 1.293174 0.750776 0.128409 0.635402 -0.126928
0.289402 0.549796 1.293191 0.750731 0.128482 0.635422 -0.127018
0.289008 0.549794 1.293200 0.750681 0.128584 0.635445 -0.127094
0.288604 0.549798 1.293200 0.750627 0.128709 0.635470 -0.127162
0.288191 0.549805 1.293193 0.750571 0.128851 0.635495 -0.127224
0.287771 0.549818 1.293180 0.750513 0.129005 0.635520 -0.127283
0.287346 0.549835 1.293162 0.750455 0.129167 0.635545 -0.127341
0.286916 0.549857 1.293140 0.750397 0.129336 0.635568 -0.127400
0.286483 0.549883 1.293115 0.750339 0.129508 0.635589 -0.127460
0.286048 0.549913 1.293087 0.750281 0.129682 0.635609 -0.127522
0.285611 0.549948 1.293058 0.750224 0.129858 0.635628 -0.127587
0.285173 0.549987 1.293027 0.750168 0.130033 0.635644 -0.127655
0.284735 0.550029 1.292996 0.750113 0.130208 0.635659 -0.127726
0.284297 0.550075 1.292964 0.750058 0.130382 0.635673 -0.127801
0.283859 0.550125 1.292932 0.750005 0.130555 0.635684 -0.127880
0.283425 0.550175 1.292901 0.749954 0.130715 0.635695 -0.127964
0.282995 0.550226 1.292870 0.749905 0.130865 0.635704 -0.128053
0.282569 0.550278 1.292840 0.749858 0.131006 0.635711 -0.128147
0.282147 0.550331 1.292810 0.749813 0.131139 0.635717 -0.128246
0.281729 0.550386 1.292782 0.749770 0.131265 0.635721 -0.128349
0.281315 0.550442 1.292754 0.749729 0.131384 0.635723 -0.128457
0.280905 0.550500 1.292728 0.749689 0.131497 0.635724 -0.128569
0.280500 0.550560 1.292702 0.749651 0.131605 0.635723 -0.128685
0.280098 0.550622 1.292678 0.749614 0.131708 0.635721 -0.128804
0.279700 0.550684 1.292655 0.749578 0.131807 0.635718 -0.128927
0.279307 0.550749 1.292633 0.749544 0.131901 0.635713 -0.129052
0.278917 0.550815 1.292613 0.749511 0.131992 0.635708 -0.129180
0.278532 0.550882 1.292593 0.749478 0.132081 0.635701 -0.129310
0.278151 0.550950 1.292575 0.749447 0.132166 0.635693 -0.129442
0.277773 0.551019 1.292558 0.749417 0.132249 0.635685 -0.129576
0.277400 0.551089 1.292541 0.749387 0.132330 0.635675 -0.129711
0.277031 0.551160 1.292526 0.749358 0.132409 0.635665 -0.129847
0.276666 0.551232 1.292511 0.749330 0.132487 0.635654 -0.129983
0.276306 0.551304 1.292498 0.749302 0.132563 0.635643 -0.130120
0.275949 0.551377 1.292484 0.749275 0.132638 0.635631 -0.130257
0.275597 0.551451 1.292472 0.749249 0.132712 0.635618 -0.130395
0.275248 0.551524 1.292460 0.749223 0.132785 0.635605 -0.130532
0.274897 0.551560 1.292500 0.749201 0.132615 0.635632 -0.130703
0.274529 0.551577 1.292553 0.749177 0.132412 0.635670 -0.130862
0.274143 0.551589 1.292605 0.749151 0.132235 0.635708 -0.131005
0.273740 0.551600 1.292650 0.749118 0.132114 0.635748 -0.131120
0.273320 0.551611 1.292687 0.749083 0.132043 0.635785 -0.131217
0.272886 0.551624 1.292715 0.749047 0.132013 0.635816 -0.131300
0.272440 0.551640 1.292735 0.749011 0.132018 0.635842 -0.131373
0.271984 0.551659 1.292747 0.748975 0.132050 0.635864 -0.131439
0.271518 0.551681 1.292753 0.748939 0.132107 0.635882 -0.131499
0.271045 0.551707 1.292752 0.748903 0.132184 0.635897 -0.131556
0.270567 0.551735 1.292745 0.748868 0.132276 0.635907 -0.131612
0.270085 0.551768 1.292733 0.748834 0.132379 0.635915 -0.131667
0.269600 0.551803 1.292718 0.748800 0.132492 0.635919 -0.131722
0.269113 0.551842 1.292699 0.748768 0.132612 0.635921 -0.131779
0.268626 0.551884 1.292677 0.748736 0.132737 0.635920 -0.131838
0.268138 0.551929 1.292653 0.748705 0.132866 0.635917 -0.131899
0.267650 0.551976 1.292627 0.748674 0.132997 0.635912 -0.131963
0.267166 0.552024 1.292600 0.748644 0.133124 0.635908 -0.132028
0.266686 0.552071 1.292572 0.748613 0.133250 0.635904 -0.132093
0.266210 0.552119 1.292543 0.748583 0.133373 0.635900 -0.132159
0.265739 0.552168 1.292513 0.748553 0.133495 0.635897 -0.132226
0.265272 0.552217 1.292483 0.748523 0.133615 0.635892 -0.132294
0.264809 0.552267 1.292453 0.748493 0.133733 0.635888 -0.132364
0.264352 0.552319 1.292423 0.748464 0.133850 0.635883 -0.132435
0.263899 0.552371 1.292394 0.748435 0.133966 0.635877 -0.132508
0.263451 0.552424 1.292365 0.748407 0.134080 0.635871 -0.132582
0.263007 0.552478 1.292336 0.748379 0.134192 0.635865 -0.132658
0.262569 0.552533 1.292308 0.748351 0.134304 0.635858 -0.132735
0.262140 0.552582 1.292280 0.748322 0.134411 0.635854 -0.132806
0.261720 0.552627 1.292250 0.748293 0.134515 0.635853 -0.132871
0.261310 0.552667 1.292219 0.748263 0.134616 0.635854 -0.132930
0.260909 0.552703 1.292187 0.748233 0.134714 0.635857 -0.132985
0.260518 0.552736 1.292154 0.748203 0.134808 0.635862 -0.133035
0.260136 0.552764 1.292121 0.748174 0.134898 0.635868 -0.133081
0.259763 0.552789 1.292087 0.748145 0.134985 0.635875 -0.133124
0.259400 0.552811 1.292053 0.748116 0.135067 0.635883 -0.133163
0.259046 0.552830 1.292019 0.748088 0.135146 0.635892 -0.133200
0.258700 0.552847 1.291985 0.748060 0.135222 0.635901 -0.133234
0.258362 0.552862 1.291951 0.748033 0.135294 0.635911 -0.133266
0.258034 0.552873 1.291918 0.748006 0.135360 0.635922 -0.133296
0.257706 0.552868 1.291936 0.747992 0.135118 0.635966 -0.133409
0.257361 0.552861 1.291966 0.747983 0.134811 0.636014 -0.133542
0.256998 0.552858 1.291999 0.747976 0.134508 0.636057 -0.133679
0.256619 0.552857 1.292029 0.747971 0.134235 0.636093 -0.133809
0.256225 0.552859 1.292053 0.747967 0.134000 0.636122 -0.133929
0.255818 0.552863 1.292072 0.747963 0.133803 0.636146 -0.134040
0.255401 0.552869 1.292085 0.747959 0.133640 0.636164 -0.134140
0.254977 0.552877 1.292091 0.747954 0.133509 0.636178 -0.134231
0.254547 0.552887 1.292092 0.747948 0.133406 0.636190 -0.134314
0.254114 0.552899 1.292088 0.747940 0.133326 0.636199 -0.134389
0.253678 0.552913 1.292079 0.747931 0.133267 0.636207 -0.134457
0.253241 0.552928 1.292066 0.747921 0.133227 0.636215 -0.134518
0.252803 0.552944 1.292050 0.747909 0.133204 0.636222 -0.134574
0.252367 0.552960 1.292031 0.747897 0.133192 0.636229 -0.134623
0.251933 0.552976 1.292010 0.747883 0.133192 0.636235 -0.134668
0.251502 0.552991 1.291987 0.747869 0.133203 0.636242 -0.134707
0.251075 0.553007 1.291963 0.747854 0.133223 0.636248 -0.134741
0.250652 0.553022 1.291937 0.747838 0.133252 0.636254 -0.134771
0.250233 0.553037 1.291909 0.747821 0.133289 0.636261 -0.134797
0.249818 0.553052 1.291881 0.747803 0.133333 0.636268 -0.134820
0.249409 0.553067 1.291853 0.747785 0.133382 0.636275 -0.134839
0.249004 0.553082 1.291823 0.747766 0.133437 0.636282 -0.134856
0.248604 0.553096 1.291794 0.747746 0.133497 0.636290 -0.134870
0.248209 0.553111 1.291764 0.747726 0.133561 0.636298 -0.134882
0.247819 0.553126 1.291734 0.747705 0.133628 0.636306 -0.134892
0.247435 0.553141 1.291704 0.747684 0.133698 0.636314 -0.134901
0.247056 0.553155 1.291674 0.747662 0.133772 0.636323 -0.134908
0.246682 0.553170 1.291644 0.747640 0.133847 0.636331 -0.134913
0.246314 0.553184 1.291615 0.747618 0.133925 0.636340 -0.134918
0.245951 0.553199 1.291586 0.747595 0.134005 0.636350 -0.134921
0.245593 0.553213 1.291557 0.747572 0.134086 0.636359 -0.134924
0.245241 0.553228 1.291529 0.747549 0.134168 0.636368 -0.134926
0.244894 0.553242 1.291501 0.747526 0.134252 0.636378 -0.134927
0.244553 0.553256 1.291474 0.747503 0.134336 0.636387 -0.134927
0.244216 0.553270 1.291446 0.747479 0.134421 0.636396 -0.134927
0.243885 0.553284 1.291419 0.747456 0.134506 0.636406 -0.134927
0.243559 0.553298 1.291393 0.747433 0.134592 0.636415 -0.134926
0.243238 0.553311 1.291367 0.747409 0.134678 0.636424 -0.134926
0.242922 0.553325 1.291341 0.747386 0.134764 0.636434 -0.134924
0.242611 0.553338 1.291316 0.747363 0.134850 0.636443 -0.134923
0.242299 0.553343 1.291343 0.747356 0.134588 0.636485 -0.135027
0.241972 0.553346 1.291390 0.747358 0.134201 0.636533 -0.135173
0.241626 0.553353 1.291443 0.747365 0.133805 0.636575 -0.135328
0.241259 0.553365 1.291495 0.747375 0.133439 0.636608 -0.135480
0.240875 0.553382 1.291543 0.747386 0.133120 0.636631 -0.135622
0.240474 0.553403 1.291585 0.747397 0.132850 0.636647 -0.135752
0.240059 0.553427 1.291621 0.747407 0.132628 0.636657 -0.135869
0.239632 0.553454 1.291651 0.747416 0.132451 0.636661 -0.135974
0.239196 0.553484 1.291674 0.747422 0.132313 0.636662 -0.136067
0.238752 0.553516 1.291691 0.747427 0.132212 0.636660 -0.136149
0.238303 0.553550 1.291702 0.747429 0.132142 0.636657 -0.136221
0.237850 0.553585 1.291709 0.747429 0.132100 0.636652 -0.136284
0.237394 0.553623 1.291711 0.747427 0.132082 0.636647 -0.136339
0.236936 0.553661 1.291709 0.747422 0.132086 0.636641 -0.136386
0.236480 0.553699 1.291704 0.747415 0.132107 0.636637 -0.136425
0.236024 0.553736 1.291696 0.747407 0.132144 0.636632 -0.136457
0.235571 0.553773 1.291686 0.747397 0.132195 0.636628 -0.136482
0.235121 0.553810 1.291673 0.747385 0.132259 0.636625 -0.136501
0.234674 0.553846 1.291658 0.747371 0.132334 0.636622 -0.136514
0.234231 0.553881 1.291642 0.747356 0.132420 0.636620 -0.136523
0.233793 0.553916 1.291624 0.747340 0.132514 0.636619 -0.136527
0.233358 0.553950 1.291605 0.747322 0.132616 0.636618 -0.136527
0.232929 0.553984 1.291585 0.747304 0.132725 0.636618 -0.136524
0.232504 0.554018 1.291564 0.747284 0.132840 0.636619 -0.136517
0.232085 0.554051 1.291543 0.747263 0.132960 0.636620 -0.136508
0.231671 0.554083 1.291521 0.747241 0.133085 0.636622 -0.136496
0.231262 0.554115 1.291499 0.747219 0.133214 0.636625 -0.136482
0.230859 0.554147 1.291476 0.747196 0.133345 0.636628 -0.136466
0.230461 0.554178 1.291454 0.747172 0.133480 0.636631 -0.136449
0.230069 0.554208 1.291431 0.747147 0.133617 0.636635 -0.136430
0.229683 0.554238 1.291409 0.747123 0.133755 0.636639 -0.136411
0.229302 0.554268 1.291386 0.747097 0.133895 0.636644 -0.136390
0.228927 0.554297 1.291364 0.747072 0.134037 0.636649 -0.136368
0.228557 0.554325 1.291342 0.747046 0.134179 0.636654 -0.136346
0.228193 0.554354 1.291319 0.747020 0.134321 0.636659 -0.136323
0.227834 0.554381 1.291298 0.746994 0.134464 0.636664 -0.136300
0.227482 0.554408 1.291276 0.746968 0.134607 0.636670 -0.136277
0.227134 0.554435 1.291254 0.746942 0.134750 0.636675 -0.136253
0.226792 0.554461 1.291233 0.746916 0.134892 0.636681 -0.136230
0.226456 0.554487 1.291212 0.746889 0.135034 0.636687 -0.136207
0.226114 0.554515 1.291234 0.746879 0.134857 0.636719 -0.136291
0.225755 0.554551 1.291271 0.746876 0.134566 0.636755 -0.136424
0.225377 0.554593 1.291312 0.746878 0.134255 0.636787 -0.136572
0.224984 0.554639 1.291349 0.746881 0.133964 0.636813 -0.136719
0.224576 0.554686 1.291381 0.746885 0.133708 0.636832 -0.136857
0.224157 0.554736 1.291407 0.746889 0.133490 0.636846 -0.136983
0.223730 0.554785 1.291427 0.746893 0.133311 0.636855 -0.137096
0.223296 0.554836 1.291441 0.746895 0.133168 0.636861 -0.137197
0.222857 0.554887 1.291450 0.746895 0.133059 0.636865 -0.137285
0.222415 0.554938 1.291453 0.746893 0.132979 0.636867 -0.137362
0.221971 0.554989 1.291453 0.746888 0.132927 0.636869 -0.137428
0.221526 0.555040 1.291448 0.746882 0.132899 0.636870 -0.137484
0.221081 0.555091 1.291441 0.746873 0.132894 0.636872 -0.137530
0.220636 0.555142 1.291430 0.746861 0.132908 0.636874 -0.137568
0.220194 0.555193 1.291417 0.746847 0.132941 0.636877 -0.137598
0.219753 0.555243 1.291402 0.746831 0.132988 0.636881 -0.137621
0.219315 0.555293 1.291385 0.746813 0.133050 0.636886 -0.137638
0.218881 0.555343 1.291366 0.746793 0.133125 0.636892 -0.137648
0.218450 0.555392 1.291346 0.746771 0.133211 0.636898 -0.137653
0.218022 0.555440 1.291326 0.746747 0.133307 0.636906 -0.137653
0.217599 0.555488 1.291304 0.746722 0.133412 0.636915 -0.137649
0.217181 0.555536 1.291282 0.746696 0.133524 0.636924 -0.137641
0.216767 0.555583 1.291259 0.746668 0.133643 0.636934 -0.137629
0.216358 0.555629 1.291235 0.746639 0.133768 0.636945 -0.137614
0.215953 0.555674 1.291212 0.746608 0.133899 0.636957 -0.137597
0.215554 0.555719 1.291188 0.746577 0.134034 0.636969 -0.137577
0.215160 0.555763 1.291164 0.746546 0.134173 0.636982 -0.137555
0.214772 0.555807 1.291140 0.746513 0.134314 0.636995 -0.137531
0.214388 0.555850 1.291116 0.746480 0.134459 0.637009 -0.137506
0.214010 0.555892 1.291092 0.746447 0.134606 0.637022 -0.137479
0.213638 0.555933 1.291068 0.746413 0.134754 0.637037 -0.137452
0.213270 0.555974 1.291044 0.746379 0.134904 0.637051 -0.137423
0.212908 0.556014 1.291020 0.746345 0.135055 0.637065 -0.137394
0.212552 0.556054 1.290997 0.746310 0.135207 0.637080 -0.137365
0.212201 0.556092 1.290973 0.746276 0.135359 0.637095 -0.137335
0.211855 0.556130 1.290950 0.746241 0.135511 0.637109 -0.137305
0.211515 0.556168 1.290928 0.746207 0.135662 0.637124 -0.137275
0.211179 0.556205 1.290905 0.746172 0.135814 0.637139 -0.137244
0.210849 0.556241 1.290883 0.746138 0.135964 0.637153 -0.137215
0.210525 0.556276 1.290860 0.746104 0.136114 0.637168 -0.137185
0.210190 0.556318 1.290881 0.746085 0.135959 0.637205 -0.137264
0.209836 0.556368 1.290923 0.746077 0.135680 0.637246 -0.137397
0.209460 0.556425 1.290970 0.746071 0.135380 0.637284 -0.137547
0.209065 0.556485 1.291017 0.746068 0.135100 0.637314 -0.137698
0.208652 0.556547 1.291059 0.746065 0.134857 0.637338 -0.137841
0.208225 0.556611 1.291095 0.746063 0.134656 0.637355 -0.137973
0.207787 0.556675 1.291125 0.746060 0.134496 0.637367 -0.138093
0.207339 0.556741 1.291149 0.746055 0.134376 0.637374 -0.138201
0.206884 0.556807 1.291167 0.746049 0.134291 0.637377 -0.138297
0.206424 0.556873 1.291180 0.746042 0.134239 0.637379 -0.138382
0.205960 0.556940 1.291188 0.746032 0.134217 0.637379 -0.138457
0.205493 0.557007 1.291191 0.746020 0.134221 0.637378 -0.138522
0.205025 0.557074 1.291191 0.746005 0.134250 0.637377 -0.138578
0.204556 0.557141 1.291187 0.745989 0.134299 0.637376 -0.138625
0.204088 0.557209 1.291180 0.745970 0.134368 0.637375 -0.138664
0.203622 0.557275 1.291171 0.745948 0.134454 0.637375 -0.138696
0.203157 0.557342 1.291159 0.745925 0.134556 0.637375 -0.138721
0.202694 0.557408 1.291146 0.745899 0.134671 0.637377 -0.138740
0.202234 0.557473 1.291131 0.745871 0.134798 0.637380 -0.138754
0.201778 0.557538 1.291114 0.745842 0.134936 0.637383 -0.138762
0.201326 0.557602 1.291097 0.745811 0.135084 0.637388 -0.138765
0.200877 0.557666 1.291078 0.745778 0.135240 0.637393 -0.138765
0.200433 0.557728 1.291059 0.745743 0.135403 0.637400 -0.138760
0.199994 0.557791 1.291038 0.745708 0.135572 0.637407 -0.138752
0.199559 0.557852 1.291018 0.745671 0.135747 0.637415 -0.138741
0.199129 0.557912 1.290996 0.745633 0.135927 0.637424 -0.138727
0.198705 0.557972 1.290975 0.745594 0.136111 0.637434 -0.138711
0.198285 0.558031 1.290953 0.745555 0.136298 0.637444 -0.138693
0.197871 0.558089 1.290931 0.745515 0.136488 0.637455 -0.138673
0.197463 0.558146 1.290909 0.745474 0.136680 0.637466 -0.138652
0.197059 0.558202 1.290887 0.745432 0.136873 0.637478 -0.138629
0.196662 0.558257 1.290864 0.745391 0.137068 0.637490 -0.138605
0.196270 0.558311 1.290842 0.745348 0.137264 0.637503 -0.138580
0.195883 0.558365 1.290820 0.745306 0.137461 0.637516 -0.138555
0.195502 0.558418 1.290798 0.745263 0.137657 0.637529 -0.138529
0.195127 0.558470 1.290776 0.745221 0.137853 0.637542 -0.138502
0.194757 0.558520 1.290754 0.745178 0.138049 0.637555 -0.138475
0.194393 0.558571 1.290733 0.745135 0.138244 0.637569 -0.138448
0.194034 0.558620 1.290711 0.745092 0.138439 0.637583 -0.138421
0.193680 0.558668 1.290690 0.745050 0.138632 0.637596 -0.138394
0.193312 0.558734 1.290702 0.745023 0.138569 0.637625 -0.138471
0.192925 0.558811 1.290727 0.745001 0.138418 0.637657 -0.138590
0.192519 0.558894 1.290756 0.744982 0.138245 0.637687 -0.138726
0.192097 0.558981 1.290784 0.744963 0.138084 0.637714 -0.138865
0.191658 0.559071 1.290810 0.744943 0.137951 0.637738 -0.138999
0.191207 0.559162 1.290831 0.744920 0.137851 0.637758 -0.139125
0.190743 0.559255 1.290848 0.744895 0.137785 0.637776 -0.139242
0.190268 0.559348 1.290861 0.744867 0.137753 0.637792 -0.139350
0.189785 0.559442 1.290869 0.744836 0.137753 0.637807 -0.139449
0.189295 0.559537 1.290873 0.744802 0.137781 0.637821 -0.139538
0.188800 0.559633 1.290873 0.744765 0.137835 0.637835 -0.139619
0.188302 0.559728 1.290869 0.744726 0.137912 0.637848 -0.139691
0.187800 0.559824 1.290861 0.744684 0.138010 0.637862 -0.139756
0.187298 0.559919 1.290850 0.744639 0.138127 0.637876 -0.139814
0.186796 0.560014 1.290837 0.744592 0.138260 0.637890 -0.139865
0.186294 0.560109 1.290821 0.744543 0.138408 0.637906 -0.139910
0.185793 0.560204 1.290803 0.744492 0.138569 0.637922 -0.139949
0.185294 0.560298 1.290783 0.744438 0.138742 0.637940 -0.139982
0.184798 0.560391 1.290762 0.744383 0.138924 0.637958 -0.140011
0.184304 0.560484 1.290739 0.744326 0.139116 0.637977 -0.140035
0.183814 0.560575 1.290715 0.744268 0.139316 0.637998 -0.140054
0.183328 0.560666 1.290691 0.744208 0.139522 0.638019 -0.140070
0.182846 0.560756 1.290665 0.744147 0.139734 0.638041 -0.140083
0.182370 0.560844 1.290639 0.744085 0.139948 0.638065 -0.140092
0.181899 0.560929 1.290612 0.744021 0.140163 0.638091 -0.140097
0.181434 0.561013 1.290585 0.743957 0.140381 0.638117 -0.140099
0.180975 0.561095 1.290558 0.743892 0.140600 0.638145 -0.140098
0.180523 0.561175 1.290530 0.743826 0.140820 0.638174 -0.140094
0.180076 0.561253 1.290502 0.743760 0.141042 0.638203 -0.140088
0.179636 0.561330 1.290474 0.743694 0.141264 0.638233 -0.140081
0.179201 0.561406 1.290445 0.743627 0.141487 0.638264 -0.140071
0.178773 0.561480 1.290417 0.743560 0.141709 0.638294 -0.140061
0.178351 0.561553 1.290389 0.743494 0.141931 0.638325 -0.140049
0.177935 0.561624 1.290362 0.743427 0.142153 0.638356 -0.140036
0.177525 0.561695 1.290334 0.743361 0.142374 0.638387 -0.140023
0.177121 0.561764 1.290307 0.743294 0.142594 0.638418 -0.140009
0.176723 0.561832 1.290280 0.743228 0.142813 0.638449 -0.139994
0.176330 0.561900 1.290253 0.743163 0.143030 0.638481 -0.139980
0.175944 0.561966 1.290227 0.743097 0.143247 0.638512 -0.139965
0.175563 0.562031 1.290201 0.743032 0.143461 0.638542 -0.139950
0.175164 0.562111 1.290196 0.742982 0.143487 0.638580 -0.140016
0.174746 0.562200 1.290205 0.742941 0.143423 0.638618 -0.140125
0.174311 0.562294 1.290218 0.742904 0.143330 0.638654 -0.140253
0.173860 0.562390 1.290233 0.742868 0.143237 0.638687 -0.140388
0.173395 0.562487 1.290247 0.742833 0.143162 0.638716 -0.140522
0.172919 0.562585 1.290257 0.742797 0.143109 0.638741 -0.140652
0.172435 0.562683 1.290264 0.742760 0.143081 0.638763 -0.140775
0.171943 0.562780 1.290268 0.742722 0.143078 0.638782 -0.140891
0.171445 0.562878 1.290267 0.742682 0.143099 0.638800 -0.141000
0.170944 0.562975 1.290264 0.742641 0.143143 0.638816 -0.141102
0.170440 0.563072 1.290258 0.742597 0.143207 0.638831 -0.141196
0.169934 0.563170 1.290248 0.742552 0.143289 0.638845 -0.141284
0.169428 0.563266 1.290237 0.742505 0.143389 0.638859 -0.141365
0.168922 0.563363 1.290223 0.742457 0.143504 0.638873 -0.141440
0.168417 0.563459 1.290207 0.742406 0.143633 0.638888 -0.141510
0.167914 0.563555 1.290190 0.742354 0.143776 0.638903 -0.141574
0.167412 0.563650 1.290172 0.742299 0.143929 0.638918 -0.141633
0.166913 0.563745 1.290152 0.742244 0.144093 0.638933 -0.141688
0.166417 0.563840 1.290132 0.742186 0.144266 0.638950 -0.141739
0.165924 0.563934 1.290110 0.742128 0.144447 0.638966 -0.141786
0.165435 0.564027 1.290088 0.742068 0.144636 0.638984 -0.141829
0.164950 0.564120 1.290066 0.742007 0.144831 0.639002 -0.141869
0.164468 0.564212 1.290043 0.741945 0.145032 0.639020 -0.141906
0.163991 0.564303 1.290020 0.741882 0.145238 0.639039 -0.141940
0.163519 0.564394 1.289996 0.741818 0.145448 0.639058 -0.141972
0.163050 0.564484 1.289972 0.741753 0.145662 0.639077 -0.142002
0.162587 0.564573 1.289949 0.741688 0.145880 0.639097 -0.142030
0.162128 0.564662 1.289925 0.741622 0.146100 0.639118 -0.142057
0.161675 0.564749 1.289901 0.741556 0.146322 0.639138 -0.142082
0.161226 0.564836 1.289877 0.741489 0.146546 0.639159 -0.142105
0.160782 0.564922 1.289853 0.741422 0.146772 0.639180 -0.142128
0.160343 0.565008 1.289830 0.741355 0.146999 0.639201 -0.142149
0.159910 0.565092 1.289806 0.741288 0.147226 0.639222 -0.142170
0.159481 0.565176 1.289783 0.741221 0.147454 0.639243 -0.142190
0.159058 0.565259 1.289759 0.741153 0.147683 0.639264 -0.142209
0.158639 0.565341 1.289736 0.741086 0.147911 0.639285 -0.142228
0.158226 0.565422 1.289713 0.741019 0.148139 0.639305 -0.142247
0.157817 0.565503 1.289691 0.740952 0.148366 0.639326 -0.142265
0.157414 0.565583 1.289668 0.740885 0.148592 0.639347 -0.142283
0.157016 0.565662 1.289646 0.740819 0.148818 0.639368 -0.142301
0.156599 0.565753 1.289636 0.740765 0.148913 0.639391 -0.142377
0.156164 0.565853 1.289630 0.740718 0.148941 0.639414 -0.142487
0.155713 0.565957 1.289624 0.740676 0.148945 0.639434 -0.142613
0.155248 0.566065 1.289617 0.740635 0.148946 0.639451 -0.142746
0.154772 0.566175 1.289609 0.740594 0.148958 0.639467 -0.142879
0.154286 0.566286 1.289597 0.740552 0.148984 0.639480 -0.143011
0.153792 0.566399 1.289583 0.740508 0.149029 0.639492 -0.143139
0.153291 0.566512 1.289566 0.740462 0.149093 0.639503 -0.143263
0.152785 0.566626 1.289547 0.740414 0.149174 0.639512 -0.143382
0.152275 0.566740 1.289525 0.740364 0.149273 0.639522 -0.143496
0.151762 0.566854 1.289501 0.740312 0.149388 0.639531 -0.143605
0.151247 0.566969 1.289476 0.740257 0.149519 0.639540 -0.143709
0.150731 0.567084 1.289448 0.740201 0.149662 0.639549 -0.143808
0.150214 0.567199 1.289420 0.740143 0.149819 0.639558 -0.143903
0.149698 0.567314 1.289390 0.740083 0.149987 0.639567 -0.143995
0.149182 0.567429 1.289359 0.740022 0.150166 0.639577 -0.144082
0.148668 0.567543 1.289327 0.739958 0.150353 0.639587 -0.144165
0.148155 0.567658 1.289295 0.739894 0.150550 0.639598 -0.144246
0.147644 0.567772 1.289262 0.739828 0.150753 0.639608 -0.144323
0.147136 0.567886 1.289228 0.739761 0.150964 0.639619 -0.144398
0.146631 0.567999 1.289194 0.739693 0.151181 0.639631 -0.144470
0.146129 0.568112 1.289161 0.739623 0.151403 0.639643 -0.144540
0.145630 0.568224 1.289127 0.739553 0.151629 0.639654 -0.144608
0.145135 0.568336 1.289093 0.739483 0.151860 0.639667 -0.144674
0.144643 0.568446 1.289059 0.739412 0.152092 0.639678 -0.144739
0.144157 0.568555 1.289026 0.739342 0.152326 0.639690 -0.144803
0.143674 0.568663 1.288993 0.739271 0.152561 0.639701 -0.144866
0.143196 0.568770 1.288960 0.739201 0.152797 0.639711 -0.144928
0.142723 0.568875 1.288928 0.739131 0.153035 0.639721 -0.144989
0.142255 0.568980 1.288895 0.739062 0.153275 0.639730 -0.145049
0.141791 0.569084 1.288863 0.738993 0.153515 0.639739 -0.145108
0.141333 0.569186 1.288831 0.738924 0.153756 0.639748 -0.145167
0.140879 0.569288 1.288800 0.738856 0.153997 0.639756 -0.145225
0.140429 0.569389 1.288768 0.738787 0.154238 0.639763 -0.145283
0.139985 0.569489 1.288737 0.738720 0.154480 0.639770 -0.145340
0.139546 0.569588 1.288706 0.738652 0.154721 0.639776 -0.145398
0.139111 0.569687 1.288675 0.738585 0.154962 0.639783 -0.145455
0.138681 0.569784 1.288644 0.738519 0.155202 0.639788 -0.145512
0.138256 0.569881 1.288614 0.738452 0.155441 0.639794 -0.145569
0.137835 0.569977 1.288584 0.738386 0.155680 0.639799 -0.145626
0.137393 0.570084 1.288570 0.738331 0.155795 0.639809 -0.145737
0.136928 0.570198 1.288566 0.738279 0.155869 0.639820 -0.145877
0.136440 0.570316 1.288567 0.738226 0.155931 0.639830 -0.146033
0.135934 0.570439 1.288571 0.738174 0.155995 0.639837 -0.146199
0.135411 0.570564 1.288574 0.738120 0.156070 0.639841 -0.146371
0.134874 0.570692 1.288576 0.738066 0.156161 0.639841 -0.146545
0.134325 0.570822 1.288576 0.738011 0.156269 0.639838 -0.146721
0.133765 0.570954 1.288575 0.737955 0.156395 0.639832 -0.146898
0.133196 0.571088 1.288571 0.737897 0.156537 0.639823 -0.147073
0.132621 0.571223 1.288565 0.737838 0.156697 0.639812 -0.147248
0.132039 0.571360 1.288557 0.737777 0.156871 0.639799 -0.147421
0.131452 0.571498 1.288547 0.737715 0.157060 0.639785 -0.147593
0.130862 0.571637 1.288536 0.737651 0.157263 0.639770 -0.147763
0.130269 0.571778 1.288524 0.737586 0.157478 0.639754 -0.147931
0.129673 0.571919 1.288510 0.737518 0.157704 0.639737 -0.148097
0.129077 0.572061 1.288495 0.737450 0.157941 0.639719 -0.148262
0.128480 0.572204 1.288480 0.737380 0.158187 0.639702 -0.148424
0.127883 0.572347 1.288463 0.737308 0.158442 0.639684 -0.148585
0.127286 0.572491 1.288446 0.737235 0.158705 0.639665 -0.148745
0.126691 0.572635 1.288429 0.737161 0.158975 0.639647 -0.148902
0.126096 0.572779 1.288411 0.737086 0.159252 0.639628 -0.149059
0.125504 0.572924 1.288393 0.737010 0.159534 0.639609 -0.149213
0.124914 0.573068 1.288375 0.736933 0.159822 0.639591 -0.149367
0.124326 0.573213 1.288357 0.736855 0.160113 0.639572 -0.149519
0.123741 0.573358 1.288338 0.736777 0.160410 0.639553 -0.149671
0.123159 0.573502 1.288320 0.736697 0.160709 0.639533 -0.149821
0.122580 0.573646 1.288302 0.736618 0.161012 0.639514 -0.149971
0.122005 0.573791 1.288284 0.736537 0.161317 0.639495 -0.150120
0.121433 0.573934 1.288266 0.736457 0.161624 0.639475 -0.150268
0.120865 0.574078 1.288248 0.736376 0.161933 0.639455 -0.150415
0.120301 0.574221 1.288231 0.736295 0.162244 0.639436 -0.150563
0.119740 0.574364 1.288213 0.736214 0.162556 0.639415 -0.150709
0.119184 0.574506 1.288196 0.736132 0.162869 0.639395 -0.150855
0.118632 0.574648 1.288180 0.736051 0.163182 0.639374 -0.151001
0.118084 0.574790 1.288163 0.735970 0.163496 0.639353 -0.151147
0.117540 0.574931 1.288147 0.735889 0.163809 0.639332 -0.151292
0.117001 0.575072 1.288132 0.735808 0.164123 0.639310 -0.151438
0.116466 0.575212 1.288117 0.735727 0.164436 0.639288 -0.151583
0.115935 0.575351 1.288102 0.735647 0.164749 0.639266 -0.151728
0.115409 0.575490 1.288087 0.735566 0.165061 0.639243 -0.151873
0.114872 0.575643 1.288089 0.735510 0.165191 0.639224 -0.152086
0.114326 0.575799 1.288104 0.735462 0.165248 0.639207 -0.152327
0.113771 0.575958 1.288126 0.735419 0.165275 0.639189 -0.152582
0.113207 0.576118 1.288152 0.735378 0.165299 0.639167 -0.152843
0.112636 0.576278 1.288179 0.735337 0.165332 0.639143 -0.153105
0.112058 0.576439 1.288207 0.735297 0.165383 0.639114 -0.153365
0.111474 0.576600 1.288234 0.735255 0.165455 0.639081 -0.153622
0.110885 0.576762 1.288259 0.735213 0.165548 0.639045 -0.153874
0.110293 0.576924 1.288284 0.735169 0.165664 0.639005 -0.154122
0.109697 0.577086 1.288307 0.735124 0.165801 0.638963 -0.154365
0.109099 0.577249 1.288328 0.735078 0.165958 0.638918 -0.154602
0.108499 0.577412 1.288348 0.735029 0.166135 0.638872 -0.154836
0.107899 0.577576 1.288367 0.734979 0.166329 0.638823 -0.155064
0.107297 0.577740 1.288385 0.734927 0.166540 0.638774 -0.155289
0.106696 0.577904 1.288401 0.734874 0.166766 0.638723 -0.155509
0.106095 0.578069 1.288418 0.734818 0.167006 0.638671 -0.155726
0.105494 0.578235 1.288434 0.734761 0.167260 0.638618 -0.155940
0.104895 0.578401 1.288450 0.734702 0.167526 0.638565 -0.156151
0.104297 0.578569 1.288467 0.734641 0.167803 0.638511 -0.156360
0.103700 0.578738 1.288483 0.734578 0.168091 0.638457 -0.156567
0.103105 0.578908 1.288501 0.734513 0.168388 0.638403 -0.156771
0.102513 0.579077 1.288518 0.734447 0.168693 0.638349 -0.156973
0.101923 0.579247 1.288536 0.734379 0.169005 0.638295 -0.157173
0.101336 0.579417 1.288554 0.734310 0.169324 0.638241 -0.157372
0.100752 0.579587 1.288572 0.734240 0.169648 0.638187 -0.157569
0.100171 0.579756 1.288591 0.734169 0.169978 0.638133 -0.157764
0.099593 0.579926 1.288610 0.734097 0.170312 0.638079 -0.157958
0.099019 0.580095 1.288629 0.734024 0.170650 0.638025 -0.158150
0.098449 0.580264 1.288649 0.733951 0.170991 0.637970 -0.158342
0.097882 0.580432 1.288669 0.733877 0.171336 0.637915 -0.158532
0.097319 0.580600 1.288689 0.733803 0.171682 0.637860 -0.158722
0.096761 0.580767 1.288710 0.733728 0.172031 0.637805 -0.158911
0.096206 0.580934 1.288731 0.733654 0.172381 0.637750 -0.159099
0.095656 0.581100 1.288752 0.733579 0.172732 0.637694 -0.159286
0.095110 0.581264 1.288773 0.733504 0.173084 0.637639 -0.159472
0.094569 0.581427 1.288794 0.733428 0.173437 0.637583 -0.159656
0.094033 0.581589 1.288814 0.733353 0.173789 0.637528 -0.159839
0.093501 0.581749 1.288834 0.733279 0.174141 0.637472 -0.160021
0.092974 0.581909 1.288855 0.733204 0.174493 0.637416 -0.160202
0.092451 0.582067 1.288875 0.733129 0.174844 0.637360 -0.160383
0.091920 0.582239 1.288915 0.733087 0.174974 0.637310 -0.160637
0.091376 0.582418 1.288970 0.733059 0.175000 0.637261 -0.160929
0.090819 0.582601 1.289032 0.733039 0.174987 0.637209 -0.161240
0.090250 0.582788 1.289100 0.733021 0.174966 0.637154 -0.161561
0.089667 0.582979 1.289171 0.733004 0.174960 0.637093 -0.161885
0.089071 0.583173 1.289242 0.732985 0.174979 0.637027 -0.162209
0.088464 0.583370 1.289313 0.732964 0.175029 0.636956 -0.162531
0.087847 0.583570 1.289383 0.732940 0.175110 0.636880 -0.162848
0.087221 0.583772 1.289451 0.732913 0.175223 0.636799 -0.163162
0.086586 0.583976 1.289518 0.732883 0.175366 0.636715 -0.163472
0.085945 0.584182 1.289584 0.732849 0.175537 0.636629 -0.163777
0.085297 0.584390 1.289648 0.732812 0.175734 0.636539 -0.164079
0.084644 0.584599 1.289711 0.732772 0.175956 0.636448 -0.164377
0.083988 0.584810 1.289773 0.732728 0.176200 0.636354 -0.164671
0.083327 0.585022 1.289834 0.732681 0.176465 0.636260 -0.164961
0.082665 0.585234 1.289895 0.732631 0.176748 0.636164 -0.165249
0.082000 0.585448 1.289954 0.732579 0.177048 0.636067 -0.165534
0.081334 0.585663 1.290013 0.732524 0.177363 0.635969 -0.165816
0.080668 0.585878 1.290072 0.732466 0.177692 0.635870 -0.166096
0.080001 0.586093 1.290131 0.732406 0.178033 0.635771 -0.166373
0.079336 0.586308 1.290189 0.732344 0.178386 0.635672 -0.166649
0.078671 0.586524 1.290247 0.732280 0.178748 0.635572 -0.166923
0.078008 0.586740 1.290305 0.732214 0.179120 0.635471 -0.167195
0.077346 0.586955 1.290362 0.732147 0.179499 0.635371 -0.167466
0.076688 0.587170 1.290420 0.732078 0.179885 0.635270 -0.167736
0.076031 0.587385 1.290478 0.732008 0.180276 0.635168 -0.168005
0.075378 0.587600 1.290536 0.731937 0.180673 0.635066 -0.168272
0.074728 0.587814 1.290595 0.731865 0.181074 0.634964 -0.168539
0.074082 0.588027 1.290653 0.731793 0.181479 0.634862 -0.168805
0.073440 0.588240 1.290712 0.731719 0.181887 0.634759 -0.169071
0.072802 0.588452 1.290771 0.731645 0.182296 0.634657 -0.169335
0.072169 0.588663 1.290830 0.731570 0.182708 0.634554 -0.169599
0.071540 0.588873 1.290890 0.731496 0.183120 0.634451 -0.169863
0.070916 0.589082 1.290949 0.731421 0.183533 0.634347 -0.170126
0.070297 0.589290 1.291010 0.731345 0.183946 0.634244 -0.170389
0.069684 0.589497 1.291070 0.731270 0.184359 0.634140 -0.170651
0.069075 0.589703 1.291131 0.731195 0.184771 0.634036 -0.170913
0.068473 0.589907 1.291192 0.731120 0.185182 0.633933 -0.171175
0.067876 0.590111 1.291254 0.731045 0.185591 0.633829 -0.171436
0.067285 0.590313 1.291316 0.730970 0.185999 0.633725 -0.171696
0.066697 0.590524 1.291405 0.730932 0.186168 0.633630 -0.172024
0.066108 0.590739 1.291516 0.730915 0.186205 0.633539 -0.172392
0.065514 0.590957 1.291639 0.730906 0.186196 0.633448 -0.172774
0.064913 0.591175 1.291767 0.730898 0.186188 0.633354 -0.173159
0.064304 0.591395 1.291896 0.730889 0.186201 0.633258 -0.173539
0.063687 0.591616 1.292024 0.730876 0.186247 0.633157 -0.173913
0.063063 0.591837 1.292150 0.730859 0.186328 0.633052 -0.174278
0.062433 0.592059 1.292275 0.730837 0.186445 0.632944 -0.174635
0.061798 0.592282 1.292397 0.730811 0.186596 0.632833 -0.174984
0.061158 0.592505 1.292517 0.730781 0.186779 0.632719 -0.175325
0.060515 0.592729 1.292635 0.730747 0.186993 0.632603 -0.175659
0.059869 0.592953 1.292752 0.730708 0.187233 0.632486 -0.175986
0.059222 0.593176 1.292867 0.730665 0.187498 0.632368 -0.176307
0.058573 0.593400 1.292981 0.730619 0.187785 0.632248 -0.176621
0.057925 0.593624 1.293093 0.730569 0.188091 0.632128 -0.176930
0.057277 0.593847 1.293205 0.730516 0.188416 0.632008 -0.177234
0.056630 0.594070 1.293314 0.730459 0.188761 0.631887 -0.177531
0.055986 0.594293 1.293421 0.730399 0.189122 0.631766 -0.177823
0.055344 0.594515 1.293527 0.730336 0.189497 0.631646 -0.178109
0.054705 0.594737 1.293632 0.730271 0.189884 0.631527 -0.178390
0.054071 0.594957 1.293736 0.730203 0.190279 0.631408 -0.178667
0.053441 0.595176 1.293840 0.730132 0.190683 0.631291 -0.178939
0.052815 0.595393 1.293944 0.730059 0.191094 0.631175 -0.179208
0.052194 0.595609 1.294048 0.729985 0.191510 0.631059 -0.179472
0.051579 0.595823 1.294152 0.729909 0.191931 0.630945 -0.179734
0.050970 0.596036 1.294256 0.729831 0.192355 0.630832 -0.179991
0.050366 0.596246 1.294359 0.729752 0.192782 0.630720 -0.180246
0.049769 0.596455 1.294463 0.729673 0.193212 0.630609 -0.180498
0.049178 0.596662 1.294566 0.729592 0.193643 0.630498 -0.180747
0.048594 0.596866 1.294671 0.729511 0.194070 0.630390 -0.180994
0.048016 0.597067 1.294776 0.729430 0.194497 0.630282 -0.181238
0.047445 0.597266 1.294880 0.729349 0.194922 0.630175 -0.181480
0.046881 0.597463 1.294985 0.729267 0.195347 0.630069 -0.181720
0.046324 0.597657 1.295089 0.729186 0.195770 0.629963 -0.181957
0.045774 0.597848 1.295193 0.729104 0.196191 0.629859 -0.182191
0.045231 0.598038 1.295296 0.729023 0.196610 0.629756 -0.182423
0.044696 0.598224 1.295398 0.728941 0.197027 0.629653 -0.182652
0.044168 0.598408 1.295500 0.728860 0.197442 0.629552 -0.182878
0.043647 0.598590 1.295599 0.728778 0.197858 0.629451 -0.183100
0.043133 0.598770 1.295696 0.728695 0.198275 0.629353 -0.183316
0.042629 0.598952 1.295802 0.728642 0.198504 0.629270 -0.183565
0.042125 0.599140 1.295913 0.728605 0.198644 0.629191 -0.183831
0.041621 0.599332 1.296024 0.728574 0.198754 0.629113 -0.184100
0.041114 0.599524 1.296137 0.728542 0.198863 0.629039 -0.184363
0.040604 0.599715 1.296248 0.728507 0.198988 0.628967 -0.184616
0.040092 0.599906 1.296359 0.728466 0.199137 0.628896 -0.184858
0.039577 0.600098 1.296465 0.728400 0.199389 0.628839 -0.185040
0.039060 0.600289 1.296571 0.728310 0.199741 0.628794 -0.185167
0.038542 0.600479 1.296675 0.728210 0.200140 0.628750 -0.185277
0.038023 0.600669 1.296779 0.728106 0.200562 0.628705 -0.185382
0.037505 0.600858 1.296884 0.728001 0.200995 0.628657 -0.185489
0.036989 0.601046 1.296989 0.727896 0.201432 0.628606 -0.185600
0.036475 0.601233 1.297094 0.727792 0.201868 0.628553 -0.185715
0.035963 0.601419 1.297199 0.727689 0.202301 0.628497 -0.185835
0.035455 0.601604 1.297303 0.727587 0.202730 0.628439 -0.185960
0.034950 0.601788 1.297408 0.727487 0.203154 0.628380 -0.186088
0.034449 0.601969 1.297512 0.727388 0.203572 0.628320 -0.186221
0.033952 0.602149 1.297615 0.727291 0.203984 0.628259 -0.186357
0.033460 0.602327 1.297717 0.727195 0.204389 0.628197 -0.186496
0.032973 0.602503 1.297819 0.727100 0.204788 0.628135 -0.186637
0.032490 0.602677 1.297920 0.727007 0.205181 0.628073 -0.186781
0.032013 0.602849 1.298020 0.726914 0.205567 0.628010 -0.186925
0.031541 0.603018 1.298118 0.726823 0.205948 0.627948 -0.187071
0.031074 0.603185 1.298216 0.726733 0.206322 0.627886 -0.187218
0.030613 0.603350 1.298312 0.726643 0.206690 0.627824 -0.187366
0.030158 0.603512 1.298407 0.726555 0.207052 0.627763 -0.187514
0.029709 0.603672 1.298500 0.726468 0.207407 0.627702 -0.187661
0.029266 0.603829 1.298593 0.726382 0.207757 0.627642 -0.187809
0.028829 0.603984 1.298687 0.726299 0.208085 0.627582 -0.187965
0.028399 0.604136 1.298779 0.726216 0.208415 0.627524 -0.188115
0.027974 0.604286 1.298869 0.726133 0.208744 0.627466 -0.188263
0.027555 0.604434 1.298958 0.726050 0.209071 0.627409 -0.188409
0.027142 0.604578 1.299043 0.725971 0.209390 0.627351 -0.188556
0.026736 0.604720 1.299125 0.725893 0.209703 0.627292 -0.188703
0.026335 0.604858 1.299205 0.725817 0.210009 0.627233 -0.188850
0.025941 0.604994 1.299282 0.725743 0.210309 0.627175 -0.188995
0.025554 0.605127 1.299358 0.725670 0.210603 0.627118 -0.189138
0.025173 0.605257 1.299432 0.725598 0.210891 0.627061 -0.189280
0.024798 0.605385 1.299504 0.725527 0.211174 0.627006 -0.189419
0.024430 0.605510 1.299575 0.725457 0.211451 0.626951 -0.189557
0.024075 0.605623 1.299651 0.725368 0.211708 0.626955 -0.189601
0.023725 0.605723 1.299732 0.725264 0.211977 0.626988 -0.189587
0.023373 0.605817 1.299813 0.725163 0.212234 0.627023 -0.189570
0.023020 0.605909 1.299894 0.725069 0.212481 0.627052 -0.189562
0.022663 0.605997 1.299972 0.724979 0.212724 0.627074 -0.189560
0.022304 0.606084 1.300048 0.724893 0.212965 0.627090 -0.189565
0.021942 0.606171 1.300122 0.724811 0.213206 0.627099 -0.189578
0.021579 0.606256 1.300193 0.724732 0.213447 0.627102 -0.189597
0.021214 0.606341 1.300262 0.724656 0.213688 0.627100 -0.189622
0.020847 0.606426 1.300329 0.724583 0.213928 0.627093 -0.189653
0.020481 0.606510 1.300394 0.724512 0.214167 0.627083 -0.189688
0.020114 0.606594 1.300457 0.724442 0.214406 0.627070 -0.189729
0.019748 0.606678 1.300518 0.724376 0.214641 0.627052 -0.189776
0.019383 0.606761 1.300579 0.724312 0.214863 0.627033 -0.189830
0.019018 0.606843 1.300638 0.724249 0.215088 0.627011 -0.189888
0.018655 0.606925 1.300695 0.724188 0.215314 0.626985 -0.189948
0.018293 0.607007 1.300750 0.724129 0.215540 0.626958 -0.190011
0.017934 0.607088 1.300803 0.724070 0.215763 0.626928 -0.190076
0.017577 0.607169 1.300856 0.724013 0.215986 0.626898 -0.190143
0.017223 0.607249 1.300907 0.723957 0.216205 0.626866 -0.190213
0.016872 0.607328 1.300957 0.723901 0.216423 0.626834 -0.190284
0.016524 0.607406 1.301006 0.723846 0.216637 0.626801 -0.190356
0.016179 0.607483 1.301055 0.723792 0.216849 0.626768 -0.190430
0.015838 0.607559 1.301103 0.723738 0.217058 0.626735 -0.190505
0.015501 0.607634 1.301149 0.723685 0.217264 0.626702 -0.190580
0.015167 0.607708 1.301195 0.723633 0.217467 0.626669 -0.190656
0.014837 0.607781 1.301241 0.723581 0.217667 0.626636 -0.190733
0.014511 0.607853 1.301285 0.723530 0.217865 0.626603 -0.190810
0.014190 0.607924 1.301329 0.723479 0.218059 0.626570 -0.190888
0.013872 0.607993 1.301372 0.723429 0.218251 0.626538 -0.190965
0.013559 0.608062 1.301414 0.723379 0.218439 0.626506 -0.191043
0.013250 0.608129 1.301455 0.723330 0.218625 0.626475 -0.191121
0.012945 0.608195 1.301496 0.723281 0.218807 0.626443 -0.191198
0.012644 0.608261 1.301536 0.723233 0.218987 0.626413 -0.191275
0.012348 0.608324 1.301575 0.723185 0.219163 0.626383 -0.191352
0.012057 0.608387 1.301614 0.723138 0.219337 0.626353 -0.191428
0.011770 0.608449 1.301651 0.723091 0.219508 0.626324 -0.191504
0.011487 0.608509 1.301689 0.723045 0.219676 0.626295 -0.191579
0.011208 0.608569 1.301725 0.723000 0.219842 0.626267 -0.191654
0.010935 0.608627 1.301761 0.722955 0.220004 0.626239 -0.191728
0.010667 0.608684 1.301794 0.722881 0.220202 0.626261 -0.191707
0.010399 0.608738 1.301827 0.722798 0.220404 0.626303 -0.191647
0.010129 0.608792 1.301860 0.722719 0.220597 0.626347 -0.191585
0.009855 0.608846 1.301893 0.722645 0.220781 0.626384 -0.191531
0.009576 0.608901 1.301925 0.722575 0.220959 0.626414 -0.191488
0.009294 0.608956 1.301956 0.722510 0.221134 0.626438 -0.191454
0.009009 0.609012 1.301987 0.722447 0.221307 0.626457 -0.191429
0.008721 0.609069 1.302017 0.722387 0.221480 0.626471 -0.191410
0.008430 0.609126 1.302046 0.722328 0.221653 0.626481 -0.191398
0.008137 0.609182 1.302075 0.722270 0.221827 0.626489 -0.191390
0.007842 0.609239 1.302102 0.722213 0.222003 0.626493 -0.191387
0.007545 0.609295 1.302128 0.722156 0.222180 0.626496 -0.191388
0.007247 0.609352 1.302154 0.722101 0.222357 0.626495 -0.191394
0.006949 0.609409 1.302178 0.722045 0.222535 0.626493 -0.191403
0.006649 0.609466 1.302203 0.721991 0.222712 0.626489 -0.191417
0.006350 0.609523 1.302226 0.721937 0.222889 0.626482 -0.191434
0.006050 0.609579 1.302249 0.721884 0.223066 0.626474 -0.191455
0.005752 0.609636 1.302272 0.721829 0.223246 0.626468 -0.191474
0.005456 0.609692 1.302294 0.721771 0.223430 0.626463 -0.191491
0.005161 0.609749 1.302316 0.721714 0.223615 0.626459 -0.191509
0.004868 0.609805 1.302338 0.721656 0.223800 0.626453 -0.191529
0.004577 0.609860 1.302359 0.721599 0.223986 0.626445 -0.191550
0.004287 0.609915 1.302379 0.721543 0.224173 0.626435 -0.191574
0.003999 0.609969 1.302399 0.721489 0.224359 0.626424 -0.191599
0.003713 0.610023 1.302418 0.721435 0.224544 0.626411 -0.191627
0.003430 0.610076 1.302436 0.721382 0.224728 0.626396 -0.191658
0.003150 0.610130 1.302454 0.721331 0.224908 0.626380 -0.191690
0.002875 0.610184 1.302472 0.721281 0.225085 0.626364 -0.191725
0.002603 0.610237 1.302490 0.721233 0.225258 0.626346 -0.191761
0.002336 0.610290 1.302508 0.721186 0.225427 0.626329 -0.191798
0.002073 0.610342 1.302527 0.721139 0.225592 0.626311 -0.191837
0.001815 0.610393 1.302545 0.721094 0.225754 0.626292 -0.191877
0.001560 0.610443 1.302563 0.721050 0.225913 0.626274 -0.191917
0.001310 0.610493 1.302581 0.721006 0.226068 0.626255 -0.191959
0.001063 0.610541 1.302598 0.720964 0.226219 0.626236 -0.192001
0.000821 0.610589 1.302616 0.720922 0.226368 0.626217 -0.192044
0.000583 0.610636 1.302633 0.720881 0.226514 0.626199 -0.192086
0.000349 0.610681 1.302649 0.720840 0.226657 0.626181 -0.192128
0.000119 0.610726 1.302666 0.720800 0.226798 0.626164 -0.192171
-0.000108 0.610770 1.302682 0.720760 0.226935 0.626147 -0.192212
-0.000321 0.610811 1.302710 0.720725 0.227012 0.626155 -0.192228
-0.000525 0.610845 1.302742 0.720685 0.227071 0.626185 -0.192208
-0.000725 0.610872 1.302771 0.720629 0.227156 0.626238 -0.192145
-0.000933 0.610898 1.302793 0.720581 0.227278 0.626268 -0.192085
-0.001141 0.610920 1.302811 0.720531 0.227405 0.626299 -0.192018
-0.001346 0.610940 1.302824 0.720482 0.227535 0.626329 -0.191950
-0.001551 0.610957 1.302834 0.720435 0.227668 0.626357 -0.191882
-0.001754 0.610973 1.302840 0.720389 0.227801 0.626382 -0.191815
-0.001957 0.610988 1.302844 0.720345 0.227934 0.626404 -0.191749
-0.002157 0.611002 1.302844 0.720303 0.228067 0.626423 -0.191685
-0.002356 0.611014 1.302843 0.720262 0.228200 0.626441 -0.191622
-0.002562 0.611028 1.302838 0.720230 0.228343 0.626440 -0.191576
-0.002765 0.611041 1.302833 0.720196 0.228484 0.626442 -0.191526
-0.002965 0.611053 1.302826 0.720162 0.228621 0.626447 -0.191476
-0.003162 0.611065 1.302818 0.720128 0.228755 0.626452 -0.191426
-0.003356 0.611075 1.302810 0.720095 0.228885 0.626458 -0.191376
-0.003547 0.611085 1.302801 0.720062 0.229014 0.626463 -0.191328
-0.003737 0.611095 1.302792 0.720030 0.229140 0.626468 -0.191282
-0.003923 0.611105 1.302783 0.720000 0.229265 0.626471 -0.191237
-0.004117 0.611116 1.302771 0.719977 0.229400 0.626456 -0.191209
-0.004306 0.611126 1.302759 0.719952 0.229532 0.626446 -0.191177
-0.004491 0.611136 1.302748 0.719926 0.229658 0.626440 -0.191144
-0.004673 0.611146 1.302737 0.719901 0.229778 0.626435 -0.191112
-0.004851 0.611155 1.302726 0.719877 0.229892 0.626430 -0.191082
-0.005034 0.611166 1.302713 0.719859 0.230020 0.626408 -0.191065
-0.005214 0.611176 1.302701 0.719841 0.230139 0.626391 -0.191048
-0.005389 0.611186 1.302690 0.719823 0.230252 0.626376 -0.191030
-0.005561 0.611195 1.302679 0.719804 0.230361 0.626363 -0.191012
-0.005729 0.611204 1.302668 0.719785 0.230467 0.626352 -0.190994
-0.005895 0.611213 1.302657 0.719766 0.230569 0.626341 -0.190977
-0.006057 0.611222 1.302647 0.719747 0.230670 0.626331 -0.190960
-0.006216 0.611230 1.302637 0.719728 0.230768 0.626321 -0.190944
-0.006372 0.611238 1.302628 0.719710 0.230864 0.626311 -0.190929
-0.006533 0.611248 1.302616 0.719697 0.230976 0.626286 -0.190924
-0.006690 0.611256 1.302605 0.719683 0.231080 0.626266 -0.190917
-0.006843 0.611265 1.302594 0.719668 0.231179 0.626250 -0.190909
-0.006993 0.611273 1.302584 0.719652 0.231273 0.626236 -0.190900
-0.007139 0.611280 1.302574 0.719636 0.231365 0.626223 -0.190891
-0.007281 0.611288 1.302564 0.719620 0.231454 0.626212 -0.190881
-0.007421 0.611295 1.302555 0.719603 0.231540 0.626201 -0.190871
-0.007535 0.611288 1.302573 0.719581 0.231566 0.626248 -0.190772
-0.007660 0.611280 1.302589 0.719594 0.231582 0.626248 -0.190703
-0.007793 0.611270 1.302601 0.719626 0.231587 0.626224 -0.190657
-0.007935 0.611261 1.302609 0.719665 0.231591 0.626187 -0.190626
-0.008083 0.611251 1.302613 0.719708 0.231598 0.626141 -0.190603
-0.008237 0.611242 1.302613 0.719753 0.231610 0.626090 -0.190587
-0.008398 0.611234 1.302609 0.719799 0.231629 0.626034 -0.190576
-0.008563 0.611226 1.302602 0.719846 0.231654 0.625973 -0.190571
-0.008733 0.611218 1.302593 0.719893 0.231684 0.625908 -0.190569
-0.008908 0.611211 1.302581 0.719940 0.231720 0.625839 -0.190573
-0.009086 0.611205 1.302568 0.719987 0.231761 0.625768 -0.190580
-0.009268 0.611199 1.302552 0.720034 0.231806 0.625694 -0.190591
-0.009452 0.611194 1.302535 0.720080 0.231856 0.625617 -0.190606
-0.009639 0.611189 1.302517 0.720127 0.231909 0.625538 -0.190624
-0.009829 0.611185 1.302498 0.720173 0.231966 0.625458 -0.190645
-0.010020 0.611182 1.302477 0.720218 0.232026 0.625376 -0.190670
-0.010213 0.611179 1.302456 0.720263 0.232089 0.625292 -0.190697
-0.010407 0.611177 1.302434 0.720307 0.232154 0.625208 -0.190726
-0.010602 0.611175 1.302412 0.720351 0.232222 0.625123 -0.190758
-0.010797 0.611174 1.302389 0.720394 0.232291 0.625037 -0.190793
-0.010993 0.611173 1.302366 0.720436 0.232362 0.624951 -0.190829
-0.011181 0.611171 1.302344 0.720473 0.232417 0.624880 -0.190857
-0.011361 0.611167 1.302324 0.720507 0.232462 0.624818 -0.190879
-0.011535 0.611163 1.302304 0.720538 0.232501 0.624761 -0.190897
-0.011704 0.611157 1.302284 0.720568 0.232536 0.624709 -0.190912
-0.011869 0.611151 1.302265 0.720597 0.232569 0.624659 -0.190925
-0.012029 0.611145 1.302245 0.720625 0.232602 0.624611 -0.190937
-0.012186 0.611138 1.302226 0.720652 0.232635 0.624564 -0.190948
-0.012346 0.611132 1.302205 0.720682 0.232683 0.624506 -0.190967
-0.012508 0.611128 1.302183 0.720714 0.232740 0.624441 -0.190991
-0.012672 0.611125 1.302161 0.720746 0.232802 0.624372 -0.191019
-0.012837 0.611122 1.302139 0.720778 0.232868 0.624300 -0.191051
-0.013001 0.611120 1.302116 0.720810 0.232937 0.624227 -0.191084
-0.013166 0.611118 1.302093 0.720842 0.233008 0.624154 -0.191120
-0.013330 0.611118 1.302071 0.720873 0.233079 0.624080 -0.191157
-0.013488 0.611115 1.302050 0.720900 0.233138 0.624017 -0.191187
-0.013640 0.611113 1.302029 0.720924 0.233190 0.623961 -0.191214
-0.013786 0.611109 1.302010 0.720948 0.233236 0.623910 -0.191237
-0.013935 0.611106 1.301989 0.720972 0.233292 0.623852 -0.191265
-0.014084 0.611104 1.301968 0.720998 0.233354 0.623790 -0.191296
-0.014229 0.611067 1.301980 0.721070 0.233496 0.623678 -0.191216
-0.014369 0.611018 1.302007 0.721143 0.233595 0.623586 -0.191119
-0.014509 0.610964 1.302042 0.721212 0.233655 0.623514 -0.191020
-0.014650 0.610907 1.302082 0.721273 0.233695 0.623459 -0.190920
-0.014793 0.610851 1.302124 0.721327 0.233724 0.623416 -0.190821
-0.014941 0.610795 1.302168 0.721376 0.233750 0.623380 -0.190725
-0.015093 0.610740 1.302213 0.721420 0.233775 0.623347 -0.190633
-0.015250 0.610688 1.302257 0.721462 0.233801 0.623316 -0.190546
-0.015410 0.610638 1.302302 0.721501 0.233829 0.623284 -0.190465
-0.015575 0.610589 1.302346 0.721538 0.233861 0.623252 -0.190391
-0.015744 0.610543 1.302389 0.721574 0.233895 0.623219 -0.190323
-0.015916 0.610499 1.302432 0.721608 0.233932 0.623184 -0.190262
-0.016091 0.610457 1.302474 0.721641 0.233972 0.623148 -0.190206
-0.016269 0.610416 1.302516 0.721673 0.234015 0.623110 -0.190157
-0.016449 0.610377 1.302556 0.721704 0.234061 0.623070 -0.190112
-0.016631 0.610340 1.302596 0.721733 0.234110 0.623030 -0.190073
-0.016814 0.610304 1.302635 0.721762 0.234161 0.622988 -0.190039
-0.016999 0.610270 1.302673 0.721790 0.234214 0.622945 -0.190009
-0.017185 0.610237 1.302710 0.721816 0.234269 0.622901 -0.189984
-0.017372 0.610206 1.302746 0.721842 0.234326 0.622856 -0.189962
-0.017559 0.610175 1.302781 0.721867 0.234384 0.622811 -0.189944
-0.017746 0.610145 1.302816 0.721891 0.234445 0.622765 -0.189929
-0.017934 0.610117 1.302849 0.721914 0.234506 0.622719 -0.189917
-0.018121 0.610089 1.302881 0.721936 0.234569 0.622672 -0.189908
-0.018307 0.610062 1.302912 0.721957 0.234633 0.622626 -0.189901
-0.018493 0.610036 1.302943 0.721978 0.234698 0.622579 -0.189897
-0.018670 0.610009 1.302974 0.721994 0.234747 0.622545 -0.189884
-0.018838 0.609981 1.303005 0.722008 0.234785 0.622520 -0.189866
-0.018999 0.609952 1.303037 0.722018 0.234817 0.622503 -0.189844
-0.019155 0.609923 1.303068 0.722028 0.234843 0.622490 -0.189819
-0.019304 0.609893 1.303098 0.722036 0.234868 0.622479 -0.189792
-0.019450 0.609864 1.303128 0.722044 0.234891 0.622469 -0.189764
-0.019598 0.609835 1.303156 0.722055 0.234929 0.622449 -0.189745
-0.019747 0.609808 1.303181 0.722067 0.234975 0.622421 -0.189732
-0.019897 0.609782 1.303206 0.722079 0.235027 0.622390 -0.189723
-0.020047 0.609757 1.303229 0.722092 0.235082 0.622356 -0.189717
-0.020198 0.609733 1.303251 0.722105 0.235139 0.622321 -0.189713
-0.020347 0.609709 1.303272 0.722117 0.235199 0.622285 -0.189712
-0.020496 0.609686 1.303293 0.722129 0.235259 0.622248 -0.189713
-0.020637 0.609663 1.303314 0.722138 0.235306 0.622221 -0.189707
-0.020705 0.609553 1.303403 0.722141 0.235270 0.622304 -0.189469
-0.020779 0.609404 1.303497 0.722200 0.235213 0.622319 -0.189267
-0.020857 0.609234 1.303584 0.722272 0.235142 0.622320 -0.189074
-0.020940 0.609052 1.303662 0.722343 0.235073 0.622325 -0.188876
-0.021029 0.608862 1.303729 0.722408 0.235014 0.622334 -0.188671
-0.021125 0.608670 1.303785 0.722468 0.234967 0.622345 -0.188461
-0.021228 0.608476 1.303831 0.722527 0.234932 0.622354 -0.188249
-0.021339 0.608281 1.303868 0.722583 0.234908 0.622361 -0.188039
-0.021456 0.608087 1.303897 0.722640 0.234896 0.622362 -0.187832
-0.021580 0.607895 1.303919 0.722696 0.234894 0.622359 -0.187630
-0.021711 0.607705 1.303934 0.722753 0.234900 0.622349 -0.187433
-0.021847 0.607516 1.303944 0.722810 0.234916 0.622335 -0.187243
-0.021989 0.607330 1.303948 0.722867 0.234938 0.622315 -0.187060
-0.022136 0.607147 1.303949 0.722925 0.234968 0.622290 -0.186883
-0.022287 0.606967 1.303946 0.722982 0.235004 0.622260 -0.186713
-0.022442 0.606790 1.303940 0.723040 0.235045 0.622227 -0.186550
-0.022601 0.606615 1.303931 0.723097 0.235092 0.622190 -0.186393
-0.022764 0.606444 1.303920 0.723154 0.235143 0.622149 -0.186243
-0.022929 0.606276 1.303908 0.723210 0.235198 0.622106 -0.186099
-0.023096 0.606111 1.303893 0.723266 0.235257 0.622061 -0.185961
-0.023266 0.605949 1.303878 0.723321 0.235318 0.622013 -0.185829
-0.023437 0.605790 1.303862 0.723375 0.235383 0.621963 -0.185703
-0.023610 0.605634 1.303844 0.723428 0.235450 0.621912 -0.185582
-0.023784 0.605481 1.303827 0.723480 0.235519 0.621860 -0.185467
-0.023958 0.605332 1.303808 0.723531 0.235590 0.621807 -0.185357
-0.024134 0.605185 1.303789 0.723580 0.235662 0.621753 -0.185251
-0.024309 0.605041 1.303770 0.723629 0.235736 0.621698 -0.185151
-0.024484 0.604900 1.303751 0.723676 0.235811 0.621643 -0.185054
-0.024660 0.604761 1.303732 0.723723 0.235887 0.621588 -0.184962
-0.024835 0.604626 1.303713 0.723768 0.235964 0.621533 -0.184873
-0.025009 0.604493 1.303693 0.723811 0.236041 0.621478 -0.184788
-0.025182 0.604362 1.303674 0.723854 0.236119 0.621423 -0.184707
-0.025354 0.604234 1.303654 0.723895 0.236197 0.621369 -0.184629
-0.025526 0.604108 1.303635 0.723935 0.236275 0.621315 -0.184554
-0.025695 0.603985 1.303616 0.723974 0.236353 0.621261 -0.184482
-0.025864 0.603864 1.303597 0.724011 0.236432 0.621208 -0.184413
-0.026031 0.603745 1.303578 0.724047 0.236510 0.621156 -0.184346
-0.026196 0.603629 1.303559 0.724083 0.236587 0.621105 -0.184282
-0.026359 0.603514 1.303540 0.724117 0.236665 0.621054 -0.184220
-0.026520 0.603402 1.303521 0.724149 0.236741 0.621004 -0.184160
-0.026661 0.603202 1.303575 0.724249 0.236887 0.620893 -0.183956
-0.026786 0.602950 1.303658 0.724376 0.236912 0.620799 -0.183738
-0.026900 0.602667 1.303752 0.724498 0.236855 0.620749 -0.183502
-0.027010 0.602365 1.303850 0.724604 0.236759 0.620739 -0.183241
-0.027119 0.602053 1.303947 0.724695 0.236646 0.620758 -0.182961
-0.027229 0.601733 1.304040 0.724776 0.236528 0.620795 -0.182668
-0.027342 0.601409 1.304130 0.724849 0.236412 0.620842 -0.182370
-0.027458 0.601082 1.304216 0.724916 0.236300 0.620894 -0.182070
-0.027577 0.600756 1.304297 0.724978 0.236196 0.620949 -0.181769
-0.027701 0.600433 1.304373 0.725036 0.236099 0.621006 -0.181471
-0.027829 0.600112 1.304444 0.725091 0.236011 0.621061 -0.181177
-0.027961 0.599796 1.304511 0.725144 0.235932 0.621113 -0.180889
-0.028097 0.599484 1.304574 0.725195 0.235860 0.621163 -0.180609
-0.028236 0.599177 1.304633 0.725245 0.235795 0.621208 -0.180336
-0.028379 0.598875 1.304688 0.725293 0.235738 0.621250 -0.180070
-0.028525 0.598577 1.304741 0.725341 0.235688 0.621289 -0.179813
-0.028674 0.598285 1.304791 0.725387 0.235643 0.621323 -0.179564
-0.028825 0.597997 1.304838 0.725432 0.235604 0.621355 -0.179323
-0.028977 0.597715 1.304884 0.725476 0.235571 0.621383 -0.179090
-0.029132 0.597437 1.304927 0.725519 0.235542 0.621409 -0.178864
-0.029287 0.597165 1.304968 0.725561 0.235518 0.621432 -0.178646
-0.029444 0.596897 1.305008 0.725601 0.235498 0.621453 -0.178435
-0.029601 0.596634 1.305047 0.725640 0.235482 0.621472 -0.178230
-0.029759 0.596376 1.305084 0.725678 0.235470 0.621490 -0.178032
-0.029916 0.596122 1.305119 0.725715 0.235461 0.621506 -0.177840
-0.030074 0.595873 1.305154 0.725750 0.235455 0.621520 -0.177654
-0.030231 0.595628 1.305187 0.725783 0.235451 0.621534 -0.177474
-0.030388 0.595387 1.305219 0.725815 0.235451 0.621547 -0.177299
-0.030543 0.595151 1.305250 0.725846 0.235452 0.621558 -0.177129
-0.030698 0.594919 1.305280 0.725875 0.235456 0.621570 -0.176965
-0.030851 0.594690 1.305309 0.725903 0.235462 0.621580 -0.176805
-0.031003 0.594466 1.305337 0.725930 0.235470 0.621591 -0.176649
-0.031154 0.594246 1.305364 0.725955 0.235479 0.621601 -0.176497
-0.031303 0.594029 1.305391 0.725979 0.235490 0.621611 -0.176350
-0.031450 0.593816 1.305416 0.726002 0.235502 0.621620 -0.176206
-0.031595 0.593606 1.305441 0.726023 0.235516 0.621630 -0.176066
-0.031738 0.593400 1.305464 0.726043 0.235530 0.621640 -0.175929
-0.031880 0.593198 1.305487 0.726062 0.235545 0.621649 -0.175795
-0.032018 0.592998 1.305509 0.726080 0.235562 0.621659 -0.175664
-0.032155 0.592802 1.305530 0.726097 0.235579 0.621669 -0.175536
-0.032278 0.592541 1.305617 0.726129 0.235664 0.621687 -0.175224
-0.032389 0.592244 1.305739 0.726176 0.235599 0.621747 -0.174907
-0.032498 0.591926 1.305882 0.726217 0.235440 0.621852 -0.174579
-0.032611 0.591595 1.306035 0.726243 0.235233 0.621994 -0.174239
-0.032732 0.591258 1.306195 0.726257 0.235004 0.622162 -0.173892
-0.032864 0.590918 1.306360 0.726260 0.234770 0.622345 -0.173544
-0.033007 0.590577 1.306526 0.726254 0.234537 0.622534 -0.173201
-0.033161 0.590237 1.306693 0.726244 0.234312 0.622723 -0.172868
-0.033326 0.589899 1.306860 0.726230 0.234096 0.622910 -0.172547
-0.033500 0.589562 1.307026 0.726215 0.233890 0.623090 -0.172238
-0.033682 0.589228 1.307191 0.726197 0.233696 0.623265 -0.171943
-0.033871 0.588897 1.307354 0.726179 0.233512 0.623433 -0.171661
-0.034065 0.588568 1.307517 0.726160 0.233338 0.623594 -0.171392
-0.034263 0.588240 1.307678 0.726141 0.233174 0.623749 -0.171134
-0.034464 0.587915 1.307837 0.726121 0.233018 0.623898 -0.170887
-0.034666 0.587592 1.307996 0.726100 0.232871 0.624042 -0.170650
-0.034868 0.587269 1.308152 0.726079 0.232730 0.624181 -0.170422
-0.035069 0.586949 1.308308 0.726058 0.232596 0.624316 -0.170201
-0.035268 0.586629 1.308462 0.726036 0.232467 0.624449 -0.169987
-0.035464 0.586310 1.308614 0.726013 0.232342 0.624578 -0.169778
-0.035655 0.585991 1.308765 0.725990 0.232222 0.624705 -0.169574
-0.035842 0.585673 1.308915 0.725966 0.232105 0.624831 -0.169374
-0.036023 0.585356 1.309063 0.725941 0.231991 0.624955 -0.169177
-0.036197 0.585038 1.309210 0.725916 0.231879 0.625079 -0.168982
-0.036364 0.584721 1.309356 0.725890 0.231768 0.625202 -0.168789
-0.036523 0.584403 1.309501 0.725864 0.231658 0.625325 -0.168597
-0.036673 0.584085 1.309644 0.725837 0.231548 0.625449 -0.168405
-0.036814 0.583767 1.309786 0.725809 0.231438 0.625574 -0.168212
-0.036946 0.583448 1.309928 0.725781 0.231328 0.625699 -0.168019
-0.037069 0.583130 1.310068 0.725751 0.231217 0.625827 -0.167823
-0.037182 0.582813 1.310205 0.725720 0.231105 0.625958 -0.167624
-0.037287 0.582498 1.310341 0.725687 0.230993 0.626092 -0.167421
-0.037384 0.582187 1.310473 0.725652 0.230882 0.626229 -0.167215
-0.037473 0.581879 1.310604 0.725616 0.230769 0.626367 -0.167008
-0.037555 0.581574 1.310732 0.725580 0.230657 0.626505 -0.166799
-0.037631 0.581273 1.310857 0.725543 0.230545 0.626645 -0.166590
-0.037700 0.580975 1.310980 0.725506 0.230432 0.626784 -0.166381
-0.037763 0.580682 1.311101 0.725469 0.230320 0.626924 -0.166172
-0.037820 0.580392 1.311219 0.725432 0.230207 0.627064 -0.165963
-0.037872 0.580105 1.311336 0.725395 0.230095 0.627203 -0.165754
-0.037914 0.579780 1.311491 0.725370 0.230080 0.627363 -0.165279
-0.037956 0.579434 1.311667 0.725361 0.229972 0.627544 -0.164781
-0.038006 0.579076 1.311854 0.725361 0.229784 0.627742 -0.164293
-0.038066 0.578712 1.312045 0.725360 0.229551 0.627952 -0.163814
-0.038139 0.578344 1.312239 0.725356 0.229300 0.628171 -0.163345
-0.038227 0.577975 1.312433 0.725347 0.229047 0.628392 -0.162887
-0.038330 0.577605 1.312626 0.725335 0.228798 0.628613 -0.162442
-0.038448 0.577236 1.312817 0.725318 0.228559 0.628830 -0.162011
-0.038581 0.576867 1.313007 0.725298 0.228332 0.629042 -0.161595
-0.038728 0.576499 1.313196 0.725275 0.228118 0.629250 -0.161194
-0.038889 0.576132 1.313383 0.725249 0.227918 0.629451 -0.160808
-0.039062 0.575766 1.313568 0.725221 0.227730 0.629646 -0.160437
-0.039248 0.575401 1.313751 0.725190 0.227555 0.629835 -0.160082
-0.039444 0.575039 1.313933 0.725159 0.227394 0.630015 -0.159741
-0.039649 0.574679 1.314112 0.725128 0.227244 0.630187 -0.159415
-0.039861 0.574321 1.314289 0.725098 0.227105 0.630350 -0.159104
-0.040080 0.573966 1.314465 0.725069 0.226976 0.630505 -0.158807
-0.040303 0.573613 1.314638 0.725042 0.226856 0.630651 -0.158524
-0.040530 0.573262 1.314810 0.725015 0.226744 0.630790 -0.158252
-0.040758 0.572914 1.314981 0.724990 0.226640 0.630922 -0.157992
-0.040988 0.572567 1.315150 0.724966 0.226541 0.631048 -0.157743
-0.041217 0.572223 1.315319 0.724943 0.226447 0.631168 -0.157503
-0.041444 0.571880 1.315487 0.724920 0.226357 0.631283 -0.157271
-0.041669 0.571539 1.315654 0.724899 0.226271 0.631395 -0.157047
-0.041890 0.571200 1.315821 0.724879 0.226187 0.631502 -0.156830
-0.042107 0.570861 1.315988 0.724859 0.226104 0.631607 -0.156618
-0.042319 0.570524 1.316154 0.724839 0.226023 0.631710 -0.156412
-0.042525 0.570188 1.316320 0.724820 0.225942 0.631810 -0.156210
-0.042724 0.569853 1.316487 0.724802 0.225860 0.631910 -0.156011
-0.042916 0.569518 1.316653 0.724784 0.225778 0.632008 -0.155816
-0.043100 0.569184 1.316819 0.724766 0.225694 0.632106 -0.155622
-0.043275 0.568851 1.316985 0.724748 0.225609 0.632204 -0.155430
-0.043441 0.568518 1.317152 0.724731 0.225521 0.632302 -0.155239
-0.043598 0.568185 1.317318 0.724713 0.225430 0.632401 -0.155048
-0.043745 0.567852 1.317485 0.724696 0.225337 0.632501 -0.154858
-0.043881 0.567520 1.317652 0.724679 0.225240 0.632603 -0.154667
-0.044007 0.567187 1.317819 0.724661 0.225139 0.632705 -0.154475
-0.044122 0.566854 1.317987 0.724644 0.225035 0.632810 -0.154281
-0.044226 0.566521 1.318155 0.724626 0.224926 0.632916 -0.154086
-0.044319 0.566188 1.318323 0.724608 0.224812 0.633025 -0.153889
-0.044395 0.565832 1.318528 0.724583 0.224780 0.633189 -0.153378
-0.044464 0.565466 1.318761 0.724560 0.224630 0.633405 -0.152816
-0.044534 0.565095 1.319013 0.724542 0.224380 0.633648 -0.152258
-0.044612 0.564722 1.319279 0.724530 0.224066 0.633903 -0.151716
-0.044699 0.564350 1.319555 0.724524 0.223710 0.634160 -0.151196
-0.044798 0.563979 1.319840 0.724523 0.223327 0.634414 -0.150702
-0.044909 0.563611 1.320131 0.724528 0.222925 0.634660 -0.150236
-0.045034 0.563246 1.320427 0.724539 0.222511 0.634895 -0.149800
-0.045170 0.562884 1.320728 0.724553 0.222094 0.635122 -0.149389
-0.045319 0.562525 1.321031 0.724566 0.221682 0.635343 -0.149000
-0.045481 0.562168 1.321336 0.724577 0.221279 0.635557 -0.148630
-0.045653 0.561813 1.321643 0.724586 0.220886 0.635765 -0.148278
-0.045837 0.561461 1.321951 0.724593 0.220505 0.635967 -0.147944
-0.046031 0.561111 1.322260 0.724598 0.220137 0.636164 -0.147627
-0.046235 0.560762 1.322569 0.724599 0.219780 0.636355 -0.147325
-0.046449 0.560415 1.322878 0.724598 0.219435 0.636542 -0.147038
-0.046671 0.560069 1.323187 0.724595 0.219102 0.636723 -0.146766
-0.046900 0.559726 1.323495 0.724590 0.218782 0.636898 -0.146508
-0.047136 0.559384 1.323802 0.724585 0.218473 0.637066 -0.146264
-0.047378 0.559045 1.324107 0.724580 0.218175 0.637226 -0.146033
-0.047622 0.558709 1.324410 0.724576 0.217888 0.637379 -0.145815
-0.047869 0.558374 1.324711 0.724573 0.217611 0.637524 -0.145610
-0.048118 0.558042 1.325010 0.724570 0.217342 0.637663 -0.145416
-0.048366 0.557712 1.325308 0.724569 0.217082 0.637796 -0.145232
-0.048613 0.557384 1.325603 0.724568 0.216829 0.637923 -0.145057
-0.048858 0.557057 1.325896 0.724568 0.216582 0.638044 -0.144890
-0.049100 0.556732 1.326188 0.724568 0.216341 0.638162 -0.144731
-0.049338 0.556408 1.326477 0.724569 0.216105 0.638276 -0.144577
-0.049571 0.556086 1.326765 0.724570 0.215873 0.638386 -0.144429
-0.049797 0.555764 1.327051 0.724572 0.215644 0.638494 -0.144286
-0.050018 0.555442 1.327335 0.724574 0.215418 0.638600 -0.144146
-0.050231 0.555122 1.327618 0.724575 0.215195 0.638704 -0.144009
-0.050436 0.554801 1.327899 0.724577 0.214973 0.638807 -0.143874
-0.050633 0.554481 1.328178 0.724579 0.214753 0.638909 -0.143741
-0.050821 0.554161 1.328455 0.724581 0.214533 0.639011 -0.143608
-0.051000 0.553841 1.328731 0.724582 0.214313 0.639113 -0.143476
-0.051168 0.553521 1.329005 0.724583 0.214094 0.639215 -0.143343
-0.051326 0.553201 1.329277 0.724584 0.213874 0.639318 -0.143209
-0.051474 0.552880 1.329548 0.724585 0.213652 0.639421 -0.143074
-0.051610 0.552559 1.329817 0.724585 0.213430 0.639526 -0.142937
-0.051735 0.552217 1.330119 0.724572 0.213364 0.639665 -0.142479
-0.051854 0.551858 1.330432 0.724591 0.213190 0.639814 -0.141970
-0.051975 0.551488 1.330752 0.724633 0.212923 0.639967 -0.141463
-0.052103 0.551114 1.331079 0.724689 0.212599 0.640121 -0.140970
-0.052240 0.550737 1.331409 0.724755 0.212238 0.640271 -0.140497
-0.052387 0.550360 1.331743 0.724828 0.211855 0.640413 -0.140048
-0.052546 0.549984 1.332079 0.724907 0.211457 0.640547 -0.139625
-0.052716 0.549609 1.332418 0.724993 0.211048 0.640670 -0.139231
-0.052897 0.549236 1.332757 0.725085 0.210631 0.640783 -0.138864
-0.053089 0.548865 1.333098 0.725183 0.210208 0.640884 -0.138527
-0.053291 0.548496 1.333440 0.725283 0.209785 0.640977 -0.138214
-0.053503 0.548129 1.333781 0.725381 0.209369 0.641065 -0.137921
-0.053724 0.547763 1.334121 0.725477 0.208964 0.641148 -0.137645
-0.053954 0.547399 1.334460 0.725569 0.208570 0.641228 -0.137385
-0.054193 0.547036 1.334798 0.725657 0.208190 0.641305 -0.137139
-0.054440 0.546674 1.335135 0.725740 0.207823 0.641380 -0.136906
-0.054694 0.546313 1.335469 0.725820 0.207469 0.641450 -0.136687
-0.054953 0.545954 1.335800 0.725898 0.207129 0.641516 -0.136480
-0.055216 0.545597 1.336128 0.725975 0.206801 0.641576 -0.136287
-0.055482 0.545242 1.336453 0.726050 0.206486 0.641631 -0.136104
-0.055750 0.544890 1.336775 0.726124 0.206182 0.641681 -0.135933
-0.056018 0.544539 1.337094 0.726197 0.205888 0.641727 -0.135773
-0.056286 0.544190 1.337409 0.726270 0.205604 0.641768 -0.135621
-0.056551 0.543843 1.337721 0.726341 0.205329 0.641806 -0.135477
-0.056814 0.543498 1.338031 0.726411 0.205061 0.641841 -0.135341
-0.057072 0.543153 1.338338 0.726480 0.204799 0.641874 -0.135211
-0.057326 0.542810 1.338641 0.726548 0.204544 0.641904 -0.135086
-0.057573 0.542468 1.338942 0.726615 0.204294 0.641934 -0.134965
-0.057814 0.542127 1.339240 0.726680 0.204049 0.641963 -0.134848
-0.058048 0.541786 1.339536 0.726744 0.203807 0.641991 -0.134733
-0.058274 0.541446 1.339829 0.726807 0.203568 0.642020 -0.134620
-0.058491 0.541106 1.340120 0.726868 0.203331 0.642049 -0.134508
-0.058700 0.540766 1.340408 0.726928 0.203097 0.642079 -0.134397
-0.058898 0.540426 1.340694 0.726986 0.202863 0.642110 -0.134286
-0.059086 0.540087 1.340978 0.727043 0.202631 0.642143 -0.134174
-0.059264 0.539747 1.341259 0.727098 0.202399 0.642177 -0.134060
-0.059431 0.539407 1.341538 0.727151 0.202166 0.642214 -0.133945
-0.059586 0.539067 1.341815 0.727203 0.201933 0.642253 -0.133828
-0.059730 0.538726 1.342089 0.727252 0.201700 0.642295 -0.133707
-0.059862 0.538385 1.342362 0.727301 0.201465 0.642340 -0.133584
-0.059984 0.538033 1.342689 0.727284 0.201453 0.642454 -0.133144
-0.060104 0.537674 1.343045 0.727266 0.201375 0.642597 -0.132671
-0.060226 0.537310 1.343421 0.727249 0.201239 0.642756 -0.132200
-0.060353 0.536945 1.343811 0.727233 0.201068 0.642923 -0.131734
-0.060487 0.536579 1.344211 0.727218 0.200873 0.643093 -0.131282
-0.060630 0.536214 1.344619 0.727211 0.200654 0.643257 -0.130857
-0.060780 0.535852 1.345031 0.727207 0.200421 0.643414 -0.130457
-0.060938 0.535493 1.345445 0.727207 0.200183 0.643566 -0.130080
-0.061102 0.535137 1.345860 0.727208 0.199945 0.643710 -0.129723
-0.061271 0.534785 1.346275 0.727211 0.199709 0.643848 -0.129386
-0.061444 0.534436 1.346691 0.727215 0.199477 0.643979 -0.129068
-0.061621 0.534090 1.347105 0.727221 0.199249 0.644103 -0.128767
-0.061799 0.533747 1.347518 0.727227 0.199026 0.644221 -0.128483
-0.061977 0.533407 1.347930 0.727235 0.198807 0.644334 -0.128213
-0.062156 0.533069 1.348340 0.727244 0.198591 0.644442 -0.127957
-0.062332 0.532733 1.348748 0.727253 0.198378 0.644545 -0.127713
-0.062507 0.532399 1.349154 0.727263 0.198168 0.644644 -0.127479
-0.062677 0.532067 1.349558 0.727274 0.197961 0.644741 -0.127256
-0.062844 0.531736 1.349959 0.727284 0.197754 0.644834 -0.127042
-0.063006 0.531407 1.350358 0.727295 0.197549 0.644925 -0.126835
-0.063162 0.531078 1.350754 0.727306 0.197345 0.645015 -0.126635
-0.063311 0.530750 1.351147 0.727317 0.197141 0.645103 -0.126440
-0.063454 0.530423 1.351538 0.727328 0.196937 0.645190 -0.126250
-0.063588 0.530096 1.351925 0.727339 0.196732 0.645277 -0.126064
-0.063715 0.529769 1.352310 0.727349 0.196527 0.645364 -0.125881
-0.063833 0.529442 1.352692 0.727359 0.196320 0.645451 -0.125701
-0.063942 0.529115 1.353071 0.727369 0.196111 0.645538 -0.125522
-0.064042 0.528788 1.353446 0.727378 0.195901 0.645627 -0.125344
-0.064132 0.528460 1.353819 0.727386 0.195689 0.645716 -0.125166
-0.064211 0.528132 1.354188 0.727393 0.195474 0.645807 -0.124988
-0.064280 0.527803 1.354554 0.727400 0.195256 0.645900 -0.124809
-0.064339 0.527474 1.354917 0.727407 0.195036 0.645994 -0.124630
-0.064387 0.527143 1.355277 0.727412 0.194813 0.646090 -0.124448
-0.064423 0.526812 1.355634 0.727417 0.194586 0.646189 -0.124265
-0.064449 0.526480 1.355987 0.727420 0.194356 0.646289 -0.124079
-0.064463 0.526147 1.356337 0.727423 0.194122 0.646392 -0.123891
-0.064465 0.525812 1.356685 0.727425 0.193884 0.646498 -0.123699
-0.064456 0.525477 1.357029 0.727426 0.193643 0.646607 -0.123504
-0.064436 0.525140 1.357370 0.727426 0.193398 0.646718 -0.123305
-0.064403 0.524802 1.357708 0.727425 0.193148 0.646832 -0.123103
-0.064369 0.524450 1.358110 0.727364 0.193092 0.647007 -0.122631
-0.064338 0.524095 1.358549 0.727293 0.192980 0.647210 -0.122163
-0.064314 0.523739 1.359011 0.727217 0.192820 0.647427 -0.121716
-0.064297 0.523383 1.359486 0.727140 0.192632 0.647649 -0.121287
-0.064288 0.523029 1.359971 0.727069 0.192415 0.647868 -0.120888
-0.064287 0.522678 1.360460 0.727007 0.192174 0.648078 -0.120522
-0.064294 0.522329 1.360953 0.726949 0.191919 0.648281 -0.120183
-0.064307 0.521983 1.361447 0.726895 0.191659 0.648477 -0.119865
-0.064325 0.521640 1.361940 0.726843 0.191398 0.648667 -0.119568
-0.064348 0.521300 1.362432 0.726794 0.191138 0.648851 -0.119287
-0.064374 0.520962 1.362923 0.726746 0.190881 0.649029 -0.119023
-0.064403 0.520627 1.363411 0.726699 0.190626 0.649201 -0.118773
-0.064433 0.520294 1.363897 0.726654 0.190374 0.649369 -0.118537
-0.064464 0.519962 1.364380 0.726611 0.190124 0.649532 -0.118312
-0.064495 0.519633 1.364861 0.726568 0.189876 0.649691 -0.118098
-0.064523 0.519304 1.365338 0.726527 0.189630 0.649846 -0.117894
-0.064550 0.518977 1.365812 0.726486 0.189386 0.649999 -0.117697
-0.064574 0.518650 1.366282 0.726446 0.189142 0.650149 -0.117508
-0.064595 0.518324 1.366749 0.726407 0.188899 0.650296 -0.117326
-0.064611 0.517999 1.367213 0.726368 0.188656 0.650442 -0.117148
-0.064622 0.517674 1.367672 0.726330 0.188412 0.650587 -0.116976
-0.064628 0.517349 1.368128 0.726292 0.188169 0.650730 -0.116806
-0.064627 0.517024 1.368580 0.726254 0.187924 0.650873 -0.116640
-0.064621 0.516699 1.369029 0.726216 0.187677 0.651015 -0.116476
-0.064607 0.516373 1.369473 0.726179 0.187430 0.651157 -0.116313
-0.064587 0.516047 1.369913 0.726141 0.187180 0.651300 -0.116151
-0.064558 0.515720 1.370350 0.726104 0.186928 0.651443 -0.115990
-0.064522 0.515393 1.370783 0.726066 0.186674 0.651586 -0.115828
-0.064478 0.515064 1.371211 0.726028 0.186418 0.651731 -0.115665
-0.064425 0.514735 1.371636 0.725991 0.186159 0.651876 -0.115501
-0.064363 0.514405 1.372057 0.725952 0.185896 0.652023 -0.115335
-0.064293 0.514073 1.372474 0.725914 0.185631 0.652170 -0.115167
-0.064214 0.513741 1.372887 0.725876 0.185362 0.652320 -0.114997
-0.064125 0.513407 1.373296 0.725837 0.185090 0.652471 -0.114824
-0.064027 0.513072 1.373702 0.725797 0.184815 0.652623 -0.114648
-0.063920 0.512736 1.374103 0.725758 0.184536 0.652778 -0.114468
-0.063803 0.512398 1.374501 0.725718 0.184253 0.652934 -0.114285
-0.063677 0.512058 1.374895 0.725678 0.183966 0.653093 -0.114098
-0.063541 0.511718 1.375286 0.725637 0.183675 0.653253 -0.113907
-0.063396 0.511375 1.375672 0.725596 0.183381 0.653416 -0.113712
-0.063248 0.511019 1.376124 0.725498 0.183284 0.653634 -0.113231
-0.063101 0.510654 1.376611 0.725397 0.183120 0.653881 -0.112721
-0.062958 0.510286 1.377121 0.725293 0.182905 0.654145 -0.112211
-0.062823 0.509917 1.377647 0.725186 0.182665 0.654416 -0.111706
-0.062696 0.509548 1.378183 0.725077 0.182420 0.654690 -0.111206
-0.062578 0.509182 1.378726 0.724966 0.182180 0.654964 -0.110710
-0.062467 0.508818 1.379273 0.724853 0.181951 0.655236 -0.110219
-0.062364 0.508457 1.379823 0.724738 0.181737 0.655504 -0.109733
-0.062267 0.508099 1.380375 0.724622 0.181539 0.655767 -0.109250
-0.062175 0.507744 1.380926 0.724504 0.181360 0.656027 -0.108771
-0.062088 0.507392 1.381477 0.724386 0.181194 0.656281 -0.108297
-0.062005 0.507042 1.382026 0.724270 0.181029 0.656530 -0.107840
-0.061924 0.506695 1.382574 0.724157 0.180862 0.656772 -0.107401
-0.061845 0.506349 1.383120 0.724048 0.180693 0.657009 -0.106978
-0.061766 0.506006 1.383662 0.723941 0.180522 0.657239 -0.106572
-0.061688 0.505664 1.384202 0.723837 0.180348 0.657465 -0.106180
-0.061608 0.505323 1.384738 0.723736 0.180171 0.657686 -0.105801
-0.061528 0.504983 1.385271 0.723637 0.179991 0.657902 -0.105434
-0.061445 0.504644 1.385800 0.723541 0.179808 0.658115 -0.105078
-0.061359 0.504305 1.386326 0.723447 0.179622 0.658325 -0.104732
-0.061271 0.503966 1.386847 0.723355 0.179432 0.658531 -0.104395
-0.061178 0.503628 1.387364 0.723265 0.179238 0.658735 -0.104066
-0.061081 0.503290 1.387877 0.723177 0.179040 0.658936 -0.103743
-0.060979 0.502951 1.388385 0.723090 0.178839 0.659136 -0.103427
-0.060872 0.502612 1.388888 0.723005 0.178633 0.659334 -0.103116
-0.060759 0.502273 1.389388 0.722921 0.178423 0.659530 -0.102809
-0.060641 0.501933 1.389882 0.722839 0.178208 0.659726 -0.102506
-0.060516 0.501591 1.390372 0.722758 0.177989 0.659920 -0.102207
-0.060385 0.501250 1.390857 0.722678 0.177766 0.660114 -0.101910
-0.060247 0.500907 1.391338 0.722599 0.177537 0.660308 -0.101615
-0.060102 0.500563 1.391814 0.722521 0.177304 0.660501 -0.101322
-0.059950 0.500217 1.392285 0.722443 0.177066 0.660694 -0.101030
-0.059791 0.499871 1.392751 0.722367 0.176823 0.660887 -0.100739
-0.059624 0.499523 1.393213 0.722292 0.176575 0.661080 -0.100447
-0.059450 0.499173 1.393671 0.722217 0.176322 0.661273 -0.100156
-0.059268 0.498823 1.394123 0.722143 0.176064 0.661467 -0.099865
-0.059078 0.498470 1.394572 0.722069 0.175801 0.661661 -0.099572
-0.058880 0.498116 1.395015 0.721996 0.175533 0.661856 -0.099279
-0.058675 0.497761 1.395454 0.721924 0.175259 0.662052 -0.098984
-0.058461 0.497404 1.395889 0.721852 0.174980 0.662248 -0.098688
-0.058252 0.497042 1.396392 0.721730 0.174885 0.662479 -0.098196
-0.058053 0.496679 1.396939 0.721588 0.174751 0.662736 -0.097743
-0.057866 0.496318 1.397516 0.721433 0.174586 0.663009 -0.097327
-0.057690 0.495960 1.398110 0.721268 0.174409 0.663293 -0.096937
-0.057525 0.495604 1.398716 0.721095 0.174235 0.663581 -0.096563
-0.057371 0.495251 1.399327 0.720917 0.174070 0.663870 -0.096200
-0.057226 0.494900 1.399942 0.720736 0.173919 0.664158 -0.095844
-0.057088 0.494552 1.400558 0.720552 0.173784 0.664444 -0.095492
-0.056957 0.494207 1.401173 0.720366 0.173666 0.664726 -0.095143
-0.056832 0.493864 1.401787 0.720178 0.173565 0.665005 -0.094795
-0.056712 0.493524 1.402399 0.719990 0.173480 0.665281 -0.094447
-0.056595 0.493185 1.403008 0.719804 0.173395 0.665552 -0.094112
-0.056481 0.492847 1.403613 0.719621 0.173308 0.665818 -0.093792
-0.056369 0.492511 1.404214 0.719442 0.173216 0.666078 -0.093486
-0.056258 0.492175 1.404811 0.719266 0.173120 0.666334 -0.093192
-0.056147 0.491841 1.405403 0.719094 0.173019 0.666585 -0.092910
-0.056035 0.491507 1.405991 0.718925 0.172913 0.666833 -0.092638
-0.055922 0.491173 1.406575 0.718759 0.172803 0.667077 -0.092376
-0.055807 0.490839 1.407153 0.718596 0.172687 0.667317 -0.092121
-0.055689 0.490504 1.407727 0.718436 0.172566 0.667555 -0.091874
-0.055569 0.490170 1.408295 0.718279 0.172439 0.667790 -0.091633
-0.055445 0.489835 1.408858 0.718125 0.172307 0.668022 -0.091396
-0.055317 0.489499 1.409416 0.717973 0.172169 0.668253 -0.091165
-0.055184 0.489162 1.409969 0.717823 0.172024 0.668482 -0.090937
-0.055047 0.488825 1.410516 0.717676 0.171874 0.668709 -0.090712
-0.054904 0.488486 1.411058 0.717531 0.171717 0.668935 -0.090489
-0.054756 0.488146 1.411595 0.717388 0.171555 0.669160 -0.090268
-0.054602 0.487805 1.412126 0.717247 0.171385 0.669384 -0.090048
-0.054442 0.487462 1.412652 0.717108 0.171210 0.669607 -0.089829
-0.054276 0.487118 1.413173 0.716971 0.171027 0.669830 -0.089610
-0.054104 0.486772 1.413689 0.716836 0.170839 0.670052 -0.089391
-0.053925 0.486425 1.414199 0.716703 0.170643 0.670273 -0.089171
-0.053739 0.486076 1.414704 0.716571 0.170441 0.670495 -0.088950
-0.053546 0.485725 1.415205 0.716441 0.170233 0.670716 -0.088727
-0.053347 0.485372 1.415700 0.716313 0.170017 0.670937 -0.088503
-0.053140 0.485018 1.416190 0.716186 0.169795 0.671158 -0.088277
-0.052926 0.484661 1.416675 0.716061 0.169567 0.671380 -0.088049
-0.052705 0.484303 1.417155 0.715938 0.169331 0.671601 -0.087818
-0.052476 0.483943 1.417631 0.715815 0.169090 0.671823 -0.087585
-0.052241 0.483580 1.418101 0.715694 0.168841 0.672045 -0.087349
-0.052001 0.483216 1.418627 0.715560 0.168763 0.672261 -0.086931
-0.051763 0.482853 1.419180 0.715439 0.168638 0.672469 -0.086567
-0.051526 0.482492 1.419750 0.715319 0.168475 0.672679 -0.086242
-0.051291 0.482132 1.420330 0.715196 0.168299 0.672893 -0.085937
-0.051058 0.481774 1.420915 0.715069 0.168121 0.673111 -0.085639
-0.050825 0.481416 1.421502 0.714936 0.167949 0.673332 -0.085341
-0.050593 0.481059 1.422088 0.714800 0.167788 0.673555 -0.085039
-0.050361 0.480702 1.422673 0.714659 0.167638 0.673781 -0.084730
-0.050128 0.480345 1.423256 0.714515 0.167501 0.674008 -0.084412
-0.049893 0.479988 1.423836 0.714368 0.167376 0.674236 -0.084084
-0.049657 0.479631 1.424412 0.714217 0.167263 0.674465 -0.083745
-0.049419 0.479273 1.424984 0.714064 0.167163 0.674696 -0.083394
-0.049179 0.478915 1.425552 0.713908 0.167075 0.674927 -0.083031
-0.048935 0.478555 1.426116 0.713752 0.166985 0.675159 -0.082668
-0.048689 0.478195 1.426674 0.713598 0.166888 0.675390 -0.082309
-0.048439 0.477834 1.427228 0.713445 0.166782 0.675620 -0.081955
-0.048185 0.477471 1.427777 0.713295 0.166667 0.675850 -0.081605
-0.047927 0.477107 1.428321 0.713146 0.166544 0.676079 -0.081259
-0.047666 0.476741 1.428861 0.713000 0.166412 0.676307 -0.080917
-0.047399 0.476374 1.429395 0.712855 0.166272 0.676535 -0.080577
-0.047128 0.476005 1.429924 0.712712 0.166122 0.676762 -0.080240
-0.046853 0.475635 1.430448 0.712571 0.165964 0.676989 -0.079904
-0.046572 0.475262 1.430967 0.712432 0.165798 0.677215 -0.079570
-0.046287 0.474889 1.431481 0.712294 0.165623 0.677442 -0.079238
-0.045996 0.474513 1.431991 0.712158 0.165440 0.677668 -0.078906
-0.045701 0.474135 1.432495 0.712024 0.165248 0.677895 -0.078574
-0.045400 0.473756 1.432994 0.711891 0.165048 0.678121 -0.078243
-0.045094 0.473374 1.433489 0.711760 0.164841 0.678347 -0.077912
-0.044782 0.472991 1.433979 0.711630 0.164625 0.678574 -0.077580
-0.044465 0.472605 1.434464 0.711502 0.164401 0.678800 -0.077248
-0.044143 0.472218 1.434945 0.711376 0.164169 0.679027 -0.076915
-0.043815 0.471828 1.435421 0.711250 0.163930 0.679253 -0.076581
-0.043482 0.471437 1.435892 0.711127 0.163683 0.679480 -0.076246
-0.043144 0.471043 1.436359 0.711004 0.163428 0.679707 -0.075910
-0.042800 0.470647 1.436822 0.710883 0.163166 0.679935 -0.075572
-0.042451 0.470250 1.437280 0.710763 0.162897 0.680162 -0.075234
-0.042097 0.469850 1.437734 0.710644 0.162620 0.680390 -0.074893
-0.041737 0.469448 1.438184 0.710527 0.162336 0.680618 -0.074551
-0.041372 0.469044 1.438630 0.710411 0.162045 0.680846 -0.074207
-0.041002 0.468638 1.439072 0.710296 0.161747 0.681074 -0.073861
-0.040628 0.468233 1.439575 0.710172 0.161604 0.681292 -0.073359
-0.040255 0.467832 1.440128 0.710040 0.161397 0.681530 -0.072876
-0.039884 0.467434 1.440714 0.709903 0.161141 0.681781 -0.072425
-0.039514 0.467039 1.441325 0.709763 0.160858 0.682039 -0.072000
-0.039148 0.466647 1.441955 0.709620 0.160562 0.682301 -0.071593
-0.038784 0.466257 1.442597 0.709475 0.160260 0.682564 -0.071196
-0.038421 0.465869 1.443247 0.709329 0.159959 0.682827 -0.070805
-0.038061 0.465482 1.443905 0.709181 0.159661 0.683090 -0.070418
-0.037701 0.465096 1.444566 0.709033 0.159369 0.683352 -0.070029
-0.037343 0.464710 1.445229 0.708884 0.159083 0.683613 -0.069638
-0.036984 0.464325 1.445893 0.708735 0.158806 0.683872 -0.069243
-0.036626 0.463940 1.446557 0.708585 0.158538 0.684130 -0.068842
-0.036268 0.463554 1.447219 0.708436 0.158267 0.684387 -0.068445
-0.035910 0.463168 1.447879 0.708290 0.157987 0.684641 -0.068058
-0.035550 0.462781 1.448535 0.708147 0.157698 0.684893 -0.067680
-0.035190 0.462392 1.449189 0.708008 0.157401 0.685142 -0.067311
-0.034828 0.462003 1.449838 0.707871 0.157094 0.685389 -0.066949
-0.034466 0.461612 1.450482 0.707737 0.156780 0.685634 -0.066594
-0.034101 0.461220 1.451122 0.707605 0.156458 0.685877 -0.066244
-0.033734 0.460827 1.451757 0.707476 0.156129 0.686119 -0.065900
-0.033366 0.460431 1.452386 0.707349 0.155793 0.686358 -0.065560
-0.032995 0.460034 1.453010 0.707224 0.155450 0.686597 -0.065224
-0.032622 0.459635 1.453628 0.707101 0.155101 0.686834 -0.064891
-0.032247 0.459234 1.454241 0.706980 0.154746 0.687069 -0.064560
-0.031869 0.458831 1.454847 0.706861 0.154385 0.687304 -0.064232
-0.031488 0.458426 1.455448 0.706744 0.154018 0.687538 -0.063905
-0.031105 0.458019 1.456042 0.706628 0.153645 0.687770 -0.063579
-0.030718 0.457610 1.456631 0.706513 0.153267 0.688002 -0.063254
-0.030329 0.457199 1.457213 0.706401 0.152884 0.688233 -0.062929
-0.029937 0.456785 1.457789 0.706289 0.152496 0.688463 -0.062605
-0.029542 0.456370 1.458359 0.706179 0.152102 0.688693 -0.062280
-0.029144 0.455955 1.458922 0.706070 0.151703 0.688922 -0.061952
-0.028746 0.455540 1.459477 0.705963 0.151298 0.689150 -0.061619
-0.028346 0.455127 1.460024 0.705858 0.150890 0.689377 -0.061284
-0.027947 0.454717 1.460563 0.705755 0.150478 0.689603 -0.060947
-0.027548 0.454310 1.461093 0.705654 0.150064 0.689826 -0.060610
-0.027151 0.453906 1.461614 0.705555 0.149649 0.690047 -0.060272
-0.026755 0.453507 1.462127 0.705458 0.149234 0.690265 -0.059935
-0.026362 0.453111 1.462630 0.705363 0.148820 0.690480 -0.059599
-0.025972 0.452719 1.463125 0.705270 0.148407 0.690693 -0.059265
-0.025580 0.452320 1.463673 0.705178 0.148192 0.690870 -0.058832
-0.025185 0.451919 1.464250 0.705103 0.147944 0.691030 -0.058477
-0.024786 0.451517 1.464848 0.705036 0.147657 0.691186 -0.058175
-0.024382 0.451113 1.465461 0.704972 0.147343 0.691340 -0.057902
-0.023975 0.450708 1.466085 0.704913 0.147010 0.691493 -0.057646
-0.023563 0.450301 1.466715 0.704857 0.146661 0.691645 -0.057399
-0.023147 0.449892 1.467350 0.704801 0.146307 0.691798 -0.057149
-0.022727 0.449480 1.467987 0.704743 0.145953 0.691953 -0.056890
-0.022303 0.449067 1.468624 0.704681 0.145602 0.692112 -0.056618
-0.021876 0.448651 1.469260 0.704617 0.145256 0.692273 -0.056331
-0.021445 0.448232 1.469895 0.704550 0.144917 0.692437 -0.056029
-0.021010 0.447811 1.470527 0.704480 0.144586 0.692604 -0.055710
-0.020573 0.447387 1.471156 0.704406 0.144262 0.692773 -0.055373
-0.020132 0.446960 1.471780 0.704329 0.143948 0.692945 -0.055019
-0.019687 0.446531 1.472401 0.704251 0.143632 0.693119 -0.054656
-0.019240 0.446099 1.473016 0.704173 0.143309 0.693294 -0.054293
-0.018791 0.445665 1.473626 0.704095 0.142975 0.693470 -0.053927
-0.018340 0.445232 1.474228 0.704019 0.142631 0.693646 -0.053558
-0.017888 0.444800 1.474823 0.703944 0.142278 0.693823 -0.053188
-0.017437 0.444369 1.475410 0.703872 0.141919 0.693999 -0.052817
-0.016987 0.443941 1.475989 0.703801 0.141553 0.694174 -0.052445
-0.016538 0.443517 1.476559 0.703731 0.141183 0.694347 -0.052074
-0.016091 0.443096 1.477119 0.703663 0.140809 0.694520 -0.051705
-0.015648 0.442678 1.477671 0.703597 0.140433 0.694690 -0.051337
-0.015207 0.442265 1.478213 0.703532 0.140055 0.694859 -0.050971
-0.014771 0.441856 1.478746 0.703468 0.139678 0.695026 -0.050609
-0.014339 0.441451 1.479269 0.703405 0.139300 0.695192 -0.050250
-0.013911 0.441051 1.479784 0.703344 0.138924 0.695355 -0.049894
-0.013488 0.440655 1.480289 0.703283 0.138549 0.695516 -0.049542
-0.013070 0.440265 1.480785 0.703223 0.138176 0.695676 -0.049194
-0.012657 0.439879 1.481271 0.703164 0.137805 0.695833 -0.048850
-0.012250 0.439498 1.481749 0.703106 0.137438 0.695988 -0.048510
-0.011849 0.439123 1.482218 0.703048 0.137074 0.696141 -0.048176
-0.011454 0.438752 1.482677 0.702992 0.136713 0.696292 -0.047846
-0.011064 0.438387 1.483129 0.702936 0.136357 0.696441 -0.047521
-0.010681 0.438027 1.483571 0.702880 0.136004 0.696588 -0.047201
-0.010304 0.437672 1.484005 0.702825 0.135656 0.696732 -0.046886
-0.009933 0.437321 1.484427 0.702780 0.135313 0.696865 -0.046576
-0.009569 0.436975 1.484839 0.702744 0.134975 0.696988 -0.046271
-0.009211 0.436633 1.485241 0.702716 0.134639 0.697101 -0.045969
-0.008847 0.436259 1.485701 0.702672 0.134535 0.697194 -0.045525
-0.008473 0.435862 1.486196 0.702641 0.134405 0.697278 -0.045097
-0.008089 0.435447 1.486718 0.702620 0.134232 0.697359 -0.044679
-0.007697 0.435019 1.487261 0.702606 0.134027 0.697440 -0.044259
-0.007298 0.434580 1.487819 0.702596 0.133795 0.697522 -0.043833
-0.006892 0.434135 1.488390 0.702590 0.133544 0.697603 -0.043395
-0.006481 0.433686 1.488968 0.702589 0.133278 0.697683 -0.042946
-0.006066 0.433235 1.489551 0.702590 0.133002 0.697763 -0.042484
-0.005649 0.432784 1.490136 0.702594 0.132720 0.697841 -0.042010
-0.005231 0.432334 1.490722 0.702599 0.132436 0.697918 -0.041526
-0.004813 0.431886 1.491306 0.702606 0.132154 0.697995 -0.041031
-0.004395 0.431441 1.491888 0.702616 0.131862 0.698069 -0.040541
-0.003979 0.430999 1.492465 0.702629 0.131558 0.698141 -0.040059
-0.003566 0.430562 1.493037 0.702645 0.131245 0.698210 -0.039586
-0.003155 0.430128 1.493604 0.702664 0.130922 0.698278 -0.039123
-0.002747 0.429699 1.494163 0.702685 0.130593 0.698344 -0.038669
-0.002343 0.429274 1.494716 0.702707 0.130259 0.698408 -0.038225
-0.001942 0.428854 1.495261 0.702731 0.129921 0.698471 -0.037789
-0.001547 0.428439 1.495799 0.702756 0.129580 0.698532 -0.037363
-0.001155 0.428029 1.496328 0.702782 0.129238 0.698592 -0.036945
-0.000769 0.427625 1.496849 0.702808 0.128895 0.698650 -0.036535
-0.000388 0.427226 1.497361 0.702834 0.128553 0.698708 -0.036134
-0.000012 0.426832 1.497865 0.702861 0.128211 0.698764 -0.035741
0.000358 0.426443 1.498360 0.702887 0.127871 0.698820 -0.035356
0.000722 0.426060 1.498846 0.702913 0.127533 0.698874 -0.034978
0.001082 0.425683 1.499324 0.702938 0.127198 0.698928 -0.034608
0.001435 0.425311 1.499792 0.702964 0.126866 0.698981 -0.034246
0.001782 0.424944 1.500252 0.702988 0.126537 0.699033 -0.033891
0.002124 0.424583 1.500704 0.703012 0.126211 0.699085 -0.033543
0.002460 0.424228 1.501146 0.703035 0.125889 0.699136 -0.033202
0.002789 0.423877 1.501581 0.703058 0.125572 0.699186 -0.032869
0.003113 0.423533 1.502006 0.703079 0.125258 0.699236 -0.032542
0.003431 0.423194 1.502424 0.703100 0.124949 0.699285 -0.032222
0.003743 0.422860 1.502833 0.703120 0.124645 0.699334 -0.031909
0.004050 0.422532 1.503234 0.703139 0.124345 0.699382 -0.031602
0.004350 0.422209 1.503627 0.703157 0.124049 0.699430 -0.031302
0.004645 0.421891 1.504013 0.703175 0.123759 0.699477 -0.031008
0.004934 0.421578 1.504390 0.703191 0.123473 0.699523 -0.030721
0.005217 0.421271 1.504760 0.703207 0.123192 0.699569 -0.030440
0.005495 0.420969 1.505123 0.703222 0.122915 0.699615 -0.030165
0.005776 0.420649 1.505542 0.703140 0.123002 0.699703 -0.029665
0.006067 0.420312 1.506002 0.703026 0.123122 0.699817 -0.029197
0.006372 0.419963 1.506493 0.702900 0.123218 0.699944 -0.028758
0.006689 0.419602 1.507006 0.702774 0.123276 0.700077 -0.028337
0.007020 0.419233 1.507536 0.702652 0.123290 0.700214 -0.027928
0.007362 0.418858 1.508078 0.702537 0.123261 0.700350 -0.027528
0.007713 0.418477 1.508629 0.702429 0.123193 0.700486 -0.027135
0.008073 0.418094 1.509184 0.702329 0.123089 0.700619 -0.026749
0.008440 0.417708 1.509743 0.702236 0.122953 0.700751 -0.026368
0.008813 0.417320 1.510302 0.702149 0.122790 0.700881 -0.025993
0.009191 0.416932 1.510860 0.702069 0.122602 0.701008 -0.025622
0.009571 0.416544 1.511415 0.701993 0.122394 0.701133 -0.025255
0.009955 0.416157 1.511966 0.701923 0.122168 0.701256 -0.024892
0.010340 0.415771 1.512513 0.701857 0.121927 0.701377 -0.024533
0.010725 0.415386 1.513054 0.701794 0.121672 0.701496 -0.024177
0.011111 0.415003 1.513588 0.701735 0.121407 0.701613 -0.023825
0.011496 0.414623 1.514115 0.701679 0.121134 0.701727 -0.023476
0.011880 0.414246 1.514635 0.701626 0.120852 0.701840 -0.023130
0.012262 0.413871 1.515148 0.701576 0.120565 0.701952 -0.022788
0.012642 0.413499 1.515652 0.701528 0.120273 0.702061 -0.022449
0.013019 0.413131 1.516148 0.701481 0.119977 0.702168 -0.022113
0.013393 0.412766 1.516636 0.701437 0.119679 0.702274 -0.021781
0.013764 0.412405 1.517115 0.701394 0.119379 0.702378 -0.021453
0.014131 0.412048 1.517585 0.701353 0.119078 0.702480 -0.021128
0.014494 0.411694 1.518048 0.701313 0.118776 0.702581 -0.020808
0.014853 0.411345 1.518501 0.701274 0.118475 0.702680 -0.020491
0.015207 0.411000 1.518946 0.701236 0.118174 0.702777 -0.020178
0.015557 0.410660 1.519383 0.701200 0.117874 0.702872 -0.019869
0.015902 0.410323 1.519812 0.701164 0.117576 0.702966 -0.019565
0.016242 0.409991 1.520232 0.701130 0.117280 0.703059 -0.019264
0.016577 0.409664 1.520644 0.701096 0.116986 0.703150 -0.018969
0.016907 0.409341 1.521048 0.701063 0.116695 0.703239 -0.018677
0.017232 0.409023 1.521444 0.701030 0.116406 0.703327 -0.018391
0.017552 0.408709 1.521832 0.700998 0.116121 0.703413 -0.018109
0.017866 0.408400 1.522212 0.700967 0.115838 0.703498 -0.017831
0.018175 0.408095 1.522585 0.700936 0.115559 0.703581 -0.017558
0.018479 0.407795 1.522951 0.700906 0.115283 0.703663 -0.017290
0.018778 0.407500 1.523309 0.700877 0.115011 0.703743 -0.017027
0.019071 0.407209 1.523660 0.700847 0.114742 0.703822 -0.016769
0.019359 0.406923 1.524004 0.700819 0.114477 0.703900 -0.016515
0.019648 0.406629 1.524399 0.700692 0.114575 0.704021 -0.016054
0.019945 0.406323 1.524821 0.700527 0.114735 0.704169 -0.015586
0.020253 0.406007 1.525263 0.700349 0.114890 0.704331 -0.015130
0.020571 0.405683 1.525718 0.700170 0.115018 0.704498 -0.014685
0.020900 0.405351 1.526183 0.699995 0.115113 0.704665 -0.014246
0.021237 0.405013 1.526654 0.699827 0.115174 0.704831 -0.013814
0.021583 0.404670 1.527128 0.699668 0.115200 0.704993 -0.013386
0.021936 0.404323 1.527604 0.699517 0.115196 0.705151 -0.012962
0.022294 0.403974 1.528079 0.699374 0.115164 0.705306 -0.012542
0.022657 0.403623 1.528553 0.699238 0.115108 0.705457 -0.012126
0.023023 0.403270 1.529024 0.699110 0.115029 0.705604 -0.011713
0.023392 0.402918 1.529491 0.698988 0.114930 0.705747 -0.011303
0.023762 0.402565 1.529954 0.698872 0.114815 0.705887 -0.010896
0.024133 0.402214 1.530411 0.698761 0.114686 0.706024 -0.010492
0.024504 0.401863 1.530862 0.698656 0.114543 0.706157 -0.010092
0.024874 0.401514 1.531307 0.698555 0.114390 0.706288 -0.009696
0.025244 0.401167 1.531746 0.698458 0.114227 0.706415 -0.009302
0.025611 0.400822 1.532178 0.698365 0.114055 0.706540 -0.008913
0.025977 0.400479 1.532603 0.698275 0.113877 0.706662 -0.008527
0.026340 0.400140 1.533021 0.698189 0.113693 0.706781 -0.008145
0.026699 0.399803 1.533432 0.698106 0.113505 0.706898 -0.007768
0.027056 0.399470 1.533836 0.698026 0.113312 0.707012 -0.007394
0.027409 0.399139 1.534232 0.697948 0.113115 0.707124 -0.007025
0.027758 0.398813 1.534622 0.697873 0.112917 0.707233 -0.006661
0.028103 0.398490 1.535004 0.697800 0.112716 0.707341 -0.006301
0.028444 0.398171 1.535379 0.697729 0.112514 0.707446 -0.005947
0.028780 0.397855 1.535746 0.697660 0.112311 0.707549 -0.005597
0.029112 0.397544 1.536107 0.697593 0.112107 0.707650 -0.005252
0.029439 0.397237 1.536461 0.697528 0.111903 0.707749 -0.004913
0.029761 0.396934 1.536808 0.697464 0.111700 0.707846 -0.004578
0.030079 0.396635 1.537148 0.697402 0.111497 0.707941 -0.004250
0.030391 0.396340 1.537482 0.697342 0.111295 0.708034 -0.003926
0.030698 0.396049 1.537809 0.697282 0.111094 0.708126 -0.003608
0.031000 0.395763 1.538130 0.697225 0.110894 0.708216 -0.003296
0.031297 0.395481 1.538444 0.697168 0.110695 0.708304 -0.002989
0.031589 0.395204 1.538753 0.697113 0.110498 0.708390 -0.002687
0.031876 0.394930 1.539055 0.697059 0.110303 0.708475 -0.002391
0.032157 0.394661 1.539351 0.697006 0.110110 0.708558 -0.002101
0.032434 0.394397 1.539641 0.696954 0.109919 0.708639 -0.001816
0.032705 0.394136 1.539926 0.696903 0.109730 0.708719 -0.001537
0.032979 0.393877 1.540276 0.696751 0.109931 0.708839 -0.001118
0.033264 0.393621 1.540665 0.696565 0.110165 0.708985 -0.000753
0.033563 0.393363 1.541083 0.696370 0.110382 0.709144 -0.000431
0.033877 0.393101 1.541523 0.696175 0.110563 0.709307 -0.000140
0.034204 0.392834 1.541978 0.695988 0.110701 0.709469 0.000131
0.034543 0.392561 1.542445 0.695810 0.110797 0.709629 0.000388
0.034893 0.392282 1.542920 0.695642 0.110850 0.709785 0.000636
0.035253 0.391999 1.543401 0.695484 0.110865 0.709937 0.000878
0.035621 0.391710 1.543884 0.695336 0.110845 0.710084 0.001116
0.035996 0.391417 1.544368 0.695197 0.110794 0.710228 0.001353
0.036377 0.391121 1.544851 0.695066 0.110716 0.710368 0.001589
0.036762 0.390821 1.545332 0.694943 0.110613 0.710504 0.001825
0.037150 0.390520 1.545809 0.694827 0.110488 0.710636 0.002062
0.037540 0.390216 1.546283 0.694717 0.110345 0.710765 0.002300
0.037932 0.389911 1.546751 0.694612 0.110185 0.710891 0.002538
0.038324 0.389606 1.547214 0.694513 0.110012 0.711014 0.002778
0.038717 0.389300 1.547670 0.694418 0.109826 0.711135 0.003019
0.039108 0.388995 1.548120 0.694327 0.109631 0.711253 0.003261
0.039498 0.388690 1.548563 0.694240 0.109426 0.711368 0.003504
0.039886 0.388386 1.549000 0.694156 0.109214 0.711481 0.003747
0.040272 0.388083 1.549429 0.694076 0.108995 0.711592 0.003991
0.040655 0.387782 1.549851 0.693998 0.108772 0.711701 0.004235
0.041035 0.387483 1.550265 0.693922 0.108544 0.711807 0.004478
0.041411 0.387186 1.550672 0.693849 0.108313 0.711912 0.004721
0.041783 0.386892 1.551072 0.693779 0.108079 0.712015 0.004963
0.042151 0.386600 1.551464 0.693710 0.107844 0.712116 0.005204
0.042515 0.386310 1.551849 0.693643 0.107607 0.712216 0.005444
0.042875 0.386024 1.552226 0.693577 0.107369 0.712313 0.005683
0.043230 0.385740 1.552597 0.693513 0.107131 0.712409 0.005920
0.043580 0.385460 1.552960 0.693451 0.106894 0.712504 0.006155
0.043925 0.385183 1.553316 0.693390 0.106657 0.712597 0.006387
0.044264 0.384909 1.553665 0.693330 0.106421 0.712688 0.006618
0.044599 0.384639 1.554008 0.693272 0.106186 0.712778 0.006846
0.044929 0.384373 1.554343 0.693215 0.105952 0.712866 0.007072
0.045253 0.384110 1.554672 0.693158 0.105721 0.712953 0.007295
0.045572 0.383850 1.554995 0.693103 0.105491 0.713038 0.007515
0.045886 0.383594 1.555311 0.693049 0.105263 0.713122 0.007732
0.046194 0.383342 1.555621 0.692996 0.105037 0.713204 0.007946
0.046497 0.383094 1.555924 0.692944 0.104814 0.713285 0.008157
0.046794 0.382850 1.556222 0.692893 0.104593 0.713365 0.008365
0.047095 0.382603 1.556587 0.692728 0.104810 0.713489 0.008729
0.047405 0.382356 1.556992 0.692514 0.105105 0.713649 0.009061
0.047728 0.382104 1.557425 0.692284 0.105391 0.713826 0.009350
0.048066 0.381845 1.557878 0.692053 0.105642 0.714009 0.009609
0.048418 0.381577 1.558346 0.691829 0.105849 0.714193 0.009851
0.048783 0.381301 1.558824 0.691613 0.106011 0.714374 0.010081
0.049159 0.381017 1.559308 0.691409 0.106129 0.714551 0.010306
0.049545 0.380726 1.559796 0.691216 0.106206 0.714723 0.010529
0.049939 0.380428 1.560286 0.691034 0.106246 0.714890 0.010751
0.050341 0.380124 1.560775 0.690862 0.106252 0.715052 0.010975
0.050748 0.379815 1.561262 0.690700 0.106227 0.715209 0.011200
0.051159 0.379502 1.561746 0.690546 0.106176 0.715361 0.011428
0.051574 0.379185 1.562225 0.690401 0.106102 0.715509 0.011658
0.051990 0.378866 1.562699 0.690263 0.106006 0.715653 0.011892
0.052409 0.378545 1.563168 0.690131 0.105893 0.715792 0.012129
0.052827 0.378222 1.563631 0.690006 0.105763 0.715928 0.012368
0.053245 0.377899 1.564086 0.689886 0.105620 0.716061 0.012610
0.053662 0.377575 1.564535 0.689771 0.105465 0.716190 0.012854
0.054077 0.377252 1.564977 0.689661 0.105299 0.716316 0.013101
0.054491 0.376929 1.565411 0.689555 0.105124 0.716439 0.013349
0.054901 0.376607 1.565838 0.689453 0.104942 0.716559 0.013597
0.055308 0.376287 1.566257 0.689354 0.104753 0.716677 0.013847
0.055712 0.375969 1.566669 0.689259 0.104559 0.716792 0.014098
0.056112 0.375652 1.567073 0.689167 0.104360 0.716905 0.014348
0.056507 0.375338 1.567469 0.689077 0.104157 0.717015 0.014599
0.056898 0.375027 1.567858 0.688991 0.103951 0.717123 0.014848
0.057284 0.374718 1.568240 0.688906 0.103743 0.717229 0.015097
0.057666 0.374412 1.568614 0.688824 0.103534 0.717333 0.015345
0.058042 0.374110 1.568981 0.688744 0.103323 0.717435 0.015592
0.058413 0.373811 1.569340 0.688666 0.103111 0.717535 0.015837
0.058779 0.373515 1.569693 0.688590 0.102899 0.717633 0.016080
0.059139 0.373222 1.570039 0.688515 0.102687 0.717730 0.016321
0.059494 0.372934 1.570377 0.688442 0.102476 0.717824 0.016560
0.059843 0.372649 1.570709 0.688371 0.102265 0.717917 0.016796
0.060186 0.372368 1.571035 0.688301 0.102055 0.718008 0.017030
0.060524 0.372091 1.571353 0.688233 0.101846 0.718098 0.017261
0.060856 0.371817 1.571666 0.688166 0.101638 0.718186 0.017489
0.061182 0.371548 1.571972 0.688100 0.101433 0.718273 0.017714
0.061502 0.371282 1.572272 0.688036 0.101228 0.718358 0.017937
0.061817 0.371021 1.572566 0.687973 0.101026 0.718441 0.018156
0.062139 0.370763 1.572926 0.687801 0.101222 0.718570 0.018494
0.062478 0.370509 1.573331 0.687587 0.101453 0.718735 0.018745
0.062837 0.370252 1.573766 0.687360 0.101658 0.718918 0.018933
0.063216 0.369987 1.574222 0.687134 0.101818 0.719108 0.019084
0.063615 0.369712 1.574695 0.686915 0.101926 0.719298 0.019217
0.064031 0.369426 1.575177 0.686708 0.101983 0.719484 0.019341
0.064462 0.369130 1.575667 0.686514 0.101991 0.719665 0.019464
0.064907 0.368824 1.576160 0.686332 0.101953 0.719841 0.019590
0.065364 0.368507 1.576655 0.686162 0.101874 0.720010 0.019721
0.065830 0.368182 1.577149 0.686003 0.101758 0.720174 0.019859
0.066304 0.367850 1.577641 0.685855 0.101609 0.720332 0.020005
0.066784 0.367510 1.578130 0.685717 0.101431 0.720484 0.020160
0.067269 0.367165 1.578614 0.685588 0.101227 0.720631 0.020323
0.067757 0.366815 1.579092 0.685467 0.101002 0.720773 0.020495
0.068248 0.366460 1.579565 0.685352 0.100758 0.720911 0.020675
0.068739 0.366103 1.580031 0.685244 0.100497 0.721045 0.020862
0.069231 0.365744 1.580490 0.685143 0.100222 0.721174 0.021057
0.069723 0.365382 1.580942 0.685046 0.099935 0.721300 0.021258
0.070212 0.365020 1.581386 0.684954 0.099638 0.721422 0.021466
0.070699 0.364658 1.581823 0.684866 0.099332 0.721541 0.021678
0.071184 0.364296 1.582252 0.684782 0.099020 0.721657 0.021896
0.071665 0.363934 1.582673 0.684701 0.098703 0.721771 0.022117
0.072142 0.363574 1.583086 0.684623 0.098381 0.721882 0.022342
0.072614 0.363216 1.583492 0.684548 0.098055 0.721990 0.022570
0.073082 0.362860 1.583890 0.684476 0.097728 0.722096 0.022800
0.073544 0.362506 1.584280 0.684405 0.097398 0.722200 0.023032
0.074001 0.362155 1.584663 0.684337 0.097069 0.722301 0.023266
0.074453 0.361806 1.585038 0.684270 0.096739 0.722401 0.023501
0.074898 0.361461 1.585405 0.684205 0.096410 0.722499 0.023735
0.075337 0.361120 1.585765 0.684142 0.096082 0.722595 0.023971
0.075770 0.360782 1.586118 0.684079 0.095755 0.722690 0.024206
0.076196 0.360448 1.586464 0.684018 0.095430 0.722783 0.024440
0.076616 0.360117 1.586803 0.683958 0.095108 0.722874 0.024673
0.077029 0.359791 1.587135 0.683900 0.094788 0.722963 0.024905
0.077436 0.359469 1.587461 0.683842 0.094472 0.723052 0.025136
0.077835 0.359152 1.587780 0.683785 0.094158 0.723138 0.025365
0.078228 0.358838 1.588092 0.683729 0.093848 0.723224 0.025593
0.078614 0.358529 1.588398 0.683674 0.093542 0.723307 0.025818
0.078994 0.358225 1.588698 0.683619 0.093239 0.723390 0.026041
0.079366 0.357925 1.588991 0.683566 0.092940 0.723471 0.026261
0.079743 0.357634 1.589351 0.683401 0.093059 0.723599 0.026590
0.080132 0.357351 1.589743 0.683194 0.093222 0.723765 0.026821
0.080535 0.357070 1.590155 0.682971 0.093365 0.723951 0.026982
0.080955 0.356786 1.590580 0.682746 0.093474 0.724145 0.027107
0.081390 0.356496 1.591012 0.682525 0.093545 0.724339 0.027217
0.081838 0.356199 1.591448 0.682314 0.093576 0.724531 0.027323
0.082298 0.355894 1.591886 0.682113 0.093569 0.724717 0.027430
0.082768 0.355580 1.592323 0.681923 0.093526 0.724897 0.027545
0.083247 0.355259 1.592758 0.681743 0.093450 0.725071 0.027667
0.083731 0.354931 1.593190 0.681574 0.093344 0.725238 0.027800
0.084222 0.354596 1.593617 0.681415 0.093212 0.725399 0.027942
0.084716 0.354255 1.594039 0.681265 0.093056 0.725554 0.028094
0.085212 0.353910 1.594455 0.681124 0.092879 0.725703 0.028256
0.085710 0.353561 1.594866 0.680990 0.092684 0.725847 0.028427
0.086208 0.353209 1.595270 0.680863 0.092473 0.725986 0.028606
0.086705 0.352855 1.595667 0.680743 0.092248 0.726120 0.028794
0.087201 0.352499 1.596057 0.680628 0.092011 0.726250 0.028989
0.087695 0.352142 1.596440 0.680518 0.091764 0.726376 0.029191
0.088186 0.351785 1.596817 0.680413 0.091509 0.726498 0.029399
0.088673 0.351428 1.597186 0.680313 0.091246 0.726617 0.029611
0.089157 0.351072 1.597548 0.680216 0.090978 0.726732 0.029829
0.089636 0.350717 1.597903 0.680123 0.090704 0.726844 0.030050
0.090110 0.350363 1.598251 0.680033 0.090427 0.726954 0.030275
0.090579 0.350012 1.598592 0.679946 0.090147 0.727061 0.030502
0.091043 0.349663 1.598927 0.679861 0.089865 0.727165 0.030732
0.091501 0.349317 1.599254 0.679778 0.089582 0.727267 0.030963
0.091952 0.348974 1.599575 0.679698 0.089298 0.727367 0.031196
0.092398 0.348634 1.599890 0.679620 0.089014 0.727465 0.031429
0.092837 0.348298 1.600198 0.679543 0.088730 0.727561 0.031662
0.093269 0.347965 1.600499 0.679468 0.088448 0.727656 0.031896
0.093695 0.347636 1.600795 0.679395 0.088166 0.727748 0.032129
0.094115 0.347311 1.601085 0.679322 0.087887 0.727839 0.032362
0.094527 0.346990 1.601368 0.679251 0.087609 0.727929 0.032593
0.094933 0.346674 1.601646 0.679182 0.087333 0.728016 0.032824
0.095331 0.346361 1.601918 0.679113 0.087061 0.728103 0.033052
0.095723 0.346053 1.602184 0.679045 0.086790 0.728188 0.033280
0.096108 0.345750 1.602445 0.678979 0.086523 0.728271 0.033505
0.096486 0.345451 1.602700 0.678913 0.086259 0.728353 0.033728
0.096858 0.345156 1.602950 0.678849 0.085998 0.728434 0.033950
0.097222 0.344866 1.603195 0.678785 0.085740 0.728514 0.034168
0.097593 0.344593 1.603509 0.678601 0.085867 0.728656 0.034457
0.097976 0.344333 1.603865 0.678361 0.086031 0.728853 0.034616
0.098376 0.344078 1.604249 0.678095 0.086181 0.729079 0.034692
0.098795 0.343821 1.604652 0.677822 0.086302 0.729317 0.034728
0.099233 0.343557 1.605068 0.677550 0.086390 0.729558 0.034747
0.099688 0.343285 1.605493 0.677285 0.086441 0.729797 0.034765
0.100160 0.343002 1.605924 0.677031 0.086457 0.730030 0.034790
0.100645 0.342707 1.606359 0.676789 0.086438 0.730255 0.034826
0.101142 0.342401 1.606794 0.676560 0.086387 0.730470 0.034878
0.101649 0.342083 1.607229 0.676345 0.086306 0.730676 0.034946
0.102163 0.341755 1.607663 0.676142 0.086197 0.730873 0.035031
0.102684 0.341416 1.608094 0.675951 0.086065 0.731060 0.035132
0.103209 0.341069 1.608523 0.675773 0.085912 0.731237 0.035250
0.103737 0.340714 1.608947 0.675606 0.085736 0.731406 0.035378
0.104267 0.340352 1.609367 0.675449 0.085532 0.731568 0.035510
0.104798 0.339985 1.609781 0.675303 0.085306 0.731723 0.035649
0.105329 0.339614 1.610189 0.675164 0.085061 0.731872 0.035795
0.105858 0.339240 1.610590 0.675032 0.084801 0.732016 0.035949
0.106385 0.338864 1.610985 0.674907 0.084529 0.732155 0.036111
0.106909 0.338487 1.611372 0.674787 0.084245 0.732290 0.036281
0.107429 0.338109 1.611753 0.674673 0.083952 0.732421 0.036457
0.107946 0.337731 1.612126 0.674562 0.083653 0.732547 0.036639
0.108458 0.337353 1.612492 0.674456 0.083347 0.732671 0.036827
0.108964 0.336977 1.612851 0.674353 0.083037 0.732791 0.037020
0.109466 0.336602 1.613203 0.674252 0.082723 0.732909 0.037217
0.109961 0.336230 1.613548 0.674155 0.082407 0.733024 0.037418
0.110450 0.335860 1.613886 0.674060 0.082090 0.733137 0.037622
0.110933 0.335493 1.614217 0.673967 0.081771 0.733247 0.037829
0.111409 0.335129 1.614542 0.673876 0.081453 0.733355 0.038038
0.111878 0.334768 1.614859 0.673786 0.081135 0.733462 0.038249
0.112341 0.334411 1.615170 0.673698 0.080818 0.733566 0.038462
0.112796 0.334058 1.615475 0.673612 0.080503 0.733669 0.038676
0.113244 0.333709 1.615773 0.673527 0.080190 0.733770 0.038890
0.113685 0.333364 1.616065 0.673442 0.079880 0.733870 0.039105
0.114119 0.333024 1.616351 0.673360 0.079572 0.733968 0.039319
0.114545 0.332688 1.616630 0.673278 0.079267 0.734065 0.039534
0.114965 0.332357 1.616904 0.673197 0.078966 0.734160 0.039748
0.115376 0.332030 1.617172 0.673117 0.078668 0.734253 0.039961
0.115781 0.331709 1.617434 0.673038 0.078373 0.734345 0.040174
0.116178 0.331392 1.617690 0.672960 0.078083 0.734436 0.040385
0.116573 0.331102 1.617990 0.672774 0.078119 0.734588 0.040659
0.116975 0.330837 1.618321 0.672539 0.078192 0.734784 0.040864
0.117384 0.330588 1.618672 0.672278 0.078263 0.735007 0.041014
0.117803 0.330346 1.619037 0.672004 0.078323 0.735244 0.041131
0.118231 0.330106 1.619412 0.671725 0.078367 0.735489 0.041233
0.118668 0.329865 1.619793 0.671446 0.078392 0.735736 0.041327
0.119112 0.329621 1.620178 0.671169 0.078399 0.735982 0.041422
0.119565 0.329371 1.620565 0.670897 0.078386 0.736226 0.041521
0.120025 0.329116 1.620954 0.670630 0.078354 0.736466 0.041629
0.120492 0.328854 1.621341 0.670371 0.078304 0.736702 0.041746
0.120965 0.328586 1.621728 0.670117 0.078237 0.736931 0.041875
0.121445 0.328311 1.622112 0.669872 0.078155 0.737156 0.042017
0.121931 0.328029 1.622494 0.669633 0.078057 0.737374 0.042172
0.122420 0.327740 1.622873 0.669403 0.077944 0.737585 0.042341
0.122912 0.327444 1.623248 0.669182 0.077818 0.737788 0.042524
0.123407 0.327142 1.623618 0.668970 0.077679 0.737984 0.042720
0.123901 0.326834 1.623985 0.668767 0.077530 0.738171 0.042930
0.124396 0.326520 1.624347 0.668572 0.077371 0.738352 0.043151
0.124889 0.326202 1.624705 0.668385 0.077204 0.738524 0.043383
0.125380 0.325879 1.625058 0.668207 0.077031 0.738690 0.043624
0.125868 0.325553 1.625406 0.668035 0.076850 0.738849 0.043874
0.126353 0.325224 1.625750 0.667873 0.076650 0.739003 0.044113
0.126834 0.324894 1.626089 0.667719 0.076428 0.739151 0.044340
0.127312 0.324561 1.626424 0.667575 0.076185 0.739293 0.044553
0.127784 0.324227 1.626754 0.667438 0.075923 0.739432 0.044751
0.128251 0.323893 1.627079 0.667309 0.075647 0.739565 0.044942
0.128713 0.323560 1.627399 0.667184 0.075362 0.739695 0.045129
0.129170 0.323228 1.627713 0.667065 0.075072 0.739821 0.045315
0.129621 0.322898 1.628021 0.666949 0.074778 0.739944 0.045501
0.130065 0.322571 1.628324 0.666837 0.074482 0.740063 0.045688
0.130504 0.322246 1.628621 0.666728 0.074185 0.740180 0.045875
0.130936 0.321923 1.628912 0.666622 0.073887 0.740294 0.046062
0.131361 0.321605 1.629197 0.666518 0.073591 0.740405 0.046250
0.131781 0.321289 1.629477 0.666417 0.073295 0.740513 0.046438
0.132193 0.320978 1.629750 0.666318 0.073001 0.740620 0.046626
0.132599 0.320670 1.630018 0.666221 0.072708 0.740724 0.046814
0.132998 0.320366 1.630280 0.666125 0.072419 0.740826 0.047002
0.133390 0.320066 1.630537 0.666032 0.072132 0.740926 0.047189
0.133776 0.319770 1.630788 0.665940 0.071848 0.741024 0.047376
0.134155 0.319479 1.631034 0.665850 0.071567 0.741120 0.047561
0.134527 0.319227 1.631296 0.665662 0.071600 0.741275 0.047743
0.134905 0.318996 1.631565 0.665442 0.071692 0.741456 0.047855
0.135292 0.318778 1.631840 0.665211 0.071799 0.741648 0.047933
0.135689 0.318565 1.632118 0.664980 0.071902 0.741841 0.048001
0.136096 0.318352 1.632400 0.664753 0.071993 0.742031 0.048069
0.136512 0.318137 1.632684 0.664533 0.072069 0.742216 0.048143
0.136936 0.317917 1.632969 0.664320 0.072128 0.742395 0.048226
0.137368 0.317691 1.633255 0.664114 0.072168 0.742569 0.048320
0.137807 0.317458 1.633541 0.663916 0.072189 0.742738 0.048425
0.138252 0.317218 1.633826 0.663725 0.072193 0.742900 0.048543
0.138704 0.316971 1.634111 0.663541 0.072180 0.743057 0.048673
0.139161 0.316717 1.634394 0.663364 0.072151 0.743209 0.048818
0.139624 0.316455 1.634676 0.663193 0.072107 0.743355 0.048976
0.140093 0.316186 1.634956 0.663028 0.072048 0.743496 0.049148
0.140566 0.315910 1.635235 0.662870 0.071975 0.743633 0.049334
0.141045 0.315627 1.635511 0.662717 0.071889 0.743764 0.049534
0.141528 0.315337 1.635785 0.662570 0.071790 0.743890 0.049748
0.142015 0.315040 1.636056 0.662428 0.071680 0.744012 0.049976
0.142507 0.314737 1.636326 0.662291 0.071558 0.744129 0.050217
0.143003 0.314428 1.636592 0.662160 0.071425 0.744241 0.050472
0.143504 0.314113 1.636857 0.662034 0.071282 0.744349 0.050739
0.144007 0.313792 1.637119 0.661912 0.071129 0.744453 0.051020
0.144515 0.313465 1.637378 0.661796 0.070966 0.744552 0.051313
0.145026 0.313132 1.637635 0.661683 0.070794 0.744647 0.051618
0.145541 0.312794 1.637889 0.661576 0.070613 0.744737 0.051936
0.146059 0.312450 1.638140 0.661472 0.070423 0.744824 0.052265
0.146579 0.312101 1.638389 0.661375 0.070225 0.744906 0.052606
0.147100 0.311747 1.638635 0.661283 0.070019 0.744982 0.052958
0.147621 0.311388 1.638878 0.661197 0.069805 0.745052 0.053321
0.148141 0.311024 1.639118 0.661117 0.069585 0.745117 0.053694
0.148659 0.310656 1.639354 0.661043 0.069359 0.745176 0.054074
0.149174 0.310284 1.639588 0.660975 0.069129 0.745230 0.054462
0.149685 0.309910 1.639819 0.660912 0.068895 0.745279 0.054856
0.150193 0.309533 1.640046 0.660854 0.068649 0.745324 0.055245
0.150696 0.309155 1.640271 0.660803 0.068385 0.745366 0.055620
0.151194 0.308776 1.640494 0.660757 0.068103 0.745405 0.055978
0.151687 0.308396 1.640713 0.660717 0.067802 0.745442 0.056319
0.152174 0.308016 1.640930 0.660682 0.067484 0.745477 0.056643
0.152655 0.307636 1.641145 0.660652 0.067150 0.745511 0.056947
0.153129 0.307256 1.641357 0.660627 0.066800 0.745543 0.057234
0.153585 0.306948 1.641567 0.660516 0.066685 0.745638 0.057407
0.154035 0.306688 1.641775 0.660378 0.066656 0.745755 0.057507
0.154483 0.306461 1.641981 0.660234 0.066673 0.745876 0.057572
0.154930 0.306258 1.642188 0.660091 0.066715 0.745995 0.057621
0.155376 0.306071 1.642395 0.659952 0.066768 0.746111 0.057662
0.155820 0.305895 1.642604 0.659817 0.066824 0.746222 0.057698
0.156262 0.305726 1.642814 0.659685 0.066880 0.746331 0.057733
0.156704 0.305561 1.643025 0.659557 0.066932 0.746437 0.057768
0.157144 0.305397 1.643238 0.659431 0.066978 0.746541 0.057805
0.157583 0.305233 1.643452 0.659307 0.067019 0.746644 0.057845
0.158022 0.305068 1.643666 0.659185 0.067051 0.746745 0.057891
0.158461 0.304901 1.643882 0.659065 0.067076 0.746845 0.057943
0.158900 0.304730 1.644097 0.658946 0.067093 0.746943 0.058002
0.159340 0.304555 1.644312 0.658829 0.067101 0.747041 0.058070
0.159781 0.304376 1.644528 0.658714 0.067101 0.747136 0.058148
0.160223 0.304192 1.644742 0.658600 0.067092 0.747230 0.058235
0.160666 0.304003 1.644957 0.658489 0.067073 0.747322 0.058333
0.161111 0.303808 1.645170 0.658380 0.067045 0.747412 0.058442
0.161559 0.303608 1.645383 0.658273 0.067009 0.747500 0.058562
0.162008 0.303401 1.645595 0.658169 0.066963 0.747586 0.058695
0.162460 0.303189 1.645806 0.658067 0.066907 0.747669 0.058839
0.162914 0.302970 1.646015 0.657967 0.066843 0.747750 0.058996
0.163371 0.302745 1.646224 0.657871 0.066769 0.747829 0.059165
0.163831 0.302513 1.646431 0.657777 0.066686 0.747904 0.059346
0.164293 0.302275 1.646636 0.657686 0.066593 0.747977 0.059540
0.164759 0.302030 1.646841 0.657597 0.066492 0.748048 0.059746
0.165227 0.301779 1.647043 0.657512 0.066382 0.748115 0.059965
0.165698 0.301521 1.647245 0.657429 0.066263 0.748180 0.060196
0.166172 0.301257 1.647445 0.657349 0.066135 0.748242 0.060439
0.166649 0.300986 1.647643 0.657272 0.065998 0.748301 0.060695
0.167129 0.300709 1.647840 0.657198 0.065854 0.748357 0.060962
0.167612 0.300425 1.648035 0.657127 0.065700 0.748410 0.061242
0.168098 0.300134 1.648229 0.657059 0.065538 0.748460 0.061533
0.168585 0.299837 1.648421 0.656995 0.065368 0.748506 0.061837
0.169073 0.299534 1.648611 0.656936 0.065190 0.748547 0.062151
0.169561 0.299225 1.648799 0.656882 0.065005 0.748584 0.062475
0.170047 0.298910 1.648984 0.656833 0.064812 0.748615 0.062809
0.170531 0.298590 1.649168 0.656790 0.064614 0.748642 0.063150
0.171013 0.298265 1.649349 0.656751 0.064411 0.748664 0.063499
0.171491 0.297937 1.649528 0.656716 0.064204 0.748682 0.063853
0.171950 0.297679 1.649698 0.656615 0.064110 0.748768 0.063981
0.172401 0.297474 1.649862 0.656494 0.064082 0.748875 0.063999
0.172848 0.297308 1.650022 0.656371 0.064100 0.748983 0.063966
0.173290 0.297171 1.650182 0.656251 0.064148 0.749090 0.063905
0.173727 0.297055 1.650343 0.656133 0.064217 0.749195 0.063825
0.174159 0.296955 1.650507 0.656014 0.064299 0.749299 0.063730
0.174585 0.296865 1.650674 0.655894 0.064391 0.749405 0.063622
0.175006 0.296783 1.650845 0.655771 0.064489 0.749515 0.063503
0.175421 0.296705 1.651019 0.655643 0.064591 0.749629 0.063375
0.175831 0.296630 1.651198 0.655511 0.064694 0.749748 0.063239
0.176239 0.296555 1.651379 0.655378 0.064794 0.749866 0.063101
0.176644 0.296479 1.651562 0.655249 0.064887 0.749982 0.062964
0.177049 0.296400 1.651746 0.655125 0.064971 0.750095 0.062829
0.177454 0.296316 1.651932 0.655007 0.065044 0.750202 0.062700
0.177859 0.296228 1.652118 0.654896 0.065105 0.750304 0.062576
0.178266 0.296133 1.652305 0.654791 0.065153 0.750401 0.062462
0.178674 0.296032 1.652493 0.654691 0.065187 0.750494 0.062359
0.179084 0.295924 1.652683 0.654595 0.065209 0.750583 0.062267
0.179495 0.295808 1.652873 0.654503 0.065217 0.750670 0.062188
0.179909 0.295684 1.653064 0.654413 0.065212 0.750755 0.062121
0.180324 0.295552 1.653255 0.654325 0.065195 0.750837 0.062069
0.180742 0.295413 1.653447 0.654240 0.065165 0.750917 0.062030
0.181163 0.295264 1.653639 0.654156 0.065123 0.750995 0.062006
0.181587 0.295107 1.653831 0.654075 0.065069 0.751071 0.061997
0.182013 0.294942 1.654023 0.653996 0.065003 0.751146 0.062003
0.182442 0.294768 1.654214 0.653919 0.064925 0.751218 0.062024
0.182875 0.294585 1.654405 0.653844 0.064836 0.751288 0.062060
0.183311 0.294394 1.654595 0.653771 0.064735 0.751355 0.062112
0.183750 0.294193 1.654785 0.653701 0.064624 0.751421 0.062180
0.184192 0.293984 1.654973 0.653632 0.064502 0.751483 0.062263
0.184638 0.293767 1.655160 0.653567 0.064369 0.751544 0.062362
0.185087 0.293541 1.655347 0.653503 0.064226 0.751602 0.062477
0.185540 0.293306 1.655532 0.653442 0.064073 0.751657 0.062606
0.185996 0.293063 1.655716 0.653383 0.063909 0.751710 0.062751
0.186455 0.292811 1.655899 0.653327 0.063736 0.751760 0.062911
0.186917 0.292551 1.656081 0.653274 0.063553 0.751807 0.063086
0.187381 0.292282 1.656260 0.653225 0.063361 0.751850 0.063276
0.187846 0.292006 1.656438 0.653181 0.063159 0.751888 0.063479
0.188311 0.291722 1.656614 0.653142 0.062949 0.751922 0.063694
0.188775 0.291431 1.656788 0.653108 0.062731 0.751950 0.063921
0.189221 0.291194 1.656965 0.652990 0.062580 0.752059 0.063984
0.189656 0.290996 1.657141 0.652833 0.062473 0.752207 0.063964
0.190086 0.290827 1.657317 0.652656 0.062402 0.752371 0.063907
0.190512 0.290679 1.657494 0.652468 0.062357 0.752544 0.063834
0.190933 0.290546 1.657673 0.652274 0.062331 0.752721 0.063752
0.191349 0.290424 1.657854 0.652073 0.062319 0.752904 0.063664
0.191761 0.290308 1.658037 0.651867 0.062315 0.753091 0.063572
0.192169 0.290196 1.658223 0.651654 0.062318 0.753282 0.063478
0.192572 0.290086 1.658411 0.651435 0.062324 0.753479 0.063381
0.192972 0.289976 1.658602 0.651211 0.062332 0.753681 0.063284
0.193369 0.289866 1.658795 0.650980 0.062340 0.753887 0.063187
0.193763 0.289752 1.658991 0.650744 0.062348 0.754099 0.063090
0.194154 0.289636 1.659189 0.650502 0.062353 0.754315 0.062995
0.194543 0.289515 1.659390 0.650255 0.062355 0.754535 0.062901
0.194931 0.289390 1.659593 0.650003 0.062354 0.754760 0.062811
0.195316 0.289260 1.659797 0.649746 0.062349 0.754989 0.062724
0.195701 0.289124 1.660004 0.649484 0.062338 0.755222 0.062640
0.196085 0.288982 1.660213 0.649218 0.062322 0.755459 0.062561
0.196469 0.288832 1.660423 0.648955 0.062297 0.755693 0.062490
0.196856 0.288676 1.660633 0.648697 0.062260 0.755922 0.062428
0.197245 0.288510 1.660843 0.648448 0.062209 0.756144 0.062377
0.197638 0.288336 1.661052 0.648209 0.062144 0.756358 0.062338
0.198034 0.288153 1.661260 0.647981 0.062063 0.756562 0.062310
0.198435 0.287961 1.661466 0.647764 0.061968 0.756757 0.062295
0.198840 0.287759 1.661671 0.647559 0.061857 0.756941 0.062291
0.199250 0.287548 1.661875 0.647367 0.061730 0.757116 0.062301
0.199664 0.287326 1.662076 0.647186 0.061587 0.757280 0.062323
0.200083 0.287095 1.662276 0.647017 0.061429 0.757434 0.062358
0.200506 0.286854 1.662474 0.646861 0.061256 0.757578 0.062405
0.200935 0.286603 1.662670 0.646716 0.061067 0.757711 0.062465
0.201369 0.286343 1.662864 0.646584 0.060863 0.757835 0.062538
0.201807 0.286072 1.663056 0.646464 0.060645 0.757948 0.062623
0.202250 0.285791 1.663246 0.646355 0.060411 0.758051 0.062721
0.202699 0.285501 1.663434 0.646258 0.060163 0.758144 0.062831
0.203152 0.285201 1.663620 0.646173 0.059901 0.758228 0.062953
0.203609 0.284891 1.663804 0.646099 0.059624 0.758301 0.063087
0.204070 0.284572 1.663986 0.646039 0.059333 0.758363 0.063233
0.204532 0.284244 1.664164 0.645993 0.059029 0.758414 0.063388
0.204997 0.283906 1.664341 0.645960 0.058711 0.758452 0.063553
0.205461 0.283561 1.664514 0.645940 0.058382 0.758480 0.063726
0.205914 0.283276 1.664705 0.645813 0.058281 0.758571 0.064031
0.206358 0.283030 1.664899 0.645613 0.058328 0.758705 0.064413
0.206795 0.282809 1.665096 0.645367 0.058468 0.758866 0.064838
0.207228 0.282608 1.665293 0.645093 0.058667 0.759045 0.065292
0.207657 0.282418 1.665489 0.644800 0.058906 0.759235 0.065765
0.208083 0.282238 1.665684 0.644494 0.059173 0.759432 0.066252
0.208506 0.282064 1.665877 0.644178 0.059462 0.759634 0.066751
0.208927 0.281893 1.666069 0.643855 0.059766 0.759838 0.067260
0.209347 0.281725 1.666260 0.643527 0.060083 0.760045 0.067779
0.209765 0.281558 1.666449 0.643194 0.060410 0.760254 0.068308
0.210181 0.281390 1.666636 0.642857 0.060746 0.760464 0.068845
0.210596 0.281222 1.666823 0.642517 0.061087 0.760674 0.069390
0.211010 0.281052 1.667009 0.642174 0.061435 0.760885 0.069944
0.211423 0.280880 1.667193 0.641828 0.061786 0.761097 0.070507
0.211835 0.280706 1.667377 0.641479 0.062141 0.761309 0.071077
0.212247 0.280528 1.667560 0.641128 0.062498 0.761521 0.071655
0.212659 0.280348 1.667743 0.640775 0.062858 0.761733 0.072242
0.213070 0.280164 1.667925 0.640420 0.063219 0.761945 0.072836
0.213481 0.279976 1.668106 0.640063 0.063581 0.762157 0.073437
0.213892 0.279784 1.668287 0.639704 0.063943 0.762369 0.074047
0.214303 0.279588 1.668468 0.639344 0.064306 0.762581 0.074663
0.214714 0.279387 1.668649 0.638982 0.064668 0.762792 0.075288
0.215125 0.279183 1.668829 0.638618 0.065030 0.763004 0.075919
0.215536 0.278973 1.669009 0.638253 0.065391 0.763214 0.076558
0.215948 0.278760 1.669188 0.637887 0.065745 0.763426 0.077197
0.216360 0.278542 1.669368 0.637521 0.066082 0.763638 0.077824
0.216772 0.278319 1.669547 0.637156 0.066401 0.763853 0.078438
0.217186 0.278092 1.669725 0.636797 0.066699 0.764064 0.079040
0.217603 0.277858 1.669902 0.636448 0.066975 0.764269 0.079632
0.218024 0.277619 1.670076 0.636113 0.067226 0.764465 0.080215
0.218448 0.277374 1.670248 0.635793 0.067453 0.764651 0.080790
0.218876 0.277122 1.670417 0.635489 0.067655 0.764825 0.081358
0.219307 0.276864 1.670582 0.635205 0.067832 0.764986 0.081917
0.219739 0.276600 1.670744 0.634940 0.067986 0.765133 0.082467
0.220173 0.276330 1.670902 0.634695 0.068116 0.765266 0.083008
0.220608 0.276055 1.671056 0.634470 0.068223 0.765386 0.083540
0.221042 0.275776 1.671207 0.634263 0.068310 0.765492 0.084061
0.221475 0.275492 1.671354 0.634075 0.068375 0.765586 0.084571
0.221908 0.275205 1.671497 0.633905 0.068422 0.765667 0.085069
0.222339 0.274915 1.671637 0.633752 0.068450 0.765737 0.085557
0.222781 0.274725 1.671783 0.633565 0.068533 0.765845 0.085913
0.223225 0.274584 1.671928 0.633321 0.068818 0.765966 0.086399
0.223669 0.274473 1.672069 0.633043 0.069226 0.766095 0.086960
0.224115 0.274379 1.672206 0.632744 0.069700 0.766232 0.087556
0.224561 0.274296 1.672339 0.632434 0.070208 0.766372 0.088162
0.225007 0.274218 1.672468 0.632118 0.070731 0.766514 0.088770
0.225453 0.274143 1.672594 0.631799 0.071258 0.766658 0.089370
0.225899 0.274068 1.672717 0.631480 0.071783 0.766803 0.089962
0.226345 0.273991 1.672837 0.631160 0.072300 0.766950 0.090541
0.226790 0.273911 1.672956 0.630841 0.072807 0.767097 0.091109
0.227234 0.273828 1.673074 0.630522 0.073302 0.767246 0.091663
0.227678 0.273739 1.673190 0.630204 0.073784 0.767396 0.092203
0.228121 0.273645 1.673306 0.629887 0.074250 0.767548 0.092730
0.228564 0.273546 1.673422 0.629570 0.074702 0.767702 0.093244
0.229006 0.273440 1.673538 0.629255 0.075137 0.767858 0.093743
0.229447 0.273329 1.673654 0.628939 0.075556 0.768015 0.094230
0.229887 0.273210 1.673770 0.628625 0.075959 0.768175 0.094703
0.230327 0.273085 1.673888 0.628311 0.076345 0.768337 0.095163
0.230767 0.272953 1.674006 0.627997 0.076713 0.768501 0.095610
0.231206 0.272814 1.674124 0.627684 0.077065 0.768667 0.096044
0.231644 0.272668 1.674244 0.627371 0.077400 0.768836 0.096467
0.232082 0.272515 1.674365 0.627059 0.077718 0.769007 0.096877
0.232520 0.272355 1.674487 0.626747 0.078019 0.769181 0.097276
0.232958 0.272188 1.674611 0.626437 0.078303 0.769355 0.097663
0.233397 0.272013 1.674734 0.626134 0.078567 0.769526 0.098043
0.233838 0.271830 1.674857 0.625844 0.078809 0.769690 0.098416
0.234283 0.271639 1.674979 0.625567 0.079029 0.769846 0.098782
0.234732 0.271439 1.675100 0.625304 0.079226 0.769992 0.099143
0.235184 0.271231 1.675220 0.625058 0.079400 0.770129 0.099499
0.235640 0.271013 1.675338 0.624828 0.079551 0.770254 0.099851
0.236100 0.270787 1.675455 0.624613 0.079680 0.770370 0.100199
0.236564 0.270552 1.675570 0.624415 0.079785 0.770475 0.100544
0.237032 0.270309 1.675684 0.624233 0.079869 0.770569 0.100885
0.237504 0.270057 1.675796 0.624067 0.079931 0.770653 0.101223
0.237980 0.269796 1.675906 0.623917 0.079970 0.770726 0.101559
0.238459 0.269526 1.676014 0.623786 0.079989 0.770786 0.101891
0.238939 0.269249 1.676120 0.623672 0.079986 0.770835 0.102220
0.239420 0.268964 1.676223 0.623576 0.079962 0.770872 0.102544
0.239901 0.268672 1.676325 0.623498 0.079919 0.770897 0.102863
0.240382 0.268374 1.676425 0.623437 0.079857 0.770912 0.103175
0.240863 0.268154 1.676532 0.623356 0.079604 0.771022 0.103031
0.241341 0.267978 1.676637 0.623227 0.079444 0.771164 0.102874
0.241818 0.267832 1.676740 0.623066 0.079382 0.771317 0.102749
0.242293 0.267708 1.676839 0.622885 0.079391 0.771475 0.102655
0.242767 0.267599 1.676934 0.622691 0.079454 0.771634 0.102583
0.243239 0.267502 1.677026 0.622490 0.079561 0.771793 0.102531
0.243710 0.267412 1.677113 0.622283 0.079703 0.771949 0.102496
0.244181 0.267329 1.677196 0.622080 0.079873 0.772098 0.102479
0.244653 0.267249 1.677274 0.621884 0.080065 0.772235 0.102480
0.245127 0.267171 1.677346 0.621700 0.080274 0.772360 0.102499
0.245603 0.267093 1.677413 0.621528 0.080498 0.772470 0.102537
0.246082 0.267015 1.677474 0.621370 0.080735 0.772564 0.102592
0.246563 0.266935 1.677530 0.621227 0.080978 0.772645 0.102663
0.247046 0.266850 1.677582 0.621098 0.081218 0.772712 0.102742
0.247532 0.266759 1.677629 0.620985 0.081449 0.772768 0.102827
0.248021 0.266662 1.677673 0.620886 0.081669 0.772813 0.102916
0.248512 0.266557 1.677714 0.620801 0.081874 0.772847 0.103008
0.249005 0.266444 1.677753 0.620731 0.082064 0.772871 0.103103
0.249501 0.266322 1.677790 0.620674 0.082237 0.772885 0.103199
0.250000 0.266192 1.677825 0.620631 0.082392 0.772889 0.103298
0.250502 0.266052 1.677858 0.620601 0.082529 0.772885 0.103399
0.251006 0.265902 1.677891 0.620584 0.082648 0.772872 0.103502
0.251512 0.265743 1.677922 0.620580 0.082747 0.772851 0.103607
0.252022 0.265573 1.677952 0.620588 0.082828 0.772822 0.103714
0.252534 0.265394 1.677982 0.620608 0.082889 0.772785 0.103823
0.253049 0.265205 1.678012 0.620639 0.082931 0.772740 0.103934
0.253567 0.265006 1.678041 0.620681 0.082953 0.772688 0.104047
0.254087 0.264797 1.678070 0.620735 0.082956 0.772630 0.104162
0.254611 0.264578 1.678099 0.620799 0.082940 0.772564 0.104280
0.255136 0.264348 1.678128 0.620874 0.082905 0.772491 0.104399
0.255664 0.264109 1.678157 0.620961 0.082850 0.772411 0.104521
0.256192 0.263860 1.678186 0.621060 0.082775 0.772323 0.104644
0.256720 0.263603 1.678215 0.621172 0.082682 0.772226 0.104767
0.257247 0.263336 1.678243 0.621297 0.082569 0.772121 0.104890
0.257773 0.263062 1.678272 0.621433 0.082438 0.772009 0.105011
0.258296 0.262781 1.678300 0.621581 0.082290 0.771889 0.105130
0.258816 0.262494 1.678329 0.621739 0.082126 0.771764 0.105246
0.259333 0.262201 1.678358 0.621907 0.081946 0.771632 0.105358
0.259846 0.261903 1.678388 0.622085 0.081751 0.771495 0.105466
0.260355 0.261601 1.678418 0.622271 0.081543 0.771353 0.105569
0.260863 0.261373 1.678457 0.622418 0.081162 0.771324 0.105207
0.261366 0.261186 1.678510 0.622498 0.080878 0.771342 0.104819
0.261868 0.261025 1.678572 0.622535 0.080675 0.771384 0.104444
0.262368 0.260879 1.678639 0.622548 0.080534 0.771436 0.104096
0.262869 0.260743 1.678710 0.622548 0.080437 0.771489 0.103772
0.263371 0.260613 1.678783 0.622544 0.080371 0.771540 0.103469
0.263874 0.260485 1.678855 0.622542 0.080329 0.771583 0.103189
0.264379 0.260358 1.678927 0.622545 0.080305 0.771618 0.102929
0.264886 0.260230 1.678996 0.622555 0.080296 0.771643 0.102690
0.265396 0.260100 1.679063 0.622573 0.080301 0.771656 0.102473
0.265907 0.259968 1.679128 0.622602 0.080317 0.771657 0.102277
0.266421 0.259831 1.679189 0.622640 0.080338 0.771648 0.102098
0.266936 0.259688 1.679249 0.622689 0.080354 0.771629 0.101932
0.267453 0.259537 1.679307 0.622747 0.080361 0.771602 0.101775
0.267972 0.259378 1.679363 0.622815 0.080356 0.771568 0.101627
0.268493 0.259210 1.679418 0.622892 0.080338 0.771525 0.101486
0.269015 0.259033 1.679472 0.622979 0.080305 0.771476 0.101353
0.269540 0.258846 1.679525 0.623075 0.080257 0.771420 0.101227
0.270066 0.258649 1.679578 0.623180 0.080192 0.771358 0.101108
0.270594 0.258443 1.679631 0.623293 0.080111 0.771290 0.100996
0.271123 0.258226 1.679683 0.623414 0.080014 0.771216 0.100890
0.271655 0.257999 1.679735 0.623544 0.079900 0.771136 0.100791
0.272188 0.257762 1.679787 0.623681 0.079768 0.771050 0.100699
0.272723 0.257514 1.679839 0.623827 0.079620 0.770959 0.100614
0.273260 0.257257 1.679892 0.623979 0.079456 0.770863 0.100535
0.273799 0.256989 1.679944 0.624139 0.079274 0.770762 0.100463
0.274340 0.256711 1.679997 0.624305 0.079076 0.770656 0.100397
0.274883 0.256423 1.680051 0.624479 0.078861 0.770545 0.100337
0.275426 0.256125 1.680104 0.624661 0.078629 0.770428 0.100284
0.275969 0.255818 1.680158 0.624852 0.078379 0.770305 0.100236
0.276512 0.255501 1.680211 0.625052 0.078113 0.770175 0.100193
0.277052 0.255177 1.680265 0.625262 0.077829 0.770039 0.100153
0.277590 0.254845 1.680320 0.625479 0.077530 0.769897 0.100115
0.278126 0.254506 1.680374 0.625705 0.077216 0.769750 0.100079
0.278657 0.254161 1.680429 0.625938 0.076888 0.769598 0.100044
0.279185 0.253811 1.680485 0.626178 0.076546 0.769441 0.100009
0.279708 0.253457 1.680541 0.626424 0.076193 0.769281 0.099973
0.280227 0.253098 1.680598 0.626676 0.075827 0.769116 0.099935
0.280740 0.252737 1.680655 0.626934 0.075451 0.768949 0.099896
0.281248 0.252373 1.680713 0.627196 0.075065 0.768778 0.099855
0.281775 0.252086 1.680756 0.627470 0.074532 0.768664 0.099405
0.282313 0.251843 1.680779 0.627736 0.074077 0.768553 0.098925
0.282860 0.251631 1.680785 0.628003 0.073697 0.768431 0.098460
0.283416 0.251439 1.680776 0.628277 0.073375 0.768295 0.098014
0.283978 0.251262 1.680753 0.628561 0.073093 0.768145 0.097586
0.284544 0.251095 1.680717 0.628855 0.072851 0.767978 0.097185
0.285114 0.250933 1.680672 0.629158 0.072642 0.767796 0.096815
0.285686 0.250773 1.680618 0.629470 0.072454 0.767601 0.096470
0.286259 0.250612 1.680557 0.629789 0.072277 0.767397 0.096146
0.286833 0.250448 1.680491 0.630115 0.072107 0.767183 0.095841
0.287408 0.250280 1.680421 0.630446 0.071939 0.766963 0.095553
0.287983 0.250106 1.680347 0.630783 0.071770 0.766736 0.095279
0.288557 0.249926 1.680271 0.631124 0.071597 0.766503 0.095019
0.289132 0.249739 1.680194 0.631470 0.071418 0.766266 0.094771
0.289706 0.249544 1.680117 0.631818 0.071231 0.766025 0.094536
0.290281 0.249340 1.680038 0.632170 0.071036 0.765781 0.094313
0.290855 0.249128 1.679961 0.632525 0.070832 0.765533 0.094100
0.291429 0.248908 1.679884 0.632881 0.070617 0.765283 0.093897
0.292003 0.248678 1.679808 0.633240 0.070391 0.765030 0.093704
0.292577 0.248439 1.679734 0.633601 0.070153 0.764776 0.093521
0.293151 0.248191 1.679661 0.633963 0.069902 0.764520 0.093346
0.293725 0.247932 1.679591 0.634327 0.069639 0.764262 0.093181
0.294299 0.247665 1.679522 0.634692 0.069363 0.764003 0.093024
0.294873 0.247388 1.679456 0.635058 0.069074 0.763743 0.092876
0.295447 0.247101 1.679392 0.635426 0.068772 0.763482 0.092736
0.296021 0.246804 1.679330 0.635794 0.068456 0.763220 0.092603
0.296596 0.246498 1.679271 0.636163 0.068127 0.762957 0.092478
0.297170 0.246182 1.679215 0.636532 0.067784 0.762694 0.092361
0.297745 0.245857 1.679161 0.636902 0.067428 0.762429 0.092251
0.298319 0.245522 1.679110 0.637274 0.067058 0.762164 0.092149
0.298893 0.245178 1.679062 0.637648 0.066673 0.761897 0.092053
0.299464 0.244825 1.679016 0.638025 0.066273 0.761627 0.091963
0.300032 0.244464 1.678972 0.638405 0.065859 0.761354 0.091878
0.300597 0.244096 1.678932 0.638788 0.065431 0.761080 0.091797
0.301158 0.243721 1.678893 0.639173 0.064990 0.760803 0.091718
0.301714 0.243341 1.678858 0.639561 0.064536 0.760525 0.091642
0.302266 0.242956 1.678825 0.639950 0.064071 0.760246 0.091566
0.302811 0.242566 1.678795 0.640341 0.063595 0.759966 0.091490
0.303351 0.242173 1.678768 0.640732 0.063109 0.759686 0.091414
0.303886 0.241778 1.678744 0.641124 0.062614 0.759405 0.091337
0.304442 0.241466 1.678710 0.641535 0.062014 0.759161 0.090890
0.305008 0.241197 1.678669 0.641931 0.061496 0.758926 0.090412
0.305580 0.240954 1.678621 0.642317 0.061050 0.758691 0.089944
0.306155 0.240729 1.678568 0.642698 0.060658 0.758453 0.089497
0.306733 0.240513 1.678511 0.643076 0.060302 0.758211 0.089070
0.307311 0.240303 1.678451 0.643454 0.059970 0.757964 0.088660
0.307890 0.240094 1.678389 0.643832 0.059651 0.757714 0.088265
0.308468 0.239885 1.678325 0.644211 0.059340 0.757461 0.087885
0.309045 0.239673 1.678261 0.644589 0.059033 0.757206 0.087518
0.309621 0.239457 1.678197 0.644968 0.058725 0.756948 0.087164
0.310196 0.239235 1.678133 0.645347 0.058415 0.756688 0.086821
0.310769 0.239008 1.678070 0.645724 0.058101 0.756428 0.086493
0.311341 0.238774 1.678009 0.646098 0.057783 0.756169 0.086179
0.311911 0.238532 1.677950 0.646468 0.057460 0.755912 0.085880
0.312480 0.238283 1.677894 0.646832 0.057131 0.755657 0.085597
0.313047 0.238026 1.677840 0.647191 0.056796 0.755405 0.085329
0.313612 0.237761 1.677789 0.647543 0.056455 0.755157 0.085076
0.314175 0.237488 1.677741 0.647889 0.056107 0.754913 0.084838
0.314737 0.237207 1.677694 0.648229 0.055753 0.754673 0.084615
0.315297 0.236917 1.677651 0.648562 0.055393 0.754436 0.084407
0.315855 0.236620 1.677609 0.648889 0.055026 0.754204 0.084214
0.316412 0.236314 1.677570 0.649210 0.054653 0.753975 0.084036
0.316968 0.236000 1.677533 0.649524 0.054273 0.753749 0.083872
0.317523 0.235677 1.677498 0.649833 0.053888 0.753528 0.083723
0.318076 0.235347 1.677465 0.650136 0.053496 0.753309 0.083588
0.318627 0.235008 1.677434 0.650434 0.053097 0.753093 0.083467
0.319176 0.234662 1.677405 0.650729 0.052690 0.752879 0.083361
0.319721 0.234309 1.677377 0.651022 0.052276 0.752665 0.083267
0.320261 0.233950 1.677350 0.651312 0.051855 0.752452 0.083184
0.320797 0.233585 1.677326 0.651599 0.051427 0.752241 0.083112
0.321327 0.233215 1.677302 0.651883 0.050993 0.752031 0.083049
0.321852 0.232842 1.677281 0.652164 0.050553 0.751823 0.082995
0.322370 0.232466 1.677260 0.652442 0.050110 0.751617 0.082948
0.322882 0.232088 1.677242 0.652716 0.049663 0.751413 0.082909
0.323388 0.231708 1.677225 0.652986 0.049214 0.751211 0.082875
0.323886 0.231327 1.677209 0.653253 0.048763 0.751012 0.082847
0.324377 0.230947 1.677195 0.653515 0.048311 0.750816 0.082823
0.324862 0.230566 1.677182 0.653774 0.047859 0.750622 0.082804
0.325338 0.230186 1.677171 0.654027 0.047407 0.750431 0.082789
0.325808 0.229808 1.677160 0.654277 0.046956 0.750243 0.082778
0.326310 0.229518 1.677136 0.654539 0.046343 0.750100 0.082352
0.326832 0.229285 1.677101 0.654790 0.045815 0.749964 0.081891
0.327367 0.229090 1.677056 0.655033 0.045364 0.749828 0.081437
0.327909 0.228920 1.677004 0.655271 0.044977 0.749690 0.081003
0.328456 0.228767 1.676944 0.655505 0.044641 0.749550 0.080594
0.329004 0.228626 1.676879 0.655735 0.044342 0.749408 0.080209
0.329552 0.228490 1.676808 0.655963 0.044072 0.749263 0.079848
0.330099 0.228358 1.676733 0.656188 0.043824 0.749117 0.079507
0.330644 0.228227 1.676655 0.656410 0.043591 0.748969 0.079188
0.331186 0.228095 1.676574 0.656629 0.043370 0.748822 0.078887
0.331727 0.227960 1.676491 0.656846 0.043159 0.748674 0.078605
0.332265 0.227821 1.676407 0.657059 0.042953 0.748526 0.078341
0.332800 0.227677 1.676321 0.657269 0.042752 0.748379 0.078094
0.333333 0.227528 1.676234 0.657476 0.042554 0.748232 0.077865
0.333864 0.227373 1.676148 0.657680 0.042356 0.748087 0.077652
0.334393 0.227211 1.676061 0.657880 0.042159 0.747942 0.077455
0.334920 0.227042 1.675974 0.658077 0.041961 0.747798 0.077274
0.335444 0.226866 1.675888 0.658272 0.041760 0.747655 0.077109
0.335965 0.226682 1.675802 0.658466 0.041555 0.747511 0.076959
0.336481 0.226492 1.675717 0.658659 0.041345 0.747367 0.076823
0.336994 0.226294 1.675633 0.658852 0.041129 0.747221 0.076700
0.337501 0.226091 1.675550 0.659044 0.040907 0.747076 0.076590
0.338002 0.225882 1.675469 0.659234 0.040681 0.746930 0.076489
0.338498 0.225669 1.675389 0.659424 0.040449 0.746785 0.076399
0.338988 0.225451 1.675311 0.659612 0.040213 0.746640 0.076317
0.339471 0.225230 1.675234 0.659798 0.039973 0.746496 0.076243
0.339948 0.225007 1.675160 0.659982 0.039730 0.746353 0.076176
0.340418 0.224780 1.675087 0.660163 0.039484 0.746212 0.076115
0.340881 0.224552 1.675016 0.660342 0.039235 0.746072 0.076061
0.341337 0.224323 1.674947 0.660519 0.038985 0.745934 0.076011
0.341786 0.224093 1.674880 0.660693 0.038733 0.745797 0.075967
0.342229 0.223862 1.674815 0.660864 0.038480 0.745663 0.075926
0.342664 0.223631 1.674752 0.661032 0.038227 0.745531 0.075890
0.343092 0.223400 1.674691 0.661196 0.037974 0.745401 0.075857
0.343513 0.223170 1.674631 0.661358 0.037721 0.745273 0.075828
0.343927 0.222941 1.674574 0.661517 0.037469 0.745148 0.075801
0.344334 0.222712 1.674519 0.661672 0.037217 0.745025 0.075776
0.344734 0.222485 1.674465 0.661825 0.036967 0.744905 0.075754
0.345127 0.222260 1.674413 0.661974 0.036718 0.744787 0.075735
0.345513 0.222036 1.674363 0.662120 0.036471 0.744671 0.075717
0.345931 0.221874 1.674310 0.662263 0.036061 0.744604 0.075316
0.346368 0.221743 1.674257 0.662388 0.035721 0.744552 0.074893
0.346820 0.221627 1.674202 0.662497 0.035454 0.744506 0.074500
0.347282 0.221518 1.674146 0.662598 0.035234 0.744463 0.074139
0.347751 0.221408 1.674089 0.662694 0.035043 0.744420 0.073808
0.348225 0.221295 1.674030 0.662787 0.034869 0.744375 0.073503
0.348703 0.221174 1.673970 0.662879 0.034703 0.744329 0.073223
0.349183 0.221045 1.673909 0.662970 0.034540 0.744281 0.072965
0.349666 0.220907 1.673848 0.663061 0.034377 0.744231 0.072730
0.350149 0.220758 1.673786 0.663151 0.034211 0.744178 0.072515
0.350634 0.220598 1.673725 0.663242 0.034040 0.744124 0.072321
0.351120 0.220427 1.673663 0.663332 0.033864 0.744069 0.072146
0.351606 0.220245 1.673601 0.663423 0.033682 0.744012 0.071990
0.352092 0.220051 1.673540 0.663512 0.033493 0.743953 0.071852
0.352578 0.219847 1.673479 0.663603 0.033296 0.743893 0.071731
0.353063 0.219632 1.673419 0.663696 0.033090 0.743829 0.071628
0.353545 0.219407 1.673360 0.663791 0.032874 0.743763 0.071541
0.354024 0.219173 1.673302 0.663887 0.032649 0.743694 0.071468
0.354499 0.218931 1.673245 0.663984 0.032416 0.743623 0.071408
0.354970 0.218681 1.673190 0.664082 0.032174 0.743551 0.071360
0.355437 0.218426 1.673136 0.664181 0.031925 0.743477 0.071322
0.355899 0.218165 1.673083 0.664280 0.031670 0.743402 0.071294
0.356356 0.217899 1.673032 0.664379 0.031409 0.743326 0.071275
0.356807 0.217630 1.672982 0.664478 0.031143 0.743250 0.071263
0.357252 0.217357 1.672934 0.664576 0.030874 0.743174 0.071259
0.357692 0.217082 1.672888 0.664673 0.030600 0.743099 0.071261
0.358126 0.216805 1.672844 0.664769 0.030324 0.743023 0.071269
0.358554 0.216527 1.672801 0.664864 0.030046 0.742948 0.071281
0.358976 0.216247 1.672759 0.664958 0.029767 0.742874 0.071299
0.359391 0.215968 1.672720 0.665050 0.029487 0.742800 0.071320
0.359800 0.215689 1.672682 0.665141 0.029206 0.742728 0.071345
0.360203 0.215410 1.672645 0.665230 0.028925 0.742656 0.071373
0.360599 0.215132 1.672610 0.665317 0.028645 0.742586 0.071404
0.360989 0.214855 1.672577 0.665403 0.028366 0.742517 0.071438
0.361373 0.214580 1.672545 0.665487 0.028088 0.742449 0.071473
0.361750 0.214306 1.672514 0.665568 0.027812 0.742382 0.071511
0.362120 0.214035 1.672485 0.665648 0.027538 0.742317 0.071550
0.362485 0.213766 1.672457 0.665726 0.027266 0.742253 0.071591
0.362843 0.213499 1.672430 0.665803 0.026996 0.742191 0.071633
0.363194 0.213235 1.672405 0.665877 0.026729 0.742129 0.071676
0.363588 0.213037 1.672366 0.665952 0.026271 0.742113 0.071318
0.364008 0.212874 1.672316 0.666015 0.025893 0.742105 0.070949
0.364447 0.212731 1.672256 0.666070 0.025592 0.742097 0.070616
0.364898 0.212598 1.672186 0.666126 0.025346 0.742084 0.070319
0.365357 0.212469 1.672107 0.666184 0.025135 0.742064 0.070057
0.365820 0.212339 1.672021 0.666247 0.024948 0.742036 0.069824
0.366284 0.212208 1.671927 0.666315 0.024775 0.742000 0.069619
0.366747 0.212072 1.671827 0.666389 0.024613 0.741956 0.069437
0.367208 0.211933 1.671723 0.666468 0.024456 0.741905 0.069278
0.367667 0.211789 1.671615 0.666552 0.024303 0.741848 0.069137
0.368122 0.211641 1.671503 0.666640 0.024153 0.741785 0.069014
0.368572 0.211489 1.671389 0.666731 0.024003 0.741718 0.068907
0.369017 0.211333 1.671273 0.666824 0.023855 0.741648 0.068814
0.369457 0.211174 1.671155 0.666920 0.023707 0.741574 0.068733
0.369892 0.211012 1.671037 0.667018 0.023559 0.741497 0.068663
0.370321 0.210848 1.670919 0.667116 0.023412 0.741419 0.068604
0.370744 0.210681 1.670801 0.667215 0.023264 0.741339 0.068554
0.371160 0.210513 1.670683 0.667315 0.023117 0.741258 0.068511
0.371571 0.210344 1.670566 0.667414 0.022970 0.741176 0.068477
0.371975 0.210174 1.670450 0.667513 0.022823 0.741094 0.068448
0.372373 0.210003 1.670335 0.667611 0.022677 0.741012 0.068426
0.372765 0.209832 1.670221 0.667709 0.022532 0.740930 0.068409
0.373151 0.209661 1.670109 0.667805 0.022387 0.740849 0.068397
0.373530 0.209490 1.669999 0.667900 0.022243 0.740768 0.068389
0.373902 0.209320 1.669890 0.667994 0.022100 0.740689 0.068384
0.374269 0.209150 1.669784 0.668086 0.021958 0.740610 0.068384
0.374629 0.208981 1.669679 0.668176 0.021818 0.740532 0.068386
0.374983 0.208813 1.669576 0.668265 0.021678 0.740456 0.068391
0.375330 0.208647 1.669474 0.668352 0.021540 0.740381 0.068398
0.375672 0.208481 1.669375 0.668437 0.021404 0.740307 0.068408
0.376007 0.208318 1.669278 0.668520 0.021269 0.740235 0.068419
0.376337 0.208156 1.669183 0.668601 0.021136 0.740164 0.068432
0.376660 0.207995 1.669090 0.668681 0.021004 0.740095 0.068447
0.376978 0.207836 1.668999 0.668758 0.020874 0.740027 0.068463
0.377289 0.207680 1.668910 0.668834 0.020747 0.739961 0.068480
0.377595 0.207525 1.668823 0.668907 0.020620 0.739896 0.068498
0.377896 0.207372 1.668737 0.668979 0.020496 0.739833 0.068517
0.378190 0.207221 1.668654 0.669049 0.020374 0.739771 0.068537
0.378479 0.207073 1.668573 0.669116 0.020254 0.739711 0.068557
0.378763 0.206927 1.668493 0.669182 0.020136 0.739653 0.068578
0.379101 0.206849 1.668402 0.669249 0.019823 0.739637 0.068185
0.379475 0.206806 1.668303 0.669306 0.019587 0.739630 0.067778
0.379873 0.206781 1.668196 0.669357 0.019426 0.739622 0.067406
0.380286 0.206764 1.668081 0.669409 0.019314 0.739608 0.067070
0.380710 0.206748 1.667959 0.669464 0.019233 0.739588 0.066767
0.381139 0.206728 1.667832 0.669523 0.019169 0.739561 0.066495
0.381572 0.206702 1.667699 0.669587 0.019116 0.739526 0.066250
0.382005 0.206670 1.667562 0.669656 0.019068 0.739485 0.066030
0.382438 0.206629 1.667421 0.669730 0.019021 0.739437 0.065833
0.382869 0.206582 1.667278 0.669807 0.018973 0.739383 0.065656
0.383297 0.206527 1.667133 0.669889 0.018924 0.739324 0.065497
0.383721 0.206465 1.666986 0.669974 0.018872 0.739261 0.065355
0.384142 0.206396 1.666838 0.670061 0.018817 0.739195 0.065228
0.384558 0.206321 1.666691 0.670151 0.018759 0.739125 0.065115
0.384970 0.206241 1.666543 0.670241 0.018699 0.739053 0.065014
0.385376 0.206155 1.666396 0.670333 0.018635 0.738980 0.064925
0.385778 0.206065 1.666250 0.670426 0.018569 0.738904 0.064846
0.386174 0.205971 1.666105 0.670519 0.018500 0.738828 0.064777
0.386565 0.205874 1.665961 0.670611 0.018429 0.738751 0.064716
0.386950 0.205773 1.665819 0.670704 0.018355 0.738674 0.064662
0.387330 0.205670 1.665678 0.670795 0.018281 0.738596 0.064616
0.387704 0.205565 1.665540 0.670886 0.018204 0.738519 0.064576
0.388072 0.205457 1.665404 0.670976 0.018126 0.738442 0.064541
0.388434 0.205348 1.665269 0.671065 0.018047 0.738366 0.064512
0.388791 0.205238 1.665138 0.671153 0.017967 0.738290 0.064488
0.389143 0.205126 1.665008 0.671239 0.017886 0.738216 0.064468
0.389488 0.205014 1.664881 0.671323 0.017805 0.738142 0.064452
0.389828 0.204901 1.664756 0.671406 0.017723 0.738070 0.064440
0.390162 0.204788 1.664633 0.671488 0.017642 0.737999 0.064430
0.390490 0.204674 1.664513 0.671567 0.017560 0.737929 0.064424
0.390813 0.204561 1.664395 0.671645 0.017478 0.737860 0.064420
0.391130 0.204448 1.664280 0.671721 0.017396 0.737793 0.064419
0.391442 0.204336 1.664167 0.671796 0.017315 0.737727 0.064419
0.391748 0.204224 1.664057 0.671868 0.017234 0.737663 0.064422
0.392049 0.204112 1.663949 0.671939 0.017154 0.737600 0.064426
0.392345 0.204002 1.663843 0.672008 0.017075 0.737538 0.064432
0.392635 0.203892 1.663739 0.672075 0.016996 0.737478 0.064439
0.392920 0.203783 1.663638 0.672140 0.016918 0.737420 0.064448
0.393200 0.203676 1.663539 0.672203 0.016841 0.737363 0.064457
0.393474 0.203569 1.663443 0.672265 0.016766 0.737308 0.064468
0.393799 0.203518 1.663348 0.672320 0.016498 0.737291 0.064143
0.394155 0.203496 1.663257 0.672359 0.016278 0.737291 0.063807
0.394530 0.203490 1.663167 0.672384 0.016110 0.737298 0.063494
0.394917 0.203490 1.663077 0.672401 0.015975 0.737310 0.063206
0.395311 0.203490 1.662985 0.672415 0.015862 0.737323 0.062939
0.395708 0.203489 1.662893 0.672428 0.015760 0.737335 0.062693
0.396106 0.203484 1.662799 0.672440 0.015666 0.737345 0.062465
0.396503 0.203473 1.662704 0.672454 0.015576 0.737352 0.062254
0.396899 0.203457 1.662607 0.672469 0.015487 0.737356 0.062060
0.397291 0.203434 1.662510 0.672486 0.015399 0.737358 0.061881
0.397680 0.203407 1.662413 0.672504 0.015311 0.737356 0.061715
0.398065 0.203373 1.662315 0.672525 0.015221 0.737352 0.061562
0.398445 0.203335 1.662217 0.672547 0.015131 0.737346 0.061421
0.398821 0.203292 1.662119 0.672570 0.015040 0.737338 0.061291
0.399192 0.203245 1.662022 0.672594 0.014948 0.737328 0.061171
0.399558 0.203193 1.661925 0.672619 0.014855 0.737316 0.061061
0.399919 0.203138 1.661829 0.672645 0.014762 0.737303 0.060959
0.400276 0.203080 1.661734 0.672671 0.014668 0.737289 0.060865
0.400626 0.203020 1.661640 0.672697 0.014574 0.737274 0.060779
0.400972 0.202956 1.661547 0.672723 0.014480 0.737258 0.060699
0.401312 0.202891 1.661456 0.672750 0.014386 0.737242 0.060625
0.401648 0.202824 1.661365 0.672776 0.014292 0.737225 0.060557
0.401977 0.202755 1.661276 0.672802 0.014198 0.737208 0.060495
0.402302 0.202685 1.661189 0.672828 0.014106 0.737191 0.060437
0.402621 0.202614 1.661103 0.672853 0.014013 0.737175 0.060385
0.402935 0.202541 1.661019 0.672878 0.013922 0.737158 0.060336
0.403244 0.202469 1.660936 0.672902 0.013831 0.737141 0.060291
0.403548 0.202395 1.660854 0.672925 0.013741 0.737125 0.060250
0.403847 0.202322 1.660775 0.672948 0.013653 0.737109 0.060212
0.404140 0.202248 1.660696 0.672970 0.013565 0.737093 0.060177
0.404428 0.202174 1.660620 0.672991 0.013479 0.737078 0.060145
0.404712 0.202100 1.660545 0.673012 0.013395 0.737063 0.060116
0.404990 0.202027 1.660471 0.673032 0.013311 0.737048 0.060089
0.405264 0.201954 1.660399 0.673051 0.013229 0.737035 0.060065
0.405532 0.201881 1.660329 0.673069 0.013149 0.737021 0.060042
0.405796 0.201809 1.660260 0.673087 0.013070 0.737008 0.060022
0.406055 0.201737 1.660192 0.673103 0.012993 0.736996 0.060003
0.406310 0.201666 1.660126 0.673119 0.012917 0.736984 0.059986
0.406560 0.201596 1.660062 0.673134 0.012844 0.736973 0.059971
0.406805 0.201527 1.659998 0.673148 0.012771 0.736962 0.059957
0.407079 0.201505 1.659938 0.673171 0.012535 0.736972 0.059633
0.407369 0.201508 1.659884 0.673185 0.012347 0.736990 0.059292
0.407668 0.201527 1.659834 0.673190 0.012208 0.737014 0.058962
0.407971 0.201553 1.659789 0.673188 0.012099 0.737043 0.058643
0.408276 0.201583 1.659748 0.673180 0.012009 0.737076 0.058334
0.408579 0.201614 1.659709 0.673169 0.011930 0.737111 0.058035
0.408881 0.201645 1.659674 0.673155 0.011857 0.737148 0.057744
0.409179 0.201674 1.659641 0.673139 0.011788 0.737186 0.057462
0.409474 0.201701 1.659610 0.673121 0.011721 0.737225 0.057188
0.409766 0.201725 1.659581 0.673102 0.011655 0.737264 0.056923
0.410053 0.201747 1.659553 0.673082 0.011590 0.737302 0.056665
0.410336 0.201767 1.659527 0.673062 0.011524 0.737341 0.056415
0.410614 0.201785 1.659503 0.673041 0.011459 0.737380 0.056173
0.410888 0.201800 1.659480 0.673020 0.011394 0.737418 0.055938
0.411158 0.201813 1.659459 0.672998 0.011330 0.737456 0.055710
0.411423 0.201823 1.659438 0.672977 0.011265 0.737494 0.055489
0.411684 0.201832 1.659419 0.672954 0.011201 0.737531 0.055274
0.411940 0.201840 1.659401 0.672932 0.011137 0.737568 0.055066
0.412192 0.201845 1.659383 0.672909 0.011074 0.737604 0.054865
0.412440 0.201849 1.659367 0.672887 0.011011 0.737641 0.054669
0.412684 0.201852 1.659352 0.672864 0.010950 0.737677 0.054479
0.412923 0.201854 1.659337 0.672841 0.010889 0.737712 0.054295
0.413158 0.201855 1.659323 0.672817 0.010829 0.737747 0.054116
0.413389 0.201854 1.659310 0.672794 0.010770 0.737782 0.053942
0.413616 0.201853 1.659298 0.672771 0.010712 0.737817 0.053773
0.413839 0.201851 1.659286 0.672747 0.010655 0.737851 0.053610
0.414058 0.201848 1.659275 0.672723 0.010599 0.737885 0.053450
0.414273 0.201845 1.659265 0.672700 0.010545 0.737918 0.053296
0.414485 0.201841 1.659255 0.672676 0.010491 0.737951 0.053146
0.414692 0.201837 1.659246 0.672652 0.010439 0.737984 0.053000
0.414896 0.201832 1.659237 0.672628 0.010388 0.738017 0.052858
0.415096 0.201827 1.659229 0.672605 0.010339 0.738049 0.052721
0.415292 0.201822 1.659221 0.672581 0.010291 0.738081 0.052587
0.415485 0.201816 1.659214 0.672557 0.010244 0.738113 0.052457
0.415674 0.201810 1.659207 0.672533 0.010199 0.738144 0.052330
0.415860 0.201805 1.659201 0.672509 0.010154 0.738175 0.052207
0.416042 0.201799 1.659194 0.672485 0.010112 0.738206 0.052088
0.416221 0.201793 1.659189 0.672461 0.010070 0.738237 0.051971
0.416397 0.201787 1.659183 0.672437 0.010030 0.738267 0.051858
0.416569 0.201781 1.659178 0.672413 0.009991 0.738297 0.051748
0.416769 0.201794 1.659179 0.672378 0.009809 0.738353 0.051439
0.416986 0.201815 1.659183 0.672326 0.009639 0.738424 0.051127
0.417214 0.201836 1.659190 0.672263 0.009489 0.738504 0.050834
0.417449 0.201854 1.659196 0.672194 0.009350 0.738587 0.050560
0.417687 0.201866 1.659202 0.672122 0.009217 0.738672 0.050302
0.417928 0.201873 1.659207 0.672050 0.009087 0.738756 0.050061
0.418170 0.201872 1.659210 0.671978 0.008958 0.738838 0.049836
0.418413 0.201864 1.659211 0.671908 0.008828 0.738918 0.049626
0.418655 0.201849 1.659210 0.671840 0.008698 0.738994 0.049430
0.418896 0.201828 1.659208 0.671775 0.008566 0.739067 0.049247
0.419136 0.201800 1.659205 0.671713 0.008434 0.739136 0.049078
0.419374 0.201768 1.659200 0.671653 0.008300 0.739202 0.048920
0.419611 0.201729 1.659194 0.671596 0.008166 0.739266 0.048773
0.419845 0.201687 1.659187 0.671541 0.008031 0.739326 0.048637
0.420077 0.201640 1.659180 0.671488 0.007895 0.739383 0.048511
0.420307 0.201589 1.659171 0.671438 0.007760 0.739438 0.048393
0.420534 0.201535 1.659162 0.671389 0.007625 0.739491 0.048284
0.420758 0.201478 1.659153 0.671342 0.007490 0.739542 0.048182
0.420980 0.201418 1.659143 0.671297 0.007355 0.739590 0.048088
0.421199 0.201355 1.659134 0.671253 0.007221 0.739637 0.048001
0.421415 0.201291 1.659124 0.671210 0.007088 0.739683 0.047920
0.421628 0.201225 1.659113 0.671169 0.006956 0.739726 0.047845
0.421839 0.201157 1.659103 0.671128 0.006826 0.739769 0.047775
0.422046 0.201089 1.659093 0.671089 0.006696 0.739810 0.047710
0.422250 0.201019 1.659083 0.671050 0.006568 0.739850 0.047650
0.422452 0.200949 1.659073 0.671013 0.006442 0.739889 0.047594
0.422650 0.200877 1.659063 0.670976 0.006318 0.739926 0.047542
0.422845 0.200806 1.659054 0.670940 0.006195 0.739963 0.047494
0.423037 0.200734 1.659044 0.670904 0.006074 0.740000 0.047450
0.423226 0.200662 1.659035 0.670869 0.005955 0.740035 0.047408
0.423412 0.200591 1.659026 0.670835 0.005839 0.740069 0.047370
0.423595 0.200519 1.659017 0.670801 0.005724 0.740103 0.047335
0.423775 0.200448 1.659008 0.670767 0.005611 0.740137 0.047302
0.423952 0.200377 1.659000 0.670734 0.005501 0.740169 0.047271
0.424126 0.200306 1.658992 0.670702 0.005393 0.740201 0.047243
0.424297 0.200236 1.658984 0.670670 0.005287 0.740233 0.047217
0.424465 0.200167 1.658976 0.670638 0.005183 0.740264 0.047193
0.424630 0.200098 1.658969 0.670606 0.005082 0.740295 0.047171
0.424792 0.200031 1.658961 0.670575 0.004983 0.740325 0.047150
0.424951 0.199964 1.658955 0.670544 0.004887 0.740355 0.047131
0.425124 0.199914 1.658956 0.670495 0.004626 0.740415 0.046901
0.425304 0.199874 1.658963 0.670429 0.004358 0.740493 0.046645
0.425488 0.199838 1.658974 0.670352 0.004100 0.740581 0.046391
0.425673 0.199806 1.658987 0.670267 0.003852 0.740675 0.046140
0.425859 0.199776 1.659000 0.670178 0.003612 0.740771 0.045896
0.426043 0.199746 1.659014 0.670087 0.003380 0.740869 0.045659
0.426226 0.199717 1.659028 0.669996 0.003155 0.740967 0.045428
0.426407 0.199687 1.659040 0.669905 0.002937 0.741064 0.045206
0.426586 0.199658 1.659053 0.669815 0.002724 0.741159 0.044990
0.426763 0.199628 1.659064 0.669727 0.002517 0.741252 0.044783
0.426937 0.199597 1.659074 0.669640 0.002316 0.741343 0.044582
0.427109 0.199566 1.659084 0.669555 0.002120 0.741432 0.044388
0.427278 0.199536 1.659093 0.669472 0.001929 0.741518 0.044202
0.427444 0.199504 1.659101 0.669391 0.001743 0.741603 0.044021
0.427608 0.199473 1.659109 0.669311 0.001562 0.741686 0.043847
0.427769 0.199442 1.659116 0.669233 0.001387 0.741766 0.043679
0.427927 0.199410 1.659122 0.669157 0.001215 0.741845 0.043517
0.428083 0.199379 1.659128 0.669083 0.001049 0.741921 0.043360
0.428236 0.199348 1.659133 0.669010 0.000887 0.741996 0.043208
0.428387 0.199317 1.659138 0.668938 0.000729 0.742069 0.043062
0.428535 0.199286 1.659142 0.668868 0.000576 0.742141 0.042920
0.428680 0.199256 1.659146 0.668799 0.000427 0.742211 0.042783
0.428823 0.199226 1.659150 0.668732 0.000283 0.742279 0.042650
0.428963 0.199197 1.659153 0.668666 0.000142 0.742346 0.042521
0.429101 0.199168 1.659156 0.668601 0.000006 0.742411 0.042397
0.429237 0.199139 1.659159 0.668538 -0.000127 0.742475 0.042277
0.429370 0.199111 1.659162 0.668476 -0.000255 0.742538 0.042160
0.429500 0.199083 1.659164 0.668414 -0.000380 0.742600 0.042047
0.429629 0.199056 1.659166 0.668354 -0.000501 0.742660 0.041937
0.429755 0.199029 1.659168 0.668295 -0.000618 0.742719 0.041831
0.429878 0.199004 1.659170 0.668238 -0.000732 0.742776 0.041728
0.429999 0.198978 1.659172 0.668181 -0.000842 0.742833 0.041628
0.430122 0.198930 1.659175 0.668133 -0.001019 0.742881 0.041548
0.430246 0.198859 1.659181 0.668089 -0.001254 0.742923 0.041481
0.430370 0.198770 1.659189 0.668049 -0.001534 0.742962 0.041427
0.430494 0.198665 1.659200 0.668009 -0.001844 0.742999 0.041384
0.430620 0.198547 1.659213 0.667971 -0.002172 0.743034 0.041350
0.430745 0.198421 1.659228 0.667933 -0.002511 0.743069 0.041325
0.430870 0.198288 1.659244 0.667895 -0.002852 0.743103 0.041307
0.430995 0.198150 1.659262 0.667856 -0.003189 0.743137 0.041294
0.431141 0.197994 1.659297 0.667814 -0.003770 0.743183 0.041099
0.431267 0.197850 1.659323 0.667769 -0.004256 0.743232 0.040888
0.431376 0.197725 1.659336 0.667721 -0.004637 0.743286 0.040668
0.431468 0.197617 1.659338 0.667669 -0.004933 0.743343 0.040439
0.431546 0.197528 1.659331 0.667614 -0.005160 0.743404 0.040201
0.431611 0.197455 1.659317 0.667555 -0.005332 0.743469 0.039954
0.431667 0.197406 1.659295 0.667479 -0.005459 0.743552 0.039660
0.431714 0.197379 1.659268 0.667391 -0.005540 0.743647 0.039343
0.431752 0.197360 1.659237 0.667305 -0.005590 0.743740 0.039040
0.431782 0.197348 1.659204 0.667220 -0.005625 0.743831 0.038743
0.431806 0.197342 1.659171 0.667137 -0.005650 0.743920 0.038449
0.431824 0.197342 1.659137 0.667056 -0.005669 0.744008 0.038157
0.431839 0.197347 1.659102 0.666975 -0.005684 0.744095 0.037867
0.431851 0.197357 1.659067 0.666896 -0.005696 0.744181 0.037579
0.431860 0.197370 1.659032 0.666818 -0.005707 0.744265 0.037295
0.431868 0.197387 1.658998 0.666741 -0.005718 0.744348 0.037013
0.431873 0.197406 1.658964 0.666665 -0.005727 0.744430 0.036735
0.431879 0.197428 1.658930 0.666590 -0.005737 0.744510 0.036460
0.431883 0.197452 1.658898 0.666516 -0.005746 0.744589 0.036190
0.431887 0.197478 1.658865 0.666444 -0.005755 0.744667 0.035923
0.431891 0.197506 1.658834 0.666372 -0.005764 0.744744 0.035662
0.431894 0.197535 1.658803 0.666302 -0.005772 0.744819 0.035404
0.431898 0.197565 1.658774 0.666233 -0.005780 0.744893 0.035151
0.431902 0.197596 1.658744 0.666164 -0.005787 0.744965 0.034903
0.431907 0.197629 1.658716 0.666097 -0.005794 0.745037 0.034659
0.431912 0.197662 1.658689 0.666031 -0.005800 0.745107 0.034420
0.431916 0.197699 1.658663 0.665967 -0.005811 0.745175 0.034185
0.431920 0.197738 1.658639 0.665905 -0.005829 0.745241 0.033955
0.431925 0.197781 1.658617 0.665845 -0.005853 0.745304 0.033730
0.431929 0.197825 1.658596 0.665787 -0.005883 0.745366 0.033511
0.431934 0.197871 1.658577 0.665732 -0.005918 0.745424 0.033296
0.431939 0.197918 1.658558 0.665679 -0.005959 0.745481 0.033088
0.431945 0.197966 1.658541 0.665628 -0.006005 0.745535 0.032884
0.431951 0.198015 1.658525 0.665579 -0.006055 0.745587 0.032686
0.431957 0.198063 1.658510 0.665532 -0.006109 0.745636 0.032493
0.431964 0.198112 1.658496 0.665487 -0.006166 0.745684 0.032305
0.431971 0.198161 1.658483 0.665444 -0.006225 0.745731 0.032122
0.431979 0.198210 1.658471 0.665402 -0.006286 0.745775 0.031944
0.431987 0.198259 1.658459 0.665361 -0.006349 0.745818 0.031770
0.431995 0.198307 1.658448 0.665322 -0.006414 0.745860 0.031601
0.432002 0.198336 1.658464 0.665263 -0.006661 0.745925 0.031263
0.432010 0.198362 1.658483 0.665203 -0.006919 0.745991 0.030908
0.432018 0.198390 1.658497 0.665146 -0.007162 0.746053 0.030563
0.432028 0.198420 1.658507 0.665093 -0.007391 0.746112 0.030231
0.432037 0.198452 1.658513 0.665044 -0.007610 0.746166 0.029910
0.432048 0.198486 1.658515 0.664997 -0.007821 0.746218 0.029597
0.432058 0.198521 1.658515 0.664953 -0.008028 0.746267 0.029290
0.432069 0.198557 1.658513 0.664911 -0.008231 0.746315 0.028990
0.432079 0.198592 1.658510 0.664870 -0.008432 0.746360 0.028695
0.432090 0.198628 1.658505 0.664830 -0.008631 0.746404 0.028404
0.432101 0.198663 1.658499 0.664791 -0.008829 0.746448 0.028118
0.432111 0.198698 1.658493 0.664753 -0.009026 0.746490 0.027837
0.432121 0.198732 1.658486 0.664715 -0.009222 0.746531 0.027560
0.432131 0.198765 1.658479 0.664678 -0.009416 0.746572 0.027287
0.432141 0.198797 1.658472 0.664641 -0.009610 0.746612 0.027019
0.432150 0.198829 1.658465 0.664604 -0.009803 0.746652 0.026754
0.432159 0.198859 1.658458 0.664568 -0.009994 0.746692 0.026493
0.432167 0.198889 1.658451 0.664531 -0.010184 0.746730 0.026237
0.432175 0.198917 1.658444 0.664495 -0.010372 0.746769 0.025985
0.432183 0.198945 1.658437 0.664459 -0.010559 0.746807 0.025736
0.432191 0.198971 1.658430 0.664423 -0.010743 0.746845 0.025492
0.432198 0.198997 1.658424 0.664387 -0.010926 0.746882 0.025252
0.432205 0.199021 1.658417 0.664351 -0.011107 0.746919 0.025015
0.432211 0.199045 1.658411 0.664316 -0.011286 0.746956 0.024783
0.432217 0.199068 1.658405 0.664280 -0.011463 0.746992 0.024554
0.432223 0.199090 1.658399 0.664245 -0.011638 0.747028 0.024329
0.432229 0.199111 1.658394 0.664210 -0.011810 0.747064 0.024109
0.432234 0.199132 1.658388 0.664174 -0.011980 0.747100 0.023891
0.432240 0.199152 1.658383 0.664139 -0.012147 0.747135 0.023678
0.432245 0.199171 1.658378 0.664104 -0.012312 0.747170 0.023469
0.432249 0.199189 1.658373 0.664069 -0.012474 0.747205 0.023263
0.432254 0.199207 1.658369 0.664035 -0.012634 0.747239 0.023061
0.432258 0.199224 1.658364 0.664000 -0.012792 0.747274 0.022862
0.432263 0.199240 1.658360 0.663965 -0.012947 0.747308 0.022667
0.432267 0.199256 1.658356 0.663931 -0.013099 0.747341 0.022476
0.432271 0.199271 1.658353 0.663897 -0.013249 0.747375 0.022288
0.432274 0.199286 1.658349 0.663863 -0.013396 0.747408 0.022104
0.432278 0.199300 1.658346 0.663829 -0.013541 0.747441 0.021923
0.432282 0.199314 1.658343 0.663795 -0.013683 0.747473 0.021745
0.432285 0.199327 1.658340 0.663761 -0.013823 0.747506 0.021571
0.432286 0.199310 1.658388 0.663690 -0.014313 0.747574 0.021067
0.432287 0.199288 1.658442 0.663619 -0.014841 0.747642 0.020510
0.432288 0.199271 1.658494 0.663550 -0.015361 0.747708 0.019944
0.432289 0.199261 1.658542 0.663487 -0.015859 0.747769 0.019386
0.432290 0.199256 1.658586 0.663427 -0.016339 0.747825 0.018836
0.432291 0.199255 1.658627 0.663371 -0.016805 0.747878 0.018295
0.432292 0.199258 1.658665 0.663316 -0.017259 0.747929 0.017760
0.432293 0.199263 1.658701 0.663263 -0.017704 0.747979 0.017231
0.432295 0.199265 1.658733 0.663216 -0.018140 0.748021 0.016720
0.432297 0.199264 1.658763 0.663174 -0.018570 0.748059 0.016223
0.432300 0.199260 1.658790 0.663135 -0.018995 0.748093 0.015737
0.432304 0.199253 1.658815 0.663099 -0.019416 0.748124 0.015263
0.432307 0.199245 1.658838 0.663065 -0.019832 0.748153 0.014798
0.432311 0.199235 1.658860 0.663034 -0.020241 0.748179 0.014345
0.432315 0.199222 1.658880 0.663004 -0.020644 0.748202 0.013904
0.432320 0.199208 1.658900 0.662976 -0.021043 0.748224 0.013471
0.432324 0.199192 1.658918 0.662948 -0.021436 0.748244 0.013047
0.432328 0.199175 1.658936 0.662921 -0.021826 0.748264 0.012631
0.432333 0.199157 1.658954 0.662895 -0.022211 0.748283 0.012222
0.432337 0.199138 1.658971 0.662868 -0.022592 0.748302 0.011821
0.432341 0.199118 1.658987 0.662841 -0.022969 0.748321 0.011426
0.432344 0.199098 1.659004 0.662813 -0.023341 0.748339 0.011038
0.432348 0.199076 1.659020 0.662785 -0.023708 0.748358 0.010656
0.432351 0.199055 1.659036 0.662756 -0.024074 0.748378 0.010276
0.432354 0.199034 1.659053 0.662725 -0.024434 0.748399 0.009902
0.432357 0.199013 1.659069 0.662693 -0.024791 0.748420 0.009532
0.432359 0.198991 1.659086 0.662660 -0.025142 0.748442 0.009168
0.432362 0.198970 1.659102 0.662626 -0.025488 0.748464 0.008809
0.432364 0.198949 1.659119 0.662592 -0.025829 0.748487 0.008457
0.432366 0.198928 1.659135 0.662557 -0.026165 0.748510 0.008109
0.432367 0.198907 1.659151 0.662522 -0.026495 0.748533 0.007767
0.432367 0.198886 1.659168 0.662487 -0.026820 0.748556 0.007431
0.432368 0.198864 1.659184 0.662451 -0.027140 0.748580 0.007101
0.432369 0.198843 1.659200 0.662415 -0.027455 0.748603 0.006777
0.432370 0.198821 1.659217 0.662379 -0.027765 0.748627 0.006458
0.432371 0.198799 1.659233 0.662342 -0.028070 0.748650 0.006145
0.432372 0.198778 1.659250 0.662305 -0.028370 0.748674 0.005838
0.432373 0.198756 1.659267 0.662269 -0.028665 0.748698 0.005536
0.432374 0.198734 1.659284 0.662231 -0.028955 0.748721 0.005240
0.432375 0.198712 1.659301 0.662194 -0.029241 0.748745 0.004949
0.432369 0.198656 1.659349 0.662126 -0.029865 0.748785 0.004368
0.432360 0.198591 1.659403 0.662050 -0.030560 0.748827 0.003717
0.432347 0.198522 1.659458 0.661976 -0.031268 0.748866 0.003056
0.432332 0.198450 1.659510 0.661905 -0.031979 0.748901 0.002391
0.432314 0.198378 1.659562 0.661836 -0.032692 0.748934 0.001724
0.432294 0.198304 1.659611 0.661768 -0.033406 0.748963 0.001054
0.432274 0.198229 1.659660 0.661700 -0.034123 0.748991 0.000384
0.432254 0.198151 1.659709 0.661632 -0.034844 0.749019 -0.000288
0.432236 0.198071 1.659758 0.661562 -0.035569 0.749046 -0.000961
0.432219 0.197989 1.659807 0.661491 -0.036298 0.749072 -0.001635
0.432203 0.197905 1.659856 0.661419 -0.037030 0.749098 -0.002310
0.432188 0.197820 1.659905 0.661345 -0.037764 0.749124 -0.002987
0.432174 0.197733 1.659955 0.661271 -0.038502 0.749150 -0.003664
0.432160 0.197644 1.660005 0.661194 -0.039242 0.749175 -0.004343
0.432148 0.197554 1.660055 0.661117 -0.039984 0.749200 -0.005023
0.432137 0.197463 1.660105 0.661038 -0.040728 0.749225 -0.005704
0.432126 0.197371 1.660155 0.660958 -0.041473 0.749249 -0.006385
0.432116 0.197278 1.660205 0.660876 -0.042220 0.749273 -0.007069
0.432107 0.197185 1.660255 0.660795 -0.042958 0.749296 -0.007742
0.432098 0.197092 1.660304 0.660714 -0.043686 0.749318 -0.008404
0.432090 0.196999 1.660352 0.660633 -0.044402 0.749340 -0.009054
0.432083 0.196906 1.660400 0.660552 -0.045109 0.749361 -0.009693
0.432076 0.196819 1.660444 0.660480 -0.045785 0.749376 -0.010311
0.432071 0.196737 1.660485 0.660414 -0.046436 0.749385 -0.010913
0.432068 0.196658 1.660523 0.660354 -0.047067 0.749390 -0.011499
0.432065 0.196583 1.660559 0.660298 -0.047683 0.749391 -0.012072
0.432063 0.196510 1.660593 0.660246 -0.048285 0.749389 -0.012633
0.432061 0.196439 1.660625 0.660196 -0.048875 0.749386 -0.013181
0.432060 0.196370 1.660656 0.660148 -0.049456 0.749380 -0.013718
0.432059 0.196302 1.660685 0.660102 -0.050027 0.749373 -0.014245
0.432059 0.196235 1.660714 0.660057 -0.050590 0.749365 -0.014760
0.432058 0.196168 1.660741 0.660013 -0.051146 0.749356 -0.015266
0.432058 0.196102 1.660768 0.659969 -0.051695 0.749346 -0.015761
0.432059 0.196033 1.660792 0.659931 -0.052242 0.749332 -0.016240
0.432059 0.195961 1.660813 0.659896 -0.052787 0.749314 -0.016704
0.432060 0.195887 1.660832 0.659864 -0.053328 0.749294 -0.017154
0.432061 0.195811 1.660848 0.659834 -0.053864 0.749272 -0.017591
0.432063 0.195733 1.660864 0.659806 -0.054395 0.749248 -0.018016
0.432064 0.195653 1.660878 0.659779 -0.054921 0.749224 -0.018429
0.432065 0.195573 1.660891 0.659752 -0.055440 0.749199 -0.018833
0.432063 0.195477 1.660928 0.659707 -0.056169 0.749170 -0.019404
0.432057 0.195379 1.660968 0.659660 -0.056944 0.749136 -0.020009
0.432050 0.195280 1.661009 0.659616 -0.057732 0.749098 -0.020620
0.432042 0.195180 1.661048 0.659574 -0.058525 0.749056 -0.021231
0.432033 0.195079 1.661087 0.659534 -0.059322 0.749012 -0.021842
0.432023 0.194978 1.661124 0.659495 -0.060124 0.748964 -0.022452
0.432013 0.194876 1.661161 0.659456 -0.060928 0.748915 -0.023063
0.432003 0.194774 1.661197 0.659417 -0.061735 0.748864 -0.023674
0.431992 0.194671 1.661232 0.659378 -0.062544 0.748812 -0.024285
0.431982 0.194569 1.661267 0.659337 -0.063354 0.748759 -0.024897
0.431971 0.194465 1.661301 0.659296 -0.064165 0.748706 -0.025509
0.431961 0.194362 1.661334 0.659254 -0.064977 0.748652 -0.026123
0.431951 0.194259 1.661367 0.659211 -0.065789 0.748597 -0.026737
0.431941 0.194156 1.661399 0.659167 -0.066601 0.748542 -0.027353
0.431932 0.194054 1.661430 0.659122 -0.067412 0.748486 -0.027970
0.431922 0.193951 1.661461 0.659075 -0.068222 0.748430 -0.028588
0.431913 0.193849 1.661490 0.659028 -0.069032 0.748374 -0.029207
0.431904 0.193747 1.661520 0.658979 -0.069840 0.748318 -0.029828
0.431896 0.193646 1.661548 0.658928 -0.070646 0.748261 -0.030450
0.431887 0.193546 1.661577 0.658877 -0.071451 0.748205 -0.031073
0.431879 0.193446 1.661604 0.658824 -0.072254 0.748148 -0.031698
0.431871 0.193347 1.661631 0.658770 -0.073056 0.748091 -0.032324
0.431863 0.193249 1.661658 0.658715 -0.073855 0.748034 -0.032952
0.431856 0.193152 1.661684 0.658658 -0.074653 0.747976 -0.033582
0.431848 0.193056 1.661709 0.658600 -0.075448 0.747919 -0.034213
0.431841 0.192960 1.661734 0.658541 -0.076241 0.747861 -0.034846
0.431834 0.192866 1.661758 0.658481 -0.077032 0.747804 -0.035480
0.431827 0.192773 1.661782 0.658419 -0.077820 0.747746 -0.036116
0.431821 0.192681 1.661806 0.658356 -0.078606 0.747688 -0.036753
0.431814 0.192591 1.661829 0.658293 -0.079379 0.747631 -0.037382
0.431807 0.192503 1.661850 0.658230 -0.080138 0.747574 -0.038001
0.431801 0.192416 1.661872 0.658167 -0.080883 0.747518 -0.038610
0.431794 0.192331 1.661893 0.658104 -0.081615 0.747463 -0.039209
0.431787 0.192248 1.661913 0.658040 -0.082335 0.747409 -0.039799
0.431780 0.192166 1.661933 0.657976 -0.083043 0.747356 -0.040378
0.431774 0.192085 1.661953 0.657912 -0.083739 0.747303 -0.040948
0.431767 0.192005 1.661973 0.657848 -0.084423 0.747252 -0.041508
0.431760 0.191927 1.661993 0.657784 -0.085097 0.747202 -0.042059
0.431753 0.191850 1.662013 0.657719 -0.085760 0.747152 -0.042600
0.431747 0.191774 1.662033 0.657654 -0.086412 0.747103 -0.043132
0.431734 0.191690 1.662070 0.657587 -0.087216 0.747032 -0.043771
0.431716 0.191605 1.662118 0.657526 -0.088060 0.746948 -0.044427
0.431694 0.191521 1.662174 0.657471 -0.088922 0.746855 -0.045084
0.431669 0.191437 1.662235 0.657422 -0.089796 0.746754 -0.045739
0.431642 0.191353 1.662299 0.657377 -0.090682 0.746646 -0.046390
0.431615 0.191269 1.662366 0.657337 -0.091576 0.746532 -0.047037
0.431587 0.191184 1.662435 0.657299 -0.092476 0.746413 -0.047680
0.431560 0.191100 1.662505 0.657264 -0.093382 0.746290 -0.048320
0.431533 0.191014 1.662575 0.657230 -0.094292 0.746164 -0.048956
0.431507 0.190929 1.662648 0.657194 -0.095208 0.746037 -0.049589
0.431483 0.190842 1.662722 0.657158 -0.096128 0.745909 -0.050220
0.431460 0.190755 1.662798 0.657120 -0.097050 0.745780 -0.050850
0.431439 0.190667 1.662875 0.657082 -0.097975 0.745651 -0.051478
0.431419 0.190579 1.662951 0.657041 -0.098899 0.745520 -0.052105
0.431400 0.190490 1.663028 0.657000 -0.099823 0.745390 -0.052730
0.431382 0.190401 1.663104 0.656958 -0.100745 0.745259 -0.053355
0.431365 0.190311 1.663179 0.656914 -0.101665 0.745127 -0.053978
0.431349 0.190222 1.663254 0.656869 -0.102582 0.744996 -0.054602
0.431334 0.190133 1.663328 0.656823 -0.103496 0.744864 -0.055225
0.431319 0.190045 1.663401 0.656775 -0.104406 0.744733 -0.055848
0.431305 0.189956 1.663473 0.656726 -0.105312 0.744601 -0.056470
0.431292 0.189869 1.663543 0.656676 -0.106214 0.744470 -0.057093
0.431279 0.189782 1.663613 0.656625 -0.107111 0.744339 -0.057717
0.431267 0.189695 1.663681 0.656572 -0.108005 0.744208 -0.058340
0.431256 0.189610 1.663748 0.656518 -0.108893 0.744077 -0.058964
0.431244 0.189525 1.663814 0.656462 -0.109778 0.743946 -0.059589
0.431234 0.189441 1.663879 0.656404 -0.110658 0.743816 -0.060215
0.431223 0.189358 1.663943 0.656345 -0.111534 0.743686 -0.060842
0.431213 0.189276 1.664005 0.656285 -0.112405 0.743557 -0.061469
0.431203 0.189195 1.664066 0.656223 -0.113273 0.743428 -0.062098
0.431194 0.189114 1.664127 0.656158 -0.114136 0.743300 -0.062729
0.431185 0.189035 1.664186 0.656093 -0.114995 0.743172 -0.063360
0.431176 0.188957 1.664244 0.656025 -0.115851 0.743044 -0.063993
0.431168 0.188880 1.664301 0.655956 -0.116702 0.742917 -0.064628
0.431159 0.188804 1.664357 0.655884 -0.117550 0.742791 -0.065263
0.431151 0.188729 1.664413 0.655811 -0.118394 0.742665 -0.065900
0.431143 0.188655 1.664467 0.655737 -0.119235 0.742540 -0.066539
0.431135 0.188581 1.664521 0.655660 -0.120072 0.742415 -0.067179
0.431128 0.188509 1.664573 0.655582 -0.120905 0.742290 -0.067820
0.431120 0.188438 1.664625 0.655502 -0.121735 0.742166 -0.068463
0.431109 0.188367 1.664674 0.655428 -0.122611 0.742025 -0.069134
0.431094 0.188297 1.664721 0.655358 -0.123513 0.741874 -0.069814
0.431077 0.188227 1.664766 0.655292 -0.124431 0.741714 -0.070496
0.431059 0.188157 1.664811 0.655229 -0.125361 0.741548 -0.071177
0.431040 0.188087 1.664854 0.655168 -0.126297 0.741378 -0.071853
0.431020 0.188017 1.664896 0.655109 -0.127239 0.741204 -0.072525
0.431000 0.187946 1.664937 0.655050 -0.128184 0.741027 -0.073194
0.430981 0.187874 1.664977 0.654992 -0.129131 0.740848 -0.073858
0.430962 0.187802 1.665015 0.654933 -0.130079 0.740668 -0.074519
0.430943 0.187729 1.665052 0.654875 -0.131027 0.740486 -0.075176
0.430925 0.187656 1.665088 0.654816 -0.131973 0.740304 -0.075831
0.430908 0.187583 1.665122 0.654756 -0.132917 0.740121 -0.076483
0.430891 0.187509 1.665155 0.654695 -0.133858 0.739938 -0.077133
0.430875 0.187436 1.665187 0.654633 -0.134795 0.739754 -0.077781
0.430859 0.187362 1.665218 0.654569 -0.135729 0.739571 -0.078429
0.430844 0.187289 1.665247 0.654505 -0.136658 0.739388 -0.079074
0.430830 0.187216 1.665275 0.654439 -0.137583 0.739205 -0.079719
0.430816 0.187143 1.665302 0.654373 -0.138503 0.739023 -0.080364
0.430803 0.187071 1.665328 0.654304 -0.139417 0.738841 -0.081007
0.430790 0.186999 1.665353 0.654235 -0.140327 0.738660 -0.081650
0.430777 0.186928 1.665377 0.654164 -0.141231 0.738479 -0.082294
0.430765 0.186858 1.665400 0.654092 -0.142130 0.738298 -0.082937
0.430754 0.186789 1.665422 0.654018 -0.143024 0.738119 -0.083580
0.430743 0.186720 1.665443 0.653943 -0.143912 0.737939 -0.084223
0.430732 0.186652 1.665463 0.653867 -0.144796 0.737760 -0.084866
0.430721 0.186585 1.665482 0.653789 -0.145674 0.737582 -0.085509
0.430711 0.186520 1.665500 0.653710 -0.146548 0.737404 -0.086153
0.430701 0.186455 1.665518 0.653629 -0.147417 0.737227 -0.086797
0.430692 0.186391 1.665534 0.653547 -0.148280 0.737050 -0.087442
0.430682 0.186328 1.665550 0.653464 -0.149139 0.736874 -0.088087
0.430673 0.186266 1.665565 0.653379 -0.149994 0.736698 -0.088732
0.430664 0.186205 1.665580 0.653293 -0.150844 0.736523 -0.089378
0.430656 0.186145 1.665593 0.653206 -0.151689 0.736348 -0.090025
0.430647 0.186085 1.665606 0.653117 -0.152530 0.736173 -0.090671
0.430639 0.186027 1.665618 0.653027 -0.153367 0.735999 -0.091319
0.430632 0.185970 1.665630 0.652936 -0.154200 0.735826 -0.091967
0.430624 0.185914 1.665641 0.652843 -0.155029 0.735652 -0.092615
0.430617 0.185859 1.665651 0.652749 -0.155853 0.735480 -0.093264
0.430610 0.185804 1.665661 0.652654 -0.156674 0.735307 -0.093914
0.430603 0.185751 1.665670 0.652557 -0.157491 0.735135 -0.094564
0.430592 0.185698 1.665686 0.652470 -0.158327 0.734948 -0.095222
0.430580 0.185648 1.665707 0.652391 -0.159162 0.734752 -0.095877
0.430565 0.185599 1.665731 0.652319 -0.159995 0.734550 -0.096527
0.430550 0.185553 1.665759 0.652252 -0.160826 0.734343 -0.097172
0.430534 0.185508 1.665788 0.652189 -0.161656 0.734131 -0.097814
0.430518 0.185465 1.665818 0.652129 -0.162485 0.733916 -0.098453
0.430502 0.185423 1.665848 0.652071 -0.163313 0.733698 -0.099089
0.430487 0.185382 1.665878 0.652015 -0.164141 0.733478 -0.099722
0.430471 0.185342 1.665908 0.651959 -0.164967 0.733256 -0.100354
0.430457 0.185303 1.665937 0.651903 -0.165792 0.733033 -0.100985
0.430442 0.185264 1.665966 0.651846 -0.166616 0.732809 -0.101615
0.430429 0.185227 1.665994 0.651789 -0.167438 0.732585 -0.102244
0.430415 0.185190 1.666021 0.651731 -0.168259 0.732361 -0.102873
0.430403 0.185154 1.666047 0.651672 -0.169077 0.732137 -0.103502
0.430390 0.185118 1.666072 0.651611 -0.169893 0.731912 -0.104131
0.430378 0.185083 1.666096 0.651549 -0.170706 0.731689 -0.104761
0.430367 0.185049 1.666120 0.651485 -0.171517 0.731466 -0.105391
0.430356 0.185016 1.666143 0.651419 -0.172325 0.731243 -0.106022
0.430346 0.184983 1.666164 0.651351 -0.173131 0.731021 -0.106653
0.430335 0.184950 1.666185 0.651282 -0.173934 0.730800 -0.107286
0.430326 0.184919 1.666205 0.651210 -0.174734 0.730580 -0.107920
0.430316 0.184888 1.666225 0.651136 -0.175531 0.730361 -0.108555
0.430307 0.184857 1.666243 0.651060 -0.176326 0.730142 -0.109191
0.430298 0.184828 1.666261 0.650982 -0.177118 0.729924 -0.109828
0.430290 0.184799 1.666278 0.650902 -0.177907 0.729708 -0.110466
0.430281 0.184770 1.666294 0.650820 -0.178693 0.729492 -0.111106
0.430274 0.184742 1.666310 0.650735 -0.179477 0.729277 -0.111747
0.430266 0.184715 1.666325 0.650649 -0.180258 0.729062 -0.112388
0.430258 0.184689 1.666340 0.650561 -0.181036 0.728849 -0.113031
0.430251 0.184663 1.666353 0.650470 -0.181812 0.728636 -0.113676
0.430244 0.184637 1.666366 0.650378 -0.182586 0.728424 -0.114321
0.430237 0.184613 1.666379 0.650283 -0.183356 0.728213 -0.114967
0.430231 0.184588 1.666391 0.650187 -0.184125 0.728003 -0.115615
0.430225 0.184565 1.666402 0.650088 -0.184891 0.727793 -0.116264
0.430218 0.184541 1.666413 0.649988 -0.185655 0.727584 -0.116913
0.430213 0.184519 1.666423 0.649886 -0.186416 0.727376 -0.117563
0.430207 0.184497 1.666433 0.649782 -0.187175 0.727168 -0.118215
0.430201 0.184475 1.666442 0.649677 -0.187931 0.726961 -0.118867
0.430196 0.184454 1.666451 0.649570 -0.188685 0.726755 -0.119519
0.430191 0.184434 1.666459 0.649461 -0.189436 0.726549 -0.120173
0.430181 0.184411 1.666463 0.649352 -0.190263 0.726307 -0.120911
0.430166 0.184388 1.666466 0.649246 -0.191128 0.726045 -0.121690
0.430148 0.184365 1.666472 0.649143 -0.192012 0.725770 -0.122485
0.430129 0.184344 1.666480 0.649043 -0.192905 0.725487 -0.123285
0.430110 0.184347 1.666467 0.648961 -0.193839 0.725159 -0.124180
0.430091 0.184353 1.666450 0.648875 -0.194814 0.724817 -0.125099
0.430073 0.184358 1.666433 0.648782 -0.195820 0.724468 -0.126027
0.430056 0.184361 1.666419 0.648682 -0.196847 0.724117 -0.126956
0.430039 0.184362 1.666407 0.648577 -0.197889 0.723764 -0.127884
0.430023 0.184361 1.666396 0.648466 -0.198941 0.723411 -0.128809
0.430008 0.184357 1.666387 0.648351 -0.200000 0.723057 -0.129729
0.429993 0.184352 1.666379 0.648232 -0.201062 0.722705 -0.130645
0.429980 0.184345 1.666371 0.648109 -0.202125 0.722352 -0.131557
0.429967 0.184336 1.666364 0.647984 -0.203187 0.722001 -0.132464
0.429954 0.184326 1.666356 0.647855 -0.204247 0.721651 -0.133368
0.429943 0.184316 1.666349 0.647724 -0.205304 0.721301 -0.134267
0.429932 0.184304 1.666341 0.647591 -0.206357 0.720953 -0.135164
0.429921 0.184292 1.666336 0.647451 -0.207402 0.720611 -0.136055
0.429910 0.184279 1.666332 0.647307 -0.208437 0.720274 -0.136943
0.429899 0.184267 1.666329 0.647160 -0.209458 0.719941 -0.137829
0.429887 0.184258 1.666328 0.647010 -0.210465 0.719612 -0.138713
0.429875 0.184250 1.666327 0.646858 -0.211460 0.719286 -0.139598
0.429862 0.184244 1.666326 0.646704 -0.212443 0.718962 -0.140482
0.429850 0.184241 1.666326 0.646549 -0.213415 0.718641 -0.141364
0.429837 0.184239 1.666325 0.646392 -0.214377 0.718322 -0.142246
0.429824 0.184239 1.666324 0.646235 -0.215329 0.718004 -0.143126
0.429811 0.184240 1.666323 0.646076 -0.216273 0.717687 -0.144004
0.429798 0.184243 1.666320 0.645917 -0.217210 0.717371 -0.144880
0.429785 0.184247 1.666318 0.645756 -0.218140 0.717056 -0.145754
0.429772 0.184253 1.666314 0.645595 -0.219063 0.716742 -0.146627
0.429759 0.184259 1.666309 0.645432 -0.219981 0.716429 -0.147498
0.429747 0.184266 1.666304 0.645268 -0.220893 0.716116 -0.148367
0.429734 0.184274 1.666298 0.645103 -0.221801 0.715804 -0.149234
0.429721 0.184283 1.666291 0.644937 -0.222704 0.715493 -0.150099
0.429709 0.184292 1.666283 0.644769 -0.223603 0.715182 -0.150962
0.429697 0.184301 1.666274 0.644599 -0.224498 0.714872 -0.151823
0.429684 0.184311 1.666264 0.644429 -0.225389 0.714563 -0.152682
0.429673 0.184321 1.666254 0.644257 -0.226276 0.714254 -0.153539
0.429661 0.184331 1.666243 0.644083 -0.227159 0.713946 -0.154393
0.429649 0.184342 1.666231 0.643908 -0.228039 0.713638 -0.155246
0.429641 0.184362 1.666218 0.643735 -0.228958 0.713302 -0.156153
0.429636 0.184389 1.666206 0.643565 -0.229895 0.712950 -0.157080
0.429632 0.184420 1.666197 0.643398 -0.230841 0.712589 -0.158013
0.429629 0.184454 1.666191 0.643233 -0.231792 0.712222 -0.158946
0.429628 0.184491 1.666186 0.643071 -0.232744 0.711850 -0.159874
0.429627 0.184529 1.666182 0.642910 -0.233695 0.711475 -0.160798
0.429627 0.184569 1.666179 0.642750 -0.234645 0.711099 -0.161717
0.429627 0.184609 1.666177 0.642591 -0.235592 0.710721 -0.162630
0.429628 0.184651 1.666174 0.642433 -0.236537 0.710342 -0.163539
0.429629 0.184692 1.666171 0.642273 -0.237478 0.709963 -0.164443
0.429630 0.184735 1.666169 0.642114 -0.238416 0.709584 -0.165344
0.429631 0.184777 1.666165 0.641953 -0.239349 0.709205 -0.166241
0.429632 0.184820 1.666161 0.641792 -0.240278 0.708827 -0.167135
0.429633 0.184863 1.666157 0.641629 -0.241203 0.708450 -0.168025
0.429634 0.184907 1.666153 0.641465 -0.242122 0.708073 -0.168913
0.429636 0.184950 1.666147 0.641299 -0.243037 0.707698 -0.169799
0.429637 0.184994 1.666142 0.641132 -0.243947 0.707324 -0.170683
0.429638 0.185038 1.666136 0.640963 -0.244852 0.706951 -0.171564
0.429638 0.185082 1.666129 0.640792 -0.245751 0.706580 -0.172444
0.429639 0.185127 1.666122 0.640619 -0.246646 0.706210 -0.173322
0.429640 0.185172 1.666114 0.640445 -0.247536 0.705841 -0.174199
0.429640 0.185217 1.666107 0.640268 -0.248421 0.705474 -0.175074
0.429640 0.185263 1.666098 0.640090 -0.249301 0.705108 -0.175947
0.429641 0.185308 1.666090 0.639910 -0.250176 0.704743 -0.176819
0.429640 0.185355 1.666081 0.639728 -0.251046 0.704380 -0.177690
0.429640 0.185401 1.666071 0.639544 -0.251912 0.704017 -0.178560
0.429640 0.185447 1.666061 0.639358 -0.252773 0.703657 -0.179428
0.429639 0.185494 1.666051 0.639170 -0.253630 0.703297 -0.180295
0.429638 0.185541 1.666041 0.638981 -0.254482 0.702939 -0.181161
0.429638 0.185588 1.666030 0.638790 -0.255331 0.702581 -0.182026
0.429636 0.185636 1.666019 0.638597 -0.256175 0.702225 -0.182889
0.429635 0.185683 1.666007 0.638402 -0.257015 0.701870 -0.183751
0.429634 0.185731 1.665995 0.638205 -0.257851 0.701516 -0.184612
0.429632 0.185779 1.665983 0.638007 -0.258684 0.701164 -0.185471
0.429631 0.185826 1.665971 0.637807 -0.259513 0.700812 -0.186329
0.429629 0.185874 1.665958 0.637605 -0.260338 0.700461 -0.187186
0.429627 0.185922 1.665944 0.637402 -0.261160 0.700110 -0.188042
0.429625 0.185971 1.665931 0.637197 -0.261978 0.699761 -0.188896
0.429623 0.186019 1.665917 0.636990 -0.262793 0.699413 -0.189749
0.429621 0.186067 1.665902 0.636782 -0.263605 0.699065 -0.190601
0.429619 0.186127 1.665884 0.636578 -0.264444 0.698695 -0.191479
0.429619 0.186196 1.665862 0.636377 -0.265295 0.698312 -0.192364
0.429618 0.186272 1.665839 0.636179 -0.266154 0.697920 -0.193249
0.429618 0.186352 1.665814 0.635985 -0.267018 0.697522 -0.194131
0.429618 0.186436 1.665788 0.635793 -0.267885 0.697120 -0.195009
0.429617 0.186523 1.665760 0.635603 -0.268753 0.696714 -0.195881
0.429617 0.186612 1.665730 0.635414 -0.269623 0.696306 -0.196748
0.429616 0.186702 1.665698 0.635226 -0.270493 0.695896 -0.197610
0.429616 0.186793 1.665665 0.635039 -0.271363 0.695484 -0.198467
0.429616 0.186884 1.665630 0.634852 -0.272232 0.695072 -0.199320
0.429615 0.186975 1.665594 0.634664 -0.273100 0.694659 -0.200169
0.429615 0.187066 1.665556 0.634476 -0.273966 0.694246 -0.201013
0.429614 0.187157 1.665517 0.634287 -0.274829 0.693833 -0.201854
0.429613 0.187247 1.665476 0.634097 -0.275690 0.693420 -0.202693
0.429613 0.187337 1.665435 0.633907 -0.276548 0.693008 -0.203528
0.429612 0.187426 1.665393 0.633715 -0.277402 0.692597 -0.204361
0.429611 0.187515 1.665350 0.633521 -0.278254 0.692186 -0.205191
0.429609 0.187604 1.665306 0.633327 -0.279101 0.691777 -0.206020
0.429608 0.187692 1.665262 0.633131 -0.279945 0.691369 -0.206847
0.429606 0.187779 1.665217 0.632933 -0.280785 0.690962 -0.207672
0.429605 0.187866 1.665171 0.632734 -0.281621 0.690556 -0.208495
0.429604 0.187944 1.665127 0.632528 -0.282468 0.690153 -0.209304
0.429605 0.188015 1.665085 0.632317 -0.283322 0.689755 -0.210103
0.429606 0.188079 1.665044 0.632099 -0.284180 0.689359 -0.210894
0.429608 0.188137 1.665005 0.631878 -0.285038 0.688967 -0.211680
0.429611 0.188192 1.664967 0.631652 -0.285896 0.688578 -0.212462
0.429614 0.188243 1.664930 0.631423 -0.286751 0.688191 -0.213242
0.429618 0.188291 1.664893 0.631192 -0.287602 0.687806 -0.214019
0.429622 0.188338 1.664857 0.630959 -0.288449 0.687423 -0.214794
0.429626 0.188383 1.664822 0.630725 -0.289292 0.687042 -0.215568
0.429630 0.188427 1.664786 0.630490 -0.290129 0.686662 -0.216341
0.429634 0.188470 1.664750 0.630254 -0.290961 0.686283 -0.217113
0.429638 0.188514 1.664714 0.630017 -0.291787 0.685905 -0.217884
0.429640 0.188568 1.664675 0.629784 -0.292592 0.685524 -0.218676
0.429642 0.188629 1.664634 0.629554 -0.293385 0.685141 -0.219475
0.429642 0.188693 1.664591 0.629325 -0.294172 0.684757 -0.220275
0.429642 0.188760 1.664546 0.629096 -0.294954 0.684372 -0.221075
0.429641 0.188828 1.664500 0.628868 -0.295733 0.683987 -0.221874
0.429640 0.188897 1.664453 0.628639 -0.296509 0.683602 -0.222672
0.429639 0.188961 1.664406 0.628408 -0.297290 0.683220 -0.223457
0.429646 0.189020 1.664364 0.628174 -0.298102 0.682818 -0.224259
0.429658 0.189074 1.664327 0.627939 -0.298924 0.682410 -0.225063
0.429671 0.189143 1.664291 0.627721 -0.299710 0.681994 -0.225888
0.429686 0.189206 1.664259 0.627500 -0.300505 0.681577 -0.226703
0.429704 0.189264 1.664231 0.627278 -0.301304 0.681159 -0.227510
0.429721 0.189332 1.664202 0.627065 -0.302077 0.680739 -0.228327
0.429740 0.189395 1.664176 0.626851 -0.302856 0.680319 -0.229133
0.429759 0.189454 1.664153 0.626633 -0.303641 0.679901 -0.229931
0.429778 0.189520 1.664128 0.626422 -0.304403 0.679481 -0.230739
0.429797 0.189582 1.664104 0.626207 -0.305172 0.679062 -0.231537
0.429816 0.189639 1.664082 0.625990 -0.305945 0.678645 -0.232326
0.429834 0.189704 1.664058 0.625776 -0.306700 0.678226 -0.233128
0.429850 0.189763 1.664036 0.625557 -0.307458 0.677811 -0.233922
0.429864 0.189816 1.664016 0.625334 -0.308216 0.677401 -0.234709
0.429876 0.189864 1.663997 0.625108 -0.308972 0.676994 -0.235491
0.429887 0.189911 1.663980 0.624882 -0.309715 0.676592 -0.236265
0.429897 0.189958 1.663964 0.624658 -0.310448 0.676195 -0.237035
0.429906 0.190004 1.663949 0.624434 -0.311170 0.675801 -0.237801
0.429913 0.190049 1.663935 0.624209 -0.311882 0.675411 -0.238563
0.429920 0.190095 1.663923 0.623985 -0.312585 0.675024 -0.239322
0.429927 0.190142 1.663911 0.623761 -0.313279 0.674641 -0.240078
0.429933 0.190189 1.663900 0.623537 -0.313965 0.674261 -0.240832
0.429938 0.190236 1.663890 0.623313 -0.314642 0.673883 -0.241583
0.429944 0.190282 1.663882 0.623084 -0.315321 0.673509 -0.242333
0.429949 0.190327 1.663875 0.622851 -0.315999 0.673137 -0.243081
0.429955 0.190370 1.663868 0.622616 -0.316676 0.672767 -0.243825
0.429960 0.190412 1.663862 0.622378 -0.317350 0.672400 -0.244567
0.429966 0.190453 1.663857 0.622139 -0.318021 0.672035 -0.245305
0.429971 0.190494 1.663852 0.621899 -0.318688 0.671672 -0.246040
0.429977 0.190534 1.663847 0.621658 -0.319352 0.671312 -0.246772
0.429982 0.190573 1.663843 0.621416 -0.320012 0.670953 -0.247501
0.429987 0.190613 1.663838 0.621174 -0.320668 0.670595 -0.248226
0.429992 0.190652 1.663834 0.620932 -0.321320 0.670240 -0.248949
0.429997 0.190691 1.663829 0.620689 -0.321969 0.669885 -0.249669
0.430002 0.190732 1.663823 0.620450 -0.322607 0.669533 -0.250386
0.430006 0.190775 1.663817 0.620213 -0.323236 0.669181 -0.251101
0.430009 0.190820 1.663810 0.619978 -0.323858 0.668830 -0.251814
0.430012 0.190867 1.663803 0.619744 -0.324474 0.668480 -0.252525
0.430015 0.190912 1.663795 0.619507 -0.325093 0.668130 -0.253234
0.430018 0.190957 1.663788 0.619268 -0.325713 0.667782 -0.253941
0.430026 0.191008 1.663780 0.619009 -0.326398 0.667397 -0.254704
0.430036 0.191066 1.663773 0.618739 -0.327119 0.666992 -0.255493
0.430047 0.191129 1.663768 0.618464 -0.327860 0.666576 -0.256293
0.430060 0.191196 1.663766 0.618186 -0.328614 0.666154 -0.257096
0.430073 0.191265 1.663766 0.617906 -0.329373 0.665729 -0.257897
0.430086 0.191336 1.663767 0.617626 -0.330135 0.665302 -0.258695
0.430100 0.191408 1.663769 0.617346 -0.330898 0.664874 -0.259487
0.430114 0.191482 1.663772 0.617066 -0.331660 0.664446 -0.260273
0.430128 0.191556 1.663776 0.616787 -0.332420 0.664019 -0.261054
0.430141 0.191631 1.663780 0.616509 -0.333178 0.663592 -0.261830
0.430155 0.191706 1.663783 0.616231 -0.333932 0.663167 -0.262601
0.430167 0.191790 1.663786 0.615965 -0.334657 0.662743 -0.263369
0.430177 0.191879 1.663787 0.615709 -0.335362 0.662320 -0.264135
0.430187 0.191967 1.663788 0.615447 -0.336074 0.661897 -0.264898
0.430198 0.192053 1.663790 0.615182 -0.336790 0.661475 -0.265657
0.430209 0.192137 1.663791 0.614915 -0.337508 0.661054 -0.266412
0.430219 0.192219 1.663792 0.614645 -0.338227 0.660635 -0.267162
0.430229 0.192298 1.663794 0.614372 -0.338944 0.660218 -0.267910
0.430238 0.192375 1.663796 0.614097 -0.339660 0.659803 -0.268657
0.430245 0.192455 1.663799 0.613825 -0.340360 0.659390 -0.269403
0.430251 0.192537 1.663802 0.613556 -0.341048 0.658980 -0.270151
0.430256 0.192616 1.663805 0.613282 -0.341739 0.658570 -0.270897
0.430262 0.192694 1.663809 0.613004 -0.342431 0.658162 -0.271641
0.430267 0.192769 1.663814 0.612723 -0.343124 0.657756 -0.272384
0.430273 0.192843 1.663818 0.612441 -0.343816 0.657351 -0.273124
0.430277 0.192920 1.663822 0.612162 -0.344493 0.656948 -0.273863
0.430282 0.192995 1.663827 0.611880 -0.345172 0.656546 -0.274601
0.430287 0.193069 1.663831 0.611596 -0.345851 0.656145 -0.275337
0.430292 0.193141 1.663836 0.611310 -0.346530 0.655746 -0.276070
0.430296 0.193216 1.663840 0.611028 -0.347195 0.655347 -0.276802
0.430300 0.193289 1.663844 0.610744 -0.347862 0.654950 -0.277533
0.430304 0.193361 1.663847 0.610457 -0.348529 0.654554 -0.278261
0.430309 0.193432 1.663851 0.610169 -0.349196 0.654158 -0.278986
0.430313 0.193509 1.663851 0.609890 -0.349844 0.653763 -0.279710
0.430318 0.193585 1.663851 0.609609 -0.350495 0.653367 -0.280430
0.430324 0.193659 1.663850 0.609327 -0.351148 0.652972 -0.281146
0.430330 0.193733 1.663847 0.609044 -0.351801 0.652577 -0.281857
0.430337 0.193806 1.663843 0.608761 -0.352455 0.652183 -0.282565
0.430342 0.193884 1.663837 0.608485 -0.353092 0.651789 -0.283272
0.430347 0.193966 1.663829 0.608215 -0.353717 0.651395 -0.283979
0.430361 0.194047 1.663822 0.607925 -0.354372 0.650985 -0.284721
0.430378 0.194125 1.663819 0.607622 -0.355042 0.650568 -0.285485
0.430398 0.194202 1.663820 0.607310 -0.355716 0.650150 -0.286262
0.430420 0.194278 1.663826 0.606992 -0.356390 0.649732 -0.287047
0.430443 0.194352 1.663835 0.606669 -0.357061 0.649316 -0.287835
0.430466 0.194426 1.663848 0.606343 -0.357727 0.648902 -0.288627
0.430489 0.194506 1.663864 0.606023 -0.358370 0.648492 -0.289423
0.430512 0.194585 1.663883 0.605699 -0.359013 0.648082 -0.290220
0.430535 0.194663 1.663904 0.605373 -0.359655 0.647674 -0.291018
0.430558 0.194740 1.663927 0.605044 -0.360295 0.647266 -0.291815
0.430580 0.194816 1.663951 0.604713 -0.360933 0.646861 -0.292612
0.430602 0.194893 1.663977 0.604380 -0.361568 0.646456 -0.293407
0.430624 0.194968 1.664003 0.604047 -0.362200 0.646053 -0.294202
0.430645 0.195044 1.664030 0.603712 -0.362830 0.645650 -0.294996
0.430666 0.195120 1.664058 0.603376 -0.363456 0.645249 -0.295788
0.430686 0.195195 1.664087 0.603040 -0.364079 0.644849 -0.296580
0.430706 0.195270 1.664116 0.602702 -0.364700 0.644449 -0.297370
0.430725 0.195346 1.664146 0.602364 -0.365318 0.644050 -0.298160
0.430744 0.195421 1.664175 0.602025 -0.365934 0.643652 -0.298947
0.430762 0.195496 1.664206 0.601686 -0.366546 0.643255 -0.299734
0.430780 0.195571 1.664236 0.601346 -0.367157 0.642859 -0.300519
0.430797 0.195646 1.664266 0.601005 -0.367765 0.642463 -0.301302
0.430814 0.195721 1.664297 0.600664 -0.368371 0.642068 -0.302084
0.430830 0.195796 1.664327 0.600322 -0.368976 0.641673 -0.302864
0.430846 0.195870 1.664357 0.599979 -0.369578 0.641278 -0.303642
0.430861 0.195945 1.664388 0.599636 -0.370178 0.640885 -0.304419
0.430876 0.196019 1.664418 0.599293 -0.370777 0.640491 -0.305194
0.430891 0.196093 1.664448 0.598949 -0.371375 0.640098 -0.305966
0.430906 0.196167 1.664477 0.598604 -0.371971 0.639705 -0.306737
0.430920 0.196240 1.664506 0.598259 -0.372565 0.639313 -0.307506
0.430933 0.196313 1.664535 0.597914 -0.373158 0.638921 -0.308272
0.430947 0.196386 1.664563 0.597568 -0.373750 0.638529 -0.309037
0.430960 0.196459 1.664591 0.597222 -0.374341 0.638138 -0.309799
0.430973 0.196531 1.664619 0.596875 -0.374931 0.637746 -0.310559
0.430985 0.196603 1.664646 0.596528 -0.375520 0.637355 -0.311316
0.430998 0.196674 1.664672 0.596180 -0.376107 0.636964 -0.312072
0.431010 0.196745 1.664698 0.595832 -0.376694 0.636574 -0.312825
0.431022 0.196816 1.664723 0.595484 -0.377280 0.636183 -0.313575
0.431033 0.196886 1.664748 0.595136 -0.377865 0.635792 -0.314324
0.431045 0.196955 1.664772 0.594788 -0.378447 0.635404 -0.315065
0.431060 0.197031 1.664800 0.594416 -0.379074 0.634988 -0.315852
0.431078 0.197112 1.664832 0.594029 -0.379727 0.634556 -0.316663
0.431097 0.197198 1.664869 0.593634 -0.380395 0.634115 -0.317485
0.431116 0.197286 1.664911 0.593234 -0.381070 0.633670 -0.318311
0.431135 0.197377 1.664956 0.592830 -0.381749 0.633222 -0.319139
0.431155 0.197469 1.665004 0.592425 -0.382431 0.632774 -0.319965
0.431175 0.197563 1.665055 0.592017 -0.383113 0.632325 -0.320789
0.431195 0.197658 1.665108 0.591609 -0.383794 0.631876 -0.321611
0.431215 0.197752 1.665162 0.591200 -0.384474 0.631428 -0.322430
0.431234 0.197848 1.665218 0.590791 -0.385153 0.630980 -0.323246
0.431254 0.197943 1.665274 0.590381 -0.385829 0.630533 -0.324059
0.431273 0.198038 1.665331 0.589971 -0.386503 0.630087 -0.324870
0.431292 0.198133 1.665389 0.589561 -0.387174 0.629641 -0.325678
0.431310 0.198228 1.665447 0.589150 -0.387842 0.629197 -0.326483
0.431328 0.198323 1.665504 0.588741 -0.388507 0.628752 -0.327286
0.431346 0.198418 1.665559 0.588334 -0.389170 0.628308 -0.328085
0.431363 0.198512 1.665615 0.587925 -0.389829 0.627866 -0.328881
0.431379 0.198606 1.665672 0.587516 -0.390484 0.627425 -0.329676
0.431396 0.198699 1.665729 0.587106 -0.391135 0.626985 -0.330469
0.431412 0.198791 1.665787 0.586695 -0.391783 0.626547 -0.331260
0.431427 0.198883 1.665844 0.586284 -0.392428 0.626110 -0.332050
0.431442 0.198974 1.665902 0.585873 -0.393070 0.625674 -0.332838
0.431457 0.199065 1.665960 0.585462 -0.393708 0.625239 -0.333622
0.431472 0.199154 1.666018 0.585055 -0.394337 0.624810 -0.334397
0.431486 0.199243 1.666075 0.584652 -0.394957 0.624387 -0.335159
0.431500 0.199331 1.666131 0.584253 -0.395567 0.623971 -0.335910
0.431513 0.199418 1.666188 0.583860 -0.396167 0.623560 -0.336648
0.431526 0.199505 1.666244 0.583471 -0.396757 0.623157 -0.337374
0.431539 0.199590 1.666300 0.583088 -0.397336 0.622759 -0.338089
0.431552 0.199675 1.666355 0.582709 -0.397905 0.622369 -0.338791
0.431564 0.199759 1.666410 0.582336 -0.398463 0.621984 -0.339482
0.431576 0.199842 1.666465 0.581968 -0.399011 0.621605 -0.340161
0.431587 0.199924 1.666520 0.581606 -0.399550 0.621233 -0.340829
0.431599 0.200005 1.666574 0.581249 -0.400078 0.620867 -0.341485
0.431610 0.200085 1.666628 0.580897 -0.400596 0.620507 -0.342129
0.431620 0.200165 1.666681 0.580551 -0.401105 0.620153 -0.342763
0.431631 0.200244 1.666734 0.580210 -0.401604 0.619804 -0.343386
0.431641 0.200322 1.666787 0.579874 -0.402093 0.619461 -0.343997
0.431651 0.200399 1.666839 0.579544 -0.402574 0.619124 -0.344598
0.431661 0.200475 1.666890 0.579219 -0.403045 0.618793 -0.345188
0.431675 0.200551 1.666944 0.578838 -0.403587 0.618404 -0.345890
0.431691 0.200625 1.666997 0.578444 -0.404144 0.618002 -0.346617
0.431708 0.200699 1.667048 0.578049 -0.404699 0.617601 -0.347344
0.431726 0.200773 1.667098 0.577657 -0.405246 0.617203 -0.348065
0.431744 0.200846 1.667147 0.577268 -0.405785 0.616810 -0.348777
0.431762 0.200918 1.667196 0.576885 -0.406314 0.616423 -0.349478
0.431780 0.200990 1.667245 0.576507 -0.406831 0.616043 -0.350170
0.431798 0.201061 1.667293 0.576134 -0.407339 0.615669 -0.350850
0.431815 0.201131 1.667342 0.575767 -0.407836 0.615301 -0.351521
0.431831 0.201201 1.667390 0.575404 -0.408324 0.614939 -0.352181
0.431847 0.201271 1.667438 0.575047 -0.408801 0.614584 -0.352831
0.431863 0.201339 1.667486 0.574695 -0.409269 0.614234 -0.353471
0.431878 0.201407 1.667534 0.574348 -0.409728 0.613890 -0.354100
0.431893 0.201475 1.667581 0.574006 -0.410177 0.613551 -0.354720
0.431907 0.201541 1.667629 0.573670 -0.410618 0.613219 -0.355330
0.431920 0.201608 1.667676 0.573338 -0.411049 0.612892 -0.355929
0.431933 0.201673 1.667723 0.573012 -0.411472 0.612570 -0.356519
0.431945 0.201738 1.667770 0.572691 -0.411887 0.612253 -0.357099
0.431957 0.201803 1.667816 0.572375 -0.412294 0.611942 -0.357669
0.431969 0.201866 1.667862 0.572064 -0.412693 0.611636 -0.358230
0.431980 0.201929 1.667908 0.571758 -0.413084 0.611336 -0.358781
0.431991 0.201992 1.667953 0.571457 -0.413467 0.611040 -0.359322
0.432001 0.202054 1.667998 0.571161 -0.413843 0.610749 -0.359854
0.432011 0.202115 1.668042 0.570870 -0.414211 0.610463 -0.360376
0.432021 0.202176 1.668086 0.570585 -0.414572 0.610182 -0.360889
0.432030 0.202236 1.668129 0.570304 -0.414926 0.609906 -0.361393
0.432039 0.202296 1.668172 0.570028 -0.415273 0.609634 -0.361888
0.432048 0.202355 1.668214 0.569757 -0.415613 0.609367 -0.362373
0.432057 0.202413 1.668255 0.569491 -0.415946 0.609105 -0.362850
0.432065 0.202471 1.668296 0.569230 -0.416273 0.608847 -0.363318
0.432073 0.202528 1.668336 0.568973 -0.416594 0.608593 -0.363777
0.432081 0.202585 1.668376 0.568721 -0.416908 0.608344 -0.364227
0.432089 0.202641 1.668414 0.568474 -0.417216 0.608099 -0.364669
0.432097 0.202697 1.668453 0.568232 -0.417518 0.607858 -0.365103
0.432104 0.202752 1.668490 0.567994 -0.417814 0.607621 -0.365528
0.432111 0.202806 1.668527 0.567761 -0.418104 0.607389 -0.365945
0.432118 0.202860 1.668563 0.567532 -0.418388 0.607160 -0.366355
0.432125 0.202914 1.668598 0.567307 -0.418667 0.606935 -0.366756
0.432132 0.202967 1.668632 0.567087 -0.418940 0.606714 -0.367149
0.432138 0.203019 1.668666 0.566871 -0.419208 0.606497 -0.367535
0.432141 0.203076 1.668704 0.566618 -0.419501 0.606260 -0.367985
0.432142 0.203136 1.668740 0.566356 -0.419794 0.606022 -0.368444
0.432143 0.203200 1.668774 0.566094 -0.420083 0.605790 -0.368899
0.432144 0.203268 1.668806 0.565834 -0.420367 0.605563 -0.369346
0.432147 0.203338 1.668836 0.565575 -0.420648 0.605342 -0.369785
0.432150 0.203411 1.668866 0.565319 -0.420926 0.605124 -0.370216
0.432155 0.203485 1.668895 0.565065 -0.421202 0.604911 -0.370638
0.432161 0.203560 1.668923 0.564813 -0.421477 0.604700 -0.371054
0.432167 0.203637 1.668949 0.564564 -0.421750 0.604492 -0.371460
0.432174 0.203714 1.668974 0.564319 -0.422021 0.604288 -0.371859
0.432181 0.203792 1.668998 0.564077 -0.422288 0.604086 -0.372250
0.432189 0.203869 1.669022 0.563838 -0.422552 0.603888 -0.372634
0.432197 0.203947 1.669045 0.563603 -0.422812 0.603693 -0.373010
0.432205 0.204024 1.669068 0.563372 -0.423069 0.603501 -0.373379
0.432213 0.204101 1.669090 0.563144 -0.423321 0.603312 -0.373742
0.432221 0.204178 1.669112 0.562920 -0.423569 0.603126 -0.374098
0.432229 0.204254 1.669134 0.562699 -0.423813 0.602944 -0.374448
0.432237 0.204329 1.669155 0.562483 -0.424052 0.602764 -0.374791
0.432245 0.204404 1.669176 0.562270 -0.424287 0.602587 -0.375129
0.432253 0.204478 1.669197 0.562061 -0.424518 0.602414 -0.375460
0.432261 0.204552 1.669218 0.561855 -0.424744 0.602243 -0.375786
0.432269 0.204624 1.669240 0.561652 -0.424965 0.602076 -0.376106
0.432277 0.204695 1.669263 0.561452 -0.425181 0.601913 -0.376422
0.432284 0.204765 1.669287 0.561255 -0.425392 0.601753 -0.376733
0.432292 0.204833 1.669311 0.561060 -0.425600 0.601596 -0.377039
0.432300 0.204901 1.669335 0.560868 -0.425804 0.601442 -0.377340
0.432308 0.204968 1.669360 0.560680 -0.426003 0.601290 -0.377637
0.432315 0.205034 1.669384 0.560494 -0.426199 0.601141 -0.377929
0.432322 0.205100 1.669407 0.560313 -0.426391 0.600993 -0.378215
0.432329 0.205166 1.669429 0.560136 -0.426580 0.600847 -0.378496
0.432335 0.205232 1.669449 0.559964 -0.426765 0.600704 -0.378771
0.432341 0.205296 1.669470 0.559794 -0.426945 0.600563 -0.379041
0.432347 0.205360 1.669491 0.559627 -0.427122 0.600426 -0.379306
0.432354 0.205422 1.669513 0.559462 -0.427296 0.600291 -0.379567
0.432359 0.205485 1.669533 0.559302 -0.427466 0.600157 -0.379823
0.432365 0.205547 1.669551 0.559145 -0.427633 0.600026 -0.380074
0.432370 0.205608 1.669570 0.558990 -0.427796 0.599897 -0.380320
0.432376 0.205668 1.669589 0.558839 -0.427956 0.599771 -0.380562
0.432381 0.205728 1.669608 0.558690 -0.428113 0.599647 -0.380800
0.432386 0.205787 1.669626 0.558544 -0.428267 0.599525 -0.381033
0.432392 0.205843 1.669648 0.558370 -0.428449 0.599380 -0.381312
0.432399 0.205898 1.669668 0.558191 -0.428638 0.599228 -0.381599
0.432406 0.205952 1.669685 0.558015 -0.428827 0.599076 -0.381883
0.432413 0.206004 1.669701 0.557842 -0.429013 0.598926 -0.382163
0.432420 0.206056 1.669715 0.557673 -0.429196 0.598777 -0.382436
0.432427 0.206107 1.669728 0.557509 -0.429375 0.598631 -0.382704
0.432434 0.206157 1.669740 0.557348 -0.429551 0.598487 -0.382967
0.432441 0.206206 1.669751 0.557190 -0.429723 0.598345 -0.383224
0.432448 0.206255 1.669761 0.557035 -0.429890 0.598207 -0.383477
0.432455 0.206302 1.669772 0.556883 -0.430055 0.598071 -0.383725
0.432461 0.206348 1.669782 0.556733 -0.430216 0.597938 -0.383970
0.432467 0.206394 1.669793 0.556586 -0.430373 0.597807 -0.384210
0.432473 0.206439 1.669803 0.556441 -0.430528 0.597678 -0.384447
0.432479 0.206483 1.669813 0.556299 -0.430679 0.597552 -0.384680
0.432484 0.206527 1.669823 0.556160 -0.430827 0.597427 -0.384909
0.432489 0.206570 1.669832 0.556023 -0.430973 0.597305 -0.385134
0.432494 0.206613 1.669841 0.555888 -0.431115 0.597184 -0.385355
0.432499 0.206655 1.669849 0.555757 -0.431255 0.597066 -0.385572
0.432503 0.206697 1.669858 0.555627 -0.431392 0.596950 -0.385786
0.432507 0.206739 1.669865 0.555501 -0.431527 0.596835 -0.385995
0.432511 0.206780 1.669873 0.555376 -0.431658 0.596722 -0.386200
0.432515 0.206821 1.669880 0.555255 -0.431788 0.596611 -0.386402
0.432519 0.206861 1.669887 0.555135 -0.431915 0.596502 -0.386600
0.432523 0.206901 1.669893 0.555018 -0.432039 0.596395 -0.386795
0.432526 0.206941 1.669899 0.554904 -0.432162 0.596289 -0.386985
0.432529 0.206980 1.669904 0.554791 -0.432282 0.596185 -0.387172
0.432532 0.207019 1.669910 0.554681 -0.432399 0.596083 -0.387355
0.432535 0.207058 1.669915 0.554574 -0.432515 0.595983 -0.387535
0.432538 0.207097 1.669919 0.554468 -0.432628 0.595884 -0.387711
0.432541 0.207135 1.669923 0.554365 -0.432740 0.595787 -0.387884
0.432544 0.207173 1.669927 0.554264 -0.432849 0.595691 -0.388053
0.432546 0.207210 1.669930 0.554165 -0.432956 0.595597 -0.388219
0.432549 0.207247 1.669933 0.554068 -0.433061 0.595504 -0.388382
0.432551 0.207284 1.669936 0.553974 -0.433164 0.595413 -0.388542
0.432554 0.207321 1.669938 0.553881 -0.433266 0.595324 -0.388698
0.432556 0.207357 1.669940 0.553791 -0.433365 0.595236 -0.388851
0.432558 0.207393 1.669942 0.553702 -0.433462 0.595149 -0.389001
0.432560 0.207429 1.669944 0.553615 -0.433558 0.595064 -0.389148
0.432562 0.207465 1.669945 0.553530 -0.433652 0.594980 -0.389292
0.432564 0.207500 1.669946 0.553448 -0.433744 0.594898 -0.389434
0.432562 0.207544 1.669937 0.553423 -0.433771 0.594868 -0.389484
0.432558 0.207593 1.669926 0.553418 -0.433772 0.594862 -0.389498
0.432553 0.207646 1.669912 0.553420 -0.433764 0.594866 -0.389499
0.432548 0.207701 1.669897 0.553422 -0.433754 0.594875 -0.389495
0.432542 0.207758 1.669880 0.553424 -0.433744 0.594885 -0.389487
0.432537 0.207817 1.669863 0.553423 -0.433736 0.594897 -0.389478
0.432532 0.207875 1.669844 0.553422 -0.433730 0.594909 -0.389468
0.432527 0.207935 1.669824 0.553418 -0.433730 0.594920 -0.389458
0.432521 0.207996 1.669802 0.553414 -0.433733 0.594929 -0.389445
0.432517 0.208057 1.669777 0.553411 -0.433738 0.594938 -0.389430
0.432512 0.208118 1.669752 0.553407 -0.433747 0.594946 -0.389414
0.432508 0.208179 1.669725 0.553404 -0.433757 0.594954 -0.389395
0.432503 0.208240 1.669697 0.553402 -0.433769 0.594962 -0.389374
0.432500 0.208300 1.669668 0.553400 -0.433782 0.594969 -0.389351
0.432496 0.208360 1.669639 0.553399 -0.433795 0.594975 -0.389327
0.432493 0.208419 1.669608 0.553398 -0.433810 0.594982 -0.389301
0.432490 0.208478 1.669577 0.553399 -0.433825 0.594988 -0.389275
0.432488 0.208535 1.669547 0.553400 -0.433839 0.594995 -0.389246
0.432486 0.208591 1.669518 0.553400 -0.433854 0.595004 -0.389217
0.432485 0.208645 1.669489 0.553401 -0.433868 0.595012 -0.389189
0.432484 0.208699 1.669461 0.553401 -0.433882 0.595020 -0.389160
0.432483 0.208751 1.669434 0.553402 -0.433896 0.595028 -0.389131
0.432482 0.208803 1.669406 0.553403 -0.433910 0.595036 -0.389102
0.432482 0.208854 1.669378 0.553404 -0.433924 0.595043 -0.389073
0.432481 0.208904 1.669351 0.553406 -0.433938 0.595050 -0.389044
0.432481 0.208954 1.669322 0.553410 -0.433952 0.595056 -0.389014
0.432480 0.209004 1.669291 0.553415 -0.433967 0.595060 -0.388984
0.432479 0.209054 1.669260 0.553421 -0.433981 0.595064 -0.388953
0.432478 0.209104 1.669228 0.553429 -0.433995 0.595068 -0.388921
0.432478 0.209152 1.669196 0.553437 -0.434009 0.595072 -0.388888
0.432477 0.209200 1.669166 0.553444 -0.434021 0.595077 -0.388855
0.432476 0.209246 1.669135 0.553452 -0.434034 0.595082 -0.388823
0.432476 0.209292 1.669105 0.553459 -0.434046 0.595087 -0.388791
0.432476 0.209337 1.669076 0.553466 -0.434059 0.595091 -0.388760
0.432475 0.209382 1.669047 0.553473 -0.434071 0.595096 -0.388729
0.432475 0.209426 1.669017 0.553481 -0.434083 0.595100 -0.388699
0.432474 0.209470 1.668987 0.553489 -0.434095 0.595103 -0.388669
0.432473 0.209514 1.668956 0.553499 -0.434107 0.595105 -0.388638
0.432472 0.209558 1.668924 0.553509 -0.434119 0.595107 -0.388607
0.432471 0.209601 1.668893 0.553520 -0.434130 0.595109 -0.388576
0.432461 0.209666 1.668847 0.553671 -0.434012 0.595223 -0.388319
0.432447 0.209743 1.668802 0.553863 -0.433853 0.595380 -0.387982
0.432430 0.209828 1.668763 0.554061 -0.433687 0.595551 -0.387622
0.432413 0.209918 1.668729 0.554254 -0.433528 0.595725 -0.387257
0.432395 0.210013 1.668699 0.554438 -0.433382 0.595897 -0.386892
0.432378 0.210112 1.668670 0.554608 -0.433258 0.596062 -0.386534
0.432362 0.210212 1.668642 0.554766 -0.433152 0.596221 -0.386178
0.432346 0.210313 1.668614 0.554917 -0.433062 0.596376 -0.385825
0.432331 0.210415 1.668587 0.555059 -0.432983 0.596527 -0.385473
0.432317 0.210517 1.668560 0.555196 -0.432916 0.596675 -0.385124
0.432304 0.210622 1.668538 0.555321 -0.432855 0.596819 -0.384788
0.432292 0.210730 1.668520 0.555439 -0.432798 0.596961 -0.384463
0.432280 0.210839 1.668504 0.555550 -0.432745 0.597100 -0.384145
0.432269 0.210945 1.668487 0.555663 -0.432698 0.597236 -0.383824
0.432259 0.211048 1.668469 0.555775 -0.432655 0.597370 -0.383502
0.432250 0.211147 1.668449 0.555886 -0.432616 0.597500 -0.383180
0.432242 0.211244 1.668429 0.555997 -0.432579 0.597629 -0.382860
0.432234 0.211339 1.668409 0.556108 -0.432544 0.597755 -0.382543
0.432227 0.211432 1.668388 0.556217 -0.432509 0.597879 -0.382229
0.432220 0.211527 1.668370 0.556322 -0.432471 0.598002 -0.381927
0.432213 0.211624 1.668354 0.556425 -0.432429 0.598122 -0.381636
0.432207 0.211717 1.668337 0.556528 -0.432389 0.598241 -0.381345
0.432201 0.211808 1.668319 0.556632 -0.432351 0.598357 -0.381055
0.432195 0.211896 1.668301 0.556735 -0.432314 0.598471 -0.380767
0.432190 0.211981 1.668282 0.556837 -0.432277 0.598584 -0.380482
0.432185 0.212065 1.668262 0.556939 -0.432240 0.598694 -0.380201
0.432180 0.212147 1.668242 0.557040 -0.432203 0.598803 -0.379924
0.432175 0.212231 1.668225 0.557138 -0.432160 0.598911 -0.379659
0.432170 0.212313 1.668208 0.557237 -0.432118 0.599016 -0.379396
0.432166 0.212393 1.668189 0.557334 -0.432077 0.599120 -0.379135
0.432161 0.212471 1.668171 0.557431 -0.432036 0.599221 -0.378879
0.432157 0.212548 1.668152 0.557527 -0.431995 0.599322 -0.378626
0.432152 0.212627 1.668136 0.557622 -0.431948 0.599420 -0.378384
0.432148 0.212704 1.668119 0.557715 -0.431902 0.599517 -0.378144
0.432143 0.212779 1.668102 0.557808 -0.431858 0.599612 -0.377907
0.432139 0.212853 1.668085 0.557900 -0.431814 0.599706 -0.377673
0.432135 0.212924 1.668067 0.557991 -0.431771 0.599798 -0.377442
0.432131 0.212994 1.668049 0.558081 -0.431728 0.599888 -0.377215
0.432127 0.213063 1.668031 0.558170 -0.431685 0.599976 -0.376992
0.432124 0.213131 1.668013 0.558258 -0.431642 0.600063 -0.376772
0.432104 0.213202 1.667942 0.558607 -0.431380 0.600346 -0.376103
0.432078 0.213281 1.667870 0.559031 -0.431034 0.600706 -0.375296
0.432047 0.213364 1.667806 0.559450 -0.430682 0.601086 -0.374466
0.432015 0.213449 1.667750 0.559850 -0.430345 0.601469 -0.373640
0.431981 0.213534 1.667699 0.560230 -0.430028 0.601849 -0.372823
0.431948 0.213618 1.667652 0.560594 -0.429728 0.602223 -0.372015
0.431914 0.213701 1.667607 0.560945 -0.429446 0.602591 -0.371216
0.431882 0.213781 1.667563 0.561285 -0.429178 0.602951 -0.370426
0.431850 0.213860 1.667520 0.561617 -0.428922 0.603305 -0.369643
0.431820 0.213936 1.667476 0.561942 -0.428676 0.603652 -0.368866
0.431790 0.214010 1.667432 0.562262 -0.428439 0.603992 -0.368097
0.431761 0.214082 1.667386 0.562578 -0.428209 0.604325 -0.367335
0.431733 0.214151 1.667339 0.562890 -0.427985 0.604652 -0.366579
0.431707 0.214217 1.667291 0.563199 -0.427766 0.604973 -0.365830
0.431681 0.214282 1.667242 0.563504 -0.427552 0.605287 -0.365089
0.431656 0.214344 1.667191 0.563807 -0.427342 0.605596 -0.364354
0.431633 0.214403 1.667139 0.564107 -0.427135 0.605899 -0.363627
0.431610 0.214461 1.667086 0.564404 -0.426932 0.606197 -0.362908
0.431588 0.214516 1.667032 0.564699 -0.426732 0.606489 -0.362197
0.431567 0.214569 1.666976 0.564990 -0.426534 0.606776 -0.361493
0.431546 0.214621 1.666919 0.565279 -0.426339 0.607057 -0.360799
0.431527 0.214670 1.666862 0.565565 -0.426147 0.607334 -0.360112
0.431508 0.214718 1.666803 0.565848 -0.425957 0.607605 -0.359435
0.431489 0.214763 1.666744 0.566128 -0.425769 0.607871 -0.358766
0.431471 0.214809 1.666683 0.566407 -0.425580 0.608132 -0.358106
0.431454 0.214854 1.666622 0.566684 -0.425391 0.608389 -0.357456
0.431436 0.214898 1.666560 0.566959 -0.425202 0.608640 -0.356815
0.431419 0.214941 1.666498 0.567232 -0.425014 0.608887 -0.356184
0.431403 0.214984 1.666435 0.567503 -0.424827 0.609129 -0.355562
0.431386 0.215026 1.666371 0.567770 -0.424641 0.609366 -0.354950
0.431370 0.215067 1.666308 0.568035 -0.424457 0.609599 -0.354347
0.431354 0.215107 1.666244 0.568296 -0.424274 0.609827 -0.353754
0.431339 0.215147 1.666179 0.568555 -0.424093 0.610051 -0.353169
0.431323 0.215186 1.666115 0.568810 -0.423914 0.610270 -0.352594
0.431308 0.215224 1.666051 0.569062 -0.423736 0.610485 -0.352029
0.431292 0.215261 1.665987 0.569310 -0.423561 0.610696 -0.351473
0.431277 0.215297 1.665922 0.569555 -0.423387 0.610903 -0.350925
0.431262 0.215333 1.665858 0.569797 -0.423215 0.611105 -0.350387
0.431247 0.215367 1.665794 0.570035 -0.423045 0.611304 -0.349858
0.431233 0.215402 1.665731 0.570270 -0.422876 0.611499 -0.349338
0.431187 0.215431 1.665671 0.570671 -0.422500 0.611894 -0.348444
0.431121 0.215461 1.665632 0.571068 -0.422104 0.612350 -0.347473
0.431042 0.215492 1.665611 0.571433 -0.421727 0.612826 -0.346491
0.430956 0.215526 1.665604 0.571766 -0.421378 0.613307 -0.345513
0.430873 0.215563 1.665603 0.572197 -0.420909 0.613875 -0.344360
0.430790 0.215605 1.665605 0.572648 -0.420414 0.614459 -0.343171
0.430706 0.215654 1.665611 0.573104 -0.419907 0.615043 -0.341982
0.430620 0.215708 1.665620 0.573562 -0.419390 0.615623 -0.340803
0.430532 0.215768 1.665632 0.574021 -0.418861 0.616199 -0.339639
0.430443 0.215834 1.665646 0.574481 -0.418322 0.616768 -0.338490
0.430352 0.215905 1.665663 0.574942 -0.417772 0.617332 -0.337358
0.430259 0.215981 1.665681 0.575404 -0.417212 0.617889 -0.336241
0.430165 0.216062 1.665700 0.575867 -0.416641 0.618442 -0.335138
0.430070 0.216146 1.665721 0.576331 -0.416061 0.618988 -0.334050
0.429975 0.216235 1.665743 0.576797 -0.415471 0.619530 -0.332975
0.429878 0.216326 1.665767 0.577263 -0.414872 0.620066 -0.331913
0.429781 0.216421 1.665791 0.577730 -0.414266 0.620598 -0.330863
0.429684 0.216518 1.665816 0.578199 -0.413651 0.621124 -0.329824
0.429587 0.216617 1.665842 0.578668 -0.413028 0.621647 -0.328796
0.429489 0.216719 1.665868 0.579137 -0.412400 0.622164 -0.327778
0.429392 0.216822 1.665895 0.579598 -0.411778 0.622669 -0.326785
0.429295 0.216926 1.665922 0.580048 -0.411165 0.623161 -0.325818
0.429197 0.217032 1.665950 0.580487 -0.410562 0.623641 -0.324877
0.429101 0.217139 1.665978 0.580917 -0.409969 0.624108 -0.323960
0.429004 0.217246 1.666006 0.581335 -0.409387 0.624563 -0.323068
0.428908 0.217354 1.666034 0.581744 -0.408814 0.625006 -0.322199
0.428813 0.217462 1.666062 0.582143 -0.408251 0.625438 -0.321354
0.428718 0.217571 1.666091 0.582532 -0.407698 0.625859 -0.320530
0.428624 0.217679 1.666119 0.582912 -0.407155 0.626269 -0.319729
0.428531 0.217787 1.666148 0.583282 -0.406621 0.626669 -0.318948
0.428438 0.217895 1.666177 0.583643 -0.406098 0.627059 -0.318187
0.428346 0.218003 1.666206 0.583995 -0.405584 0.627439 -0.317446
0.428255 0.218110 1.666234 0.584338 -0.405080 0.627809 -0.316725
0.428165 0.218216 1.666263 0.584673 -0.404585 0.628171 -0.316022
0.428076 0.218322 1.666292 0.585000 -0.404099 0.628523 -0.315337
0.427988 0.218427 1.666321 0.585318 -0.403623 0.628867 -0.314669
0.427900 0.218531 1.666349 0.585629 -0.403156 0.629203 -0.314019
0.427814 0.218634 1.666378 0.585931 -0.402698 0.629530 -0.313386
0.427729 0.218737 1.666406 0.586226 -0.402249 0.629850 -0.312768
0.427645 0.218838 1.666435 0.586514 -0.401809 0.630161 -0.312166
0.427537 0.218876 1.666488 0.586835 -0.401312 0.630676 -0.311162
0.427408 0.218883 1.666552 0.587105 -0.400875 0.631247 -0.310055
0.427263 0.218877 1.666619 0.587337 -0.400479 0.631837 -0.308922
0.427105 0.218871 1.666684 0.587549 -0.400101 0.632433 -0.307788
0.426937 0.218870 1.666745 0.587755 -0.399724 0.633027 -0.306662
0.426761 0.218879 1.666800 0.587963 -0.399338 0.633616 -0.305548
0.426579 0.218899 1.666849 0.588180 -0.398936 0.634199 -0.304445
0.426392 0.218931 1.666892 0.588408 -0.398514 0.634774 -0.303354
0.426202 0.218976 1.666929 0.588650 -0.398072 0.635343 -0.302274
0.426009 0.219033 1.666960 0.588905 -0.397609 0.635903 -0.301206
0.425814 0.219101 1.666985 0.589174 -0.397125 0.636457 -0.300148
0.425617 0.219180 1.667006 0.589456 -0.396620 0.637004 -0.299100
0.425419 0.219270 1.667022 0.589750 -0.396097 0.637543 -0.298062
0.425220 0.219368 1.667034 0.590056 -0.395555 0.638076 -0.297034
0.425021 0.219475 1.667042 0.590373 -0.394995 0.638603 -0.296014
0.424821 0.219589 1.667047 0.590700 -0.394419 0.639124 -0.295004
0.424621 0.219711 1.667050 0.591037 -0.393828 0.639639 -0.294002
0.424421 0.219839 1.667050 0.591382 -0.393222 0.640149 -0.293008
0.424222 0.219972 1.667048 0.591735 -0.392603 0.640653 -0.292022
0.424024 0.220111 1.667044 0.592095 -0.391971 0.641152 -0.291044
0.423826 0.220254 1.667038 0.592462 -0.391327 0.641646 -0.290074
0.423629 0.220400 1.667031 0.592835 -0.390672 0.642135 -0.289110
0.423433 0.220551 1.667023 0.593214 -0.390007 0.642619 -0.288153
0.423238 0.220704 1.667013 0.593598 -0.389331 0.643099 -0.287203
0.423045 0.220860 1.667003 0.593986 -0.388648 0.643575 -0.286260
0.422853 0.221017 1.666992 0.594378 -0.387955 0.644047 -0.285322
0.422663 0.221177 1.666980 0.594774 -0.387255 0.644515 -0.284390
0.422474 0.221338 1.666969 0.595174 -0.386548 0.644979 -0.283463
0.422287 0.221499 1.666956 0.595577 -0.385834 0.645439 -0.282542
0.422102 0.221662 1.666944 0.595982 -0.385113 0.645895 -0.281626
0.421918 0.221825 1.666931 0.596390 -0.384387 0.646348 -0.280715
0.421737 0.221988 1.666918 0.596800 -0.383655 0.646797 -0.279808
0.421557 0.222151 1.666905 0.597212 -0.382919 0.647243 -0.278905
0.421380 0.222313 1.666893 0.597625 -0.382177 0.647686 -0.278007
0.421205 0.222476 1.666880 0.598040 -0.381432 0.648125 -0.277113
0.421031 0.222637 1.666867 0.598456 -0.380682 0.648562 -0.276222
0.420860 0.222798 1.666855 0.598874 -0.379929 0.648995 -0.275335
0.420691 0.222957 1.666843 0.599291 -0.379175 0.649424 -0.274454
0.420525 0.223116 1.666831 0.599700 -0.378432 0.649844 -0.273592
0.420360 0.223273 1.666819 0.600099 -0.377702 0.650253 -0.272750
0.420154 0.223360 1.666838 0.600404 -0.377090 0.650757 -0.271725
0.419914 0.223409 1.666874 0.600637 -0.376558 0.651302 -0.270638
0.419651 0.223442 1.666918 0.600826 -0.376070 0.651866 -0.269539
0.419369 0.223472 1.666964 0.600991 -0.375601 0.652434 -0.268445
0.419076 0.223505 1.667009 0.601148 -0.375134 0.653002 -0.267365
0.418774 0.223547 1.667052 0.601305 -0.374658 0.653566 -0.266299
0.418466 0.223600 1.667091 0.601468 -0.374167 0.654124 -0.265247
0.418153 0.223665 1.667126 0.601642 -0.373658 0.654676 -0.264210
0.417838 0.223743 1.667157 0.601827 -0.373128 0.655220 -0.263185
0.417522 0.223832 1.667184 0.602024 -0.372577 0.655758 -0.262173
0.417204 0.223934 1.667207 0.602233 -0.372006 0.656289 -0.261172
0.416886 0.224046 1.667227 0.602455 -0.371415 0.656813 -0.260183
0.416569 0.224168 1.667245 0.602688 -0.370806 0.657331 -0.259204
0.416253 0.224299 1.667259 0.602931 -0.370178 0.657843 -0.258235
0.415937 0.224438 1.667271 0.603185 -0.369533 0.658348 -0.257276
0.415623 0.224585 1.667281 0.603447 -0.368873 0.658848 -0.256326
0.415311 0.224739 1.667290 0.603719 -0.368198 0.659343 -0.255384
0.415001 0.224899 1.667296 0.603999 -0.367509 0.659832 -0.254450
0.414693 0.225064 1.667302 0.604286 -0.366807 0.660316 -0.253524
0.414387 0.225234 1.667306 0.604579 -0.366094 0.660795 -0.252605
0.414084 0.225408 1.667309 0.604879 -0.365370 0.661269 -0.251693
0.413783 0.225585 1.667311 0.605185 -0.364635 0.661738 -0.250788
0.413485 0.225765 1.667313 0.605496 -0.363892 0.662203 -0.249888
0.413190 0.225947 1.667314 0.605812 -0.363139 0.662664 -0.248994
0.412899 0.226132 1.667315 0.606132 -0.362379 0.663120 -0.248106
0.412610 0.226317 1.667315 0.606456 -0.361612 0.663573 -0.247223
0.412325 0.226504 1.667315 0.606784 -0.360838 0.664021 -0.246344
0.412042 0.226691 1.667315 0.607115 -0.360058 0.664466 -0.245470
0.411764 0.226879 1.667315 0.607449 -0.359272 0.664906 -0.244600
0.411488 0.227067 1.667315 0.607786 -0.358481 0.665343 -0.243733
0.411217 0.227254 1.667315 0.608125 -0.357686 0.665777 -0.242871
0.410948 0.227441 1.667315 0.608466 -0.356887 0.666207 -0.242011
0.410684 0.227627 1.667315 0.608810 -0.356084 0.666633 -0.241155
0.410423 0.227813 1.667316 0.609155 -0.355277 0.667056 -0.240302
0.410165 0.227996 1.667316 0.609501 -0.354468 0.667476 -0.239451
0.409911 0.228179 1.667317 0.609849 -0.353656 0.667892 -0.238603
0.409661 0.228360 1.667318 0.610199 -0.352841 0.668306 -0.237757
0.409415 0.228539 1.667319 0.610549 -0.352024 0.668716 -0.236913
0.409172 0.228716 1.667320 0.610901 -0.351205 0.669123 -0.236071
0.408933 0.228892 1.667322 0.611253 -0.350385 0.669527 -0.235231
0.408639 0.228979 1.667367 0.611467 -0.349702 0.670030 -0.234256
0.408306 0.229013 1.667435 0.611591 -0.349103 0.670586 -0.233233
0.407946 0.229019 1.667516 0.611658 -0.348552 0.671170 -0.232202
0.407568 0.229011 1.667602 0.611693 -0.348025 0.671765 -0.231175
0.407178 0.228998 1.667687 0.611713 -0.347506 0.672364 -0.230158
0.406782 0.228987 1.667770 0.611731 -0.346985 0.672962 -0.229149
0.406382 0.228980 1.667849 0.611752 -0.346453 0.673556 -0.228149
0.405981 0.228980 1.667923 0.611781 -0.345909 0.674145 -0.227156
0.405580 0.228987 1.667992 0.611820 -0.345350 0.674728 -0.226170
0.405180 0.229003 1.668057 0.611870 -0.344774 0.675304 -0.225191
0.404783 0.229026 1.668118 0.611932 -0.344182 0.675873 -0.224218
0.404388 0.229058 1.668174 0.612006 -0.343575 0.676435 -0.223250
0.403997 0.229096 1.668227 0.612091 -0.342952 0.676991 -0.222288
0.403609 0.229141 1.668277 0.612186 -0.342315 0.677540 -0.221331
0.403224 0.229192 1.668324 0.612292 -0.341665 0.678083 -0.220380
0.402844 0.229249 1.668368 0.612407 -0.341002 0.678619 -0.219433
0.402468 0.229311 1.668410 0.612532 -0.340326 0.679150 -0.218492
0.402096 0.229378 1.668450 0.612665 -0.339640 0.679674 -0.217555
0.401728 0.229449 1.668489 0.612805 -0.338944 0.680192 -0.216623
0.401365 0.229523 1.668526 0.612953 -0.338238 0.680705 -0.215696
0.401006 0.229601 1.668561 0.613108 -0.337523 0.681212 -0.214772
0.400652 0.229682 1.668596 0.613269 -0.336800 0.681713 -0.213853
0.400302 0.229765 1.668630 0.613437 -0.336069 0.682210 -0.212938
0.399957 0.229850 1.668663 0.613610 -0.335332 0.682701 -0.212027
0.399617 0.229937 1.668696 0.613788 -0.334588 0.683187 -0.211119
0.399281 0.230025 1.668727 0.613971 -0.333839 0.683667 -0.210214
0.398951 0.230114 1.668759 0.614159 -0.333084 0.684143 -0.209313
0.398624 0.230205 1.668790 0.614351 -0.332324 0.684614 -0.208415
0.398303 0.230296 1.668821 0.614547 -0.331559 0.685081 -0.207519
0.397986 0.230387 1.668851 0.614747 -0.330791 0.685543 -0.206627
0.397675 0.230479 1.668882 0.614951 -0.330019 0.686000 -0.205737
0.397367 0.230571 1.668912 0.615158 -0.329243 0.686452 -0.204849
0.397065 0.230662 1.668942 0.615368 -0.328465 0.686900 -0.203964
0.396767 0.230754 1.668972 0.615581 -0.327683 0.687344 -0.203080
0.396474 0.230844 1.669002 0.615797 -0.326899 0.687784 -0.202199
0.396186 0.230935 1.669032 0.616016 -0.326113 0.688219 -0.201319
0.395902 0.231024 1.669062 0.616237 -0.325325 0.688650 -0.200441
0.395623 0.231113 1.669092 0.616461 -0.324535 0.689077 -0.199565
0.395348 0.231201 1.669122 0.616687 -0.323743 0.689500 -0.198690
0.395078 0.231288 1.669152 0.616915 -0.322950 0.689919 -0.197816
0.394755 0.231286 1.669220 0.617022 -0.322347 0.690404 -0.196772
0.394391 0.231232 1.669310 0.617048 -0.321856 0.690924 -0.195664
0.393999 0.231152 1.669412 0.617024 -0.321431 0.691461 -0.194541
0.393585 0.231061 1.669520 0.616972 -0.321037 0.692003 -0.193422
0.393159 0.230969 1.669629 0.616908 -0.320653 0.692546 -0.192317
0.392723 0.230883 1.669737 0.616843 -0.320265 0.693086 -0.191225
0.392282 0.230805 1.669843 0.616781 -0.319865 0.693622 -0.190147
0.391837 0.230738 1.669946 0.616728 -0.319447 0.694152 -0.189084
0.391392 0.230683 1.670045 0.616685 -0.319011 0.694676 -0.188033
0.390947 0.230639 1.670142 0.616653 -0.318553 0.695194 -0.186996
0.390504 0.230608 1.670235 0.616634 -0.318074 0.695706 -0.185970
0.390062 0.230588 1.670326 0.616626 -0.317575 0.696212 -0.184955
0.389623 0.230578 1.670413 0.616629 -0.317056 0.696711 -0.183952
0.389187 0.230578 1.670499 0.616643 -0.316518 0.697204 -0.182958
0.388754 0.230588 1.670582 0.616668 -0.315963 0.697692 -0.181975
0.388325 0.230606 1.670664 0.616702 -0.315390 0.698173 -0.181000
0.387900 0.230632 1.670744 0.616746 -0.314802 0.698650 -0.180034
0.387479 0.230665 1.670822 0.616799 -0.314199 0.699120 -0.179077
0.387062 0.230704 1.670899 0.616860 -0.313582 0.699586 -0.178128
0.386650 0.230749 1.670974 0.616929 -0.312952 0.700046 -0.177185
0.386242 0.230800 1.671049 0.617006 -0.312310 0.700501 -0.176250
0.385840 0.230855 1.671122 0.617089 -0.311658 0.700952 -0.175321
0.385442 0.230914 1.671194 0.617179 -0.310995 0.701397 -0.174398
0.385049 0.230976 1.671266 0.617276 -0.310323 0.701837 -0.173480
0.384661 0.231042 1.671336 0.617378 -0.309642 0.702273 -0.172567
0.384278 0.231111 1.671406 0.617486 -0.308953 0.702704 -0.171660
0.383900 0.231182 1.671476 0.617599 -0.308256 0.703130 -0.170756
0.383528 0.231255 1.671544 0.617717 -0.307552 0.703552 -0.169858
0.383160 0.231330 1.671612 0.617840 -0.306842 0.703970 -0.168963
0.382798 0.231406 1.671680 0.617967 -0.306125 0.704383 -0.168071
0.382441 0.231484 1.671747 0.618099 -0.305403 0.704792 -0.167183
0.382089 0.231562 1.671813 0.618235 -0.304676 0.705197 -0.166299
0.381743 0.231641 1.671879 0.618375 -0.303945 0.705597 -0.165417
0.381401 0.231721 1.671944 0.618518 -0.303208 0.705994 -0.164538
0.381065 0.231801 1.672009 0.618665 -0.302468 0.706386 -0.163661
0.380734 0.231880 1.672074 0.618816 -0.301724 0.706775 -0.162786
0.380408 0.231960 1.672138 0.618969 -0.300977 0.707159 -0.161913
0.380087 0.232040 1.672201 0.619126 -0.300227 0.707539 -0.161042
0.379772 0.232119 1.672264 0.619286 -0.299473 0.707916 -0.160173
0.379461 0.232197 1.672327 0.619448 -0.298718 0.708289 -0.159305
0.379102 0.232207 1.672446 0.619481 -0.298116 0.708735 -0.158319
0.378706 0.232178 1.672603 0.619424 -0.297604 0.709225 -0.157308
0.378281 0.232130 1.672783 0.619309 -0.297142 0.709739 -0.156311
0.377836 0.232076 1.672978 0.619159 -0.296703 0.710267 -0.155340
0.377378 0.232025 1.673183 0.618990 -0.296268 0.710801 -0.154395
0.376911 0.231980 1.673392 0.618814 -0.295827 0.711337 -0.153476
0.376439 0.231944 1.673603 0.618637 -0.295374 0.711872 -0.152578
0.375964 0.231920 1.673816 0.618465 -0.294904 0.712404 -0.151701
0.375488 0.231907 1.674028 0.618299 -0.294416 0.712932 -0.150840
0.375012 0.231905 1.674239 0.618142 -0.293909 0.713456 -0.149994
0.374537 0.231914 1.674449 0.617995 -0.293384 0.713974 -0.149162
0.374065 0.231934 1.674657 0.617858 -0.292840 0.714487 -0.148341
0.373595 0.231963 1.674863 0.617731 -0.292279 0.714994 -0.147531
0.373129 0.232002 1.675066 0.617614 -0.291702 0.715495 -0.146730
0.372666 0.232049 1.675268 0.617506 -0.291109 0.715991 -0.145938
0.372207 0.232103 1.675467 0.617409 -0.290501 0.716482 -0.145153
0.371753 0.232165 1.675664 0.617321 -0.289879 0.716967 -0.144375
0.371303 0.232232 1.675858 0.617242 -0.289245 0.717446 -0.143603
0.370857 0.232306 1.676050 0.617171 -0.288598 0.717920 -0.142836
0.370417 0.232384 1.676240 0.617109 -0.287941 0.718388 -0.142074
0.369981 0.232466 1.676427 0.617055 -0.287273 0.718851 -0.141316
0.369551 0.232553 1.676612 0.617009 -0.286595 0.719309 -0.140560
0.369126 0.232643 1.676795 0.616971 -0.285909 0.719761 -0.139808
0.368706 0.232735 1.676975 0.616940 -0.285214 0.720209 -0.139058
0.368291 0.232831 1.677152 0.616916 -0.284512 0.720651 -0.138310
0.367882 0.232928 1.677328 0.616899 -0.283802 0.721088 -0.137564
0.367479 0.233027 1.677500 0.616888 -0.283086 0.721521 -0.136818
0.367081 0.233128 1.677671 0.616884 -0.282364 0.721948 -0.136074
0.366689 0.233230 1.677839 0.616886 -0.281637 0.722370 -0.135329
0.366302 0.233332 1.678004 0.616893 -0.280905 0.722788 -0.134585
0.365921 0.233435 1.678168 0.616907 -0.280167 0.723200 -0.133841
0.365545 0.233538 1.678329 0.616926 -0.279426 0.723608 -0.133096
0.365175 0.233642 1.678487 0.616950 -0.278681 0.724011 -0.132351
0.364811 0.233745 1.678643 0.616980 -0.277932 0.724410 -0.131605
0.364453 0.233848 1.678797 0.617015 -0.277180 0.724804 -0.130857
0.364100 0.233951 1.678949 0.617054 -0.276424 0.725193 -0.130109
0.363752 0.234053 1.679098 0.617099 -0.275666 0.725578 -0.129359
0.363410 0.234154 1.679245 0.617147 -0.274906 0.725958 -0.128608
0.363074 0.234255 1.679390 0.617201 -0.274143 0.726334 -0.127855
0.362743 0.234354 1.679533 0.617259 -0.273379 0.726706 -0.127100
0.362367 0.234378 1.679720 0.617206 -0.272791 0.727122 -0.126238
0.361957 0.234357 1.679935 0.617078 -0.272310 0.727565 -0.125349
0.361522 0.234309 1.680167 0.616901 -0.271889 0.728024 -0.124463
0.361070 0.234249 1.680409 0.616695 -0.271499 0.728492 -0.123592
0.360608 0.234184 1.680657 0.616474 -0.271121 0.728964 -0.122737
0.360139 0.234119 1.680907 0.616248 -0.270742 0.729437 -0.121896
0.359666 0.234059 1.681157 0.616022 -0.270356 0.729909 -0.121069
0.359193 0.234004 1.681405 0.615800 -0.269958 0.730378 -0.120252
0.358720 0.233955 1.681652 0.615585 -0.269547 0.730843 -0.119445
0.358249 0.233914 1.681897 0.615379 -0.269121 0.731304 -0.118647
0.357782 0.233880 1.682138 0.615181 -0.268679 0.731761 -0.117855
0.357317 0.233854 1.682377 0.614993 -0.268222 0.732212 -0.117070
0.356857 0.233834 1.682612 0.614815 -0.267750 0.732659 -0.116290
0.356402 0.233820 1.682844 0.614646 -0.267263 0.733101 -0.115515
0.355951 0.233813 1.683073 0.614487 -0.266763 0.733537 -0.114744
0.355505 0.233811 1.683299 0.614337 -0.266250 0.733969 -0.113976
0.355064 0.233814 1.683522 0.614196 -0.265725 0.734395 -0.113211
0.354629 0.233821 1.683741 0.614064 -0.265188 0.734817 -0.112449
0.354199 0.233833 1.683957 0.613941 -0.264640 0.735233 -0.111689
0.353774 0.233849 1.684171 0.613826 -0.264081 0.735645 -0.110931
0.353356 0.233869 1.684380 0.613719 -0.263513 0.736051 -0.110174
0.352942 0.233891 1.684587 0.613620 -0.262935 0.736453 -0.109417
0.352535 0.233916 1.684791 0.613529 -0.262349 0.736850 -0.108662
0.352133 0.233944 1.684992 0.613445 -0.261754 0.737242 -0.107906
0.351737 0.233974 1.685189 0.613369 -0.261151 0.737629 -0.107151
0.351346 0.234006 1.685384 0.613300 -0.260541 0.738012 -0.106396
0.350962 0.234040 1.685576 0.613237 -0.259925 0.738390 -0.105639
0.350583 0.234075 1.685764 0.613181 -0.259302 0.738763 -0.104883
0.350209 0.234111 1.685950 0.613132 -0.258672 0.739132 -0.104125
0.349842 0.234148 1.686133 0.613088 -0.258037 0.739496 -0.103366
0.349480 0.234187 1.686313 0.613051 -0.257397 0.739856 -0.102606
0.349124 0.234226 1.686490 0.613020 -0.256751 0.740211 -0.101845
0.348773 0.234265 1.686664 0.612995 -0.256101 0.740562 -0.101082
0.348428 0.234305 1.686836 0.612975 -0.255446 0.740908 -0.100317
0.348089 0.234345 1.687005 0.612961 -0.254787 0.741250 -0.099551
0.347755 0.234386 1.687171 0.612952 -0.254124 0.741588 -0.098783
0.347427 0.234427 1.687334 0.612948 -0.253457 0.741921 -0.098013
0.347104 0.234467 1.687495 0.612950 -0.252786 0.742251 -0.097240
0.346786 0.234508 1.687653 0.612956 -0.252112 0.742576 -0.096466
0.346474 0.234548 1.687808 0.612967 -0.251435 0.742896 -0.095690
0.346112 0.234517 1.688015 0.612874 -0.250922 0.743258 -0.094818
0.345711 0.234443 1.688258 0.612707 -0.250508 0.743648 -0.093932
0.345283 0.234344 1.688524 0.612489 -0.250151 0.744057 -0.093063
0.344834 0.234234 1.688805 0.612239 -0.249824 0.744478 -0.092218
0.344372 0.234119 1.689097 0.611971 -0.249509 0.744905 -0.091398
0.343901 0.234006 1.689396 0.611693 -0.249194 0.745336 -0.090601
0.343426 0.233896 1.689698 0.611412 -0.248874 0.745767 -0.089823
0.342948 0.233793 1.690002 0.611133 -0.248544 0.746197 -0.089061
0.342470 0.233697 1.690307 0.610858 -0.248201 0.746626 -0.088313
0.341993 0.233608 1.690612 0.610589 -0.247844 0.747051 -0.087576
0.341518 0.233528 1.690915 0.610327 -0.247474 0.747473 -0.086850
0.341046 0.233454 1.691217 0.610072 -0.247088 0.747891 -0.086132
0.340577 0.233389 1.691516 0.609827 -0.246689 0.748304 -0.085421
0.340113 0.233330 1.691813 0.609590 -0.246276 0.748714 -0.084716
0.339652 0.233278 1.692106 0.609361 -0.245849 0.749119 -0.084016
0.339197 0.233232 1.692397 0.609142 -0.245409 0.749519 -0.083320
0.338746 0.233192 1.692685 0.608931 -0.244957 0.749915 -0.082627
0.338301 0.233158 1.692969 0.608729 -0.244492 0.750306 -0.081936
0.337861 0.233128 1.693250 0.608536 -0.244017 0.750692 -0.081248
0.337426 0.233103 1.693527 0.608351 -0.243530 0.751074 -0.080560
0.336996 0.233083 1.693800 0.608174 -0.243033 0.751451 -0.079873
0.336572 0.233066 1.694070 0.608006 -0.242527 0.751824 -0.079187
0.336154 0.233053 1.694335 0.607846 -0.242010 0.752192 -0.078500
0.335742 0.233043 1.694597 0.607693 -0.241485 0.752555 -0.077812
0.335335 0.233036 1.694855 0.607549 -0.240951 0.752914 -0.077123
0.334934 0.233031 1.695109 0.607412 -0.240409 0.753268 -0.076433
0.334539 0.233029 1.695359 0.607283 -0.239860 0.753617 -0.075741
0.334149 0.233029 1.695605 0.607160 -0.239303 0.753962 -0.075047
0.333765 0.233031 1.695847 0.607045 -0.238739 0.754302 -0.074351
0.333387 0.233035 1.696085 0.606937 -0.238168 0.754638 -0.073652
0.333015 0.233041 1.696319 0.606836 -0.237591 0.754969 -0.072951
0.332649 0.233048 1.696550 0.606742 -0.237008 0.755296 -0.072247
0.332288 0.233056 1.696776 0.606654 -0.236419 0.755618 -0.071540
0.331933 0.233065 1.696999 0.606572 -0.235825 0.755936 -0.070830
0.331584 0.233075 1.697218 0.606497 -0.235226 0.756250 -0.070117
0.331240 0.233086 1.697433 0.606428 -0.234622 0.756559 -0.069400
0.330902 0.233098 1.697644 0.606365 -0.234012 0.756864 -0.068681
0.330570 0.233110 1.697852 0.606307 -0.233399 0.757165 -0.067957
0.330243 0.233123 1.698056 0.606256 -0.232781 0.757461 -0.067231
0.329921 0.233136 1.698257 0.606210 -0.232159 0.757753 -0.066501
0.329562 0.233107 1.698496 0.606103 -0.231654 0.758067 -0.065647
0.329170 0.233056 1.698763 0.605949 -0.231212 0.758401 -0.064766
0.328753 0.232995 1.699048 0.605761 -0.230802 0.758749 -0.063898
0.328318 0.232933 1.699345 0.605551 -0.230404 0.759109 -0.063057
0.327868 0.232877 1.699649 0.605327 -0.230004 0.759476 -0.062242
0.327410 0.232827 1.699958 0.605096 -0.229597 0.759847 -0.061454
0.326945 0.232788 1.700270 0.604863 -0.229176 0.760221 -0.060688
0.326477 0.232759 1.700583 0.604632 -0.228740 0.760595 -0.059941
0.326007 0.232740 1.700895 0.604404 -0.228287 0.760970 -0.059211
0.325536 0.232732 1.701207 0.604181 -0.227817 0.761343 -0.058496
0.325066 0.232734 1.701517 0.603964 -0.227331 0.761714 -0.057793
0.324598 0.232745 1.701824 0.603753 -0.226829 0.762083 -0.057100
0.324132 0.232766 1.702130 0.603549 -0.226312 0.762449 -0.056416
0.323668 0.232794 1.702432 0.603352 -0.225780 0.762812 -0.055740
0.323208 0.232830 1.702731 0.603162 -0.225234 0.763172 -0.055070
0.322752 0.232873 1.703027 0.602980 -0.224675 0.763529 -0.054405
0.322300 0.232922 1.703319 0.602804 -0.224104 0.763882 -0.053744
0.321852 0.232977 1.703608 0.602636 -0.223521 0.764232 -0.053087
0.321408 0.233036 1.703893 0.602475 -0.222927 0.764577 -0.052432
0.320969 0.233101 1.704174 0.602320 -0.222324 0.764919 -0.051778
0.320535 0.233169 1.704451 0.602173 -0.221711 0.765257 -0.051126
0.320106 0.233240 1.704724 0.602032 -0.221089 0.765591 -0.050474
0.319682 0.233315 1.704993 0.601898 -0.220459 0.765921 -0.049821
0.319264 0.233392 1.705258 0.601770 -0.219821 0.766247 -0.049168
0.318851 0.233472 1.705519 0.601648 -0.219177 0.766568 -0.048514
0.318443 0.233553 1.705775 0.601533 -0.218525 0.766886 -0.047858
0.318041 0.233636 1.706028 0.601424 -0.217868 0.767199 -0.047201
0.317644 0.233720 1.706276 0.601321 -0.217205 0.767508 -0.046541
0.317254 0.233805 1.706521 0.601224 -0.216536 0.767813 -0.045878
0.316868 0.233891 1.706761 0.601132 -0.215863 0.768114 -0.045212
0.316489 0.233978 1.706998 0.601046 -0.215185 0.768411 -0.044544
0.316115 0.234065 1.707230 0.600965 -0.214503 0.768703 -0.043872
0.315746 0.234152 1.707458 0.600890 -0.213818 0.768991 -0.043197
0.315384 0.234239 1.707682 0.600820 -0.213128 0.769275 -0.042518
0.315027 0.234325 1.707903 0.600756 -0.212436 0.769554 -0.041835
0.314675 0.234412 1.708119 0.600696 -0.211740 0.769830 -0.041149
0.314329 0.234497 1.708332 0.600641 -0.211041 0.770101 -0.040458
0.313989 0.234583 1.708541 0.600591 -0.210340 0.770368 -0.039764
0.313655 0.234667 1.708746 0.600546 -0.209637 0.770630 -0.039065
0.313325 0.234751 1.708948 0.600505 -0.208931 0.770889 -0.038362
0.312969 0.234785 1.709195 0.600411 -0.208347 0.771161 -0.037525
0.312588 0.234787 1.709476 0.600271 -0.207836 0.771450 -0.036656
0.312188 0.234769 1.709780 0.600095 -0.207371 0.771752 -0.035799
0.311774 0.234740 1.710101 0.599893 -0.206933 0.772065 -0.034967
0.311350 0.234703 1.710434 0.599673 -0.206511 0.772385 -0.034160
0.310921 0.234663 1.710776 0.599443 -0.206097 0.772709 -0.033377
0.310488 0.234623 1.711123 0.599206 -0.205684 0.773035 -0.032614
0.310054 0.234584 1.711473 0.598967 -0.205270 0.773361 -0.031868
0.309621 0.234547 1.711825 0.598728 -0.204853 0.773687 -0.031136
0.309189 0.234511 1.712178 0.598490 -0.204431 0.774010 -0.030415
0.308759 0.234479 1.712531 0.598256 -0.204004 0.774332 -0.029704
0.308332 0.234450 1.712882 0.598026 -0.203570 0.774650 -0.029000
0.307909 0.234424 1.713231 0.597801 -0.203129 0.774965 -0.028302
0.307490 0.234400 1.713577 0.597582 -0.202681 0.775277 -0.027609
0.307075 0.234380 1.713921 0.597368 -0.202226 0.775585 -0.026919
0.306665 0.234362 1.714261 0.597160 -0.201765 0.775889 -0.026231
0.306259 0.234347 1.714597 0.596958 -0.201296 0.776189 -0.025545
0.305859 0.234334 1.714929 0.596762 -0.200820 0.776485 -0.024860
0.305463 0.234323 1.715257 0.596573 -0.200336 0.776776 -0.024175
0.305073 0.234315 1.715581 0.596390 -0.199847 0.777064 -0.023490
0.304687 0.234308 1.715900 0.596214 -0.199350 0.777347 -0.022804
0.304307 0.234303 1.716214 0.596044 -0.198847 0.777626 -0.022116
0.303933 0.234300 1.716524 0.595880 -0.198338 0.777901 -0.021426
0.303563 0.234299 1.716828 0.595723 -0.197823 0.778171 -0.020735
0.303199 0.234298 1.717128 0.595571 -0.197301 0.778438 -0.020040
0.302841 0.234299 1.717423 0.595427 -0.196774 0.778700 -0.019343
0.302488 0.234302 1.717714 0.595288 -0.196241 0.778957 -0.018643
0.302140 0.234305 1.717999 0.595155 -0.195703 0.779211 -0.017940
0.301798 0.234309 1.718279 0.595028 -0.195159 0.779460 -0.017233
0.301461 0.234314 1.718555 0.594907 -0.194610 0.779705 -0.016523
0.301129 0.234320 1.718825 0.594792 -0.194056 0.779945 -0.015810
0.300802 0.234326 1.719091 0.594682 -0.193498 0.780182 -0.015092
0.300481 0.234333 1.719352 0.594578 -0.192935 0.780414 -0.014371
0.300165 0.234340 1.719609 0.594480 -0.192367 0.780642 -0.013646
0.299855 0.234348 1.719861 0.594387 -0.191795 0.780866 -0.012917
0.299549 0.234357 1.720108 0.594299 -0.191219 0.781086 -0.012184
0.299248 0.234365 1.720351 0.594216 -0.190639 0.781302 -0.011447
0.298953 0.234374 1.720589 0.594139 -0.190055 0.781514 -0.010706
0.298662 0.234383 1.720823 0.594066 -0.189467 0.781722 -0.009961
0.298377 0.234393 1.721052 0.593998 -0.188876 0.781925 -0.009212
0.298069 0.234371 1.721334 0.593883 -0.188398 0.782138 -0.008356
0.297738 0.234331 1.721655 0.593723 -0.187985 0.782367 -0.007491
0.297389 0.234282 1.722004 0.593528 -0.187610 0.782613 -0.006656
0.297024 0.234228 1.722373 0.593304 -0.187256 0.782873 -0.005860
0.296649 0.234173 1.722758 0.593062 -0.186911 0.783145 -0.005101
0.296265 0.234121 1.723153 0.592807 -0.186570 0.783423 -0.004374
0.295876 0.234071 1.723555 0.592545 -0.186226 0.783707 -0.003674
0.295484 0.234026 1.723962 0.592279 -0.185879 0.783994 -0.002997
0.295090 0.233984 1.724371 0.592011 -0.185525 0.784282 -0.002337
0.294695 0.233948 1.724782 0.591744 -0.185164 0.784570 -0.001692
0.294301 0.233916 1.725192 0.591480 -0.184795 0.784857 -0.001060
0.293907 0.233888 1.725601 0.591220 -0.184418 0.785143 -0.000436
0.293516 0.233865 1.726008 0.590963 -0.184033 0.785426 0.000180
0.293126 0.233846 1.726412 0.590712 -0.183638 0.785707 0.000791
0.292740 0.233831 1.726812 0.590466 -0.183235 0.785985 0.001397
0.292356 0.233819 1.727208 0.590226 -0.182823 0.786260 0.002001
0.291976 0.233811 1.727600 0.589992 -0.182403 0.786532 0.002603
0.291599 0.233807 1.727987 0.589764 -0.181973 0.786800 0.003205
0.291227 0.233805 1.728369 0.589542 -0.181536 0.787065 0.003808
0.290858 0.233807 1.728746 0.589326 -0.181090 0.787325 0.004411
0.290493 0.233811 1.729117 0.589117 -0.180636 0.787582 0.005016
0.290133 0.233817 1.729483 0.588915 -0.180174 0.787836 0.005624
0.289777 0.233825 1.729843 0.588719 -0.179704 0.788085 0.006234
0.289426 0.233836 1.730197 0.588529 -0.179227 0.788330 0.006848
0.289080 0.233848 1.730546 0.588346 -0.178743 0.788571 0.007465
0.288738 0.233862 1.730889 0.588169 -0.178252 0.788808 0.008087
0.288401 0.233877 1.731225 0.587998 -0.177754 0.789041 0.008712
0.288068 0.233894 1.731556 0.587833 -0.177250 0.789270 0.009343
0.287741 0.233912 1.731882 0.587675 -0.176739 0.789495 0.009978
0.287418 0.233931 1.732201 0.587523 -0.176222 0.789715 0.010618
0.287100 0.233951 1.732514 0.587376 -0.175699 0.789932 0.011263
0.286787 0.233972 1.732822 0.587235 -0.175171 0.790144 0.011913
0.286478 0.233993 1.733124 0.587101 -0.174637 0.790352 0.012569
0.286175 0.234015 1.733421 0.586971 -0.174098 0.790556 0.013229
0.285876 0.234038 1.733712 0.586848 -0.173554 0.790756 0.013896
0.285582 0.234061 1.733998 0.586730 -0.173005 0.790952 0.014567
0.285292 0.234084 1.734278 0.586617 -0.172452 0.791144 0.015244
0.285008 0.234108 1.734553 0.586509 -0.171894 0.791332 0.015927
0.284728 0.234132 1.734822 0.586407 -0.171331 0.791516 0.016615
0.284452 0.234156 1.735087 0.586309 -0.170765 0.791695 0.017308
0.284167 0.234163 1.735392 0.586179 -0.170190 0.791896 0.018181
0.283868 0.234156 1.735726 0.586016 -0.169609 0.792119 0.019114
0.283559 0.234137 1.736081 0.585826 -0.169032 0.792360 0.020052
0.283243 0.234109 1.736450 0.585615 -0.168465 0.792613 0.020974
0.282922 0.234074 1.736830 0.585389 -0.167908 0.792873 0.021876
0.282599 0.234033 1.737216 0.585153 -0.167360 0.793138 0.022758
0.282275 0.233989 1.737606 0.584913 -0.166820 0.793404 0.023625
0.281951 0.233941 1.737998 0.584670 -0.166287 0.793669 0.024477
0.281629 0.233891 1.738391 0.584428 -0.165758 0.793932 0.025320
0.281309 0.233838 1.738782 0.584187 -0.165234 0.794191 0.026153
0.280992 0.233785 1.739172 0.583948 -0.164713 0.794447 0.026980
0.280677 0.233731 1.739559 0.583714 -0.164194 0.794698 0.027801
0.280367 0.233676 1.739943 0.583484 -0.163677 0.794945 0.028619
0.280060 0.233621 1.740323 0.583258 -0.163160 0.795187 0.029434
0.279756 0.233565 1.740698 0.583038 -0.162644 0.795424 0.030247
0.279457 0.233510 1.741069 0.582823 -0.162127 0.795656 0.031059
0.279162 0.233455 1.741435 0.582613 -0.161609 0.795882 0.031870
0.278871 0.233401 1.741796 0.582410 -0.161090 0.796104 0.032681
0.278584 0.233347 1.742152 0.582211 -0.160569 0.796320 0.033493
0.278301 0.233293 1.742502 0.582019 -0.160047 0.796531 0.034305
0.278022 0.233240 1.742847 0.581832 -0.159523 0.796737 0.035119
0.277748 0.233188 1.743187 0.581651 -0.158996 0.796938 0.035934
0.277478 0.233137 1.743520 0.581476 -0.158467 0.797134 0.036751
0.277212 0.233087 1.743848 0.581306 -0.157936 0.797325 0.037570
0.276950 0.233037 1.744171 0.581142 -0.157402 0.797511 0.038390
0.276692 0.232988 1.744487 0.580984 -0.156865 0.797693 0.039213
0.276439 0.232940 1.744799 0.580831 -0.156326 0.797869 0.040038
0.276189 0.232893 1.745104 0.580683 -0.155784 0.798041 0.040866
0.275944 0.232847 1.745404 0.580540 -0.155239 0.798208 0.041696
0.275702 0.232802 1.745699 0.580403 -0.154691 0.798370 0.042529
0.275465 0.232757 1.745988 0.580271 -0.154140 0.798527 0.043364
0.275232 0.232714 1.746272 0.580144 -0.153587 0.798680 0.044201
0.275002 0.232671 1.746551 0.580022 -0.153031 0.798829 0.045041
0.274776 0.232629 1.746824 0.579905 -0.152472 0.798973 0.045884
0.274555 0.232588 1.747093 0.579792 -0.151911 0.799113 0.046729
0.274336 0.232548 1.747356 0.579684 -0.151346 0.799248 0.047577
0.274122 0.232508 1.747615 0.579581 -0.150779 0.799379 0.048427
0.273911 0.232470 1.747868 0.579482 -0.150210 0.799505 0.049280
0.273704 0.232432 1.748117 0.579388 -0.149638 0.799628 0.050136
0.273500 0.232395 1.748361 0.579298 -0.149063 0.799746 0.050994
0.273298 0.232380 1.748639 0.579208 -0.148285 0.799875 0.052248
0.273086 0.232372 1.748945 0.579109 -0.147384 0.800018 0.053676
0.272870 0.232364 1.749270 0.579014 -0.146430 0.800164 0.055130
0.272650 0.232354 1.749611 0.578919 -0.145468 0.800307 0.056567
0.272427 0.232338 1.749968 0.578827 -0.144518 0.800446 0.057970
0.272201 0.232317 1.750339 0.578736 -0.143591 0.800578 0.059336
0.271974 0.232289 1.750723 0.578647 -0.142689 0.800704 0.060664
0.271745 0.232255 1.751118 0.578561 -0.141816 0.800823 0.061955
0.271515 0.232215 1.751525 0.578476 -0.140969 0.800935 0.063211
0.271284 0.232170 1.751939 0.578393 -0.140150 0.801042 0.064431
0.271052 0.232119 1.752360 0.578311 -0.139355 0.801143 0.065619
0.270821 0.232063 1.752785 0.578231 -0.138584 0.801239 0.066777
0.270589 0.232003 1.753213 0.578153 -0.137833 0.801330 0.067909
0.270359 0.231940 1.753643 0.578077 -0.137100 0.801416 0.069016
0.270130 0.231873 1.754074 0.578003 -0.136385 0.801497 0.070103
0.269902 0.231803 1.754505 0.577932 -0.135684 0.801573 0.071171
0.269675 0.231730 1.754934 0.577863 -0.134996 0.801645 0.072223
0.269451 0.231655 1.755362 0.577796 -0.134321 0.801713 0.073260
0.269228 0.231579 1.755786 0.577731 -0.133655 0.801776 0.074285
0.269008 0.231501 1.756208 0.577669 -0.132999 0.801835 0.075298
0.268790 0.231421 1.756626 0.577610 -0.132350 0.801890 0.076301
0.268574 0.231341 1.757040 0.577553 -0.131709 0.801942 0.077296
0.268362 0.231259 1.757449 0.577498 -0.131074 0.801990 0.078283
0.268151 0.231177 1.757854 0.577446 -0.130444 0.802034 0.079263
0.267944 0.231095 1.758253 0.577396 -0.129819 0.802074 0.080238
0.267739 0.231012 1.758648 0.577348 -0.129198 0.802111 0.081207
0.267537 0.230929 1.759037 0.577303 -0.128580 0.802145 0.082172
0.267338 0.230846 1.759420 0.577260 -0.127966 0.802175 0.083134
0.267141 0.230763 1.759797 0.577219 -0.127353 0.802202 0.084092
0.266948 0.230680 1.760169 0.577181 -0.126743 0.802225 0.085047
0.266758 0.230598 1.760535 0.577143 -0.126144 0.802247 0.085987
0.266570 0.230516 1.760895 0.577105 -0.125561 0.802267 0.086904
0.266386 0.230434 1.761248 0.577066 -0.124994 0.802286 0.087798
0.266205 0.230353 1.761596 0.577026 -0.124444 0.802305 0.088668
0.266027 0.230273 1.761937 0.576985 -0.123910 0.802322 0.089516
0.265852 0.230193 1.762273 0.576944 -0.123392 0.802339 0.090342
0.265680 0.230113 1.762603 0.576902 -0.122889 0.802355 0.091147
0.265511 0.230034 1.762927 0.576860 -0.122400 0.802371 0.091931
0.265345 0.229956 1.763245 0.576817 -0.121926 0.802386 0.092696
0.265182 0.229879 1.763558 0.576773 -0.121465 0.802401 0.093441
0.265030 0.229812 1.763903 0.576719 -0.120779 0.802421 0.094488
0.264883 0.229744 1.764275 0.576641 -0.120016 0.802456 0.095632
0.264737 0.229666 1.764670 0.576537 -0.119244 0.802507 0.096793
0.264589 0.229577 1.765084 0.576410 -0.118492 0.802570 0.097936
0.264441 0.229475 1.765513 0.576265 -0.117775 0.802644 0.099048
0.264291 0.229361 1.765954 0.576105 -0.117096 0.802724 0.100126
0.264141 0.229235 1.766406 0.575932 -0.116458 0.802811 0.101168
0.263989 0.229099 1.766866 0.575748 -0.115860 0.802901 0.102176
0.263836 0.228954 1.767333 0.575555 -0.115299 0.802996 0.103152
0.263682 0.228800 1.767805 0.575355 -0.114774 0.803093 0.104097
0.263526 0.228639 1.768283 0.575147 -0.114283 0.803192 0.105012
0.263370 0.228472 1.768764 0.574934 -0.113823 0.803293 0.105899
0.263212 0.228299 1.769249 0.574715 -0.113393 0.803397 0.106759
0.263053 0.228121 1.769736 0.574492 -0.112991 0.803503 0.107590
0.262894 0.227939 1.770222 0.574264 -0.112615 0.803610 0.108393
0.262733 0.227755 1.770707 0.574034 -0.112263 0.803719 0.109168
0.262573 0.227568 1.771189 0.573801 -0.111933 0.803829 0.109917
0.262413 0.227381 1.771667 0.573567 -0.111623 0.803940 0.110642
0.262253 0.227192 1.772140 0.573332 -0.111331 0.804051 0.111345
0.262094 0.227003 1.772608 0.573098 -0.111054 0.804162 0.112026
0.261937 0.226815 1.773070 0.572864 -0.110793 0.804272 0.112687
0.261780 0.226628 1.773526 0.572632 -0.110544 0.804381 0.113330
0.261625 0.226441 1.773976 0.572401 -0.110308 0.804490 0.113955
0.261472 0.226256 1.774418 0.572172 -0.110084 0.804597 0.114563
0.261320 0.226073 1.774854 0.571946 -0.109869 0.804703 0.115154
0.261170 0.225891 1.775282 0.571722 -0.109665 0.804807 0.115730
0.261023 0.225712 1.775703 0.571500 -0.109469 0.804910 0.116291
0.260877 0.225534 1.776117 0.571282 -0.109282 0.805011 0.116837
0.260733 0.225359 1.776524 0.571067 -0.109103 0.805111 0.117369
0.260591 0.225185 1.776923 0.570855 -0.108932 0.805209 0.117888
0.260452 0.225014 1.777315 0.570646 -0.108767 0.805305 0.118393
0.260315 0.224846 1.777700 0.570441 -0.108610 0.805399 0.118886
0.260179 0.224679 1.778078 0.570239 -0.108459 0.805491 0.119366
0.260047 0.224516 1.778449 0.570041 -0.108314 0.805582 0.119834
0.259916 0.224354 1.778813 0.569846 -0.108175 0.805670 0.120290
0.259787 0.224195 1.779171 0.569654 -0.108042 0.805757 0.120735
0.259661 0.224038 1.779521 0.569466 -0.107914 0.805842 0.121169
0.259537 0.223883 1.779866 0.569281 -0.107792 0.805925 0.121592
0.259415 0.223731 1.780203 0.569100 -0.107675 0.806007 0.122005
0.259294 0.223580 1.780535 0.568921 -0.107563 0.806086 0.122407
0.259190 0.223462 1.780919 0.568741 -0.107063 0.806144 0.123302
0.259096 0.223361 1.781340 0.568525 -0.106470 0.806226 0.124269
0.259008 0.223269 1.781788 0.568276 -0.105859 0.806334 0.125225
0.258923 0.223179 1.782256 0.568003 -0.105256 0.806462 0.126147
0.258840 0.223088 1.782739 0.567710 -0.104675 0.806605 0.127034
0.258756 0.222992 1.783234 0.567403 -0.104120 0.806758 0.127884
0.258672 0.222891 1.783738 0.567086 -0.103595 0.806918 0.128701
0.258587 0.222784 1.784247 0.566762 -0.103101 0.807084 0.129485
0.258502 0.222672 1.784758 0.566434 -0.102636 0.807253 0.130237
0.258415 0.222555 1.785269 0.566102 -0.102199 0.807423 0.130961
0.258328 0.222433 1.785779 0.565770 -0.101788 0.807594 0.131660
0.258241 0.222307 1.786285 0.565439 -0.101401 0.807765 0.132335
0.258154 0.222178 1.786787 0.565109 -0.101036 0.807934 0.132989
0.258067 0.222047 1.787284 0.564780 -0.100691 0.808102 0.133623
0.257981 0.221913 1.787776 0.564455 -0.100365 0.808268 0.134239
0.257894 0.221778 1.788261 0.564133 -0.100056 0.808432 0.134838
0.257809 0.221641 1.788739 0.563814 -0.099763 0.808592 0.135421
0.257724 0.221504 1.789210 0.563500 -0.099484 0.808751 0.135989
0.257640 0.221367 1.789675 0.563189 -0.099218 0.808906 0.136543
0.257557 0.221229 1.790131 0.562883 -0.098965 0.809059 0.137083
0.257475 0.221092 1.790580 0.562582 -0.098723 0.809209 0.137610
0.257394 0.220956 1.791022 0.562285 -0.098491 0.809356 0.138124
0.257314 0.220820 1.791456 0.561992 -0.098270 0.809500 0.138627
0.257236 0.220685 1.791882 0.561704 -0.098058 0.809641 0.139117
0.257158 0.220551 1.792300 0.561421 -0.097855 0.809780 0.139596
0.257082 0.220418 1.792711 0.561143 -0.097660 0.809915 0.140065
0.257006 0.220287 1.793115 0.560869 -0.097473 0.810048 0.140522
0.256932 0.220157 1.793511 0.560600 -0.097293 0.810178 0.140969
0.256859 0.220028 1.793900 0.560336 -0.097121 0.810306 0.141405
0.256788 0.219901 1.794282 0.560077 -0.096955 0.810431 0.141832
0.256717 0.219775 1.794656 0.559822 -0.096795 0.810553 0.142248
0.256648 0.219651 1.795024 0.559571 -0.096642 0.810672 0.142655
0.256580 0.219529 1.795385 0.559326 -0.096494 0.810789 0.143053
0.256512 0.219408 1.795739 0.559084 -0.096352 0.810904 0.143442
0.256447 0.219289 1.796086 0.558847 -0.096215 0.811016 0.143822
0.256382 0.219172 1.796427 0.558615 -0.096084 0.811126 0.144193
0.256318 0.219056 1.796761 0.558386 -0.095957 0.811234 0.144555
0.256256 0.218942 1.797089 0.558162 -0.095836 0.811339 0.144909
0.256194 0.218830 1.797411 0.557942 -0.095719 0.811443 0.145255
0.256134 0.218720 1.797727 0.557727 -0.095606 0.811544 0.145593
0.256075 0.218641 1.798125 0.557431 -0.095104 0.811674 0.146325
0.256022 0.218581 1.798577 0.557056 -0.094520 0.811868 0.147056
0.255973 0.218527 1.799066 0.556624 -0.093927 0.812109 0.147735
0.255929 0.218473 1.799582 0.556156 -0.093350 0.812383 0.148362
0.255887 0.218413 1.800115 0.555663 -0.092799 0.812676 0.148946
0.255847 0.218345 1.800659 0.555156 -0.092280 0.812981 0.149494
0.255809 0.218269 1.801209 0.554643 -0.091794 0.813291 0.150013
0.255774 0.218183 1.801761 0.554126 -0.091341 0.813602 0.150509
0.255740 0.218088 1.802312 0.553611 -0.090920 0.813911 0.150986
0.255707 0.217984 1.802861 0.553100 -0.090528 0.814217 0.151447
0.255676 0.217872 1.803405 0.552593 -0.090164 0.814518 0.151895
0.255647 0.217753 1.803945 0.552092 -0.089826 0.814813 0.152332
0.255618 0.217628 1.804477 0.551599 -0.089511 0.815102 0.152759
0.255591 0.217498 1.805003 0.551112 -0.089217 0.815385 0.153177
0.255566 0.217363 1.805521 0.550634 -0.088943 0.815660 0.153588
0.255541 0.217223 1.806030 0.550164 -0.088687 0.815930 0.153991
0.255518 0.217081 1.806532 0.549701 -0.088448 0.816192 0.154388
0.255495 0.216936 1.807025 0.549247 -0.088223 0.816448 0.154779
0.255474 0.216789 1.807509 0.548801 -0.088012 0.816698 0.155164
0.255454 0.216640 1.807985 0.548364 -0.087814 0.816941 0.155543
0.255435 0.216490 1.808452 0.547934 -0.087627 0.817178 0.155916
0.255416 0.216340 1.808910 0.547512 -0.087451 0.817409 0.156284
0.255399 0.216190 1.809359 0.547098 -0.087285 0.817635 0.156646
0.255382 0.216039 1.809800 0.546692 -0.087127 0.817855 0.157003
0.255367 0.215889 1.810233 0.546294 -0.086978 0.818069 0.157355
0.255352 0.215739 1.810657 0.545903 -0.086837 0.818278 0.157702
0.255337 0.215590 1.811073 0.545520 -0.086703 0.818482 0.158043
0.255324 0.215443 1.811480 0.545144 -0.086575 0.818681 0.158378
0.255310 0.215296 1.811880 0.544775 -0.086454 0.818876 0.158709
0.255298 0.215150 1.812272 0.544413 -0.086339 0.819065 0.159034
0.255286 0.215007 1.812656 0.544058 -0.086229 0.819251 0.159354
0.255275 0.214864 1.813032 0.543710 -0.086124 0.819431 0.159669
0.255264 0.214724 1.813401 0.543369 -0.086024 0.819608 0.159978
0.255253 0.214585 1.813763 0.543034 -0.085929 0.819781 0.160283
0.255243 0.214448 1.814118 0.542705 -0.085837 0.819949 0.160582
0.255234 0.214312 1.814465 0.542383 -0.085750 0.820114 0.160875
0.255224 0.214179 1.814806 0.542068 -0.085667 0.820274 0.161164
0.255215 0.214047 1.815140 0.541758 -0.085587 0.820432 0.161447
0.255207 0.213918 1.815467 0.541454 -0.085511 0.820585 0.161726
0.255199 0.213790 1.815788 0.541156 -0.085438 0.820735 0.161999
0.255204 0.213692 1.816170 0.540802 -0.085029 0.820903 0.162546
0.255224 0.213609 1.816593 0.540394 -0.084555 0.821116 0.163075
0.255255 0.213528 1.817046 0.539952 -0.084077 0.821359 0.163560
0.255295 0.213443 1.817519 0.539492 -0.083618 0.821620 0.164004
0.255343 0.213347 1.818006 0.539024 -0.083188 0.821889 0.164416
0.255397 0.213240 1.818502 0.538553 -0.082792 0.822159 0.164801
0.255455 0.213120 1.819002 0.538086 -0.082432 0.822428 0.165167
0.255518 0.212987 1.819504 0.537625 -0.082107 0.822692 0.165516
0.255584 0.212841 1.820005 0.537171 -0.081816 0.822950 0.165852
0.255652 0.212682 1.820505 0.536727 -0.081558 0.823200 0.166177
0.255723 0.212513 1.821001 0.536292 -0.081330 0.823442 0.166493
0.255796 0.212333 1.821492 0.535867 -0.081129 0.823676 0.166802
0.255871 0.212144 1.821978 0.535452 -0.080954 0.823901 0.167105
0.255947 0.211948 1.822458 0.535048 -0.080803 0.824118 0.167403
0.256024 0.211743 1.822931 0.534653 -0.080672 0.824328 0.167696
0.256103 0.211533 1.823398 0.534268 -0.080561 0.824529 0.167985
0.256182 0.211318 1.823857 0.533893 -0.080468 0.824723 0.168271
0.256262 0.211098 1.824309 0.533527 -0.080391 0.824910 0.168552
0.256343 0.210874 1.824754 0.533171 -0.080329 0.825089 0.168831
0.256424 0.210647 1.825192 0.532823 -0.080279 0.825263 0.169106
0.256505 0.210418 1.825621 0.532484 -0.080242 0.825429 0.169378
0.256587 0.210188 1.826044 0.532153 -0.080215 0.825590 0.169647
0.256669 0.209956 1.826458 0.531830 -0.080198 0.825745 0.169913
0.256750 0.209723 1.826865 0.531515 -0.080190 0.825895 0.170176
0.256832 0.209491 1.827265 0.531207 -0.080189 0.826039 0.170436
0.256913 0.209258 1.827657 0.530906 -0.080196 0.826179 0.170693
0.256994 0.209026 1.828042 0.530613 -0.080209 0.826313 0.170946
0.257075 0.208794 1.828420 0.530326 -0.080228 0.826444 0.171197
0.257155 0.208564 1.828790 0.530046 -0.080253 0.826569 0.171445
0.257235 0.208335 1.829153 0.529772 -0.080281 0.826691 0.171690
0.257314 0.208108 1.829510 0.529505 -0.080314 0.826809 0.171931
0.257392 0.207883 1.829859 0.529243 -0.080351 0.826924 0.172170
0.257470 0.207659 1.830202 0.528988 -0.080391 0.827035 0.172405
0.257547 0.207438 1.830538 0.528737 -0.080434 0.827142 0.172637
0.257623 0.207219 1.830868 0.528493 -0.080479 0.827246 0.172865
0.257698 0.207002 1.831191 0.528253 -0.080527 0.827347 0.173090
0.257773 0.206788 1.831508 0.528019 -0.080577 0.827446 0.173312
0.257846 0.206577 1.831819 0.527790 -0.080628 0.827541 0.173531
0.257919 0.206368 1.832124 0.527565 -0.080681 0.827634 0.173746
0.257990 0.206162 1.832422 0.527345 -0.080735 0.827724 0.173958
0.258089 0.206017 1.832787 0.527034 -0.080390 0.827867 0.174384
0.258212 0.205906 1.833199 0.526654 -0.079930 0.828069 0.174780
0.258355 0.205808 1.833646 0.526236 -0.079435 0.828309 0.175132
0.258512 0.205712 1.834117 0.525797 -0.078941 0.828568 0.175447
0.258680 0.205608 1.834606 0.525349 -0.078467 0.828836 0.175734
0.258855 0.205493 1.835106 0.524900 -0.078025 0.829106 0.175999
0.259036 0.205364 1.835612 0.524454 -0.077619 0.829373 0.176246
0.259220 0.205220 1.836123 0.524015 -0.077251 0.829636 0.176480
0.259408 0.205061 1.836635 0.523585 -0.076920 0.829891 0.176703
0.259597 0.204887 1.837145 0.523164 -0.076625 0.830138 0.176918
0.259787 0.204700 1.837654 0.522753 -0.076364 0.830376 0.177126
0.259978 0.204499 1.838159 0.522353 -0.076136 0.830605 0.177329
0.260169 0.204287 1.838659 0.521963 -0.075937 0.830826 0.177529
0.260360 0.204065 1.839154 0.521584 -0.075766 0.831038 0.177725
0.260550 0.203833 1.839643 0.521215 -0.075620 0.831241 0.177919
0.260740 0.203593 1.840126 0.520857 -0.075497 0.831435 0.178110
0.260929 0.203345 1.840602 0.520509 -0.075395 0.831622 0.178301
0.261118 0.203092 1.841072 0.520170 -0.075313 0.831801 0.178489
0.261305 0.202833 1.841534 0.519841 -0.075248 0.831972 0.178676
0.261491 0.202569 1.841989 0.519520 -0.075199 0.832137 0.178863
0.261676 0.202302 1.842436 0.519209 -0.075165 0.832295 0.179048
0.261860 0.202032 1.842876 0.518906 -0.075143 0.832446 0.179232
0.262042 0.201759 1.843309 0.518611 -0.075134 0.832591 0.179415
0.262223 0.201485 1.843734 0.518324 -0.075135 0.832730 0.179597
0.262402 0.201210 1.844152 0.518045 -0.075147 0.832864 0.179777
0.262579 0.200934 1.844562 0.517772 -0.075167 0.832993 0.179957
0.262754 0.200658 1.844965 0.517507 -0.075195 0.833116 0.180135
0.262928 0.200382 1.845361 0.517249 -0.075230 0.833235 0.180313
0.263099 0.200106 1.845749 0.516998 -0.075272 0.833350 0.180488
0.263269 0.199832 1.846130 0.516752 -0.075319 0.833460 0.180663
0.263436 0.199559 1.846505 0.516513 -0.075372 0.833566 0.180835
0.263602 0.199288 1.846872 0.516280 -0.075430 0.833668 0.181007
0.263765 0.199018 1.847232 0.516052 -0.075491 0.833766 0.181176
0.263927 0.198750 1.847586 0.515831 -0.075557 0.833861 0.181344
0.264086 0.198485 1.847933 0.515614 -0.075625 0.833953 0.181510
0.264243 0.198222 1.848273 0.515402 -0.075697 0.834041 0.181674
0.264397 0.197961 1.848607 0.515196 -0.075771 0.834127 0.181837
0.264550 0.197704 1.848935 0.514995 -0.075847 0.834209 0.181997
0.264700 0.197449 1.849256 0.514798 -0.075925 0.834289 0.182156
0.264848 0.197197 1.849571 0.514605 -0.076005 0.834366 0.182313
0.265024 0.197012 1.849931 0.514323 -0.075745 0.834491 0.182643
0.265225 0.196868 1.850322 0.513985 -0.075354 0.834662 0.182980
0.265444 0.196743 1.850735 0.513615 -0.074906 0.834859 0.183302
0.265677 0.196626 1.851163 0.513232 -0.074439 0.835069 0.183608
0.265920 0.196508 1.851599 0.512846 -0.073975 0.835283 0.183899
0.266171 0.196384 1.852040 0.512464 -0.073527 0.835496 0.184175
0.266428 0.196252 1.852484 0.512090 -0.073102 0.835705 0.184439
0.266689 0.196108 1.852928 0.511727 -0.072703 0.835906 0.184692
0.266954 0.195953 1.853371 0.511378 -0.072333 0.836098 0.184934
0.267221 0.195786 1.853812 0.511042 -0.071992 0.836281 0.185167
0.267489 0.195607 1.854249 0.510720 -0.071680 0.836455 0.185391
0.267759 0.195417 1.854683 0.510413 -0.071397 0.836619 0.185607
0.268030 0.195215 1.855113 0.510121 -0.071141 0.836773 0.185816
0.268301 0.195003 1.855538 0.509842 -0.070913 0.836917 0.186019
0.268571 0.194780 1.855959 0.509575 -0.070710 0.837052 0.186219
0.268839 0.194549 1.856375 0.509319 -0.070532 0.837179 0.186415
0.269106 0.194310 1.856786 0.509073 -0.070376 0.837299 0.186609
0.269370 0.194064 1.857193 0.508837 -0.070242 0.837411 0.186799
0.269633 0.193811 1.857593 0.508608 -0.070127 0.837518 0.186987
0.269892 0.193553 1.857988 0.508388 -0.070031 0.837618 0.187172
0.270149 0.193291 1.858378 0.508175 -0.069950 0.837713 0.187355
0.270403 0.193024 1.858762 0.507970 -0.069885 0.837803 0.187535
0.270654 0.192755 1.859140 0.507771 -0.069833 0.837888 0.187712
0.270902 0.192483 1.859512 0.507579 -0.069794 0.837968 0.187888
0.271147 0.192210 1.859878 0.507393 -0.069767 0.838044 0.188061
0.271389 0.191935 1.860238 0.507212 -0.069750 0.838117 0.188232
0.271627 0.191659 1.860592 0.507038 -0.069742 0.838185 0.188401
0.271863 0.191383 1.860940 0.506868 -0.069743 0.838250 0.188567
0.272095 0.191107 1.861282 0.506704 -0.069752 0.838311 0.188731
0.272324 0.190831 1.861619 0.506545 -0.069769 0.838370 0.188893
0.272550 0.190556 1.861949 0.506390 -0.069792 0.838425 0.189053
0.272773 0.190283 1.862274 0.506240 -0.069820 0.838478 0.189211
0.272992 0.190010 1.862592 0.506095 -0.069855 0.838528 0.189366
0.273208 0.189739 1.862906 0.505953 -0.069894 0.838575 0.189519
0.273421 0.189470 1.863213 0.505816 -0.069937 0.838621 0.189670
0.273631 0.189204 1.863515 0.505682 -0.069984 0.838664 0.189818
0.273837 0.188939 1.863812 0.505552 -0.070035 0.838705 0.189964
0.274040 0.188677 1.864103 0.505426 -0.070089 0.838744 0.190108
0.274240 0.188417 1.864389 0.505303 -0.070146 0.838781 0.190250
0.274437 0.188161 1.864669 0.505184 -0.070205 0.838816 0.190389
0.274660 0.187986 1.865004 0.504922 -0.070007 0.838950 0.190567
0.274901 0.187858 1.865377 0.504571 -0.069649 0.839143 0.190780
0.275158 0.187753 1.865777 0.504166 -0.069207 0.839372 0.191004
0.275425 0.187658 1.866194 0.503730 -0.068727 0.839622 0.191227
0.275702 0.187561 1.866623 0.503277 -0.068238 0.839883 0.191447
0.275986 0.187457 1.867059 0.502820 -0.067757 0.840147 0.191660
0.276276 0.187343 1.867498 0.502366 -0.067294 0.840409 0.191867
0.276571 0.187216 1.867937 0.501921 -0.066856 0.840664 0.192067
0.276869 0.187075 1.868375 0.501489 -0.066445 0.840910 0.192262
0.277170 0.186920 1.868811 0.501071 -0.066064 0.841145 0.192452
0.277473 0.186750 1.869243 0.500670 -0.065712 0.841370 0.192636
0.277778 0.186567 1.869671 0.500285 -0.065390 0.841582 0.192816
0.278084 0.186370 1.870095 0.499918 -0.065096 0.841783 0.192992
0.278390 0.186159 1.870514 0.499568 -0.064831 0.841972 0.193162
0.278697 0.185937 1.870928 0.499234 -0.064592 0.842150 0.193328
0.279004 0.185703 1.871338 0.498917 -0.064380 0.842317 0.193489
0.279311 0.185457 1.871742 0.498617 -0.064192 0.842474 0.193646
0.279618 0.185202 1.872142 0.498332 -0.064028 0.842620 0.193797
0.279924 0.184937 1.872537 0.498062 -0.063887 0.842756 0.193944
0.280230 0.184662 1.872927 0.497808 -0.063768 0.842883 0.194085
0.280535 0.184380 1.873312 0.497568 -0.063669 0.843001 0.194221
0.280838 0.184089 1.873692 0.497342 -0.063591 0.843110 0.194352
0.281141 0.183790 1.874068 0.497129 -0.063531 0.843211 0.194478
0.281442 0.183485 1.874440 0.496930 -0.063490 0.843304 0.194598
0.281742 0.183173 1.874807 0.496743 -0.063466 0.843389 0.194712
0.282040 0.182855 1.875169 0.496568 -0.063460 0.843467 0.194824
0.282335 0.182531 1.875528 0.496402 -0.063470 0.843539 0.194933
0.282627 0.182203 1.875882 0.496245 -0.063496 0.843604 0.195040
0.282916 0.181871 1.876233 0.496096 -0.063536 0.843665 0.195146
0.283201 0.181535 1.876578 0.495954 -0.063590 0.843720 0.195251
0.283482 0.181197 1.876920 0.495817 -0.063656 0.843771 0.195354
0.283759 0.180857 1.877256 0.495686 -0.063732 0.843819 0.195455
0.284032 0.180516 1.877588 0.495560 -0.063818 0.843863 0.195555
0.284301 0.180174 1.877915 0.495439 -0.063913 0.843904 0.195654
0.284565 0.179832 1.878238 0.495323 -0.064016 0.843942 0.195751
0.284826 0.179490 1.878555 0.495210 -0.064126 0.843978 0.195848
0.285083 0.179149 1.878868 0.495102 -0.064242 0.844011 0.195942
0.285335 0.178809 1.879175 0.494997 -0.064364 0.844041 0.196036
0.285583 0.178470 1.879478 0.494896 -0.064490 0.844069 0.196128
0.285828 0.178134 1.879776 0.494798 -0.064620 0.844096 0.196219
0.286106 0.177887 1.880123 0.494582 -0.064574 0.844216 0.196263
0.286407 0.177695 1.880502 0.494290 -0.064377 0.844383 0.196343
0.286723 0.177535 1.880903 0.493950 -0.064088 0.844581 0.196443
0.287049 0.177392 1.881317 0.493580 -0.063749 0.844797 0.196550
0.287384 0.177255 1.881739 0.493194 -0.063387 0.845024 0.196661
0.287724 0.177120 1.882165 0.492801 -0.063017 0.845256 0.196772
0.288070 0.176980 1.882593 0.492406 -0.062651 0.845487 0.196884
0.288420 0.176832 1.883020 0.492014 -0.062295 0.845715 0.196996
0.288773 0.176675 1.883446 0.491628 -0.061954 0.845938 0.197111
0.289130 0.176506 1.883869 0.491250 -0.061631 0.846154 0.197227
0.289490 0.176326 1.884289 0.490881 -0.061327 0.846362 0.197346
0.289852 0.176132 1.884705 0.490524 -0.061045 0.846562 0.197467
0.290216 0.175924 1.885116 0.490180 -0.060786 0.846751 0.197590
0.290581 0.175704 1.885521 0.489852 -0.060550 0.846929 0.197713
0.290947 0.175471 1.885921 0.489540 -0.060337 0.847096 0.197836
0.291313 0.175225 1.886315 0.489244 -0.060148 0.847252 0.197959
0.291680 0.174968 1.886704 0.488964 -0.059982 0.847397 0.198081
0.292046 0.174700 1.887086 0.488700 -0.059837 0.847531 0.198201
0.292411 0.174421 1.887464 0.488451 -0.059715 0.847655 0.198320
0.292775 0.174131 1.887836 0.488218 -0.059613 0.847769 0.198437
0.293138 0.173833 1.888204 0.487999 -0.059531 0.847874 0.198551
0.293499 0.173525 1.888566 0.487795 -0.059468 0.847970 0.198662
0.293858 0.173210 1.888924 0.487604 -0.059424 0.848058 0.198770
0.294216 0.172886 1.889278 0.487426 -0.059398 0.848137 0.198874
0.294571 0.172555 1.889627 0.487261 -0.059389 0.848209 0.198974
0.294923 0.172217 1.889972 0.487107 -0.059397 0.848274 0.199072
0.295272 0.171873 1.890313 0.486963 -0.059422 0.848332 0.199170
0.295617 0.171524 1.890650 0.486827 -0.059462 0.848385 0.199267
0.295957 0.171170 1.890983 0.486699 -0.059516 0.848432 0.199363
0.296293 0.170812 1.891312 0.486577 -0.059584 0.848474 0.199460
0.296624 0.170451 1.891637 0.486461 -0.059664 0.848512 0.199555
0.296950 0.170088 1.891958 0.486351 -0.059755 0.848547 0.199650
0.297270 0.169723 1.892275 0.486245 -0.059856 0.848578 0.199745
0.297586 0.169357 1.892587 0.486143 -0.059966 0.848607 0.199839
0.297897 0.168990 1.892895 0.486046 -0.060084 0.848632 0.199932
0.298203 0.168624 1.893198 0.485952 -0.060209 0.848655 0.200024
0.298503 0.168258 1.893497 0.485862 -0.060340 0.848676 0.200115
0.298799 0.167893 1.893792 0.485775 -0.060476 0.848695 0.200206
0.299089 0.167530 1.894082 0.485692 -0.060618 0.848711 0.200295
0.299375 0.167168 1.894368 0.485611 -0.060763 0.848726 0.200384
0.299708 0.166901 1.894695 0.485447 -0.060823 0.848839 0.200283
0.300071 0.166691 1.895052 0.485232 -0.060745 0.848987 0.200204
0.300451 0.166515 1.895426 0.484983 -0.060573 0.849154 0.200149
0.300844 0.166360 1.895812 0.484712 -0.060346 0.849334 0.200108
0.301246 0.166215 1.896204 0.484430 -0.060088 0.849522 0.200075
0.301652 0.166073 1.896599 0.484141 -0.059816 0.849712 0.200048
0.302062 0.165929 1.896995 0.483852 -0.059540 0.849901 0.200026
0.302475 0.165780 1.897391 0.483564 -0.059268 0.850088 0.200008
0.302889 0.165623 1.897784 0.483280 -0.059004 0.850271 0.199996
0.303304 0.165456 1.898175 0.483001 -0.058752 0.850448 0.199988
0.303720 0.165279 1.898563 0.482731 -0.058515 0.850619 0.199985
0.304136 0.165091 1.898946 0.482471 -0.058295 0.850781 0.199985
0.304552 0.164891 1.899324 0.482223 -0.058094 0.850935 0.199988
0.304966 0.164679 1.899698 0.481989 -0.057912 0.851079 0.199993
0.305379 0.164457 1.900066 0.481767 -0.057749 0.851214 0.199999
0.305790 0.164223 1.900430 0.481559 -0.057606 0.851340 0.200006
0.306198 0.163979 1.900789 0.481364 -0.057482 0.851457 0.200014
0.306604 0.163725 1.901143 0.481183 -0.057377 0.851565 0.200021
0.307007 0.163461 1.901493 0.481013 -0.057290 0.851665 0.200028
0.307407 0.163188 1.901838 0.480856 -0.057222 0.851757 0.200034
0.307804 0.162906 1.902179 0.480711 -0.057170 0.851841 0.200039
0.308198 0.162616 1.902517 0.480577 -0.057136 0.851918 0.200042
0.308588 0.162318 1.902851 0.480453 -0.057118 0.851989 0.200043
0.308974 0.162013 1.903181 0.480340 -0.057116 0.852053 0.200041
0.309357 0.161700 1.903507 0.480237 -0.057129 0.852111 0.200038
0.309736 0.161381 1.903831 0.480143 -0.057157 0.852164 0.200031
0.310110 0.161056 1.904151 0.480057 -0.057200 0.852211 0.200025
0.310479 0.160725 1.904469 0.479979 -0.057257 0.852253 0.200019
0.310843 0.160389 1.904783 0.479906 -0.057328 0.852290 0.200014
0.311201 0.160049 1.905095 0.479837 -0.057412 0.852324 0.200011
0.311553 0.159706 1.905403 0.479773 -0.057507 0.852354 0.200008
0.311899 0.159360 1.905708 0.479712 -0.057612 0.852381 0.200007
0.312239 0.159011 1.906009 0.479654 -0.057727 0.852406 0.200007
0.312573 0.158662 1.906307 0.479599 -0.057851 0.852429 0.200007
0.312902 0.158311 1.906602 0.479547 -0.057982 0.852449 0.200008
0.313224 0.157960 1.906892 0.479496 -0.058120 0.852468 0.200011
0.313540 0.157610 1.907179 0.479448 -0.058264 0.852485 0.200013
0.313851 0.157260 1.907462 0.479401 -0.058412 0.852500 0.200017
0.314156 0.156910 1.907742 0.479356 -0.058566 0.852514 0.200021
0.314455 0.156563 1.908017 0.479312 -0.058723 0.852526 0.200026
0.314818 0.156296 1.908329 0.479235 -0.058849 0.852606 0.199836
0.315221 0.156078 1.908664 0.479135 -0.058870 0.852700 0.199667
0.315649 0.155889 1.909013 0.479020 -0.058816 0.852801 0.199527
0.316094 0.155715 1.909369 0.478895 -0.058715 0.852906 0.199406
0.316550 0.155549 1.909728 0.478766 -0.058587 0.853012 0.199301
0.317014 0.155383 1.910087 0.478634 -0.058445 0.853118 0.199208
0.317482 0.155213 1.910445 0.478504 -0.058298 0.853220 0.199126
0.317954 0.155037 1.910801 0.478376 -0.058153 0.853318 0.199055
0.318428 0.154852 1.911153 0.478251 -0.058014 0.853412 0.198993
0.318903 0.154656 1.911501 0.478132 -0.057884 0.853500 0.198942
0.319379 0.154449 1.911845 0.478017 -0.057764 0.853582 0.198900
0.319855 0.154229 1.912186 0.477908 -0.057658 0.853658 0.198867
0.320331 0.153996 1.912522 0.477805 -0.057565 0.853727 0.198843
0.320807 0.153749 1.912855 0.477708 -0.057488 0.853790 0.198828
0.321283 0.153489 1.913183 0.477620 -0.057428 0.853846 0.198820
0.321756 0.153216 1.913506 0.477541 -0.057386 0.853893 0.198819
0.322226 0.152930 1.913824 0.477470 -0.057362 0.853932 0.198827
0.322692 0.152633 1.914138 0.477407 -0.057357 0.853964 0.198842
0.323154 0.152325 1.914448 0.477352 -0.057370 0.853988 0.198865
0.323612 0.152008 1.914752 0.477303 -0.057399 0.854007 0.198895
0.324064 0.151683 1.915052 0.477261 -0.057444 0.854019 0.198930
0.324510 0.151350 1.915348 0.477223 -0.057503 0.854027 0.198971
0.324951 0.151011 1.915639 0.477191 -0.057575 0.854030 0.199017
0.325386 0.150667 1.915925 0.477163 -0.057659 0.854028 0.199066
0.325815 0.150317 1.916207 0.477139 -0.057754 0.854023 0.199120
0.326237 0.149964 1.916485 0.477118 -0.057859 0.854014 0.199176
0.326653 0.149608 1.916759 0.477100 -0.057973 0.854002 0.199236
0.327063 0.149250 1.917028 0.477085 -0.058095 0.853988 0.199297
0.327466 0.148890 1.917294 0.477073 -0.058225 0.853971 0.199361
0.327863 0.148530 1.917555 0.477063 -0.058360 0.853952 0.199427
0.328252 0.148168 1.917813 0.477054 -0.058502 0.853931 0.199494
0.328636 0.147807 1.918066 0.477048 -0.058648 0.853909 0.199562
0.329013 0.147446 1.918316 0.477042 -0.058799 0.853886 0.199631
0.329383 0.147087 1.918562 0.477038 -0.058953 0.853861 0.199701
0.329746 0.146729 1.918804 0.477035 -0.059110 0.853835 0.199771
0.330103 0.146372 1.919043 0.477033 -0.059271 0.853809 0.199842
0.330454 0.146018 1.919277 0.477032 -0.059433 0.853782 0.199912
0.330798 0.145666 1.919509 0.477031 -0.059597 0.853755 0.199983
0.331136 0.145316 1.919736 0.477030 -0.059762 0.853727 0.200053
0.331467 0.144970 1.919960 0.477030 -0.059928 0.853699 0.200123
0.331865 0.144702 1.920219 0.477003 -0.060092 0.853756 0.199896
0.332304 0.144479 1.920503 0.476962 -0.060155 0.853828 0.199665
0.332769 0.144283 1.920804 0.476913 -0.060144 0.853906 0.199452
0.333250 0.144102 1.921117 0.476856 -0.060089 0.853987 0.199258
0.333742 0.143929 1.921438 0.476794 -0.060009 0.854069 0.199080
0.334240 0.143759 1.921765 0.476728 -0.059915 0.854151 0.198914
0.334741 0.143588 1.922096 0.476657 -0.059818 0.854233 0.198761
0.335242 0.143415 1.922429 0.476583 -0.059720 0.854314 0.198620
0.335741 0.143235 1.922761 0.476505 -0.059626 0.854394 0.198491
0.336237 0.143049 1.923092 0.476424 -0.059537 0.854473 0.198375
0.336730 0.142854 1.923422 0.476340 -0.059456 0.854549 0.198271
0.337219 0.142650 1.923748 0.476253 -0.059384 0.854623 0.198180
0.337704 0.142438 1.924071 0.476167 -0.059321 0.854694 0.198101
0.338183 0.142216 1.924390 0.476083 -0.059271 0.854760 0.198031
0.338658 0.141986 1.924704 0.476003 -0.059232 0.854822 0.197971
0.339127 0.141749 1.925012 0.475926 -0.059206 0.854878 0.197919
0.339590 0.141504 1.925316 0.475854 -0.059191 0.854930 0.197875
0.340046 0.141253 1.925615 0.475786 -0.059187 0.854976 0.197839
0.340497 0.140996 1.925909 0.475722 -0.059194 0.855019 0.197809
0.340941 0.140735 1.926197 0.475662 -0.059210 0.855056 0.197785
0.341379 0.140469 1.926481 0.475605 -0.059235 0.855090 0.197766
0.341810 0.140199 1.926761 0.475552 -0.059269 0.855120 0.197753
0.342234 0.139926 1.927035 0.475503 -0.059310 0.855147 0.197744
0.342652 0.139651 1.927305 0.475456 -0.059359 0.855171 0.197739
0.343062 0.139374 1.927571 0.475411 -0.059413 0.855192 0.197738
0.343466 0.139096 1.927833 0.475369 -0.059474 0.855211 0.197741
0.343863 0.138817 1.928090 0.475330 -0.059540 0.855227 0.197746
0.344253 0.138537 1.928344 0.475292 -0.059610 0.855241 0.197754
0.344636 0.138258 1.928593 0.475255 -0.059684 0.855254 0.197765
0.345012 0.137978 1.928838 0.475220 -0.059763 0.855265 0.197777
0.345382 0.137700 1.929080 0.475187 -0.059844 0.855274 0.197792
0.345745 0.137422 1.929318 0.475155 -0.059928 0.855283 0.197808
0.346101 0.137146 1.929552 0.475123 -0.060015 0.855290 0.197825
0.346450 0.136871 1.929783 0.475093 -0.060104 0.855296 0.197844
0.346793 0.136598 1.930010 0.475063 -0.060194 0.855302 0.197864
0.347129 0.136328 1.930233 0.475034 -0.060286 0.855307 0.197885
0.347459 0.136059 1.930454 0.475006 -0.060379 0.855311 0.197907
0.347783 0.135793 1.930670 0.474978 -0.060473 0.855315 0.197929
0.348100 0.135530 1.930884 0.474950 -0.060568 0.855318 0.197951
0.348411 0.135269 1.931094 0.474923 -0.060662 0.855321 0.197975
0.348781 0.135067 1.931331 0.474863 -0.060743 0.855403 0.197738
0.349188 0.134896 1.931586 0.474789 -0.060743 0.855503 0.197486
0.349618 0.134738 1.931852 0.474706 -0.060686 0.855607 0.197251
0.350063 0.134583 1.932124 0.474618 -0.060596 0.855711 0.197037
0.350517 0.134425 1.932400 0.474528 -0.060491 0.855813 0.196843
0.350976 0.134259 1.932675 0.474437 -0.060381 0.855912 0.196669
0.351437 0.134083 1.932950 0.474346 -0.060274 0.856005 0.196514
0.351900 0.133895 1.933223 0.474255 -0.060175 0.856094 0.196378
0.352362 0.133694 1.933493 0.474165 -0.060084 0.856177 0.196260
0.352823 0.133480 1.933760 0.474077 -0.060005 0.856255 0.196159
0.353283 0.133253 1.934024 0.473989 -0.059939 0.856327 0.196076
0.353741 0.133012 1.934284 0.473904 -0.059884 0.856393 0.196011
0.354197 0.132758 1.934541 0.473820 -0.059843 0.856454 0.195961
0.354651 0.132491 1.934794 0.473738 -0.059815 0.856509 0.195928
0.355103 0.132212 1.935042 0.473660 -0.059801 0.856557 0.195908
0.355551 0.131921 1.935285 0.473588 -0.059802 0.856599 0.195900
0.355996 0.131620 1.935524 0.473521 -0.059817 0.856634 0.195904
0.356436 0.131310 1.935757 0.473461 -0.059846 0.856662 0.195917
0.356873 0.130991 1.935986 0.473407 -0.059889 0.856684 0.195940
0.357304 0.130664 1.936211 0.473358 -0.059944 0.856700 0.195972
0.357731 0.130331 1.936431 0.473314 -0.060010 0.856710 0.196010
0.358152 0.129992 1.936647 0.473276 -0.060087 0.856716 0.196056
0.358568 0.129648 1.936858 0.473242 -0.060173 0.856717 0.196108
0.358979 0.129300 1.937066 0.473211 -0.060269 0.856714 0.196165
0.359384 0.128949 1.937270 0.473185 -0.060372 0.856707 0.196226
0.359782 0.128595 1.937471 0.473162 -0.060483 0.856697 0.196292
0.360175 0.128240 1.937668 0.473142 -0.060600 0.856684 0.196362
0.360562 0.127883 1.937861 0.473124 -0.060723 0.856668 0.196435
0.360942 0.127525 1.938052 0.473108 -0.060851 0.856650 0.196510
0.361317 0.127168 1.938239 0.473095 -0.060983 0.856630 0.196588
0.361685 0.126811 1.938424 0.473083 -0.061119 0.856609 0.196668
0.362047 0.126454 1.938605 0.473073 -0.061259 0.856586 0.196750
0.362402 0.126099 1.938784 0.473063 -0.061402 0.856561 0.196833
0.362752 0.125746 1.938959 0.473055 -0.061547 0.856536 0.196917
0.363095 0.125394 1.939133 0.473048 -0.061694 0.856510 0.197002
0.363432 0.125045 1.939303 0.473042 -0.061842 0.856483 0.197087
0.363762 0.124698 1.939471 0.473036 -0.061992 0.856456 0.197173
0.364087 0.124354 1.939636 0.473030 -0.062142 0.856429 0.197258
0.364405 0.124014 1.939799 0.473025 -0.062293 0.856401 0.197344
0.364717 0.123676 1.939960 0.473020 -0.062444 0.856373 0.197430
0.365103 0.123396 1.940154 0.473013 -0.062640 0.856401 0.197261
0.365534 0.123149 1.940370 0.473007 -0.062785 0.856437 0.197075
0.365994 0.122922 1.940601 0.473000 -0.062887 0.856473 0.196902
0.366470 0.122705 1.940839 0.472991 -0.062960 0.856509 0.196745
0.366956 0.122491 1.941082 0.472978 -0.063014 0.856544 0.196604
0.367446 0.122276 1.941325 0.472963 -0.063058 0.856577 0.196480
0.367938 0.122057 1.941567 0.472946 -0.063096 0.856609 0.196372
0.368430 0.121832 1.941808 0.472927 -0.063134 0.856638 0.196279
0.368919 0.121600 1.942044 0.472909 -0.063174 0.856663 0.196200
0.369405 0.121361 1.942276 0.472893 -0.063220 0.856684 0.196133
0.369887 0.121115 1.942504 0.472880 -0.063273 0.856700 0.196077
0.370364 0.120862 1.942727 0.472871 -0.063333 0.856711 0.196032
0.370835 0.120603 1.942945 0.472865 -0.063400 0.856718 0.195996
0.371301 0.120339 1.943159 0.472862 -0.063474 0.856720 0.195968
0.371761 0.120070 1.943368 0.472863 -0.063555 0.856718 0.195949
0.372214 0.119796 1.943573 0.472866 -0.063642 0.856712 0.195936
0.372661 0.119519 1.943774 0.472872 -0.063736 0.856703 0.195930
0.373102 0.119239 1.943970 0.472881 -0.063834 0.856692 0.195930
0.373536 0.118957 1.944163 0.472891 -0.063938 0.856677 0.195936
0.373963 0.118673 1.944353 0.472903 -0.064046 0.856660 0.195946
0.374383 0.118387 1.944539 0.472916 -0.064157 0.856641 0.195960
0.374796 0.118101 1.944722 0.472931 -0.064273 0.856620 0.195978
0.375202 0.117814 1.944901 0.472946 -0.064391 0.856598 0.196000
0.375601 0.117527 1.945078 0.472962 -0.064511 0.856574 0.196024
0.375994 0.117241 1.945251 0.472979 -0.064634 0.856550 0.196051
0.376379 0.116955 1.945422 0.472995 -0.064758 0.856524 0.196081
0.376757 0.116671 1.945590 0.473012 -0.064883 0.856498 0.196112
0.377129 0.116388 1.945755 0.473030 -0.065010 0.856472 0.196145
0.377494 0.116107 1.945918 0.473046 -0.065137 0.856445 0.196180
0.377852 0.115828 1.946078 0.473063 -0.065265 0.856418 0.196216
0.378203 0.115551 1.946236 0.473080 -0.065393 0.856390 0.196253
0.378548 0.115276 1.946391 0.473095 -0.065520 0.856363 0.196291
0.378886 0.115004 1.946544 0.473111 -0.065648 0.856336 0.196329
0.379217 0.114735 1.946695 0.473126 -0.065775 0.856309 0.196368
0.379542 0.114469 1.946843 0.473140 -0.065901 0.856282 0.196408
0.379861 0.114206 1.946989 0.473154 -0.066026 0.856256 0.196447
0.380174 0.113946 1.947134 0.473167 -0.066150 0.856230 0.196487
0.380480 0.113690 1.947276 0.473179 -0.066273 0.856205 0.196527
0.380780 0.113437 1.947415 0.473191 -0.066394 0.856180 0.196567
0.381074 0.113188 1.947553 0.473201 -0.066514 0.856156 0.196606
0.381440 0.112995 1.947720 0.473187 -0.066668 0.856202 0.196385
0.381849 0.112836 1.947902 0.473161 -0.066756 0.856261 0.196161
0.382288 0.112695 1.948092 0.473127 -0.066788 0.856323 0.195961
0.382744 0.112563 1.948284 0.473090 -0.066781 0.856385 0.195785
0.383213 0.112434 1.948474 0.473051 -0.066749 0.856444 0.195633
0.383688 0.112303 1.948658 0.473013 -0.066704 0.856498 0.195501
0.384166 0.112168 1.948836 0.472980 -0.066652 0.856546 0.195389
0.384646 0.112028 1.949006 0.472953 -0.066598 0.856587 0.195293
0.385126 0.111882 1.949169 0.472932 -0.066545 0.856620 0.195214
0.385603 0.111730 1.949325 0.472918 -0.066494 0.856647 0.195149
0.386079 0.111572 1.949473 0.472911 -0.066448 0.856666 0.195097
0.386550 0.111409 1.949615 0.472909 -0.066406 0.856679 0.195058
0.387018 0.111241 1.949750 0.472914 -0.066369 0.856686 0.195030
0.387482 0.111069 1.949880 0.472924 -0.066337 0.856687 0.195012
0.387940 0.110893 1.950004 0.472938 -0.066309 0.856683 0.195003
0.388394 0.110713 1.950123 0.472957 -0.066287 0.856675 0.195002
0.388842 0.110530 1.950238 0.472980 -0.066268 0.856662 0.195008
0.389284 0.110344 1.950348 0.473005 -0.066254 0.856646 0.195021
0.389720 0.110157 1.950455 0.473034 -0.066243 0.856627 0.195040
0.390151 0.109967 1.950558 0.473065 -0.066237 0.856605 0.195064
0.390575 0.109777 1.950658 0.473097 -0.066233 0.856581 0.195092
0.390992 0.109585 1.950754 0.473132 -0.066233 0.856555 0.195125
0.391404 0.109393 1.950848 0.473167 -0.066235 0.856527 0.195161
0.391808 0.109201 1.950940 0.473204 -0.066240 0.856497 0.195201
0.392207 0.109009 1.951029 0.473241 -0.066247 0.856466 0.195243
0.392598 0.108817 1.951116 0.473278 -0.066256 0.856435 0.195287
0.392983 0.108625 1.951201 0.473316 -0.066268 0.856402 0.195334
0.393362 0.108435 1.951284 0.473354 -0.066281 0.856369 0.195382
0.393733 0.108245 1.951365 0.473392 -0.066295 0.856336 0.195431
0.394099 0.108057 1.951445 0.473430 -0.066310 0.856302 0.195482
0.394458 0.107870 1.951523 0.473467 -0.066327 0.856269 0.195534
0.394810 0.107684 1.951600 0.473504 -0.066344 0.856235 0.195586
0.395156 0.107501 1.951675 0.473541 -0.066363 0.856201 0.195639
0.395495 0.107319 1.951749 0.473576 -0.066382 0.856168 0.195692
0.395828 0.107139 1.951822 0.473611 -0.066401 0.856135 0.195745
0.396155 0.106962 1.951894 0.473645 -0.066421 0.856103 0.195798
0.396476 0.106786 1.951964 0.473679 -0.066441 0.856070 0.195852
0.396791 0.106613 1.952034 0.473711 -0.066461 0.856039 0.195905
0.397099 0.106442 1.952102 0.473742 -0.066481 0.856008 0.195957
0.397402 0.106274 1.952170 0.473773 -0.066501 0.855977 0.196010
0.397760 0.106140 1.952269 0.473769 -0.066555 0.856023 0.195804
0.398148 0.106020 1.952388 0.473747 -0.066561 0.856085 0.195579
0.398555 0.105900 1.952519 0.473717 -0.066536 0.856153 0.195366
0.398971 0.105773 1.952658 0.473682 -0.066495 0.856220 0.195169
0.399391 0.105635 1.952800 0.473646 -0.066453 0.856285 0.194989
0.399813 0.105485 1.952943 0.473610 -0.066415 0.856345 0.194824
0.400234 0.105321 1.953086 0.473577 -0.066388 0.856399 0.194674
0.400653 0.105143 1.953229 0.473547 -0.066373 0.856448 0.194538
0.401068 0.104951 1.953370 0.473520 -0.066371 0.856491 0.194416
0.401479 0.104748 1.953510 0.473497 -0.066384 0.856527 0.194306
0.401886 0.104532 1.953648 0.473477 -0.066410 0.856558 0.194209
0.402287 0.104306 1.953784 0.473460 -0.066449 0.856584 0.194122
0.402684 0.104069 1.953919 0.473447 -0.066501 0.856605 0.194045
0.403075 0.103824 1.954052 0.473437 -0.066564 0.856621 0.193978
0.403460 0.103571 1.954183 0.473429 -0.066639 0.856632 0.193920
0.403840 0.103311 1.954313 0.473424 -0.066723 0.856640 0.193870
0.404214 0.103044 1.954442 0.473421 -0.066816 0.856644 0.193827
0.404582 0.102772 1.954569 0.473419 -0.066918 0.856645 0.193791
0.404944 0.102496 1.954694 0.473419 -0.067027 0.856643 0.193762
0.405300 0.102215 1.954818 0.473421 -0.067142 0.856639 0.193738
0.405650 0.101932 1.954941 0.473423 -0.067264 0.856632 0.193720
0.405995 0.101645 1.955062 0.473427 -0.067392 0.856623 0.193706
0.406333 0.101356 1.955183 0.473431 -0.067524 0.856613 0.193697
0.406665 0.101066 1.955302 0.473435 -0.067660 0.856601 0.193692
0.406992 0.100775 1.955419 0.473440 -0.067799 0.856587 0.193691
0.407312 0.100483 1.955536 0.473446 -0.067942 0.856572 0.193693
0.407627 0.100191 1.955651 0.473451 -0.068087 0.856556 0.193699
0.407936 0.099900 1.955765 0.473457 -0.068235 0.856540 0.193706
0.408239 0.099609 1.955878 0.473462 -0.068384 0.856523 0.193717
0.408536 0.099319 1.955990 0.473468 -0.068535 0.856505 0.193730
0.408827 0.099030 1.956101 0.473473 -0.068686 0.856486 0.193745
0.409113 0.098743 1.956210 0.473478 -0.068838 0.856468 0.193761
0.409394 0.098457 1.956318 0.473482 -0.068991 0.856449 0.193779
0.409669 0.098174 1.956426 0.473487 -0.069143 0.856430 0.193799
0.409939 0.097893 1.956531 0.473491 -0.069295 0.856410 0.193820
0.410203 0.097615 1.956636 0.473494 -0.069447 0.856391 0.193842
0.410462 0.097339 1.956740 0.473497 -0.069598 0.856372 0.193865
0.410716 0.097067 1.956842 0.473499 -0.069748 0.856353 0.193889
0.410965 0.096797 1.956943 0.473501 -0.069896 0.856334 0.193913
0.411209 0.096531 1.957043 0.473503 -0.070044 0.856316 0.193938
0.411503 0.096304 1.957168 0.473480 -0.070178 0.856342 0.193829
0.411826 0.096098 1.957305 0.473445 -0.070249 0.856377 0.193735
0.412165 0.095901 1.957448 0.473401 -0.070277 0.856415 0.193664
0.412514 0.095708 1.957592 0.473354 -0.070278 0.856453 0.193611
0.412869 0.095514 1.957734 0.473306 -0.070266 0.856489 0.193573
0.413225 0.095317 1.957872 0.473261 -0.070247 0.856521 0.193548
0.413582 0.095116 1.958006 0.473218 -0.070228 0.856550 0.193534
0.413938 0.094911 1.958135 0.473179 -0.070210 0.856573 0.193532
0.414293 0.094701 1.958259 0.473145 -0.070195 0.856592 0.193539
0.414645 0.094487 1.958379 0.473115 -0.070184 0.856605 0.193556
0.414994 0.094269 1.958493 0.473090 -0.070179 0.856614 0.193581
0.415340 0.094047 1.958604 0.473069 -0.070178 0.856618 0.193613
0.415682 0.093822 1.958710 0.473052 -0.070181 0.856618 0.193653
0.416021 0.093595 1.958813 0.473039 -0.070190 0.856615 0.193698
0.416355 0.093365 1.958912 0.473028 -0.070203 0.856608 0.193749
0.416685 0.093134 1.959008 0.473021 -0.070219 0.856598 0.193805
0.417011 0.092901 1.959102 0.473016 -0.070240 0.856585 0.193866
0.417332 0.092668 1.959192 0.473013 -0.070264 0.856570 0.193930
0.417648 0.092434 1.959280 0.473013 -0.070291 0.856553 0.193997
0.417960 0.092200 1.959366 0.473014 -0.070321 0.856534 0.194068
0.418266 0.091966 1.959449 0.473016 -0.070353 0.856514 0.194141
0.418568 0.091733 1.959530 0.473020 -0.070388 0.856492 0.194216
0.418865 0.091500 1.959610 0.473024 -0.070425 0.856469 0.194293
0.419157 0.091269 1.959688 0.473029 -0.070463 0.856445 0.194371
0.419445 0.091038 1.959764 0.473035 -0.070503 0.856420 0.194450
0.419727 0.090810 1.959838 0.473042 -0.070544 0.856395 0.194531
0.420004 0.090583 1.959912 0.473049 -0.070587 0.856370 0.194612
0.420276 0.090358 1.959983 0.473056 -0.070630 0.856344 0.194693
0.420544 0.090135 1.960054 0.473063 -0.070673 0.856318 0.194775
0.420807 0.089915 1.960123 0.473070 -0.070718 0.856291 0.194857
0.421064 0.089697 1.960191 0.473077 -0.070762 0.856265 0.194938
0.421318 0.089481 1.960259 0.473084 -0.070807 0.856239 0.195020
0.421566 0.089268 1.960325 0.473091 -0.070852 0.856213 0.195101
0.421810 0.089058 1.960390 0.473097 -0.070897 0.856187 0.195182
0.422049 0.088850 1.960454 0.473103 -0.070941 0.856162 0.195262
0.422283 0.088646 1.960517 0.473109 -0.070986 0.856137 0.195341
0.422513 0.088444 1.960579 0.473114 -0.071029 0.856112 0.195420
0.422739 0.088246 1.960640 0.473120 -0.071073 0.856088 0.195498
0.422960 0.088051 1.960701 0.473124 -0.071116 0.856065 0.195575
0.423176 0.087859 1.960760 0.473128 -0.071158 0.856041 0.195651
0.423424 0.087688 1.960844 0.473111 -0.071202 0.856052 0.195629
0.423686 0.087528 1.960943 0.473081 -0.071218 0.856073 0.195603
0.423956 0.087370 1.961051 0.473042 -0.071216 0.856100 0.195583
0.424229 0.087210 1.961166 0.472996 -0.071206 0.856130 0.195567
0.424501 0.087047 1.961283 0.472946 -0.071194 0.856160 0.195557
0.424772 0.086880 1.961402 0.472895 -0.071186 0.856191 0.195551
0.425040 0.086707 1.961522 0.472843 -0.071182 0.856220 0.195550
0.425304 0.086529 1.961641 0.472790 -0.071184 0.856248 0.195554
0.425564 0.086346 1.961760 0.472738 -0.071193 0.856274 0.195562
0.425821 0.086158 1.961879 0.472687 -0.071209 0.856298 0.195575
0.426073 0.085966 1.961997 0.472638 -0.071232 0.856320 0.195591
0.426321 0.085770 1.962114 0.472589 -0.071261 0.856340 0.195611
0.426564 0.085571 1.962230 0.472542 -0.071296 0.856358 0.195635
0.426804 0.085369 1.962345 0.472495 -0.071336 0.856374 0.195661
0.427039 0.085164 1.962459 0.472450 -0.071382 0.856388 0.195691
0.427270 0.084957 1.962571 0.472406 -0.071432 0.856401 0.195723
0.427497 0.084749 1.962683 0.472363 -0.071487 0.856412 0.195758
0.427710 0.084526 1.962801 0.472307 -0.071587 0.856429 0.195782
0.427912 0.084288 1.962925 0.472245 -0.071734 0.856448 0.195797
0.428104 0.084037 1.963054 0.472177 -0.071917 0.856468 0.195805
0.428290 0.083777 1.963186 0.472107 -0.072124 0.856487 0.195812
0.428469 0.083509 1.963322 0.472036 -0.072347 0.856506 0.195819
0.428643 0.083236 1.963460 0.471964 -0.072580 0.856524 0.195827
0.428812 0.082959 1.963599 0.471892 -0.072819 0.856541 0.195838
0.428978 0.082679 1.963738 0.471821 -0.073059 0.856557 0.195852
0.429147 0.082414 1.963872 0.471759 -0.073250 0.856568 0.195880
0.429318 0.082159 1.964000 0.471703 -0.073410 0.856576 0.195919
0.429488 0.081912 1.964124 0.471651 -0.073549 0.856583 0.195964
0.429658 0.081672 1.964244 0.471603 -0.073673 0.856587 0.196014
0.429825 0.081437 1.964359 0.471558 -0.073787 0.856590 0.196067
0.429992 0.081209 1.964472 0.471515 -0.073893 0.856592 0.196121
0.430159 0.081005 1.964572 0.471477 -0.073937 0.856597 0.196173
0.430319 0.080806 1.964661 0.471442 -0.073997 0.856605 0.196198
0.430473 0.080611 1.964741 0.471410 -0.074070 0.856615 0.196206
0.430622 0.080420 1.964814 0.471380 -0.074158 0.856625 0.196200
0.430767 0.080231 1.964883 0.471351 -0.074259 0.856636 0.196184
0.430908 0.080045 1.964948 0.471324 -0.074373 0.856647 0.196160
0.431046 0.079862 1.965011 0.471296 -0.074497 0.856658 0.196131
0.431181 0.079680 1.965073 0.471269 -0.074628 0.856669 0.196099
0.431314 0.079502 1.965134 0.471242 -0.074761 0.856679 0.196068
0.431472 0.079326 1.965203 0.471202 -0.074888 0.856703 0.196011
0.431649 0.079147 1.965275 0.471155 -0.075028 0.856737 0.195923
0.431838 0.078963 1.965347 0.471103 -0.075176 0.856778 0.195814
0.432035 0.078773 1.965417 0.471047 -0.075321 0.856822 0.195699
0.432238 0.078580 1.965483 0.470987 -0.075455 0.856868 0.195587
0.432444 0.078383 1.965546 0.470926 -0.075575 0.856916 0.195482
0.432653 0.078183 1.965606 0.470862 -0.075681 0.856963 0.195386
0.432863 0.077981 1.965662 0.470797 -0.075772 0.857010 0.195300
0.433074 0.077777 1.965715 0.470730 -0.075850 0.857058 0.195223
0.433284 0.077572 1.965765 0.470663 -0.075919 0.857104 0.195155
0.433494 0.077364 1.965812 0.470596 -0.075979 0.857150 0.195093
0.433702 0.077155 1.965857 0.470528 -0.076033 0.857195 0.195038
0.433908 0.076946 1.965900 0.470460 -0.076082 0.857239 0.194988
0.434119 0.076734 1.965938 0.470405 -0.076118 0.857270 0.194968
0.434334 0.076521 1.965971 0.470361 -0.076151 0.857293 0.194964
0.434550 0.076305 1.965999 0.470324 -0.076182 0.857308 0.194974
0.434767 0.076086 1.966022 0.470294 -0.076215 0.857317 0.194993
0.434984 0.075866 1.966042 0.470271 -0.076249 0.857320 0.195022
0.435197 0.075655 1.966058 0.470241 -0.076256 0.857332 0.195039
0.435407 0.075452 1.966071 0.470208 -0.076244 0.857347 0.195055
0.435613 0.075254 1.966081 0.470174 -0.076221 0.857364 0.195072
0.435816 0.075061 1.966090 0.470142 -0.076194 0.857380 0.195091
0.436017 0.074870 1.966097 0.470112 -0.076165 0.857394 0.195114
0.436219 0.074673 1.966102 0.470095 -0.076159 0.857394 0.195156
0.436420 0.074472 1.966105 0.470086 -0.076171 0.857386 0.195207
0.436615 0.074261 1.966111 0.470074 -0.076216 0.857378 0.195256
0.436799 0.074051 1.966120 0.470050 -0.076280 0.857382 0.195268
0.436975 0.073841 1.966130 0.470021 -0.076358 0.857393 0.195264
0.437144 0.073632 1.966142 0.469989 -0.076445 0.857405 0.195252
0.437309 0.073424 1.966155 0.469956 -0.076538 0.857418 0.195237
0.437470 0.073217 1.966170 0.469922 -0.076635 0.857432 0.195221
0.437626 0.073012 1.966185 0.469889 -0.076734 0.857444 0.195207
0.437780 0.072809 1.966202 0.469856 -0.076834 0.857456 0.195195
0.437929 0.072607 1.966219 0.469824 -0.076933 0.857467 0.195186
0.438076 0.072408 1.966237 0.469792 -0.077032 0.857477 0.195180
0.438220 0.072211 1.966255 0.469761 -0.077129 0.857486 0.195177
0.438361 0.072016 1.966273 0.469731 -0.077224 0.857494 0.195176
0.438498 0.071824 1.966292 0.469700 -0.077319 0.857502 0.195175
0.438631 0.071634 1.966312 0.469669 -0.077413 0.857511 0.195175
0.438761 0.071447 1.966333 0.469637 -0.077505 0.857520 0.195175
0.438917 0.071251 1.966364 0.469596 -0.077610 0.857545 0.195124
0.439090 0.071043 1.966400 0.469551 -0.077717 0.857576 0.195052
0.439276 0.070822 1.966435 0.469506 -0.077813 0.857606 0.194988
0.439469 0.070589 1.966469 0.469462 -0.077899 0.857635 0.194937
0.439668 0.070344 1.966501 0.469417 -0.077978 0.857660 0.194900
0.439869 0.070087 1.966531 0.469373 -0.078052 0.857683 0.194875
0.440071 0.069819 1.966559 0.469329 -0.078125 0.857703 0.194862
0.440274 0.069540 1.966585 0.469286 -0.078200 0.857721 0.194859
0.440476 0.069252 1.966610 0.469244 -0.078278 0.857735 0.194866
0.440688 0.068946 1.966631 0.469223 -0.078373 0.857726 0.194918
0.440903 0.068642 1.966645 0.469208 -0.078438 0.857716 0.194976
0.441121 0.068338 1.966653 0.469198 -0.078484 0.857701 0.195047
0.441340 0.068032 1.966657 0.469194 -0.078524 0.857680 0.195130
0.441566 0.067710 1.966655 0.469211 -0.078592 0.857638 0.195246
0.441792 0.067373 1.966651 0.469240 -0.078697 0.857583 0.195377
0.442016 0.067039 1.966643 0.469265 -0.078782 0.857533 0.195500
0.442238 0.066707 1.966632 0.469289 -0.078855 0.857485 0.195625
0.442449 0.066368 1.966624 0.469303 -0.078957 0.857443 0.195733
0.442652 0.066024 1.966620 0.469308 -0.079080 0.857407 0.195830
0.442843 0.065673 1.966620 0.469302 -0.079227 0.857377 0.195916
0.443025 0.065316 1.966625 0.469288 -0.079391 0.857352 0.195993
0.443200 0.064957 1.966634 0.469267 -0.079569 0.857331 0.196064
0.443367 0.064595 1.966647 0.469240 -0.079755 0.857313 0.196130
0.443529 0.064232 1.966662 0.469210 -0.079947 0.857297 0.196194
0.443686 0.063869 1.966681 0.469177 -0.080143 0.857282 0.196258
0.443838 0.063506 1.966702 0.469142 -0.080340 0.857268 0.196323
0.443987 0.063144 1.966724 0.469107 -0.080537 0.857253 0.196390
0.444132 0.062783 1.966749 0.469071 -0.080733 0.857239 0.196459
0.444286 0.062414 1.966771 0.469062 -0.080946 0.857197 0.196577
0.444434 0.062051 1.966794 0.469047 -0.081149 0.857163 0.196677
0.444579 0.061694 1.966817 0.469028 -0.081343 0.857134 0.196769
0.444721 0.061341 1.966839 0.469007 -0.081531 0.857107 0.196858
0.444859 0.060993 1.966861 0.468986 -0.081712 0.857081 0.196946
0.444995 0.060649 1.966883 0.468963 -0.081888 0.857056 0.197034
0.445128 0.060310 1.966904 0.468941 -0.082060 0.857032 0.197121
0.445259 0.059975 1.966926 0.468918 -0.082229 0.857008 0.197209
0.445387 0.059644 1.966947 0.468895 -0.082394 0.856984 0.197298
0.445513 0.059317 1.966969 0.468873 -0.082557 0.856960 0.197387
0.445637 0.058995 1.966990 0.468851 -0.082717 0.856937 0.197475
0.445758 0.058677 1.967011 0.468829 -0.082875 0.856913 0.197564
0.445902 0.058354 1.967037 0.468802 -0.083001 0.856892 0.197664
0.446063 0.058023 1.967064 0.468775 -0.083101 0.856869 0.197786
0.446235 0.057684 1.967089 0.468752 -0.083182 0.856841 0.197928
0.446415 0.057337 1.967109 0.468732 -0.083247 0.856808 0.198090
0.446600 0.056980 1.967126 0.468716 -0.083302 0.856770 0.198270
0.446789 0.056616 1.967138 0.468704 -0.083351 0.856727 0.198464
0.446980 0.056244 1.967147 0.468694 -0.083395 0.856680 0.198670
0.447171 0.055864 1.967152 0.468686 -0.083439 0.856631 0.198885
0.447361 0.055479 1.967155 0.468679 -0.083484 0.856579 0.199107
0.447551 0.055087 1.967157 0.468673 -0.083533 0.856524 0.199334
0.447754 0.054678 1.967150 0.468703 -0.083612 0.856435 0.199614
0.447966 0.054274 1.967132 0.468752 -0.083665 0.856334 0.199910
0.448184 0.053870 1.967106 0.468816 -0.083703 0.856222 0.200221
0.448410 0.053456 1.967071 0.468904 -0.083766 0.856088 0.200562
0.448640 0.053034 1.967030 0.469007 -0.083847 0.855940 0.200920
0.448870 0.052616 1.966982 0.469110 -0.083911 0.855795 0.201270
0.449097 0.052204 1.966931 0.469210 -0.083962 0.855655 0.201611
0.449310 0.051788 1.966888 0.469285 -0.084049 0.855534 0.201913
0.449509 0.051368 1.966852 0.469340 -0.084161 0.855428 0.202188
0.449699 0.050947 1.966823 0.469380 -0.084288 0.855334 0.202441
0.449879 0.050526 1.966799 0.469407 -0.084427 0.855249 0.202678
0.450050 0.050105 1.966781 0.469424 -0.084574 0.855172 0.202903
0.450215 0.049685 1.966767 0.469433 -0.084726 0.855101 0.203118
0.450372 0.049265 1.966757 0.469434 -0.084886 0.855034 0.203328
0.450520 0.048847 1.966752 0.469429 -0.085049 0.854972 0.203533
0.450663 0.048430 1.966749 0.469420 -0.085214 0.854912 0.203736
0.450800 0.048017 1.966750 0.469407 -0.085378 0.854855 0.203938
0.450932 0.047606 1.966753 0.469392 -0.085541 0.854799 0.204139
0.451061 0.047198 1.966759 0.469375 -0.085703 0.854744 0.204339
0.451186 0.046795 1.966765 0.469358 -0.085862 0.854690 0.204538
0.451307 0.046396 1.966774 0.469340 -0.086018 0.854636 0.204737
0.451426 0.046001 1.966783 0.469323 -0.086171 0.854583 0.204936
0.451543 0.045611 1.966793 0.469306 -0.086322 0.854530 0.205134
0.451657 0.045225 1.966803 0.469289 -0.086470 0.854476 0.205332
0.451769 0.044845 1.966814 0.469273 -0.086616 0.854423 0.205529
0.451879 0.044469 1.966826 0.469258 -0.086759 0.854369 0.205725
0.451987 0.044099 1.966837 0.469244 -0.086900 0.854316 0.205919
0.452093 0.043733 1.966848 0.469231 -0.087039 0.854262 0.206113
0.452198 0.043373 1.966859 0.469220 -0.087175 0.854208 0.206305
0.452301 0.043018 1.966870 0.469208 -0.087310 0.854155 0.206495
0.452425 0.042661 1.966893 0.469174 -0.087461 0.854141 0.206566
0.452566 0.042297 1.966918 0.469136 -0.087613 0.854139 0.206597
0.452718 0.041926 1.966944 0.469102 -0.087761 0.854136 0.206624
0.452878 0.041546 1.966968 0.469074 -0.087903 0.854128 0.206658
0.453044 0.041158 1.966991 0.469051 -0.088042 0.854115 0.206706
0.453212 0.040763 1.967011 0.469034 -0.088180 0.854095 0.206766
0.453383 0.040360 1.967028 0.469022 -0.088317 0.854070 0.206839
0.453554 0.039951 1.967044 0.469013 -0.088456 0.854040 0.206923
0.453724 0.039535 1.967057 0.469008 -0.088598 0.854006 0.207018
0.453895 0.039115 1.967069 0.469005 -0.088744 0.853967 0.207121
0.454064 0.038689 1.967080 0.469004 -0.088894 0.853925 0.207231
0.454231 0.038260 1.967089 0.469005 -0.089049 0.853880 0.207349
0.454413 0.037810 1.967091 0.469049 -0.089250 0.853793 0.207522
0.454605 0.037369 1.967081 0.469117 -0.089416 0.853690 0.207721
0.454804 0.036932 1.967060 0.469203 -0.089560 0.853574 0.207940
0.454993 0.036492 1.967043 0.469270 -0.089722 0.853472 0.208136
0.455172 0.036050 1.967028 0.469322 -0.089895 0.853382 0.208315
0.455360 0.035592 1.967009 0.469403 -0.090116 0.853261 0.208531
0.455537 0.035139 1.966993 0.469466 -0.090329 0.853157 0.208724
0.455724 0.034695 1.966967 0.469552 -0.090505 0.853035 0.208950
0.455899 0.034253 1.966945 0.469619 -0.090689 0.852930 0.209151
0.456066 0.033813 1.966928 0.469671 -0.090878 0.852836 0.209335
0.456224 0.033375 1.966914 0.469711 -0.091070 0.852751 0.209507
0.456376 0.032941 1.966903 0.469742 -0.091263 0.852673 0.209670
0.456523 0.032510 1.966896 0.469767 -0.091456 0.852600 0.209828
0.456664 0.032083 1.966891 0.469788 -0.091648 0.852530 0.209982
0.456801 0.031659 1.966888 0.469805 -0.091840 0.852463 0.210133
0.456934 0.031240 1.966886 0.469819 -0.092031 0.852398 0.210281
0.457079 0.030808 1.966879 0.469873 -0.092272 0.852297 0.210466
0.457218 0.030385 1.966872 0.469916 -0.092496 0.852206 0.210639
0.457352 0.029970 1.966867 0.469953 -0.092706 0.852122 0.210804
0.457498 0.029566 1.966851 0.470022 -0.092880 0.852012 0.211018
0.457636 0.029167 1.966838 0.470077 -0.093058 0.851914 0.211210
0.457766 0.028773 1.966828 0.470118 -0.093242 0.851829 0.211381
0.457889 0.028384 1.966822 0.470149 -0.093431 0.851754 0.211533
0.458006 0.028001 1.966818 0.470171 -0.093623 0.851686 0.211671
0.458118 0.027622 1.966817 0.470187 -0.093818 0.851625 0.211797
0.458225 0.027249 1.966818 0.470197 -0.094014 0.851568 0.211915
0.458329 0.026880 1.966821 0.470204 -0.094211 0.851515 0.212025
0.458431 0.026515 1.966825 0.470211 -0.094424 0.851464 0.212122
0.458555 0.026138 1.966837 0.470222 -0.094602 0.851411 0.212229
0.458693 0.025748 1.966851 0.470237 -0.094750 0.851356 0.212349
0.458839 0.025344 1.966866 0.470252 -0.094877 0.851300 0.212484
0.458988 0.024926 1.966880 0.470267 -0.094995 0.851243 0.212626
0.459138 0.024495 1.966895 0.470280 -0.095112 0.851185 0.212777
0.459288 0.024051 1.966909 0.470293 -0.095231 0.851125 0.212937
0.459437 0.023594 1.966922 0.470306 -0.095357 0.851062 0.213104
0.459586 0.023126 1.966936 0.470318 -0.095491 0.850996 0.213278
0.459732 0.022647 1.966950 0.470331 -0.095634 0.850928 0.213459
0.459878 0.022158 1.966962 0.470345 -0.095784 0.850855 0.213651
0.460039 0.021646 1.966967 0.470404 -0.095972 0.850735 0.213916
0.460208 0.021138 1.966962 0.470482 -0.096115 0.850600 0.214215
0.460382 0.020632 1.966948 0.470573 -0.096235 0.850456 0.214534
0.460559 0.020125 1.966928 0.470673 -0.096346 0.850303 0.214868
0.460720 0.019607 1.966913 0.470752 -0.096498 0.850165 0.215174
0.460867 0.019079 1.966905 0.470812 -0.096683 0.850037 0.215467
0.461001 0.018543 1.966902 0.470856 -0.096893 0.849917 0.215749
0.461123 0.018000 1.966904 0.470887 -0.097123 0.849804 0.216022
0.461235 0.017451 1.966912 0.470908 -0.097368 0.849697 0.216287
0.461337 0.016899 1.966924 0.470919 -0.097626 0.849595 0.216546
0.461431 0.016344 1.966940 0.470923 -0.097896 0.849498 0.216798
0.461517 0.015789 1.966958 0.470919 -0.098165 0.849407 0.217043
0.461597 0.015235 1.966979 0.470910 -0.098434 0.849320 0.217279
0.461671 0.014682 1.967000 0.470895 -0.098702 0.849238 0.217510
0.461740 0.014132 1.967023 0.470876 -0.098969 0.849160 0.217735
0.461804 0.013584 1.967048 0.470854 -0.099236 0.849084 0.217957
0.461864 0.013038 1.967073 0.470829 -0.099504 0.849010 0.218175
0.461921 0.012496 1.967099 0.470803 -0.099771 0.848938 0.218391
0.461974 0.011957 1.967126 0.470775 -0.100039 0.848867 0.218604
0.462025 0.011421 1.967154 0.470746 -0.100308 0.848797 0.218817
0.462074 0.010889 1.967183 0.470717 -0.100576 0.848727 0.219028
0.462120 0.010362 1.967212 0.470687 -0.100845 0.848657 0.219238
0.462164 0.009839 1.967242 0.470657 -0.101113 0.848588 0.219446
0.462207 0.009321 1.967272 0.470628 -0.101381 0.848518 0.219654
0.462248 0.008808 1.967303 0.470598 -0.101648 0.848449 0.219860
0.462287 0.008300 1.967335 0.470570 -0.101917 0.848380 0.220066
0.462325 0.007796 1.967367 0.470542 -0.102189 0.848309 0.220270
0.462362 0.007298 1.967400 0.470516 -0.102461 0.848238 0.220473
0.462398 0.006804 1.967433 0.470490 -0.102733 0.848167 0.220674
0.462432 0.006317 1.967467 0.470465 -0.103005 0.848096 0.220874
0.462471 0.005810 1.967509 0.470430 -0.103268 0.848032 0.221071
0.462516 0.005284 1.967555 0.470390 -0.103531 0.847973 0.221262
0.462564 0.004742 1.967605 0.470345 -0.103798 0.847917 0.221447
0.462617 0.004184 1.967656 0.470298 -0.104072 0.847862 0.221628
0.462673 0.003614 1.967707 0.470247 -0.104349 0.847811 0.221801
0.462731 0.003032 1.967758 0.470195 -0.104630 0.847760 0.221973
0.462792 0.002440 1.967808 0.470144 -0.104916 0.847708 0.222147
0.462854 0.001840 1.967857 0.470093 -0.105206 0.847653 0.222327
0.462916 0.001231 1.967906 0.470043 -0.105502 0.847595 0.222512
0.462979 0.000616 1.967955 0.469994 -0.105803 0.847535 0.222702
0.463042 -0.000004 1.968003 0.469945 -0.106109 0.847472 0.222897
0.463104 -0.000629 1.968051 0.469897 -0.106420 0.847408 0.223096
0.463166 -0.001257 1.968099 0.469850 -0.106735 0.847341 0.223298
0.463227 -0.001887 1.968146 0.469803 -0.107055 0.847272 0.223504
0.463286 -0.002519 1.968193 0.469757 -0.107378 0.847202 0.223713
0.463344 -0.003153 1.968241 0.469711 -0.107712 0.847131 0.223919
0.463400 -0.003787 1.968289 0.469664 -0.108055 0.847058 0.224124
0.463455 -0.004422 1.968337 0.469619 -0.108403 0.846985 0.224329
0.463509 -0.005055 1.968385 0.469574 -0.108756 0.846910 0.224535
0.463561 -0.005687 1.968433 0.469530 -0.109112 0.846834 0.224741
0.463612 -0.006316 1.968481 0.469487 -0.109471 0.846757 0.224947
0.463662 -0.006942 1.968529 0.469445 -0.109831 0.846678 0.225154
0.463711 -0.007567 1.968578 0.469407 -0.110201 0.846595 0.225367
0.463758 -0.008190 1.968628 0.469372 -0.110579 0.846507 0.225585
0.463804 -0.008806 1.968675 0.469337 -0.110943 0.846420 0.225803
0.463850 -0.009415 1.968721 0.469303 -0.111294 0.846335 0.226022
0.463895 -0.010017 1.968766 0.469269 -0.111635 0.846250 0.226241
0.463938 -0.010612 1.968809 0.469236 -0.111969 0.846166 0.226459
0.463981 -0.011199 1.968852 0.469203 -0.112295 0.846083 0.226676
0.464023 -0.011779 1.968893 0.469171 -0.112616 0.846000 0.226891
0.464064 -0.012351 1.968934 0.469139 -0.112933 0.845918 0.227105
0.464104 -0.012916 1.968974 0.469108 -0.113245 0.845837 0.227317
0.464144 -0.013473 1.969014 0.469077 -0.113552 0.845757 0.227526
0.464182 -0.014022 1.969053 0.469047 -0.113857 0.845677 0.227734
0.464220 -0.014564 1.969093 0.469019 -0.114159 0.845595 0.227944
0.464257 -0.015098 1.969132 0.468993 -0.114458 0.845512 0.228154
0.464293 -0.015625 1.969171 0.468969 -0.114755 0.845429 0.228364
0.464329 -0.016144 1.969209 0.468945 -0.115049 0.845345 0.228572
0.464363 -0.016656 1.969248 0.468923 -0.115341 0.845262 0.228778
0.464398 -0.017159 1.969286 0.468902 -0.115628 0.845179 0.228982
0.464439 -0.017692 1.969329 0.468860 -0.115929 0.845104 0.229193
0.464489 -0.018251 1.969376 0.468808 -0.116244 0.845030 0.229412
0.464546 -0.018834 1.969423 0.468751 -0.116572 0.844954 0.229642
0.464608 -0.019439 1.969471 0.468692 -0.116911 0.844874 0.229885
0.464675 -0.020062 1.969518 0.468633 -0.117258 0.844790 0.230138
0.464745 -0.020702 1.969564 0.468573 -0.117611 0.844702 0.230404
0.464816 -0.021356 1.969610 0.468515 -0.117970 0.844608 0.230680
0.464889 -0.022022 1.969656 0.468459 -0.118334 0.844511 0.230965
0.464962 -0.022698 1.969700 0.468404 -0.118702 0.844409 0.231260
0.465035 -0.023383 1.969744 0.468351 -0.119075 0.844303 0.231562
0.465108 -0.024075 1.969786 0.468299 -0.119451 0.844194 0.231871
0.465180 -0.024773 1.969828 0.468250 -0.119830 0.844081 0.232185
0.465251 -0.025474 1.969870 0.468202 -0.120212 0.843966 0.232504
0.465320 -0.026179 1.969911 0.468155 -0.120597 0.843847 0.232828
0.465389 -0.026886 1.969951 0.468111 -0.120983 0.843727 0.233154
0.465455 -0.027594 1.969991 0.468068 -0.121372 0.843604 0.233483
0.465521 -0.028301 1.970030 0.468026 -0.121762 0.843479 0.233813
0.465585 -0.029008 1.970068 0.467986 -0.122153 0.843353 0.234145
0.465647 -0.029712 1.970106 0.467947 -0.122544 0.843225 0.234477
0.465708 -0.030414 1.970143 0.467910 -0.122936 0.843096 0.234810
0.465767 -0.031113 1.970180 0.467874 -0.123327 0.842966 0.235142
0.465825 -0.031808 1.970217 0.467840 -0.123718 0.842836 0.235474
0.465882 -0.032498 1.970253 0.467806 -0.124107 0.842704 0.235804
0.465937 -0.033182 1.970288 0.467775 -0.124495 0.842573 0.236134
0.465990 -0.033861 1.970323 0.467744 -0.124881 0.842440 0.236462
0.466043 -0.034534 1.970358 0.467715 -0.125265 0.842308 0.236788
0.466094 -0.035201 1.970392 0.467687 -0.125646 0.842176 0.237112
0.466144 -0.035860 1.970425 0.467661 -0.126024 0.842043 0.237434
0.466193 -0.036512 1.970458 0.467635 -0.126400 0.841911 0.237753
0.466240 -0.037156 1.970491 0.467611 -0.126771 0.841779 0.238070
0.466287 -0.037793 1.970523 0.467588 -0.127139 0.841647 0.238384
0.466333 -0.038421 1.970554 0.467567 -0.127503 0.841516 0.238694
0.466377 -0.039041 1.970585 0.467546 -0.127864 0.841385 0.239002
0.466421 -0.039652 1.970615 0.467527 -0.128219 0.841255 0.239306
0.466464 -0.040255 1.970645 0.467509 -0.128571 0.841126 0.239607
0.466507 -0.040848 1.970674 0.467492 -0.128917 0.840998 0.239905
0.466548 -0.041433 1.970703 0.467476 -0.129260 0.840870 0.240199
0.466589 -0.042009 1.970731 0.467462 -0.129597 0.840743 0.240489
0.466629 -0.042575 1.970758 0.467448 -0.129930 0.840618 0.240775
0.466668 -0.043133 1.970785 0.467435 -0.130257 0.840493 0.241058
0.466718 -0.043714 1.970817 0.467406 -0.130604 0.840385 0.241303
0.466775 -0.044315 1.970851 0.467367 -0.130959 0.840286 0.241532
0.466839 -0.044934 1.970886 0.467324 -0.131315 0.840189 0.241759
0.466907 -0.045565 1.970922 0.467279 -0.131668 0.840092 0.241989
0.466979 -0.046208 1.970957 0.467234 -0.132017 0.839995 0.242225
0.467054 -0.046861 1.970992 0.467191 -0.132362 0.839894 0.242468
0.467130 -0.047520 1.971026 0.467148 -0.132704 0.839792 0.242719
0.467207 -0.048186 1.971059 0.467108 -0.133043 0.839686 0.242977
0.467285 -0.048856 1.971092 0.467069 -0.133379 0.839578 0.243241
0.467362 -0.049528 1.971123 0.467032 -0.133714 0.839467 0.243510
0.467438 -0.050203 1.971153 0.466997 -0.134048 0.839353 0.243784
0.467514 -0.050879 1.971183 0.466964 -0.134380 0.839238 0.244061
0.467589 -0.051554 1.971212 0.466933 -0.134711 0.839121 0.244342
0.467662 -0.052228 1.971240 0.466903 -0.135042 0.839002 0.244624
0.467734 -0.052901 1.971267 0.466875 -0.135372 0.838882 0.244909
0.467805 -0.053570 1.971293 0.466848 -0.135701 0.838760 0.245194
0.467874 -0.054236 1.971319 0.466823 -0.136029 0.838637 0.245479
0.467942 -0.054898 1.971344 0.466799 -0.136356 0.838514 0.245765
0.468009 -0.055556 1.971369 0.466776 -0.136681 0.838390 0.246050
0.468074 -0.056208 1.971393 0.466755 -0.137005 0.838266 0.246334
0.468137 -0.056855 1.971416 0.466734 -0.137327 0.838141 0.246618
0.468199 -0.057495 1.971439 0.466716 -0.137647 0.838016 0.246899
0.468260 -0.058129 1.971461 0.466698 -0.137965 0.837891 0.247179
0.468319 -0.058756 1.971483 0.466681 -0.138280 0.837766 0.247457
0.468378 -0.059375 1.971504 0.466666 -0.138593 0.837642 0.247733
0.468434 -0.059988 1.971524 0.466651 -0.138903 0.837517 0.248007
0.468490 -0.060592 1.971544 0.466638 -0.139209 0.837394 0.248278
0.468545 -0.061189 1.971564 0.466626 -0.139513 0.837270 0.248547
0.468598 -0.061777 1.971583 0.466614 -0.139813 0.837147 0.248812
0.468651 -0.062357 1.971602 0.466604 -0.140110 0.837025 0.249075
0.468702 -0.062928 1.971620 0.466595 -0.140403 0.836904 0.249335
0.468753 -0.063491 1.971638 0.466586 -0.140692 0.836784 0.249592
0.468803 -0.064046 1.971655 0.466579 -0.140978 0.836664 0.249846
0.468852 -0.064591 1.971672 0.466572 -0.141259 0.836545 0.250097
0.468900 -0.065128 1.971689 0.466567 -0.141537 0.836427 0.250344
0.468947 -0.065655 1.971705 0.466562 -0.141810 0.836310 0.250589
0.468993 -0.066174 1.971720 0.466559 -0.142079 0.836194 0.250829
0.469039 -0.066684 1.971735 0.466556 -0.142344 0.836080 0.251067
0.469084 -0.067185 1.971750 0.466554 -0.142605 0.835966 0.251301
0.469129 -0.067678 1.971764 0.466553 -0.142862 0.835853 0.251532
0.469181 -0.068201 1.971790 0.466542 -0.143130 0.835746 0.251757
0.469239 -0.068752 1.971824 0.466527 -0.143400 0.835639 0.251985
0.469303 -0.069325 1.971863 0.466512 -0.143670 0.835529 0.252224
0.469370 -0.069917 1.971905 0.466499 -0.143937 0.835414 0.252476
0.469441 -0.070524 1.971950 0.466489 -0.144201 0.835294 0.252740
0.469513 -0.071145 1.971995 0.466483 -0.144462 0.835169 0.253016
0.469587 -0.071777 1.972041 0.466480 -0.144722 0.835039 0.253303
0.469661 -0.072418 1.972087 0.466480 -0.144980 0.834904 0.253600
0.469736 -0.073066 1.972133 0.466483 -0.145237 0.834765 0.253904
0.469810 -0.073719 1.972178 0.466490 -0.145495 0.834622 0.254216
0.469883 -0.074376 1.972222 0.466498 -0.145753 0.834475 0.254533
0.469956 -0.075035 1.972265 0.466510 -0.146012 0.834325 0.254853
0.470028 -0.075696 1.972308 0.466523 -0.146273 0.834173 0.255177
0.470099 -0.076358 1.972349 0.466538 -0.146534 0.834019 0.255503
0.470168 -0.077018 1.972389 0.466554 -0.146797 0.833864 0.255830
0.470236 -0.077682 1.972430 0.466574 -0.147085 0.833700 0.256160
0.470303 -0.078347 1.972472 0.466598 -0.147391 0.833531 0.256492
0.470368 -0.079013 1.972513 0.466625 -0.147712 0.833357 0.256824
0.470432 -0.079674 1.972552 0.466652 -0.148018 0.833185 0.257156
0.470495 -0.080327 1.972589 0.466680 -0.148312 0.833015 0.257487
0.470556 -0.080974 1.972624 0.466708 -0.148596 0.832846 0.257817
0.470616 -0.081614 1.972657 0.466736 -0.148873 0.832680 0.258145
0.470675 -0.082246 1.972690 0.466764 -0.149143 0.832515 0.258470
0.470733 -0.082871 1.972721 0.466793 -0.149407 0.832351 0.258792
0.470789 -0.083487 1.972751 0.466821 -0.149668 0.832190 0.259111
0.470844 -0.084096 1.972780 0.466849 -0.149925 0.832029 0.259426
0.470898 -0.084697 1.972809 0.466877 -0.150178 0.831870 0.259738
0.470951 -0.085289 1.972836 0.466905 -0.150429 0.831713 0.260046
0.471003 -0.085873 1.972864 0.466934 -0.150677 0.831558 0.260349
0.471054 -0.086448 1.972890 0.466962 -0.150922 0.831403 0.260648
0.471104 -0.087015 1.972916 0.466990 -0.151165 0.831251 0.260943
0.471152 -0.087573 1.972942 0.467019 -0.151405 0.831100 0.261234
0.471200 -0.088122 1.972967 0.467047 -0.151643 0.830950 0.261520
0.471247 -0.088662 1.972991 0.467076 -0.151878 0.830803 0.261802
0.471294 -0.089193 1.973015 0.467104 -0.152110 0.830656 0.262080
0.471339 -0.089716 1.973038 0.467133 -0.152340 0.830512 0.262353
0.471384 -0.090229 1.973061 0.467162 -0.152567 0.830369 0.262622
0.471427 -0.090734 1.973083 0.467191 -0.152791 0.830228 0.262886
0.471470 -0.091235 1.973107 0.467223 -0.153038 0.830082 0.263148
0.471513 -0.091726 1.973130 0.467254 -0.153276 0.829938 0.263405
0.471561 -0.092251 1.973166 0.467254 -0.153564 0.829805 0.263658
0.471615 -0.092805 1.973209 0.467237 -0.153888 0.829674 0.263912
0.471675 -0.093386 1.973258 0.467212 -0.154255 0.829538 0.264169
0.471740 -0.093985 1.973307 0.467184 -0.154628 0.829399 0.264435
0.471809 -0.094600 1.973355 0.467157 -0.155004 0.829257 0.264710
0.471880 -0.095226 1.973402 0.467131 -0.155379 0.829110 0.264995
0.471953 -0.095861 1.973448 0.467107 -0.155751 0.828960 0.265288
0.472027 -0.096502 1.973493 0.467086 -0.156119 0.828806 0.265589
0.472101 -0.097148 1.973536 0.467068 -0.156484 0.828649 0.265896
0.472175 -0.097797 1.973577 0.467052 -0.156844 0.828490 0.266208
0.472248 -0.098447 1.973616 0.467039 -0.157200 0.828328 0.266525
0.472321 -0.099098 1.973654 0.467028 -0.157552 0.828164 0.266845
0.472392 -0.099747 1.973691 0.467019 -0.157900 0.827999 0.267168
0.472463 -0.100395 1.973726 0.467012 -0.158244 0.827832 0.267492
0.472532 -0.101039 1.973760 0.467007 -0.158584 0.827665 0.267818
0.472600 -0.101680 1.973792 0.467004 -0.158922 0.827497 0.268143
0.472666 -0.102314 1.973823 0.467001 -0.159247 0.827330 0.268468
0.472730 -0.102943 1.973852 0.466999 -0.159563 0.827165 0.268793
0.472793 -0.103565 1.973879 0.466997 -0.159870 0.827001 0.269117
0.472854 -0.104181 1.973907 0.466996 -0.160177 0.826838 0.269439
0.472914 -0.104789 1.973933 0.466996 -0.160476 0.826675 0.269759
0.472973 -0.105391 1.973958 0.466997 -0.160775 0.826513 0.270076
0.473030 -0.105986 1.973983 0.466999 -0.161067 0.826353 0.270391
0.473085 -0.106576 1.974008 0.467000 -0.161372 0.826190 0.270701
0.473139 -0.107158 1.974033 0.467004 -0.161674 0.826028 0.271010
0.473192 -0.107732 1.974057 0.467010 -0.161971 0.825866 0.271316
0.473244 -0.108297 1.974079 0.467016 -0.162257 0.825707 0.271619
0.473295 -0.108852 1.974101 0.467022 -0.162531 0.825551 0.271919
0.473345 -0.109398 1.974121 0.467029 -0.162796 0.825397 0.272216
0.473394 -0.109934 1.974141 0.467036 -0.163054 0.825245 0.272510
0.473443 -0.110462 1.974161 0.467044 -0.163312 0.825093 0.272799
0.473490 -0.110980 1.974179 0.467053 -0.163563 0.824944 0.273084
0.473537 -0.111490 1.974198 0.467062 -0.163807 0.824798 0.273366
0.473583 -0.111989 1.974215 0.467071 -0.164045 0.824654 0.273643
0.473628 -0.112479 1.974232 0.467080 -0.164277 0.824512 0.273916
0.473672 -0.112961 1.974249 0.467089 -0.164503 0.824372 0.274185
0.473715 -0.113433 1.974265 0.467099 -0.164725 0.824234 0.274450
0.473758 -0.113896 1.974281 0.467109 -0.164942 0.824098 0.274710
0.473800 -0.114350 1.974296 0.467119 -0.165154 0.823964 0.274966
0.473842 -0.114795 1.974311 0.467130 -0.165363 0.823832 0.275218
0.473895 -0.115278 1.974337 0.467125 -0.165607 0.823698 0.275482
0.473956 -0.115792 1.974371 0.467113 -0.165871 0.823559 0.275757
0.474024 -0.116331 1.974412 0.467097 -0.166156 0.823418 0.276035
0.474097 -0.116890 1.974456 0.467080 -0.166452 0.823272 0.276321
0.474173 -0.117469 1.974504 0.467066 -0.166770 0.823116 0.276616
0.474251 -0.118063 1.974553 0.467058 -0.167102 0.822951 0.276922
0.474331 -0.118670 1.974602 0.467054 -0.167442 0.822777 0.277239
0.474412 -0.119286 1.974651 0.467057 -0.167787 0.822596 0.277564
0.474493 -0.119904 1.974697 0.467063 -0.168114 0.822414 0.277895
0.474574 -0.120524 1.974740 0.467072 -0.168426 0.822231 0.278231
0.474654 -0.121144 1.974781 0.467084 -0.168724 0.822048 0.278571
0.474734 -0.121762 1.974820 0.467099 -0.169012 0.821864 0.278914
0.474812 -0.122378 1.974856 0.467115 -0.169291 0.821680 0.279258
0.474889 -0.122990 1.974891 0.467133 -0.169563 0.821497 0.279602
0.474965 -0.123599 1.974924 0.467153 -0.169829 0.821314 0.279946
0.475040 -0.124203 1.974956 0.467174 -0.170090 0.821131 0.280289
0.475113 -0.124801 1.974985 0.467194 -0.170338 0.820952 0.280629
0.475183 -0.125393 1.975013 0.467214 -0.170577 0.820775 0.280967
0.475252 -0.125977 1.975039 0.467233 -0.170807 0.820602 0.281302
0.475319 -0.126553 1.975064 0.467252 -0.171030 0.820431 0.281633
0.475385 -0.127122 1.975088 0.467271 -0.171246 0.820262 0.281961
0.475448 -0.127683 1.975111 0.467290 -0.171457 0.820096 0.282285
0.475511 -0.128237 1.975134 0.467308 -0.171664 0.819932 0.282605
0.475571 -0.128782 1.975156 0.467326 -0.171866 0.819771 0.282921
0.475630 -0.129319 1.975177 0.467344 -0.172065 0.819611 0.283233
0.475688 -0.129848 1.975198 0.467362 -0.172260 0.819454 0.283540
0.475744 -0.130372 1.975220 0.467379 -0.172474 0.819295 0.283841
0.475798 -0.130888 1.975241 0.467397 -0.172679 0.819138 0.284139
0.475852 -0.131395 1.975261 0.467416 -0.172876 0.818983 0.284433
0.475905 -0.131893 1.975281 0.467436 -0.173068 0.818831 0.284724
0.475957 -0.132382 1.975300 0.467455 -0.173254 0.818680 0.285011
0.476008 -0.132862 1.975318 0.467475 -0.173435 0.818532 0.285294
0.476059 -0.133333 1.975336 0.467495 -0.173612 0.818386 0.285572
0.476108 -0.133796 1.975353 0.467516 -0.173785 0.818242 0.285846
0.476157 -0.134250 1.975370 0.467536 -0.173956 0.818100 0.286116
0.476205 -0.134696 1.975387 0.467557 -0.174123 0.817960 0.286381
0.476252 -0.135133 1.975403 0.467577 -0.174287 0.817822 0.286641
0.476299 -0.135562 1.975419 0.467598 -0.174449 0.817685 0.286897
0.476345 -0.135983 1.975435 0.467619 -0.174608 0.817551 0.287149
0.476389 -0.136400 1.975452 0.467639 -0.174784 0.817416 0.287395
0.476444 -0.136863 1.975477 0.467645 -0.175009 0.817280 0.287635
0.476505 -0.137361 1.975508 0.467642 -0.175261 0.817143 0.287876
0.476570 -0.137887 1.975543 0.467635 -0.175525 0.817003 0.288123
0.476638 -0.138435 1.975580 0.467627 -0.175793 0.816860 0.288379
0.476707 -0.139001 1.975618 0.467620 -0.176059 0.816713 0.288644
0.476777 -0.139579 1.975657 0.467616 -0.176320 0.816562 0.288917
0.476848 -0.140170 1.975695 0.467614 -0.176585 0.816407 0.289197
0.476919 -0.140768 1.975734 0.467618 -0.176851 0.816246 0.289483
0.476990 -0.141373 1.975771 0.467626 -0.177115 0.816080 0.289775
0.477061 -0.141982 1.975807 0.467639 -0.177377 0.815910 0.290074
0.477131 -0.142599 1.975843 0.467656 -0.177668 0.815729 0.290376
0.477199 -0.143222 1.975879 0.467678 -0.177976 0.815540 0.290684
0.477267 -0.143849 1.975914 0.467704 -0.178297 0.815343 0.290995
0.477334 -0.144472 1.975944 0.467735 -0.178596 0.815147 0.291311
0.477401 -0.145089 1.975972 0.467769 -0.178876 0.814952 0.291630
0.477466 -0.145701 1.975997 0.467805 -0.179143 0.814759 0.291949
0.477530 -0.146307 1.976020 0.467841 -0.179398 0.814567 0.292268
0.477593 -0.146906 1.976041 0.467879 -0.179644 0.814377 0.292586
0.477655 -0.147498 1.976061 0.467918 -0.179883 0.814189 0.292901
0.477715 -0.148082 1.976078 0.467955 -0.180108 0.814006 0.293213
0.477773 -0.148657 1.976094 0.467992 -0.180321 0.813826 0.293522
0.477829 -0.149224 1.976109 0.468027 -0.180524 0.813651 0.293827
0.477884 -0.149781 1.976123 0.468062 -0.180720 0.813479 0.294127
0.477938 -0.150330 1.976136 0.468096 -0.180908 0.813310 0.294424
0.477990 -0.150870 1.976149 0.468129 -0.181092 0.813144 0.294716
0.478041 -0.151401 1.976161 0.468161 -0.181270 0.812981 0.295004
0.478090 -0.151923 1.976173 0.468193 -0.181445 0.812821 0.295288
0.478138 -0.152436 1.976184 0.468225 -0.181616 0.812663 0.295567
0.478185 -0.152941 1.976195 0.468256 -0.181785 0.812508 0.295842
0.478231 -0.153437 1.976206 0.468287 -0.181950 0.812354 0.296112
0.478277 -0.153925 1.976216 0.468317 -0.182114 0.812203 0.296377
0.478321 -0.154404 1.976227 0.468347 -0.182275 0.812054 0.296639
0.478363 -0.154879 1.976238 0.468376 -0.182460 0.811904 0.296892
0.478405 -0.155346 1.976249 0.468405 -0.182636 0.811755 0.297143
0.478446 -0.155803 1.976259 0.468436 -0.182804 0.811609 0.297391
0.478488 -0.156251 1.976268 0.468467 -0.182966 0.811465 0.297636
0.478528 -0.156691 1.976277 0.468498 -0.183123 0.811322 0.297879
0.478568 -0.157122 1.976285 0.468530 -0.183275 0.811182 0.298117
0.478607 -0.157549 1.976294 0.468560 -0.183447 0.811041 0.298348
0.478645 -0.157967 1.976303 0.468591 -0.183610 0.810901 0.298578
0.478698 -0.158439 1.976321 0.468611 -0.183826 0.810745 0.298837
0.478761 -0.158951 1.976346 0.468626 -0.184070 0.810576 0.299122
0.478828 -0.159496 1.976376 0.468639 -0.184327 0.810397 0.299430
0.478897 -0.160068 1.976410 0.468650 -0.184603 0.810207 0.299756
0.478968 -0.160663 1.976447 0.468664 -0.184889 0.810008 0.300096
0.479039 -0.161273 1.976485 0.468683 -0.185172 0.809801 0.300449
0.479112 -0.161894 1.976522 0.468707 -0.185448 0.809588 0.300814
0.479184 -0.162523 1.976557 0.468738 -0.185719 0.809369 0.301189
0.479256 -0.163159 1.976591 0.468773 -0.185982 0.809146 0.301572
0.479327 -0.163797 1.976623 0.468814 -0.186239 0.808918 0.301961
0.479398 -0.164438 1.976652 0.468858 -0.186489 0.808688 0.302354
0.479465 -0.165087 1.976684 0.468904 -0.186783 0.808448 0.302744
0.479543 -0.165751 1.976706 0.469005 -0.187098 0.808135 0.303226
0.479616 -0.166419 1.976730 0.469092 -0.187446 0.807836 0.303673
0.479684 -0.167087 1.976753 0.469172 -0.187807 0.807545 0.304102
0.479749 -0.167753 1.976775 0.469248 -0.188172 0.807258 0.304518
0.479812 -0.168408 1.976791 0.469323 -0.188492 0.806985 0.304929
0.479873 -0.169050 1.976804 0.469395 -0.188773 0.806724 0.305336
0.479932 -0.169681 1.976814 0.469466 -0.189024 0.806472 0.305737
0.479990 -0.170301 1.976823 0.469535 -0.189259 0.806226 0.306133
0.480047 -0.170911 1.976831 0.469604 -0.189481 0.805986 0.306523
0.480103 -0.171512 1.976838 0.469671 -0.189694 0.805750 0.306907
0.480157 -0.172102 1.976844 0.469737 -0.189900 0.805519 0.307285
0.480210 -0.172682 1.976850 0.469803 -0.190100 0.805292 0.307655
0.480263 -0.173253 1.976855 0.469867 -0.190295 0.805069 0.308020
0.480313 -0.173813 1.976859 0.469929 -0.190479 0.804853 0.308377
0.480362 -0.174362 1.976863 0.469989 -0.190653 0.804642 0.308728
0.480409 -0.174901 1.976865 0.470047 -0.190820 0.804437 0.309072
0.480454 -0.175430 1.976868 0.470103 -0.190980 0.804236 0.309409
0.480498 -0.175948 1.976870 0.470157 -0.191136 0.804040 0.309740
0.480541 -0.176457 1.976872 0.470210 -0.191287 0.803848 0.310065
0.480583 -0.176957 1.976874 0.470261 -0.191436 0.803660 0.310383
0.480624 -0.177447 1.976876 0.470312 -0.191582 0.803475 0.310695
0.480664 -0.177928 1.976878 0.470361 -0.191726 0.803293 0.311002
0.480703 -0.178400 1.976880 0.470410 -0.191868 0.803114 0.311303
0.480741 -0.178864 1.976882 0.470458 -0.192008 0.802937 0.311598
0.480778 -0.179319 1.976884 0.470506 -0.192147 0.802764 0.311889
0.480813 -0.179771 1.976887 0.470549 -0.192316 0.802589 0.312168
0.480846 -0.180221 1.976891 0.470592 -0.192505 0.802413 0.312440
0.480878 -0.180671 1.976896 0.470636 -0.192731 0.802228 0.312708
0.480923 -0.181153 1.976913 0.470670 -0.192980 0.802029 0.313014
0.480976 -0.181658 1.976937 0.470701 -0.193239 0.801819 0.313346
0.481036 -0.182182 1.976964 0.470732 -0.193499 0.801601 0.313698
0.481099 -0.182718 1.976992 0.470765 -0.193753 0.801376 0.314064
0.481165 -0.183263 1.977020 0.470802 -0.193998 0.801146 0.314443
0.481232 -0.183819 1.977049 0.470843 -0.194262 0.800908 0.314827
0.481299 -0.184382 1.977078 0.470887 -0.194536 0.800662 0.315217
0.481366 -0.184950 1.977106 0.470935 -0.194815 0.800410 0.315611
0.481433 -0.185515 1.977129 0.470989 -0.195067 0.800159 0.316011
0.481499 -0.186077 1.977150 0.471047 -0.195298 0.799910 0.316414
0.481565 -0.186633 1.977167 0.471107 -0.195510 0.799663 0.316818
0.481630 -0.187185 1.977182 0.471169 -0.195708 0.799418 0.317221
0.481694 -0.187730 1.977196 0.471233 -0.195894 0.799175 0.317622
0.481756 -0.188270 1.977208 0.471297 -0.196072 0.798935 0.318021
0.481817 -0.188803 1.977218 0.471361 -0.196243 0.798698 0.318416
0.481877 -0.189330 1.977227 0.471425 -0.196408 0.798464 0.318806
0.481935 -0.189849 1.977236 0.471489 -0.196570 0.798233 0.319191
0.481992 -0.190362 1.977243 0.471553 -0.196728 0.798004 0.319571
0.482046 -0.190876 1.977252 0.471613 -0.196926 0.797772 0.319940
0.482098 -0.191389 1.977262 0.471672 -0.197146 0.797538 0.320301
0.482150 -0.191892 1.977269 0.471733 -0.197348 0.797307 0.320661
0.482201 -0.192386 1.977274 0.471794 -0.197534 0.797081 0.321018
0.482250 -0.192871 1.977278 0.471857 -0.197708 0.796858 0.321372
0.482299 -0.193347 1.977281 0.471919 -0.197873 0.796640 0.321721
0.482347 -0.193814 1.977284 0.471980 -0.198030 0.796425 0.322066
0.482394 -0.194273 1.977286 0.472040 -0.198181 0.796214 0.322405
0.482440 -0.194724 1.977288 0.472100 -0.198329 0.796007 0.322738
0.482485 -0.195167 1.977289 0.472159 -0.198472 0.795804 0.323066
0.482527 -0.195609 1.977292 0.472213 -0.198651 0.795598 0.323382
0.482569 -0.196042 1.977294 0.472269 -0.198819 0.795396 0.323694
0.482610 -0.196466 1.977295 0.472324 -0.198971 0.795200 0.324002
0.482650 -0.196880 1.977294 0.472377 -0.199111 0.795010 0.324305
0.482689 -0.197285 1.977293 0.472430 -0.199239 0.794825 0.324604
0.482727 -0.197682 1.977292 0.472481 -0.199360 0.794644 0.324897
0.482764 -0.198070 1.977291 0.472531 -0.199474 0.794468 0.325186
0.482801 -0.198450 1.977289 0.472580 -0.199583 0.794295 0.325469
0.482836 -0.198822 1.977288 0.472627 -0.199688 0.794127 0.325747
0.482871 -0.199188 1.977287 0.472675 -0.199796 0.793959 0.326020
0.482905 -0.199551 1.977288 0.472718 -0.199922 0.793793 0.326285
0.482938 -0.199907 1.977288 0.472763 -0.200045 0.793628 0.326546
0.482979 -0.200315 1.977312 0.472775 -0.200250 0.793470 0.326786
0.483024 -0.200768 1.977349 0.472771 -0.200504 0.793310 0.327024
0.483072 -0.201256 1.977396 0.472760 -0.200803 0.793144 0.327261
0.483123 -0.201771 1.977447 0.472750 -0.201122 0.792968 0.327504
0.483177 -0.202301 1.977496 0.472749 -0.201421 0.792787 0.327761
0.483233 -0.202842 1.977543 0.472755 -0.201698 0.792601 0.328031
0.483289 -0.203390 1.977586 0.472770 -0.201954 0.792410 0.328313
0.483346 -0.203943 1.977626 0.472793 -0.202190 0.792215 0.328606
0.483403 -0.204498 1.977663 0.472822 -0.202409 0.792016 0.328907
0.483460 -0.205054 1.977696 0.472857 -0.202612 0.791816 0.329215
0.483516 -0.205608 1.977726 0.472897 -0.202802 0.791614 0.329527
0.483571 -0.206161 1.977753 0.472941 -0.202980 0.791410 0.329842
0.483625 -0.206710 1.977777 0.472987 -0.203150 0.791207 0.330159
0.483679 -0.207255 1.977800 0.473036 -0.203313 0.791004 0.330476
0.483731 -0.207795 1.977820 0.473086 -0.203470 0.790801 0.330792
0.483781 -0.208331 1.977838 0.473137 -0.203622 0.790600 0.331106
0.483831 -0.208861 1.977855 0.473189 -0.203770 0.790400 0.331419
0.483878 -0.209384 1.977870 0.473241 -0.203916 0.790201 0.331728
0.483925 -0.209902 1.977885 0.473293 -0.204059 0.790004 0.332034
0.483970 -0.210413 1.977898 0.473345 -0.204200 0.789809 0.332337
0.484014 -0.210917 1.977910 0.473397 -0.204340 0.789617 0.332635
0.484057 -0.211414 1.977922 0.473447 -0.204479 0.789426 0.332930
0.484098 -0.211904 1.977933 0.473498 -0.204617 0.789238 0.333220
0.484138 -0.212388 1.977943 0.473547 -0.204754 0.789052 0.333506
0.484176 -0.212871 1.977955 0.473593 -0.204928 0.788863 0.333782
0.484213 -0.213346 1.977965 0.473639 -0.205092 0.788676 0.334055
0.484249 -0.213812 1.977974 0.473686 -0.205248 0.788493 0.334326
0.484284 -0.214271 1.977983 0.473734 -0.205397 0.788312 0.334594
0.484319 -0.214721 1.977990 0.473781 -0.205540 0.788134 0.334859
0.484353 -0.215163 1.977997 0.473827 -0.205679 0.787958 0.335120
0.484384 -0.215604 1.978006 0.473870 -0.205849 0.787781 0.335372
0.484415 -0.216037 1.978013 0.473914 -0.206008 0.787607 0.335622
0.484446 -0.216460 1.978019 0.473958 -0.206156 0.787436 0.335870
0.484476 -0.216876 1.978025 0.474002 -0.206298 0.787267 0.336115
0.484506 -0.217283 1.978030 0.474047 -0.206432 0.787102 0.336356
0.484535 -0.217683 1.978034 0.474091 -0.206562 0.786940 0.336595
0.484564 -0.218074 1.978039 0.474134 -0.206688 0.786780 0.336829
0.484592 -0.218459 1.978043 0.474176 -0.206811 0.786624 0.337060
0.484620 -0.218834 1.978046 0.474218 -0.206926 0.786472 0.337286
0.484646 -0.219203 1.978050 0.474257 -0.207035 0.786324 0.337507
0.484679 -0.219618 1.978070 0.474271 -0.207204 0.786177 0.337726
0.484718 -0.220069 1.978103 0.474270 -0.207415 0.786032 0.337936
0.484761 -0.220546 1.978142 0.474263 -0.207645 0.785885 0.338147
0.484805 -0.221048 1.978186 0.474254 -0.207906 0.785730 0.338359
0.484851 -0.221566 1.978231 0.474248 -0.208180 0.785567 0.338577
0.484896 -0.222097 1.978276 0.474247 -0.208456 0.785397 0.338803
0.484942 -0.222632 1.978316 0.474255 -0.208708 0.785223 0.339040
0.484989 -0.223168 1.978351 0.474270 -0.208936 0.785047 0.339287
0.485035 -0.223705 1.978384 0.474292 -0.209143 0.784868 0.339542
0.485080 -0.224241 1.978412 0.474319 -0.209333 0.784687 0.339804
0.485125 -0.224773 1.978438 0.474351 -0.209508 0.784506 0.340070
0.485169 -0.225302 1.978461 0.474387 -0.209670 0.784324 0.340339
0.485212 -0.225826 1.978481 0.474425 -0.209823 0.784143 0.340609
0.485255 -0.226346 1.978499 0.474466 -0.209966 0.783962 0.340880
0.485296 -0.226859 1.978516 0.474508 -0.210103 0.783782 0.341151
0.485336 -0.227367 1.978531 0.474551 -0.210235 0.783604 0.341420
0.485375 -0.227869 1.978544 0.474595 -0.210362 0.783427 0.341687
0.485413 -0.228364 1.978557 0.474639 -0.210486 0.783251 0.341952
0.485449 -0.228852 1.978568 0.474682 -0.210608 0.783078 0.342214
0.485485 -0.229334 1.978579 0.474726 -0.210727 0.782906 0.342473
0.485519 -0.229809 1.978588 0.474769 -0.210846 0.782736 0.342728
0.485553 -0.230277 1.978598 0.474812 -0.210963 0.782569 0.342979
0.485585 -0.230737 1.978606 0.474854 -0.211079 0.782403 0.343227
0.485616 -0.231191 1.978614 0.474895 -0.211194 0.782240 0.343471
0.485646 -0.231637 1.978622 0.474935 -0.211309 0.782079 0.343710
0.485675 -0.232077 1.978630 0.474975 -0.211424 0.781921 0.343946
0.485703 -0.232510 1.978637 0.475013 -0.211538 0.781764 0.344178
0.485730 -0.232935 1.978644 0.475051 -0.211652 0.781610 0.344406
0.485756 -0.233353 1.978650 0.475088 -0.211766 0.781458 0.344630
0.485782 -0.233765 1.978657 0.475124 -0.211879 0.781308 0.344850
0.485804 -0.234176 1.978665 0.475156 -0.212024 0.781156 0.345062
0.485827 -0.234579 1.978672 0.475189 -0.212161 0.781006 0.345271
0.485849 -0.234975 1.978678 0.475221 -0.212292 0.780859 0.345479
0.485870 -0.235363 1.978684 0.475254 -0.212416 0.780714 0.345685
0.485891 -0.235744 1.978689 0.475287 -0.212536 0.780572 0.345888
0.485912 -0.236118 1.978694 0.475320 -0.212651 0.780432 0.346088
0.485932 -0.236485 1.978698 0.475353 -0.212763 0.780294 0.346285
0.485952 -0.236844 1.978703 0.475385 -0.212872 0.780158 0.346479
0.485970 -0.237197 1.978707 0.475416 -0.212976 0.780026 0.346670
0.485989 -0.237542 1.978711 0.475446 -0.213074 0.779898 0.346857
0.486011 -0.237920 1.978726 0.475459 -0.213212 0.779764 0.347056
0.486037 -0.238322 1.978747 0.475462 -0.213384 0.779627 0.347255
0.486064 -0.238742 1.978772 0.475461 -0.213574 0.779486 0.347455
0.486093 -0.239175 1.978798 0.475460 -0.213773 0.779341 0.347658
0.486123 -0.239617 1.978822 0.475461 -0.213973 0.779193 0.347865
0.486152 -0.240066 1.978844 0.475466 -0.214171 0.779042 0.348075
0.486181 -0.240517 1.978864 0.475475 -0.214364 0.778887 0.348290
0.486210 -0.240971 1.978881 0.475488 -0.214551 0.778730 0.348509
0.486239 -0.241424 1.978896 0.475505 -0.214732 0.778571 0.348731
0.486266 -0.241876 1.978909 0.475525 -0.214905 0.778410 0.348955
0.486294 -0.242326 1.978919 0.475549 -0.215073 0.778247 0.349182
0.486320 -0.242772 1.978926 0.475575 -0.215235 0.778084 0.349410
0.486346 -0.243215 1.978932 0.475603 -0.215391 0.777921 0.349639
0.486371 -0.243654 1.978936 0.475633 -0.215544 0.777757 0.349869
0.486394 -0.244090 1.978939 0.475664 -0.215694 0.777593 0.350098
0.486417 -0.244520 1.978939 0.475697 -0.215841 0.777429 0.350328
0.486438 -0.244946 1.978939 0.475730 -0.215986 0.777266 0.350556
0.486458 -0.245368 1.978937 0.475763 -0.216130 0.777103 0.350783
0.486477 -0.245785 1.978935 0.475796 -0.216272 0.776941 0.351008
0.486495 -0.246196 1.978931 0.475830 -0.216414 0.776780 0.351232
0.486511 -0.246603 1.978927 0.475863 -0.216555 0.776620 0.351454
0.486527 -0.247004 1.978923 0.475896 -0.216694 0.776461 0.351673
0.486541 -0.247400 1.978918 0.475929 -0.216834 0.776304 0.351890
0.486555 -0.247791 1.978912 0.475961 -0.216972 0.776148 0.352105
0.486564 -0.248187 1.978907 0.475988 -0.217159 0.775985 0.352312
0.486573 -0.248577 1.978901 0.476017 -0.217334 0.775825 0.352519
0.486582 -0.248960 1.978894 0.476046 -0.217498 0.775667 0.352727
0.486591 -0.249336 1.978887 0.476077 -0.217653 0.775510 0.352933
0.486599 -0.249705 1.978879 0.476108 -0.217802 0.775356 0.353138
0.486608 -0.250068 1.978871 0.476140 -0.217944 0.775204 0.353342
0.486616 -0.250425 1.978863 0.476171 -0.218081 0.775054 0.353543
0.486623 -0.250775 1.978855 0.476203 -0.218214 0.774907 0.353741
0.486631 -0.251120 1.978847 0.476234 -0.218345 0.774761 0.353937
0.486638 -0.251458 1.978838 0.476265 -0.218473 0.774618 0.354130
0.486645 -0.251790 1.978830 0.476296 -0.218599 0.774477 0.354320
0.486652 -0.252117 1.978821 0.476327 -0.218723 0.774337 0.354507
0.486658 -0.252438 1.978812 0.476356 -0.218845 0.774200 0.354691
0.486664 -0.252753 1.978804 0.476386 -0.218967 0.774064 0.354873
0.486670 -0.253063 1.978795 0.476415 -0.219087 0.773931 0.355051
0.486675 -0.253368 1.978787 0.476443 -0.219207 0.773799 0.355226
0.486685 -0.253693 1.978788 0.476450 -0.219368 0.773683 0.355370
0.486697 -0.254032 1.978795 0.476445 -0.219549 0.773577 0.355495
0.486710 -0.254381 1.978803 0.476434 -0.219739 0.773478 0.355608
0.486723 -0.254735 1.978813 0.476421 -0.219930 0.773382 0.355716
0.486737 -0.255093 1.978821 0.476408 -0.220117 0.773289 0.355821
0.486751 -0.255452 1.978829 0.476396 -0.220299 0.773196 0.355926
0.486765 -0.255811 1.978835 0.476387 -0.220474 0.773103 0.356032
0.486779 -0.256168 1.978839 0.476380 -0.220641 0.773010 0.356140
0.486793 -0.256524 1.978842 0.476375 -0.220801 0.772917 0.356249
0.486806 -0.256877 1.978843 0.476373 -0.220954 0.772823 0.356359
0.486818 -0.257227 1.978843 0.476373 -0.221102 0.772730 0.356471
0.486830 -0.257573 1.978842 0.476374 -0.221244 0.772636 0.356584
0.486842 -0.257916 1.978839 0.476377 -0.221383 0.772542 0.356699
0.486852 -0.258255 1.978836 0.476381 -0.221517 0.772448 0.356814
0.486862 -0.258590 1.978831 0.476386 -0.221649 0.772354 0.356929
0.486871 -0.258921 1.978826 0.476391 -0.221778 0.772260 0.357044
0.486880 -0.259248 1.978821 0.476397 -0.221905 0.772167 0.357159
0.486887 -0.259570 1.978814 0.476403 -0.222031 0.772074 0.357274
0.486894 -0.259889 1.978808 0.476410 -0.222154 0.771982 0.357387
0.486901 -0.260203 1.978801 0.476416 -0.222277 0.771890 0.357500
0.486907 -0.260512 1.978794 0.476423 -0.222398 0.771799 0.357613
0.486912 -0.260818 1.978786 0.476429 -0.222518 0.771709 0.357724
0.486917 -0.261118 1.978779 0.476436 -0.222637 0.771619 0.357834
0.486921 -0.261415 1.978771 0.476443 -0.222754 0.771531 0.357944
0.486924 -0.261707 1.978764 0.476449 -0.222871 0.771443 0.358052
0.486927 -0.261994 1.978756 0.476455 -0.222984 0.771356 0.358159
0.486929 -0.262276 1.978749 0.476461 -0.223093 0.771272 0.358265
0.486931 -0.262554 1.978741 0.476466 -0.223199 0.771189 0.358371
0.486932 -0.262826 1.978734 0.476471 -0.223302 0.771108 0.358475
0.486933 -0.263094 1.978728 0.476475 -0.223402 0.771028 0.358578
0.486933 -0.263358 1.978721 0.476480 -0.223500 0.770950 0.358679
0.486933 -0.263616 1.978715 0.476484 -0.223596 0.770873 0.358780
0.486932 -0.263870 1.978708 0.476489 -0.223691 0.770796 0.358879
0.486932 -0.264120 1.978703 0.476493 -0.223783 0.770721 0.358977
0.486931 -0.264365 1.978697 0.476497 -0.223875 0.770647 0.359073
0.486931 -0.264606 1.978691 0.476501 -0.223964 0.770574 0.359168
0.486930 -0.264843 1.978686 0.476505 -0.224053 0.770502 0.359262
0.486929 -0.265075 1.978680 0.476510 -0.224140 0.770431 0.359355
0.486928 -0.265304 1.978675 0.476514 -0.224226 0.770361 0.359446
0.486927 -0.265528 1.978670 0.476518 -0.224311 0.770291 0.359536
0.486930 -0.265777 1.978670 0.476514 -0.224405 0.770207 0.359664
0.486934 -0.266044 1.978672 0.476504 -0.224506 0.770117 0.359806
0.486939 -0.266326 1.978673 0.476491 -0.224614 0.770026 0.359951
0.486945 -0.266618 1.978674 0.476476 -0.224723 0.769936 0.360095
0.486952 -0.266917 1.978672 0.476462 -0.224832 0.769846 0.360239
0.486958 -0.267221 1.978667 0.476449 -0.224936 0.769757 0.360382
0.486964 -0.267527 1.978660 0.476438 -0.225035 0.769668 0.360525
0.486970 -0.267835 1.978651 0.476429 -0.225128 0.769578 0.360669
0.486975 -0.268144 1.978638 0.476423 -0.225217 0.769487 0.360815
0.486979 -0.268452 1.978624 0.476419 -0.225300 0.769396 0.360963
0.486983 -0.268760 1.978607 0.476417 -0.225380 0.769304 0.361112
0.486986 -0.269067 1.978589 0.476418 -0.225456 0.769211 0.361263
0.486988 -0.269373 1.978568 0.476419 -0.225530 0.769117 0.361414
0.486989 -0.269676 1.978547 0.476422 -0.225602 0.769023 0.361566
0.486989 -0.269978 1.978524 0.476426 -0.225672 0.768928 0.361718
0.486988 -0.270277 1.978501 0.476430 -0.225741 0.768834 0.361870
0.486987 -0.270573 1.978477 0.476436 -0.225810 0.768739 0.362021
0.486984 -0.270867 1.978452 0.476441 -0.225878 0.768645 0.362172
0.486981 -0.271158 1.978427 0.476447 -0.225946 0.768550 0.362322
0.486977 -0.271446 1.978402 0.476453 -0.226014 0.768456 0.362471
0.486973 -0.271731 1.978376 0.476459 -0.226081 0.768363 0.362620
0.486967 -0.272013 1.978351 0.476464 -0.226149 0.768270 0.362766
0.486962 -0.272292 1.978325 0.476470 -0.226218 0.768177 0.362912
0.486955 -0.272567 1.978299 0.476476 -0.226286 0.768085 0.363056
0.486948 -0.272839 1.978274 0.476482 -0.226354 0.767994 0.363199
0.486941 -0.273107 1.978248 0.476488 -0.226423 0.767903 0.363341
0.486933 -0.273372 1.978223 0.476494 -0.226492 0.767813 0.363480
0.486924 -0.273634 1.978198 0.476499 -0.226561 0.767724 0.363619
0.486915 -0.273892 1.978173 0.476505 -0.226630 0.767635 0.363756
0.486906 -0.274146 1.978148 0.476510 -0.226699 0.767548 0.363891
0.486897 -0.274397 1.978123 0.476516 -0.226768 0.767461 0.364024
0.486887 -0.274644 1.978099 0.476521 -0.226836 0.767374 0.364156
0.486877 -0.274888 1.978075 0.476526 -0.226905 0.767289 0.364287
0.486867 -0.275128 1.978051 0.476531 -0.226974 0.767204 0.364415
0.486857 -0.275364 1.978027 0.476536 -0.227042 0.767121 0.364542
0.486846 -0.275597 1.978004 0.476541 -0.227111 0.767038 0.364668
0.486836 -0.275827 1.977981 0.476546 -0.227179 0.766956 0.364792
0.486825 -0.276053 1.977958 0.476551 -0.227246 0.766874 0.364914
0.486814 -0.276275 1.977936 0.476556 -0.227314 0.766794 0.365035
0.486803 -0.276494 1.977913 0.476560 -0.227381 0.766714 0.365154
0.486790 -0.276712 1.977892 0.476556 -0.227450 0.766648 0.365256
0.486777 -0.276930 1.977871 0.476547 -0.227523 0.766591 0.365341
0.486763 -0.277147 1.977849 0.476534 -0.227600 0.766542 0.365413
0.486749 -0.277362 1.977826 0.476518 -0.227678 0.766500 0.365474
0.486734 -0.277577 1.977801 0.476501 -0.227758 0.766461 0.365528
0.486720 -0.277789 1.977776 0.476483 -0.227838 0.766426 0.365576
0.486705 -0.278000 1.977750 0.476464 -0.227917 0.766393 0.365621
0.486690 -0.278208 1.977724 0.476445 -0.227995 0.766361 0.365664
0.486676 -0.278414 1.977697 0.476425 -0.228072 0.766330 0.365704
0.486661 -0.278618 1.977670 0.476406 -0.228149 0.766301 0.365744
0.486646 -0.278819 1.977642 0.476387 -0.228224 0.766271 0.365784
0.486631 -0.279018 1.977615 0.476368 -0.228298 0.766242 0.365822
0.486616 -0.279214 1.977587 0.476350 -0.228371 0.766214 0.365861
0.486600 -0.279407 1.977559 0.476331 -0.228443 0.766185 0.365899
0.486585 -0.279598 1.977532 0.476314 -0.228513 0.766157 0.365938
0.486570 -0.279786 1.977505 0.476296 -0.228583 0.766129 0.365976
0.486555 -0.279971 1.977478 0.476279 -0.228652 0.766101 0.366015
0.486540 -0.280154 1.977451 0.476262 -0.228719 0.766073 0.366053
0.486525 -0.280333 1.977424 0.476245 -0.228786 0.766045 0.366091
0.486510 -0.280510 1.977398 0.476229 -0.228851 0.766017 0.366130
0.486496 -0.280684 1.977372 0.476213 -0.228916 0.765989 0.366168
0.486481 -0.280855 1.977346 0.476198 -0.228978 0.765961 0.366208
0.486466 -0.281024 1.977321 0.476183 -0.229040 0.765933 0.366248
0.486451 -0.281190 1.977297 0.476168 -0.229099 0.765905 0.366288
0.486437 -0.281352 1.977273 0.476154 -0.229158 0.765877 0.366329
0.486422 -0.281512 1.977250 0.476140 -0.229214 0.765849 0.366370
0.486408 -0.281670 1.977227 0.476126 -0.229270 0.765821 0.366412
0.486393 -0.281824 1.977205 0.476113 -0.229324 0.765793 0.366453
0.486379 -0.281976 1.977183 0.476101 -0.229377 0.765766 0.366494
0.486365 -0.282125 1.977161 0.476088 -0.229429 0.765738 0.366534
0.486351 -0.282271 1.977140 0.476076 -0.229480 0.765711 0.366575
0.486338 -0.282415 1.977119 0.476064 -0.229530 0.765684 0.366615
0.486324 -0.282557 1.977098 0.476053 -0.229579 0.765657 0.366656
0.486311 -0.282696 1.977078 0.476042 -0.229628 0.765630 0.366696
0.486298 -0.282832 1.977058 0.476031 -0.229675 0.765604 0.366735
0.486286 -0.282966 1.977038 0.476021 -0.229722 0.765577 0.366775
0.486273 -0.283097 1.977019 0.476011 -0.229767 0.765551 0.366814
0.486261 -0.283226 1.977000 0.476001 -0.229812 0.765525 0.366852
0.486249 -0.283353 1.976981 0.475992 -0.229857 0.765499 0.366891
0.486238 -0.283478 1.976963 0.475983 -0.229900 0.765473 0.366929
0.486208 -0.283594 1.976924 0.475970 -0.229944 0.765477 0.366911
0.486169 -0.283705 1.976873 0.475952 -0.229992 0.765500 0.366857
0.486122 -0.283814 1.976813 0.475930 -0.230044 0.765534 0.366782
0.486072 -0.283923 1.976748 0.475903 -0.230102 0.765574 0.366695
0.486020 -0.284031 1.976678 0.475878 -0.230159 0.765617 0.366603
0.485968 -0.284140 1.976603 0.475854 -0.230216 0.765658 0.366511
0.485915 -0.284250 1.976526 0.475831 -0.230274 0.765698 0.366421
0.485864 -0.284361 1.976447 0.475810 -0.230332 0.765736 0.366333
0.485813 -0.284472 1.976366 0.475791 -0.230391 0.765771 0.366249
0.485763 -0.284583 1.976283 0.475774 -0.230449 0.765802 0.366169
0.485717 -0.284694 1.976195 0.475766 -0.230502 0.765826 0.366095
0.485676 -0.284805 1.976103 0.475766 -0.230554 0.765843 0.366027
0.485637 -0.284915 1.976007 0.475773 -0.230604 0.765853 0.365966
0.485601 -0.285026 1.975908 0.475785 -0.230655 0.765857 0.365911
0.485566 -0.285147 1.975803 0.475804 -0.230733 0.765839 0.365872
0.485533 -0.285276 1.975693 0.475830 -0.230830 0.765807 0.365847
0.485500 -0.285410 1.975579 0.475860 -0.230939 0.765762 0.365831
0.485465 -0.285543 1.975469 0.475883 -0.231044 0.765725 0.365813
0.485430 -0.285671 1.975361 0.475903 -0.231138 0.765696 0.365788
0.485396 -0.285795 1.975257 0.475922 -0.231225 0.765671 0.365760
0.485360 -0.285920 1.975154 0.475938 -0.231317 0.765645 0.365737
0.485324 -0.286045 1.975053 0.475953 -0.231413 0.765616 0.365716
0.485286 -0.286171 1.974953 0.475968 -0.231512 0.765586 0.365698
0.485252 -0.286302 1.974849 0.475991 -0.231623 0.765541 0.365692
0.485220 -0.286437 1.974742 0.476022 -0.231739 0.765485 0.365695
0.485187 -0.286569 1.974637 0.476048 -0.231850 0.765434 0.365697
0.485152 -0.286699 1.974536 0.476070 -0.231958 0.765388 0.365696
0.485120 -0.286833 1.974432 0.476100 -0.232073 0.765331 0.365704
0.485089 -0.286960 1.974331 0.476127 -0.232172 0.765283 0.365705
0.485059 -0.287082 1.974232 0.476154 -0.232259 0.765241 0.365703
0.485033 -0.287198 1.974134 0.476183 -0.232333 0.765201 0.365702
0.485007 -0.287320 1.974033 0.476218 -0.232424 0.765148 0.365712
0.484983 -0.287435 1.973934 0.476253 -0.232500 0.765100 0.365718
0.484962 -0.287546 1.973835 0.476289 -0.232565 0.765056 0.365722
0.484941 -0.287662 1.973734 0.476328 -0.232648 0.765000 0.365735
0.484921 -0.287771 1.973636 0.476366 -0.232717 0.764950 0.365745
0.484902 -0.287876 1.973541 0.476401 -0.232781 0.764907 0.365749
0.484879 -0.287981 1.973449 0.476429 -0.232853 0.764865 0.365754
0.484859 -0.288091 1.973355 0.476463 -0.232939 0.764811 0.365768
0.484836 -0.288199 1.973264 0.476492 -0.233025 0.764761 0.365780
0.484794 -0.288279 1.973154 0.476555 -0.232999 0.764736 0.365767
0.484730 -0.288357 1.973039 0.476617 -0.232957 0.764723 0.365740
0.484652 -0.288435 1.972924 0.476680 -0.232906 0.764715 0.365708
0.484566 -0.288513 1.972811 0.476744 -0.232848 0.764709 0.365674
0.484477 -0.288591 1.972699 0.476811 -0.232780 0.764704 0.365640
0.484385 -0.288669 1.972590 0.476880 -0.232709 0.764698 0.365608
0.484292 -0.288743 1.972487 0.476945 -0.232623 0.764701 0.365572
0.484198 -0.288813 1.972389 0.477008 -0.232529 0.764709 0.365532
0.484103 -0.288881 1.972296 0.477066 -0.232434 0.764722 0.365491
0.484006 -0.288954 1.972206 0.477122 -0.232353 0.764727 0.365457
0.483907 -0.289030 1.972120 0.477176 -0.232284 0.764729 0.365427
0.483807 -0.289109 1.972036 0.477227 -0.232225 0.764727 0.365401
0.483707 -0.289186 1.971957 0.477273 -0.232163 0.764732 0.365371
0.483605 -0.289266 1.971881 0.477317 -0.232113 0.764732 0.365345
0.483503 -0.289345 1.971810 0.477356 -0.232061 0.764737 0.365316
0.483400 -0.289426 1.971740 0.477394 -0.232020 0.764738 0.365292
0.483297 -0.289510 1.971673 0.477429 -0.231988 0.764735 0.365271
0.483194 -0.289593 1.971610 0.477461 -0.231954 0.764737 0.365247
0.483090 -0.289674 1.971550 0.477489 -0.231921 0.764742 0.365221
0.482987 -0.289758 1.971492 0.477516 -0.231898 0.764742 0.365201
0.482883 -0.289844 1.971436 0.477541 -0.231883 0.764739 0.365183
0.482779 -0.289932 1.971381 0.477565 -0.231874 0.764734 0.365168
0.482674 -0.290021 1.971328 0.477587 -0.231870 0.764728 0.365155
0.482570 -0.290111 1.971277 0.477607 -0.231871 0.764721 0.365143
0.482467 -0.290202 1.971227 0.477626 -0.231876 0.764713 0.365132
0.482363 -0.290293 1.971179 0.477643 -0.231885 0.764703 0.365123
0.482260 -0.290385 1.971132 0.477659 -0.231897 0.764694 0.365115
0.482157 -0.290478 1.971087 0.477674 -0.231912 0.764684 0.365107
0.482054 -0.290570 1.971044 0.477687 -0.231930 0.764673 0.365101
0.481953 -0.290663 1.971002 0.477699 -0.231951 0.764662 0.365096
0.481851 -0.290756 1.970961 0.477710 -0.231974 0.764650 0.365092
0.481751 -0.290848 1.970922 0.477720 -0.231999 0.764638 0.365088
0.481651 -0.290941 1.970883 0.477729 -0.232026 0.764626 0.365085
0.481551 -0.291033 1.970846 0.477736 -0.232055 0.764613 0.365083
0.481453 -0.291125 1.970811 0.477743 -0.232086 0.764601 0.365081
0.481355 -0.291217 1.970776 0.477749 -0.232118 0.764588 0.365080
0.481259 -0.291308 1.970742 0.477754 -0.232152 0.764575 0.365079
0.481163 -0.291399 1.970710 0.477758 -0.232187 0.764561 0.365079
0.481067 -0.291489 1.970678 0.477762 -0.232224 0.764548 0.365079
0.480973 -0.291578 1.970648 0.477764 -0.232261 0.764534 0.365080
0.480823 -0.291652 1.970600 0.477757 -0.232290 0.764519 0.365102
0.480644 -0.291716 1.970546 0.477747 -0.232315 0.764503 0.365133
0.480461 -0.291762 1.970488 0.477753 -0.232299 0.764485 0.365173
0.480276 -0.291796 1.970430 0.477766 -0.232263 0.764468 0.365216
0.480092 -0.291822 1.970374 0.477781 -0.232220 0.764452 0.365257
0.479909 -0.291843 1.970321 0.477795 -0.232175 0.764438 0.365296
0.479728 -0.291859 1.970271 0.477808 -0.232132 0.764426 0.365331
0.479548 -0.291872 1.970224 0.477818 -0.232093 0.764416 0.365363
0.479370 -0.291883 1.970181 0.477825 -0.232058 0.764408 0.365393
0.479194 -0.291893 1.970141 0.477830 -0.232028 0.764402 0.365419
0.479015 -0.291901 1.970107 0.477820 -0.232013 0.764407 0.365432
0.478835 -0.291909 1.970079 0.477802 -0.232006 0.764417 0.365437
0.478655 -0.291917 1.970056 0.477778 -0.232005 0.764433 0.365438
0.478475 -0.291924 1.970037 0.477748 -0.232009 0.764451 0.365435
0.478297 -0.291931 1.970022 0.477715 -0.232016 0.764473 0.365430
0.478119 -0.291938 1.970010 0.477678 -0.232026 0.764496 0.365422
0.477943 -0.291944 1.970002 0.477639 -0.232039 0.764521 0.365413
0.477768 -0.291950 1.969996 0.477598 -0.232053 0.764547 0.365403
0.477595 -0.291956 1.969993 0.477554 -0.232069 0.764575 0.365391
0.477423 -0.291963 1.969992 0.477509 -0.232087 0.764604 0.365379
0.477252 -0.291969 1.969994 0.477463 -0.232107 0.764633 0.365366
0.477084 -0.291975 1.969997 0.477415 -0.232128 0.764663 0.365352
0.476917 -0.291981 1.970002 0.477366 -0.232150 0.764693 0.365338
0.476752 -0.291987 1.970009 0.477317 -0.232174 0.764724 0.365324
0.476589 -0.291994 1.970017 0.477266 -0.232199 0.764755 0.365309
0.476428 -0.292001 1.970026 0.477216 -0.232225 0.764786 0.365294
0.476268 -0.292008 1.970036 0.477164 -0.232252 0.764816 0.365279
0.476111 -0.292015 1.970047 0.477113 -0.232281 0.764847 0.365264
0.475955 -0.292023 1.970058 0.477061 -0.232310 0.764878 0.365249
0.475802 -0.292031 1.970071 0.477009 -0.232340 0.764908 0.365234
0.475650 -0.292039 1.970084 0.476957 -0.232372 0.764938 0.365220
0.475501 -0.292047 1.970097 0.476905 -0.232404 0.764967 0.365205
0.475354 -0.292056 1.970111 0.476854 -0.232436 0.764996 0.365191
0.475208 -0.292065 1.970126 0.476802 -0.232470 0.765025 0.365177
0.475065 -0.292074 1.970140 0.476751 -0.232504 0.765053 0.365163
0.474923 -0.292084 1.970155 0.476700 -0.232539 0.765081 0.365149
0.474784 -0.292094 1.970170 0.476650 -0.232574 0.765108 0.365136
0.474647 -0.292104 1.970185 0.476600 -0.232610 0.765134 0.365123
0.474511 -0.292114 1.970201 0.476550 -0.232646 0.765160 0.365111
0.474378 -0.292124 1.970216 0.476501 -0.232683 0.765185 0.365099
0.474179 -0.292113 1.970220 0.476423 -0.232694 0.765236 0.365086
0.473946 -0.292089 1.970222 0.476332 -0.232687 0.765301 0.365074
0.473693 -0.292056 1.970227 0.476232 -0.232670 0.765375 0.365060
0.473429 -0.292018 1.970238 0.476126 -0.232646 0.765456 0.365043
0.473160 -0.291976 1.970256 0.476015 -0.232619 0.765544 0.365022
0.472888 -0.291932 1.970281 0.475899 -0.232592 0.765636 0.364997
0.472615 -0.291886 1.970314 0.475778 -0.232565 0.765733 0.364969
0.472340 -0.291840 1.970353 0.475652 -0.232540 0.765834 0.364937
0.472066 -0.291793 1.970399 0.475521 -0.232518 0.765938 0.364903
0.471793 -0.291745 1.970451 0.475386 -0.232499 0.766045 0.364866
0.471535 -0.291698 1.970496 0.475283 -0.232463 0.766126 0.364855
0.471293 -0.291647 1.970535 0.475204 -0.232409 0.766187 0.364862
0.471063 -0.291594 1.970569 0.475144 -0.232344 0.766236 0.364880
0.470844 -0.291539 1.970598 0.475095 -0.232271 0.766277 0.364903
0.470632 -0.291483 1.970623 0.475053 -0.232199 0.766313 0.364927
0.470426 -0.291425 1.970645 0.475015 -0.232130 0.766348 0.364949
0.470226 -0.291367 1.970666 0.474978 -0.232062 0.766381 0.364970
0.470030 -0.291308 1.970685 0.474940 -0.231997 0.766416 0.364987
0.469838 -0.291249 1.970704 0.474901 -0.231935 0.766453 0.365000
0.469649 -0.291189 1.970723 0.474860 -0.231875 0.766492 0.365009
0.469463 -0.291128 1.970742 0.474816 -0.231818 0.766534 0.365014
0.469279 -0.291067 1.970763 0.474769 -0.231763 0.766580 0.365015
0.469097 -0.291006 1.970785 0.474719 -0.231710 0.766628 0.365012
0.468917 -0.290945 1.970808 0.474665 -0.231658 0.766680 0.365006
0.468729 -0.290885 1.970840 0.474584 -0.231623 0.766754 0.364977
0.468535 -0.290827 1.970879 0.474486 -0.231599 0.766842 0.364935
0.468338 -0.290770 1.970924 0.474377 -0.231584 0.766938 0.364885
0.468139 -0.290716 1.970974 0.474260 -0.231576 0.767038 0.364832
0.467939 -0.290665 1.971029 0.474138 -0.231574 0.767141 0.364776
0.467738 -0.290616 1.971087 0.474012 -0.231576 0.767245 0.364720
0.467538 -0.290569 1.971148 0.473883 -0.231583 0.767349 0.364663
0.467337 -0.290525 1.971212 0.473752 -0.231595 0.767454 0.364607
0.467137 -0.290484 1.971278 0.473619 -0.231609 0.767558 0.364551
0.466937 -0.290445 1.971346 0.473484 -0.231628 0.767661 0.364496
0.466738 -0.290408 1.971416 0.473349 -0.231650 0.767764 0.364441
0.466540 -0.290374 1.971487 0.473214 -0.231674 0.767865 0.364388
0.466343 -0.290342 1.971560 0.473078 -0.231702 0.767965 0.364336
0.466147 -0.290313 1.971633 0.472942 -0.231733 0.768064 0.364286
0.465952 -0.290285 1.971706 0.472806 -0.231766 0.768161 0.364236
0.465759 -0.290260 1.971781 0.472671 -0.231801 0.768256 0.364188
0.465480 -0.290204 1.971819 0.472562 -0.231778 0.768310 0.364231
0.465189 -0.290105 1.971829 0.472523 -0.231633 0.768329 0.364332
0.464892 -0.289979 1.971823 0.472525 -0.231432 0.768330 0.364457
0.464596 -0.289836 1.971808 0.472547 -0.231210 0.768320 0.364590
0.464303 -0.289680 1.971790 0.472578 -0.230976 0.768310 0.364718
0.463997 -0.289519 1.971785 0.472570 -0.230786 0.768335 0.364796
0.463684 -0.289354 1.971790 0.472537 -0.230621 0.768380 0.364849
0.463368 -0.289185 1.971806 0.472486 -0.230470 0.768440 0.364883
0.463053 -0.289014 1.971832 0.472423 -0.230329 0.768512 0.364904
0.462739 -0.288840 1.971865 0.472350 -0.230194 0.768592 0.364915
0.462427 -0.288664 1.971907 0.472268 -0.230065 0.768680 0.364916
0.462117 -0.288487 1.971955 0.472180 -0.229940 0.768775 0.364910
0.461811 -0.288309 1.972009 0.472086 -0.229819 0.768875 0.364897
0.461507 -0.288130 1.972067 0.471987 -0.229701 0.768979 0.364879
0.461207 -0.287952 1.972131 0.471884 -0.229586 0.769088 0.364856
0.460910 -0.287773 1.972198 0.471778 -0.229474 0.769200 0.364828
0.460616 -0.287596 1.972269 0.471668 -0.229366 0.769314 0.364797
0.460327 -0.287419 1.972342 0.471557 -0.229260 0.769430 0.364762
0.460040 -0.287244 1.972417 0.471443 -0.229158 0.769548 0.364724
0.459758 -0.287070 1.972495 0.471328 -0.229058 0.769667 0.364684
0.459479 -0.286898 1.972574 0.471211 -0.228962 0.769787 0.364642
0.459204 -0.286728 1.972654 0.471094 -0.228869 0.769907 0.364599
0.458933 -0.286560 1.972735 0.470976 -0.228780 0.770027 0.364554
0.458665 -0.286394 1.972817 0.470858 -0.228693 0.770147 0.364508
0.458401 -0.286231 1.972898 0.470740 -0.228610 0.770265 0.364462
0.458154 -0.286067 1.972972 0.470653 -0.228498 0.770361 0.364443
0.457921 -0.285902 1.973039 0.470586 -0.228369 0.770442 0.364438
0.457685 -0.285740 1.973108 0.470501 -0.228263 0.770539 0.364410
0.457449 -0.285581 1.973179 0.470406 -0.228171 0.770643 0.364371
0.457214 -0.285425 1.973250 0.470305 -0.228088 0.770749 0.364328
0.456981 -0.285273 1.973322 0.470202 -0.228012 0.770856 0.364282
0.456751 -0.285124 1.973395 0.470097 -0.227941 0.770963 0.364235
0.456524 -0.284978 1.973467 0.469992 -0.227875 0.771070 0.364187
0.456299 -0.284835 1.973539 0.469886 -0.227813 0.771175 0.364139
0.456078 -0.284695 1.973611 0.469781 -0.227755 0.771278 0.364092
0.455859 -0.284559 1.973682 0.469677 -0.227699 0.771381 0.364045
0.455644 -0.284425 1.973753 0.469573 -0.227648 0.771481 0.363999
0.455432 -0.284295 1.973823 0.469470 -0.227599 0.771579 0.363953
0.455222 -0.284168 1.973892 0.469368 -0.227553 0.771676 0.363908
0.455016 -0.284044 1.973961 0.469267 -0.227510 0.771771 0.363864
0.454713 -0.283885 1.973991 0.469189 -0.227431 0.771831 0.363886
0.454358 -0.283700 1.974004 0.469127 -0.227322 0.771877 0.363938
0.454016 -0.283478 1.973995 0.469155 -0.227088 0.771872 0.364059
0.453693 -0.283224 1.973970 0.469249 -0.226758 0.771839 0.364212
0.453383 -0.282948 1.973939 0.469367 -0.226398 0.771803 0.364361
0.453085 -0.282657 1.973905 0.469501 -0.226020 0.771765 0.364503
0.452800 -0.282351 1.973868 0.469645 -0.225630 0.771728 0.364638
0.452527 -0.282035 1.973831 0.469794 -0.225233 0.771693 0.364764
0.452263 -0.281710 1.973794 0.469944 -0.224832 0.771664 0.364881
0.452010 -0.281378 1.973757 0.470093 -0.224432 0.771639 0.364987
0.451764 -0.281041 1.973721 0.470239 -0.224033 0.771621 0.365084
0.451525 -0.280700 1.973688 0.470378 -0.223637 0.771611 0.365168
0.451292 -0.280355 1.973656 0.470510 -0.223243 0.771611 0.365239
0.451065 -0.280006 1.973628 0.470632 -0.222850 0.771623 0.365296
0.450814 -0.279663 1.973622 0.470678 -0.222526 0.771694 0.365285
0.450549 -0.279325 1.973634 0.470675 -0.222245 0.771800 0.365236
0.450275 -0.278993 1.973662 0.470638 -0.221994 0.771927 0.365166
0.449994 -0.278668 1.973702 0.470579 -0.221765 0.772069 0.365083
0.449709 -0.278349 1.973753 0.470501 -0.221554 0.772221 0.364990
0.449421 -0.278037 1.973813 0.470409 -0.221358 0.772379 0.364892
0.449131 -0.277731 1.973882 0.470307 -0.221174 0.772543 0.364790
0.448839 -0.277432 1.973958 0.470195 -0.221002 0.772710 0.364685
0.448546 -0.277140 1.974040 0.470075 -0.220840 0.772879 0.364578
0.448253 -0.276855 1.974127 0.469949 -0.220688 0.773050 0.364469
0.447959 -0.276577 1.974220 0.469818 -0.220545 0.773222 0.364361
0.447665 -0.276306 1.974316 0.469681 -0.220412 0.773394 0.364252
0.447395 -0.276041 1.974399 0.469597 -0.220251 0.773521 0.364189
0.447145 -0.275779 1.974469 0.469551 -0.220070 0.773616 0.364155
0.446912 -0.275520 1.974528 0.469536 -0.219872 0.773689 0.364139
0.446693 -0.275263 1.974577 0.469542 -0.219663 0.773747 0.364135
0.446486 -0.275007 1.974616 0.469564 -0.219445 0.773794 0.364137
0.446290 -0.274753 1.974647 0.469598 -0.219220 0.773835 0.364143
0.446104 -0.274500 1.974672 0.469640 -0.218989 0.773871 0.364150
0.445925 -0.274247 1.974692 0.469686 -0.218755 0.773906 0.364157
0.445753 -0.273996 1.974707 0.469734 -0.218518 0.773942 0.364161
0.445585 -0.273745 1.974720 0.469782 -0.218281 0.773980 0.364161
0.445423 -0.273497 1.974731 0.469827 -0.218046 0.774021 0.364157
0.445263 -0.273250 1.974741 0.469868 -0.217813 0.774066 0.364147
0.445107 -0.273005 1.974750 0.469904 -0.217585 0.774116 0.364131
0.444952 -0.272762 1.974760 0.469934 -0.217361 0.774171 0.364110
0.444672 -0.272493 1.974735 0.469925 -0.217246 0.774231 0.364062
0.444319 -0.272204 1.974696 0.469906 -0.217161 0.774280 0.364033
0.443964 -0.271868 1.974638 0.469959 -0.216947 0.774298 0.364053
0.443610 -0.271500 1.974568 0.470056 -0.216664 0.774300 0.364093
0.443260 -0.271110 1.974492 0.470178 -0.216350 0.774294 0.364136
0.442883 -0.270719 1.974438 0.470230 -0.216125 0.774336 0.364112
0.442490 -0.270328 1.974403 0.470237 -0.215950 0.774408 0.364053
0.442088 -0.269935 1.974387 0.470211 -0.215806 0.774503 0.363969
0.441682 -0.269542 1.974387 0.470161 -0.215680 0.774617 0.363868
0.441273 -0.269148 1.974403 0.470090 -0.215567 0.774745 0.363752
0.440864 -0.268755 1.974432 0.470004 -0.215461 0.774887 0.363626
0.440483 -0.268355 1.974456 0.469964 -0.215307 0.775000 0.363528
0.440126 -0.267950 1.974475 0.469955 -0.215115 0.775098 0.363443
0.439788 -0.267538 1.974489 0.469968 -0.214895 0.775190 0.363362
0.439466 -0.267120 1.974498 0.469994 -0.214652 0.775279 0.363279
0.439159 -0.266697 1.974505 0.470029 -0.214391 0.775371 0.363191
0.438862 -0.266269 1.974510 0.470067 -0.214118 0.775469 0.363096
0.438576 -0.265838 1.974514 0.470103 -0.213835 0.775573 0.362992
0.438270 -0.265417 1.974536 0.470079 -0.213615 0.775713 0.362855
0.437952 -0.265006 1.974571 0.470016 -0.213439 0.775874 0.362696
0.437628 -0.264604 1.974618 0.469926 -0.213292 0.776048 0.362526
0.437299 -0.264211 1.974675 0.469817 -0.213167 0.776232 0.362349
0.436968 -0.263827 1.974739 0.469694 -0.213057 0.776421 0.362167
0.436636 -0.263451 1.974811 0.469561 -0.212960 0.776613 0.361984
0.436304 -0.263083 1.974888 0.469419 -0.212874 0.776808 0.361801
0.435971 -0.262724 1.974971 0.469272 -0.212796 0.777004 0.361617
0.435639 -0.262373 1.975057 0.469119 -0.212727 0.777200 0.361434
0.435308 -0.262031 1.975148 0.468961 -0.212665 0.777396 0.361253
0.434978 -0.261697 1.975241 0.468801 -0.212611 0.777592 0.361073
0.434649 -0.261371 1.975337 0.468637 -0.212563 0.777786 0.360896
0.434322 -0.261054 1.975434 0.468472 -0.212521 0.777978 0.360721
0.433997 -0.260745 1.975534 0.468304 -0.212486 0.778169 0.360548
0.433674 -0.260444 1.975635 0.468136 -0.212456 0.778357 0.360378
0.433353 -0.260151 1.975736 0.467967 -0.212432 0.778542 0.360211
0.433034 -0.259867 1.975838 0.467797 -0.212413 0.778725 0.360047
0.432718 -0.259590 1.975941 0.467627 -0.212400 0.778905 0.359886
0.432404 -0.259321 1.976043 0.467457 -0.212392 0.779082 0.359729
0.432093 -0.259059 1.976146 0.467287 -0.212388 0.779256 0.359574
0.431785 -0.258805 1.976248 0.467119 -0.212390 0.779426 0.359424
0.431479 -0.258559 1.976350 0.466951 -0.212395 0.779594 0.359276
0.431093 -0.258281 1.976401 0.466813 -0.212431 0.779735 0.359127
0.430659 -0.257978 1.976425 0.466715 -0.212424 0.779831 0.359049
0.430199 -0.257655 1.976434 0.466642 -0.212379 0.779904 0.359013
0.429723 -0.257318 1.976438 0.466582 -0.212309 0.779966 0.358997
0.429239 -0.256967 1.976441 0.466529 -0.212222 0.780027 0.358985
0.428749 -0.256607 1.976444 0.466477 -0.212126 0.780090 0.358973
0.428256 -0.256238 1.976451 0.466424 -0.212023 0.780157 0.358956
0.427759 -0.255862 1.976462 0.466366 -0.211919 0.780230 0.358934
0.427261 -0.255480 1.976478 0.466304 -0.211815 0.780309 0.358904
0.426761 -0.255093 1.976498 0.466236 -0.211712 0.780394 0.358869
0.426260 -0.254703 1.976522 0.466162 -0.211614 0.780485 0.358827
0.425758 -0.254309 1.976552 0.466083 -0.211518 0.780580 0.358779
0.425258 -0.253911 1.976588 0.465999 -0.211423 0.780680 0.358727
0.424761 -0.253509 1.976632 0.465910 -0.211330 0.780783 0.358671
0.424268 -0.253104 1.976683 0.465816 -0.211240 0.780893 0.358607
0.423780 -0.252695 1.976740 0.465718 -0.211152 0.781010 0.358532
0.423298 -0.252283 1.976803 0.465614 -0.211067 0.781134 0.358446
0.422822 -0.251867 1.976871 0.465507 -0.210984 0.781265 0.358349
0.422353 -0.251448 1.976945 0.465395 -0.210901 0.781403 0.358243
0.421892 -0.251028 1.977023 0.465279 -0.210815 0.781548 0.358127
0.421438 -0.250606 1.977105 0.465159 -0.210727 0.781699 0.358005
0.420991 -0.250183 1.977191 0.465035 -0.210637 0.781856 0.357876
0.420552 -0.249762 1.977280 0.464909 -0.210544 0.782018 0.357741
0.420121 -0.249340 1.977372 0.464780 -0.210449 0.782184 0.357602
0.419697 -0.248921 1.977465 0.464649 -0.210352 0.782353 0.357459
0.419280 -0.248504 1.977560 0.464517 -0.210255 0.782524 0.357313
0.418871 -0.248089 1.977656 0.464383 -0.210156 0.782698 0.357164
0.418468 -0.247678 1.977753 0.464249 -0.210056 0.782873 0.357014
0.418073 -0.247270 1.977850 0.464114 -0.209957 0.783049 0.356861
0.417685 -0.246866 1.977947 0.463980 -0.209857 0.783225 0.356708
0.417304 -0.246467 1.978044 0.463845 -0.209758 0.783402 0.356555
0.416929 -0.246072 1.978140 0.463711 -0.209660 0.783577 0.356401
0.416561 -0.245682 1.978235 0.463578 -0.209563 0.783752 0.356247
0.416199 -0.245297 1.978330 0.463446 -0.209467 0.783925 0.356094
0.415844 -0.244917 1.978424 0.463315 -0.209372 0.784097 0.355941
0.415494 -0.244543 1.978516 0.463185 -0.209279 0.784268 0.355790
0.415151 -0.244175 1.978608 0.463056 -0.209188 0.784436 0.355640
0.414814 -0.243812 1.978697 0.462929 -0.209098 0.784602 0.355491
0.414483 -0.243455 1.978786 0.462804 -0.209011 0.784766 0.355344
0.414157 -0.243104 1.978873 0.462680 -0.208926 0.784928 0.355198
0.413772 -0.242732 1.978908 0.462593 -0.208882 0.785061 0.355042
0.413351 -0.242343 1.978911 0.462550 -0.208797 0.785143 0.354967
0.412912 -0.241941 1.978894 0.462539 -0.208677 0.785192 0.354943
0.412461 -0.241530 1.978864 0.462547 -0.208533 0.785225 0.354945
0.412005 -0.241111 1.978827 0.462566 -0.208375 0.785250 0.354959
0.411546 -0.240685 1.978786 0.462592 -0.208208 0.785271 0.354977
0.411086 -0.240255 1.978742 0.462620 -0.208037 0.785292 0.354994
0.410624 -0.239821 1.978698 0.462648 -0.207865 0.785314 0.355008
0.410162 -0.239385 1.978654 0.462675 -0.207694 0.785339 0.355018
0.409699 -0.238946 1.978611 0.462699 -0.207527 0.785366 0.355024
0.409235 -0.238506 1.978569 0.462720 -0.207363 0.785397 0.355025
0.408770 -0.238064 1.978530 0.462736 -0.207205 0.785431 0.355020
0.408304 -0.237623 1.978492 0.462747 -0.207053 0.785469 0.355011
0.407837 -0.237180 1.978458 0.462754 -0.206907 0.785509 0.354997
0.407371 -0.236737 1.978428 0.462757 -0.206765 0.785554 0.354977
0.406910 -0.236294 1.978402 0.462756 -0.206629 0.785603 0.354949
0.406453 -0.235850 1.978381 0.462751 -0.206499 0.785658 0.354911
0.406001 -0.235404 1.978364 0.462743 -0.206373 0.785718 0.354861
0.405556 -0.234958 1.978351 0.462731 -0.206252 0.785784 0.354801
0.405117 -0.234510 1.978341 0.462715 -0.206136 0.785856 0.354729
0.404685 -0.234060 1.978336 0.462698 -0.206023 0.785934 0.354646
0.404260 -0.233609 1.978333 0.462678 -0.205914 0.786017 0.354551
0.403843 -0.233155 1.978333 0.462656 -0.205807 0.786105 0.354446
0.403433 -0.232699 1.978336 0.462633 -0.205703 0.786198 0.354330
0.403031 -0.232241 1.978341 0.462608 -0.205601 0.786296 0.354204
0.402637 -0.231780 1.978349 0.462583 -0.205500 0.786399 0.354067
0.402250 -0.231316 1.978358 0.462557 -0.205400 0.786506 0.353920
0.401872 -0.230850 1.978370 0.462530 -0.205301 0.786618 0.353764
0.401503 -0.230380 1.978383 0.462504 -0.205202 0.786735 0.353597
0.401141 -0.229907 1.978397 0.462477 -0.205102 0.786855 0.353421
0.400788 -0.229430 1.978412 0.462452 -0.205002 0.786980 0.353235
0.400443 -0.228950 1.978429 0.462426 -0.204902 0.787109 0.353040
0.400106 -0.228467 1.978447 0.462401 -0.204798 0.787242 0.352837
0.399778 -0.227982 1.978466 0.462376 -0.204689 0.787378 0.352628
0.399458 -0.227495 1.978487 0.462350 -0.204574 0.787519 0.352414
0.399147 -0.227006 1.978509 0.462324 -0.204452 0.787664 0.352196
0.398843 -0.226518 1.978533 0.462296 -0.204324 0.787812 0.351975
0.398548 -0.226030 1.978557 0.462269 -0.204191 0.787962 0.351752
0.398259 -0.225543 1.978582 0.462240 -0.204052 0.788115 0.351527
0.397978 -0.225057 1.978608 0.462211 -0.203910 0.788270 0.351301
0.397643 -0.224554 1.978588 0.462180 -0.203841 0.788438 0.351003
0.397274 -0.224037 1.978539 0.462180 -0.203720 0.788558 0.350805
0.396885 -0.223511 1.978470 0.462202 -0.203556 0.788644 0.350678
0.396485 -0.222978 1.978387 0.462240 -0.203362 0.788711 0.350590
0.396080 -0.222441 1.978295 0.462287 -0.203152 0.788767 0.350524
0.395673 -0.221902 1.978196 0.462341 -0.202932 0.788817 0.350467
0.395264 -0.221361 1.978093 0.462399 -0.202708 0.788863 0.350416
0.394853 -0.220819 1.977987 0.462460 -0.202482 0.788908 0.350365
0.394442 -0.220278 1.977879 0.462520 -0.202258 0.788953 0.350315
0.394030 -0.219737 1.977771 0.462580 -0.202037 0.788998 0.350263
0.393617 -0.219197 1.977664 0.462638 -0.201820 0.789043 0.350209
0.393203 -0.218665 1.977558 0.462693 -0.201633 0.789079 0.350163
0.392787 -0.218140 1.977454 0.462744 -0.201475 0.789107 0.350124
0.392369 -0.217623 1.977353 0.462790 -0.201345 0.789128 0.350090
0.391948 -0.217113 1.977255 0.462831 -0.201241 0.789143 0.350061
0.391524 -0.216610 1.977161 0.462866 -0.201163 0.789154 0.350035
0.391097 -0.216115 1.977069 0.462894 -0.201107 0.789162 0.350011
0.390668 -0.215626 1.976983 0.462917 -0.201070 0.789168 0.349989
0.390239 -0.215141 1.976903 0.462936 -0.201046 0.789172 0.349969
0.389810 -0.214661 1.976830 0.462948 -0.201034 0.789177 0.349949
0.389382 -0.214183 1.976765 0.462956 -0.201031 0.789183 0.349928
0.388955 -0.213708 1.976707 0.462957 -0.201036 0.789192 0.349903
0.388530 -0.213235 1.976657 0.462951 -0.201050 0.789205 0.349872
0.388108 -0.212764 1.976614 0.462938 -0.201072 0.789225 0.349833
0.387690 -0.212293 1.976578 0.462919 -0.201102 0.789250 0.349783
0.387276 -0.211824 1.976547 0.462895 -0.201137 0.789282 0.349723
0.386866 -0.211355 1.976522 0.462866 -0.201178 0.789320 0.349653
0.386462 -0.210887 1.976502 0.462832 -0.201222 0.789364 0.349571
0.386062 -0.210417 1.976486 0.462795 -0.201268 0.789415 0.349479
0.385668 -0.209947 1.976474 0.462755 -0.201317 0.789472 0.349376
0.385280 -0.209477 1.976466 0.462712 -0.201365 0.789535 0.349263
0.384898 -0.209004 1.976461 0.462667 -0.201414 0.789604 0.349139
0.384522 -0.208530 1.976459 0.462620 -0.201461 0.789678 0.349004
0.384152 -0.208055 1.976460 0.462573 -0.201507 0.789759 0.348859
0.383789 -0.207577 1.976463 0.462524 -0.201551 0.789845 0.348704
0.383433 -0.207097 1.976468 0.462475 -0.201591 0.789936 0.348538
0.383083 -0.206614 1.976476 0.462426 -0.201629 0.790033 0.348363
0.382741 -0.206129 1.976485 0.462377 -0.201662 0.790134 0.348177
0.382405 -0.205641 1.976496 0.462329 -0.201691 0.790241 0.347982
0.382076 -0.205150 1.976508 0.462281 -0.201716 0.790353 0.347778
0.381702 -0.204645 1.976480 0.462241 -0.201766 0.790456 0.347567
0.381300 -0.204137 1.976427 0.462227 -0.201781 0.790505 0.347465
0.380880 -0.203627 1.976357 0.462232 -0.201775 0.790516 0.347438
0.380451 -0.203119 1.976274 0.462248 -0.201760 0.790503 0.347455
0.380017 -0.202612 1.976181 0.462273 -0.201743 0.790475 0.347496
0.379580 -0.202107 1.976083 0.462302 -0.201728 0.790438 0.347550
0.379141 -0.201605 1.975979 0.462334 -0.201715 0.790396 0.347610
0.378701 -0.201105 1.975873 0.462367 -0.201707 0.790351 0.347673
0.378259 -0.200608 1.975764 0.462400 -0.201704 0.790305 0.347735
0.377816 -0.200114 1.975656 0.462432 -0.201705 0.790259 0.347796
0.377373 -0.199622 1.975549 0.462464 -0.201707 0.790214 0.347854
0.376932 -0.199130 1.975445 0.462494 -0.201707 0.790172 0.347910
0.376494 -0.198639 1.975347 0.462523 -0.201705 0.790134 0.347960
0.376057 -0.198147 1.975255 0.462548 -0.201700 0.790100 0.348006
0.375623 -0.197654 1.975169 0.462570 -0.201692 0.790072 0.348046
0.375191 -0.197160 1.975092 0.462586 -0.201681 0.790050 0.348079
0.374761 -0.196664 1.975022 0.462597 -0.201666 0.790037 0.348104
0.374334 -0.196167 1.974959 0.462601 -0.201651 0.790033 0.348117
0.373911 -0.195668 1.974903 0.462599 -0.201636 0.790038 0.348116
0.373492 -0.195167 1.974854 0.462592 -0.201619 0.790053 0.348101
0.373079 -0.194665 1.974810 0.462579 -0.201603 0.790078 0.348072
0.372670 -0.194161 1.974771 0.462561 -0.201585 0.790112 0.348029
0.372266 -0.193654 1.974738 0.462539 -0.201565 0.790155 0.347972
0.371869 -0.193146 1.974708 0.462514 -0.201543 0.790206 0.347900
0.371477 -0.192635 1.974683 0.462486 -0.201520 0.790266 0.347816
0.371092 -0.192122 1.974662 0.462455 -0.201493 0.790334 0.347718
0.370713 -0.191607 1.974643 0.462423 -0.201463 0.790409 0.347608
0.370340 -0.191089 1.974628 0.462389 -0.201430 0.790491 0.347485
0.369975 -0.190568 1.974616 0.462354 -0.201394 0.790580 0.347350
0.369615 -0.190045 1.974606 0.462318 -0.201354 0.790676 0.347203
0.369263 -0.189518 1.974598 0.462282 -0.201309 0.790778 0.347045
0.368918 -0.188989 1.974592 0.462246 -0.201261 0.790886 0.346875
0.368579 -0.188458 1.974588 0.462209 -0.201208 0.791000 0.346695
0.368248 -0.187923 1.974586 0.462174 -0.201150 0.791119 0.346503
0.367923 -0.187386 1.974586 0.462138 -0.201088 0.791244 0.346302
0.367605 -0.186845 1.974586 0.462104 -0.201022 0.791374 0.346090
0.367295 -0.186302 1.974588 0.462070 -0.200951 0.791508 0.345868
0.366991 -0.185756 1.974591 0.462038 -0.200875 0.791648 0.345636
0.366694 -0.185207 1.974595 0.462007 -0.200794 0.791791 0.345395
0.366404 -0.184655 1.974600 0.461977 -0.200708 0.791940 0.345145
0.366047 -0.184090 1.974561 0.461918 -0.200693 0.792094 0.344878
0.365646 -0.183518 1.974494 0.461868 -0.200651 0.792196 0.344736
0.365221 -0.182942 1.974406 0.461827 -0.200587 0.792260 0.344682
0.364781 -0.182364 1.974304 0.461793 -0.200512 0.792299 0.344680
0.364334 -0.181785 1.974190 0.461764 -0.200433 0.792324 0.344708
0.363884 -0.181206 1.974070 0.461741 -0.200351 0.792339 0.344752
0.363435 -0.180625 1.973946 0.461722 -0.200264 0.792349 0.344804
0.362990 -0.180043 1.973822 0.461709 -0.200171 0.792356 0.344860
0.362548 -0.179458 1.973699 0.461698 -0.200072 0.792363 0.344915
0.362111 -0.178872 1.973579 0.461689 -0.199967 0.792372 0.344969
0.361679 -0.178283 1.973464 0.461680 -0.199857 0.792383 0.345019
0.361250 -0.177691 1.973354 0.461670 -0.199741 0.792399 0.345063
0.360826 -0.177096 1.973252 0.461657 -0.199619 0.792420 0.345101
0.360405 -0.176500 1.973156 0.461641 -0.199495 0.792449 0.345129
0.359990 -0.175900 1.973066 0.461620 -0.199368 0.792486 0.345144
0.359580 -0.175299 1.972982 0.461596 -0.199240 0.792532 0.345145
0.359175 -0.174696 1.972904 0.461568 -0.199111 0.792587 0.345131
0.358777 -0.174090 1.972831 0.461536 -0.198981 0.792651 0.345104
0.358384 -0.173483 1.972763 0.461501 -0.198848 0.792722 0.345061
0.357998 -0.172874 1.972699 0.461464 -0.198714 0.792802 0.345005
0.357618 -0.172262 1.972640 0.461425 -0.198578 0.792890 0.344935
0.357244 -0.171649 1.972584 0.461384 -0.198439 0.792985 0.344851
0.356877 -0.171034 1.972532 0.461341 -0.198298 0.793087 0.344754
0.356516 -0.170418 1.972483 0.461298 -0.198153 0.793196 0.344644
0.356162 -0.169799 1.972438 0.461255 -0.198006 0.793311 0.344522
0.355814 -0.169179 1.972395 0.461211 -0.197856 0.793432 0.344387
0.355473 -0.168556 1.972355 0.461166 -0.197703 0.793560 0.344241
0.355139 -0.167933 1.972317 0.461122 -0.197546 0.793693 0.344083
0.354811 -0.167307 1.972282 0.461079 -0.197386 0.793832 0.343913
0.354489 -0.166680 1.972249 0.461036 -0.197223 0.793976 0.343733
0.354174 -0.166051 1.972218 0.460993 -0.197056 0.794124 0.343541
0.353865 -0.165420 1.972188 0.460952 -0.196886 0.794278 0.343339
0.353563 -0.164788 1.972161 0.460911 -0.196712 0.794436 0.343127
0.353267 -0.164154 1.972135 0.460872 -0.196534 0.794599 0.342905
0.352977 -0.163519 1.972110 0.460834 -0.196353 0.794766 0.342672
0.352693 -0.162882 1.972088 0.460797 -0.196168 0.794938 0.342431
0.352415 -0.162244 1.972066 0.460761 -0.195980 0.795113 0.342179
0.352143 -0.161604 1.972046 0.460728 -0.195787 0.795292 0.341919
0.351877 -0.160963 1.972027 0.460695 -0.195592 0.795474 0.341650
0.351617 -0.160320 1.972009 0.460665 -0.195392 0.795660 0.341371
0.351304 -0.159681 1.971950 0.460635 -0.195321 0.795819 0.341082
0.350954 -0.159044 1.971868 0.460631 -0.195232 0.795907 0.340933
0.350582 -0.158405 1.971771 0.460643 -0.195121 0.795951 0.340877
0.350197 -0.157765 1.971666 0.460665 -0.194993 0.795971 0.340875
0.349806 -0.157122 1.971556 0.460692 -0.194852 0.795980 0.340900
0.349411 -0.156476 1.971446 0.460721 -0.194700 0.795984 0.340937
0.349016 -0.155827 1.971337 0.460750 -0.194538 0.795989 0.340978
0.348623 -0.155176 1.971232 0.460777 -0.194369 0.795999 0.341014
0.348233 -0.154521 1.971129 0.460803 -0.194194 0.796015 0.341041
0.347847 -0.153865 1.971031 0.460825 -0.194014 0.796040 0.341056
0.347465 -0.153206 1.970936 0.460845 -0.193829 0.796073 0.341057
0.347089 -0.152545 1.970845 0.460862 -0.193641 0.796115 0.341044
0.346719 -0.151881 1.970758 0.460876 -0.193448 0.796165 0.341016
0.346355 -0.151216 1.970675 0.460888 -0.193252 0.796224 0.340974
0.345996 -0.150550 1.970595 0.460898 -0.193052 0.796291 0.340917
0.345643 -0.149881 1.970518 0.460906 -0.192849 0.796366 0.340847
0.345297 -0.149212 1.970445 0.460913 -0.192642 0.796448 0.340763
0.344956 -0.148540 1.970375 0.460918 -0.192431 0.796537 0.340665
0.344621 -0.147868 1.970308 0.460922 -0.192218 0.796634 0.340555
0.344292 -0.147194 1.970244 0.460924 -0.192001 0.796738 0.340432
0.343969 -0.146519 1.970182 0.460926 -0.191780 0.796847 0.340296
0.343651 -0.145843 1.970124 0.460927 -0.191557 0.796964 0.340149
0.343339 -0.145166 1.970067 0.460927 -0.191330 0.797086 0.339989
0.343033 -0.144487 1.970013 0.460927 -0.191101 0.797214 0.339818
0.342732 -0.143808 1.969962 0.460927 -0.190868 0.797348 0.339636
0.342437 -0.143129 1.969912 0.460926 -0.190632 0.797487 0.339443
0.342147 -0.142448 1.969865 0.460925 -0.190394 0.797631 0.339239
0.341863 -0.141767 1.969820 0.460925 -0.190152 0.797780 0.339025
0.341583 -0.141085 1.969776 0.460924 -0.189908 0.797934 0.338800
0.341309 -0.140402 1.969735 0.460923 -0.189661 0.798093 0.338565
0.341040 -0.139719 1.969695 0.460923 -0.189411 0.798256 0.338321
0.340776 -0.139035 1.969657 0.460923 -0.189158 0.798423 0.338067
0.340517 -0.138350 1.969621 0.460924 -0.188903 0.798594 0.337804
0.340263 -0.137665 1.969586 0.460925 -0.188645 0.798770 0.337532
0.340013 -0.136980 1.969553 0.460927 -0.188385 0.798949 0.337251
0.339768 -0.136294 1.969521 0.460929 -0.188122 0.799132 0.336961
0.339528 -0.135608 1.969490 0.460932 -0.187856 0.799318 0.336662
0.339292 -0.134922 1.969461 0.460936 -0.187588 0.799508 0.336356
0.339061 -0.134235 1.969433 0.460940 -0.187318 0.799701 0.336041
0.338834 -0.133548 1.969406 0.460946 -0.187045 0.799898 0.335718
0.338556 -0.132875 1.969347 0.460924 -0.187009 0.800091 0.335307
0.338239 -0.132208 1.969271 0.460915 -0.186987 0.800210 0.335047
0.337897 -0.131542 1.969187 0.460913 -0.186956 0.800283 0.334894
0.337539 -0.130875 1.969098 0.460911 -0.186915 0.800332 0.334801
0.337170 -0.130204 1.969009 0.460907 -0.186864 0.800373 0.334739
0.336795 -0.129530 1.968922 0.460898 -0.186803 0.800412 0.334691
0.336416 -0.128851 1.968840 0.460886 -0.186730 0.800455 0.334646
0.336035 -0.128169 1.968763 0.460868 -0.186647 0.800504 0.334600
0.335653 -0.127482 1.968694 0.460844 -0.186553 0.800561 0.334549
0.335270 -0.126791 1.968631 0.460813 -0.186450 0.800628 0.334488
0.334889 -0.126096 1.968575 0.460775 -0.186339 0.800707 0.334414
0.334509 -0.125398 1.968526 0.460732 -0.186221 0.800796 0.334325
0.334132 -0.124697 1.968482 0.460682 -0.186096 0.800897 0.334221
0.333759 -0.123994 1.968444 0.460628 -0.185965 0.801009 0.334102
0.333389 -0.123288 1.968411 0.460569 -0.185828 0.801131 0.333967
0.333022 -0.122581 1.968382 0.460506 -0.185685 0.801262 0.333818
0.332660 -0.121872 1.968358 0.460441 -0.185536 0.801402 0.333655
0.332302 -0.121160 1.968337 0.460373 -0.185381 0.801550 0.333478
0.331948 -0.120448 1.968320 0.460302 -0.185222 0.801707 0.333288
0.331599 -0.119735 1.968307 0.460230 -0.185056 0.801871 0.333085
0.331254 -0.119020 1.968296 0.460157 -0.184886 0.802041 0.332870
0.330914 -0.118305 1.968288 0.460083 -0.184710 0.802218 0.332644
0.330578 -0.117589 1.968282 0.460008 -0.184529 0.802401 0.332405
0.330247 -0.116872 1.968278 0.459934 -0.184344 0.802590 0.332156
0.329921 -0.116155 1.968277 0.459859 -0.184153 0.802784 0.331896
0.329599 -0.115438 1.968277 0.459784 -0.183958 0.802983 0.331626
0.329282 -0.114720 1.968279 0.459710 -0.183758 0.803187 0.331346
0.328969 -0.114002 1.968282 0.459637 -0.183554 0.803395 0.331056
0.328661 -0.113285 1.968287 0.459564 -0.183346 0.803608 0.330756
0.328357 -0.112567 1.968293 0.459492 -0.183133 0.803824 0.330448
0.328057 -0.111849 1.968300 0.459422 -0.182916 0.804044 0.330131
0.327762 -0.111131 1.968309 0.459353 -0.182695 0.804268 0.329805
0.327471 -0.110414 1.968318 0.459285 -0.182470 0.804495 0.329470
0.327185 -0.109697 1.968328 0.459218 -0.182241 0.804724 0.329128
0.326903 -0.108980 1.968339 0.459153 -0.182008 0.804957 0.328778
0.326625 -0.108264 1.968350 0.459090 -0.181772 0.805193 0.328419
0.326351 -0.107547 1.968363 0.459029 -0.181532 0.805431 0.328054
0.326081 -0.106832 1.968376 0.458969 -0.181289 0.805672 0.327681
0.325815 -0.106117 1.968389 0.458911 -0.181042 0.805915 0.327301
0.325553 -0.105402 1.968403 0.458854 -0.180792 0.806160 0.326913
0.325245 -0.104713 1.968379 0.458780 -0.180792 0.806361 0.326522
0.324903 -0.104037 1.968332 0.458720 -0.180824 0.806472 0.326315
0.324540 -0.103366 1.968269 0.458670 -0.180858 0.806527 0.326230
0.324165 -0.102695 1.968194 0.458624 -0.180888 0.806554 0.326211
0.323786 -0.102023 1.968112 0.458582 -0.180909 0.806568 0.326225
0.323406 -0.101346 1.968024 0.458542 -0.180919 0.806578 0.326251
0.323029 -0.100665 1.967933 0.458505 -0.180915 0.806588 0.326279
0.322656 -0.099980 1.967839 0.458470 -0.180896 0.806603 0.326302
0.322289 -0.099289 1.967744 0.458439 -0.180863 0.806623 0.326317
0.321927 -0.098595 1.967649 0.458409 -0.180814 0.806649 0.326320
0.321571 -0.097895 1.967554 0.458382 -0.180750 0.806683 0.326310
0.321221 -0.097192 1.967459 0.458356 -0.180672 0.806724 0.326287
0.320878 -0.096485 1.967366 0.458331 -0.180580 0.806773 0.326251
0.320540 -0.095774 1.967274 0.458308 -0.180475 0.806830 0.326201
0.320208 -0.095060 1.967184 0.458286 -0.180358 0.806895 0.326137
0.319881 -0.094344 1.967095 0.458265 -0.180229 0.806968 0.326059
0.319560 -0.093625 1.967009 0.458244 -0.180090 0.807048 0.325967
0.319243 -0.092903 1.966924 0.458224 -0.179939 0.807135 0.325862
0.318932 -0.092180 1.966842 0.458204 -0.179780 0.807230 0.325744
0.318625 -0.091455 1.966761 0.458184 -0.179610 0.807331 0.325613
0.318322 -0.090729 1.966683 0.458165 -0.179433 0.807440 0.325469
0.318024 -0.090002 1.966607 0.458146 -0.179247 0.807555 0.325312
0.317730 -0.089273 1.966534 0.458127 -0.179053 0.807676 0.325144
0.317440 -0.088544 1.966462 0.458108 -0.178852 0.807804 0.324963
0.317154 -0.087814 1.966393 0.458090 -0.178644 0.807938 0.324771
0.316871 -0.087083 1.966325 0.458072 -0.178429 0.808078 0.324567
0.316592 -0.086352 1.966260 0.458054 -0.178208 0.808223 0.324352
0.316317 -0.085621 1.966197 0.458037 -0.177981 0.808373 0.324126
0.316045 -0.084890 1.966136 0.458020 -0.177749 0.808529 0.323889
0.315776 -0.084158 1.966078 0.458003 -0.177511 0.808690 0.323642
0.315510 -0.083427 1.966021 0.457986 -0.177268 0.808855 0.323385
0.315248 -0.082697 1.965966 0.457970 -0.177020 0.809026 0.323117
0.314988 -0.081966 1.965913 0.457954 -0.176768 0.809200 0.322840
0.314732 -0.081236 1.965862 0.457939 -0.176511 0.809379 0.322553
0.314478 -0.080506 1.965812 0.457925 -0.176250 0.809562 0.322257
0.314227 -0.079777 1.965765 0.457911 -0.175985 0.809749 0.321952
0.313979 -0.079049 1.965719 0.457897 -0.175716 0.809940 0.321638
0.313733 -0.078321 1.965675 0.457884 -0.175443 0.810135 0.321315
0.313491 -0.077594 1.965632 0.457872 -0.175167 0.810333 0.320983
0.313250 -0.076868 1.965591 0.457861 -0.174888 0.810534 0.320644
0.312959 -0.076168 1.965527 0.457791 -0.174918 0.810734 0.320221
0.312627 -0.075481 1.965454 0.457712 -0.174989 0.810858 0.319980
0.312266 -0.074798 1.965378 0.457623 -0.175067 0.810939 0.319861
0.311886 -0.074114 1.965300 0.457523 -0.175144 0.811000 0.319806
0.311495 -0.073425 1.965223 0.457413 -0.175214 0.811058 0.319779
0.311097 -0.072731 1.965149 0.457295 -0.175275 0.811118 0.319761
0.310697 -0.072031 1.965076 0.457170 -0.175323 0.811187 0.319739
0.310296 -0.071324 1.965007 0.457041 -0.175357 0.811264 0.319709
0.309896 -0.070611 1.964942 0.456909 -0.175375 0.811352 0.319665
0.309498 -0.069893 1.964879 0.456774 -0.175377 0.811451 0.319606
0.309102 -0.069168 1.964821 0.456637 -0.175364 0.811560 0.319532
0.308710 -0.068439 1.964765 0.456499 -0.175335 0.811679 0.319442
0.308322 -0.067705 1.964713 0.456360 -0.175291 0.811809 0.319336
0.307937 -0.066967 1.964664 0.456220 -0.175233 0.811948 0.319214
0.307556 -0.066225 1.964619 0.456081 -0.175161 0.812095 0.319077
0.307179 -0.065480 1.964576 0.455941 -0.175077 0.812252 0.318924
0.306805 -0.064732 1.964536 0.455801 -0.174979 0.812417 0.318757
0.306435 -0.063982 1.964499 0.455662 -0.174871 0.812589 0.318576
0.306069 -0.063230 1.964464 0.455524 -0.174751 0.812769 0.318381
0.305707 -0.062476 1.964432 0.455387 -0.174620 0.812956 0.318172
0.305348 -0.061721 1.964402 0.455251 -0.174480 0.813149 0.317950
0.304993 -0.060966 1.964374 0.455115 -0.174330 0.813348 0.317716
0.304641 -0.060209 1.964349 0.454982 -0.174171 0.813553 0.317470
0.304293 -0.059452 1.964325 0.454849 -0.174003 0.813764 0.317212
0.303948 -0.058694 1.964303 0.454719 -0.173827 0.813979 0.316943
0.303606 -0.057937 1.964283 0.454590 -0.173644 0.814199 0.316663
0.303268 -0.057180 1.964264 0.454462 -0.173453 0.814424 0.316372
0.302933 -0.056422 1.964247 0.454337 -0.173255 0.814653 0.316071
0.302601 -0.055666 1.964232 0.454213 -0.173050 0.814886 0.315759
0.302272 -0.054910 1.964218 0.454092 -0.172839 0.815123 0.315438
0.301946 -0.054155 1.964205 0.453973 -0.172622 0.815364 0.315107
0.301623 -0.053401 1.964194 0.453856 -0.172399 0.815607 0.314767
0.301303 -0.052647 1.964184 0.453741 -0.172170 0.815854 0.314418
0.300986 -0.051895 1.964175 0.453628 -0.171937 0.816104 0.314061
0.300672 -0.051144 1.964167 0.453518 -0.171698 0.816356 0.313694
0.300360 -0.050394 1.964160 0.453410 -0.171454 0.816611 0.313320
0.300051 -0.049646 1.964154 0.453304 -0.171206 0.816869 0.312938
0.299745 -0.048899 1.964149 0.453200 -0.170953 0.817128 0.312547
0.299442 -0.048153 1.964145 0.453100 -0.170696 0.817390 0.312149
0.299141 -0.047409 1.964141 0.453001 -0.170435 0.817654 0.311744
0.298804 -0.046702 1.964103 0.452850 -0.170472 0.817918 0.311248
0.298439 -0.046016 1.964044 0.452699 -0.170560 0.818111 0.310913
0.298056 -0.045341 1.963970 0.452551 -0.170659 0.818256 0.310693
0.297661 -0.044671 1.963885 0.452404 -0.170759 0.818375 0.310539
0.297261 -0.044004 1.963793 0.452260 -0.170853 0.818481 0.310418
0.296859 -0.043336 1.963696 0.452118 -0.170936 0.818581 0.310314
0.296457 -0.042667 1.963596 0.451981 -0.171007 0.818680 0.310215
0.296058 -0.041995 1.963493 0.451847 -0.171062 0.818780 0.310115
0.295661 -0.041321 1.963390 0.451717 -0.171102 0.818884 0.310008
0.295268 -0.040644 1.963286 0.451591 -0.171125 0.818992 0.309893
0.294879 -0.039964 1.963183 0.451468 -0.171133 0.819105 0.309769
0.294494 -0.039282 1.963080 0.451348 -0.171126 0.819224 0.309633
0.294113 -0.038598 1.962979 0.451231 -0.171104 0.819349 0.309486
0.293736 -0.037911 1.962880 0.451116 -0.171068 0.819480 0.309327
0.293362 -0.037222 1.962783 0.451004 -0.171018 0.819616 0.309156
0.292992 -0.036532 1.962687 0.450894 -0.170956 0.819759 0.308973
0.292626 -0.035841 1.962594 0.450786 -0.170882 0.819907 0.308778
0.292264 -0.035148 1.962503 0.450681 -0.170797 0.820061 0.308571
0.291904 -0.034454 1.962415 0.450577 -0.170701 0.820220 0.308352
0.291548 -0.033760 1.962329 0.450474 -0.170595 0.820385 0.308122
0.291195 -0.033065 1.962245 0.450374 -0.170479 0.820555 0.307880
0.290845 -0.032370 1.962164 0.450275 -0.170353 0.820730 0.307628
0.290498 -0.031674 1.962085 0.450178 -0.170219 0.820909 0.307364
0.290154 -0.030978 1.962008 0.450083 -0.170077 0.821094 0.307090
0.289812 -0.030283 1.961934 0.449989 -0.169927 0.821283 0.306805
0.289473 -0.029587 1.961862 0.449897 -0.169769 0.821476 0.306510
0.289137 -0.028892 1.961793 0.449807 -0.169604 0.821673 0.306205
0.288803 -0.028197 1.961725 0.449718 -0.169432 0.821874 0.305890
0.288471 -0.027503 1.961660 0.449632 -0.169254 0.822079 0.305566
0.288142 -0.026810 1.961597 0.449547 -0.169069 0.822288 0.305232
0.287816 -0.026117 1.961536 0.449463 -0.168878 0.822499 0.304889
0.287491 -0.025425 1.961477 0.449382 -0.168681 0.822715 0.304538
0.287169 -0.024733 1.961420 0.449302 -0.168479 0.822933 0.304177
0.286849 -0.024043 1.961365 0.449225 -0.168271 0.823154 0.303808
0.286531 -0.023353 1.961311 0.449149 -0.168059 0.823378 0.303431
0.286216 -0.022665 1.961260 0.449075 -0.167841 0.823605 0.303046
0.285902 -0.021977 1.961210 0.449003 -0.167618 0.823834 0.302653
0.285591 -0.021291 1.961162 0.448933 -0.167391 0.824065 0.302252
0.285281 -0.020606 1.961116 0.448864 -0.167159 0.824299 0.301843
0.284973 -0.019921 1.961072 0.448798 -0.166923 0.824535 0.301427
0.284651 -0.019271 1.961011 0.448703 -0.166940 0.824714 0.301071
0.284312 -0.018636 1.960945 0.448611 -0.166986 0.824805 0.300933
0.283957 -0.018007 1.960876 0.448516 -0.167035 0.824848 0.300928
0.283592 -0.017377 1.960807 0.448414 -0.167080 0.824873 0.300987
0.283220 -0.016744 1.960738 0.448304 -0.167117 0.824894 0.301073
0.282843 -0.016105 1.960672 0.448188 -0.167142 0.824920 0.301163
0.282463 -0.015459 1.960607 0.448066 -0.167154 0.824953 0.301246
0.282083 -0.014806 1.960545 0.447941 -0.167149 0.824996 0.301317
0.281701 -0.014147 1.960486 0.447814 -0.167129 0.825049 0.301371
0.281321 -0.013482 1.960429 0.447684 -0.167092 0.825114 0.301408
0.280941 -0.012811 1.960375 0.447553 -0.167039 0.825189 0.301426
0.280563 -0.012134 1.960325 0.447420 -0.166970 0.825275 0.301424
0.280186 -0.011452 1.960277 0.447287 -0.166886 0.825372 0.301404
0.279810 -0.010766 1.960232 0.447154 -0.166787 0.825478 0.301365
0.279437 -0.010075 1.960189 0.447021 -0.166676 0.825594 0.301307
0.279065 -0.009381 1.960150 0.446887 -0.166551 0.825719 0.301231
0.278694 -0.008685 1.960113 0.446754 -0.166414 0.825853 0.301138
0.278326 -0.007985 1.960079 0.446622 -0.166266 0.825995 0.301028
0.277959 -0.007283 1.960047 0.446490 -0.166107 0.826144 0.300901
0.277594 -0.006580 1.960017 0.446358 -0.165938 0.826301 0.300759
0.277231 -0.005874 1.959989 0.446228 -0.165759 0.826465 0.300600
0.276869 -0.005168 1.959964 0.446098 -0.165571 0.826635 0.300427
0.276509 -0.004460 1.959941 0.445970 -0.165374 0.826812 0.300239
0.276151 -0.003752 1.959919 0.445843 -0.165170 0.826995 0.300037
0.275795 -0.003044 1.959900 0.445718 -0.164958 0.827183 0.299821
0.275440 -0.002335 1.959882 0.445594 -0.164738 0.827377 0.299592
0.275087 -0.001626 1.959866 0.445472 -0.164512 0.827575 0.299350
0.274735 -0.000917 1.959851 0.445351 -0.164279 0.827778 0.299095
0.274386 -0.000209 1.959838 0.445232 -0.164041 0.827986 0.298829
0.274037 0.000499 1.959826 0.445115 -0.163796 0.828198 0.298550
0.273691 0.001206 1.959816 0.445000 -0.163546 0.828414 0.298260
0.273345 0.001913 1.959806 0.444887 -0.163290 0.828633 0.297958
0.273002 0.002619 1.959799 0.444776 -0.163030 0.828856 0.297646
0.272660 0.003323 1.959792 0.444667 -0.162765 0.829083 0.297324
0.272319 0.004027 1.959786 0.444560 -0.162495 0.829312 0.296991
0.271980 0.004730 1.959782 0.444455 -0.162221 0.829544 0.296648
0.271643 0.005431 1.959778 0.444353 -0.161943 0.829780 0.296295
0.271307 0.006131 1.959775 0.444252 -0.161661 0.830017 0.295933
0.270972 0.006829 1.959774 0.444154 -0.161376 0.830258 0.295562
0.270639 0.007527 1.959773 0.444059 -0.161086 0.830500 0.295182
0.270313 0.008185 1.959753 0.443902 -0.161125 0.830731 0.294746
0.269986 0.008824 1.959724 0.443742 -0.161216 0.830887 0.294499
0.269656 0.009455 1.959687 0.443586 -0.161312 0.830993 0.294382
0.269325 0.010084 1.959642 0.443435 -0.161399 0.831071 0.294343
0.268993 0.010713 1.959591 0.443289 -0.161469 0.831134 0.294344
0.268662 0.011346 1.959536 0.443147 -0.161522 0.831194 0.294361
0.268332 0.011984 1.959478 0.443009 -0.161555 0.831254 0.294380
0.268002 0.012626 1.959417 0.442874 -0.161568 0.831319 0.294394
0.267673 0.013273 1.959356 0.442742 -0.161562 0.831389 0.294399
0.267346 0.013924 1.959294 0.442612 -0.161536 0.831465 0.294391
0.267020 0.014580 1.959232 0.442486 -0.161492 0.831549 0.294369
0.266695 0.015240 1.959171 0.442361 -0.161431 0.831640 0.294332
0.266372 0.015904 1.959111 0.442239 -0.161354 0.831739 0.294280
0.266049 0.016571 1.959052 0.442118 -0.161261 0.831845 0.294212
0.265727 0.017241 1.958995 0.442000 -0.161154 0.831958 0.294129
0.265406 0.017913 1.958939 0.441883 -0.161033 0.832078 0.294031
0.265086 0.018588 1.958884 0.441768 -0.160900 0.832205 0.293917
0.264767 0.019265 1.958832 0.441654 -0.160755 0.832339 0.293789
0.264448 0.019943 1.958781 0.441542 -0.160599 0.832479 0.293645
0.264130 0.020623 1.958733 0.441432 -0.160432 0.832625 0.293487
0.263812 0.021304 1.958686 0.441322 -0.160255 0.832778 0.293315
0.263494 0.021985 1.958641 0.441215 -0.160070 0.832936 0.293129
0.263177 0.022667 1.958598 0.441109 -0.159875 0.833100 0.292929
0.262861 0.023350 1.958557 0.441004 -0.159673 0.833269 0.292716
0.262544 0.024032 1.958518 0.440901 -0.159462 0.833443 0.292490
0.262228 0.024715 1.958480 0.440799 -0.159245 0.833622 0.292251
0.261913 0.025398 1.958445 0.440699 -0.159020 0.833806 0.292000
0.261597 0.026080 1.958411 0.440601 -0.158789 0.833994 0.291737
0.261282 0.026762 1.958379 0.440505 -0.158552 0.834186 0.291461
0.260967 0.027443 1.958348 0.440410 -0.158309 0.834383 0.291175
0.260652 0.028124 1.958319 0.440317 -0.158060 0.834583 0.290877
0.260338 0.028805 1.958292 0.440226 -0.157806 0.834787 0.290568
0.260023 0.029484 1.958266 0.440136 -0.157547 0.834994 0.290249
0.259709 0.030162 1.958241 0.440049 -0.157283 0.835204 0.289919
0.259396 0.030839 1.958218 0.439963 -0.157014 0.835418 0.289579
0.259082 0.031516 1.958196 0.439880 -0.156741 0.835634 0.289229
0.258769 0.032191 1.958176 0.439798 -0.156464 0.835854 0.288870
0.258456 0.032865 1.958157 0.439718 -0.156182 0.836076 0.288501
0.258143 0.033538 1.958139 0.439640 -0.155897 0.836300 0.288123
0.257831 0.034209 1.958122 0.439565 -0.155608 0.836527 0.287736
0.257537 0.034839 1.958088 0.439444 -0.155584 0.836721 0.287369
0.257250 0.035445 1.958043 0.439325 -0.155603 0.836844 0.287182
0.256965 0.036038 1.957991 0.439212 -0.155630 0.836923 0.287110
0.256680 0.036625 1.957933 0.439101 -0.155655 0.836981 0.287097
0.256395 0.037208 1.957870 0.438993 -0.155673 0.837030 0.287110
0.256110 0.037790 1.957804 0.438888 -0.155681 0.837075 0.287133
0.255825 0.038371 1.957735 0.438786 -0.155676 0.837122 0.287155
0.255540 0.038954 1.957665 0.438687 -0.155658 0.837172 0.287171
0.255256 0.039537 1.957595 0.438591 -0.155627 0.837226 0.287178
0.254971 0.040122 1.957524 0.438498 -0.155582 0.837285 0.287173
0.254687 0.040708 1.957454 0.438407 -0.155525 0.837349 0.287154
0.254403 0.041295 1.957384 0.438318 -0.155456 0.837419 0.287122
0.254118 0.041884 1.957316 0.438232 -0.155374 0.837496 0.287076
0.253833 0.042474 1.957249 0.438148 -0.155282 0.837578 0.287015
0.253549 0.043065 1.957183 0.438065 -0.155179 0.837666 0.286940
0.253263 0.043657 1.957119 0.437985 -0.155065 0.837760 0.286850
0.252978 0.044251 1.957056 0.437906 -0.154942 0.837859 0.286746
0.252692 0.044845 1.956996 0.437828 -0.154810 0.837965 0.286627
0.252406 0.045440 1.956937 0.437753 -0.154669 0.838076 0.286494
0.252119 0.046036 1.956880 0.437678 -0.154519 0.838193 0.286347
0.251831 0.046632 1.956825 0.437606 -0.154362 0.838315 0.286186
0.251543 0.047230 1.956772 0.437534 -0.154197 0.838442 0.286011
0.251255 0.047827 1.956720 0.437465 -0.154024 0.838574 0.285823
0.250966 0.048425 1.956671 0.437396 -0.153845 0.838711 0.285621
0.250676 0.049024 1.956624 0.437329 -0.153658 0.838853 0.285407
0.250386 0.049623 1.956578 0.437264 -0.153466 0.839000 0.285180
0.250095 0.050222 1.956534 0.437201 -0.153267 0.839151 0.284941
0.249804 0.050821 1.956492 0.437138 -0.153062 0.839306 0.284689
0.249512 0.051420 1.956451 0.437078 -0.152851 0.839465 0.284426
0.249219 0.052019 1.956412 0.437019 -0.152635 0.839628 0.284151
0.248926 0.052619 1.956375 0.436962 -0.152413 0.839795 0.283864
0.248633 0.053218 1.956340 0.436906 -0.152187 0.839966 0.283567
0.248339 0.053817 1.956306 0.436852 -0.151955 0.840140 0.283258
0.248044 0.054416 1.956273 0.436800 -0.151718 0.840317 0.282939
0.247749 0.055015 1.956242 0.436749 -0.151477 0.840498 0.282610
0.247453 0.055614 1.956212 0.436701 -0.151231 0.840681 0.282270
0.247157 0.056212 1.956184 0.436654 -0.150981 0.840868 0.281921
0.246861 0.056810 1.956157 0.436608 -0.150727 0.841057 0.281562
0.246564 0.057408 1.956131 0.436565 -0.150469 0.841250 0.281193
0.246266 0.058006 1.956106 0.436523 -0.150206 0.841444 0.280815
0.246012 0.058563 1.956069 0.436411 -0.150230 0.841603 0.280503
0.245780 0.059100 1.956024 0.436282 -0.150322 0.841699 0.280364
0.245561 0.059628 1.955971 0.436147 -0.150439 0.841758 0.280335
0.245350 0.060151 1.955912 0.436011 -0.150557 0.841798 0.280362
0.245146 0.060675 1.955847 0.435877 -0.150667 0.841830 0.280415
0.244945 0.061200 1.955777 0.435748 -0.150762 0.841860 0.280476
0.244748 0.061727 1.955701 0.435624 -0.150839 0.841889 0.280538
0.244553 0.062258 1.955623 0.435506 -0.150897 0.841921 0.280595
0.244359 0.062791 1.955541 0.435395 -0.150937 0.841956 0.280642
0.244166 0.063328 1.955457 0.435289 -0.150957 0.841995 0.280679
0.243974 0.063869 1.955372 0.435188 -0.150960 0.842038 0.280704
0.243781 0.064412 1.955286 0.435093 -0.150946 0.842086 0.280715
0.243589 0.064958 1.955199 0.435003 -0.150916 0.842138 0.280713
0.243395 0.065506 1.955112 0.434917 -0.150870 0.842196 0.280697
0.243200 0.066057 1.955026 0.434835 -0.150811 0.842259 0.280667
0.243004 0.066611 1.954940 0.434757 -0.150737 0.842328 0.280621
0.242807 0.067166 1.954855 0.434683 -0.150652 0.842401 0.280562
0.242608 0.067724 1.954771 0.434611 -0.150554 0.842481 0.280487
0.242408 0.068284 1.954688 0.434543 -0.150445 0.842565 0.280398
0.242205 0.068846 1.954607 0.434478 -0.150325 0.842654 0.280295
0.242000 0.069409 1.954527 0.434415 -0.150195 0.842749 0.280177
0.241794 0.069973 1.954448 0.434355 -0.150056 0.842849 0.280045
0.241585 0.070540 1.954372 0.434297 -0.149907 0.842953 0.279899
0.241374 0.071107 1.954297 0.434242 -0.149750 0.843063 0.279739
0.241161 0.071676 1.954224 0.434189 -0.149584 0.843177 0.279566
0.240946 0.072246 1.954152 0.434139 -0.149410 0.843296 0.279379
0.240729 0.072816 1.954083 0.434091 -0.149229 0.843419 0.279179
0.240509 0.073388 1.954015 0.434044 -0.149040 0.843546 0.278966
0.240287 0.073961 1.953949 0.434000 -0.148845 0.843678 0.278740
0.240063 0.074534 1.953884 0.433958 -0.148642 0.843814 0.278502
0.239837 0.075108 1.953822 0.433918 -0.148434 0.843954 0.278252
0.239609 0.075683 1.953761 0.433881 -0.148219 0.844098 0.277990
0.239379 0.076258 1.953702 0.433845 -0.147998 0.844245 0.277716
0.239146 0.076834 1.953644 0.433811 -0.147771 0.844396 0.277431
0.238912 0.077411 1.953588 0.433779 -0.147539 0.844550 0.277134
0.238675 0.077987 1.953534 0.433749 -0.147302 0.844708 0.276827
0.238436 0.078564 1.953481 0.433721 -0.147059 0.844868 0.276508
0.238196 0.079141 1.953429 0.433695 -0.146812 0.845032 0.276180
0.237953 0.079719 1.953380 0.433671 -0.146560 0.845199 0.275841
0.237708 0.080296 1.953331 0.433649 -0.146303 0.845368 0.275492
0.237510 0.080847 1.953284 0.433555 -0.146260 0.845500 0.275261
0.237339 0.081386 1.953236 0.433432 -0.146291 0.845596 0.275141
0.237185 0.081920 1.953184 0.433297 -0.146354 0.845673 0.275084
0.237042 0.082454 1.953129 0.433158 -0.146424 0.845741 0.275056
0.236907 0.082989 1.953069 0.433021 -0.146489 0.845806 0.275038
0.236777 0.083526 1.953004 0.432889 -0.146540 0.845870 0.275022
0.236650 0.084066 1.952935 0.432765 -0.146576 0.845934 0.275002
0.236526 0.084610 1.952862 0.432648 -0.146594 0.846000 0.274975
0.236403 0.085156 1.952785 0.432539 -0.146594 0.846067 0.274938
0.236280 0.085704 1.952706 0.432437 -0.146577 0.846137 0.274891
0.236158 0.086256 1.952624 0.432343 -0.146543 0.846210 0.274834
0.236034 0.086809 1.952540 0.432257 -0.146493 0.846285 0.274764
0.235909 0.087365 1.952455 0.432176 -0.146429 0.846363 0.274683
0.235783 0.087923 1.952369 0.432102 -0.146351 0.846445 0.274590
0.235654 0.088482 1.952282 0.432034 -0.146259 0.846530 0.274484
0.235524 0.089044 1.952195 0.431971 -0.146155 0.846618 0.274366
0.235390 0.089607 1.952107 0.431914 -0.146039 0.846710 0.274236
0.235254 0.090171 1.952020 0.431861 -0.145912 0.846806 0.274092
0.235115 0.090737 1.951934 0.431812 -0.145775 0.846905 0.273936
0.234973 0.091304 1.951848 0.431767 -0.145627 0.847007 0.273768
0.234828 0.091872 1.951762 0.431727 -0.145470 0.847113 0.273587
0.234680 0.092441 1.951678 0.431690 -0.145304 0.847223 0.273393
0.234528 0.093012 1.951595 0.431657 -0.145130 0.847336 0.273188
0.234373 0.093583 1.951512 0.431627 -0.144948 0.847453 0.272970
0.234214 0.094155 1.951431 0.431600 -0.144758 0.847573 0.272740
0.234052 0.094728 1.951351 0.431576 -0.144560 0.847696 0.272499
0.233887 0.095301 1.951272 0.431556 -0.144355 0.847823 0.272246
0.233719 0.095875 1.951194 0.431538 -0.144144 0.847953 0.271981
0.233546 0.096450 1.951118 0.431523 -0.143926 0.848086 0.271706
0.233371 0.097025 1.951043 0.431510 -0.143701 0.848222 0.271419
0.233192 0.097600 1.950970 0.431500 -0.143471 0.848361 0.271121
0.233010 0.098176 1.950897 0.431493 -0.143235 0.848503 0.270813
0.232825 0.098752 1.950826 0.431488 -0.142994 0.848648 0.270495
0.232636 0.099329 1.950757 0.431486 -0.142747 0.848795 0.270166
0.232444 0.099906 1.950688 0.431485 -0.142495 0.848946 0.269828
0.232248 0.100482 1.950621 0.431487 -0.142238 0.849098 0.269479
0.232050 0.101059 1.950556 0.431491 -0.141976 0.849254 0.269122
0.231848 0.101637 1.950491 0.431498 -0.141710 0.849411 0.268754
0.231644 0.102214 1.950428 0.431506 -0.141439 0.849571 0.268378
0.231436 0.102791 1.950366 0.431516 -0.141164 0.849733 0.267993
0.231288 0.103358 1.950318 0.431481 -0.141028 0.849823 0.267835
0.231178 0.103926 1.950272 0.431421 -0.140976 0.849898 0.267724
0.231095 0.104499 1.950223 0.431354 -0.140957 0.849968 0.267618
0.231030 0.105079 1.950168 0.431291 -0.140941 0.850038 0.267507
0.230978 0.105666 1.950107 0.431236 -0.140915 0.850107 0.267388
0.230935 0.106258 1.950038 0.431193 -0.140871 0.850176 0.267260
0.230898 0.106855 1.949963 0.431161 -0.140808 0.850246 0.267123
0.230865 0.107457 1.949881 0.431141 -0.140726 0.850315 0.266978
0.230834 0.108061 1.949793 0.431131 -0.140624 0.850385 0.266825
0.230805 0.108669 1.949700 0.431132 -0.140504 0.850456 0.266663
0.230775 0.109279 1.949602 0.431141 -0.140368 0.850527 0.266493
0.230745 0.109890 1.949500 0.431160 -0.140216 0.850598 0.266314
0.230712 0.110503 1.949396 0.431186 -0.140049 0.850671 0.266128
0.230678 0.111118 1.949288 0.431218 -0.139869 0.850745 0.265932
0.230640 0.111733 1.949178 0.431258 -0.139677 0.850821 0.265727
0.230599 0.112349 1.949066 0.431303 -0.139473 0.850898 0.265513
0.230554 0.112965 1.948953 0.431353 -0.139258 0.850977 0.265290
0.230506 0.113582 1.948839 0.431408 -0.139034 0.851059 0.265058
0.230453 0.114200 1.948724 0.431468 -0.138801 0.851142 0.264816
0.230395 0.114817 1.948609 0.431531 -0.138559 0.851227 0.264564
0.230333 0.115434 1.948494 0.431598 -0.138309 0.851315 0.264303
0.230266 0.116052 1.948378 0.431668 -0.138052 0.851405 0.264033
0.230194 0.116669 1.948263 0.431741 -0.137787 0.851498 0.263752
0.230118 0.117287 1.948149 0.431817 -0.137516 0.851593 0.263462
0.230036 0.117904 1.948035 0.431896 -0.137239 0.851691 0.263163
0.229949 0.118521 1.947922 0.431976 -0.136956 0.851791 0.262854
0.229857 0.119137 1.947810 0.432059 -0.136667 0.851893 0.262536
0.229760 0.119754 1.947699 0.432144 -0.136373 0.851998 0.262209
0.229659 0.120369 1.947588 0.432230 -0.136075 0.852105 0.261873
0.229552 0.120985 1.947479 0.432319 -0.135771 0.852215 0.261527
0.229439 0.121600 1.947371 0.432408 -0.135463 0.852327 0.261173
0.229322 0.122214 1.947264 0.432499 -0.135150 0.852442 0.260810
0.229200 0.122828 1.947159 0.432592 -0.134834 0.852558 0.260439
0.229073 0.123441 1.947054 0.432685 -0.134514 0.852678 0.260058
0.228941 0.124054 1.946951 0.432780 -0.134189 0.852799 0.259670
0.228804 0.124666 1.946850 0.432876 -0.133862 0.852922 0.259274
0.228663 0.125277 1.946749 0.432973 -0.133531 0.853048 0.258869
0.228517 0.125888 1.946650 0.433071 -0.133196 0.853176 0.258457
0.228365 0.126498 1.946552 0.433169 -0.132858 0.853305 0.258037
0.228210 0.127107 1.946456 0.433269 -0.132518 0.853437 0.257610
0.228098 0.127724 1.946380 0.433346 -0.132242 0.853490 0.257445
0.228017 0.128354 1.946309 0.433397 -0.132048 0.853545 0.257279
0.227957 0.128999 1.946237 0.433437 -0.131887 0.853607 0.257084
0.227911 0.129658 1.946160 0.433477 -0.131730 0.853677 0.256866
0.227874 0.130329 1.946078 0.433522 -0.131561 0.853752 0.256628
0.227843 0.131010 1.945989 0.433575 -0.131374 0.853829 0.256376
0.227816 0.131700 1.945893 0.433636 -0.131166 0.853910 0.256111
0.227791 0.132398 1.945790 0.433707 -0.130937 0.853992 0.255836
0.227765 0.133101 1.945682 0.433785 -0.130688 0.854075 0.255552
0.227740 0.133810 1.945568 0.433871 -0.130420 0.854160 0.255259
0.227712 0.134522 1.945450 0.433964 -0.130135 0.854246 0.254958
0.227681 0.135237 1.945327 0.434064 -0.129834 0.854333 0.254649
0.227648 0.135955 1.945201 0.434170 -0.129518 0.854422 0.254333
0.227610 0.136674 1.945071 0.434280 -0.129189 0.854512 0.254009
0.227568 0.137394 1.944939 0.434396 -0.128848 0.854603 0.253678
0.227521 0.138115 1.944805 0.434515 -0.128497 0.854695 0.253339
0.227469 0.138836 1.944670 0.434638 -0.128135 0.854790 0.252993
0.227412 0.139558 1.944533 0.434765 -0.127766 0.854885 0.252639
0.227350 0.140279 1.944395 0.434894 -0.127388 0.854983 0.252278
0.227282 0.140999 1.944257 0.435025 -0.127003 0.855082 0.251909
0.227208 0.141719 1.944119 0.435159 -0.126611 0.855183 0.251532
0.227128 0.142437 1.943980 0.435295 -0.126214 0.855285 0.251148
0.227043 0.143155 1.943842 0.435432 -0.125811 0.855390 0.250757
0.226951 0.143871 1.943704 0.435570 -0.125404 0.855496 0.250358
0.226854 0.144585 1.943566 0.435710 -0.124992 0.855604 0.249952
0.226751 0.145298 1.943429 0.435851 -0.124576 0.855713 0.249539
0.226641 0.146009 1.943293 0.435992 -0.124157 0.855825 0.249118
0.226526 0.146718 1.943158 0.436134 -0.123734 0.855938 0.248691
0.226405 0.147426 1.943024 0.436277 -0.123308 0.856053 0.248256
0.226278 0.148131 1.942891 0.436420 -0.122880 0.856169 0.247815
0.226146 0.148834 1.942759 0.436563 -0.122450 0.856288 0.247367
0.226007 0.149535 1.942629 0.436706 -0.122017 0.856407 0.246913
0.225863 0.150234 1.942499 0.436850 -0.121582 0.856529 0.246452
0.225713 0.150931 1.942371 0.436994 -0.121145 0.856652 0.245985
0.225558 0.151625 1.942245 0.437137 -0.120707 0.856776 0.245511
0.225397 0.152317 1.942119 0.437281 -0.120267 0.856902 0.245032
0.225231 0.153007 1.941995 0.437424 -0.119826 0.857029 0.244547
0.225059 0.153694 1.941873 0.437567 -0.119383 0.857158 0.244055
0.224882 0.154380 1.941752 0.437710 -0.118940 0.857288 0.243558
0.224699 0.155062 1.941632 0.437853 -0.118496 0.857419 0.243056
0.224550 0.155778 1.941552 0.437973 -0.118101 0.857495 0.242763
0.224423 0.156526 1.941491 0.438061 -0.117786 0.857591 0.242420
0.224308 0.157303 1.941439 0.438129 -0.117505 0.857709 0.242014
0.224200 0.158107 1.941392 0.438189 -0.117227 0.857845 0.241558
0.224095 0.158932 1.941344 0.438246 -0.116937 0.857994 0.241066
0.223991 0.159775 1.941295 0.438304 -0.116628 0.858153 0.240545
0.223886 0.160634 1.941242 0.438364 -0.116296 0.858318 0.240004
0.223778 0.161505 1.941185 0.438429 -0.115941 0.858489 0.239445
0.223667 0.162386 1.941124 0.438497 -0.115564 0.858665 0.238873
0.223551 0.163274 1.941058 0.438569 -0.115167 0.858843 0.238289
0.223429 0.164169 1.940989 0.438645 -0.114750 0.859024 0.237697
0.223303 0.165069 1.940915 0.438725 -0.114316 0.859207 0.237096
0.223170 0.165972 1.940838 0.438809 -0.113866 0.859392 0.236489
0.223032 0.166878 1.940757 0.438895 -0.113402 0.859578 0.235876
0.222887 0.167785 1.940673 0.438985 -0.112925 0.859764 0.235256
0.222736 0.168692 1.940587 0.439077 -0.112436 0.859952 0.234632
0.222578 0.169600 1.940499 0.439172 -0.111938 0.860140 0.234004
0.222414 0.170506 1.940408 0.439268 -0.111430 0.860328 0.233370
0.222243 0.171411 1.940316 0.439367 -0.110915 0.860517 0.232733
0.222066 0.172314 1.940223 0.439467 -0.110392 0.860706 0.232092
0.221882 0.173214 1.940128 0.439568 -0.109864 0.860896 0.231448
0.221692 0.174112 1.940032 0.439671 -0.109330 0.861085 0.230800
0.221496 0.175006 1.939935 0.439775 -0.108791 0.861275 0.230148
0.221293 0.175897 1.939838 0.439880 -0.108249 0.861464 0.229494
0.221084 0.176784 1.939741 0.439986 -0.107703 0.861653 0.228837
0.220868 0.177668 1.939643 0.440092 -0.107154 0.861842 0.228177
0.220647 0.178547 1.939545 0.440199 -0.106603 0.862031 0.227514
0.220420 0.179421 1.939446 0.440306 -0.106050 0.862220 0.226849
0.220186 0.180291 1.939348 0.440414 -0.105495 0.862408 0.226181
0.219947 0.181157 1.939250 0.440522 -0.104939 0.862596 0.225511
0.219703 0.182017 1.939153 0.440631 -0.104382 0.862784 0.224839
0.219452 0.182873 1.939055 0.440739 -0.103825 0.862971 0.224164
0.219196 0.183723 1.938958 0.440848 -0.103267 0.863158 0.223488
0.218935 0.184569 1.938861 0.440956 -0.102709 0.863345 0.222810
0.218668 0.185409 1.938765 0.441065 -0.102152 0.863531 0.222130
0.218396 0.186245 1.938670 0.441173 -0.101594 0.863716 0.221448
0.218119 0.187075 1.938575 0.441282 -0.101037 0.863901 0.220764
0.217837 0.187899 1.938480 0.441390 -0.100481 0.864085 0.220079
0.217550 0.188719 1.938387 0.441498 -0.099925 0.864269 0.219392
0.217257 0.189533 1.938294 0.441606 -0.099370 0.864453 0.218704
0.216988 0.190373 1.938231 0.441715 -0.098848 0.864576 0.218233
0.216734 0.191237 1.938181 0.441804 -0.098406 0.864713 0.217709
0.216488 0.192124 1.938138 0.441880 -0.098004 0.864868 0.217120
0.216245 0.193030 1.938097 0.441949 -0.097617 0.865038 0.216476
0.216003 0.193952 1.938056 0.442014 -0.097228 0.865220 0.215787
0.215758 0.194888 1.938014 0.442079 -0.096833 0.865412 0.215062
0.215511 0.195834 1.937969 0.442144 -0.096429 0.865612 0.214304
0.215259 0.196788 1.937921 0.442210 -0.096014 0.865818 0.213522
0.215003 0.197749 1.937869 0.442277 -0.095583 0.866027 0.212726
0.214742 0.198714 1.937814 0.442345 -0.095138 0.866238 0.211921
0.214476 0.199681 1.937755 0.442416 -0.094677 0.866450 0.211111
0.214205 0.200650 1.937691 0.442489 -0.094203 0.866663 0.210298
0.213928 0.201620 1.937624 0.442564 -0.093715 0.866875 0.209482
0.213646 0.202589 1.937554 0.442641 -0.093214 0.867087 0.208665
0.213358 0.203556 1.937481 0.442719 -0.092704 0.867298 0.207847
0.213064 0.204521 1.937405 0.442800 -0.092183 0.867508 0.207029
0.212764 0.205484 1.937326 0.442881 -0.091654 0.867717 0.206211
0.212459 0.206443 1.937245 0.442965 -0.091117 0.867925 0.205393
0.212148 0.207398 1.937162 0.443049 -0.090573 0.868132 0.204575
0.211832 0.208349 1.937078 0.443134 -0.090024 0.868338 0.203758
0.211510 0.209295 1.936992 0.443221 -0.089470 0.868542 0.202941
0.211182 0.210236 1.936904 0.443308 -0.088911 0.868745 0.202126
0.210849 0.211172 1.936816 0.443396 -0.088348 0.868947 0.201311
0.210511 0.212102 1.936727 0.443484 -0.087783 0.869147 0.200497
0.210167 0.213027 1.936637 0.443573 -0.087215 0.869346 0.199684
0.209819 0.213946 1.936546 0.443662 -0.086645 0.869544 0.198872
0.209465 0.214858 1.936456 0.443751 -0.086073 0.869740 0.198061
0.209106 0.215765 1.936364 0.443841 -0.085499 0.869935 0.197251
0.208743 0.216665 1.936273 0.443930 -0.084925 0.870129 0.196442
0.208374 0.217559 1.936182 0.444020 -0.084351 0.870321 0.195634
0.208001 0.218446 1.936090 0.444110 -0.083776 0.870512 0.194828
0.207624 0.219327 1.935999 0.444199 -0.083201 0.870701 0.194022
0.207242 0.220202 1.935908 0.444289 -0.082626 0.870889 0.193218
0.206855 0.221069 1.935817 0.444378 -0.082051 0.871075 0.192415
0.206464 0.221931 1.935726 0.444468 -0.081477 0.871260 0.191613
0.206069 0.222785 1.935636 0.444557 -0.080904 0.871444 0.190812
0.205670 0.223634 1.935546 0.444645 -0.080332 0.871626 0.190012
0.205267 0.224475 1.935457 0.444734 -0.079761 0.871807 0.189213
0.204860 0.225310 1.935368 0.444822 -0.079191 0.871987 0.188416
0.204448 0.226139 1.935280 0.444910 -0.078622 0.872165 0.187619
0.204058 0.227006 1.935222 0.445003 -0.078079 0.872306 0.186971
0.203679 0.227909 1.935181 0.445084 -0.077589 0.872459 0.186266
0.203302 0.228841 1.935149 0.445158 -0.077122 0.872628 0.185491
0.202925 0.229797 1.935122 0.445227 -0.076658 0.872811 0.184657
0.202545 0.230772 1.935096 0.445293 -0.076189 0.873005 0.183773
0.202159 0.231762 1.935071 0.445357 -0.075709 0.873208 0.182847
0.201767 0.232765 1.935045 0.445419 -0.075220 0.873419 0.181886
0.201369 0.233776 1.935018 0.445481 -0.074720 0.873637 0.180895
0.200963 0.234793 1.934989 0.445540 -0.074210 0.873859 0.179880
0.200550 0.235815 1.934957 0.445599 -0.073688 0.874084 0.178853
0.200131 0.236840 1.934922 0.445658 -0.073152 0.874310 0.177819
0.199704 0.237866 1.934884 0.445715 -0.072603 0.874537 0.176781
0.199272 0.238892 1.934843 0.445773 -0.072042 0.874763 0.175743
0.198832 0.239917 1.934799 0.445830 -0.071469 0.874989 0.174705
0.198387 0.240939 1.934753 0.445887 -0.070887 0.875214 0.173669
0.197935 0.241958 1.934703 0.445944 -0.070295 0.875437 0.172635
0.197477 0.242974 1.934651 0.446001 -0.069695 0.875659 0.171603
0.197014 0.243985 1.934597 0.446058 -0.069089 0.875879 0.170575
0.196545 0.244992 1.934540 0.446114 -0.068476 0.876097 0.169550
0.196070 0.245993 1.934482 0.446171 -0.067859 0.876313 0.168529
0.195590 0.246988 1.934422 0.446227 -0.067236 0.876528 0.167511
0.195105 0.247977 1.934360 0.446283 -0.066611 0.876740 0.166498
0.194615 0.248959 1.934298 0.446338 -0.065982 0.876950 0.165489
0.194120 0.249935 1.934234 0.446394 -0.065351 0.877158 0.164484
0.193621 0.250904 1.934169 0.446449 -0.064718 0.877364 0.163483
0.193117 0.251865 1.934103 0.446504 -0.064084 0.877568 0.162487
0.192609 0.252820 1.934036 0.446558 -0.063449 0.877770 0.161495
0.192097 0.253766 1.933969 0.446613 -0.062813 0.877969 0.160507
0.191581 0.254705 1.933901 0.446667 -0.062178 0.878166 0.159523
0.191060 0.255636 1.933833 0.446720 -0.061542 0.878361 0.158544
0.190536 0.256560 1.933764 0.446773 -0.060908 0.878553 0.157570
0.190009 0.257475 1.933695 0.446826 -0.060274 0.878743 0.156599
0.189478 0.258383 1.933626 0.446879 -0.059641 0.878932 0.155634
0.188943 0.259283 1.933557 0.446931 -0.059009 0.879117 0.154672
0.188405 0.260175 1.933488 0.446982 -0.058380 0.879301 0.153714
0.187864 0.261058 1.933419 0.447034 -0.057751 0.879483 0.152761
0.187319 0.261934 1.933349 0.447085 -0.057125 0.879662 0.151812
0.186772 0.262802 1.933281 0.447135 -0.056501 0.879839 0.150867
0.186221 0.263662 1.933212 0.447185 -0.055878 0.880014 0.149926
0.185668 0.264514 1.933143 0.447235 -0.055258 0.880187 0.148989
0.185127 0.265409 1.933110 0.447300 -0.054594 0.880314 0.148289
0.184589 0.266338 1.933097 0.447359 -0.053966 0.880448 0.147543
0.184049 0.267296 1.933097 0.447411 -0.053359 0.880595 0.146724
0.183503 0.268275 1.933104 0.447457 -0.052758 0.880755 0.145841
0.182950 0.269272 1.933116 0.447499 -0.052155 0.880924 0.144903
0.182389 0.270281 1.933130 0.447537 -0.051548 0.881102 0.143920
0.181819 0.271299 1.933145 0.447572 -0.050935 0.881286 0.142897
0.181240 0.272324 1.933159 0.447603 -0.050317 0.881476 0.141842
0.180653 0.273353 1.933174 0.447632 -0.049695 0.881671 0.140757
0.180057 0.274384 1.933188 0.447658 -0.049072 0.881869 0.139646
0.179452 0.275415 1.933201 0.447682 -0.048447 0.882070 0.138511
0.178840 0.276446 1.933213 0.447704 -0.047818 0.882273 0.137363
0.178220 0.277475 1.933223 0.447722 -0.047185 0.882477 0.136208
0.177594 0.278501 1.933231 0.447739 -0.046545 0.882680 0.135052
0.176961 0.279523 1.933237 0.447754 -0.045898 0.882883 0.133896
0.176322 0.280541 1.933240 0.447767 -0.045246 0.883084 0.132742
0.175678 0.281553 1.933240 0.447779 -0.044589 0.883283 0.131591
0.175029 0.282559 1.933238 0.447790 -0.043927 0.883481 0.130445
0.174375 0.283560 1.933234 0.447799 -0.043261 0.883677 0.129302
0.173716 0.284553 1.933228 0.447808 -0.042591 0.883871 0.128165
0.173053 0.285540 1.933220 0.447815 -0.041920 0.884063 0.127033
0.172386 0.286519 1.933209 0.447822 -0.041246 0.884252 0.125906
0.171715 0.287490 1.933197 0.447828 -0.040570 0.884439 0.124784
0.171040 0.288453 1.933183 0.447833 -0.039894 0.884624 0.123669
0.170362 0.289409 1.933167 0.447838 -0.039217 0.884806 0.122559
0.169681 0.290356 1.933150 0.447842 -0.038540 0.884986 0.121455
0.168997 0.291294 1.933132 0.447846 -0.037863 0.885164 0.120357
0.168310 0.292224 1.933112 0.447848 -0.037186 0.885339 0.119266
0.167621 0.293145 1.933093 0.447847 -0.036509 0.885513 0.118182
0.166932 0.294057 1.933073 0.447843 -0.035832 0.885685 0.117107
0.166243 0.294960 1.933054 0.447836 -0.035155 0.885857 0.116040
0.165554 0.295853 1.933036 0.447824 -0.034480 0.886027 0.114984
0.164867 0.296735 1.933018 0.447809 -0.033807 0.886195 0.113937
0.164183 0.297607 1.933001 0.447791 -0.033138 0.886363 0.112902
0.163501 0.298468 1.932984 0.447769 -0.032473 0.886528 0.111877
0.162824 0.299317 1.932968 0.447744 -0.031813 0.886692 0.110865
0.162151 0.300155 1.932952 0.447717 -0.031159 0.886853 0.109865
0.161483 0.300981 1.932936 0.447687 -0.030510 0.887012 0.108878
0.160820 0.301795 1.932920 0.447655 -0.029867 0.887169 0.107904
0.160164 0.302597 1.932905 0.447622 -0.029232 0.887324 0.106944
0.159527 0.303434 1.932917 0.447609 -0.028579 0.887449 0.106131
0.158905 0.304297 1.932944 0.447598 -0.027967 0.887577 0.105263
0.158292 0.305179 1.932979 0.447586 -0.027380 0.887711 0.104335
0.157687 0.306073 1.933017 0.447573 -0.026804 0.887850 0.103358
0.157087 0.306975 1.933056 0.447557 -0.026232 0.887992 0.102347
0.156492 0.307881 1.933094 0.447539 -0.025663 0.888137 0.101310
0.155902 0.308786 1.933130 0.447520 -0.025096 0.888282 0.100253
0.155316 0.309689 1.933164 0.447499 -0.024532 0.888429 0.099183
0.154735 0.310588 1.933195 0.447477 -0.023972 0.888575 0.098102
0.154157 0.311481 1.933224 0.447454 -0.023418 0.888721 0.097013
0.153584 0.312366 1.933250 0.447430 -0.022871 0.888866 0.095917
0.153016 0.313243 1.933275 0.447405 -0.022330 0.889010 0.094820
0.152453 0.314111 1.933296 0.447379 -0.021793 0.889153 0.093730
0.151895 0.314969 1.933315 0.447351 -0.021258 0.889292 0.092653
0.151344 0.315816 1.933329 0.447322 -0.020725 0.889429 0.091593
0.150798 0.316653 1.933341 0.447293 -0.020193 0.889563 0.090550
0.150259 0.317478 1.933350 0.447262 -0.019663 0.889694 0.089526
0.149726 0.318292 1.933355 0.447232 -0.019135 0.889821 0.088521
0.149200 0.319094 1.933357 0.447200 -0.018609 0.889946 0.087535
0.148681 0.319883 1.933357 0.447169 -0.018087 0.890067 0.086568
0.148169 0.320660 1.933354 0.447138 -0.017568 0.890184 0.085621
0.147664 0.321425 1.933348 0.447106 -0.017053 0.890299 0.084693
0.147166 0.322177 1.933340 0.447075 -0.016543 0.890410 0.083783
0.146676 0.322917 1.933331 0.447044 -0.016038 0.890518 0.082893
0.146192 0.323644 1.933318 0.447013 -0.015537 0.890624 0.082021
0.145716 0.324359 1.933305 0.446983 -0.015042 0.890726 0.081168
0.145248 0.325061 1.933289 0.446953 -0.014553 0.890824 0.080332
0.144787 0.325750 1.933272 0.446923 -0.014070 0.890920 0.079515
0.144333 0.326427 1.933253 0.446894 -0.013593 0.891013 0.078715
0.143887 0.327091 1.933233 0.446865 -0.013123 0.891104 0.077933
0.143449 0.327744 1.933212 0.446837 -0.012659 0.891191 0.077168
0.143018 0.328384 1.933189 0.446809 -0.012202 0.891276 0.076420
0.142594 0.329012 1.933166 0.446783 -0.011751 0.891358 0.075688
0.142178 0.329627 1.933141 0.446756 -0.011308 0.891437 0.074973
0.141770 0.330232 1.933116 0.446731 -0.010871 0.891514 0.074274
0.141369 0.330824 1.933090 0.446706 -0.010442 0.891588 0.073591
0.140975 0.331405 1.933062 0.446682 -0.010019 0.891660 0.072923
0.140589 0.331974 1.933035 0.446658 -0.009604 0.891729 0.072270
0.140210 0.332532 1.933006 0.446636 -0.009195 0.891796 0.071633
0.139838 0.333079 1.932977 0.446614 -0.008794 0.891861 0.071010
0.139482 0.333670 1.932974 0.446618 -0.008320 0.891901 0.070534
0.139139 0.334295 1.932983 0.446629 -0.007863 0.891943 0.069993
0.138804 0.334943 1.932998 0.446642 -0.007418 0.891988 0.069383
0.138476 0.335607 1.933014 0.446656 -0.006975 0.892036 0.068722
0.138153 0.336282 1.933030 0.446669 -0.006533 0.892086 0.068023
0.137834 0.336962 1.933044 0.446682 -0.006091 0.892137 0.067296
0.137520 0.337645 1.933054 0.446695 -0.005649 0.892190 0.066550
0.137209 0.338328 1.933060 0.446707 -0.005205 0.892243 0.065796
0.136903 0.339009 1.933062 0.446717 -0.004757 0.892295 0.065045
0.136601 0.339687 1.933058 0.446726 -0.004306 0.892347 0.064303
0.136304 0.340359 1.933050 0.446733 -0.003851 0.892397 0.063572
0.136011 0.341027 1.933037 0.446740 -0.003393 0.892447 0.062854
0.135722 0.341687 1.933019 0.446746 -0.002933 0.892495 0.062150
0.135437 0.342341 1.932996 0.446751 -0.002472 0.892541 0.061461
0.135157 0.342987 1.932970 0.446755 -0.002011 0.892587 0.060787
0.134882 0.343625 1.932939 0.446759 -0.001550 0.892630 0.060128
0.134610 0.344254 1.932906 0.446762 -0.001090 0.892672 0.059484
0.134343 0.344875 1.932869 0.446765 -0.000632 0.892713 0.058855
0.134080 0.345487 1.932829 0.446768 -0.000176 0.892752 0.058241
0.133822 0.346090 1.932787 0.446770 0.000276 0.892790 0.057641
0.133568 0.346684 1.932743 0.446773 0.000726 0.892826 0.057055
0.133319 0.347269 1.932697 0.446774 0.001171 0.892861 0.056483
0.133073 0.347844 1.932649 0.446776 0.001612 0.892895 0.055925
0.132832 0.348410 1.932599 0.446778 0.002049 0.892927 0.055380
0.132596 0.348967 1.932548 0.446779 0.002481 0.892958 0.054848
0.132364 0.349514 1.932495 0.446781 0.002908 0.892987 0.054329
0.132136 0.350052 1.932442 0.446783 0.003329 0.893016 0.053822
0.131912 0.350581 1.932387 0.446784 0.003746 0.893043 0.053327
0.131692 0.351100 1.932332 0.446786 0.004156 0.893069 0.052845
0.131477 0.351610 1.932276 0.446787 0.004561 0.893094 0.052374
0.131266 0.352111 1.932220 0.446789 0.004959 0.893118 0.051914
0.131059 0.352603 1.932163 0.446791 0.005352 0.893141 0.051466
0.130857 0.353086 1.932105 0.446793 0.005739 0.893163 0.051028
0.130658 0.353560 1.932048 0.446795 0.006119 0.893183 0.050602
0.130464 0.354025 1.931990 0.446797 0.006494 0.893203 0.050185
0.130273 0.354482 1.931932 0.446800 0.006862 0.893222 0.049780
0.130087 0.354929 1.931874 0.446802 0.007224 0.893239 0.049384
0.129904 0.355368 1.931816 0.446805 0.007580 0.893256 0.048997
0.129726 0.355799 1.931758 0.446808 0.007930 0.893272 0.048621
0.129551 0.356222 1.931701 0.446812 0.008273 0.893288 0.048254
0.129390 0.356690 1.931679 0.446841 0.008657 0.893282 0.048008
0.129236 0.357192 1.931679 0.446880 0.009007 0.893277 0.047681
0.129087 0.357717 1.931692 0.446922 0.009335 0.893274 0.047271
0.128939 0.358258 1.931712 0.446964 0.009652 0.893275 0.046798
0.128793 0.358807 1.931736 0.447005 0.009963 0.893278 0.046280
0.128647 0.359362 1.931762 0.447045 0.010275 0.893282 0.045736
0.128503 0.359919 1.931786 0.447082 0.010589 0.893288 0.045180
0.128359 0.360476 1.931808 0.447117 0.010908 0.893295 0.044621
0.128217 0.361031 1.931827 0.447150 0.011230 0.893302 0.044063
0.128076 0.361581 1.931844 0.447182 0.011556 0.893309 0.043510
0.127937 0.362128 1.931856 0.447212 0.011884 0.893317 0.042965
0.127799 0.362669 1.931866 0.447240 0.012214 0.893323 0.042429
0.127663 0.363204 1.931872 0.447267 0.012546 0.893330 0.041902
0.127528 0.363733 1.931875 0.447294 0.012878 0.893336 0.041387
0.127395 0.364256 1.931875 0.447319 0.013210 0.893342 0.040882
0.127264 0.364771 1.931872 0.447343 0.013542 0.893347 0.040388
0.127135 0.365279 1.931866 0.447367 0.013873 0.893352 0.039906
0.127008 0.365780 1.931858 0.447389 0.014202 0.893357 0.039434
0.126882 0.366274 1.931848 0.447412 0.014529 0.893360 0.038973
0.126759 0.366760 1.931835 0.447433 0.014855 0.893364 0.038523
0.126637 0.367239 1.931821 0.447454 0.015177 0.893367 0.038084
0.126518 0.367710 1.931805 0.447474 0.015498 0.893369 0.037654
0.126401 0.368173 1.931787 0.447494 0.015815 0.893371 0.037236
0.126285 0.368629 1.931768 0.447513 0.016129 0.893373 0.036827
0.126172 0.369078 1.931747 0.447532 0.016440 0.893374 0.036428
0.126061 0.369519 1.931725 0.447551 0.016747 0.893375 0.036039
0.125952 0.369952 1.931702 0.447569 0.017051 0.893375 0.035659
0.125845 0.370378 1.931678 0.447587 0.017350 0.893375 0.035288
0.125740 0.370797 1.931654 0.447605 0.017647 0.893375 0.034926
0.125638 0.371208 1.931628 0.447622 0.017939 0.893374 0.034573
0.125537 0.371613 1.931601 0.447639 0.018227 0.893373 0.034229
0.125439 0.372010 1.931574 0.447656 0.018511 0.893371 0.033893
0.125342 0.372399 1.931547 0.447673 0.018790 0.893370 0.033566
0.125248 0.372782 1.931519 0.447689 0.019066 0.893367 0.033247
0.125156 0.373158 1.931490 0.447706 0.019338 0.893365 0.032935
0.125066 0.373527 1.931461 0.447722 0.019605 0.893362 0.032631
0.124978 0.373889 1.931431 0.447738 0.019868 0.893359 0.032335
0.124892 0.374245 1.931402 0.447754 0.020127 0.893356 0.032046
0.124808 0.374593 1.931372 0.447770 0.020382 0.893352 0.031765
0.124726 0.374936 1.931341 0.447786 0.020632 0.893348 0.031490
0.124670 0.375330 1.931347 0.447830 0.020921 0.893326 0.031300
0.124634 0.375762 1.931372 0.447888 0.021176 0.893301 0.031014
0.124616 0.376217 1.931405 0.447953 0.021411 0.893275 0.030653
0.124611 0.376687 1.931440 0.448022 0.021640 0.893249 0.030245
0.124619 0.377165 1.931474 0.448092 0.021869 0.893222 0.029815
0.124639 0.377647 1.931502 0.448165 0.022101 0.893194 0.029377
0.124669 0.378128 1.931525 0.448240 0.022337 0.893165 0.028941
0.124708 0.378606 1.931541 0.448316 0.022575 0.893135 0.028513
0.124756 0.379079 1.931550 0.448394 0.022817 0.893103 0.028098
0.124812 0.379547 1.931553 0.448474 0.023060 0.893069 0.027698
0.124876 0.380008 1.931549 0.448555 0.023303 0.893034 0.027314
0.124947 0.380461 1.931539 0.448638 0.023547 0.892997 0.026947
0.125023 0.380907 1.931524 0.448722 0.023790 0.892959 0.026597
0.125105 0.381345 1.931503 0.448807 0.024032 0.892919 0.026264
0.125192 0.381775 1.931477 0.448893 0.024272 0.892879 0.025947
0.125284 0.382196 1.931447 0.448981 0.024510 0.892837 0.025645
0.125380 0.382609 1.931413 0.449069 0.024745 0.892795 0.025358
0.125480 0.383014 1.931375 0.449157 0.024978 0.892751 0.025085
0.125583 0.383412 1.931334 0.449246 0.025208 0.892707 0.024826
0.125689 0.383800 1.931291 0.449336 0.025435 0.892662 0.024579
0.125797 0.384181 1.931245 0.449426 0.025658 0.892617 0.024345
0.125907 0.384555 1.931197 0.449516 0.025878 0.892572 0.024121
0.126020 0.384920 1.931146 0.449606 0.026094 0.892526 0.023909
0.126134 0.385278 1.931094 0.449696 0.026307 0.892479 0.023707
0.126250 0.385629 1.931041 0.449786 0.026516 0.892433 0.023514
0.126367 0.385972 1.930986 0.449876 0.026722 0.892386 0.023331
0.126485 0.386308 1.930931 0.449965 0.026924 0.892340 0.023156
0.126603 0.386637 1.930874 0.450054 0.027122 0.892293 0.022990
0.126722 0.386959 1.930817 0.450143 0.027316 0.892247 0.022831
0.126842 0.387274 1.930759 0.450231 0.027507 0.892200 0.022679
0.126962 0.387583 1.930700 0.450319 0.027694 0.892154 0.022535
0.127082 0.387886 1.930642 0.450406 0.027878 0.892107 0.022397
0.127201 0.388182 1.930583 0.450492 0.028058 0.892061 0.022265
0.127321 0.388472 1.930523 0.450578 0.028235 0.892016 0.022139
0.127440 0.388755 1.930464 0.450663 0.028408 0.891970 0.022019
0.127559 0.389033 1.930405 0.450747 0.028578 0.891925 0.021904
0.127678 0.389306 1.930346 0.450831 0.028744 0.891880 0.021794
0.127796 0.389572 1.930287 0.450913 0.028907 0.891836 0.021689
0.127913 0.389833 1.930229 0.450995 0.029067 0.891792 0.021588
0.128030 0.390089 1.930170 0.451076 0.029224 0.891748 0.021492
0.128172 0.390422 1.930159 0.451184 0.029439 0.891688 0.021437
0.128330 0.390807 1.930176 0.451304 0.029649 0.891624 0.021271
0.128499 0.391226 1.930209 0.451428 0.029858 0.891560 0.021011
0.128678 0.391665 1.930250 0.451555 0.030071 0.891497 0.020687
0.128863 0.392114 1.930295 0.451681 0.030291 0.891433 0.020324
0.129054 0.392568 1.930341 0.451808 0.030514 0.891370 0.019940
0.129250 0.393021 1.930385 0.451934 0.030742 0.891307 0.019547
0.129452 0.393471 1.930427 0.452060 0.030970 0.891244 0.019156
0.129658 0.393916 1.930464 0.452186 0.031199 0.891180 0.018769
0.129867 0.394353 1.930498 0.452312 0.031427 0.891116 0.018393
0.130080 0.394783 1.930528 0.452438 0.031652 0.891051 0.018028
0.130296 0.395205 1.930554 0.452565 0.031875 0.890986 0.017677
0.130515 0.395618 1.930577 0.452691 0.032094 0.890921 0.017339
0.130736 0.396023 1.930595 0.452817 0.032309 0.890855 0.017015
0.130958 0.396418 1.930610 0.452943 0.032521 0.890789 0.016705
0.131182 0.396805 1.930622 0.453069 0.032728 0.890723 0.016408
0.131406 0.397184 1.930631 0.453195 0.032931 0.890657 0.016124
0.131632 0.397553 1.930638 0.453320 0.033130 0.890591 0.015852
0.131857 0.397915 1.930642 0.453445 0.033325 0.890524 0.015593
0.132083 0.398268 1.930643 0.453570 0.033515 0.890458 0.015345
0.132309 0.398613 1.930642 0.453694 0.033701 0.890392 0.015107
0.132534 0.398951 1.930640 0.453817 0.033883 0.890326 0.014880
0.132759 0.399281 1.930636 0.453939 0.034061 0.890261 0.014663
0.132983 0.399603 1.930630 0.454060 0.034234 0.890196 0.014455
0.133206 0.399918 1.930623 0.454181 0.034404 0.890131 0.014257
0.133427 0.400227 1.930614 0.454300 0.034570 0.890067 0.014066
0.133648 0.400528 1.930605 0.454419 0.034732 0.890003 0.013884
0.133867 0.400823 1.930594 0.454536 0.034890 0.889939 0.013709
0.134084 0.401111 1.930582 0.454652 0.035045 0.889876 0.013541
0.134299 0.401393 1.930570 0.454767 0.035196 0.889814 0.013380
0.134513 0.401668 1.930556 0.454881 0.035344 0.889752 0.013226
0.134724 0.401938 1.930542 0.454993 0.035489 0.889691 0.013078
0.134934 0.402202 1.930528 0.455104 0.035630 0.889631 0.012936
0.135141 0.402460 1.930513 0.455214 0.035768 0.889571 0.012799
0.135346 0.402713 1.930497 0.455323 0.035903 0.889512 0.012667
0.135549 0.402960 1.930481 0.455430 0.036035 0.889454 0.012541
0.135750 0.403202 1.930465 0.455536 0.036165 0.889396 0.012420
0.135948 0.403439 1.930448 0.455640 0.036291 0.889339 0.012303
0.136143 0.403670 1.930431 0.455743 0.036415 0.889283 0.012190
0.136337 0.403897 1.930414 0.455845 0.036536 0.889227 0.012082
0.136565 0.404202 1.930447 0.455951 0.036722 0.889164 0.012158
0.136815 0.404558 1.930507 0.456059 0.036895 0.889101 0.012181
0.137082 0.404949 1.930582 0.456167 0.037061 0.889039 0.012139
0.137361 0.405362 1.930664 0.456273 0.037228 0.888979 0.012049
0.137649 0.405789 1.930748 0.456379 0.037400 0.888919 0.011928
0.137945 0.406226 1.930831 0.456483 0.037578 0.888860 0.011791
0.138248 0.406668 1.930911 0.456585 0.037762 0.888801 0.011649
0.138556 0.407111 1.930986 0.456688 0.037951 0.888743 0.011506
0.138867 0.407552 1.931055 0.456790 0.038145 0.888684 0.011364
0.139182 0.407990 1.931118 0.456893 0.038341 0.888624 0.011226
0.139500 0.408422 1.931174 0.456996 0.038540 0.888564 0.011094
0.139819 0.408847 1.931224 0.457100 0.038739 0.888503 0.010971
0.140140 0.409266 1.931268 0.457205 0.038938 0.888442 0.010858
0.140462 0.409677 1.931305 0.457310 0.039137 0.888381 0.010753
0.140785 0.410080 1.931338 0.457416 0.039334 0.888318 0.010659
0.141108 0.410476 1.931365 0.457523 0.039530 0.888256 0.010574
0.141431 0.410863 1.931387 0.457629 0.039723 0.888193 0.010498
0.141753 0.411243 1.931405 0.457736 0.039915 0.888130 0.010430
0.142075 0.411615 1.931419 0.457843 0.040104 0.888067 0.010371
0.142395 0.411980 1.931430 0.457950 0.040290 0.888004 0.010320
0.142714 0.412337 1.931437 0.458057 0.040474 0.887942 0.010275
0.143031 0.412686 1.931441 0.458163 0.040655 0.887879 0.010237
0.143345 0.413029 1.931442 0.458270 0.040833 0.887816 0.010205
0.143658 0.413364 1.931441 0.458376 0.041008 0.887754 0.010179
0.143968 0.413692 1.931437 0.458481 0.041181 0.887692 0.010158
0.144276 0.414014 1.931431 0.458585 0.041350 0.887630 0.010142
0.144581 0.414329 1.931424 0.458689 0.041517 0.887569 0.010130
0.144882 0.414637 1.931415 0.458792 0.041681 0.887508 0.010122
0.145181 0.414939 1.931404 0.458895 0.041842 0.887447 0.010117
0.145476 0.415235 1.931392 0.458996 0.042000 0.887387 0.010116
0.145769 0.415525 1.931379 0.459096 0.042155 0.887328 0.010118
0.146057 0.415809 1.931364 0.459196 0.042308 0.887269 0.010122
0.146342 0.416087 1.931349 0.459294 0.042458 0.887211 0.010129
0.146624 0.416359 1.931333 0.459391 0.042605 0.887154 0.010139
0.146902 0.416626 1.931316 0.459487 0.042750 0.887097 0.010150
0.147176 0.416888 1.931298 0.459582 0.042892 0.887041 0.010163
0.147447 0.417144 1.931280 0.459675 0.043032 0.886985 0.010177
0.147713 0.417395 1.931262 0.459768 0.043169 0.886931 0.010193
0.147976 0.417642 1.931243 0.459859 0.043304 0.886877 0.010210
0.148235 0.417883 1.931223 0.459948 0.043436 0.886824 0.010228
0.148528 0.418192 1.931268 0.460044 0.043659 0.886762 0.010323
0.148849 0.418540 1.931353 0.460142 0.043867 0.886701 0.010303
0.149193 0.418909 1.931464 0.460241 0.044055 0.886642 0.010189
0.149558 0.419288 1.931591 0.460341 0.044229 0.886583 0.010015
0.149940 0.419667 1.931729 0.460443 0.044390 0.886525 0.009810
0.150339 0.420043 1.931872 0.460547 0.044538 0.886466 0.009593
0.150753 0.420411 1.932019 0.460653 0.044675 0.886406 0.009376
0.151179 0.420772 1.932168 0.460762 0.044799 0.886345 0.009167
0.151616 0.421124 1.932317 0.460874 0.044912 0.886283 0.008970
0.152062 0.421467 1.932465 0.460988 0.045015 0.886220 0.008789
0.152516 0.421801 1.932613 0.461105 0.045107 0.886157 0.008623
0.152976 0.422127 1.932760 0.461223 0.045190 0.886092 0.008474
0.153440 0.422444 1.932904 0.461343 0.045265 0.886027 0.008336
0.153908 0.422750 1.933046 0.461465 0.045333 0.885962 0.008209
0.154378 0.423044 1.933185 0.461588 0.045393 0.885895 0.008092
0.154850 0.423328 1.933320 0.461714 0.045445 0.885828 0.007987
0.155324 0.423600 1.933452 0.461840 0.045491 0.885761 0.007892
0.155797 0.423862 1.933581 0.461969 0.045529 0.885692 0.007808
0.156271 0.424113 1.933707 0.462098 0.045561 0.885624 0.007734
0.156744 0.424355 1.933829 0.462228 0.045586 0.885555 0.007671
0.157216 0.424586 1.933948 0.462359 0.045606 0.885487 0.007617
0.157687 0.424808 1.934065 0.462490 0.045620 0.885418 0.007572
0.158155 0.425022 1.934178 0.462622 0.045629 0.885349 0.007535
0.158622 0.425227 1.934289 0.462754 0.045633 0.885280 0.007506
0.159086 0.425424 1.934397 0.462886 0.045633 0.885211 0.007485
0.159546 0.425613 1.934503 0.463017 0.045629 0.885142 0.007470
0.160004 0.425795 1.934606 0.463149 0.045621 0.885074 0.007462
0.160458 0.425970 1.934707 0.463279 0.045610 0.885006 0.007459
0.160908 0.426138 1.934805 0.463410 0.045595 0.884939 0.007461
0.161354 0.426300 1.934901 0.463539 0.045578 0.884872 0.007469
0.161796 0.426456 1.934996 0.463668 0.045558 0.884805 0.007481
0.162233 0.426606 1.935088 0.463796 0.045536 0.884739 0.007496
0.162666 0.426751 1.935178 0.463922 0.045512 0.884674 0.007516
0.163094 0.426891 1.935266 0.464048 0.045486 0.884609 0.007539
0.163517 0.427026 1.935352 0.464172 0.045459 0.884545 0.007565
0.163935 0.427156 1.935437 0.464295 0.045430 0.884482 0.007593
0.164347 0.427282 1.935520 0.464417 0.045400 0.884419 0.007624
0.164754 0.427404 1.935601 0.464537 0.045369 0.884357 0.007657
0.165156 0.427522 1.935680 0.464656 0.045337 0.884296 0.007692
0.165552 0.427636 1.935758 0.464773 0.045305 0.884236 0.007728
0.165977 0.427813 1.935879 0.464921 0.045397 0.884153 0.007854
0.166425 0.428030 1.936025 0.465083 0.045480 0.884063 0.007851
0.166889 0.428271 1.936186 0.465250 0.045549 0.883973 0.007743
0.167369 0.428524 1.936356 0.465417 0.045609 0.883883 0.007567
0.167861 0.428782 1.936530 0.465583 0.045659 0.883795 0.007349
0.168365 0.429040 1.936707 0.465748 0.045700 0.883708 0.007105
0.168879 0.429296 1.936885 0.465913 0.045730 0.883622 0.006847
0.169402 0.429548 1.937061 0.466078 0.045751 0.883535 0.006590
0.169932 0.429795 1.937234 0.466244 0.045766 0.883449 0.006343
0.170469 0.430038 1.937404 0.466410 0.045776 0.883362 0.006111
0.171011 0.430277 1.937569 0.466577 0.045781 0.883275 0.005895
0.171556 0.430511 1.937731 0.466744 0.045783 0.883188 0.005695
0.172103 0.430742 1.937889 0.466910 0.045783 0.883102 0.005512
0.172651 0.430969 1.938043 0.467076 0.045782 0.883015 0.005345
0.173198 0.431195 1.938193 0.467241 0.045779 0.882929 0.005192
0.173743 0.431418 1.938339 0.467404 0.045777 0.882843 0.005053
0.174286 0.431641 1.938482 0.467566 0.045776 0.882758 0.004926
0.174826 0.431863 1.938622 0.467725 0.045776 0.882675 0.004810
0.175360 0.432085 1.938759 0.467883 0.045778 0.882592 0.004703
0.175890 0.432307 1.938892 0.468037 0.045783 0.882510 0.004605
0.176413 0.432531 1.939023 0.468188 0.045791 0.882430 0.004513
0.176929 0.432752 1.939150 0.468336 0.045803 0.882351 0.004425
0.177437 0.432972 1.939273 0.468482 0.045818 0.882273 0.004339
0.177938 0.433189 1.939392 0.468625 0.045837 0.882197 0.004256
0.178432 0.433403 1.939507 0.468765 0.045858 0.882122 0.004175
0.178918 0.433613 1.939618 0.468902 0.045881 0.882048 0.004097
0.179396 0.433820 1.939725 0.469037 0.045907 0.881975 0.004022
0.179866 0.434023 1.939828 0.469170 0.045934 0.881904 0.003951
0.180329 0.434223 1.939929 0.469300 0.045962 0.881833 0.003883
0.180784 0.434419 1.940025 0.469428 0.045992 0.881764 0.003818
0.181231 0.434612 1.940119 0.469554 0.046024 0.881696 0.003756
0.181671 0.434802 1.940209 0.469677 0.046056 0.881629 0.003696
0.182103 0.434988 1.940297 0.469798 0.046090 0.881563 0.003640
0.182527 0.435171 1.940382 0.469916 0.046124 0.881498 0.003586
0.182945 0.435351 1.940464 0.470032 0.046160 0.881434 0.003534
0.183354 0.435528 1.940544 0.470146 0.046196 0.881372 0.003485
0.183757 0.435702 1.940621 0.470258 0.046233 0.881310 0.003437
0.184152 0.435873 1.940696 0.470368 0.046271 0.881250 0.003392
0.184539 0.436041 1.940769 0.470475 0.046310 0.881191 0.003348
0.184920 0.436206 1.940839 0.470580 0.046349 0.881133 0.003305
0.185335 0.436411 1.940953 0.470727 0.046437 0.881049 0.003336
0.185777 0.436637 1.941092 0.470896 0.046484 0.880957 0.003267
0.186240 0.436873 1.941247 0.471072 0.046500 0.880863 0.003126
0.186719 0.437110 1.941412 0.471250 0.046498 0.880768 0.002945
0.187214 0.437344 1.941584 0.471427 0.046483 0.880675 0.002749
0.187723 0.437573 1.941759 0.471602 0.046459 0.880583 0.002550
0.188244 0.437793 1.941936 0.471774 0.046427 0.880493 0.002360
0.188777 0.438006 1.942115 0.471944 0.046388 0.880404 0.002182
0.189321 0.438210 1.942293 0.472112 0.046342 0.880317 0.002020
0.189875 0.438406 1.942471 0.472278 0.046290 0.880231 0.001876
0.190437 0.438594 1.942649 0.472441 0.046233 0.880147 0.001750
0.191009 0.438774 1.942826 0.472601 0.046170 0.880065 0.001641
0.191587 0.438947 1.943002 0.472759 0.046104 0.879984 0.001551
0.192172 0.439114 1.943176 0.472915 0.046033 0.879904 0.001477
0.192763 0.439275 1.943347 0.473071 0.045957 0.879824 0.001419
0.193357 0.439430 1.943516 0.473227 0.045877 0.879744 0.001376
0.193953 0.439580 1.943683 0.473384 0.045794 0.879664 0.001347
0.194551 0.439726 1.943846 0.473541 0.045708 0.879584 0.001332
0.195149 0.439869 1.944007 0.473698 0.045620 0.879504 0.001327
0.195746 0.440009 1.944165 0.473854 0.045531 0.879424 0.001334
0.196340 0.440147 1.944320 0.474010 0.045443 0.879345 0.001350
0.196931 0.440285 1.944473 0.474164 0.045355 0.879266 0.001374
0.197517 0.440422 1.944624 0.474317 0.045268 0.879189 0.001404
0.198099 0.440560 1.944772 0.474467 0.045185 0.879112 0.001441
0.198674 0.440698 1.944917 0.474615 0.045104 0.879036 0.001483
0.199242 0.440838 1.945061 0.474761 0.045027 0.878961 0.001528
0.199803 0.440980 1.945202 0.474903 0.044955 0.878888 0.001576
0.200356 0.441124 1.945341 0.475042 0.044888 0.878816 0.001625
0.200899 0.441268 1.945477 0.475178 0.044826 0.878746 0.001673
0.201433 0.441411 1.945610 0.475310 0.044770 0.878677 0.001718
0.201958 0.441553 1.945739 0.475440 0.044717 0.878609 0.001762
0.202474 0.441693 1.945865 0.475566 0.044669 0.878543 0.001804
0.202981 0.441831 1.945987 0.475690 0.044625 0.878478 0.001845
0.203478 0.441968 1.946106 0.475811 0.044584 0.878415 0.001886
0.203966 0.442102 1.946221 0.475929 0.044547 0.878353 0.001926
0.204445 0.442235 1.946334 0.476045 0.044512 0.878292 0.001965
0.204915 0.442365 1.946443 0.476158 0.044481 0.878232 0.002004
0.205377 0.442494 1.946550 0.476268 0.044452 0.878173 0.002043
0.205829 0.442621 1.946654 0.476376 0.044426 0.878116 0.002081
0.206273 0.442746 1.946755 0.476482 0.044403 0.878060 0.002119
0.206733 0.442894 1.946900 0.476602 0.044389 0.877995 0.002127
0.207205 0.443052 1.947074 0.476725 0.044337 0.877931 0.002032
0.207687 0.443214 1.947268 0.476846 0.044257 0.877870 0.001871
0.208177 0.443372 1.947475 0.476961 0.044161 0.877813 0.001673
0.208675 0.443525 1.947692 0.477072 0.044052 0.877758 0.001459
0.209181 0.443671 1.947917 0.477178 0.043935 0.877707 0.001242
0.209693 0.443809 1.948146 0.477279 0.043811 0.877658 0.001029
0.210212 0.443939 1.948380 0.477376 0.043680 0.877612 0.000826
0.210738 0.444061 1.948617 0.477470 0.043544 0.877568 0.000634
0.211269 0.444176 1.948855 0.477560 0.043403 0.877526 0.000456
0.211805 0.444283 1.949096 0.477647 0.043258 0.877486 0.000291
0.212346 0.444383 1.949337 0.477732 0.043108 0.877447 0.000140
0.212891 0.444477 1.949578 0.477817 0.042954 0.877409 0.000003
0.213437 0.444566 1.949818 0.477903 0.042796 0.877370 -0.000122
0.213985 0.444649 1.950056 0.477989 0.042634 0.877331 -0.000233
0.214533 0.444729 1.950294 0.478075 0.042471 0.877292 -0.000333
0.215080 0.444805 1.950529 0.478162 0.042305 0.877252 -0.000423
0.215625 0.444880 1.950763 0.478248 0.042140 0.877213 -0.000502
0.216168 0.444953 1.950995 0.478334 0.041975 0.877174 -0.000572
0.216706 0.445025 1.951225 0.478419 0.041811 0.877135 -0.000635
0.217239 0.445097 1.951453 0.478503 0.041649 0.877097 -0.000690
0.217768 0.445170 1.951679 0.478586 0.041490 0.877060 -0.000740
0.218289 0.445244 1.951902 0.478667 0.041336 0.877023 -0.000784
0.218805 0.445320 1.952124 0.478745 0.041185 0.876987 -0.000824
0.219312 0.445400 1.952343 0.478822 0.041041 0.876952 -0.000861
0.219812 0.445482 1.952560 0.478896 0.040902 0.876918 -0.000895
0.220303 0.445567 1.952774 0.478967 0.040769 0.876885 -0.000928
0.220784 0.445654 1.952985 0.479035 0.040644 0.876854 -0.000962
0.221257 0.445741 1.953192 0.479100 0.040525 0.876824 -0.000998
0.221720 0.445827 1.953396 0.479163 0.040412 0.876795 -0.001035
0.222173 0.445914 1.953595 0.479223 0.040304 0.876767 -0.001073
0.222617 0.446000 1.953791 0.479281 0.040202 0.876740 -0.001111
0.223052 0.446085 1.953982 0.479337 0.040104 0.876713 -0.001148
0.223479 0.446169 1.954170 0.479391 0.040011 0.876688 -0.001186
0.223896 0.446253 1.954354 0.479442 0.039923 0.876664 -0.001223
0.224305 0.446335 1.954533 0.479492 0.039839 0.876640 -0.001259
0.224705 0.446417 1.954710 0.479540 0.039759 0.876618 -0.001296
0.225097 0.446499 1.954882 0.479587 0.039683 0.876596 -0.001331
0.225480 0.446580 1.955051 0.479631 0.039611 0.876575 -0.001367
0.225856 0.446660 1.955216 0.479674 0.039542 0.876554 -0.001401
0.226263 0.446764 1.955413 0.479750 0.039470 0.876516 -0.001370
0.226693 0.446881 1.955626 0.479842 0.039352 0.876471 -0.001395
0.227140 0.447001 1.955847 0.479939 0.039205 0.876424 -0.001462
0.227602 0.447122 1.956071 0.480036 0.039044 0.876378 -0.001549
0.228077 0.447239 1.956295 0.480134 0.038876 0.876332 -0.001641
0.228562 0.447352 1.956518 0.480229 0.038705 0.876287 -0.001729
0.229059 0.447461 1.956737 0.480323 0.038534 0.876243 -0.001806
0.229565 0.447564 1.956954 0.480415 0.038363 0.876200 -0.001871
0.230080 0.447662 1.957168 0.480505 0.038193 0.876158 -0.001920
0.230603 0.447755 1.957378 0.480593 0.038024 0.876117 -0.001955
0.231134 0.447844 1.957584 0.480679 0.037857 0.876077 -0.001973
0.231672 0.447929 1.957787 0.480763 0.037692 0.876038 -0.001977
0.232216 0.448010 1.957986 0.480845 0.037530 0.876000 -0.001966
0.232766 0.448087 1.958182 0.480925 0.037370 0.875963 -0.001941
0.233321 0.448162 1.958374 0.481002 0.037213 0.875927 -0.001902
0.233881 0.448233 1.958562 0.481078 0.037060 0.875892 -0.001851
0.234443 0.448302 1.958745 0.481154 0.036908 0.875857 -0.001788
0.235008 0.448369 1.958925 0.481231 0.036758 0.875821 -0.001714
0.235574 0.448435 1.959100 0.481309 0.036611 0.875785 -0.001631
0.236139 0.448499 1.959270 0.481388 0.036466 0.875748 -0.001538
0.236703 0.448564 1.959437 0.481467 0.036324 0.875710 -0.001437
0.237265 0.448628 1.959599 0.481546 0.036186 0.875672 -0.001329
0.237824 0.448694 1.959758 0.481626 0.036051 0.875634 -0.001215
0.238378 0.448761 1.959913 0.481705 0.035922 0.875596 -0.001097
0.238927 0.448830 1.960065 0.481783 0.035797 0.875559 -0.000974
0.239471 0.448903 1.960213 0.481860 0.035679 0.875521 -0.000849
0.240008 0.448978 1.960358 0.481935 0.035567 0.875484 -0.000722
0.240537 0.449057 1.960500 0.482009 0.035461 0.875448 -0.000594
0.241059 0.449140 1.960639 0.482081 0.035363 0.875413 -0.000466
0.241573 0.449228 1.960776 0.482150 0.035273 0.875378 -0.000338
0.242077 0.449319 1.960909 0.482217 0.035190 0.875345 -0.000213
0.242571 0.449412 1.961038 0.482281 0.035115 0.875313 -0.000093
0.243056 0.449505 1.961163 0.482342 0.035047 0.875281 0.000023
0.243531 0.449600 1.961285 0.482402 0.034986 0.875251 0.000136
0.243997 0.449694 1.961402 0.482459 0.034931 0.875222 0.000246
0.244453 0.449789 1.961516 0.482513 0.034881 0.875194 0.000353
0.244900 0.449884 1.961627 0.482566 0.034836 0.875166 0.000458
0.245338 0.449978 1.961734 0.482618 0.034796 0.875140 0.000560
0.245767 0.450073 1.961837 0.482667 0.034761 0.875114 0.000660
0.246186 0.450168 1.961938 0.482714 0.034730 0.875089 0.000757
0.246635 0.450274 1.962076 0.482815 0.034604 0.875038 0.000772
0.247103 0.450382 1.962238 0.482938 0.034404 0.874978 0.000697
0.247584 0.450485 1.962417 0.483070 0.034161 0.874915 0.000567
0.248075 0.450581 1.962607 0.483203 0.033893 0.874852 0.000412
0.248576 0.450668 1.962805 0.483335 0.033610 0.874790 0.000248
0.249085 0.450745 1.963009 0.483464 0.033319 0.874730 0.000085
0.249601 0.450813 1.963219 0.483589 0.033023 0.874672 -0.000071
0.250123 0.450872 1.963432 0.483711 0.032724 0.874616 -0.000216
0.250652 0.450922 1.963648 0.483828 0.032422 0.874562 -0.000349
0.251187 0.450964 1.963866 0.483942 0.032119 0.874510 -0.000469
0.251727 0.450999 1.964086 0.484052 0.031816 0.874460 -0.000576
0.252272 0.451027 1.964308 0.484158 0.031514 0.874413 -0.000669
0.252821 0.451048 1.964530 0.484260 0.031212 0.874367 -0.000749
0.253374 0.451064 1.964753 0.484358 0.030913 0.874323 -0.000817
0.253931 0.451075 1.964976 0.484452 0.030616 0.874281 -0.000872
0.254492 0.451081 1.965200 0.484543 0.030322 0.874242 -0.000916
0.255054 0.451084 1.965422 0.484630 0.030030 0.874203 -0.000948
0.255619 0.451082 1.965643 0.484717 0.029741 0.874165 -0.000969
0.256184 0.451077 1.965862 0.484803 0.029454 0.874127 -0.000980
0.256749 0.451070 1.966079 0.484889 0.029170 0.874089 -0.000981
0.257312 0.451061 1.966294 0.484975 0.028889 0.874050 -0.000974
0.257873 0.451051 1.966507 0.485060 0.028611 0.874012 -0.000958
0.258430 0.451041 1.966717 0.485145 0.028338 0.873974 -0.000936
0.258984 0.451032 1.966925 0.485228 0.028070 0.873936 -0.000907
0.259533 0.451024 1.967131 0.485311 0.027808 0.873899 -0.000873
0.260076 0.451018 1.967335 0.485391 0.027551 0.873862 -0.000836
0.260612 0.451014 1.967536 0.485470 0.027302 0.873826 -0.000794
0.261141 0.451012 1.967734 0.485547 0.027060 0.873791 -0.000752
0.261662 0.451010 1.967929 0.485622 0.026826 0.873757 -0.000711
0.262176 0.451007 1.968120 0.485694 0.026598 0.873724 -0.000669
0.262681 0.451004 1.968308 0.485764 0.026377 0.873691 -0.000628
0.263177 0.451000 1.968491 0.485833 0.026161 0.873660 -0.000586
0.263666 0.450995 1.968671 0.485899 0.025952 0.873629 -0.000544
0.264146 0.450989 1.968848 0.485964 0.025748 0.873599 -0.000501
0.264619 0.450983 1.969021 0.486027 0.025549 0.873570 -0.000457
0.265083 0.450976 1.969190 0.486089 0.025355 0.873542 -0.000413
0.265539 0.450969 1.969356 0.486148 0.025167 0.873514 -0.000369
0.265987 0.450962 1.969518 0.486207 0.024984 0.873487 -0.000324
0.266427 0.450954 1.969678 0.486263 0.024805 0.873460 -0.000279
0.266859 0.450946 1.969834 0.486318 0.024632 0.873435 -0.000234
0.267328 0.450967 1.970007 0.486438 0.024471 0.873373 -0.000172
0.267820 0.451001 1.970189 0.486584 0.024284 0.873296 -0.000170
0.268328 0.451039 1.970375 0.486740 0.024083 0.873215 -0.000208
0.268849 0.451075 1.970562 0.486898 0.023876 0.873133 -0.000263
0.269381 0.451108 1.970748 0.487054 0.023668 0.873051 -0.000320
0.269922 0.451135 1.970934 0.487208 0.023460 0.872971 -0.000372
0.270471 0.451157 1.971117 0.487358 0.023254 0.872892 -0.000413
0.271028 0.451173 1.971299 0.487505 0.023050 0.872816 -0.000441
0.271592 0.451184 1.971478 0.487649 0.022847 0.872741 -0.000455
0.272163 0.451190 1.971655 0.487789 0.022647 0.872668 -0.000456
0.272740 0.451192 1.971830 0.487925 0.022449 0.872597 -0.000442
0.273321 0.451189 1.972002 0.488058 0.022253 0.872527 -0.000416
0.273908 0.451182 1.972172 0.488187 0.022060 0.872460 -0.000376
0.274499 0.451172 1.972339 0.488313 0.021871 0.872395 -0.000325
0.275093 0.451159 1.972504 0.488434 0.021684 0.872331 -0.000261
0.275691 0.451143 1.972666 0.488552 0.021502 0.872270 -0.000186
0.276292 0.451124 1.972826 0.488666 0.021324 0.872210 -0.000101
0.276895 0.451104 1.972983 0.488776 0.021150 0.872153 -0.000006
0.277501 0.451082 1.973138 0.488881 0.020980 0.872098 0.000099
0.278108 0.451059 1.973290 0.488984 0.020815 0.872044 0.000213
0.278715 0.451034 1.973439 0.489087 0.020653 0.871990 0.000335
0.279322 0.451008 1.973584 0.489189 0.020493 0.871937 0.000465
0.279927 0.450982 1.973726 0.489290 0.020337 0.871884 0.000601
0.280529 0.450957 1.973864 0.489392 0.020184 0.871830 0.000744
0.281128 0.450932 1.973999 0.489492 0.020034 0.871777 0.000892
0.281723 0.450910 1.974131 0.489592 0.019889 0.871724 0.001045
0.282312 0.450889 1.974261 0.489691 0.019749 0.871672 0.001200
0.282896 0.450871 1.974388 0.489788 0.019613 0.871620 0.001358
0.283472 0.450857 1.974512 0.489884 0.019483 0.871569 0.001518
0.284041 0.450847 1.974634 0.489978 0.019360 0.871518 0.001678
0.284602 0.450842 1.974753 0.490069 0.019242 0.871469 0.001838
0.285155 0.450840 1.974870 0.490158 0.019133 0.871421 0.001996
0.285697 0.450841 1.974983 0.490245 0.019030 0.871374 0.002151
0.286230 0.450844 1.975094 0.490328 0.018934 0.871329 0.002302
0.286753 0.450849 1.975201 0.490409 0.018844 0.871285 0.002449
0.287267 0.450854 1.975305 0.490487 0.018760 0.871243 0.002593
0.287770 0.450860 1.975406 0.490563 0.018680 0.871201 0.002735
0.288264 0.450868 1.975504 0.490637 0.018606 0.871161 0.002874
0.288749 0.450876 1.975598 0.490709 0.018536 0.871121 0.003010
0.289224 0.450885 1.975690 0.490779 0.018470 0.871083 0.003143
0.289736 0.450908 1.975800 0.490937 0.018347 0.870996 0.003190
0.290270 0.450934 1.975922 0.491134 0.018167 0.870889 0.003148
0.290819 0.450955 1.976053 0.491347 0.017954 0.870774 0.003061
0.291378 0.450968 1.976191 0.491563 0.017722 0.870656 0.002954
0.291946 0.450972 1.976333 0.491779 0.017479 0.870540 0.002844
0.292521 0.450966 1.976480 0.491991 0.017230 0.870425 0.002739
0.293103 0.450952 1.976629 0.492200 0.016976 0.870313 0.002644
0.293691 0.450928 1.976781 0.492403 0.016720 0.870203 0.002560
0.294284 0.450897 1.976936 0.492601 0.016463 0.870096 0.002489
0.294882 0.450857 1.977093 0.492793 0.016204 0.869992 0.002432
0.295484 0.450811 1.977251 0.492981 0.015946 0.869891 0.002387
0.296090 0.450758 1.977410 0.493163 0.015687 0.869792 0.002354
0.296699 0.450699 1.977571 0.493340 0.015430 0.869697 0.002334
0.297311 0.450635 1.977732 0.493511 0.015175 0.869604 0.002325
0.297925 0.450566 1.977894 0.493677 0.014921 0.869514 0.002328
0.298542 0.450492 1.978056 0.493838 0.014670 0.869427 0.002341
0.299160 0.450415 1.978217 0.493996 0.014421 0.869341 0.002364
0.299778 0.450334 1.978378 0.494152 0.014173 0.869257 0.002397
0.300395 0.450250 1.978537 0.494306 0.013927 0.869173 0.002439
0.301010 0.450164 1.978695 0.494459 0.013682 0.869090 0.002490
0.301623 0.450077 1.978852 0.494610 0.013439 0.869008 0.002548
0.302232 0.449990 1.979008 0.494759 0.013199 0.868926 0.002612
0.302836 0.449903 1.979162 0.494906 0.012963 0.868846 0.002682
0.303435 0.449817 1.979316 0.495050 0.012730 0.868767 0.002756
0.304028 0.449733 1.979468 0.495192 0.012502 0.868689 0.002834
0.304614 0.449652 1.979619 0.495332 0.012279 0.868612 0.002915
0.305193 0.449574 1.979768 0.495468 0.012062 0.868537 0.002998
0.305763 0.449499 1.979917 0.495601 0.011852 0.868464 0.003082
0.306325 0.449429 1.980064 0.495731 0.011648 0.868392 0.003166
0.306878 0.449365 1.980210 0.495857 0.011453 0.868322 0.003250
0.307421 0.449305 1.980355 0.495980 0.011265 0.868254 0.003333
0.307953 0.449252 1.980498 0.496099 0.011086 0.868189 0.003415
0.308476 0.449205 1.980640 0.496213 0.010915 0.868125 0.003494
0.308987 0.449165 1.980781 0.496324 0.010754 0.868064 0.003571
0.309487 0.449132 1.980920 0.496430 0.010603 0.868004 0.003645
0.309976 0.449107 1.981059 0.496532 0.010462 0.867948 0.003715
0.310453 0.449090 1.981195 0.496629 0.010331 0.867893 0.003781
0.310918 0.449077 1.981329 0.496722 0.010211 0.867841 0.003841
0.311370 0.449069 1.981461 0.496810 0.010100 0.867792 0.003895
0.311810 0.449066 1.981589 0.496893 0.009998 0.867745 0.003943
0.312286 0.449072 1.981725 0.497051 0.009824 0.867657 0.003874
0.312786 0.449075 1.981864 0.497243 0.009607 0.867550 0.003782
0.313304 0.449072 1.982004 0.497450 0.009361 0.867434 0.003673
0.313836 0.449060 1.982143 0.497663 0.009098 0.867315 0.003563
0.314379 0.449040 1.982281 0.497877 0.008827 0.867196 0.003460
0.314933 0.449012 1.982417 0.498090 0.008552 0.867077 0.003371
0.315495 0.448976 1.982551 0.498299 0.008277 0.866959 0.003297
0.316066 0.448933 1.982683 0.498506 0.008002 0.866843 0.003239
0.316644 0.448883 1.982812 0.498709 0.007728 0.866729 0.003198
0.317229 0.448826 1.982939 0.498908 0.007457 0.866617 0.003173
0.317820 0.448765 1.983065 0.499102 0.007189 0.866508 0.003163
0.318416 0.448698 1.983188 0.499292 0.006925 0.866400 0.003168
0.319017 0.448626 1.983309 0.499478 0.006664 0.866295 0.003186
0.319622 0.448550 1.983428 0.499658 0.006408 0.866193 0.003218
0.320230 0.448471 1.983545 0.499834 0.006157 0.866093 0.003263
0.320842 0.448388 1.983661 0.500005 0.005910 0.865996 0.003319
0.321457 0.448303 1.983774 0.500171 0.005669 0.865901 0.003387
0.322074 0.448214 1.983886 0.500332 0.005433 0.865809 0.003465
0.322693 0.448124 1.983996 0.500488 0.005203 0.865721 0.003553
0.323314 0.448032 1.984103 0.500639 0.004979 0.865634 0.003651
0.323935 0.447938 1.984210 0.500784 0.004761 0.865551 0.003758
0.324558 0.447843 1.984314 0.500924 0.004550 0.865470 0.003874
0.325182 0.447747 1.984416 0.501060 0.004345 0.865392 0.003998
0.325805 0.447650 1.984516 0.501193 0.004144 0.865316 0.004129
0.326427 0.447552 1.984613 0.501325 0.003949 0.865240 0.004268
0.327046 0.447455 1.984707 0.501454 0.003757 0.865165 0.004413
0.327663 0.447357 1.984799 0.501583 0.003570 0.865090 0.004564
0.328275 0.447262 1.984889 0.501710 0.003387 0.865016 0.004720
0.328883 0.447168 1.984976 0.501835 0.003209 0.864944 0.004880
0.329485 0.447076 1.985061 0.501959 0.003037 0.864871 0.005044
0.330081 0.446988 1.985145 0.502081 0.002869 0.864800 0.005210
0.330670 0.446904 1.985227 0.502200 0.002708 0.864731 0.005377
0.331251 0.446824 1.985307 0.502317 0.002554 0.864662 0.005544
0.331824 0.446749 1.985385 0.502431 0.002406 0.864595 0.005711
0.332387 0.446680 1.985462 0.502543 0.002266 0.864529 0.005877
0.332942 0.446617 1.985538 0.502651 0.002134 0.864466 0.006042
0.333486 0.446560 1.985612 0.502756 0.002010 0.864404 0.006204
0.334020 0.446510 1.985686 0.502858 0.001895 0.864343 0.006363
0.334544 0.446467 1.985757 0.502957 0.001789 0.864285 0.006518
0.335056 0.446432 1.985828 0.503051 0.001693 0.864229 0.006670
0.335598 0.446402 1.985897 0.503235 0.001525 0.864123 0.006635
0.336156 0.446369 1.985971 0.503452 0.001318 0.863997 0.006517
0.336724 0.446328 1.986049 0.503682 0.001087 0.863865 0.006362
0.337300 0.446279 1.986132 0.503913 0.000843 0.863732 0.006196
0.337882 0.446220 1.986218 0.504143 0.000591 0.863599 0.006034
0.338469 0.446152 1.986308 0.504368 0.000336 0.863469 0.005880
0.339061 0.446077 1.986401 0.504588 0.000079 0.863341 0.005739
0.339656 0.445993 1.986496 0.504802 -0.000179 0.863217 0.005611
0.340255 0.445902 1.986593 0.505010 -0.000436 0.863096 0.005496
0.340856 0.445804 1.986693 0.505212 -0.000692 0.862978 0.005396
0.341461 0.445701 1.986794 0.505408 -0.000946 0.862864 0.005308
0.342067 0.445591 1.986897 0.505598 -0.001198 0.862753 0.005233
0.342676 0.445477 1.987001 0.505782 -0.001447 0.862645 0.005171
0.343286 0.445358 1.987106 0.505959 -0.001693 0.862541 0.005120
0.343897 0.445235 1.987213 0.506131 -0.001936 0.862440 0.005081
0.344509 0.445109 1.987320 0.506296 -0.002174 0.862342 0.005052
0.345122 0.444979 1.987428 0.506455 -0.002409 0.862248 0.005035
0.345736 0.444846 1.987536 0.506609 -0.002638 0.862157 0.005027
0.346349 0.444710 1.987645 0.506756 -0.002863 0.862070 0.005029
0.346963 0.444573 1.987754 0.506898 -0.003083 0.861986 0.005040
0.347577 0.444433 1.987863 0.507033 -0.003298 0.861905 0.005061
0.348190 0.444292 1.987971 0.507165 -0.003508 0.861827 0.005090
0.348801 0.444149 1.988078 0.507295 -0.003715 0.861749 0.005127
0.349409 0.444005 1.988184 0.507422 -0.003918 0.861674 0.005173
0.350015 0.443861 1.988289 0.507547 -0.004119 0.861599 0.005226
0.350615 0.443718 1.988393 0.507670 -0.004316 0.861525 0.005285
0.351212 0.443576 1.988496 0.507791 -0.004509 0.861452 0.005351
0.351802 0.443436 1.988598 0.507911 -0.004699 0.861380 0.005421
0.352386 0.443299 1.988699 0.508028 -0.004883 0.861309 0.005494
0.352962 0.443165 1.988799 0.508142 -0.005063 0.861240 0.005571
0.353531 0.443035 1.988899 0.508254 -0.005237 0.861173 0.005650
0.354092 0.442910 1.988998 0.508364 -0.005404 0.861107 0.005731
0.354644 0.442790 1.989095 0.508470 -0.005565 0.861042 0.005812
0.355187 0.442676 1.989193 0.508573 -0.005719 0.860980 0.005892
0.355719 0.442568 1.989289 0.508673 -0.005865 0.860919 0.005972
0.356242 0.442467 1.989385 0.508770 -0.006003 0.860860 0.006051
0.356754 0.442373 1.989480 0.508863 -0.006132 0.860804 0.006128
0.357255 0.442287 1.989574 0.508952 -0.006253 0.860750 0.006202
0.357745 0.442209 1.989667 0.509038 -0.006364 0.860697 0.006274
0.358223 0.442139 1.989760 0.509121 -0.006466 0.860648 0.006342
0.358735 0.442072 1.989846 0.509301 -0.006617 0.860540 0.006302
0.359272 0.442001 1.989924 0.509544 -0.006840 0.860396 0.006135
0.359826 0.441924 1.989995 0.509814 -0.007103 0.860235 0.005917
0.360394 0.441840 1.990061 0.510095 -0.007387 0.860067 0.005687
0.360972 0.441749 1.990122 0.510381 -0.007680 0.859897 0.005465
0.361559 0.441652 1.990177 0.510666 -0.007977 0.859726 0.005257
0.362154 0.441549 1.990228 0.510949 -0.008272 0.859556 0.005068
0.362756 0.441441 1.990274 0.511228 -0.008565 0.859388 0.004898
0.363364 0.441329 1.990316 0.511503 -0.008852 0.859223 0.004748
0.363977 0.441213 1.990354 0.511772 -0.009134 0.859060 0.004617
0.364595 0.441093 1.990388 0.512037 -0.009410 0.858900 0.004504
0.365217 0.440970 1.990420 0.512296 -0.009679 0.858743 0.004408
0.365811 0.440877 1.990448 0.512501 -0.009830 0.858620 0.004250
0.366374 0.440815 1.990475 0.512654 -0.009870 0.858529 0.004038
0.366910 0.440783 1.990502 0.512765 -0.009825 0.858464 0.003790
0.367422 0.440777 1.990528 0.512846 -0.009716 0.858419 0.003517
0.367913 0.440793 1.990554 0.512902 -0.009560 0.858388 0.003226
0.368386 0.440828 1.990578 0.512942 -0.009373 0.858367 0.002922
0.368844 0.440878 1.990601 0.512970 -0.009168 0.858353 0.002611
0.369289 0.440941 1.990623 0.512991 -0.008953 0.858344 0.002296
0.369723 0.441013 1.990645 0.513007 -0.008735 0.858338 0.001979
0.370149 0.441093 1.990664 0.513021 -0.008520 0.858332 0.001663
0.370566 0.441180 1.990682 0.513037 -0.008306 0.858325 0.001356
0.370976 0.441273 1.990697 0.513056 -0.008093 0.858317 0.001063
0.371379 0.441371 1.990709 0.513078 -0.007884 0.858305 0.000785
0.371775 0.441475 1.990718 0.513103 -0.007674 0.858293 0.000517
0.372164 0.441586 1.990725 0.513130 -0.007465 0.858279 0.000260
0.372547 0.441701 1.990728 0.513160 -0.007257 0.858262 0.000017
0.372923 0.441822 1.990729 0.513194 -0.007053 0.858244 -0.000213
0.373323 0.441920 1.990725 0.513277 -0.006937 0.858195 -0.000330
0.373738 0.442001 1.990716 0.513393 -0.006884 0.858126 -0.000390
0.374163 0.442069 1.990703 0.513528 -0.006871 0.858045 -0.000417
0.374594 0.442129 1.990687 0.513675 -0.006885 0.857957 -0.000421
0.375029 0.442183 1.990669 0.513831 -0.006916 0.857864 -0.000408
0.375467 0.442232 1.990648 0.513990 -0.006956 0.857768 -0.000383
0.375904 0.442278 1.990626 0.514151 -0.007001 0.857671 -0.000348
0.376342 0.442322 1.990602 0.514313 -0.007049 0.857574 -0.000304
0.376777 0.442366 1.990578 0.514474 -0.007097 0.857476 -0.000254
0.377210 0.442410 1.990552 0.514634 -0.007143 0.857380 -0.000198
0.377639 0.442454 1.990525 0.514792 -0.007186 0.857285 -0.000138
0.378099 0.442492 1.990499 0.515029 -0.007247 0.857142 -0.000096
0.378585 0.442520 1.990467 0.515313 -0.007362 0.856971 -0.000133
0.379089 0.442537 1.990430 0.515617 -0.007512 0.856786 -0.000200
0.379609 0.442542 1.990389 0.515929 -0.007680 0.856597 -0.000269
0.380141 0.442536 1.990344 0.516244 -0.007860 0.856405 -0.000329
0.380684 0.442520 1.990295 0.516558 -0.008045 0.856214 -0.000373
0.381237 0.442495 1.990244 0.516869 -0.008232 0.856025 -0.000400
0.381799 0.442461 1.990190 0.517177 -0.008419 0.855837 -0.000409
0.382369 0.442419 1.990134 0.517480 -0.008606 0.855652 -0.000401
0.382915 0.442400 1.990077 0.517727 -0.008684 0.855502 -0.000460
0.383442 0.442403 1.990021 0.517929 -0.008676 0.855379 -0.000555
0.383951 0.442424 1.989964 0.518098 -0.008602 0.855278 -0.000670
0.384447 0.442461 1.989906 0.518242 -0.008479 0.855192 -0.000795
0.384930 0.442511 1.989846 0.518368 -0.008320 0.855117 -0.000923
0.385405 0.442571 1.989786 0.518481 -0.008135 0.855050 -0.001049
0.385871 0.442641 1.989723 0.518585 -0.007933 0.854988 -0.001170
0.386364 0.442682 1.989657 0.518740 -0.007840 0.854895 -0.001198
0.386876 0.442703 1.989589 0.518926 -0.007818 0.854783 -0.001176
0.387402 0.442707 1.989518 0.519129 -0.007841 0.854659 -0.001121
0.387939 0.442698 1.989446 0.519342 -0.007892 0.854529 -0.001043
0.388485 0.442679 1.989372 0.519560 -0.007961 0.854396 -0.000948
0.389038 0.442650 1.989297 0.519779 -0.008039 0.854263 -0.000837
0.389596 0.442614 1.989221 0.519998 -0.008124 0.854128 -0.000713
0.390159 0.442571 1.989144 0.520217 -0.008214 0.853994 -0.000577
0.390724 0.442522 1.989066 0.520436 -0.008306 0.853860 -0.000430
0.391290 0.442469 1.988987 0.520653 -0.008400 0.853727 -0.000273
0.391857 0.442412 1.988908 0.520869 -0.008496 0.853595 -0.000107
0.392422 0.442352 1.988828 0.521083 -0.008591 0.853463 0.000066
0.392986 0.442290 1.988749 0.521294 -0.008686 0.853333 0.000246
0.393547 0.442227 1.988670 0.521504 -0.008779 0.853204 0.000430
0.394079 0.442191 1.988592 0.521666 -0.008778 0.853104 0.000550
0.394584 0.442180 1.988516 0.521794 -0.008703 0.853027 0.000632
0.395066 0.442189 1.988441 0.521897 -0.008576 0.852965 0.000691
0.395529 0.442218 1.988366 0.521984 -0.008413 0.852913 0.000736
0.395974 0.442262 1.988292 0.522062 -0.008226 0.852868 0.000773
0.396428 0.442292 1.988217 0.522176 -0.008118 0.852799 0.000869
0.396885 0.442315 1.988142 0.522312 -0.008060 0.852716 0.000993
0.397342 0.442332 1.988067 0.522462 -0.008032 0.852624 0.001131
0.397797 0.442348 1.987993 0.522619 -0.008021 0.852528 0.001275
0.398246 0.442365 1.987919 0.522779 -0.008020 0.852429 0.001423
0.398717 0.442372 1.987853 0.523010 -0.008034 0.852287 0.001538
0.399203 0.442371 1.987785 0.523272 -0.008087 0.852126 0.001567
0.399701 0.442362 1.987714 0.523547 -0.008168 0.851956 0.001556
0.400209 0.442345 1.987641 0.523825 -0.008262 0.851784 0.001534
0.400725 0.442319 1.987565 0.524103 -0.008364 0.851612 0.001515
0.401250 0.442286 1.987487 0.524379 -0.008467 0.851442 0.001505
0.401781 0.442247 1.987406 0.524651 -0.008571 0.851273 0.001508
0.402318 0.442201 1.987323 0.524918 -0.008673 0.851107 0.001525
0.402861 0.442149 1.987238 0.525181 -0.008772 0.850944 0.001556
0.403409 0.442092 1.987151 0.525438 -0.008869 0.850784 0.001599
0.403961 0.442030 1.987062 0.525690 -0.008962 0.850627 0.001656
0.404493 0.441990 1.986973 0.525898 -0.008964 0.850499 0.001664
0.405008 0.441967 1.986882 0.526072 -0.008899 0.850392 0.001647
0.405507 0.441962 1.986789 0.526222 -0.008781 0.850300 0.001617
0.406019 0.441941 1.986694 0.526402 -0.008728 0.850190 0.001647
0.406539 0.441908 1.986597 0.526600 -0.008717 0.850067 0.001711
0.407063 0.441868 1.986499 0.526808 -0.008732 0.849937 0.001796
0.407588 0.441823 1.986399 0.527023 -0.008763 0.849804 0.001895
0.408114 0.441775 1.986299 0.527241 -0.008805 0.849668 0.002005
0.408638 0.441724 1.986199 0.527460 -0.008851 0.849531 0.002122
0.409159 0.441673 1.986098 0.527677 -0.008899 0.849395 0.002246
0.409653 0.441648 1.985999 0.527853 -0.008866 0.849286 0.002311
0.410122 0.441645 1.985902 0.527998 -0.008768 0.849197 0.002343
0.410570 0.441663 1.985805 0.528121 -0.008626 0.849122 0.002356
0.410999 0.441697 1.985710 0.528230 -0.008452 0.849056 0.002358
0.411436 0.441722 1.985613 0.528369 -0.008341 0.848970 0.002413
0.411874 0.441741 1.985516 0.528527 -0.008270 0.848873 0.002494
0.412310 0.441757 1.985419 0.528695 -0.008223 0.848768 0.002588
0.412744 0.441774 1.985322 0.528869 -0.008188 0.848660 0.002688
0.413172 0.441791 1.985226 0.529044 -0.008161 0.848551 0.002791
0.413594 0.441812 1.985130 0.529219 -0.008135 0.848441 0.002895
0.414009 0.441836 1.985035 0.529392 -0.008108 0.848333 0.002999
0.414416 0.441865 1.984941 0.529562 -0.008078 0.848227 0.003102
0.414816 0.441898 1.984848 0.529729 -0.008043 0.848123 0.003203
0.415207 0.441937 1.984756 0.529893 -0.008002 0.848021 0.003301
0.415589 0.441983 1.984665 0.530052 -0.007955 0.847921 0.003396
0.415961 0.442034 1.984575 0.530206 -0.007901 0.847825 0.003487
0.416324 0.442093 1.984486 0.530357 -0.007839 0.847731 0.003574
0.416677 0.442158 1.984398 0.530503 -0.007770 0.847640 0.003657
0.417020 0.442231 1.984311 0.530644 -0.007692 0.847552 0.003735
0.417369 0.442298 1.984243 0.530817 -0.007606 0.847444 0.003795
0.417722 0.442362 1.984177 0.530995 -0.007557 0.847333 0.003741
0.418079 0.442425 1.984106 0.531175 -0.007524 0.847221 0.003637
0.418441 0.442485 1.984030 0.531356 -0.007495 0.847108 0.003516
0.418808 0.442544 1.983948 0.531537 -0.007465 0.846995 0.003395
0.419178 0.442602 1.983859 0.531718 -0.007433 0.846883 0.003281
0.419551 0.442660 1.983764 0.531898 -0.007398 0.846770 0.003178
0.419926 0.442718 1.983663 0.532078 -0.007358 0.846658 0.003087
0.420301 0.442778 1.983558 0.532257 -0.007314 0.846546 0.003008
0.420676 0.442838 1.983447 0.532435 -0.007264 0.846435 0.002940
0.421051 0.442901 1.983332 0.532611 -0.007210 0.846324 0.002883
0.421423 0.442966 1.983214 0.532786 -0.007150 0.846215 0.002834
0.421793 0.443035 1.983092 0.532959 -0.007084 0.846107 0.002793
0.422160 0.443107 1.982966 0.533130 -0.007013 0.846000 0.002760
0.422523 0.443183 1.982838 0.533298 -0.006935 0.845894 0.002732
0.422882 0.443263 1.982708 0.533464 -0.006850 0.845790 0.002709
0.423235 0.443349 1.982575 0.533628 -0.006758 0.845688 0.002691
0.423565 0.443439 1.982456 0.533765 -0.006647 0.845603 0.002642
0.423874 0.443536 1.982351 0.533883 -0.006521 0.845530 0.002569
0.424163 0.443640 1.982261 0.533985 -0.006381 0.845466 0.002478
0.424432 0.443750 1.982183 0.534074 -0.006231 0.845411 0.002373
0.424682 0.443867 1.982118 0.534151 -0.006071 0.845364 0.002256
0.424913 0.443991 1.982066 0.534220 -0.005903 0.845322 0.002129
0.425128 0.444123 1.982023 0.534280 -0.005729 0.845286 0.001993
0.425326 0.444261 1.981991 0.534334 -0.005550 0.845253 0.001851
0.425509 0.444405 1.981966 0.534383 -0.005367 0.845224 0.001702
0.425678 0.444554 1.981949 0.534427 -0.005182 0.845198 0.001545
0.425834 0.444706 1.981937 0.534465 -0.004994 0.845175 0.001384
0.425978 0.444862 1.981931 0.534500 -0.004804 0.845154 0.001217
0.426110 0.445020 1.981929 0.534530 -0.004613 0.845136 0.001046
0.426232 0.445180 1.981931 0.534558 -0.004420 0.845120 0.000873
0.426344 0.445342 1.981936 0.534582 -0.004228 0.845106 0.000697
0.426447 0.445506 1.981945 0.534604 -0.004035 0.845093 0.000520
0.426541 0.445671 1.981955 0.534623 -0.003841 0.845082 0.000342
0.426627 0.445838 1.981969 0.534640 -0.003649 0.845072 0.000163
0.426706 0.446005 1.981983 0.534655 -0.003456 0.845063 -0.000016
0.426779 0.446174 1.982000 0.534668 -0.003264 0.845056 -0.000195
0.426845 0.446343 1.982018 0.534680 -0.003072 0.845049 -0.000374
0.426905 0.446512 1.982037 0.534690 -0.002881 0.845043 -0.000552
0.426959 0.446681 1.982057 0.534698 -0.002691 0.845039 -0.000729
0.427003 0.446876 1.982095 0.534726 -0.002420 0.845022 -0.000865
0.427045 0.447076 1.982138 0.534773 -0.002158 0.844992 -0.000984
0.427086 0.447277 1.982181 0.534832 -0.001925 0.844955 -0.001116
0.427126 0.447476 1.982223 0.534898 -0.001712 0.844914 -0.001258
0.427164 0.447673 1.982264 0.534967 -0.001511 0.844870 -0.001406
0.427200 0.447869 1.982303 0.535037 -0.001317 0.844826 -0.001555
0.427234 0.448062 1.982341 0.535107 -0.001128 0.844782 -0.001704
0.427266 0.448254 1.982377 0.535175 -0.000941 0.844739 -0.001851
0.427296 0.448445 1.982412 0.535242 -0.000756 0.844696 -0.001996
0.427324 0.448634 1.982446 0.535306 -0.000572 0.844655 -0.002139
0.427350 0.448821 1.982478 0.535369 -0.000388 0.844615 -0.002279
0.427374 0.449006 1.982509 0.535429 -0.000205 0.844577 -0.002416
0.427396 0.449190 1.982539 0.535486 -0.000021 0.844540 -0.002551
0.427417 0.449372 1.982568 0.535542 0.000162 0.844504 -0.002683
0.427436 0.449553 1.982595 0.535595 0.000345 0.844470 -0.002813
0.427454 0.449732 1.982622 0.535646 0.000527 0.844437 -0.002940
0.427470 0.449908 1.982647 0.535695 0.000710 0.844406 -0.003064
0.427485 0.450084 1.982671 0.535742 0.000892 0.844376 -0.003186
0.427498 0.450257 1.982695 0.535786 0.001073 0.844347 -0.003305
0.427510 0.450429 1.982717 0.535829 0.001254 0.844319 -0.003422
0.427522 0.450599 1.982739 0.535869 0.001435 0.844292 -0.003536
0.427531 0.450767 1.982759 0.535908 0.001615 0.844267 -0.003648
0.427540 0.450933 1.982779 0.535944 0.001795 0.844243 -0.003758
0.427548 0.451098 1.982798 0.535979 0.001975 0.844220 -0.003866
0.427554 0.451261 1.982815 0.536012 0.002153 0.844198 -0.003971
0.427560 0.451422 1.982832 0.536043 0.002332 0.844178 -0.004075
0.427565 0.451582 1.982848 0.536073 0.002509 0.844158 -0.004176
0.427568 0.451740 1.982864 0.536100 0.002686 0.844139 -0.004275
0.427572 0.451896 1.982878 0.536127 0.002863 0.844121 -0.004372
0.427574 0.452051 1.982892 0.536151 0.003038 0.844105 -0.004467
0.427575 0.452204 1.982905 0.536174 0.003213 0.844089 -0.004560
0.427576 0.452355 1.982917 0.536196 0.003387 0.844074 -0.004651
0.427576 0.452505 1.982928 0.536216 0.003561 0.844060 -0.004740
0.427575 0.452653 1.982939 0.536235 0.003733 0.844047 -0.004828
0.427574 0.452799 1.982948 0.536252 0.003905 0.844034 -0.004913
0.427572 0.452944 1.982957 0.536269 0.004075 0.844023 -0.004996
0.427569 0.453087 1.982966 0.536284 0.004245 0.844012 -0.005078
0.427566 0.453229 1.982973 0.536297 0.004414 0.844002 -0.005158
0.427563 0.453369 1.982980 0.536310 0.004582 0.843992 -0.005237
0.427558 0.453508 1.982987 0.536322 0.004749 0.843984 -0.005313
0.427549 0.453646 1.982988 0.536341 0.004979 0.843969 -0.005426
0.427540 0.453783 1.982980 0.536358 0.005219 0.843956 -0.005528
0.427534 0.453916 1.982967 0.536373 0.005450 0.843945 -0.005635
0.427528 0.454047 1.982951 0.536385 0.005676 0.843935 -0.005745
0.427523 0.454176 1.982934 0.536394 0.005898 0.843927 -0.005856
0.427518 0.454302 1.982915 0.536401 0.006118 0.843920 -0.005966
0.427514 0.454426 1.982896 0.536405 0.006338 0.843915 -0.006072
0.427509 0.454549 1.982876 0.536407 0.006556 0.843911 -0.006176
0.427505 0.454670 1.982856 0.536407 0.006773 0.843909 -0.006277
0.427501 0.454789 1.982835 0.536406 0.006988 0.843907 -0.006374
0.427497 0.454907 1.982814 0.536403 0.007202 0.843907 -0.006469
0.427493 0.455023 1.982793 0.536399 0.007415 0.843907 -0.006560
0.427490 0.455138 1.982771 0.536393 0.007625 0.843908 -0.006648
0.427486 0.455251 1.982749 0.536387 0.007834 0.843909 -0.006732
0.427483 0.455363 1.982726 0.536380 0.008040 0.843911 -0.006814
0.427479 0.455473 1.982703 0.536371 0.008245 0.843914 -0.006892
0.427476 0.455582 1.982680 0.536362 0.008447 0.843917 -0.006968
0.427473 0.455689 1.982657 0.536353 0.008648 0.843920 -0.007040
0.427470 0.455796 1.982633 0.536342 0.008846 0.843924 -0.007111
0.427467 0.455901 1.982609 0.536331 0.009042 0.843929 -0.007178
0.427464 0.456004 1.982584 0.536319 0.009237 0.843934 -0.007243
0.427461 0.456107 1.982560 0.536307 0.009429 0.843939 -0.007306
0.427458 0.456208 1.982535 0.536294 0.009620 0.843944 -0.007366
0.427455 0.456309 1.982509 0.536280 0.009809 0.843950 -0.007424
0.427452 0.456408 1.982483 0.536267 0.009995 0.843956 -0.007480
0.427449 0.456506 1.982457 0.536252 0.010180 0.843963 -0.007534
0.427455 0.456586 1.982439 0.536271 0.010272 0.843949 -0.007607
0.427470 0.456648 1.982427 0.536302 0.010316 0.843928 -0.007651
0.427492 0.456695 1.982419 0.536337 0.010339 0.843906 -0.007658
0.427520 0.456730 1.982416 0.536371 0.010350 0.843884 -0.007643
0.427554 0.456755 1.982418 0.536404 0.010354 0.843863 -0.007618
0.427590 0.456773 1.982422 0.536435 0.010356 0.843844 -0.007590
0.427629 0.456786 1.982429 0.536462 0.010360 0.843827 -0.007563
0.427668 0.456796 1.982438 0.536486 0.010368 0.843812 -0.007541
0.427707 0.456804 1.982447 0.536507 0.010379 0.843799 -0.007526
0.427746 0.456812 1.982457 0.536525 0.010397 0.843787 -0.007517
0.427784 0.456821 1.982468 0.536540 0.010420 0.843777 -0.007516
0.427820 0.456831 1.982477 0.536553 0.010448 0.843768 -0.007520
0.427852 0.456847 1.982486 0.536560 0.010494 0.843763 -0.007549
0.427878 0.456871 1.982492 0.536563 0.010556 0.843760 -0.007596
0.427888 0.456878 1.982482 0.536595 0.010569 0.843736 -0.007928
0.427890 0.456883 1.982464 0.536632 0.010584 0.843709 -0.008330
0.427886 0.456890 1.982443 0.536665 0.010612 0.843683 -0.008738
0.427878 0.456901 1.982420 0.536694 0.010655 0.843660 -0.009123
0.427866 0.456913 1.982398 0.536717 0.010713 0.843641 -0.009475
0.427851 0.456928 1.982377 0.536735 0.010784 0.843625 -0.009793
0.427834 0.456945 1.982357 0.536749 0.010866 0.843612 -0.010077
0.427815 0.456962 1.982337 0.536759 0.010957 0.843601 -0.010331
0.427796 0.456979 1.982319 0.536766 0.011054 0.843593 -0.010556
0.427776 0.456997 1.982302 0.536770 0.011157 0.843586 -0.010757
0.427756 0.457015 1.982285 0.536773 0.011264 0.843580 -0.010937
0.427737 0.457032 1.982269 0.536775 0.011373 0.843576 -0.011098
0.427718 0.457049 1.982253 0.536775 0.011485 0.843572 -0.011242
0.427699 0.457066 1.982237 0.536774 0.011597 0.843570 -0.011373
0.427682 0.457082 1.982221 0.536773 0.011709 0.843567 -0.011491
0.427664 0.457098 1.982206 0.536771 0.011821 0.843565 -0.011598
0.427648 0.457113 1.982190 0.536770 0.011933 0.843563 -0.011696
0.427633 0.457128 1.982175 0.536767 0.012043 0.843562 -0.011786
0.427618 0.457143 1.982159 0.536765 0.012151 0.843561 -0.011869
0.427604 0.457157 1.982143 0.536763 0.012258 0.843560 -0.011947
0.427591 0.457171 1.982127 0.536760 0.012362 0.843559 -0.012019
0.427579 0.457185 1.982111 0.536758 0.012465 0.843558 -0.012088
0.427567 0.457198 1.982095 0.536755 0.012565 0.843557 -0.012153
0.427556 0.457211 1.982078 0.536753 0.012662 0.843556 -0.012214
0.427546 0.457223 1.982061 0.536750 0.012758 0.843555 -0.012273
0.427536 0.457236 1.982044 0.536748 0.012851 0.843555 -0.012330
0.427528 0.457248 1.982027 0.536745 0.012941 0.843554 -0.012385
0.427519 0.457260 1.982009 0.536743 0.013029 0.843554 -0.012437
0.427512 0.457271 1.981992 0.536740 0.013115 0.843553 -0.012488
0.427504 0.457283 1.981974 0.536738 0.013199 0.843553 -0.012538
0.427498 0.457294 1.981956 0.536735 0.013281 0.843552 -0.012586
0.427491 0.457305 1.981938 0.536732 0.013360 0.843552 -0.012633
0.427485 0.457317 1.981920 0.536730 0.013437 0.843552 -0.012679
0.427480 0.457328 1.981901 0.536727 0.013513 0.843552 -0.012724
0.427475 0.457339 1.981883 0.536724 0.013586 0.843552 -0.012768
0.427470 0.457349 1.981865 0.536722 0.013658 0.843552 -0.012811
0.427465 0.457360 1.981846 0.536719 0.013727 0.843552 -0.012853
0.427461 0.457371 1.981828 0.536716 0.013795 0.843552 -0.012895
0.427457 0.457382 1.981809 0.536713 0.013861 0.843552 -0.012935
0.427453 0.457392 1.981790 0.536710 0.013926 0.843552 -0.012975
0.427394 0.457360 1.981753 0.536759 0.013885 0.843514 -0.013446
0.427316 0.457322 1.981705 0.536816 0.013844 0.843471 -0.013921
0.427230 0.457286 1.981647 0.536853 0.013863 0.843441 -0.014250
0.427143 0.457252 1.981581 0.536855 0.013964 0.843437 -0.014379
0.427056 0.457219 1.981514 0.536837 0.014109 0.843445 -0.014395
0.426970 0.457185 1.981450 0.536811 0.014274 0.843460 -0.014347
0.426885 0.457149 1.981389 0.536782 0.014444 0.843477 -0.014259
0.426802 0.457111 1.981332 0.536751 0.014613 0.843495 -0.014148
0.426720 0.457071 1.981280 0.536722 0.014777 0.843513 -0.014023
0.426641 0.457029 1.981231 0.536695 0.014932 0.843530 -0.013890
0.426563 0.456985 1.981186 0.536672 0.015075 0.843544 -0.013757
0.426488 0.456939 1.981143 0.536651 0.015208 0.843557 -0.013624
0.426415 0.456892 1.981102 0.536634 0.015330 0.843568 -0.013491
0.426345 0.456843 1.981063 0.536619 0.015443 0.843578 -0.013360
0.426277 0.456794 1.981026 0.536606 0.015547 0.843586 -0.013229
0.426212 0.456743 1.980989 0.536596 0.015642 0.843593 -0.013099
0.426148 0.456693 1.980953 0.536583 0.015738 0.843601 -0.012977
0.426086 0.456645 1.980919 0.536570 0.015832 0.843609 -0.012862
0.426024 0.456599 1.980884 0.536554 0.015930 0.843619 -0.012748
0.425964 0.456554 1.980850 0.536537 0.016029 0.843630 -0.012634
0.425905 0.456511 1.980815 0.536519 0.016128 0.843641 -0.012520
0.425847 0.456469 1.980780 0.536500 0.016226 0.843653 -0.012405
0.425791 0.456428 1.980745 0.536481 0.016322 0.843665 -0.012291
0.425736 0.456387 1.980710 0.536462 0.016415 0.843677 -0.012177
0.425683 0.456347 1.980675 0.536443 0.016504 0.843689 -0.012064
0.425632 0.456308 1.980639 0.536425 0.016591 0.843700 -0.011952
0.425583 0.456268 1.980604 0.536406 0.016673 0.843712 -0.011841
0.425535 0.456229 1.980569 0.536388 0.016753 0.843723 -0.011731
0.425489 0.456190 1.980534 0.536371 0.016828 0.843735 -0.011622
0.425445 0.456150 1.980499 0.536353 0.016901 0.843746 -0.011514
0.425402 0.456111 1.980464 0.536336 0.016970 0.843757 -0.011407
0.425361 0.456072 1.980429 0.536319 0.017035 0.843767 -0.011301
0.425322 0.456033 1.980395 0.536303 0.017098 0.843778 -0.011196
0.425285 0.455994 1.980360 0.536287 0.017157 0.843788 -0.011092
0.425249 0.455954 1.980326 0.536272 0.017213 0.843798 -0.010990
0.425215 0.455915 1.980291 0.536256 0.017267 0.843808 -0.010889
0.425182 0.455876 1.980257 0.536241 0.017318 0.843818 -0.010789
0.425151 0.455837 1.980223 0.536227 0.017366 0.843828 -0.010690
0.425122 0.455798 1.980190 0.536213 0.017412 0.843837 -0.010593
0.425093 0.455759 1.980156 0.536199 0.017456 0.843846 -0.010497
0.424982 0.455678 1.980106 0.536233 0.017404 0.843821 -0.010852
0.424834 0.455594 1.980040 0.536281 0.017351 0.843787 -0.011187
0.424670 0.455515 1.979959 0.536312 0.017363 0.843765 -0.011331
0.424508 0.455432 1.979866 0.536327 0.017431 0.843755 -0.011256
0.424349 0.455347 1.979764 0.536346 0.017508 0.843744 -0.011082
0.424197 0.455259 1.979658 0.536376 0.017570 0.843726 -0.010865
0.424053 0.455165 1.979548 0.536426 0.017605 0.843697 -0.010633
0.423918 0.455066 1.979435 0.536491 0.017613 0.843658 -0.010399
0.423791 0.454962 1.979318 0.536569 0.017600 0.843612 -0.010161
0.423671 0.454853 1.979198 0.536655 0.017570 0.843561 -0.009920
0.423557 0.454744 1.979073 0.536743 0.017537 0.843508 -0.009676
0.423449 0.454634 1.978944 0.536833 0.017500 0.843454 -0.009430
0.423347 0.454522 1.978810 0.536922 0.017460 0.843401 -0.009183
0.423242 0.454418 1.978675 0.536993 0.017439 0.843359 -0.008964
0.423131 0.454322 1.978539 0.537041 0.017449 0.843330 -0.008759
0.423017 0.454233 1.978402 0.537073 0.017479 0.843311 -0.008568
0.422900 0.454148 1.978266 0.537091 0.017519 0.843301 -0.008396
0.422779 0.454068 1.978131 0.537097 0.017569 0.843297 -0.008237
0.422660 0.453987 1.977995 0.537099 0.017617 0.843296 -0.008083
0.422543 0.453907 1.977857 0.537098 0.017663 0.843298 -0.007933
0.422428 0.453826 1.977719 0.537094 0.017706 0.843301 -0.007787
0.422315 0.453745 1.977581 0.537087 0.017748 0.843305 -0.007641
0.422204 0.453664 1.977443 0.537079 0.017790 0.843311 -0.007494
0.422097 0.453585 1.977306 0.537071 0.017830 0.843317 -0.007344
0.421992 0.453507 1.977169 0.537062 0.017870 0.843323 -0.007192
0.421892 0.453422 1.977040 0.537054 0.017898 0.843329 -0.007028
0.421798 0.453331 1.976916 0.537045 0.017915 0.843335 -0.006856
0.421709 0.453235 1.976798 0.537037 0.017925 0.843342 -0.006676
0.421624 0.453133 1.976685 0.537029 0.017929 0.843348 -0.006493
0.421544 0.453029 1.976576 0.537021 0.017928 0.843355 -0.006307
0.421468 0.452921 1.976471 0.537012 0.017922 0.843362 -0.006120
0.421396 0.452810 1.976369 0.537003 0.017913 0.843369 -0.005932
0.421328 0.452699 1.976270 0.536994 0.017901 0.843377 -0.005745
0.421263 0.452586 1.976174 0.536984 0.017886 0.843384 -0.005559
0.421200 0.452472 1.976080 0.536974 0.017869 0.843392 -0.005374
0.421141 0.452358 1.975988 0.536965 0.017850 0.843400 -0.005190
0.421084 0.452244 1.975897 0.536954 0.017829 0.843408 -0.005007
0.421030 0.452130 1.975809 0.536944 0.017807 0.843416 -0.004827
0.420977 0.452017 1.975722 0.536934 0.017782 0.843424 -0.004648
0.420927 0.451904 1.975636 0.536924 0.017756 0.843432 -0.004471
0.420805 0.451770 1.975555 0.536920 0.017739 0.843435 -0.004469
0.420645 0.451642 1.975473 0.536916 0.017744 0.843437 -0.004408
0.420468 0.451516 1.975387 0.536902 0.017807 0.843446 -0.004171
0.420297 0.451382 1.975294 0.536915 0.017868 0.843439 -0.003770
0.420130 0.451245 1.975193 0.536951 0.017911 0.843417 -0.003310
0.419968 0.451105 1.975087 0.537007 0.017938 0.843382 -0.002827
0.419810 0.450970 1.974974 0.537090 0.017957 0.843331 -0.002333
0.419653 0.450840 1.974854 0.537189 0.017971 0.843269 -0.001840
0.419497 0.450714 1.974728 0.537298 0.017976 0.843200 -0.001363
0.419342 0.450593 1.974597 0.537411 0.017973 0.843128 -0.000904
0.419186 0.450477 1.974462 0.537526 0.017966 0.843056 -0.000459
0.419031 0.450365 1.974322 0.537640 0.017957 0.842984 -0.000025
0.418868 0.450266 1.974180 0.537735 0.017966 0.842922 0.000374
0.418700 0.450176 1.974036 0.537814 0.017992 0.842871 0.000749
0.418526 0.450096 1.973891 0.537880 0.018033 0.842828 0.001106
0.418347 0.450022 1.973744 0.537934 0.018085 0.842791 0.001451
0.418163 0.449956 1.973597 0.537976 0.018145 0.842763 0.001772
0.417975 0.449895 1.973451 0.538006 0.018213 0.842742 0.002076
0.417783 0.449840 1.973306 0.538026 0.018287 0.842726 0.002368
0.417593 0.449775 1.973169 0.538050 0.018330 0.842709 0.002647
0.417406 0.449700 1.973040 0.538074 0.018351 0.842693 0.002917
0.417223 0.449616 1.972920 0.538097 0.018356 0.842677 0.003180
0.417041 0.449526 1.972806 0.538117 0.018351 0.842663 0.003437
0.416863 0.449429 1.972698 0.538135 0.018337 0.842651 0.003687
0.416686 0.449326 1.972596 0.538151 0.018317 0.842640 0.003931
0.416511 0.449220 1.972500 0.538162 0.018295 0.842632 0.004172
0.416336 0.449110 1.972409 0.538169 0.018270 0.842627 0.004408
0.416163 0.448997 1.972323 0.538173 0.018243 0.842624 0.004639
0.415991 0.448882 1.972240 0.538174 0.018212 0.842623 0.004866
0.415820 0.448765 1.972160 0.538174 0.018179 0.842623 0.005087
0.415650 0.448647 1.972083 0.538171 0.018142 0.842624 0.005304
0.415481 0.448527 1.972008 0.538166 0.018103 0.842626 0.005515
0.415314 0.448406 1.971934 0.538161 0.018060 0.842629 0.005722
0.415148 0.448283 1.971862 0.538154 0.018014 0.842633 0.005924
0.414983 0.448160 1.971792 0.538145 0.017965 0.842638 0.006122
0.414821 0.448036 1.971722 0.538136 0.017913 0.842644 0.006316
0.414660 0.447911 1.971653 0.538126 0.017858 0.842650 0.006505
0.414500 0.447784 1.971585 0.538115 0.017800 0.842657 0.006691
0.414343 0.447657 1.971517 0.538103 0.017739 0.842664 0.006874
0.414187 0.447529 1.971450 0.538090 0.017676 0.842672 0.007054
0.413968 0.447396 1.971393 0.538035 0.017681 0.842707 0.007148
0.413715 0.447270 1.971341 0.537967 0.017736 0.842748 0.007295
0.413444 0.447151 1.971288 0.537900 0.017821 0.842787 0.007518
0.413166 0.447038 1.971232 0.537847 0.017922 0.842816 0.007810
0.412897 0.446920 1.971169 0.537842 0.018004 0.842813 0.008198
0.412632 0.446801 1.971100 0.537874 0.018058 0.842788 0.008612
0.412373 0.446687 1.971022 0.537948 0.018086 0.842736 0.009025
0.412114 0.446578 1.970938 0.538045 0.018100 0.842669 0.009430
0.411855 0.446475 1.970849 0.538157 0.018109 0.842593 0.009825
0.411593 0.446379 1.970755 0.538276 0.018119 0.842512 0.010211
0.411330 0.446288 1.970658 0.538399 0.018123 0.842429 0.010575
0.411065 0.446203 1.970557 0.538521 0.018123 0.842346 0.010921
0.410799 0.446123 1.970453 0.538641 0.018123 0.842265 0.011254
0.410532 0.446049 1.970346 0.538758 0.018124 0.842186 0.011576
0.410259 0.445987 1.970237 0.538851 0.018152 0.842122 0.011882
0.409981 0.445936 1.970126 0.538926 0.018200 0.842068 0.012172
0.409698 0.445892 1.970014 0.538985 0.018262 0.842025 0.012448
0.409412 0.445855 1.969901 0.539032 0.018333 0.841990 0.012711
0.409124 0.445823 1.969788 0.539069 0.018411 0.841960 0.012965
0.408835 0.445793 1.969673 0.539099 0.018494 0.841935 0.013215
0.408552 0.445749 1.969568 0.539127 0.018557 0.841912 0.013486
0.408276 0.445691 1.969471 0.539153 0.018605 0.841889 0.013768
0.408007 0.445622 1.969381 0.539177 0.018641 0.841869 0.014055
0.407743 0.445543 1.969297 0.539198 0.018668 0.841850 0.014342
0.407485 0.445456 1.969219 0.539215 0.018686 0.841834 0.014624
0.407232 0.445363 1.969145 0.539230 0.018698 0.841819 0.014902
0.406982 0.445265 1.969075 0.539240 0.018704 0.841807 0.015172
0.406737 0.445162 1.969007 0.539248 0.018706 0.841798 0.015434
0.406494 0.445057 1.968942 0.539252 0.018703 0.841790 0.015687
0.406254 0.444950 1.968879 0.539254 0.018696 0.841785 0.015931
0.406016 0.444841 1.968818 0.539254 0.018686 0.841781 0.016164
0.405779 0.444732 1.968760 0.539252 0.018672 0.841778 0.016388
0.405543 0.444623 1.968704 0.539249 0.018655 0.841776 0.016605
0.405308 0.444513 1.968649 0.539245 0.018635 0.841775 0.016815
0.405075 0.444402 1.968595 0.539240 0.018612 0.841775 0.017021
0.404845 0.444292 1.968540 0.539234 0.018586 0.841775 0.017222
0.404616 0.444181 1.968486 0.539227 0.018557 0.841776 0.017419
0.404390 0.444070 1.968431 0.539220 0.018525 0.841777 0.017612
0.404166 0.443958 1.968376 0.539212 0.018490 0.841779 0.017801
0.403944 0.443846 1.968320 0.539203 0.018452 0.841781 0.017986
0.403665 0.443724 1.968270 0.539177 0.018353 0.841802 0.017924
0.403353 0.443601 1.968221 0.539148 0.018245 0.841825 0.017811
0.403030 0.443477 1.968170 0.539135 0.018149 0.841836 0.017762
0.402701 0.443354 1.968115 0.539137 0.018072 0.841836 0.017788
0.402371 0.443233 1.968058 0.539151 0.018013 0.841827 0.017883
0.402041 0.443114 1.967998 0.539175 0.017971 0.841809 0.018032
0.401712 0.442997 1.967935 0.539207 0.017944 0.841785 0.018222
0.401385 0.442881 1.967871 0.539245 0.017929 0.841756 0.018441
0.401059 0.442767 1.967804 0.539288 0.017926 0.841723 0.018680
0.400741 0.442660 1.967725 0.539367 0.017936 0.841666 0.018976
0.400419 0.442569 1.967638 0.539442 0.017965 0.841611 0.019258
0.400093 0.442492 1.967544 0.539511 0.018007 0.841559 0.019526
0.399772 0.442417 1.967441 0.539601 0.018025 0.841495 0.019789
0.399448 0.442354 1.967333 0.539681 0.018057 0.841437 0.020037
0.399121 0.442302 1.967218 0.539752 0.018100 0.841385 0.020275
0.398793 0.442259 1.967099 0.539817 0.018150 0.841337 0.020503
0.398469 0.442208 1.966983 0.539877 0.018188 0.841291 0.020741
0.398150 0.442150 1.966869 0.539936 0.018215 0.841248 0.020981
0.397836 0.442087 1.966758 0.539991 0.018233 0.841206 0.021218
0.397527 0.442017 1.966650 0.540043 0.018242 0.841166 0.021450
0.397223 0.441943 1.966544 0.540092 0.018246 0.841129 0.021677
0.396924 0.441865 1.966440 0.540138 0.018243 0.841094 0.021898
0.396628 0.441783 1.966339 0.540179 0.018236 0.841062 0.022113
0.396337 0.441698 1.966239 0.540217 0.018225 0.841032 0.022322
0.396049 0.441610 1.966141 0.540250 0.018211 0.841006 0.022526
0.395765 0.441520 1.966044 0.540279 0.018193 0.840982 0.022724
0.395484 0.441427 1.965949 0.540305 0.018173 0.840961 0.022916
0.395206 0.441332 1.965855 0.540326 0.018150 0.840943 0.023103
0.394932 0.441235 1.965762 0.540343 0.018123 0.840927 0.023285
0.394661 0.441137 1.965671 0.540357 0.018094 0.840914 0.023461
0.394393 0.441036 1.965580 0.540368 0.018061 0.840903 0.023630
0.394127 0.440935 1.965490 0.540375 0.018026 0.840895 0.023793
0.393865 0.440832 1.965402 0.540380 0.017987 0.840888 0.023949
0.393605 0.440727 1.965314 0.540382 0.017945 0.840883 0.024099
0.393348 0.440622 1.965226 0.540382 0.017899 0.840880 0.024244
0.393094 0.440515 1.965140 0.540379 0.017851 0.840879 0.024384
0.392841 0.440410 1.965051 0.540373 0.017805 0.840880 0.024516
0.392590 0.440308 1.964961 0.540362 0.017761 0.840884 0.024642
0.392342 0.440207 1.964869 0.540349 0.017718 0.840890 0.024762
0.392095 0.440108 1.964776 0.540333 0.017676 0.840898 0.024878
0.391791 0.439995 1.964698 0.540301 0.017654 0.840916 0.024950
0.391463 0.439880 1.964620 0.540273 0.017664 0.840930 0.025072
0.391123 0.439766 1.964541 0.540254 0.017695 0.840936 0.025259
0.390778 0.439653 1.964460 0.540247 0.017741 0.840933 0.025501
0.390431 0.439541 1.964376 0.540249 0.017795 0.840922 0.025782
0.390084 0.439430 1.964291 0.540261 0.017852 0.840904 0.026084
0.389738 0.439320 1.964204 0.540280 0.017913 0.840880 0.026406
0.389393 0.439212 1.964115 0.540307 0.017979 0.840851 0.026745
0.389051 0.439106 1.964024 0.540339 0.018047 0.840818 0.027096
0.388712 0.439002 1.963931 0.540376 0.018114 0.840781 0.027452
0.388375 0.438901 1.963835 0.540417 0.018176 0.840742 0.027808
0.388039 0.438812 1.963733 0.540461 0.018246 0.840700 0.028154
0.387702 0.438732 1.963624 0.540507 0.018320 0.840657 0.028492
0.387365 0.438661 1.963509 0.540554 0.018395 0.840614 0.028821
0.387037 0.438586 1.963387 0.540630 0.018446 0.840552 0.029166
0.386710 0.438519 1.963261 0.540700 0.018499 0.840495 0.029491
0.386382 0.438458 1.963131 0.540763 0.018555 0.840442 0.029801
0.386058 0.438391 1.963005 0.540820 0.018598 0.840393 0.030105
0.385738 0.438318 1.962883 0.540873 0.018630 0.840348 0.030402
0.385423 0.438239 1.962763 0.540920 0.018654 0.840307 0.030691
0.385111 0.438156 1.962647 0.540962 0.018673 0.840269 0.030974
0.384804 0.438068 1.962534 0.541000 0.018685 0.840234 0.031250
0.384501 0.437976 1.962424 0.541034 0.018693 0.840202 0.031519
0.384202 0.437882 1.962315 0.541064 0.018696 0.840173 0.031781
0.383906 0.437784 1.962209 0.541090 0.018694 0.840146 0.032036
0.383614 0.437684 1.962105 0.541113 0.018688 0.840122 0.032285
0.383325 0.437581 1.962003 0.541132 0.018678 0.840100 0.032527
0.383039 0.437476 1.961903 0.541149 0.018663 0.840081 0.032763
0.382756 0.437375 1.961801 0.541162 0.018655 0.840064 0.032995
0.382474 0.437276 1.961697 0.541172 0.018650 0.840049 0.033223
0.382196 0.437174 1.961595 0.541179 0.018634 0.840035 0.033441
0.381921 0.437069 1.961495 0.541185 0.018611 0.840024 0.033653
0.381649 0.436961 1.961398 0.541189 0.018582 0.840013 0.033858
0.381380 0.436850 1.961302 0.541191 0.018548 0.840005 0.034058
0.381115 0.436736 1.961208 0.541192 0.018509 0.839997 0.034253
0.380852 0.436625 1.961113 0.541190 0.018475 0.839991 0.034448
0.380591 0.436515 1.961016 0.541186 0.018442 0.839987 0.034640
0.380334 0.436402 1.960922 0.541180 0.018400 0.839984 0.034825
0.380079 0.436285 1.960830 0.541173 0.018351 0.839982 0.035004
0.379828 0.436165 1.960740 0.541166 0.018297 0.839981 0.035178
0.379513 0.436038 1.960665 0.541113 0.018340 0.840005 0.035396
0.379164 0.435914 1.960592 0.541050 0.018422 0.840031 0.035687
0.378797 0.435794 1.960517 0.540994 0.018520 0.840050 0.036042
0.378423 0.435676 1.960438 0.540953 0.018616 0.840057 0.036440
0.378047 0.435560 1.960354 0.540930 0.018702 0.840051 0.036858
0.377671 0.435446 1.960267 0.540923 0.018773 0.840035 0.037281
0.377298 0.435334 1.960176 0.540931 0.018830 0.840010 0.037701
0.376927 0.435223 1.960083 0.540950 0.018873 0.839978 0.038115
0.376558 0.435113 1.959987 0.540979 0.018905 0.839941 0.038521
0.376193 0.435004 1.959890 0.541014 0.018928 0.839899 0.038919
0.375838 0.434891 1.959785 0.541079 0.018934 0.839838 0.039339
0.375486 0.434780 1.959680 0.541144 0.018930 0.839777 0.039735
0.375133 0.434681 1.959569 0.541206 0.018936 0.839719 0.040113
0.374779 0.434591 1.959454 0.541264 0.018950 0.839664 0.040479
0.374425 0.434509 1.959336 0.541317 0.018970 0.839612 0.040833
0.374070 0.434434 1.959214 0.541364 0.018995 0.839564 0.041179
0.373714 0.434364 1.959090 0.541405 0.019024 0.839520 0.041517
0.373359 0.434299 1.958964 0.541441 0.019057 0.839480 0.041848
0.373004 0.434237 1.958836 0.541471 0.019093 0.839444 0.042171
0.372651 0.434178 1.958707 0.541496 0.019130 0.839411 0.042488
0.372298 0.434122 1.958577 0.541515 0.019168 0.839382 0.042798
0.371952 0.434055 1.958452 0.541536 0.019187 0.839353 0.043104
0.371611 0.433979 1.958332 0.541557 0.019190 0.839324 0.043404
0.371276 0.433895 1.958218 0.541573 0.019184 0.839298 0.043699
0.370946 0.433799 1.958112 0.541586 0.019167 0.839274 0.043995
0.370623 0.433695 1.958013 0.541598 0.019141 0.839252 0.044289
0.370305 0.433582 1.957920 0.541608 0.019107 0.839231 0.044579
0.369992 0.433464 1.957832 0.541615 0.019067 0.839212 0.044864
0.369684 0.433341 1.957747 0.541620 0.019021 0.839195 0.045145
0.369379 0.433213 1.957666 0.541623 0.018970 0.839179 0.045419
0.369079 0.433083 1.957588 0.541624 0.018914 0.839165 0.045687
0.368782 0.432950 1.957512 0.541623 0.018855 0.839153 0.045950
0.368488 0.432815 1.957437 0.541619 0.018793 0.839143 0.046206
0.368197 0.432683 1.957361 0.541612 0.018732 0.839135 0.046451
0.367908 0.432552 1.957283 0.541601 0.018672 0.839131 0.046687
0.367620 0.432423 1.957205 0.541586 0.018611 0.839129 0.046914
0.367335 0.432295 1.957126 0.541568 0.018549 0.839129 0.047133
0.367053 0.432165 1.957050 0.541550 0.018482 0.839130 0.047349
0.366773 0.432031 1.956975 0.541533 0.018409 0.839131 0.047562
0.366498 0.431894 1.956903 0.541515 0.018332 0.839133 0.047772
0.366171 0.431740 1.956841 0.541469 0.018214 0.839163 0.047806
0.365815 0.431585 1.956784 0.541412 0.018092 0.839201 0.047825
0.365446 0.431431 1.956726 0.541358 0.017978 0.839235 0.047884
0.365072 0.431278 1.956666 0.541313 0.017875 0.839260 0.047995
0.364701 0.431124 1.956602 0.541288 0.017779 0.839268 0.048167
0.364334 0.430970 1.956534 0.541278 0.017690 0.839264 0.048391
0.363972 0.430816 1.956461 0.541280 0.017609 0.839249 0.048656
0.363616 0.430663 1.956385 0.541291 0.017534 0.839226 0.048952
0.363265 0.430512 1.956305 0.541309 0.017463 0.839197 0.049268
0.362919 0.430362 1.956222 0.541332 0.017395 0.839165 0.049597
0.362578 0.430213 1.956136 0.541357 0.017328 0.839130 0.049933
0.362242 0.430065 1.956047 0.541382 0.017261 0.839095 0.050269
0.361910 0.429917 1.955957 0.541408 0.017193 0.839060 0.050603
0.361580 0.429776 1.955861 0.541431 0.017130 0.839026 0.050928
0.361252 0.429640 1.955762 0.541452 0.017070 0.838995 0.051245
0.360926 0.429508 1.955659 0.541470 0.017014 0.838965 0.051555
0.360603 0.429380 1.955554 0.541484 0.016959 0.838939 0.051858
0.360282 0.429254 1.955445 0.541496 0.016905 0.838914 0.052154
0.359965 0.429125 1.955339 0.541507 0.016845 0.838890 0.052450
0.359653 0.428992 1.955235 0.541517 0.016779 0.838866 0.052744
0.359345 0.428855 1.955132 0.541526 0.016707 0.838843 0.053032
0.359041 0.428715 1.955030 0.541534 0.016629 0.838822 0.053314
0.358742 0.428572 1.954930 0.541541 0.016546 0.838801 0.053589
0.358447 0.428427 1.954832 0.541547 0.016458 0.838782 0.053858
0.358155 0.428279 1.954734 0.541551 0.016366 0.838764 0.054118
0.357867 0.428130 1.954638 0.541554 0.016270 0.838748 0.054372
0.357582 0.427982 1.954541 0.541552 0.016173 0.838736 0.054612
0.357299 0.427836 1.954443 0.541546 0.016077 0.838727 0.054841
0.357018 0.427692 1.954344 0.541536 0.015980 0.838720 0.055061
0.356739 0.427545 1.954249 0.541526 0.015878 0.838715 0.055275
0.356462 0.427396 1.954157 0.541515 0.015772 0.838710 0.055485
0.356187 0.427245 1.954069 0.541505 0.015662 0.838705 0.055690
0.355915 0.427092 1.953983 0.541495 0.015547 0.838700 0.055892
0.355645 0.426937 1.953899 0.541484 0.015429 0.838696 0.056090
0.355379 0.426780 1.953817 0.541473 0.015308 0.838692 0.056285
0.355114 0.426621 1.953738 0.541462 0.015183 0.838689 0.056476
0.354853 0.426462 1.953657 0.541449 0.015058 0.838687 0.056661
0.354593 0.426304 1.953577 0.541434 0.014932 0.838687 0.056840
0.354336 0.426146 1.953497 0.541417 0.014806 0.838688 0.057015
0.354081 0.425989 1.953417 0.541398 0.014678 0.838691 0.057185
0.353767 0.425842 1.953339 0.541333 0.014629 0.838726 0.057298
0.353427 0.425689 1.953263 0.541270 0.014589 0.838754 0.057493
0.353078 0.425531 1.953186 0.541218 0.014557 0.838770 0.057766
0.352726 0.425370 1.953105 0.541182 0.014528 0.838770 0.058099
0.352376 0.425206 1.953022 0.541160 0.014502 0.838758 0.058480
0.352030 0.425040 1.952937 0.541150 0.014476 0.838736 0.058894
0.351696 0.424864 1.952843 0.541177 0.014438 0.838686 0.059367
0.351376 0.424681 1.952742 0.541237 0.014383 0.838613 0.059864
0.351059 0.424501 1.952640 0.541291 0.014333 0.838544 0.060353
0.350745 0.424324 1.952539 0.541338 0.014286 0.838480 0.060832
0.350433 0.424150 1.952438 0.541379 0.014241 0.838420 0.061301
0.350123 0.423977 1.952338 0.541414 0.014195 0.838365 0.061758
0.349815 0.423806 1.952237 0.541444 0.014149 0.838313 0.062203
0.349509 0.423637 1.952136 0.541470 0.014102 0.838265 0.062636
0.349204 0.423468 1.952036 0.541492 0.014052 0.838220 0.063058
0.348902 0.423300 1.951937 0.541510 0.014001 0.838178 0.063468
0.348601 0.423134 1.951837 0.541524 0.013947 0.838139 0.063868
0.348301 0.422971 1.951736 0.541536 0.013896 0.838104 0.064255
0.348003 0.422813 1.951632 0.541543 0.013847 0.838071 0.064630
0.347705 0.422658 1.951527 0.541547 0.013798 0.838041 0.064996
0.347409 0.422506 1.951421 0.541547 0.013750 0.838013 0.065352
0.347114 0.422356 1.951315 0.541545 0.013701 0.837989 0.065699
0.346821 0.422203 1.951211 0.541542 0.013645 0.837965 0.066041
0.346532 0.422046 1.951109 0.541537 0.013581 0.837942 0.066376
0.346246 0.421887 1.951011 0.541533 0.013511 0.837920 0.066704
0.345962 0.421725 1.950916 0.541527 0.013436 0.837900 0.067021
0.345680 0.421561 1.950824 0.541521 0.013355 0.837881 0.067328
0.345401 0.421395 1.950735 0.541514 0.013269 0.837863 0.067626
0.345123 0.421227 1.950649 0.541506 0.013178 0.837846 0.067918
0.344848 0.421058 1.950565 0.541497 0.013083 0.837829 0.068202
0.344576 0.420887 1.950483 0.541488 0.012984 0.837814 0.068479
0.344305 0.420714 1.950403 0.541477 0.012881 0.837801 0.068751
0.344037 0.420540 1.950325 0.541466 0.012775 0.837788 0.069016
0.343772 0.420364 1.950249 0.541454 0.012665 0.837776 0.069276
0.343509 0.420189 1.950173 0.541440 0.012555 0.837765 0.069529
0.343249 0.420014 1.950096 0.541424 0.012443 0.837757 0.069776
0.342990 0.419839 1.950020 0.541407 0.012331 0.837749 0.070018
0.342734 0.419664 1.949944 0.541388 0.012217 0.837744 0.070254
0.342480 0.419488 1.949869 0.541367 0.012100 0.837739 0.070486
0.342229 0.419312 1.949794 0.541345 0.011982 0.837736 0.070713
0.341917 0.419140 1.949726 0.541266 0.011940 0.837777 0.070845
0.341580 0.418951 1.949658 0.541193 0.011899 0.837812 0.070992
0.341234 0.418754 1.949586 0.541136 0.011865 0.837832 0.071191
0.340887 0.418554 1.949508 0.541096 0.011837 0.837837 0.071445
0.340542 0.418352 1.949425 0.541072 0.011813 0.837827 0.071743
0.340202 0.418150 1.949336 0.541062 0.011791 0.837806 0.072077
0.339867 0.417949 1.949242 0.541062 0.011771 0.837775 0.072435
0.339551 0.417736 1.949135 0.541114 0.011722 0.837707 0.072832
0.339239 0.417526 1.949026 0.541164 0.011676 0.837642 0.073225
0.338932 0.417319 1.948915 0.541210 0.011631 0.837579 0.073612
0.338628 0.417114 1.948801 0.541251 0.011586 0.837519 0.073992
0.338328 0.416912 1.948687 0.541288 0.011541 0.837463 0.074364
0.338030 0.416711 1.948571 0.541320 0.011496 0.837410 0.074728
0.337736 0.416512 1.948455 0.541348 0.011449 0.837361 0.075084
0.337444 0.416315 1.948337 0.541372 0.011400 0.837315 0.075431
0.337155 0.416119 1.948220 0.541393 0.011350 0.837272 0.075770
0.336868 0.415928 1.948099 0.541412 0.011303 0.837230 0.076101
0.336584 0.415741 1.947975 0.541429 0.011257 0.837190 0.076425
0.336301 0.415557 1.947849 0.541443 0.011212 0.837152 0.076742
0.336021 0.415377 1.947722 0.541455 0.011167 0.837117 0.077053
0.335742 0.415199 1.947593 0.541464 0.011121 0.837083 0.077358
0.335466 0.415023 1.947463 0.541471 0.011074 0.837052 0.077655
0.335193 0.414849 1.947333 0.541476 0.011025 0.837022 0.077947
0.334921 0.414675 1.947202 0.541479 0.010974 0.836995 0.078233
0.334652 0.414498 1.947075 0.541480 0.010915 0.836969 0.078514
0.334386 0.414317 1.946952 0.541479 0.010848 0.836944 0.078788
0.334124 0.414133 1.946832 0.541477 0.010774 0.836921 0.079055
0.333864 0.413945 1.946715 0.541475 0.010693 0.836899 0.079316
0.333607 0.413754 1.946601 0.541472 0.010607 0.836878 0.079570
0.333354 0.413561 1.946490 0.541467 0.010515 0.836858 0.079819
0.333103 0.413366 1.946381 0.541461 0.010418 0.836840 0.080062
0.332855 0.413167 1.946275 0.541455 0.010315 0.836823 0.080301
0.332611 0.412966 1.946172 0.541447 0.010208 0.836807 0.080535
0.332370 0.412763 1.946070 0.541438 0.010096 0.836792 0.080764
0.332129 0.412559 1.945973 0.541427 0.009981 0.836779 0.080983
0.331890 0.412357 1.945875 0.541415 0.009865 0.836767 0.081194
0.331652 0.412156 1.945779 0.541402 0.009749 0.836757 0.081399
0.331416 0.411956 1.945684 0.541388 0.009632 0.836749 0.081599
0.331180 0.411757 1.945590 0.541372 0.009513 0.836741 0.081795
0.330947 0.411557 1.945497 0.541354 0.009392 0.836735 0.081987
0.330654 0.411366 1.945413 0.541279 0.009368 0.836769 0.082142
0.330332 0.411163 1.945334 0.541202 0.009351 0.836798 0.082357
0.329997 0.410953 1.945255 0.541137 0.009336 0.836813 0.082632
0.329658 0.410738 1.945173 0.541089 0.009322 0.836812 0.082955
0.329318 0.410521 1.945089 0.541057 0.009308 0.836797 0.083314
0.328981 0.410303 1.945003 0.541037 0.009292 0.836772 0.083699
0.328658 0.410070 1.944907 0.541069 0.009255 0.836707 0.084140
0.328350 0.409830 1.944803 0.541144 0.009194 0.836613 0.084600
0.328044 0.409593 1.944700 0.541210 0.009135 0.836527 0.085041
0.327740 0.409362 1.944597 0.541266 0.009078 0.836448 0.085465
0.327437 0.409133 1.944495 0.541314 0.009022 0.836375 0.085874
0.327135 0.408908 1.944393 0.541354 0.008966 0.836309 0.086270
0.326834 0.408686 1.944293 0.541387 0.008909 0.836248 0.086654
0.326533 0.408466 1.944193 0.541415 0.008851 0.836192 0.087027
0.326234 0.408248 1.944094 0.541438 0.008791 0.836140 0.087388
0.325935 0.408035 1.943993 0.541457 0.008733 0.836092 0.087739
0.325637 0.407826 1.943892 0.541472 0.008676 0.836047 0.088081
0.325339 0.407620 1.943789 0.541484 0.008620 0.836005 0.088414
0.325043 0.407418 1.943686 0.541491 0.008563 0.835966 0.088739
0.324747 0.407218 1.943585 0.541495 0.008505 0.835931 0.089053
0.324451 0.407021 1.943484 0.541497 0.008446 0.835898 0.089358
0.324155 0.406826 1.943384 0.541496 0.008385 0.835867 0.089654
0.323861 0.406627 1.943289 0.541494 0.008315 0.835838 0.089944
0.323569 0.406426 1.943197 0.541491 0.008238 0.835810 0.090226
0.323280 0.406223 1.943110 0.541489 0.008154 0.835783 0.090500
0.322992 0.406016 1.943025 0.541486 0.008063 0.835757 0.090767
0.322707 0.405808 1.942943 0.541483 0.007966 0.835731 0.091027
0.322424 0.405597 1.942864 0.541480 0.007865 0.835707 0.091281
0.322144 0.405384 1.942788 0.541476 0.007758 0.835683 0.091529
0.321867 0.405169 1.942714 0.541471 0.007646 0.835660 0.091771
0.321592 0.404953 1.942642 0.541466 0.007530 0.835639 0.092009
0.321319 0.404735 1.942572 0.541460 0.007410 0.835618 0.092241
0.321049 0.404515 1.942505 0.541454 0.007286 0.835598 0.092468
0.320782 0.404293 1.942439 0.541446 0.007158 0.835580 0.092691
0.320517 0.404071 1.942375 0.541438 0.007026 0.835562 0.092909
0.320255 0.403846 1.942312 0.541428 0.006890 0.835545 0.093124
0.319995 0.403620 1.942252 0.541418 0.006751 0.835529 0.093333
0.319739 0.403392 1.942192 0.541407 0.006608 0.835515 0.093539
0.319485 0.403163 1.942133 0.541395 0.006463 0.835501 0.093740
0.319234 0.402934 1.942075 0.541381 0.006316 0.835489 0.093937
0.318931 0.402714 1.942022 0.541313 0.006306 0.835516 0.094092
0.318614 0.402474 1.941973 0.541249 0.006304 0.835536 0.094280
0.318293 0.402223 1.941922 0.541197 0.006309 0.835543 0.094523
0.317974 0.401967 1.941867 0.541160 0.006319 0.835533 0.094815
0.317674 0.401687 1.941803 0.541175 0.006323 0.835477 0.095227
0.317395 0.401392 1.941727 0.541246 0.006300 0.835378 0.095686
0.317122 0.401103 1.941649 0.541307 0.006280 0.835289 0.096122
0.316852 0.400820 1.941570 0.541358 0.006263 0.835208 0.096542
0.316584 0.400541 1.941488 0.541400 0.006246 0.835133 0.096951
0.316319 0.400267 1.941405 0.541434 0.006230 0.835065 0.097351
0.316057 0.399997 1.941319 0.541462 0.006215 0.835001 0.097742
0.315795 0.399734 1.941232 0.541484 0.006201 0.834943 0.098117
0.315533 0.399476 1.941144 0.541500 0.006186 0.834890 0.098481
0.315271 0.399223 1.941055 0.541512 0.006171 0.834840 0.098834
0.315010 0.398974 1.940966 0.541520 0.006154 0.834795 0.099179
0.314749 0.398728 1.940876 0.541524 0.006135 0.834752 0.099515
0.314489 0.398484 1.940787 0.541526 0.006114 0.834712 0.099844
0.314231 0.398243 1.940698 0.541525 0.006089 0.834674 0.100166
0.313974 0.398002 1.940609 0.541522 0.006060 0.834638 0.100480
0.313718 0.397763 1.940521 0.541517 0.006027 0.834605 0.100788
0.313464 0.397524 1.940434 0.541510 0.005990 0.834573 0.101090
0.313212 0.397285 1.940348 0.541503 0.005948 0.834542 0.101385
0.312962 0.397044 1.940266 0.541494 0.005899 0.834513 0.101676
0.312714 0.396801 1.940186 0.541485 0.005843 0.834484 0.101961
0.312468 0.396556 1.940110 0.541476 0.005780 0.834456 0.102242
0.312224 0.396308 1.940036 0.541467 0.005711 0.834429 0.102517
0.311983 0.396059 1.939965 0.541458 0.005634 0.834402 0.102786
0.311745 0.395806 1.939896 0.541449 0.005551 0.834376 0.103051
0.311510 0.395552 1.939829 0.541440 0.005463 0.834350 0.103310
0.311278 0.395296 1.939763 0.541430 0.005368 0.834326 0.103565
0.311048 0.395037 1.939700 0.541420 0.005267 0.834302 0.103815
0.310821 0.394777 1.939639 0.541409 0.005161 0.834279 0.104060
0.310597 0.394514 1.939579 0.541398 0.005050 0.834256 0.104301
0.310376 0.394250 1.939520 0.541387 0.004933 0.834235 0.104537
0.310158 0.393984 1.939464 0.541375 0.004811 0.834214 0.104769
0.309943 0.393716 1.939407 0.541361 0.004684 0.834195 0.104995
0.309730 0.393448 1.939352 0.541346 0.004553 0.834178 0.105215
0.309520 0.393178 1.939298 0.541330 0.004417 0.834163 0.105430
0.309313 0.392907 1.939245 0.541311 0.004277 0.834148 0.105641
0.309108 0.392634 1.939193 0.541292 0.004132 0.834136 0.105847
0.308860 0.392366 1.939143 0.541275 0.004112 0.834123 0.106034
0.308585 0.392084 1.939107 0.541234 0.004097 0.834121 0.106259
0.308309 0.391764 1.939078 0.541205 0.004118 0.834082 0.106711
0.308047 0.391417 1.939048 0.541232 0.004121 0.833995 0.107259
0.307783 0.391079 1.939020 0.541258 0.004125 0.833911 0.107779
0.307519 0.390748 1.938993 0.541285 0.004127 0.833828 0.108277
0.307252 0.390425 1.938966 0.541309 0.004130 0.833750 0.108760
0.306982 0.390110 1.938940 0.541329 0.004135 0.833675 0.109231
0.306710 0.389800 1.938915 0.541347 0.004139 0.833603 0.109693
0.306436 0.389496 1.938891 0.541363 0.004141 0.833533 0.110145
0.306162 0.389195 1.938867 0.541376 0.004140 0.833466 0.110589
0.305887 0.388898 1.938843 0.541388 0.004136 0.833401 0.111022
0.305612 0.388603 1.938820 0.541398 0.004127 0.833337 0.111447
0.305337 0.388310 1.938797 0.541407 0.004114 0.833276 0.111862
0.305063 0.388019 1.938775 0.541414 0.004096 0.833216 0.112268
0.304790 0.387729 1.938753 0.541421 0.004071 0.833158 0.112665
0.304518 0.387440 1.938732 0.541427 0.004042 0.833102 0.113052
0.304248 0.387152 1.938712 0.541433 0.004006 0.833047 0.113430
0.303980 0.386864 1.938692 0.541437 0.003964 0.832994 0.113800
0.303713 0.386575 1.938673 0.541441 0.003916 0.832943 0.114160
0.303448 0.386286 1.938656 0.541443 0.003860 0.832893 0.114512
0.303185 0.385996 1.938640 0.541443 0.003798 0.832846 0.114855
0.302924 0.385704 1.938626 0.541442 0.003729 0.832801 0.115190
0.302665 0.385412 1.938613 0.541440 0.003653 0.832758 0.115516
0.302409 0.385118 1.938602 0.541437 0.003570 0.832716 0.115834
0.302155 0.384823 1.938592 0.541432 0.003480 0.832676 0.116144
0.301903 0.384526 1.938583 0.541428 0.003384 0.832637 0.116446
0.301654 0.384228 1.938576 0.541422 0.003280 0.832600 0.116740
0.301408 0.383928 1.938569 0.541416 0.003170 0.832564 0.117027
0.301175 0.383624 1.938569 0.541427 0.003054 0.832520 0.117294
0.300954 0.383317 1.938576 0.541451 0.002931 0.832470 0.117544
0.300742 0.383005 1.938593 0.541483 0.002803 0.832416 0.117778
0.300539 0.382688 1.938623 0.541521 0.002668 0.832361 0.117998
0.300341 0.382365 1.938665 0.541561 0.002524 0.832306 0.118203
0.300149 0.382033 1.938722 0.541604 0.002370 0.832252 0.118393
0.299962 0.381693 1.938794 0.541646 0.002203 0.832200 0.118569
0.299778 0.381342 1.938881 0.541688 0.002024 0.832149 0.118730
0.299596 0.380982 1.938983 0.541731 0.001830 0.832101 0.118877
0.299417 0.380611 1.939100 0.541773 0.001619 0.832056 0.119008
0.299240 0.380229 1.939230 0.541816 0.001393 0.832012 0.119123
0.299025 0.379830 1.939389 0.541825 0.001389 0.831974 0.119344
0.298798 0.379411 1.939561 0.541852 0.001403 0.831924 0.119568
0.298563 0.378984 1.939740 0.541887 0.001420 0.831868 0.119795
0.298321 0.378551 1.939928 0.541927 0.001427 0.831810 0.120020
0.298076 0.378113 1.940123 0.541971 0.001420 0.831751 0.120237
0.297827 0.377670 1.940326 0.542016 0.001396 0.831691 0.120443
0.297575 0.377224 1.940536 0.542063 0.001355 0.831633 0.120635
0.297322 0.376773 1.940751 0.542111 0.001299 0.831576 0.120815
0.297067 0.376318 1.940973 0.542160 0.001227 0.831519 0.120981
0.296812 0.375860 1.941199 0.542210 0.001140 0.831464 0.121137
0.296556 0.375398 1.941429 0.542261 0.001038 0.831410 0.121282
0.296301 0.374932 1.941662 0.542313 0.000922 0.831356 0.121418
0.296046 0.374462 1.941903 0.542369 0.000793 0.831300 0.121554
0.295792 0.373985 1.942151 0.542428 0.000646 0.831243 0.121683
0.295539 0.373501 1.942403 0.542491 0.000482 0.831184 0.121805
0.295287 0.373013 1.942653 0.542553 0.000301 0.831127 0.121916
0.295038 0.372520 1.942902 0.542614 0.000109 0.831072 0.122021
0.294792 0.372024 1.943151 0.542674 -0.000093 0.831018 0.122123
0.294548 0.371522 1.943403 0.542736 -0.000309 0.830963 0.122223
0.294308 0.371015 1.943658 0.542800 -0.000541 0.830907 0.122320
0.294071 0.370501 1.943914 0.542866 -0.000788 0.830850 0.122412
0.293861 0.369944 1.944174 0.543011 -0.001103 0.830735 0.122541
0.293651 0.369387 1.944432 0.543139 -0.001423 0.830637 0.122639
0.293436 0.368844 1.944684 0.543255 -0.001744 0.830554 0.122681
0.293216 0.368314 1.944931 0.543360 -0.002066 0.830483 0.122691
0.292992 0.367794 1.945174 0.543456 -0.002387 0.830421 0.122682
0.292770 0.367277 1.945413 0.543561 -0.002720 0.830355 0.122657
0.292547 0.366762 1.945648 0.543666 -0.003060 0.830290 0.122625
0.292324 0.366250 1.945880 0.543769 -0.003403 0.830226 0.122589
0.292103 0.365738 1.946110 0.543869 -0.003749 0.830165 0.122552
0.291883 0.365228 1.946337 0.543965 -0.004099 0.830105 0.122515
0.291664 0.364718 1.946561 0.544058 -0.004451 0.830048 0.122479
0.291447 0.364209 1.946783 0.544146 -0.004807 0.829994 0.122444
0.291233 0.363698 1.947002 0.544230 -0.005165 0.829941 0.122411
0.291022 0.363187 1.947219 0.544310 -0.005527 0.829891 0.122381
0.290814 0.362675 1.947434 0.544385 -0.005893 0.829843 0.122353
0.290609 0.362161 1.947646 0.544456 -0.006262 0.829798 0.122329
0.290407 0.361646 1.947857 0.544523 -0.006634 0.829754 0.122308
0.290210 0.361128 1.948065 0.544585 -0.007011 0.829712 0.122290
0.290016 0.360608 1.948271 0.544644 -0.007391 0.829673 0.122276
0.289798 0.360075 1.948460 0.544707 -0.007715 0.829644 0.122170
0.289569 0.359544 1.948633 0.544770 -0.007985 0.829614 0.122074
0.289334 0.359021 1.948795 0.544828 -0.008207 0.829579 0.122038
0.289097 0.358507 1.948947 0.544881 -0.008393 0.829539 0.122062
0.288860 0.358000 1.949096 0.544926 -0.008550 0.829495 0.122147
0.288625 0.357497 1.949241 0.544969 -0.008697 0.829449 0.122264
0.288394 0.356997 1.949383 0.545011 -0.008843 0.829400 0.122396
0.288167 0.356498 1.949523 0.545053 -0.008992 0.829350 0.122536
0.287944 0.356000 1.949662 0.545095 -0.009145 0.829300 0.122678
0.287725 0.355502 1.949799 0.545136 -0.009305 0.829250 0.122820
0.287509 0.355003 1.949934 0.545177 -0.009472 0.829200 0.122962
0.287298 0.354503 1.950070 0.545218 -0.009646 0.829150 0.123101
0.287091 0.354002 1.950205 0.545258 -0.009829 0.829101 0.123238
0.286887 0.353499 1.950339 0.545298 -0.010021 0.829053 0.123372
0.286687 0.352994 1.950473 0.545337 -0.010221 0.829006 0.123502
0.286491 0.352486 1.950607 0.545376 -0.010431 0.828959 0.123629
0.286299 0.351977 1.950740 0.545414 -0.010650 0.828913 0.123752
0.286108 0.351466 1.950872 0.545448 -0.010881 0.828871 0.123861
0.285921 0.350953 1.951004 0.545482 -0.011117 0.828829 0.123974
0.285738 0.350438 1.951136 0.545515 -0.011360 0.828787 0.124085
0.285558 0.349920 1.951268 0.545548 -0.011612 0.828745 0.124195
0.285371 0.349418 1.951393 0.545574 -0.011855 0.828711 0.124280
0.285178 0.348931 1.951513 0.545595 -0.012090 0.828684 0.124350
0.284979 0.348458 1.951629 0.545609 -0.012315 0.828662 0.124412
0.284776 0.347997 1.951741 0.545619 -0.012533 0.828644 0.124467
0.284569 0.347549 1.951850 0.545624 -0.012744 0.828630 0.124516
0.284359 0.347111 1.951956 0.545626 -0.012950 0.828618 0.124561
0.284145 0.346681 1.952061 0.545626 -0.013152 0.828610 0.124602
0.283929 0.346261 1.952164 0.545622 -0.013350 0.828604 0.124637
0.283711 0.345847 1.952265 0.545617 -0.013547 0.828599 0.124669
0.283492 0.345440 1.952366 0.545609 -0.013741 0.828597 0.124696
0.283270 0.345039 1.952465 0.545601 -0.013935 0.828596 0.124718
0.283048 0.344643 1.952563 0.545590 -0.014129 0.828597 0.124736
0.282824 0.344251 1.952661 0.545579 -0.014323 0.828599 0.124749
0.282600 0.343863 1.952758 0.545566 -0.014518 0.828603 0.124758
0.282376 0.343479 1.952855 0.545553 -0.014714 0.828607 0.124762
0.282151 0.343098 1.952951 0.545538 -0.014911 0.828613 0.124763
0.281925 0.342721 1.953047 0.545522 -0.015110 0.828621 0.124759
0.281700 0.342345 1.953142 0.545506 -0.015311 0.828629 0.124751
0.281474 0.341975 1.953236 0.545490 -0.015506 0.828637 0.124745
0.281209 0.341594 1.953344 0.545498 -0.015621 0.828640 0.124673
0.280919 0.341210 1.953455 0.545500 -0.015662 0.828634 0.124699
0.280616 0.340825 1.953563 0.545505 -0.015667 0.828615 0.124802
0.280308 0.340438 1.953666 0.545513 -0.015652 0.828586 0.124961
0.280003 0.340048 1.953761 0.545528 -0.015639 0.828550 0.125140
0.279702 0.339656 1.953851 0.545545 -0.015629 0.828510 0.125330
0.279404 0.339264 1.953937 0.545565 -0.015622 0.828467 0.125525
0.279110 0.338872 1.954021 0.545585 -0.015621 0.828424 0.125721
0.278819 0.338480 1.954103 0.545605 -0.015625 0.828382 0.125915
0.278533 0.338089 1.954184 0.545624 -0.015635 0.828340 0.126106
0.278249 0.337698 1.954264 0.545641 -0.015652 0.828300 0.126291
0.277968 0.337308 1.954344 0.545657 -0.015677 0.828262 0.126470
0.277691 0.336919 1.954423 0.545671 -0.015708 0.828226 0.126643
0.277415 0.336530 1.954502 0.545683 -0.015747 0.828192 0.126808
0.277142 0.336141 1.954581 0.545693 -0.015793 0.828160 0.126967
0.276872 0.335752 1.954661 0.545701 -0.015847 0.828131 0.127118
0.276604 0.335366 1.954738 0.545708 -0.015902 0.828102 0.127268
0.276338 0.334982 1.954814 0.545714 -0.015959 0.828074 0.127417
0.276074 0.334600 1.954889 0.545717 -0.016018 0.828048 0.127566
0.275812 0.334219 1.954963 0.545719 -0.016080 0.828022 0.127714
0.275553 0.333840 1.955037 0.545719 -0.016148 0.827999 0.127859
0.275295 0.333462 1.955109 0.545717 -0.016220 0.827977 0.128000
0.275040 0.333085 1.955181 0.545714 -0.016297 0.827956 0.128137
0.274786 0.332708 1.955253 0.545709 -0.016380 0.827938 0.128270
0.274534 0.332332 1.955325 0.545702 -0.016468 0.827920 0.128398
0.274284 0.331957 1.955396 0.545694 -0.016562 0.827905 0.128521
0.274036 0.331581 1.955468 0.545684 -0.016662 0.827891 0.128638
0.273789 0.331206 1.955539 0.545673 -0.016768 0.827878 0.128751
0.273544 0.330832 1.955610 0.545661 -0.016880 0.827867 0.128859
0.273301 0.330457 1.955681 0.545648 -0.016998 0.827858 0.128961
0.273059 0.330082 1.955752 0.545633 -0.017121 0.827850 0.129059
0.272819 0.329708 1.955823 0.545618 -0.017250 0.827843 0.129152
0.272580 0.329333 1.955894 0.545601 -0.017384 0.827837 0.129240
0.272342 0.328959 1.955966 0.545583 -0.017524 0.827833 0.129324
0.272106 0.328584 1.956037 0.545565 -0.017670 0.827829 0.129403
0.271871 0.328209 1.956108 0.545545 -0.017820 0.827827 0.129478
0.271637 0.327835 1.956180 0.545523 -0.017975 0.827828 0.129549
0.271404 0.327460 1.956253 0.545498 -0.018136 0.827830 0.129616
0.271171 0.327085 1.956327 0.545471 -0.018301 0.827834 0.129680
0.270939 0.326710 1.956401 0.545442 -0.018471 0.827840 0.129739
0.270671 0.326313 1.956494 0.545449 -0.018569 0.827854 0.129611
0.270396 0.325892 1.956581 0.545466 -0.018668 0.827867 0.129439
0.270116 0.325461 1.956662 0.545486 -0.018753 0.827876 0.129287
0.269834 0.325025 1.956738 0.545506 -0.018822 0.827878 0.129177
0.269553 0.324587 1.956811 0.545521 -0.018871 0.827876 0.129122
0.269273 0.324150 1.956881 0.545532 -0.018905 0.827869 0.129114
0.268996 0.323714 1.956948 0.545539 -0.018932 0.827860 0.129139
0.268722 0.323278 1.957013 0.545543 -0.018956 0.827850 0.129186
0.268453 0.322843 1.957075 0.545542 -0.018981 0.827840 0.129248
0.268188 0.322409 1.957137 0.545539 -0.019010 0.827830 0.129319
0.267926 0.321977 1.957197 0.545532 -0.019043 0.827822 0.129394
0.267667 0.321545 1.957256 0.545522 -0.019082 0.827816 0.129472
0.267412 0.321113 1.957314 0.545510 -0.019127 0.827811 0.129548
0.267160 0.320683 1.957372 0.545495 -0.019180 0.827808 0.129624
0.266909 0.320255 1.957430 0.545477 -0.019235 0.827806 0.129700
0.266661 0.319829 1.957486 0.545455 -0.019292 0.827807 0.129778
0.266415 0.319405 1.957541 0.545431 -0.019354 0.827809 0.129856
0.266171 0.318983 1.957596 0.545404 -0.019421 0.827813 0.129934
0.265929 0.318563 1.957650 0.545375 -0.019493 0.827819 0.130010
0.265689 0.318143 1.957704 0.545342 -0.019572 0.827826 0.130085
0.265451 0.317725 1.957758 0.545308 -0.019656 0.827836 0.130156
0.265215 0.317307 1.957812 0.545272 -0.019747 0.827847 0.130225
0.264980 0.316890 1.957866 0.545234 -0.019845 0.827859 0.130290
0.264747 0.316474 1.957920 0.545194 -0.019949 0.827873 0.130352
0.264515 0.316057 1.957974 0.545153 -0.020060 0.827888 0.130411
0.264285 0.315642 1.958028 0.545110 -0.020178 0.827905 0.130467
0.264056 0.315226 1.958082 0.545066 -0.020302 0.827923 0.130519
0.263828 0.314811 1.958137 0.545021 -0.020432 0.827941 0.130567
0.263602 0.314395 1.958192 0.544975 -0.020570 0.827961 0.130612
0.263377 0.313980 1.958248 0.544927 -0.020713 0.827982 0.130654
0.263153 0.313565 1.958303 0.544879 -0.020863 0.828004 0.130692
0.262930 0.313150 1.958359 0.544830 -0.021019 0.828027 0.130727
0.262708 0.312734 1.958416 0.544780 -0.021181 0.828051 0.130760
0.262488 0.312319 1.958472 0.544729 -0.021349 0.828075 0.130789
0.262268 0.311903 1.958529 0.544678 -0.021524 0.828100 0.130814
0.262050 0.311488 1.958586 0.544629 -0.021703 0.828124 0.130840
0.261834 0.311072 1.958643 0.544581 -0.021886 0.828147 0.130863
0.261619 0.310657 1.958699 0.544535 -0.022075 0.828168 0.130886
0.261405 0.310242 1.958755 0.544490 -0.022268 0.828190 0.130907
0.261193 0.309826 1.958812 0.544445 -0.022467 0.828211 0.130927
0.260963 0.309352 1.958873 0.544436 -0.022722 0.828274 0.130522
0.260702 0.308866 1.958953 0.544446 -0.022894 0.828326 0.130117
0.260429 0.308364 1.959030 0.544461 -0.023050 0.828373 0.129726
0.260148 0.307853 1.959105 0.544475 -0.023181 0.828413 0.129386
0.259863 0.307339 1.959177 0.544488 -0.023284 0.828445 0.129109
0.259575 0.306824 1.959248 0.544494 -0.023358 0.828471 0.128907
0.259287 0.306310 1.959318 0.544495 -0.023407 0.828490 0.128770
0.258999 0.305797 1.959387 0.544493 -0.023436 0.828503 0.128688
0.258714 0.305285 1.959454 0.544489 -0.023448 0.828511 0.128653
0.258429 0.304776 1.959522 0.544481 -0.023444 0.828515 0.128664
0.258147 0.304268 1.959589 0.544469 -0.023434 0.828516 0.128705
0.257869 0.303761 1.959653 0.544454 -0.023426 0.828517 0.128764
0.257595 0.303255 1.959716 0.544435 -0.023425 0.828519 0.128832
0.257325 0.302749 1.959777 0.544413 -0.023432 0.828522 0.128903
0.257060 0.302243 1.959836 0.544388 -0.023449 0.828527 0.128976
0.256798 0.301738 1.959894 0.544360 -0.023475 0.828533 0.129049
0.256539 0.301234 1.959952 0.544329 -0.023511 0.828542 0.129120
0.256284 0.300730 1.960008 0.544296 -0.023558 0.828551 0.129189
0.256031 0.300229 1.960064 0.544261 -0.023607 0.828561 0.129262
0.255781 0.299729 1.960118 0.544225 -0.023661 0.828571 0.129340
0.255534 0.299232 1.960170 0.544187 -0.023722 0.828582 0.129419
0.255289 0.298737 1.960222 0.544147 -0.023788 0.828594 0.129499
0.255047 0.298242 1.960272 0.544105 -0.023863 0.828607 0.129579
0.254807 0.297749 1.960322 0.544061 -0.023945 0.828621 0.129658
0.254569 0.297257 1.960372 0.544015 -0.024035 0.828637 0.129735
0.254334 0.296766 1.960420 0.543968 -0.024134 0.828653 0.129810
0.254101 0.296275 1.960469 0.543919 -0.024241 0.828670 0.129883
0.253869 0.295785 1.960517 0.543869 -0.024356 0.828689 0.129953
0.253639 0.295295 1.960565 0.543818 -0.024479 0.828708 0.130021
0.253411 0.294805 1.960614 0.543765 -0.024611 0.828729 0.130086
0.253185 0.294316 1.960662 0.543711 -0.024750 0.828750 0.130148
0.252960 0.293827 1.960710 0.543656 -0.024898 0.828773 0.130207
0.252737 0.293338 1.960758 0.543600 -0.025053 0.828796 0.130264
0.252515 0.292848 1.960807 0.543543 -0.025217 0.828820 0.130318
0.252294 0.292359 1.960856 0.543485 -0.025388 0.828844 0.130370
0.252074 0.291869 1.960904 0.543427 -0.025566 0.828870 0.130418
0.251856 0.291380 1.960953 0.543367 -0.025752 0.828896 0.130465
0.251639 0.290890 1.961002 0.543307 -0.025945 0.828922 0.130509
0.251423 0.290400 1.961052 0.543246 -0.026145 0.828949 0.130550
0.251209 0.289910 1.961101 0.543184 -0.026352 0.828977 0.130590
0.250967 0.289392 1.961177 0.543168 -0.026524 0.829014 0.130384
0.250711 0.288851 1.961257 0.543172 -0.026680 0.829050 0.130107
0.250447 0.288294 1.961335 0.543184 -0.026825 0.829083 0.129821
0.250178 0.287726 1.961409 0.543199 -0.026961 0.829111 0.129549
0.249911 0.287147 1.961477 0.543214 -0.027100 0.829138 0.129283
0.249645 0.286562 1.961540 0.543229 -0.027237 0.829163 0.129032
0.249381 0.285972 1.961600 0.543240 -0.027370 0.829186 0.128806
0.249120 0.285380 1.961658 0.543248 -0.027498 0.829208 0.128607
0.248861 0.284787 1.961714 0.543253 -0.027622 0.829227 0.128435
0.248605 0.284194 1.961769 0.543254 -0.027741 0.829245 0.128290
0.248351 0.283601 1.961823 0.543252 -0.027855 0.829261 0.128170
0.248099 0.283008 1.961877 0.543246 -0.027965 0.829276 0.128076
0.247850 0.282416 1.961930 0.543238 -0.028070 0.829289 0.128006
0.247602 0.281825 1.961982 0.543226 -0.028172 0.829300 0.127959
0.247357 0.281233 1.962035 0.543213 -0.028269 0.829309 0.127934
0.247113 0.280643 1.962087 0.543197 -0.028363 0.829317 0.127931
0.246872 0.280055 1.962139 0.543181 -0.028451 0.829322 0.127948
0.246632 0.279469 1.962190 0.543163 -0.028534 0.829324 0.127987
0.246394 0.278885 1.962239 0.543143 -0.028616 0.829325 0.128047
0.246159 0.278304 1.962287 0.543121 -0.028698 0.829325 0.128124
0.245927 0.277724 1.962333 0.543096 -0.028784 0.829324 0.128214
0.245698 0.277146 1.962378 0.543069 -0.028875 0.829324 0.128313
0.245471 0.276570 1.962422 0.543040 -0.028973 0.829323 0.128418
0.245247 0.275996 1.962464 0.543009 -0.029077 0.829323 0.128528
0.245025 0.275422 1.962506 0.542975 -0.029189 0.829324 0.128639
0.244805 0.274850 1.962547 0.542940 -0.029310 0.829325 0.128751
0.244588 0.274278 1.962587 0.542902 -0.029439 0.829328 0.128863
0.244372 0.273708 1.962627 0.542863 -0.029577 0.829331 0.128975
0.244159 0.273137 1.962665 0.542820 -0.029728 0.829338 0.129078
0.243947 0.272566 1.962703 0.542773 -0.029889 0.829348 0.129175
0.243737 0.271996 1.962741 0.542723 -0.030061 0.829360 0.129268
0.243528 0.271426 1.962779 0.542671 -0.030242 0.829373 0.129358
0.243320 0.270856 1.962817 0.542616 -0.030433 0.829389 0.129445
0.243114 0.270287 1.962855 0.542558 -0.030632 0.829406 0.129530
0.242908 0.269717 1.962893 0.542499 -0.030841 0.829424 0.129612
0.242704 0.269147 1.962931 0.542438 -0.031057 0.829443 0.129692
0.242500 0.268578 1.962969 0.542376 -0.031282 0.829463 0.129770
0.242298 0.268007 1.963007 0.542312 -0.031515 0.829484 0.129846
0.242096 0.267437 1.963046 0.542248 -0.031756 0.829506 0.129920
0.241895 0.266867 1.963085 0.542182 -0.032005 0.829528 0.129993
0.241671 0.266273 1.963159 0.542157 -0.032217 0.829551 0.129897
0.241432 0.265660 1.963251 0.542149 -0.032411 0.829570 0.129760
0.241188 0.265026 1.963343 0.542147 -0.032620 0.829591 0.129581
0.240941 0.264376 1.963436 0.542147 -0.032835 0.829612 0.129394
0.240692 0.263715 1.963529 0.542147 -0.033052 0.829631 0.129215
0.240442 0.263045 1.963621 0.542147 -0.033269 0.829648 0.129047
0.240191 0.262367 1.963713 0.542147 -0.033485 0.829664 0.128893
0.239941 0.261684 1.963804 0.542145 -0.033702 0.829678 0.128751
0.239692 0.260995 1.963894 0.542143 -0.033919 0.829692 0.128619
0.239444 0.260303 1.963983 0.542139 -0.034137 0.829704 0.128493
0.239198 0.259606 1.964070 0.542134 -0.034358 0.829717 0.128374
0.238953 0.258905 1.964155 0.542128 -0.034581 0.829729 0.128258
0.238711 0.258201 1.964240 0.542121 -0.034807 0.829742 0.128146
0.238470 0.257495 1.964322 0.542112 -0.035034 0.829755 0.128038
0.238231 0.256786 1.964404 0.542102 -0.035262 0.829766 0.127945
0.237993 0.256076 1.964484 0.542089 -0.035487 0.829777 0.127872
0.237758 0.255365 1.964563 0.542074 -0.035710 0.829785 0.127821
0.237524 0.254654 1.964642 0.542057 -0.035931 0.829791 0.127792
0.237290 0.253943 1.964721 0.542037 -0.036144 0.829794 0.127793
0.237057 0.253231 1.964800 0.542016 -0.036353 0.829794 0.127822
0.236826 0.252520 1.964879 0.541994 -0.036557 0.829792 0.127875
0.236595 0.251809 1.964958 0.541970 -0.036758 0.829787 0.127951
0.236366 0.251097 1.965036 0.541945 -0.036955 0.829779 0.128049
0.236139 0.250385 1.965113 0.541920 -0.037150 0.829768 0.128167
0.235913 0.249673 1.965189 0.541895 -0.037343 0.829755 0.128305
0.235689 0.248960 1.965265 0.541869 -0.037533 0.829739 0.128462
0.235467 0.248247 1.965340 0.541843 -0.037721 0.829720 0.128639
0.235246 0.247534 1.965414 0.541817 -0.037907 0.829699 0.128833
0.235027 0.246820 1.965486 0.541791 -0.038092 0.829674 0.129045
0.234810 0.246105 1.965557 0.541763 -0.038278 0.829648 0.129272
0.234597 0.245390 1.965625 0.541734 -0.038470 0.829622 0.129508
0.234386 0.244675 1.965690 0.541701 -0.038671 0.829596 0.129749
0.234179 0.243960 1.965753 0.541667 -0.038881 0.829571 0.129993
0.233975 0.243245 1.965812 0.541629 -0.039101 0.829546 0.130238
0.233773 0.242529 1.965870 0.541588 -0.039332 0.829524 0.130482
0.233575 0.241814 1.965925 0.541548 -0.039572 0.829500 0.130728
0.233380 0.241098 1.965979 0.541508 -0.039821 0.829475 0.130974
0.233187 0.240383 1.966030 0.541467 -0.040080 0.829451 0.131219
0.232996 0.239667 1.966080 0.541423 -0.040351 0.829429 0.131459
0.232808 0.238950 1.966128 0.541375 -0.040634 0.829408 0.131695
0.232604 0.238215 1.966204 0.541357 -0.040907 0.829393 0.131784
0.232392 0.237458 1.966288 0.541348 -0.041204 0.829386 0.131771
0.232173 0.236684 1.966377 0.541342 -0.041512 0.829382 0.131722
0.231948 0.235898 1.966472 0.541338 -0.041826 0.829379 0.131663
0.231718 0.235102 1.966569 0.541334 -0.042144 0.829374 0.131603
0.231485 0.234297 1.966668 0.541332 -0.042465 0.829368 0.131547
0.231246 0.233486 1.966772 0.541329 -0.042780 0.829359 0.131514
0.231003 0.232670 1.966879 0.541326 -0.043094 0.829349 0.131492
0.230758 0.231848 1.966986 0.541323 -0.043411 0.829337 0.131474
0.230512 0.231021 1.967093 0.541320 -0.043732 0.829325 0.131455
0.230266 0.230189 1.967198 0.541317 -0.044058 0.829313 0.131435
0.230023 0.229351 1.967298 0.541317 -0.044395 0.829300 0.131399
0.229784 0.228509 1.967394 0.541320 -0.044741 0.829288 0.131352
0.229545 0.227663 1.967489 0.541321 -0.045086 0.829274 0.131314
0.229307 0.226814 1.967582 0.541322 -0.045434 0.829260 0.131280
0.229071 0.225962 1.967673 0.541322 -0.045784 0.829246 0.131248
0.228836 0.225107 1.967761 0.541322 -0.046137 0.829231 0.131215
0.228607 0.224248 1.967843 0.541324 -0.046500 0.829217 0.131170
0.228382 0.223385 1.967921 0.541327 -0.046868 0.829202 0.131119
0.228158 0.222520 1.967997 0.541329 -0.047237 0.829187 0.131076
0.227936 0.221653 1.968070 0.541330 -0.047606 0.829171 0.131039
0.227716 0.220784 1.968141 0.541329 -0.047978 0.829155 0.131005
0.227499 0.219912 1.968209 0.541327 -0.048350 0.829138 0.130985
0.227283 0.219040 1.968275 0.541323 -0.048720 0.829119 0.130984
0.227071 0.218166 1.968336 0.541319 -0.049093 0.829098 0.130993
0.226864 0.217291 1.968394 0.541316 -0.049467 0.829075 0.131017
0.226660 0.216416 1.968448 0.541312 -0.049840 0.829048 0.131061
0.226456 0.215541 1.968502 0.541307 -0.050206 0.829017 0.131142
0.226254 0.214666 1.968555 0.541299 -0.050565 0.828982 0.131251
0.226056 0.213790 1.968603 0.541293 -0.050927 0.828945 0.131373
0.225863 0.212914 1.968649 0.541288 -0.051287 0.828904 0.131512
0.225672 0.212037 1.968691 0.541284 -0.051646 0.828859 0.131671
0.225485 0.211160 1.968730 0.541280 -0.052003 0.828811 0.131850
0.225298 0.210284 1.968769 0.541274 -0.052352 0.828759 0.132064
0.225112 0.209409 1.968807 0.541267 -0.052695 0.828703 0.132306
0.224930 0.208533 1.968841 0.541262 -0.053040 0.828644 0.132558
0.224751 0.207656 1.968872 0.541255 -0.053392 0.828584 0.132818
0.224576 0.206780 1.968898 0.541247 -0.053752 0.828524 0.133083
0.224402 0.205905 1.968923 0.541234 -0.054119 0.828463 0.133361
0.224230 0.205030 1.968945 0.541218 -0.054493 0.828403 0.133646
0.224051 0.204140 1.968989 0.541220 -0.054870 0.828350 0.133817
0.223870 0.203235 1.969044 0.541225 -0.055273 0.828307 0.133897
0.223681 0.202318 1.969111 0.541231 -0.055678 0.828265 0.133965
0.223486 0.201392 1.969185 0.541236 -0.056091 0.828224 0.134023
0.223287 0.200456 1.969262 0.541242 -0.056515 0.828184 0.134068
0.223090 0.199511 1.969337 0.541252 -0.056960 0.828146 0.134078
0.222894 0.198557 1.969409 0.541264 -0.057418 0.828108 0.134066
0.222699 0.197596 1.969477 0.541278 -0.057887 0.828070 0.134041
0.222506 0.196630 1.969541 0.541293 -0.058364 0.828032 0.134007
0.222309 0.195661 1.969605 0.541309 -0.058835 0.827991 0.133992
0.222112 0.194689 1.969667 0.541325 -0.059307 0.827948 0.133983
0.221914 0.193714 1.969725 0.541342 -0.059780 0.827905 0.133973
0.221716 0.192737 1.969780 0.541360 -0.060255 0.827860 0.133960
0.221523 0.191758 1.969827 0.541382 -0.060740 0.827817 0.133926
0.221333 0.190777 1.969868 0.541406 -0.061231 0.827772 0.133878
0.221147 0.189795 1.969902 0.541431 -0.061725 0.827728 0.133824
0.220960 0.188814 1.969934 0.541455 -0.062212 0.827682 0.133787
0.220773 0.187832 1.969962 0.541478 -0.062697 0.827635 0.133755
0.220586 0.186851 1.969987 0.541501 -0.063181 0.827587 0.133731
0.220399 0.185872 1.970008 0.541522 -0.063662 0.827538 0.133721
0.220212 0.184895 1.970026 0.541543 -0.064139 0.827487 0.133728
0.220026 0.183919 1.970042 0.541562 -0.064613 0.827433 0.133754
0.219840 0.182947 1.970054 0.541582 -0.065081 0.827376 0.133800
0.219659 0.181975 1.970059 0.541604 -0.065555 0.827317 0.133841
0.219481 0.181005 1.970060 0.541628 -0.066030 0.827256 0.133891
0.219302 0.180039 1.970059 0.541649 -0.066492 0.827191 0.133979
0.219122 0.179076 1.970057 0.541669 -0.066946 0.827122 0.134098
0.218943 0.178116 1.970053 0.541688 -0.067394 0.827050 0.134239
0.218763 0.177158 1.970047 0.541708 -0.067836 0.826974 0.134401
0.218584 0.176204 1.970038 0.541729 -0.068274 0.826896 0.134580
0.218409 0.175253 1.970025 0.541749 -0.068704 0.826814 0.134779
0.218237 0.174306 1.970009 0.541769 -0.069127 0.826730 0.135002
0.218064 0.173363 1.969992 0.541787 -0.069536 0.826641 0.135266
0.217890 0.172423 1.969973 0.541804 -0.069936 0.826547 0.135560
0.217716 0.171487 1.969951 0.541823 -0.070327 0.826450 0.135879
0.217542 0.170555 1.969927 0.541844 -0.070708 0.826346 0.136225
0.217368 0.169626 1.969902 0.541868 -0.071081 0.826238 0.136593
0.217198 0.168700 1.969872 0.541894 -0.071454 0.826127 0.136962
0.217032 0.167776 1.969838 0.541923 -0.071825 0.826014 0.137340
0.216865 0.166856 1.969803 0.541953 -0.072187 0.825895 0.137744
0.216694 0.165920 1.969785 0.541995 -0.072582 0.825798 0.137951
0.216516 0.164970 1.969787 0.542050 -0.072984 0.825704 0.138086
0.216330 0.164010 1.969800 0.542112 -0.073398 0.825613 0.138166
0.216138 0.163044 1.969822 0.542181 -0.073804 0.825519 0.138247
0.215939 0.162073 1.969847 0.542252 -0.074204 0.825422 0.138328
0.215736 0.161100 1.969873 0.542324 -0.074603 0.825326 0.138405
0.215530 0.160124 1.969897 0.542396 -0.075004 0.825231 0.138475
0.215320 0.159147 1.969920 0.542469 -0.075407 0.825136 0.138534
0.215109 0.158169 1.969938 0.542544 -0.075812 0.825042 0.138581
0.214896 0.157190 1.969953 0.542621 -0.076218 0.824946 0.138625
0.214686 0.156210 1.969961 0.542697 -0.076630 0.824855 0.138644
0.214481 0.155230 1.969961 0.542777 -0.077048 0.824764 0.138638
0.214283 0.154253 1.969952 0.542862 -0.077468 0.824674 0.138609
0.214090 0.153281 1.969937 0.542950 -0.077889 0.824582 0.138576
0.213900 0.152313 1.969916 0.543039 -0.078309 0.824489 0.138546
0.213713 0.151350 1.969890 0.543128 -0.078726 0.824394 0.138524
0.213520 0.150392 1.969864 0.543217 -0.079127 0.824292 0.138555
0.213327 0.149439 1.969836 0.543318 -0.079498 0.824174 0.138647
0.213137 0.148505 1.969806 0.543417 -0.079856 0.824067 0.138690
0.212950 0.147589 1.969773 0.543512 -0.080197 0.823967 0.138714
0.212763 0.146693 1.969737 0.543604 -0.080518 0.823872 0.138735
0.212577 0.145817 1.969699 0.543692 -0.080819 0.823780 0.138760
0.212392 0.144960 1.969659 0.543777 -0.081101 0.823690 0.138794
0.212208 0.144121 1.969616 0.543859 -0.081364 0.823602 0.138838
0.212025 0.143299 1.969571 0.543941 -0.081610 0.823515 0.138892
0.211843 0.142494 1.969524 0.544021 -0.081840 0.823429 0.138954
0.211662 0.141705 1.969475 0.544101 -0.082054 0.823343 0.139024
0.211483 0.140931 1.969424 0.544181 -0.082255 0.823257 0.139100
0.211305 0.140171 1.969372 0.544262 -0.082443 0.823171 0.139181
0.211129 0.139425 1.969318 0.544343 -0.082619 0.823086 0.139265
0.210954 0.138692 1.969263 0.544425 -0.082784 0.823000 0.139350
0.210787 0.137979 1.969209 0.544511 -0.082929 0.822916 0.139426
0.210625 0.137285 1.969155 0.544599 -0.083056 0.822833 0.139499
0.210468 0.136609 1.969099 0.544689 -0.083165 0.822750 0.139573
0.210315 0.135951 1.969043 0.544779 -0.083257 0.822668 0.139649
0.210167 0.135310 1.968986 0.544871 -0.083334 0.822586 0.139727
0.210021 0.134686 1.968928 0.544964 -0.083396 0.822505 0.139806
0.209879 0.134076 1.968869 0.545057 -0.083445 0.822424 0.139887
0.209742 0.133487 1.968813 0.545154 -0.083473 0.822344 0.139967
0.209610 0.132918 1.968758 0.545253 -0.083480 0.822263 0.140049
0.209485 0.132324 1.968716 0.545362 -0.083521 0.822206 0.139932
0.209365 0.131717 1.968683 0.545477 -0.083578 0.822166 0.139686
0.209247 0.131107 1.968656 0.545595 -0.083636 0.822137 0.139365
0.209132 0.130499 1.968632 0.545713 -0.083687 0.822114 0.139006
0.209017 0.129899 1.968609 0.545832 -0.083724 0.822094 0.138634
0.208903 0.129309 1.968588 0.545950 -0.083744 0.822076 0.138263
0.208791 0.128731 1.968566 0.546068 -0.083746 0.822057 0.137905
0.208679 0.128164 1.968543 0.546186 -0.083728 0.822038 0.137563
0.208567 0.127611 1.968519 0.546304 -0.083693 0.822018 0.137241
0.208457 0.127069 1.968494 0.546421 -0.083639 0.821995 0.136940
0.208347 0.126540 1.968468 0.546538 -0.083569 0.821971 0.136660
0.208239 0.126023 1.968441 0.546655 -0.083483 0.821945 0.136400
0.208131 0.125517 1.968413 0.546772 -0.083383 0.821917 0.136159
0.208025 0.125022 1.968383 0.546890 -0.083270 0.821888 0.135935
0.207919 0.124537 1.968353 0.547007 -0.083144 0.821857 0.135727
0.207815 0.124062 1.968321 0.547124 -0.083007 0.821824 0.135533
0.207711 0.123596 1.968289 0.547242 -0.082860 0.821791 0.135353
0.207608 0.123139 1.968256 0.547359 -0.082704 0.821756 0.135184
0.207505 0.122691 1.968222 0.547477 -0.082540 0.821721 0.135025
0.207403 0.122250 1.968188 0.547594 -0.082368 0.821684 0.134876
0.207302 0.121817 1.968154 0.547711 -0.082189 0.821647 0.134735
0.207201 0.121391 1.968119 0.547828 -0.082005 0.821609 0.134601
0.207101 0.120972 1.968084 0.547945 -0.081814 0.821571 0.134475
0.207001 0.120559 1.968049 0.548062 -0.081619 0.821532 0.134354
0.206901 0.120153 1.968013 0.548178 -0.081420 0.821493 0.134239
0.206801 0.119752 1.967977 0.548294 -0.081217 0.821454 0.134129
0.206702 0.119357 1.967942 0.548410 -0.081010 0.821414 0.134023
0.206603 0.118966 1.967906 0.548526 -0.080800 0.821374 0.133922
0.206504 0.118581 1.967870 0.548641 -0.080588 0.821334 0.133824
0.206408 0.118205 1.967836 0.548757 -0.080367 0.821294 0.133726
0.206314 0.117837 1.967804 0.548875 -0.080137 0.821253 0.133630
0.206222 0.117477 1.967772 0.548993 -0.079901 0.821212 0.133539
0.206131 0.117125 1.967741 0.549112 -0.079657 0.821171 0.133453
0.206042 0.116781 1.967710 0.549230 -0.079407 0.821129 0.133373
0.205953 0.116443 1.967680 0.549349 -0.079152 0.821086 0.133298
0.205865 0.116111 1.967650 0.549467 -0.078892 0.821043 0.133230
0.205778 0.115786 1.967619 0.549585 -0.078628 0.820999 0.133170
0.205692 0.115468 1.967589 0.549703 -0.078358 0.820954 0.133121
0.205606 0.115158 1.967558 0.549820 -0.078084 0.820908 0.133083
0.205522 0.114856 1.967527 0.549936 -0.077805 0.820861 0.133057
0.205441 0.114513 1.967508 0.550057 -0.077570 0.820834 0.132861
0.205361 0.114141 1.967496 0.550180 -0.077361 0.820823 0.132545
0.205282 0.113752 1.967491 0.550303 -0.077166 0.820821 0.132151
0.205203 0.113352 1.967488 0.550427 -0.076976 0.820827 0.131712
0.205124 0.112948 1.967487 0.550552 -0.076785 0.820836 0.131249
0.205044 0.112542 1.967487 0.550675 -0.076588 0.820846 0.130778
0.204963 0.112139 1.967487 0.550798 -0.076384 0.820856 0.130313
0.204882 0.111738 1.967486 0.550921 -0.076170 0.820866 0.129859
0.204802 0.111345 1.967486 0.551044 -0.075943 0.820873 0.129422
0.204723 0.110958 1.967485 0.551169 -0.075701 0.820878 0.129006
0.204644 0.110580 1.967485 0.551293 -0.075446 0.820879 0.128613
0.204566 0.110208 1.967484 0.551418 -0.075178 0.820878 0.128245
0.204488 0.109844 1.967482 0.551542 -0.074898 0.820873 0.127903
0.204411 0.109486 1.967480 0.551667 -0.074608 0.820865 0.127584
0.204333 0.109134 1.967476 0.551791 -0.074309 0.820854 0.127290
0.204255 0.108788 1.967472 0.551916 -0.074002 0.820840 0.127019
0.204178 0.108447 1.967468 0.552040 -0.073687 0.820824 0.126769
0.204100 0.108110 1.967462 0.552163 -0.073367 0.820805 0.126538
0.204024 0.107778 1.967455 0.552286 -0.073042 0.820784 0.126324
0.203948 0.107450 1.967446 0.552408 -0.072714 0.820762 0.126126
0.203873 0.107127 1.967436 0.552528 -0.072383 0.820738 0.125945
0.203799 0.106808 1.967425 0.552648 -0.072048 0.820712 0.125783
0.203724 0.106495 1.967413 0.552766 -0.071711 0.820684 0.125640
0.203651 0.106187 1.967399 0.552883 -0.071372 0.820654 0.125515
0.203577 0.105883 1.967385 0.552998 -0.071032 0.820622 0.125409
0.203503 0.105585 1.967371 0.553113 -0.070688 0.820587 0.125325
0.203428 0.105292 1.967357 0.553227 -0.070343 0.820549 0.125261
0.203352 0.105003 1.967343 0.553341 -0.069997 0.820509 0.125215
0.203277 0.104718 1.967328 0.553455 -0.069651 0.820467 0.125184
0.203202 0.104437 1.967313 0.553568 -0.069306 0.820422 0.125165
0.203127 0.104160 1.967297 0.553682 -0.068963 0.820376 0.125158
0.203052 0.103887 1.967280 0.553794 -0.068622 0.820328 0.125159
0.202978 0.103617 1.967262 0.553907 -0.068284 0.820279 0.125169
0.202905 0.103351 1.967244 0.554019 -0.067949 0.820228 0.125184
0.202831 0.103088 1.967225 0.554132 -0.067618 0.820176 0.125206
0.202758 0.102828 1.967206 0.554244 -0.067291 0.820123 0.125231
0.202685 0.102571 1.967186 0.554357 -0.066969 0.820070 0.125258
0.202613 0.102316 1.967165 0.554469 -0.066651 0.820015 0.125288
0.202542 0.102065 1.967143 0.554582 -0.066339 0.819960 0.125317
0.202471 0.101815 1.967120 0.554694 -0.066033 0.819904 0.125345
0.202402 0.101516 1.967111 0.554811 -0.065765 0.819869 0.125196
0.202335 0.101188 1.967108 0.554932 -0.065519 0.819848 0.124925
0.202268 0.100840 1.967107 0.555056 -0.065281 0.819837 0.124571
0.202202 0.100483 1.967108 0.555182 -0.065045 0.819832 0.124167
0.202136 0.100122 1.967108 0.555308 -0.064806 0.819830 0.123737
0.202070 0.099760 1.967108 0.555435 -0.064560 0.819830 0.123297
0.202004 0.099401 1.967106 0.555563 -0.064305 0.819829 0.122862
0.201939 0.099047 1.967103 0.555690 -0.064042 0.819827 0.122438
0.201873 0.098698 1.967097 0.555816 -0.063771 0.819823 0.122034
0.201807 0.098356 1.967090 0.555942 -0.063491 0.819816 0.121652
0.201739 0.098020 1.967082 0.556067 -0.063201 0.819805 0.121302
0.201671 0.097691 1.967074 0.556193 -0.062903 0.819790 0.120982
0.201602 0.097368 1.967065 0.556318 -0.062598 0.819772 0.120691
0.201532 0.097050 1.967054 0.556443 -0.062290 0.819749 0.120427
0.201463 0.096738 1.967041 0.556568 -0.061978 0.819723 0.120186
0.201393 0.096430 1.967026 0.556692 -0.061665 0.819695 0.119966
0.201324 0.096126 1.967010 0.556816 -0.061353 0.819663 0.119766
0.201255 0.095826 1.966991 0.556939 -0.061042 0.819630 0.119582
0.201186 0.095529 1.966971 0.557062 -0.060734 0.819594 0.119413
0.201118 0.095235 1.966949 0.557184 -0.060430 0.819556 0.119256
0.201050 0.094944 1.966925 0.557305 -0.060130 0.819517 0.119109
0.200982 0.094655 1.966899 0.557425 -0.059836 0.819477 0.118971
0.200915 0.094368 1.966872 0.557545 -0.059547 0.819436 0.118839
0.200848 0.094083 1.966843 0.557664 -0.059266 0.819394 0.118711
0.200782 0.093799 1.966813 0.557781 -0.058991 0.819352 0.118587
0.200716 0.093517 1.966781 0.557898 -0.058724 0.819309 0.118465
0.200651 0.093236 1.966748 0.558015 -0.058465 0.819266 0.118344
0.200586 0.092957 1.966714 0.558130 -0.058214 0.819223 0.118223
0.200522 0.092679 1.966679 0.558244 -0.057971 0.819180 0.118100
0.200459 0.092405 1.966645 0.558358 -0.057728 0.819137 0.117977
0.200398 0.092138 1.966614 0.558471 -0.057485 0.819095 0.117854
0.200338 0.091875 1.966584 0.558583 -0.057242 0.819053 0.117732
0.200280 0.091618 1.966554 0.558694 -0.057001 0.819011 0.117612
0.200222 0.091367 1.966525 0.558805 -0.056760 0.818969 0.117493
0.200166 0.091120 1.966496 0.558915 -0.056522 0.818928 0.117377
0.200110 0.090879 1.966467 0.559023 -0.056285 0.818886 0.117262
0.200055 0.090643 1.966438 0.559131 -0.056051 0.818845 0.117149
0.200000 0.090411 1.966410 0.559238 -0.055820 0.818804 0.117037
0.199947 0.090183 1.966381 0.559344 -0.055592 0.818763 0.116927
0.199894 0.089959 1.966353 0.559449 -0.055368 0.818722 0.116817
0.199843 0.089688 1.966338 0.559554 -0.055175 0.818699 0.116565
0.199793 0.089382 1.966333 0.559660 -0.055000 0.818687 0.116221
0.199744 0.089054 1.966335 0.559766 -0.054833 0.818683 0.115813
0.199697 0.088712 1.966340 0.559873 -0.054669 0.818685 0.115363
0.199652 0.088362 1.966347 0.559982 -0.054504 0.818688 0.114888
0.199607 0.088008 1.966354 0.560091 -0.054333 0.818693 0.114401
0.199563 0.087654 1.966360 0.560201 -0.054157 0.818697 0.113914
0.199521 0.087302 1.966363 0.560312 -0.053975 0.818700 0.113434
0.199478 0.086954 1.966366 0.560422 -0.053786 0.818702 0.112966
0.199437 0.086610 1.966366 0.560533 -0.053590 0.818701 0.112516
0.199395 0.086272 1.966364 0.560643 -0.053389 0.818698 0.112085
0.199355 0.085940 1.966360 0.560753 -0.053183 0.818692 0.111674
0.199314 0.085614 1.966355 0.560863 -0.052972 0.818683 0.111285
0.199274 0.085294 1.966348 0.560972 -0.052758 0.818672 0.110917
0.199233 0.084980 1.966339 0.561080 -0.052541 0.818659 0.110570
0.199193 0.084672 1.966329 0.561188 -0.052323 0.818643 0.110242
0.199153 0.084369 1.966318 0.561296 -0.052104 0.818625 0.109931
0.199113 0.084071 1.966306 0.561403 -0.051886 0.818605 0.109637
0.199074 0.083779 1.966293 0.561509 -0.051667 0.818584 0.109358
0.199034 0.083491 1.966279 0.561614 -0.051451 0.818560 0.109092
0.198994 0.083208 1.966265 0.561720 -0.051236 0.818535 0.108838
0.198955 0.082929 1.966250 0.561824 -0.051023 0.818509 0.108594
0.198916 0.082654 1.966234 0.561929 -0.050814 0.818482 0.108360
0.198877 0.082383 1.966217 0.562033 -0.050608 0.818453 0.108133
0.198837 0.082115 1.966200 0.562136 -0.050405 0.818424 0.107913
0.198799 0.081852 1.966183 0.562239 -0.050206 0.818393 0.107698
0.198760 0.081592 1.966166 0.562342 -0.050011 0.818362 0.107488
0.198721 0.081335 1.966148 0.562444 -0.049820 0.818331 0.107282
0.198683 0.081082 1.966130 0.562546 -0.049633 0.818298 0.107079
0.198645 0.080832 1.966111 0.562648 -0.049451 0.818266 0.106879
0.198607 0.080585 1.966093 0.562750 -0.049273 0.818232 0.106680
0.198569 0.080342 1.966074 0.562851 -0.049100 0.818199 0.106482
0.198532 0.080101 1.966055 0.562952 -0.048931 0.818165 0.106285
0.198495 0.079864 1.966036 0.563053 -0.048766 0.818131 0.106088
0.198458 0.079633 1.966021 0.563153 -0.048599 0.818097 0.105894
0.198422 0.079407 1.966007 0.563252 -0.048430 0.818064 0.105703
0.198387 0.079188 1.965994 0.563351 -0.048259 0.818030 0.105516
0.198351 0.078974 1.965983 0.563449 -0.048087 0.817997 0.105331
0.198317 0.078765 1.965973 0.563546 -0.047914 0.817963 0.105151
0.198282 0.078562 1.965964 0.563643 -0.047741 0.817929 0.104975
0.198251 0.078326 1.965953 0.563740 -0.047590 0.817907 0.104691
0.198220 0.078068 1.965943 0.563837 -0.047450 0.817895 0.104333
0.198191 0.077796 1.965934 0.563933 -0.047314 0.817888 0.103923
0.198163 0.077516 1.965924 0.564029 -0.047177 0.817886 0.103477
0.198135 0.077233 1.965914 0.564126 -0.047037 0.817886 0.103011
0.198108 0.076949 1.965904 0.564222 -0.046892 0.817888 0.102535
0.198082 0.076667 1.965892 0.564319 -0.046741 0.817890 0.102059
0.198055 0.076388 1.965880 0.564415 -0.046583 0.817891 0.101588
0.198029 0.076114 1.965867 0.564511 -0.046419 0.817891 0.101127
0.198003 0.075844 1.965853 0.564607 -0.046249 0.817890 0.100681
0.197977 0.075580 1.965839 0.564702 -0.046073 0.817886 0.100251
0.197950 0.075322 1.965823 0.564797 -0.045893 0.817881 0.099840
0.197924 0.075068 1.965807 0.564892 -0.045710 0.817874 0.099446
0.197896 0.074820 1.965791 0.564986 -0.045522 0.817865 0.099075
0.197868 0.074577 1.965775 0.565080 -0.045332 0.817853 0.098723
0.197839 0.074339 1.965759 0.565173 -0.045140 0.817839 0.098391
0.197810 0.074105 1.965742 0.565266 -0.044947 0.817823 0.098077
0.197781 0.073875 1.965725 0.565358 -0.044754 0.817806 0.097779
0.197751 0.073649 1.965708 0.565451 -0.044561 0.817786 0.097497
0.197721 0.073426 1.965691 0.565543 -0.044369 0.817765 0.097228
0.197691 0.073207 1.965673 0.565634 -0.044178 0.817742 0.096972
0.197660 0.072991 1.965654 0.565726 -0.043990 0.817718 0.096728
0.197630 0.072778 1.965636 0.565816 -0.043804 0.817693 0.096494
0.197598 0.072568 1.965618 0.565907 -0.043619 0.817666 0.096274
0.197566 0.072361 1.965601 0.565998 -0.043436 0.817638 0.096065
0.197534 0.072156 1.965584 0.566088 -0.043255 0.817608 0.095866
0.197501 0.071954 1.965566 0.566179 -0.043077 0.817577 0.095675
0.197469 0.071754 1.965549 0.566269 -0.042902 0.817545 0.095490
0.197436 0.071557 1.965532 0.566360 -0.042731 0.817512 0.095311
0.197403 0.071362 1.965514 0.566450 -0.042562 0.817479 0.095137
0.197371 0.071170 1.965496 0.566540 -0.042397 0.817445 0.094967
0.197339 0.070980 1.965478 0.566630 -0.042236 0.817410 0.094800
0.197307 0.070791 1.965459 0.566719 -0.042079 0.817375 0.094636
0.197275 0.070606 1.965441 0.566808 -0.041925 0.817340 0.094475
0.197243 0.070422 1.965422 0.566897 -0.041776 0.817305 0.094315
0.197211 0.070240 1.965403 0.566985 -0.041630 0.817269 0.094157
0.197180 0.070061 1.965384 0.567073 -0.041489 0.817234 0.093999
0.197149 0.069884 1.965365 0.567160 -0.041352 0.817199 0.093843
0.197118 0.069708 1.965346 0.567246 -0.041219 0.817163 0.093687
0.197087 0.069535 1.965326 0.567332 -0.041090 0.817128 0.093531
0.197062 0.069340 1.965302 0.567418 -0.040978 0.817101 0.093296
0.197041 0.069133 1.965274 0.567505 -0.040873 0.817079 0.093003
0.197025 0.068920 1.965242 0.567592 -0.040774 0.817061 0.092667
0.197011 0.068702 1.965208 0.567678 -0.040677 0.817048 0.092302
0.197000 0.068483 1.965171 0.567764 -0.040581 0.817037 0.091916
0.196990 0.068264 1.965133 0.567848 -0.040486 0.817027 0.091518
0.196981 0.068047 1.965094 0.567931 -0.040392 0.817020 0.091114
0.196973 0.067831 1.965053 0.568012 -0.040297 0.817013 0.090708
0.196965 0.067619 1.965012 0.568092 -0.040203 0.817007 0.090305
0.196957 0.067409 1.964970 0.568170 -0.040109 0.817001 0.089907
0.196950 0.067203 1.964927 0.568247 -0.040015 0.816995 0.089516
0.196942 0.066999 1.964885 0.568322 -0.039923 0.816989 0.089133
0.196934 0.066799 1.964842 0.568395 -0.039832 0.816983 0.088760
0.196925 0.066602 1.964799 0.568468 -0.039743 0.816977 0.088395
0.196916 0.066408 1.964756 0.568539 -0.039655 0.816970 0.088041
0.196907 0.066216 1.964713 0.568609 -0.039570 0.816963 0.087695
0.196897 0.066027 1.964670 0.568677 -0.039487 0.816955 0.087358
0.196887 0.065841 1.964628 0.568745 -0.039406 0.816947 0.087030
0.196877 0.065656 1.964585 0.568812 -0.039329 0.816938 0.086710
0.196866 0.065474 1.964543 0.568878 -0.039254 0.816929 0.086398
0.196854 0.065295 1.964502 0.568943 -0.039182 0.816919 0.086093
0.196842 0.065117 1.964460 0.569008 -0.039113 0.816909 0.085795
0.196830 0.064941 1.964419 0.569072 -0.039047 0.816898 0.085503
0.196818 0.064767 1.964378 0.569135 -0.038984 0.816887 0.085217
0.196805 0.064595 1.964338 0.569198 -0.038924 0.816875 0.084937
0.196791 0.064425 1.964298 0.569260 -0.038867 0.816863 0.084661
0.196778 0.064256 1.964258 0.569322 -0.038813 0.816850 0.084390
0.196764 0.064090 1.964219 0.569383 -0.038762 0.816838 0.084123
0.196750 0.063925 1.964180 0.569444 -0.038713 0.816824 0.083860
0.196736 0.063762 1.964142 0.569505 -0.038668 0.816811 0.083601
0.196721 0.063600 1.964104 0.569566 -0.038625 0.816797 0.083345
0.196706 0.063441 1.964066 0.569626 -0.038585 0.816782 0.083092
0.196691 0.063283 1.964029 0.569686 -0.038548 0.816767 0.082843
0.196676 0.063127 1.963992 0.569746 -0.038513 0.816752 0.082596
0.196661 0.062972 1.963955 0.569806 -0.038481 0.816737 0.082352
0.196645 0.062819 1.963919 0.569865 -0.038451 0.816721 0.082110
0.196629 0.062668 1.963883 0.569924 -0.038424 0.816705 0.081871
0.196614 0.062519 1.963848 0.569983 -0.038398 0.816689 0.081633
0.196598 0.062371 1.963813 0.570042 -0.038376 0.816672 0.081398
0.196581 0.062225 1.963778 0.570101 -0.038355 0.816655 0.081165
0.196569 0.062073 1.963737 0.570162 -0.038341 0.816641 0.080886
0.196560 0.061917 1.963690 0.570224 -0.038332 0.816629 0.080578
0.196556 0.061759 1.963639 0.570286 -0.038326 0.816618 0.080247
0.196553 0.061599 1.963584 0.570348 -0.038325 0.816609 0.079902
0.196553 0.061440 1.963528 0.570408 -0.038327 0.816601 0.079547
0.196553 0.061280 1.963470 0.570467 -0.038331 0.816595 0.079186
0.196555 0.061121 1.963412 0.570525 -0.038337 0.816590 0.078822
0.196556 0.060962 1.963353 0.570581 -0.038346 0.816585 0.078459
0.196558 0.060806 1.963294 0.570635 -0.038356 0.816582 0.078098
0.196560 0.060650 1.963235 0.570687 -0.038368 0.816579 0.077740
0.196562 0.060496 1.963176 0.570738 -0.038381 0.816576 0.077386
0.196564 0.060344 1.963118 0.570788 -0.038396 0.816574 0.077037
0.196565 0.060193 1.963060 0.570836 -0.038412 0.816571 0.076694
0.196566 0.060044 1.963002 0.570883 -0.038430 0.816569 0.076357
0.196567 0.059896 1.962945 0.570929 -0.038449 0.816567 0.076026
0.196567 0.059751 1.962889 0.570974 -0.038470 0.816565 0.075701
0.196567 0.059606 1.962833 0.571017 -0.038491 0.816563 0.075383
0.196567 0.059464 1.962778 0.571061 -0.038514 0.816561 0.075070
0.196566 0.059323 1.962724 0.571103 -0.038538 0.816558 0.074763
0.196564 0.059184 1.962670 0.571145 -0.038563 0.816555 0.074462
0.196563 0.059046 1.962616 0.571186 -0.038589 0.816552 0.074166
0.196561 0.058910 1.962564 0.571226 -0.038615 0.816549 0.073876
0.196558 0.058775 1.962512 0.571266 -0.038643 0.816545 0.073590
0.196555 0.058643 1.962461 0.571306 -0.038672 0.816541 0.073310
0.196552 0.058511 1.962410 0.571346 -0.038701 0.816537 0.073035
0.196549 0.058382 1.962360 0.571385 -0.038731 0.816532 0.072763
0.196545 0.058254 1.962311 0.571424 -0.038762 0.816527 0.072496
0.196541 0.058127 1.962262 0.571463 -0.038793 0.816522 0.072233
0.196537 0.058002 1.962214 0.571502 -0.038825 0.816516 0.071974
0.196533 0.057881 1.962168 0.571540 -0.038853 0.816510 0.071718
0.196529 0.057763 1.962124 0.571578 -0.038877 0.816504 0.071466
0.196525 0.057648 1.962081 0.571616 -0.038897 0.816498 0.071219
0.196522 0.057536 1.962039 0.571654 -0.038915 0.816492 0.070976
0.196518 0.057428 1.961999 0.571692 -0.038931 0.816486 0.070738
0.196514 0.057322 1.961959 0.571729 -0.038944 0.816479 0.070505
0.196510 0.057218 1.961920 0.571767 -0.038956 0.816472 0.070277
0.196506 0.057117 1.961882 0.571804 -0.038967 0.816465 0.070054
0.196502 0.057018 1.961845 0.571841 -0.038977 0.816457 0.069836
0.196498 0.056921 1.961808 0.571877 -0.038986 0.816449 0.069623
0.196493 0.056826 1.961771 0.571914 -0.038994 0.816441 0.069414
0.196489 0.056738 1.961727 0.571953 -0.038998 0.816433 0.069183
0.196486 0.056657 1.961675 0.571995 -0.038999 0.816425 0.068930
0.196482 0.056581 1.961618 0.572037 -0.038997 0.816418 0.068662
0.196478 0.056509 1.961558 0.572080 -0.038994 0.816412 0.068384
0.196474 0.056440 1.961496 0.572121 -0.038991 0.816406 0.068101
0.196469 0.056374 1.961432 0.572162 -0.038987 0.816402 0.067815
0.196463 0.056310 1.961369 0.572201 -0.038983 0.816398 0.067529
0.196457 0.056247 1.961305 0.572239 -0.038979 0.816396 0.067244
0.196450 0.056186 1.961242 0.572275 -0.038977 0.816393 0.066961
0.196442 0.056125 1.961179 0.572310 -0.038974 0.816392 0.066682
0.196434 0.056066 1.961117 0.572344 -0.038973 0.816391 0.066407
0.196426 0.056006 1.961055 0.572376 -0.038972 0.816390 0.066137
0.196417 0.055948 1.960994 0.572408 -0.038972 0.816389 0.065871
0.196408 0.055890 1.960935 0.572438 -0.038973 0.816389 0.065611
0.196398 0.055832 1.960875 0.572468 -0.038975 0.816389 0.065356
0.196388 0.055774 1.960817 0.572496 -0.038977 0.816388 0.065107
0.196378 0.055717 1.960760 0.572524 -0.038981 0.816388 0.064863
0.196368 0.055661 1.960703 0.572552 -0.038985 0.816387 0.064626
0.196357 0.055604 1.960647 0.572578 -0.038990 0.816387 0.064393
0.196346 0.055548 1.960592 0.572605 -0.038995 0.816386 0.064166
0.196336 0.055492 1.960537 0.572630 -0.039001 0.816385 0.063945
0.196325 0.055436 1.960483 0.572656 -0.039009 0.816384 0.063729
0.196314 0.055381 1.960430 0.572681 -0.039016 0.816382 0.063519
0.196302 0.055326 1.960377 0.572705 -0.039025 0.816380 0.063313
0.196291 0.055271 1.960325 0.572730 -0.039034 0.816378 0.063113
0.196280 0.055216 1.960274 0.572754 -0.039045 0.816376 0.062917
0.196269 0.055162 1.960223 0.572778 -0.039055 0.816373 0.062727
0.196257 0.055108 1.960173 0.572802 -0.039067 0.816370 0.062540
0.196246 0.055054 1.960123 0.572826 -0.039079 0.816367 0.062359
0.196235 0.055001 1.960074 0.572849 -0.039092 0.816363 0.062181
0.196223 0.054947 1.960025 0.572873 -0.039105 0.816359 0.062007
0.196212 0.054895 1.959977 0.572896 -0.039119 0.816355 0.061838
0.196201 0.054842 1.959929 0.572919 -0.039134 0.816351 0.061672
0.196171 0.054783 1.959885 0.572929 -0.039156 0.816360 0.061452
0.196128 0.054721 1.959844 0.572928 -0.039182 0.816379 0.061189
0.196074 0.054657 1.959806 0.572921 -0.039208 0.816404 0.060896
0.196010 0.054592 1.959771 0.572910 -0.039234 0.816434 0.060581
0.195940 0.054527 1.959738 0.572897 -0.039257 0.816467 0.060250
0.195865 0.054464 1.959707 0.572883 -0.039277 0.816500 0.059911
0.195785 0.054403 1.959678 0.572870 -0.039294 0.816534 0.059569
0.195706 0.054352 1.959642 0.572861 -0.039305 0.816565 0.059224
0.195624 0.054312 1.959605 0.572854 -0.039312 0.816593 0.058890
0.195542 0.054280 1.959566 0.572849 -0.039317 0.816620 0.058570
0.195459 0.054255 1.959528 0.572845 -0.039320 0.816644 0.058264
0.195377 0.054234 1.959491 0.572843 -0.039322 0.816667 0.057973
0.195294 0.054216 1.959455 0.572841 -0.039325 0.816687 0.057696
0.195211 0.054200 1.959420 0.572841 -0.039328 0.816706 0.057433
0.195129 0.054185 1.959386 0.572842 -0.039331 0.816722 0.057185
0.195046 0.054171 1.959354 0.572842 -0.039337 0.816739 0.056940
0.194961 0.054156 1.959324 0.572841 -0.039344 0.816756 0.056700
0.194875 0.054141 1.959295 0.572840 -0.039352 0.816772 0.056466
0.194790 0.054126 1.959267 0.572840 -0.039361 0.816788 0.056240
0.194705 0.054110 1.959240 0.572840 -0.039370 0.816802 0.056022
0.194620 0.054095 1.959215 0.572841 -0.039380 0.816815 0.055813
0.194537 0.054079 1.959190 0.572843 -0.039391 0.816827 0.055612
0.194455 0.054063 1.959167 0.572847 -0.039401 0.816837 0.055420
