x y z qx qy qz qw
-0.056956 0.394828 1.455591 0.698506 -0.011544 0.714766 0.032651
-0.056988 0.394861 1.455538 0.698496 -0.011431 0.714778 0.032650
-0.057021 0.394893 1.455485 0.698486 -0.011319 0.714789 0.032649
-0.057055 0.394924 1.455432 0.698477 -0.011208 0.714799 0.032646
-0.057089 0.394956 1.455380 0.698469 -0.011097 0.714809 0.032642
-0.057124 0.394988 1.455329 0.698461 -0.010987 0.714819 0.032637
-0.057159 0.395019 1.455277 0.698454 -0.010878 0.714828 0.032632
-0.057195 0.395050 1.455227 0.698447 -0.010770 0.714837 0.032626
-0.057231 0.395080 1.455177 0.698441 -0.010663 0.714845 0.032618
-0.057267 0.395111 1.455128 0.698435 -0.010557 0.714853 0.032611
-0.057303 0.395141 1.455080 0.698429 -0.010453 0.714860 0.032602
-0.057339 0.395171 1.455032 0.698424 -0.010350 0.714867 0.032593
-0.057375 0.395200 1.454985 0.698419 -0.010249 0.714874 0.032584
-0.057411 0.395229 1.454939 0.698414 -0.010149 0.714880 0.032574
-0.057446 0.395258 1.454893 0.698410 -0.010050 0.714886 0.032564
-0.057482 0.395286 1.454849 0.698405 -0.009953 0.714892 0.032554
-0.057517 0.395314 1.454805 0.698401 -0.009858 0.714898 0.032543
-0.057552 0.395341 1.454762 0.698398 -0.009764 0.714903 0.032532
-0.057587 0.395368 1.454719 0.698394 -0.009671 0.714909 0.032521
-0.057621 0.395395 1.454678 0.698391 -0.009580 0.714914 0.032510
-0.057655 0.395421 1.454637 0.698388 -0.009491 0.714918 0.032499
-0.057689 0.395447 1.454597 0.698385 -0.009404 0.714923 0.032488
-0.057722 0.395473 1.454557 0.698382 -0.009318 0.714928 0.032476
-0.057755 0.395498 1.454518 0.698379 -0.009233 0.714932 0.032465
-0.057783 0.395529 1.454479 0.698399 -0.009108 0.714914 0.032446
-0.057805 0.395568 1.454448 0.698421 -0.008990 0.714897 0.032409
-0.057822 0.395612 1.454422 0.698444 -0.008877 0.714877 0.032363
-0.057834 0.395658 1.454403 0.698469 -0.008770 0.714857 0.032311
-0.057841 0.395707 1.454388 0.698495 -0.008670 0.714835 0.032257
-0.057844 0.395755 1.454377 0.698521 -0.008578 0.714813 0.032202
-0.057843 0.395804 1.454370 0.698547 -0.008492 0.714791 0.032147
-0.057837 0.395852 1.454367 0.698573 -0.008414 0.714769 0.032093
-0.057828 0.395898 1.454366 0.698599 -0.008343 0.714747 0.032042
-0.057816 0.395944 1.454367 0.698624 -0.008279 0.714725 0.031993
-0.057800 0.395988 1.454371 0.698649 -0.008221 0.714704 0.031946
-0.057782 0.396030 1.454376 0.698673 -0.008168 0.714683 0.031902
-0.057761 0.396071 1.454382 0.698696 -0.008121 0.714663 0.031862
-0.057738 0.396111 1.454390 0.698718 -0.008079 0.714643 0.031824
-0.057713 0.396149 1.454399 0.698740 -0.008042 0.714624 0.031789
-0.057686 0.396185 1.454409 0.698760 -0.008008 0.714606 0.031757
-0.057657 0.396220 1.454419 0.698780 -0.007979 0.714588 0.031728
-0.057627 0.396253 1.454430 0.698799 -0.007953 0.714571 0.031701
-0.057595 0.396285 1.454442 0.698818 -0.007930 0.714554 0.031677
-0.057562 0.396316 1.454453 0.698835 -0.007910 0.714538 0.031656
-0.057528 0.396345 1.454465 0.698852 -0.007893 0.714523 0.031636
-0.057494 0.396374 1.454478 0.698868 -0.007879 0.714508 0.031619
-0.057458 0.396401 1.454490 0.698884 -0.007867 0.714493 0.031604
-0.057422 0.396427 1.454503 0.698899 -0.007856 0.714479 0.031591
-0.057386 0.396452 1.454515 0.698914 -0.007848 0.714466 0.031579
-0.057349 0.396476 1.454528 0.698927 -0.007842 0.714452 0.031569
-0.057311 0.396499 1.454540 0.698941 -0.007837 0.714440 0.031561
-0.057274 0.396521 1.454552 0.698954 -0.007833 0.714428 0.031554
-0.057236 0.396542 1.454565 0.698966 -0.007831 0.714416 0.031548
-0.057198 0.396563 1.454577 0.698978 -0.007830 0.714404 0.031544
-0.057161 0.396583 1.454589 0.698990 -0.007830 0.714393 0.031540
-0.057123 0.396602 1.454601 0.699001 -0.007831 0.714382 0.031538
-0.057085 0.396620 1.454613 0.699011 -0.007834 0.714372 0.031537
-0.057048 0.396638 1.454625 0.699022 -0.007836 0.714362 0.031536
-0.057010 0.396655 1.454636 0.699032 -0.007840 0.714352 0.031536
-0.056973 0.396671 1.454647 0.699042 -0.007844 0.714342 0.031537
-0.056936 0.396687 1.454659 0.699051 -0.007849 0.714333 0.031539
-0.056900 0.396703 1.454670 0.699060 -0.007854 0.714324 0.031541
-0.056863 0.396718 1.454681 0.699069 -0.007860 0.714315 0.031543
-0.056827 0.396732 1.454691 0.699078 -0.007867 0.714306 0.031547
-0.056791 0.396751 1.454695 0.699091 -0.007831 0.714294 0.031536
-0.056757 0.396773 1.454697 0.699103 -0.007790 0.714283 0.031528
-0.056724 0.396796 1.454699 0.699117 -0.007746 0.714270 0.031519
-0.056693 0.396820 1.454701 0.699131 -0.007701 0.714258 0.031508
-0.056662 0.396845 1.454702 0.699145 -0.007656 0.714245 0.031495
-0.056633 0.396871 1.454703 0.699160 -0.007610 0.714231 0.031481
-0.056604 0.396897 1.454704 0.699175 -0.007565 0.714218 0.031466
-0.056577 0.396923 1.454705 0.699190 -0.007520 0.714204 0.031451
-0.056550 0.396949 1.454706 0.699205 -0.007476 0.714190 0.031434
-0.056524 0.396974 1.454707 0.699220 -0.007432 0.714177 0.031418
-0.056499 0.397000 1.454708 0.699235 -0.007389 0.714163 0.031401
-0.056475 0.397025 1.454709 0.699250 -0.007347 0.714150 0.031384
-0.056451 0.397049 1.454709 0.699265 -0.007305 0.714137 0.031368
-0.056428 0.397074 1.454710 0.699279 -0.007265 0.714124 0.031351
-0.056406 0.397098 1.454711 0.699293 -0.007225 0.714111 0.031335
-0.056384 0.397121 1.454712 0.699307 -0.007186 0.714099 0.031318
-0.056362 0.397145 1.454713 0.699320 -0.007148 0.714087 0.031302
-0.056341 0.397167 1.454714 0.699334 -0.007111 0.714075 0.031286
-0.056321 0.397190 1.454715 0.699347 -0.007075 0.714063 0.031271
-0.056301 0.397212 1.454716 0.699359 -0.007040 0.714052 0.031255
-0.056282 0.397233 1.454717 0.699372 -0.007005 0.714041 0.031240
-0.056263 0.397254 1.454717 0.699383 -0.006972 0.714030 0.031225
-0.056245 0.397275 1.454718 0.699395 -0.006939 0.714020 0.031211
-0.056226 0.397295 1.454719 0.699407 -0.006907 0.714009 0.031197
-0.056209 0.397315 1.454720 0.699418 -0.006875 0.714000 0.031183
-0.056192 0.397335 1.454721 0.699428 -0.006845 0.713990 0.031169
-0.056175 0.397354 1.454722 0.699439 -0.006815 0.713980 0.031156
-0.056158 0.397372 1.454723 0.699449 -0.006786 0.713971 0.031143
-0.056142 0.397391 1.454724 0.699459 -0.006758 0.713962 0.031131
-0.056126 0.397409 1.454725 0.699469 -0.006730 0.713954 0.031119
-0.056110 0.397426 1.454725 0.699478 -0.006703 0.713945 0.031107
-0.056095 0.397443 1.454726 0.699487 -0.006677 0.713937 0.031095
-0.056080 0.397460 1.454727 0.699496 -0.006651 0.713929 0.031084
-0.056065 0.397477 1.454728 0.699505 -0.006626 0.713921 0.031073
-0.056051 0.397493 1.454729 0.699513 -0.006602 0.713914 0.031062
-0.056037 0.397509 1.454729 0.699521 -0.006578 0.713906 0.031052
-0.056023 0.397524 1.454730 0.699529 -0.006555 0.713899 0.031042
-0.056010 0.397539 1.454731 0.699537 -0.006532 0.713892 0.031032
-0.055996 0.397554 1.454731 0.699545 -0.006510 0.713885 0.031022
-0.055983 0.397569 1.454732 0.699552 -0.006489 0.713879 0.031013
-0.055969 0.397597 1.454727 0.699546 -0.006416 0.713887 0.030966
-0.055957 0.397633 1.454722 0.699517 -0.006293 0.713918 0.030928
-0.055947 0.397676 1.454716 0.699477 -0.006142 0.713960 0.030892
-0.055938 0.397722 1.454708 0.699433 -0.005975 0.714007 0.030856
-0.055930 0.397770 1.454699 0.699386 -0.005801 0.714056 0.030818
-0.055921 0.397820 1.454689 0.699340 -0.005624 0.714104 0.030781
-0.055913 0.397869 1.454678 0.699294 -0.005446 0.714152 0.030743
-0.055905 0.397919 1.454666 0.699249 -0.005269 0.714199 0.030706
-0.055896 0.397967 1.454654 0.699206 -0.005095 0.714244 0.030669
-0.055888 0.398016 1.454641 0.699164 -0.004923 0.714288 0.030634
-0.055879 0.398063 1.454627 0.699123 -0.004755 0.714330 0.030599
-0.055870 0.398109 1.454614 0.699084 -0.004591 0.714371 0.030566
-0.055861 0.398154 1.454600 0.699045 -0.004430 0.714411 0.030534
-0.055853 0.398199 1.454587 0.699008 -0.004273 0.714450 0.030503
-0.055844 0.398242 1.454573 0.698972 -0.004119 0.714487 0.030473
-0.055834 0.398284 1.454560 0.698937 -0.003970 0.714524 0.030444
-0.055825 0.398326 1.454546 0.698903 -0.003824 0.714559 0.030417
-0.055816 0.398366 1.454533 0.698870 -0.003682 0.714593 0.030391
-0.055807 0.398405 1.454520 0.698838 -0.003543 0.714626 0.030365
-0.055798 0.398443 1.454507 0.698807 -0.003408 0.714659 0.030341
-0.055788 0.398481 1.454494 0.698776 -0.003276 0.714690 0.030317
-0.055779 0.398517 1.454481 0.698747 -0.003148 0.714721 0.030295
-0.055770 0.398553 1.454469 0.698718 -0.003023 0.714750 0.030273
-0.055760 0.398587 1.454456 0.698690 -0.002901 0.714779 0.030252
-0.055751 0.398621 1.454444 0.698662 -0.002782 0.714807 0.030232
-0.055742 0.398654 1.454432 0.698635 -0.002667 0.714835 0.030213
-0.055733 0.398686 1.454421 0.698609 -0.002554 0.714861 0.030195
-0.055724 0.398718 1.454409 0.698584 -0.002444 0.714887 0.030177
-0.055715 0.398748 1.454398 0.698559 -0.002337 0.714913 0.030159
-0.055705 0.398778 1.454387 0.698535 -0.002233 0.714937 0.030143
-0.055697 0.398807 1.454376 0.698511 -0.002131 0.714961 0.030127
-0.055688 0.398836 1.454366 0.698488 -0.002032 0.714985 0.030111
-0.055679 0.398864 1.454355 0.698466 -0.001935 0.715008 0.030097
-0.055670 0.398891 1.454345 0.698444 -0.001841 0.715030 0.030082
-0.055661 0.398917 1.454335 0.698422 -0.001749 0.715052 0.030069
-0.055652 0.398943 1.454325 0.698401 -0.001660 0.715073 0.030055
-0.055643 0.398968 1.454315 0.698381 -0.001572 0.715094 0.030043
-0.055635 0.398993 1.454306 0.698361 -0.001487 0.715114 0.030030
-0.055626 0.399017 1.454297 0.698341 -0.001405 0.715134 0.030019
-0.055618 0.399040 1.454287 0.698322 -0.001324 0.715153 0.030007
-0.055605 0.399083 1.454274 0.698298 -0.001212 0.715180 0.029934
-0.055589 0.399146 1.454255 0.698259 -0.001060 0.715222 0.029841
-0.055569 0.399223 1.454231 0.698215 -0.000879 0.715270 0.029740
-0.055543 0.399308 1.454204 0.698171 -0.000681 0.715317 0.029634
-0.055513 0.399398 1.454174 0.698129 -0.000476 0.715363 0.029528
-0.055477 0.399491 1.454142 0.698089 -0.000269 0.715406 0.029422
-0.055437 0.399583 1.454109 0.698050 -0.000065 0.715448 0.029320
-0.055391 0.399675 1.454075 0.698014 0.000135 0.715488 0.029222
-0.055342 0.399765 1.454041 0.697979 0.000328 0.715525 0.029130
-0.055289 0.399853 1.454007 0.697946 0.000515 0.715561 0.029044
-0.055232 0.399939 1.453973 0.697913 0.000694 0.715596 0.028964
-0.055172 0.400021 1.453940 0.697882 0.000865 0.715630 0.028890
-0.055109 0.400101 1.453907 0.697851 0.001029 0.715662 0.028823
-0.055043 0.400178 1.453874 0.697822 0.001186 0.715693 0.028761
-0.054975 0.400253 1.453842 0.697792 0.001335 0.715723 0.028705
-0.054906 0.400324 1.453811 0.697764 0.001478 0.715753 0.028654
-0.054834 0.400393 1.453780 0.697736 0.001613 0.715782 0.028609
-0.054762 0.400459 1.453750 0.697709 0.001743 0.715810 0.028568
-0.054687 0.400523 1.453720 0.697682 0.001866 0.715837 0.028532
-0.054612 0.400584 1.453692 0.697655 0.001984 0.715864 0.028500
-0.054537 0.400643 1.453664 0.697629 0.002096 0.715890 0.028471
-0.054460 0.400700 1.453636 0.697603 0.002203 0.715916 0.028446
-0.054383 0.400754 1.453610 0.697578 0.002306 0.715941 0.028425
-0.054306 0.400807 1.453583 0.697553 0.002403 0.715966 0.028406
-0.054228 0.400858 1.453558 0.697529 0.002496 0.715990 0.028391
-0.054151 0.400907 1.453533 0.697505 0.002586 0.716013 0.028378
-0.054074 0.400955 1.453509 0.697481 0.002671 0.716037 0.028367
-0.053996 0.401000 1.453485 0.697457 0.002753 0.716060 0.028358
-0.053919 0.401045 1.453461 0.697434 0.002831 0.716082 0.028352
-0.053843 0.401088 1.453439 0.697412 0.002906 0.716104 0.028347
-0.053767 0.401129 1.453416 0.697389 0.002977 0.716126 0.028344
-0.053691 0.401169 1.453395 0.697367 0.003046 0.716147 0.028342
-0.053616 0.401208 1.453373 0.697346 0.003112 0.716167 0.028342
-0.053541 0.401246 1.453352 0.697325 0.003175 0.716188 0.028343
-0.053467 0.401283 1.453332 0.697304 0.003236 0.716208 0.028346
-0.053394 0.401318 1.453312 0.697283 0.003295 0.716227 0.028349
-0.053322 0.401353 1.453292 0.697263 0.003351 0.716247 0.028354
-0.053250 0.401386 1.453273 0.697243 0.003405 0.716266 0.028359
-0.053179 0.401418 1.453254 0.697223 0.003457 0.716284 0.028366
-0.053109 0.401450 1.453236 0.697204 0.003507 0.716302 0.028373
-0.053040 0.401497 1.453217 0.697177 0.003592 0.716330 0.028329
-0.052972 0.401559 1.453200 0.697151 0.003710 0.716357 0.028276
-0.052907 0.401632 1.453185 0.697127 0.003843 0.716382 0.028211
-0.052843 0.401712 1.453171 0.697106 0.003984 0.716404 0.028133
-0.052780 0.401797 1.453160 0.697089 0.004127 0.716424 0.028047
-0.052717 0.401884 1.453151 0.697074 0.004270 0.716441 0.027956
-0.052655 0.401973 1.453143 0.697062 0.004411 0.716456 0.027860
-0.052593 0.402063 1.453137 0.697052 0.004549 0.716469 0.027763
-0.052531 0.402152 1.453132 0.697043 0.004683 0.716480 0.027666
-0.052470 0.402241 1.453129 0.697035 0.004813 0.716490 0.027568
-0.052409 0.402328 1.453127 0.697029 0.004939 0.716500 0.027472
-0.052348 0.402414 1.453126 0.697023 0.005060 0.716508 0.027377
-0.052287 0.402499 1.453126 0.697018 0.005177 0.716516 0.027284
-0.052227 0.402582 1.453126 0.697013 0.005290 0.716523 0.027193
-0.052167 0.402663 1.453128 0.697008 0.005399 0.716530 0.027105
-0.052107 0.402743 1.453129 0.697004 0.005504 0.716537 0.027019
-0.052048 0.402821 1.453132 0.697000 0.005605 0.716543 0.026935
-0.051990 0.402897 1.453135 0.696997 0.005702 0.716549 0.026853
-0.051931 0.402971 1.453138 0.696993 0.005796 0.716555 0.026774
-0.051874 0.403044 1.453141 0.696989 0.005887 0.716560 0.026698
-0.051817 0.403115 1.453145 0.696986 0.005974 0.716566 0.026624
-0.051760 0.403184 1.453149 0.696982 0.006058 0.716571 0.026552
-0.051704 0.403252 1.453153 0.696979 0.006140 0.716576 0.026482
-0.051648 0.403318 1.453157 0.696976 0.006218 0.716581 0.026415
-0.051594 0.403382 1.453161 0.696972 0.006294 0.716586 0.026350
-0.051539 0.403445 1.453165 0.696969 0.006367 0.716591 0.026287
-0.051486 0.403507 1.453169 0.696965 0.006438 0.716596 0.026226
-0.051433 0.403567 1.453174 0.696962 0.006507 0.716601 0.026167
-0.051380 0.403625 1.453178 0.696959 0.006573 0.716605 0.026110
-0.051329 0.403683 1.453182 0.696956 0.006637 0.716610 0.026055
-0.051278 0.403739 1.453186 0.696952 0.006699 0.716615 0.026002
-0.051227 0.403793 1.453191 0.696949 0.006759 0.716619 0.025951
-0.051178 0.403847 1.453195 0.696946 0.006817 0.716623 0.025901
-0.051129 0.403899 1.453199 0.696943 0.006873 0.716628 0.025853
-0.051081 0.403950 1.453203 0.696940 0.006927 0.716632 0.025806
-0.051033 0.403999 1.453207 0.696936 0.006980 0.716636 0.025761
-0.050986 0.404048 1.453211 0.696933 0.007031 0.716640 0.025718
-0.050940 0.404096 1.453214 0.696930 0.007080 0.716644 0.025676
-0.050895 0.404142 1.453218 0.696928 0.007128 0.716648 0.025635
-0.050850 0.404187 1.453222 0.696925 0.007174 0.716652 0.025596
-0.050803 0.404257 1.453218 0.696891 0.007255 0.716687 0.025486
-0.050755 0.404339 1.453200 0.696827 0.007390 0.716751 0.025408
-0.050705 0.404429 1.453171 0.696752 0.007560 0.716825 0.025344
-0.050654 0.404524 1.453132 0.696673 0.007751 0.716901 0.025287
-0.050599 0.404621 1.453085 0.696594 0.007955 0.716977 0.025236
-0.050542 0.404718 1.453031 0.696517 0.008165 0.717052 0.025189
-0.050483 0.404815 1.452973 0.696441 0.008377 0.717124 0.025148
-0.050422 0.404910 1.452910 0.696368 0.008589 0.717194 0.025113
-0.050358 0.405003 1.452845 0.696296 0.008799 0.717262 0.025083
-0.050292 0.405094 1.452777 0.696227 0.009004 0.717328 0.025059
-0.050225 0.405182 1.452708 0.696159 0.009206 0.717392 0.025040
-0.050156 0.405267 1.452637 0.696093 0.009403 0.717453 0.025026
-0.050086 0.405349 1.452566 0.696029 0.009594 0.717513 0.025018
-0.050015 0.405429 1.452495 0.695967 0.009781 0.717572 0.025013
-0.049943 0.405506 1.452423 0.695906 0.009961 0.717628 0.025013
-0.049871 0.405580 1.452352 0.695847 0.010137 0.717683 0.025017
-0.049798 0.405652 1.452282 0.695789 0.010307 0.717736 0.025024
-0.049724 0.405721 1.452211 0.695733 0.010472 0.717788 0.025034
-0.049651 0.405789 1.452142 0.695678 0.010632 0.717838 0.025046
-0.049577 0.405854 1.452073 0.695625 0.010786 0.717887 0.025062
-0.049503 0.405917 1.452005 0.695573 0.010936 0.717934 0.025079
-0.049430 0.405978 1.451938 0.695523 0.011081 0.717980 0.025098
-0.049356 0.406037 1.451872 0.695473 0.011222 0.718025 0.025119
-0.049283 0.406094 1.451807 0.695425 0.011358 0.718069 0.025142
-0.049211 0.406150 1.451743 0.695379 0.011490 0.718111 0.025166
-0.049139 0.406204 1.451680 0.695333 0.011618 0.718152 0.025190
-0.049067 0.406257 1.451619 0.695288 0.011742 0.718192 0.025216
-0.048996 0.406308 1.451558 0.695245 0.011863 0.718232 0.025243
-0.048926 0.406357 1.451498 0.695202 0.011979 0.718270 0.025271
-0.048856 0.406406 1.451439 0.695161 0.012093 0.718307 0.025299
-0.048788 0.406453 1.451382 0.695121 0.012203 0.718343 0.025327
-0.048719 0.406498 1.451325 0.695081 0.012309 0.718378 0.025356
-0.048652 0.406543 1.451270 0.695043 0.012413 0.718413 0.025385
-0.048586 0.406586 1.451215 0.695006 0.012513 0.718446 0.025415
-0.048520 0.406629 1.451161 0.694969 0.012611 0.718479 0.025445
-0.048455 0.406670 1.451109 0.694933 0.012706 0.718510 0.025474
-0.048391 0.406710 1.451057 0.694899 0.012798 0.718541 0.025504
-0.048328 0.406749 1.451007 0.694865 0.012888 0.718571 0.025534
-0.048266 0.406788 1.450957 0.694832 0.012975 0.718601 0.025564
-0.048205 0.406825 1.450908 0.694799 0.013060 0.718630 0.025594
-0.048143 0.406903 1.450859 0.694749 0.013169 0.718680 0.025495
-0.048076 0.407006 1.450804 0.694695 0.013313 0.718736 0.025311
-0.048003 0.407126 1.450745 0.694641 0.013494 0.718792 0.025101
-0.047924 0.407256 1.450683 0.694590 0.013696 0.718845 0.024880
-0.047838 0.407390 1.450618 0.694541 0.013907 0.718896 0.024659
-0.047745 0.407526 1.450553 0.694495 0.014121 0.718944 0.024442
-0.047647 0.407662 1.450487 0.694451 0.014331 0.718989 0.024232
-0.047542 0.407795 1.450420 0.694410 0.014535 0.719031 0.024030
-0.047432 0.407925 1.450355 0.694371 0.014731 0.719071 0.023839
-0.047317 0.408052 1.450290 0.694333 0.014919 0.719110 0.023659
-0.047197 0.408174 1.450226 0.694297 0.015097 0.719146 0.023489
-0.047074 0.408293 1.450163 0.694263 0.015265 0.719182 0.023329
-0.046947 0.408407 1.450101 0.694229 0.015424 0.719215 0.023180
-0.046818 0.408517 1.450041 0.694196 0.015575 0.719248 0.023041
-0.046686 0.408622 1.449982 0.694165 0.015716 0.719280 0.022911
-0.046551 0.408724 1.449924 0.694134 0.015849 0.719311 0.022790
-0.046415 0.408821 1.449867 0.694103 0.015974 0.719341 0.022678
-0.046278 0.408915 1.449812 0.694074 0.016092 0.719370 0.022574
-0.046139 0.409005 1.449758 0.694045 0.016202 0.719399 0.022477
-0.046000 0.409092 1.449705 0.694016 0.016306 0.719426 0.022387
-0.045860 0.409175 1.449654 0.693988 0.016404 0.719454 0.022304
-0.045720 0.409255 1.449604 0.693961 0.016496 0.719480 0.022227
-0.045580 0.409333 1.449554 0.693934 0.016582 0.719507 0.022156
-0.045440 0.409407 1.449506 0.693908 0.016663 0.719532 0.022091
-0.045300 0.409479 1.449460 0.693882 0.016739 0.719557 0.022030
-0.045161 0.409548 1.449414 0.693856 0.016811 0.719582 0.021974
-0.045022 0.409615 1.449369 0.693831 0.016878 0.719606 0.021922
-0.044884 0.409680 1.449325 0.693807 0.016942 0.719630 0.021874
-0.044747 0.409742 1.449282 0.693783 0.017001 0.719653 0.021831
-0.044611 0.409802 1.449240 0.693759 0.017058 0.719675 0.021790
-0.044477 0.409861 1.449199 0.693736 0.017111 0.719698 0.021753
-0.044343 0.409917 1.449159 0.693713 0.017161 0.719720 0.021719
-0.044211 0.409972 1.449120 0.693690 0.017208 0.719741 0.021688
-0.044080 0.410025 1.449081 0.693668 0.017253 0.719762 0.021660
-0.043951 0.410076 1.449044 0.693647 0.017295 0.719783 0.021634
-0.043823 0.410126 1.449007 0.693625 0.017335 0.719803 0.021610
-0.043696 0.410174 1.448971 0.693604 0.017372 0.719823 0.021589
-0.043571 0.410220 1.448935 0.693584 0.017408 0.719842 0.021569
-0.043448 0.410266 1.448901 0.693564 0.017442 0.719861 0.021552
-0.043327 0.410310 1.448866 0.693544 0.017473 0.719880 0.021536
-0.043208 0.410405 1.448826 0.693476 0.017536 0.719947 0.021439
-0.043091 0.410533 1.448784 0.693406 0.017637 0.720017 0.021266
-0.042973 0.410683 1.448741 0.693341 0.017775 0.720083 0.021059
-0.042853 0.410846 1.448699 0.693282 0.017934 0.720142 0.020832
-0.042730 0.411018 1.448658 0.693230 0.018104 0.720194 0.020594
-0.042605 0.411194 1.448618 0.693184 0.018277 0.720241 0.020352
-0.042477 0.411371 1.448580 0.693142 0.018449 0.720284 0.020109
-0.042346 0.411548 1.448544 0.693105 0.018615 0.720322 0.019868
-0.042213 0.411724 1.448510 0.693071 0.018776 0.720358 0.019632
-0.042078 0.411896 1.448478 0.693039 0.018929 0.720390 0.019402
-0.041940 0.412066 1.448447 0.693010 0.019074 0.720421 0.019179
-0.041801 0.412231 1.448419 0.692982 0.019212 0.720449 0.018964
-0.041660 0.412393 1.448392 0.692956 0.019342 0.720476 0.018756
-0.041519 0.412551 1.448367 0.692931 0.019464 0.720502 0.018556
-0.041376 0.412704 1.448344 0.692908 0.019578 0.720527 0.018364
-0.041233 0.412854 1.448321 0.692885 0.019686 0.720550 0.018180
-0.041089 0.412999 1.448300 0.692863 0.019787 0.720573 0.018004
-0.040946 0.413140 1.448281 0.692841 0.019882 0.720596 0.017835
-0.040802 0.413277 1.448262 0.692820 0.019970 0.720617 0.017672
-0.040658 0.413411 1.448244 0.692800 0.020054 0.720638 0.017517
-0.040515 0.413541 1.448227 0.692780 0.020131 0.720659 0.017369
-0.040372 0.413667 1.448211 0.692760 0.020205 0.720679 0.017226
-0.040230 0.413790 1.448195 0.692741 0.020273 0.720699 0.017090
-0.040089 0.413909 1.448181 0.692722 0.020337 0.720719 0.016959
-0.039948 0.414025 1.448167 0.692703 0.020398 0.720738 0.016834
-0.039809 0.414138 1.448153 0.692685 0.020454 0.720757 0.016714
-0.039671 0.414248 1.448140 0.692667 0.020507 0.720775 0.016599
-0.039533 0.414355 1.448127 0.692649 0.020557 0.720793 0.016489
-0.039398 0.414460 1.448115 0.692631 0.020604 0.720811 0.016383
-0.039263 0.414561 1.448103 0.692614 0.020648 0.720829 0.016282
-0.039130 0.414661 1.448091 0.692597 0.020689 0.720846 0.016184
-0.038998 0.414757 1.448080 0.692580 0.020728 0.720863 0.016091
-0.038868 0.414851 1.448069 0.692564 0.020765 0.720880 0.016002
-0.038740 0.414943 1.448059 0.692548 0.020799 0.720896 0.015916
-0.038613 0.415032 1.448048 0.692532 0.020831 0.720912 0.015834
-0.038487 0.415120 1.448038 0.692517 0.020861 0.720928 0.015755
-0.038363 0.415205 1.448028 0.692501 0.020890 0.720944 0.015679
-0.038241 0.415288 1.448019 0.692487 0.020917 0.720959 0.015606
-0.038121 0.415369 1.448009 0.692472 0.020942 0.720973 0.015536
-0.038002 0.415448 1.448000 0.692458 0.020965 0.720988 0.015469
-0.037886 0.415593 1.447970 0.692363 0.021001 0.721081 0.015279
-0.037762 0.415781 1.447921 0.692241 0.021143 0.721199 0.015082
-0.037629 0.415998 1.447859 0.692115 0.021354 0.721318 0.014877
-0.037485 0.416233 1.447785 0.691994 0.021605 0.721431 0.014665
-0.037331 0.416476 1.447703 0.691880 0.021877 0.721537 0.014451
-0.037166 0.416723 1.447615 0.691773 0.022155 0.721635 0.014240
-0.036992 0.416970 1.447523 0.691672 0.022433 0.721727 0.014037
-0.036807 0.417214 1.447430 0.691577 0.022704 0.721813 0.013844
-0.036615 0.417453 1.447334 0.691486 0.022967 0.721895 0.013663
-0.036414 0.417686 1.447238 0.691400 0.023218 0.721973 0.013496
-0.036207 0.417913 1.447143 0.691317 0.023457 0.722048 0.013343
-0.035993 0.418132 1.447047 0.691237 0.023683 0.722119 0.013205
-0.035773 0.418343 1.446953 0.691160 0.023896 0.722188 0.013080
-0.035549 0.418548 1.446860 0.691085 0.024096 0.722255 0.012968
-0.035321 0.418745 1.446768 0.691013 0.024284 0.722320 0.012870
-0.035090 0.418935 1.446678 0.690942 0.024460 0.722383 0.012783
-0.034855 0.419118 1.446589 0.690873 0.024625 0.722444 0.012708
-0.034618 0.419294 1.446502 0.690807 0.024779 0.722504 0.012643
-0.034380 0.419465 1.446416 0.690742 0.024922 0.722562 0.012588
-0.034141 0.419629 1.446332 0.690678 0.025056 0.722619 0.012542
-0.033900 0.419787 1.446250 0.690616 0.025181 0.722675 0.012505
-0.033660 0.419940 1.446170 0.690556 0.025297 0.722729 0.012475
-0.033419 0.420088 1.446091 0.690497 0.025406 0.722782 0.012453
-0.033179 0.420230 1.446014 0.690439 0.025507 0.722834 0.012437
-0.032939 0.420368 1.445938 0.690383 0.025601 0.722884 0.012427
-0.032700 0.420501 1.445864 0.690328 0.025688 0.722934 0.012422
-0.032462 0.420630 1.445792 0.690274 0.025769 0.722982 0.012422
-0.032226 0.420755 1.445721 0.690222 0.025845 0.723029 0.012427
-0.031992 0.420876 1.445651 0.690171 0.025916 0.723075 0.012436
-0.031759 0.420994 1.445583 0.690121 0.025981 0.723120 0.012449
-0.031528 0.421108 1.445517 0.690072 0.026042 0.723164 0.012465
-0.031300 0.421218 1.445451 0.690025 0.026099 0.723207 0.012485
-0.031073 0.421325 1.445387 0.689978 0.026152 0.723249 0.012507
-0.030850 0.421429 1.445325 0.689933 0.026201 0.723290 0.012531
-0.030628 0.421531 1.445263 0.689889 0.026247 0.723331 0.012558
-0.030409 0.421629 1.445203 0.689845 0.026290 0.723370 0.012587
-0.030193 0.421725 1.445144 0.689803 0.026329 0.723408 0.012618
-0.029980 0.421818 1.445086 0.689762 0.026366 0.723445 0.012650
-0.029769 0.421908 1.445029 0.689722 0.026401 0.723482 0.012684
-0.029562 0.421996 1.444973 0.689683 0.026433 0.723517 0.012718
-0.029363 0.422152 1.444898 0.689577 0.026417 0.723622 0.012542
-0.029167 0.422353 1.444803 0.689456 0.026484 0.723739 0.012286
-0.028971 0.422585 1.444692 0.689337 0.026627 0.723851 0.012000
-0.028773 0.422835 1.444569 0.689227 0.026820 0.723954 0.011696
-0.028571 0.423095 1.444438 0.689126 0.027043 0.724047 0.011385
-0.028367 0.423360 1.444300 0.689033 0.027281 0.724131 0.011073
-0.028158 0.423627 1.444158 0.688948 0.027525 0.724208 0.010764
-0.027946 0.423891 1.444014 0.688869 0.027771 0.724278 0.010464
-0.027732 0.424152 1.443869 0.688796 0.028014 0.724343 0.010173
-0.027514 0.424408 1.443723 0.688727 0.028252 0.724403 0.009894
-0.027294 0.424658 1.443577 0.688662 0.028482 0.724459 0.009627
-0.027071 0.424902 1.443432 0.688601 0.028705 0.724511 0.009372
-0.026848 0.425139 1.443289 0.688543 0.028919 0.724561 0.009130
-0.026622 0.425370 1.443147 0.688488 0.029124 0.724608 0.008901
-0.026396 0.425594 1.443006 0.688435 0.029321 0.724653 0.008683
-0.026170 0.425812 1.442868 0.688384 0.029509 0.724696 0.008477
-0.025943 0.426023 1.442732 0.688336 0.029688 0.724737 0.008282
-0.025716 0.426228 1.442598 0.688289 0.029860 0.724776 0.008098
-0.025490 0.426427 1.442466 0.688244 0.030023 0.724814 0.007923
-0.025265 0.426621 1.442337 0.688201 0.030179 0.724850 0.007758
-0.025040 0.426809 1.442209 0.688160 0.030328 0.724885 0.007602
-0.024816 0.426991 1.442084 0.688120 0.030471 0.724919 0.007454
-0.024594 0.427169 1.441962 0.688081 0.030606 0.724951 0.007314
-0.024373 0.427341 1.441842 0.688044 0.030735 0.724983 0.007182
-0.024154 0.427509 1.441723 0.688007 0.030859 0.725013 0.007056
-0.023937 0.427672 1.441608 0.687973 0.030977 0.725042 0.006937
-0.023722 0.427831 1.441494 0.687939 0.031090 0.725070 0.006825
-0.023509 0.427986 1.441382 0.687906 0.031198 0.725098 0.006718
-0.023298 0.428136 1.441273 0.687875 0.031301 0.725124 0.006617
-0.023089 0.428283 1.441166 0.687844 0.031400 0.725150 0.006521
-0.022883 0.428426 1.441061 0.687814 0.031494 0.725174 0.006430
-0.022679 0.428565 1.440957 0.687786 0.031585 0.725198 0.006343
-0.022478 0.428700 1.440856 0.687758 0.031672 0.725222 0.006261
-0.022279 0.428833 1.440757 0.687731 0.031755 0.725244 0.006184
-0.022083 0.428962 1.440659 0.687705 0.031835 0.725266 0.006110
-0.021889 0.429088 1.440564 0.687680 0.031912 0.725287 0.006040
-0.021698 0.429211 1.440470 0.687656 0.031985 0.725307 0.005973
-0.021510 0.429330 1.440378 0.687633 0.032056 0.725327 0.005910
-0.021325 0.429448 1.440287 0.687610 0.032124 0.725346 0.005850
-0.021142 0.429562 1.440199 0.687588 0.032190 0.725364 0.005793
-0.020962 0.429743 1.440088 0.687501 0.032214 0.725447 0.005582
-0.020781 0.429978 1.439962 0.687411 0.032290 0.725531 0.005331
-0.020598 0.430248 1.439826 0.687335 0.032416 0.725600 0.005048
-0.020413 0.430542 1.439683 0.687275 0.032574 0.725651 0.004739
-0.020223 0.430850 1.439537 0.687229 0.032752 0.725688 0.004412
-0.020029 0.431166 1.439389 0.687196 0.032939 0.725714 0.004074
-0.019832 0.431485 1.439242 0.687171 0.033129 0.725730 0.003732
-0.019630 0.431804 1.439096 0.687153 0.033317 0.725740 0.003392
-0.019424 0.432120 1.438952 0.687141 0.033501 0.725745 0.003058
-0.019215 0.432431 1.438811 0.687132 0.033678 0.725746 0.002732
-0.019003 0.432736 1.438672 0.687126 0.033847 0.725745 0.002416
-0.018788 0.433035 1.438537 0.687123 0.034007 0.725742 0.002111
-0.018570 0.433327 1.438404 0.687121 0.034159 0.725737 0.001818
-0.018351 0.433612 1.438275 0.687121 0.034302 0.725731 0.001536
-0.018130 0.433890 1.438149 0.687121 0.034436 0.725725 0.001267
-0.017907 0.434160 1.438025 0.687123 0.034561 0.725718 0.001009
-0.017684 0.434424 1.437905 0.687125 0.034678 0.725711 0.000762
-0.017461 0.434680 1.437788 0.687128 0.034787 0.725703 0.000527
-0.017237 0.434929 1.437673 0.687131 0.034889 0.725696 0.000302
-0.017013 0.435172 1.437561 0.687134 0.034984 0.725688 0.000088
-0.016790 0.435409 1.437452 0.687138 0.035072 0.725680 -0.000117
-0.016567 0.435639 1.437345 0.687142 0.035154 0.725672 -0.000312
-0.016346 0.435863 1.437241 0.687146 0.035231 0.725664 -0.000498
-0.016125 0.436081 1.437138 0.687150 0.035301 0.725657 -0.000676
-0.015906 0.436293 1.437039 0.687155 0.035367 0.725649 -0.000846
-0.015688 0.436501 1.436941 0.687160 0.035428 0.725641 -0.001008
-0.015471 0.436702 1.436846 0.687165 0.035485 0.725633 -0.001162
-0.015257 0.436899 1.436752 0.687170 0.035537 0.725626 -0.001310
-0.015044 0.437091 1.436661 0.687175 0.035586 0.725618 -0.001452
-0.014833 0.437278 1.436571 0.687181 0.035631 0.725611 -0.001587
-0.014625 0.437461 1.436484 0.687186 0.035672 0.725603 -0.001716
-0.014418 0.437639 1.436398 0.687192 0.035711 0.725595 -0.001839
-0.014214 0.437813 1.436314 0.687198 0.035746 0.725588 -0.001957
-0.014013 0.437982 1.436231 0.687203 0.035779 0.725580 -0.002070
-0.013813 0.438148 1.436151 0.687209 0.035810 0.725573 -0.002179
-0.013617 0.438310 1.436072 0.687216 0.035838 0.725565 -0.002282
-0.013422 0.438468 1.435994 0.687222 0.035864 0.725558 -0.002381
-0.013231 0.438623 1.435918 0.687228 0.035888 0.725550 -0.002477
-0.013042 0.438774 1.435843 0.687235 0.035910 0.725543 -0.002568
-0.012856 0.438921 1.435770 0.687241 0.035931 0.725535 -0.002655
-0.012667 0.439137 1.435663 0.687184 0.035940 0.725588 -0.002906
-0.012473 0.439401 1.435529 0.687109 0.036041 0.725653 -0.003163
-0.012272 0.439696 1.435375 0.687041 0.036212 0.725708 -0.003430
-0.012063 0.440009 1.435207 0.686985 0.036426 0.725748 -0.003707
-0.011846 0.440332 1.435028 0.686942 0.036663 0.725776 -0.003989
-0.011620 0.440658 1.434844 0.686909 0.036912 0.725792 -0.004272
-0.011386 0.440984 1.434655 0.686885 0.037164 0.725801 -0.004549
-0.011145 0.441306 1.434463 0.686866 0.037413 0.725804 -0.004816
-0.010896 0.441621 1.434272 0.686853 0.037656 0.725803 -0.005071
-0.010641 0.441930 1.434080 0.686843 0.037890 0.725798 -0.005312
-0.010380 0.442230 1.433889 0.686836 0.038115 0.725792 -0.005539
-0.010115 0.442521 1.433700 0.686831 0.038328 0.725783 -0.005750
-0.009845 0.442804 1.433514 0.686827 0.038531 0.725774 -0.005946
-0.009571 0.443078 1.433329 0.686825 0.038722 0.725765 -0.006128
-0.009294 0.443343 1.433148 0.686824 0.038901 0.725755 -0.006295
-0.009014 0.443599 1.432969 0.686823 0.039070 0.725745 -0.006449
-0.008733 0.443848 1.432794 0.686823 0.039229 0.725735 -0.006591
-0.008450 0.444088 1.432621 0.686824 0.039378 0.725725 -0.006720
-0.008166 0.444321 1.432452 0.686825 0.039517 0.725715 -0.006838
-0.007881 0.444546 1.432286 0.686827 0.039647 0.725706 -0.006946
-0.007597 0.444764 1.432123 0.686829 0.039768 0.725696 -0.007044
-0.007313 0.444976 1.431963 0.686831 0.039881 0.725687 -0.007132
-0.007029 0.445181 1.431806 0.686833 0.039987 0.725678 -0.007212
-0.006747 0.445379 1.431652 0.686836 0.040086 0.725670 -0.007285
-0.006465 0.445572 1.431502 0.686839 0.040178 0.725661 -0.007350
-0.006186 0.445759 1.431354 0.686842 0.040264 0.725653 -0.007408
-0.005907 0.445941 1.431210 0.686845 0.040344 0.725645 -0.007459
-0.005631 0.446117 1.431068 0.686848 0.040418 0.725637 -0.007505
-0.005358 0.446289 1.430929 0.686852 0.040487 0.725630 -0.007546
-0.005086 0.446456 1.430793 0.686855 0.040552 0.725622 -0.007581
-0.004817 0.446618 1.430659 0.686859 0.040613 0.725615 -0.007612
-0.004551 0.446776 1.430528 0.686863 0.040669 0.725608 -0.007638
-0.004287 0.446929 1.430400 0.686867 0.040721 0.725601 -0.007661
-0.004027 0.447079 1.430274 0.686871 0.040770 0.725594 -0.007680
-0.003769 0.447225 1.430151 0.686875 0.040815 0.725588 -0.007695
-0.003515 0.447366 1.430030 0.686880 0.040857 0.725581 -0.007708
-0.003264 0.447505 1.429911 0.686884 0.040897 0.725574 -0.007717
-0.003016 0.447640 1.429795 0.686889 0.040933 0.725568 -0.007724
-0.002771 0.447771 1.429681 0.686894 0.040968 0.725561 -0.007729
-0.002530 0.447900 1.429569 0.686899 0.040999 0.725555 -0.007731
-0.002290 0.448110 1.429421 0.686855 0.041017 0.725593 -0.007926
-0.002046 0.448371 1.429243 0.686831 0.041104 0.725608 -0.008183
-0.001798 0.448665 1.429044 0.686830 0.041249 0.725597 -0.008477
-0.001545 0.448979 1.428831 0.686849 0.041432 0.725565 -0.008796
-0.001285 0.449304 1.428607 0.686883 0.041637 0.725517 -0.009128
-0.001020 0.449634 1.428376 0.686928 0.041856 0.725458 -0.009463
-0.000748 0.449963 1.428142 0.686980 0.042078 0.725390 -0.009795
-0.000470 0.450288 1.427906 0.687038 0.042301 0.725318 -0.010118
-0.000187 0.450608 1.427669 0.687100 0.042519 0.725243 -0.010430
0.000101 0.450921 1.427433 0.687164 0.042730 0.725166 -0.010727
0.000394 0.451225 1.427198 0.687229 0.042934 0.725088 -0.011009
0.000690 0.451521 1.426966 0.687294 0.043128 0.725010 -0.011276
0.000989 0.451809 1.426737 0.687360 0.043312 0.724932 -0.011528
0.001291 0.452087 1.426510 0.687426 0.043487 0.724856 -0.011764
0.001595 0.452357 1.426287 0.687491 0.043651 0.724780 -0.011985
0.001900 0.452618 1.426068 0.687556 0.043806 0.724706 -0.012192
0.002207 0.452871 1.425852 0.687620 0.043951 0.724633 -0.012385
0.002514 0.453115 1.425640 0.687684 0.044087 0.724562 -0.012565
0.002821 0.453352 1.425431 0.687746 0.044214 0.724492 -0.012734
0.003128 0.453582 1.425227 0.687808 0.044333 0.724423 -0.012890
0.003434 0.453804 1.425026 0.687869 0.044444 0.724356 -0.013036
0.003740 0.454019 1.424829 0.687929 0.044547 0.724290 -0.013172
0.004044 0.454228 1.424636 0.687988 0.044644 0.724226 -0.013298
0.004346 0.454431 1.424447 0.688046 0.044734 0.724163 -0.013416
0.004647 0.454627 1.424261 0.688103 0.044817 0.724101 -0.013525
0.004945 0.454818 1.424079 0.688160 0.044895 0.724041 -0.013627
0.005241 0.455004 1.423900 0.688215 0.044967 0.723982 -0.013721
0.005535 0.455184 1.423725 0.688270 0.045034 0.723924 -0.013808
0.005826 0.455359 1.423553 0.688324 0.045097 0.723867 -0.013890
0.006114 0.455529 1.423385 0.688377 0.045155 0.723812 -0.013965
0.006399 0.455694 1.423220 0.688429 0.045208 0.723757 -0.014035
0.006681 0.455855 1.423059 0.688480 0.045258 0.723704 -0.014100
0.006960 0.456012 1.422900 0.688531 0.045304 0.723652 -0.014160
0.007235 0.456165 1.422745 0.688581 0.045347 0.723601 -0.014215
0.007507 0.456313 1.422593 0.688630 0.045387 0.723550 -0.014266
0.007775 0.456458 1.422443 0.688678 0.045424 0.723501 -0.014314
0.008040 0.456600 1.422297 0.688726 0.045458 0.723453 -0.014358
0.008301 0.456737 1.422153 0.688773 0.045489 0.723405 -0.014398
0.008559 0.456872 1.422013 0.688819 0.045518 0.723359 -0.014435
0.008812 0.457003 1.421875 0.688864 0.045545 0.723313 -0.014469
0.009059 0.457223 1.421702 0.688828 0.045593 0.723341 -0.014664
0.009302 0.457506 1.421499 0.688776 0.045777 0.723374 -0.014867
0.009545 0.457830 1.421274 0.688739 0.046052 0.723388 -0.015096
0.009790 0.458182 1.421036 0.688720 0.046383 0.723379 -0.015354
0.010039 0.458550 1.420787 0.688720 0.046746 0.723350 -0.015634
0.010295 0.458927 1.420533 0.688734 0.047125 0.723306 -0.015928
0.010557 0.459307 1.420276 0.688760 0.047510 0.723249 -0.016226
0.010828 0.459687 1.420017 0.688796 0.047894 0.723183 -0.016524
0.011107 0.460064 1.419758 0.688839 0.048271 0.723110 -0.016815
0.011396 0.460435 1.419500 0.688887 0.048639 0.723033 -0.017097
0.011694 0.460800 1.419245 0.688940 0.048993 0.722952 -0.017368
0.012002 0.461157 1.418992 0.688997 0.049334 0.722869 -0.017624
0.012318 0.461504 1.418743 0.689055 0.049658 0.722785 -0.017865
0.012642 0.461841 1.418498 0.689115 0.049966 0.722701 -0.018091
0.012973 0.462168 1.418257 0.689175 0.050258 0.722618 -0.018300
0.013310 0.462484 1.418021 0.689235 0.050532 0.722537 -0.018492
0.013653 0.462789 1.417790 0.689295 0.050790 0.722457 -0.018669
0.013999 0.463084 1.417564 0.689354 0.051032 0.722380 -0.018830
0.014349 0.463369 1.417343 0.689412 0.051259 0.722304 -0.018976
0.014703 0.463644 1.417127 0.689469 0.051472 0.722231 -0.019108
0.015058 0.463909 1.416915 0.689525 0.051670 0.722160 -0.019226
0.015415 0.464165 1.416708 0.689581 0.051855 0.722091 -0.019332
0.015774 0.464412 1.416505 0.689635 0.052028 0.722025 -0.019426
0.016133 0.464651 1.416308 0.689688 0.052190 0.721960 -0.019510
0.016492 0.464882 1.416114 0.689740 0.052340 0.721898 -0.019582
0.016850 0.465105 1.415925 0.689790 0.052480 0.721837 -0.019646
0.017208 0.465320 1.415739 0.689840 0.052610 0.721778 -0.019700
0.017564 0.465529 1.415558 0.689889 0.052732 0.721722 -0.019746
0.017919 0.465731 1.415381 0.689938 0.052845 0.721666 -0.019785
0.018272 0.465926 1.415208 0.689985 0.052950 0.721613 -0.019816
0.018623 0.466116 1.415038 0.690031 0.053047 0.721560 -0.019841
0.018972 0.466300 1.414872 0.690077 0.053138 0.721510 -0.019860
0.019317 0.466478 1.414709 0.690121 0.053222 0.721460 -0.019874
0.019660 0.466650 1.414550 0.690165 0.053300 0.721412 -0.019882
0.020000 0.466818 1.414395 0.690208 0.053373 0.721366 -0.019886
0.020336 0.466981 1.414242 0.690251 0.053440 0.721320 -0.019885
0.020669 0.467139 1.414093 0.690293 0.053503 0.721275 -0.019881
0.020998 0.467293 1.413947 0.690334 0.053561 0.721232 -0.019873
0.021323 0.467442 1.413803 0.690374 0.053614 0.721190 -0.019862
0.021645 0.467587 1.413663 0.690414 0.053664 0.721148 -0.019847
0.021953 0.467814 1.413487 0.690389 0.053686 0.721165 -0.020049
0.022254 0.468098 1.413292 0.690369 0.053828 0.721167 -0.020271
0.022549 0.468420 1.413084 0.690368 0.054042 0.721145 -0.020532
0.022842 0.468767 1.412869 0.690388 0.054300 0.721098 -0.020829
0.023136 0.469130 1.412650 0.690425 0.054583 0.721032 -0.021153
0.023431 0.469502 1.412429 0.690475 0.054877 0.720951 -0.021495
0.023730 0.469878 1.412209 0.690537 0.055176 0.720859 -0.021846
0.024033 0.470254 1.411991 0.690606 0.055472 0.720759 -0.022199
0.024342 0.470628 1.411776 0.690682 0.055763 0.720653 -0.022550
0.024657 0.470997 1.411563 0.690762 0.056044 0.720543 -0.022894
0.024979 0.471362 1.411354 0.690846 0.056316 0.720431 -0.023230
0.025308 0.471719 1.411149 0.690932 0.056574 0.720318 -0.023554
0.025646 0.472069 1.410947 0.691020 0.056820 0.720203 -0.023865
0.025991 0.472412 1.410750 0.691110 0.057052 0.720089 -0.024163
0.026345 0.472746 1.410556 0.691201 0.057269 0.719975 -0.024446
0.026707 0.473071 1.410367 0.691292 0.057471 0.719862 -0.024715
0.027075 0.473387 1.410182 0.691383 0.057658 0.719751 -0.024967
0.027451 0.473693 1.410001 0.691473 0.057830 0.719642 -0.025203
0.027831 0.473988 1.409826 0.691562 0.057987 0.719536 -0.025423
0.028216 0.474273 1.409655 0.691650 0.058129 0.719434 -0.025627
0.028605 0.474547 1.409488 0.691735 0.058257 0.719335 -0.025816
0.028997 0.474812 1.409326 0.691818 0.058372 0.719239 -0.025989
0.029391 0.475068 1.409169 0.691900 0.058474 0.719146 -0.026148
0.029788 0.475314 1.409015 0.691979 0.058564 0.719057 -0.026294
0.030185 0.475552 1.408866 0.692057 0.058644 0.718971 -0.026426
0.030582 0.475780 1.408721 0.692133 0.058712 0.718888 -0.026546
0.030980 0.476001 1.408579 0.692206 0.058772 0.718808 -0.026655
0.031377 0.476214 1.408441 0.692278 0.058822 0.718731 -0.026754
0.031774 0.476420 1.408307 0.692349 0.058864 0.718657 -0.026842
0.032169 0.476619 1.408176 0.692417 0.058899 0.718585 -0.026921
0.032562 0.476811 1.408048 0.692484 0.058926 0.718516 -0.026991
0.032953 0.476996 1.407923 0.692550 0.058946 0.718449 -0.027054
0.033341 0.477176 1.407802 0.692614 0.058961 0.718384 -0.027108
0.033727 0.477349 1.407683 0.692676 0.058970 0.718321 -0.027156
0.034110 0.477517 1.407567 0.692737 0.058974 0.718260 -0.027198
0.034489 0.477680 1.407454 0.692797 0.058973 0.718201 -0.027233
0.034865 0.477838 1.407343 0.692856 0.058968 0.718144 -0.027263
0.035238 0.477990 1.407235 0.692913 0.058960 0.718088 -0.027288
0.035606 0.478139 1.407129 0.692970 0.058947 0.718034 -0.027309
0.035970 0.478283 1.407026 0.693025 0.058932 0.717981 -0.027325
0.036320 0.478502 1.406877 0.693007 0.058861 0.717995 -0.027572
0.036659 0.478773 1.406692 0.692988 0.058933 0.717997 -0.027844
0.036990 0.479076 1.406479 0.692986 0.059103 0.717973 -0.028142
0.037318 0.479400 1.406247 0.693004 0.059337 0.717924 -0.028465
0.037643 0.479735 1.406000 0.693039 0.059608 0.717854 -0.028805
0.037970 0.480077 1.405743 0.693088 0.059903 0.717768 -0.029154
0.038298 0.480419 1.405478 0.693148 0.060211 0.717670 -0.029504
0.038630 0.480760 1.405208 0.693218 0.060523 0.717562 -0.029850
0.038966 0.481096 1.404935 0.693294 0.060836 0.717447 -0.030189
0.039308 0.481427 1.404660 0.693377 0.061145 0.717328 -0.030517
0.039656 0.481751 1.404385 0.693463 0.061447 0.717204 -0.030832
0.040010 0.482068 1.404110 0.693554 0.061741 0.717079 -0.031134
0.040371 0.482377 1.403836 0.693647 0.062024 0.716951 -0.031420
0.040739 0.482677 1.403564 0.693743 0.062296 0.716823 -0.031691
0.041115 0.482969 1.403294 0.693841 0.062556 0.716694 -0.031946
0.041499 0.483252 1.403027 0.693941 0.062803 0.716566 -0.032185
0.041892 0.483526 1.402763 0.694042 0.063035 0.716437 -0.032408
0.042292 0.483792 1.402502 0.694144 0.063254 0.716310 -0.032614
0.042699 0.484047 1.402245 0.694246 0.063458 0.716184 -0.032804
0.043112 0.484293 1.401993 0.694347 0.063647 0.716061 -0.032978
0.043530 0.484528 1.401745 0.694448 0.063822 0.715941 -0.033135
0.043953 0.484754 1.401503 0.694547 0.063981 0.715824 -0.033276
0.044380 0.484969 1.401265 0.694645 0.064127 0.715710 -0.033401
0.044809 0.485176 1.401032 0.694740 0.064259 0.715600 -0.033511
0.045240 0.485373 1.400804 0.694834 0.064379 0.715494 -0.033608
0.045673 0.485561 1.400582 0.694926 0.064486 0.715391 -0.033691
0.046106 0.485742 1.400364 0.695016 0.064583 0.715291 -0.033762
0.046540 0.485914 1.400151 0.695105 0.064668 0.715195 -0.033821
0.046974 0.486079 1.399943 0.695191 0.064743 0.715102 -0.033870
0.047406 0.486237 1.399739 0.695276 0.064810 0.715012 -0.033909
0.047837 0.486388 1.399540 0.695359 0.064867 0.714924 -0.033939
0.048266 0.486533 1.399345 0.695440 0.064916 0.714840 -0.033960
0.048693 0.486672 1.399155 0.695519 0.064958 0.714758 -0.033973
0.049118 0.486805 1.398969 0.695597 0.064993 0.714679 -0.033980
0.049539 0.486933 1.398787 0.695674 0.065021 0.714602 -0.033979
0.049958 0.487056 1.398609 0.695748 0.065043 0.714527 -0.033973
0.050373 0.487174 1.398435 0.695822 0.065060 0.714455 -0.033962
0.050784 0.487288 1.398264 0.695894 0.065072 0.714384 -0.033945
0.051191 0.487397 1.398098 0.695965 0.065079 0.714316 -0.033924
0.051594 0.487503 1.397935 0.696034 0.065082 0.714249 -0.033899
0.051985 0.487680 1.397736 0.696035 0.065002 0.714246 -0.034085
0.052367 0.487903 1.397519 0.696036 0.065037 0.714231 -0.034316
0.052742 0.488155 1.397291 0.696051 0.065154 0.714193 -0.034579
0.053115 0.488427 1.397056 0.696082 0.065319 0.714134 -0.034869
0.053488 0.488709 1.396818 0.696128 0.065510 0.714057 -0.035178
0.053862 0.488997 1.396580 0.696185 0.065714 0.713967 -0.035498
0.054239 0.489287 1.396343 0.696251 0.065922 0.713867 -0.035821
0.054620 0.489575 1.396108 0.696324 0.066129 0.713761 -0.036144
0.055006 0.489860 1.395876 0.696402 0.066330 0.713650 -0.036461
0.055398 0.490140 1.395647 0.696484 0.066523 0.713535 -0.036770
0.055796 0.490414 1.395422 0.696569 0.066707 0.713419 -0.037069
0.056200 0.490682 1.395200 0.696657 0.066879 0.713303 -0.037356
0.056612 0.490943 1.394982 0.696747 0.067040 0.713185 -0.037630
0.057031 0.491196 1.394768 0.696838 0.067189 0.713069 -0.037890
0.057457 0.491442 1.394559 0.696930 0.067324 0.712953 -0.038136
0.057891 0.491680 1.394353 0.697024 0.067447 0.712837 -0.038367
0.058334 0.491909 1.394151 0.697117 0.067557 0.712723 -0.038583
0.058784 0.492131 1.393953 0.697212 0.067653 0.712611 -0.038785
0.059242 0.492344 1.393760 0.697307 0.067736 0.712500 -0.038971
0.059707 0.492548 1.393570 0.697401 0.067806 0.712392 -0.039141
0.060178 0.492743 1.393386 0.697494 0.067861 0.712287 -0.039296
0.060654 0.492928 1.393206 0.697585 0.067903 0.712186 -0.039434
0.061135 0.493104 1.393031 0.697674 0.067932 0.712089 -0.039557
0.061618 0.493271 1.392860 0.697761 0.067949 0.711996 -0.039665
0.062104 0.493429 1.392695 0.697846 0.067955 0.711907 -0.039758
0.062592 0.493579 1.392533 0.697929 0.067949 0.711822 -0.039837
0.063081 0.493720 1.392376 0.698009 0.067933 0.711741 -0.039904
0.063570 0.493854 1.392224 0.698087 0.067908 0.711664 -0.039959
0.064058 0.493981 1.392075 0.698163 0.067875 0.711590 -0.040002
0.064546 0.494101 1.391930 0.698237 0.067833 0.711520 -0.040035
0.065032 0.494215 1.391789 0.698309 0.067784 0.711452 -0.040058
0.065517 0.494322 1.391652 0.698379 0.067729 0.711388 -0.040072
0.065999 0.494424 1.391518 0.698448 0.067667 0.711327 -0.040078
0.066478 0.494520 1.391388 0.698514 0.067600 0.711268 -0.040076
0.066954 0.494611 1.391261 0.698579 0.067528 0.711212 -0.040068
0.067427 0.494698 1.391137 0.698642 0.067452 0.711157 -0.040053
0.067895 0.494780 1.391017 0.698704 0.067372 0.711106 -0.040032
0.068360 0.494858 1.390899 0.698764 0.067288 0.711056 -0.040006
0.068819 0.494932 1.390784 0.698823 0.067201 0.711008 -0.039975
0.069275 0.495003 1.390672 0.698881 0.067112 0.710961 -0.039940
0.069720 0.495146 1.390515 0.698877 0.066958 0.710974 -0.040057
0.070155 0.495342 1.390332 0.698854 0.066897 0.710996 -0.040164
0.070581 0.495575 1.390133 0.698844 0.066909 0.710997 -0.040290
0.070998 0.495833 1.389926 0.698855 0.066966 0.710972 -0.040448
0.071409 0.496107 1.389713 0.698884 0.067051 0.710924 -0.040634
0.071817 0.496389 1.389497 0.698929 0.067151 0.710859 -0.040843
0.072222 0.496677 1.389281 0.698986 0.067262 0.710780 -0.041066
0.072626 0.496966 1.389065 0.699052 0.067376 0.710690 -0.041297
0.073031 0.497254 1.388851 0.699126 0.067490 0.710594 -0.041531
0.073438 0.497540 1.388639 0.699204 0.067603 0.710492 -0.041765
0.073847 0.497821 1.388430 0.699287 0.067711 0.710387 -0.041995
0.074259 0.498097 1.388224 0.699373 0.067813 0.710279 -0.042220
0.074675 0.498368 1.388020 0.699461 0.067909 0.710170 -0.042438
0.075096 0.498633 1.387820 0.699552 0.067997 0.710060 -0.042647
0.075521 0.498891 1.387624 0.699644 0.068076 0.709949 -0.042847
0.075952 0.499141 1.387431 0.699738 0.068146 0.709839 -0.043037
0.076388 0.499385 1.387241 0.699832 0.068207 0.709729 -0.043215
0.076829 0.499620 1.387055 0.699926 0.068258 0.709621 -0.043382
0.077273 0.499846 1.386874 0.700019 0.068298 0.709516 -0.043537
0.077721 0.500063 1.386697 0.700111 0.068327 0.709414 -0.043679
0.078172 0.500271 1.386525 0.700201 0.068347 0.709315 -0.043808
0.078624 0.500471 1.386357 0.700289 0.068356 0.709221 -0.043924
0.079078 0.500662 1.386193 0.700375 0.068357 0.709129 -0.044028
0.079532 0.500845 1.386034 0.700458 0.068348 0.709042 -0.044121
0.079986 0.501020 1.385879 0.700539 0.068332 0.708958 -0.044203
0.080439 0.501188 1.385727 0.700619 0.068308 0.708877 -0.044274
0.080892 0.501348 1.385580 0.700696 0.068277 0.708800 -0.044336
0.081343 0.501502 1.385437 0.700771 0.068240 0.708726 -0.044388
0.081792 0.501650 1.385297 0.700844 0.068197 0.708655 -0.044433
0.082239 0.501791 1.385161 0.700915 0.068148 0.708587 -0.044469
0.082683 0.501926 1.385028 0.700985 0.068095 0.708522 -0.044498
0.083124 0.502057 1.384898 0.701053 0.068037 0.708459 -0.044521
0.083562 0.502182 1.384772 0.701119 0.067975 0.708398 -0.044538
0.083996 0.502302 1.384649 0.701184 0.067909 0.708340 -0.044548
0.084426 0.502417 1.384529 0.701247 0.067841 0.708283 -0.044554
0.084852 0.502528 1.384411 0.701309 0.067769 0.708229 -0.044555
0.085274 0.502635 1.384297 0.701369 0.067695 0.708177 -0.044552
0.085691 0.502738 1.384185 0.701428 0.067619 0.708126 -0.044545
0.086103 0.502838 1.384076 0.701486 0.067541 0.708077 -0.044534
0.086510 0.502934 1.383969 0.701543 0.067462 0.708029 -0.044520
0.086910 0.503097 1.383816 0.701562 0.067368 0.708009 -0.044667
0.087299 0.503307 1.383637 0.701593 0.067407 0.707964 -0.044836
0.087683 0.503550 1.383442 0.701646 0.067528 0.707887 -0.045040
0.088062 0.503811 1.383237 0.701722 0.067695 0.707781 -0.045276
0.088440 0.504084 1.383026 0.701816 0.067887 0.707653 -0.045536
0.088819 0.504362 1.382812 0.701923 0.068092 0.707509 -0.045811
0.089200 0.504641 1.382597 0.702040 0.068302 0.707354 -0.046092
0.089584 0.504918 1.382383 0.702165 0.068510 0.707192 -0.046375
0.089973 0.505191 1.382169 0.702294 0.068714 0.707025 -0.046655
0.090367 0.505459 1.381958 0.702427 0.068911 0.706856 -0.046928
0.090766 0.505721 1.381750 0.702562 0.069098 0.706686 -0.047193
0.091171 0.505976 1.381544 0.702699 0.069276 0.706515 -0.047447
0.091583 0.506223 1.381341 0.702837 0.069442 0.706346 -0.047690
0.092002 0.506463 1.381142 0.702975 0.069596 0.706177 -0.047921
0.092429 0.506694 1.380946 0.703113 0.069738 0.706011 -0.048139
0.092863 0.506917 1.380754 0.703251 0.069868 0.705847 -0.048344
0.093304 0.507131 1.380565 0.703388 0.069985 0.705685 -0.048536
0.093754 0.507337 1.380379 0.703525 0.070089 0.705526 -0.048713
0.094211 0.507535 1.380197 0.703662 0.070180 0.705369 -0.048877
0.094677 0.507724 1.380018 0.703797 0.070259 0.705216 -0.049027
0.095151 0.507904 1.379843 0.703932 0.070324 0.705065 -0.049164
0.095633 0.508075 1.379671 0.704066 0.070377 0.704918 -0.049286
0.096123 0.508238 1.379503 0.704199 0.070416 0.704773 -0.049395
0.096621 0.508392 1.379339 0.704330 0.070443 0.704633 -0.049489
0.097125 0.508536 1.379179 0.704458 0.070456 0.704498 -0.049569
0.097635 0.508671 1.379023 0.704584 0.070457 0.704368 -0.049634
0.098148 0.508796 1.378872 0.704706 0.070445 0.704243 -0.049685
0.098666 0.508912 1.378725 0.704824 0.070421 0.704124 -0.049722
0.099186 0.509020 1.378582 0.704939 0.070387 0.704011 -0.049746
0.099708 0.509120 1.378443 0.705051 0.070342 0.703903 -0.049757
0.100231 0.509211 1.378308 0.705159 0.070287 0.703801 -0.049756
0.100755 0.509295 1.378177 0.705263 0.070224 0.703703 -0.049744
0.101278 0.509372 1.378050 0.705364 0.070152 0.703610 -0.049722
0.101801 0.509443 1.377926 0.705462 0.070074 0.703522 -0.049691
0.102322 0.509508 1.377806 0.705557 0.069988 0.703438 -0.049651
0.102841 0.509567 1.377690 0.705650 0.069896 0.703358 -0.049603
0.103358 0.509620 1.377576 0.705739 0.069799 0.703282 -0.049548
0.103872 0.509669 1.377466 0.705826 0.069697 0.703209 -0.049487
0.104383 0.509713 1.377359 0.705910 0.069591 0.703140 -0.049420
0.104890 0.509753 1.377254 0.705992 0.069480 0.703074 -0.049347
0.105389 0.509856 1.377107 0.706013 0.069339 0.703064 -0.049385
0.105877 0.510002 1.376940 0.706047 0.069316 0.703029 -0.049438
0.106357 0.510175 1.376763 0.706101 0.069357 0.702964 -0.049524
0.106830 0.510366 1.376580 0.706176 0.069435 0.702873 -0.049644
0.107300 0.510567 1.376393 0.706265 0.069532 0.702763 -0.049789
0.107768 0.510773 1.376205 0.706366 0.069640 0.702639 -0.049950
0.108235 0.510982 1.376018 0.706476 0.069751 0.702506 -0.050121
0.108702 0.511189 1.375833 0.706592 0.069861 0.702366 -0.050296
0.109172 0.511394 1.375649 0.706711 0.069968 0.702222 -0.050471
0.109644 0.511595 1.375468 0.706834 0.070069 0.702076 -0.050643
0.110119 0.511790 1.375289 0.706959 0.070163 0.701929 -0.050811
0.110599 0.511981 1.375113 0.707085 0.070249 0.701782 -0.050971
0.111082 0.512165 1.374940 0.707211 0.070326 0.701636 -0.051124
0.111570 0.512342 1.374770 0.707338 0.070394 0.701490 -0.051267
0.112064 0.512513 1.374603 0.707466 0.070452 0.701346 -0.051401
0.112563 0.512676 1.374439 0.707593 0.070499 0.701204 -0.051525
0.113067 0.512832 1.374278 0.707720 0.070537 0.701064 -0.051639
0.113578 0.512981 1.374120 0.707847 0.070564 0.700926 -0.051742
0.114093 0.513121 1.373966 0.707972 0.070579 0.700791 -0.051832
0.114612 0.513252 1.373816 0.708095 0.070583 0.700661 -0.051911
0.115135 0.513375 1.373670 0.708215 0.070576 0.700535 -0.051976
0.115660 0.513489 1.373528 0.708332 0.070559 0.700415 -0.052030
0.116186 0.513595 1.373389 0.708446 0.070531 0.700299 -0.052071
0.116714 0.513693 1.373255 0.708556 0.070494 0.700189 -0.052100
0.117242 0.513784 1.373125 0.708663 0.070448 0.700084 -0.052118
0.117770 0.513867 1.372998 0.708768 0.070393 0.699983 -0.052126
0.118297 0.513944 1.372875 0.708869 0.070331 0.699887 -0.052124
0.118822 0.514015 1.372755 0.708967 0.070263 0.699796 -0.052113
0.119346 0.514079 1.372639 0.709062 0.070187 0.699708 -0.052094
0.119867 0.514139 1.372527 0.709154 0.070106 0.699625 -0.052068
0.120385 0.514193 1.372417 0.709244 0.070019 0.699545 -0.052034
0.120899 0.514242 1.372310 0.709331 0.069928 0.699469 -0.051994
0.121410 0.514286 1.372207 0.709415 0.069832 0.699396 -0.051949
0.121917 0.514327 1.372106 0.709498 0.069733 0.699326 -0.051898
0.122420 0.514364 1.372008 0.709578 0.069630 0.699259 -0.051842
0.122918 0.514397 1.371913 0.709656 0.069524 0.699195 -0.051782
0.123411 0.514427 1.371820 0.709732 0.069416 0.699133 -0.051719
0.123899 0.514453 1.371730 0.709806 0.069305 0.699074 -0.051652
0.124381 0.514477 1.371642 0.709878 0.069193 0.699017 -0.051583
0.124858 0.514499 1.371557 0.709948 0.069079 0.698962 -0.051511
0.125332 0.514592 1.371423 0.709950 0.068958 0.698972 -0.051524
0.125798 0.514733 1.371270 0.709951 0.068979 0.698969 -0.051523
0.126258 0.514906 1.371107 0.709970 0.069076 0.698937 -0.051549
0.126713 0.515098 1.370938 0.710010 0.069210 0.698879 -0.051610
0.127165 0.515301 1.370769 0.710067 0.069364 0.698799 -0.051699
0.127616 0.515511 1.370600 0.710137 0.069524 0.698704 -0.051808
0.128068 0.515723 1.370434 0.710217 0.069686 0.698598 -0.051931
0.128522 0.515934 1.370270 0.710303 0.069843 0.698485 -0.052060
0.128979 0.516142 1.370110 0.710393 0.069995 0.698368 -0.052192
0.129439 0.516346 1.369953 0.710487 0.070137 0.698248 -0.052324
0.129904 0.516545 1.369800 0.710584 0.070271 0.698127 -0.052452
0.130373 0.516737 1.369651 0.710681 0.070393 0.698006 -0.052576
0.130847 0.516924 1.369505 0.710780 0.070505 0.697886 -0.052692
0.131327 0.517103 1.369363 0.710879 0.070605 0.697766 -0.052802
0.131812 0.517275 1.369224 0.710978 0.070694 0.697649 -0.052903
0.132304 0.517439 1.369089 0.711078 0.070771 0.697532 -0.052996
0.132802 0.517596 1.368957 0.711177 0.070836 0.697418 -0.053078
0.133305 0.517744 1.368829 0.711275 0.070889 0.697308 -0.053150
0.133811 0.517882 1.368705 0.711370 0.070929 0.697202 -0.053211
0.134322 0.518012 1.368585 0.711463 0.070957 0.697100 -0.053260
0.134835 0.518133 1.368469 0.711553 0.070974 0.697004 -0.053298
0.135350 0.518245 1.368357 0.711640 0.070980 0.696912 -0.053324
0.135866 0.518350 1.368249 0.711724 0.070975 0.696826 -0.053339
0.136383 0.518447 1.368144 0.711805 0.070962 0.696744 -0.053344
0.136900 0.518536 1.368042 0.711883 0.070939 0.696667 -0.053340
0.137416 0.518618 1.367944 0.711959 0.070908 0.696594 -0.053326
0.137932 0.518694 1.367849 0.712031 0.070870 0.696525 -0.053304
0.138445 0.518764 1.367758 0.712101 0.070824 0.696461 -0.053275
0.138956 0.518828 1.367669 0.712169 0.070772 0.696399 -0.053238
0.139465 0.518887 1.367583 0.712234 0.070715 0.696342 -0.053195
0.139971 0.518941 1.367499 0.712298 0.070652 0.696287 -0.053145
0.140473 0.518990 1.367419 0.712359 0.070584 0.696236 -0.053091
0.140972 0.519035 1.367340 0.712418 0.070512 0.696187 -0.053032
0.141466 0.519076 1.367265 0.712475 0.070436 0.696141 -0.052968
0.141956 0.519113 1.367191 0.712531 0.070356 0.696097 -0.052901
0.142441 0.519146 1.367119 0.712585 0.070273 0.696056 -0.052830
0.142922 0.519177 1.367050 0.712637 0.070188 0.696016 -0.052757
0.143397 0.519204 1.366982 0.712688 0.070100 0.695979 -0.052680
0.143867 0.519229 1.366917 0.712738 0.070010 0.695943 -0.052602
0.144332 0.519251 1.366853 0.712786 0.069918 0.695909 -0.052521
0.144797 0.519343 1.366742 0.712781 0.069806 0.695924 -0.052538
0.145260 0.519482 1.366605 0.712774 0.069790 0.695932 -0.052535
0.145718 0.519651 1.366452 0.712789 0.069826 0.695912 -0.052557
0.146173 0.519838 1.366290 0.712828 0.069890 0.695862 -0.052611
0.146626 0.520035 1.366122 0.712885 0.069969 0.695789 -0.052693
0.147078 0.520237 1.365951 0.712958 0.070054 0.695698 -0.052795
0.147531 0.520440 1.365779 0.713042 0.070141 0.695595 -0.052909
0.147985 0.520640 1.365607 0.713133 0.070227 0.695483 -0.053029
0.148442 0.520837 1.365436 0.713231 0.070309 0.695366 -0.053150
0.148902 0.521029 1.365266 0.713332 0.070386 0.695245 -0.053270
0.149366 0.521214 1.365098 0.713436 0.070456 0.695123 -0.053386
0.149835 0.521393 1.364932 0.713541 0.070518 0.694999 -0.053496
0.150309 0.521565 1.364768 0.713649 0.070572 0.694876 -0.053598
0.150787 0.521728 1.364607 0.713756 0.070617 0.694753 -0.053693
0.151269 0.521883 1.364449 0.713863 0.070652 0.694634 -0.053778
0.151754 0.522029 1.364294 0.713968 0.070678 0.694518 -0.053852
0.152242 0.522166 1.364143 0.714070 0.070693 0.694406 -0.053915
0.152731 0.522294 1.363996 0.714170 0.070700 0.694299 -0.053968
0.153222 0.522414 1.363853 0.714267 0.070697 0.694196 -0.054009
0.153713 0.522526 1.363713 0.714361 0.070686 0.694097 -0.054040
0.154205 0.522631 1.363577 0.714453 0.070667 0.694004 -0.054062
0.154696 0.522728 1.363444 0.714541 0.070641 0.693914 -0.054075
0.155185 0.522818 1.363315 0.714627 0.070608 0.693829 -0.054079
0.155674 0.522903 1.363190 0.714710 0.070569 0.693747 -0.054075
0.156160 0.522981 1.363067 0.714791 0.070523 0.693669 -0.054064
0.156644 0.523053 1.362948 0.714870 0.070472 0.693595 -0.054046
0.157125 0.523121 1.362832 0.714946 0.070417 0.693524 -0.054022
0.157603 0.523183 1.362719 0.715019 0.070356 0.693457 -0.053993
0.158077 0.523241 1.362609 0.715091 0.070292 0.693392 -0.053958
0.158548 0.523295 1.362502 0.715161 0.070224 0.693330 -0.053919
0.159015 0.523345 1.362398 0.715229 0.070153 0.693270 -0.053876
0.159477 0.523391 1.362296 0.715295 0.070078 0.693213 -0.053830
0.159935 0.523434 1.362198 0.715359 0.070001 0.693159 -0.053780
0.160388 0.523474 1.362101 0.715422 0.069922 0.693106 -0.053727
0.160836 0.523510 1.362007 0.715483 0.069840 0.693055 -0.053672
0.161279 0.523544 1.361916 0.715543 0.069757 0.693007 -0.053614
0.161716 0.523576 1.361827 0.715601 0.069673 0.692960 -0.053555
0.162148 0.523605 1.361740 0.715658 0.069587 0.692914 -0.053494
0.162575 0.523632 1.361655 0.715713 0.069500 0.692871 -0.053432
0.162995 0.523658 1.361572 0.715767 0.069412 0.692828 -0.053368
0.163418 0.523754 1.361445 0.715775 0.069349 0.692824 -0.053403
0.163837 0.523897 1.361295 0.715794 0.069393 0.692796 -0.053454
0.164255 0.524068 1.361134 0.715838 0.069498 0.692734 -0.053540
0.164672 0.524255 1.360967 0.715905 0.069633 0.692642 -0.053660
0.165091 0.524450 1.360798 0.715990 0.069782 0.692527 -0.053806
0.165512 0.524647 1.360629 0.716088 0.069935 0.692397 -0.053969
0.165937 0.524844 1.360461 0.716195 0.070085 0.692258 -0.054140
0.166367 0.525037 1.360296 0.716309 0.070229 0.692113 -0.054314
0.166802 0.525225 1.360133 0.716425 0.070365 0.691964 -0.054487
0.167244 0.525406 1.359974 0.716544 0.070492 0.691815 -0.054655
0.167692 0.525579 1.359818 0.716664 0.070607 0.691666 -0.054816
0.168148 0.525745 1.359665 0.716784 0.070712 0.691519 -0.054969
0.168610 0.525903 1.359516 0.716905 0.070804 0.691373 -0.055112
0.169080 0.526051 1.359370 0.717024 0.070885 0.691230 -0.055245
0.169556 0.526190 1.359228 0.717143 0.070953 0.691091 -0.055366
0.170038 0.526319 1.359089 0.717258 0.071008 0.690957 -0.055475
0.170525 0.526439 1.358955 0.717371 0.071051 0.690828 -0.055571
0.171016 0.526549 1.358825 0.717480 0.071082 0.690705 -0.055654
0.171510 0.526649 1.358700 0.717585 0.071101 0.690587 -0.055723
0.172006 0.526741 1.358578 0.717687 0.071111 0.690476 -0.055781
0.172505 0.526824 1.358460 0.717785 0.071110 0.690371 -0.055826
0.173005 0.526900 1.358345 0.717879 0.071099 0.690271 -0.055861
0.173505 0.526968 1.358235 0.717970 0.071080 0.690176 -0.055884
0.174006 0.527028 1.358127 0.718058 0.071053 0.690087 -0.055898
0.174505 0.527083 1.358023 0.718142 0.071018 0.690002 -0.055903
0.175004 0.527131 1.357923 0.718224 0.070977 0.689922 -0.055900
0.175501 0.527173 1.357825 0.718303 0.070929 0.689846 -0.055888
0.175996 0.527210 1.357730 0.718379 0.070875 0.689774 -0.055870
0.176489 0.527242 1.357639 0.718452 0.070816 0.689705 -0.055845
0.176979 0.527269 1.357550 0.718523 0.070752 0.689640 -0.055814
0.177465 0.527293 1.357463 0.718592 0.070683 0.689579 -0.055778
0.177948 0.527312 1.357380 0.718658 0.070611 0.689520 -0.055737
0.178427 0.527327 1.357298 0.718723 0.070535 0.689464 -0.055691
0.178902 0.527340 1.357219 0.718785 0.070455 0.689411 -0.055642
0.179373 0.527349 1.357143 0.718846 0.070373 0.689361 -0.055589
0.179839 0.527355 1.357069 0.718904 0.070288 0.689313 -0.055533
0.180300 0.527359 1.356996 0.718962 0.070201 0.689267 -0.055474
0.180756 0.527360 1.356926 0.719017 0.070112 0.689223 -0.055412
0.181206 0.527359 1.356858 0.719071 0.070022 0.689181 -0.055349
0.181652 0.527357 1.356792 0.719124 0.069930 0.689140 -0.055284
0.182102 0.527430 1.356679 0.719117 0.069865 0.689155 -0.055276
0.182551 0.527550 1.356544 0.719112 0.069886 0.689156 -0.055292
0.182996 0.527700 1.356400 0.719130 0.069964 0.689126 -0.055340
0.183440 0.527867 1.356252 0.719171 0.070071 0.689066 -0.055424
0.183884 0.528044 1.356103 0.719230 0.070189 0.688983 -0.055536
0.184328 0.528224 1.355955 0.719303 0.070309 0.688884 -0.055668
0.184776 0.528403 1.355810 0.719385 0.070426 0.688774 -0.055811
0.185226 0.528580 1.355669 0.719474 0.070538 0.688659 -0.055960
0.185681 0.528753 1.355531 0.719566 0.070641 0.688539 -0.056110
0.186140 0.528919 1.355398 0.719660 0.070735 0.688420 -0.056257
0.186603 0.529078 1.355269 0.719754 0.070819 0.688301 -0.056397
0.187068 0.529229 1.355144 0.719846 0.070891 0.688187 -0.056530
0.187537 0.529372 1.355025 0.719936 0.070953 0.688076 -0.056654
0.188007 0.529507 1.354909 0.720023 0.071005 0.687970 -0.056767
0.188478 0.529634 1.354799 0.720107 0.071047 0.687869 -0.056871
0.188950 0.529752 1.354692 0.720188 0.071079 0.687774 -0.056965
0.189423 0.529864 1.354589 0.720265 0.071102 0.687683 -0.057048
0.189895 0.529968 1.354491 0.720340 0.071118 0.687597 -0.057123
0.190367 0.530065 1.354395 0.720411 0.071125 0.687516 -0.057189
0.190838 0.530156 1.354304 0.720480 0.071125 0.687440 -0.057246
0.191307 0.530241 1.354215 0.720546 0.071119 0.687367 -0.057295
0.191773 0.530320 1.354129 0.720609 0.071107 0.687298 -0.057337
0.192238 0.530394 1.354047 0.720670 0.071088 0.687234 -0.057373
0.192700 0.530463 1.353967 0.720728 0.071065 0.687172 -0.057401
0.193158 0.530527 1.353890 0.720785 0.071037 0.687114 -0.057424
0.193614 0.530586 1.353815 0.720839 0.071005 0.687059 -0.057442
0.194066 0.530641 1.353743 0.720892 0.070968 0.687006 -0.057454
0.194513 0.530693 1.353673 0.720942 0.070928 0.686957 -0.057462
0.194957 0.530741 1.353605 0.720992 0.070885 0.686909 -0.057465
0.195396 0.530785 1.353539 0.721039 0.070838 0.686864 -0.057465
0.195831 0.530826 1.353475 0.721085 0.070789 0.686821 -0.057461
0.196261 0.530865 1.353413 0.721130 0.070738 0.686780 -0.057454
0.196686 0.530900 1.353353 0.721173 0.070684 0.686741 -0.057444
0.197106 0.530933 1.353294 0.721215 0.070629 0.686704 -0.057432
0.197521 0.530964 1.353238 0.721256 0.070572 0.686668 -0.057417
0.197931 0.530993 1.353183 0.721296 0.070514 0.686633 -0.057400
0.198335 0.531020 1.353129 0.721335 0.070454 0.686600 -0.057382
0.198734 0.531045 1.353077 0.721373 0.070394 0.686568 -0.057362
0.199127 0.531068 1.353026 0.721410 0.070332 0.686537 -0.057340
0.199514 0.531090 1.352977 0.721446 0.070270 0.686508 -0.057317
0.199913 0.531190 1.352875 0.721427 0.070247 0.686529 -0.057327
0.200313 0.531342 1.352743 0.721413 0.070327 0.686536 -0.057333
0.200711 0.531522 1.352593 0.721426 0.070460 0.686504 -0.057370
0.201109 0.531718 1.352432 0.721469 0.070618 0.686437 -0.057443
0.201507 0.531921 1.352264 0.721535 0.070785 0.686342 -0.057547
0.201907 0.532126 1.352093 0.721617 0.070955 0.686227 -0.057669
0.202310 0.532328 1.351920 0.721712 0.071122 0.686099 -0.057803
0.202717 0.532525 1.351748 0.721815 0.071284 0.685962 -0.057940
0.203129 0.532716 1.351575 0.721924 0.071438 0.685821 -0.058078
0.203545 0.532898 1.351405 0.722034 0.071583 0.685678 -0.058211
0.203965 0.533071 1.351237 0.722146 0.071718 0.685535 -0.058336
0.204388 0.533235 1.351071 0.722256 0.071844 0.685396 -0.058452
0.204814 0.533389 1.350910 0.722365 0.071958 0.685260 -0.058559
0.205242 0.533534 1.350751 0.722472 0.072063 0.685129 -0.058654
0.205673 0.533669 1.350596 0.722575 0.072158 0.685002 -0.058740
0.206104 0.533797 1.350444 0.722676 0.072244 0.684880 -0.058815
0.206537 0.533916 1.350296 0.722774 0.072321 0.684763 -0.058881
0.206969 0.534027 1.350152 0.722869 0.072389 0.684650 -0.058937
0.207402 0.534132 1.350011 0.722962 0.072449 0.684542 -0.058985
0.207834 0.534229 1.349873 0.723051 0.072501 0.684439 -0.059024
0.208265 0.534319 1.349739 0.723138 0.072546 0.684339 -0.059056
0.208694 0.534404 1.349609 0.723223 0.072584 0.684244 -0.059081
0.209122 0.534483 1.349481 0.723305 0.072616 0.684152 -0.059100
0.209547 0.534557 1.349357 0.723384 0.072642 0.684064 -0.059112
0.209970 0.534625 1.349236 0.723462 0.072662 0.683980 -0.059120
0.210390 0.534689 1.349118 0.723537 0.072677 0.683899 -0.059122
0.210808 0.534749 1.349003 0.723610 0.072687 0.683820 -0.059120
0.211222 0.534805 1.348891 0.723681 0.072693 0.683745 -0.059114
0.211632 0.534857 1.348782 0.723750 0.072694 0.683673 -0.059103
0.212039 0.534905 1.348676 0.723817 0.072692 0.683603 -0.059090
0.212442 0.534950 1.348572 0.723883 0.072686 0.683536 -0.059074
0.212840 0.534992 1.348472 0.723946 0.072677 0.683471 -0.059054
0.213235 0.535031 1.348373 0.724008 0.072664 0.683408 -0.059033
0.213625 0.535068 1.348278 0.724069 0.072649 0.683348 -0.059009
0.214010 0.535103 1.348184 0.724128 0.072632 0.683289 -0.058983
0.214391 0.535135 1.348094 0.724186 0.072612 0.683232 -0.058956
0.214767 0.535165 1.348005 0.724242 0.072590 0.683177 -0.058928
0.215137 0.535193 1.347919 0.724297 0.072566 0.683124 -0.058898
0.215503 0.535220 1.347834 0.724351 0.072540 0.683072 -0.058867
0.215864 0.535245 1.347752 0.724404 0.072513 0.683022 -0.058836
0.216240 0.535348 1.347623 0.724401 0.072501 0.683026 -0.058847
0.216618 0.535490 1.347466 0.724419 0.072543 0.682998 -0.058893
0.216999 0.535653 1.347294 0.724469 0.072618 0.682930 -0.058976
0.217381 0.535826 1.347111 0.724547 0.072706 0.682828 -0.059092
0.217767 0.536000 1.346922 0.724645 0.072799 0.682701 -0.059230
0.218158 0.536172 1.346730 0.724759 0.072891 0.682558 -0.059380
0.218555 0.536338 1.346536 0.724882 0.072979 0.682404 -0.059535
0.218958 0.536496 1.346342 0.725013 0.073061 0.682243 -0.059689
0.219368 0.536646 1.346147 0.725147 0.073135 0.682079 -0.059838
0.219785 0.536787 1.345955 0.725284 0.073201 0.681914 -0.059979
0.220208 0.536917 1.345764 0.725421 0.073258 0.681751 -0.060110
0.220638 0.537036 1.345576 0.725557 0.073304 0.681591 -0.060230
0.221072 0.537144 1.345391 0.725691 0.073341 0.681435 -0.060336
0.221511 0.537242 1.345210 0.725821 0.073368 0.681285 -0.060430
0.221954 0.537331 1.345032 0.725948 0.073385 0.681140 -0.060510
0.222400 0.537409 1.344858 0.726072 0.073394 0.681001 -0.060579
0.222848 0.537479 1.344688 0.726192 0.073394 0.680868 -0.060636
0.223299 0.537541 1.344521 0.726309 0.073386 0.680740 -0.060681
0.223750 0.537594 1.344359 0.726422 0.073370 0.680618 -0.060716
0.224203 0.537641 1.344200 0.726532 0.073347 0.680501 -0.060742
0.224656 0.537680 1.344045 0.726638 0.073318 0.680389 -0.060759
0.225109 0.537713 1.343893 0.726741 0.073282 0.680282 -0.060767
0.225561 0.537741 1.343746 0.726842 0.073240 0.680180 -0.060767
0.226012 0.537762 1.343602 0.726939 0.073193 0.680082 -0.060761
0.226461 0.537779 1.343462 0.727033 0.073141 0.679988 -0.060748
0.226908 0.537791 1.343325 0.727124 0.073084 0.679898 -0.060729
0.227354 0.537799 1.343192 0.727213 0.073024 0.679812 -0.060705
0.227796 0.537803 1.343062 0.727299 0.072959 0.679729 -0.060676
0.228236 0.537803 1.342936 0.727383 0.072891 0.679650 -0.060642
0.228672 0.537799 1.342813 0.727464 0.072820 0.679574 -0.060605
0.229105 0.537793 1.342693 0.727543 0.072746 0.679501 -0.060564
0.229535 0.537784 1.342576 0.727620 0.072669 0.679430 -0.060520
0.229960 0.537772 1.342462 0.727695 0.072590 0.679363 -0.060473
0.230381 0.537759 1.342351 0.727768 0.072509 0.679298 -0.060423
0.230798 0.537743 1.342243 0.727838 0.072427 0.679236 -0.060372
0.231210 0.537725 1.342137 0.727907 0.072343 0.679175 -0.060318
0.231618 0.537706 1.342035 0.727974 0.072257 0.679117 -0.060263
0.232020 0.537685 1.341935 0.728040 0.072171 0.679061 -0.060207
0.232418 0.537663 1.341837 0.728104 0.072084 0.679007 -0.060150
0.232811 0.537639 1.341742 0.728166 0.071996 0.678955 -0.060091
0.233221 0.537698 1.341603 0.728157 0.071960 0.678974 -0.060031
0.233632 0.537810 1.341446 0.728167 0.072002 0.678962 -0.059991
0.234041 0.537953 1.341282 0.728209 0.072073 0.678908 -0.060003
0.234450 0.538114 1.341115 0.728280 0.072152 0.678819 -0.060064
0.234860 0.538284 1.340950 0.728372 0.072230 0.678703 -0.060162
0.235271 0.538456 1.340787 0.728479 0.072304 0.678569 -0.060284
0.235684 0.538627 1.340629 0.728595 0.072372 0.678425 -0.060421
0.236102 0.538795 1.340475 0.728717 0.072431 0.678275 -0.060566
0.236524 0.538958 1.340326 0.728842 0.072483 0.678122 -0.060712
0.236951 0.539114 1.340182 0.728969 0.072525 0.677968 -0.060858
0.237384 0.539262 1.340042 0.729095 0.072558 0.677816 -0.061000
0.237822 0.539403 1.339908 0.729220 0.072582 0.677667 -0.061135
0.238264 0.539534 1.339778 0.729343 0.072595 0.677522 -0.061262
0.238710 0.539656 1.339653 0.729461 0.072599 0.677384 -0.061380
0.239159 0.539769 1.339533 0.729576 0.072593 0.677251 -0.061487
0.239610 0.539874 1.339418 0.729686 0.072579 0.677125 -0.061584
0.240064 0.539970 1.339307 0.729791 0.072557 0.677006 -0.061670
0.240519 0.540057 1.339201 0.729893 0.072527 0.676893 -0.061747
0.240976 0.540138 1.339098 0.729990 0.072490 0.676785 -0.061814
0.241432 0.540211 1.338999 0.730084 0.072447 0.676684 -0.061872
0.241889 0.540277 1.338904 0.730173 0.072398 0.676588 -0.061922
0.242345 0.540337 1.338812 0.730259 0.072343 0.676498 -0.061964
0.242799 0.540391 1.338723 0.730341 0.072283 0.676412 -0.061998
0.243253 0.540439 1.338637 0.730421 0.072219 0.676331 -0.062025
0.243705 0.540481 1.338554 0.730497 0.072150 0.676254 -0.062046
0.244154 0.540519 1.338474 0.730570 0.072078 0.676181 -0.062061
0.244602 0.540552 1.338397 0.730640 0.072002 0.676112 -0.062070
0.245046 0.540581 1.338322 0.730708 0.071923 0.676047 -0.062074
0.245487 0.540606 1.338249 0.730774 0.071842 0.675985 -0.062073
0.245925 0.540627 1.338179 0.730837 0.071758 0.675926 -0.062068
0.246359 0.540644 1.338110 0.730898 0.071672 0.675870 -0.062059
0.246790 0.540658 1.338044 0.730957 0.071584 0.675816 -0.062047
0.247216 0.540670 1.337980 0.731014 0.071495 0.675765 -0.062031
0.247638 0.540678 1.337917 0.731070 0.071404 0.675717 -0.062012
0.248056 0.540684 1.337857 0.731123 0.071312 0.675671 -0.061991
0.248469 0.540688 1.337798 0.731175 0.071219 0.675626 -0.061967
0.248877 0.540690 1.337741 0.731225 0.071126 0.675584 -0.061941
0.249280 0.540690 1.337685 0.731274 0.071032 0.675543 -0.061914
0.249679 0.540688 1.337631 0.731322 0.070937 0.675505 -0.061885
0.250072 0.540685 1.337579 0.731368 0.070843 0.675467 -0.061854
0.250485 0.540750 1.337475 0.731335 0.070785 0.675513 -0.061811
0.250900 0.540854 1.337338 0.731314 0.070824 0.675538 -0.061753
0.251313 0.540979 1.337178 0.731321 0.070905 0.675524 -0.061720
0.251725 0.541114 1.337002 0.731358 0.071004 0.675474 -0.061717
0.252137 0.541256 1.336814 0.731418 0.071111 0.675396 -0.061737
0.252548 0.541399 1.336617 0.731494 0.071222 0.675298 -0.061773
0.252961 0.541541 1.336413 0.731584 0.071333 0.675185 -0.061818
0.253374 0.541680 1.336206 0.731685 0.071441 0.675059 -0.061870
0.253787 0.541813 1.335997 0.731794 0.071544 0.674925 -0.061925
0.254201 0.541938 1.335787 0.731908 0.071641 0.674786 -0.061979
0.254615 0.542055 1.335578 0.732025 0.071731 0.674646 -0.062029
0.255029 0.542164 1.335370 0.732142 0.071815 0.674505 -0.062074
0.255442 0.542266 1.335165 0.732259 0.071892 0.674366 -0.062113
0.255855 0.542359 1.334962 0.732376 0.071963 0.674229 -0.062145
0.256267 0.542446 1.334762 0.732491 0.072027 0.674095 -0.062171
0.256678 0.542526 1.334565 0.732605 0.072085 0.673963 -0.062191
0.257088 0.542599 1.334372 0.732717 0.072137 0.673835 -0.062205
0.257496 0.542667 1.334182 0.732826 0.072183 0.673709 -0.062213
0.257901 0.542729 1.333997 0.732934 0.072224 0.673588 -0.062217
0.258305 0.542786 1.333815 0.733040 0.072259 0.673469 -0.062216
0.258706 0.542838 1.333636 0.733143 0.072289 0.673354 -0.062211
0.259104 0.542886 1.333462 0.733244 0.072314 0.673242 -0.062202
0.259498 0.542930 1.333292 0.733343 0.072335 0.673133 -0.062189
0.259890 0.542970 1.333126 0.733440 0.072351 0.673027 -0.062174
0.260278 0.543007 1.332964 0.733534 0.072363 0.672925 -0.062156
0.260663 0.543040 1.332805 0.733627 0.072371 0.672825 -0.062136
0.261044 0.543071 1.332650 0.733717 0.072376 0.672728 -0.062114
0.261421 0.543099 1.332500 0.733806 0.072378 0.672633 -0.062090
0.261793 0.543124 1.332352 0.733892 0.072377 0.672542 -0.062064
0.262162 0.543148 1.332209 0.733976 0.072372 0.672453 -0.062038
0.262526 0.543169 1.332069 0.734059 0.072366 0.672366 -0.062010
0.262886 0.543188 1.331932 0.734139 0.072356 0.672282 -0.061981
0.263241 0.543206 1.331799 0.734218 0.072345 0.672200 -0.061952
0.263591 0.543222 1.331669 0.734294 0.072332 0.672120 -0.061921
0.263937 0.543237 1.331542 0.734370 0.072317 0.672043 -0.061891
0.264278 0.543250 1.331418 0.734443 0.072300 0.671967 -0.061860
0.264614 0.543263 1.331297 0.734515 0.072282 0.671893 -0.061829
0.264945 0.543274 1.331179 0.734585 0.072263 0.671821 -0.061798
0.265271 0.543284 1.331064 0.734654 0.072242 0.671751 -0.061768
0.265593 0.543294 1.330952 0.734721 0.072221 0.671683 -0.061737
0.265937 0.543371 1.330801 0.734720 0.072224 0.671686 -0.061709
0.266290 0.543483 1.330626 0.734722 0.072311 0.671678 -0.061668
0.266647 0.543613 1.330438 0.734748 0.072431 0.671639 -0.061650
0.267007 0.543752 1.330242 0.734797 0.072561 0.671570 -0.061660
0.267370 0.543895 1.330042 0.734862 0.072692 0.671482 -0.061689
0.267737 0.544037 1.329840 0.734939 0.072819 0.671380 -0.061730
0.268105 0.544177 1.329638 0.735023 0.072942 0.671270 -0.061778
0.268476 0.544312 1.329437 0.735113 0.073058 0.671155 -0.061829
0.268848 0.544440 1.329239 0.735206 0.073165 0.671036 -0.061880
0.269221 0.544561 1.329044 0.735300 0.073264 0.670917 -0.061929
0.269595 0.544675 1.328853 0.735395 0.073356 0.670800 -0.061975
0.269970 0.544781 1.328666 0.735488 0.073439 0.670685 -0.062015
0.270346 0.544881 1.328482 0.735580 0.073515 0.670572 -0.062050
0.270722 0.544973 1.328303 0.735670 0.073584 0.670463 -0.062079
0.271097 0.545059 1.328129 0.735758 0.073646 0.670358 -0.062103
0.271472 0.545139 1.327958 0.735844 0.073701 0.670256 -0.062121
0.271846 0.545213 1.327791 0.735927 0.073750 0.670158 -0.062135
0.272219 0.545282 1.327629 0.736008 0.073793 0.670063 -0.062144
0.272591 0.545345 1.327471 0.736087 0.073831 0.669972 -0.062148
0.272960 0.545404 1.327317 0.736164 0.073863 0.669884 -0.062149
0.273328 0.545459 1.327166 0.736239 0.073891 0.669799 -0.062146
0.273693 0.545509 1.327020 0.736312 0.073913 0.669717 -0.062140
0.274056 0.545556 1.326877 0.736382 0.073931 0.669638 -0.062131
0.274417 0.545598 1.326738 0.736451 0.073946 0.669562 -0.062119
0.274774 0.545638 1.326603 0.736517 0.073956 0.669489 -0.062105
0.275128 0.545674 1.326471 0.736582 0.073963 0.669418 -0.062089
0.275479 0.545708 1.326342 0.736646 0.073967 0.669350 -0.062070
0.275827 0.545739 1.326217 0.736707 0.073967 0.669284 -0.062051
0.276171 0.545767 1.326095 0.736767 0.073965 0.669220 -0.062029
0.276511 0.545793 1.325976 0.736825 0.073960 0.669159 -0.062007
0.276848 0.545817 1.325860 0.736882 0.073953 0.669099 -0.061983
0.277180 0.545840 1.325747 0.736938 0.073944 0.669041 -0.061959
0.277509 0.545860 1.325637 0.736992 0.073933 0.668985 -0.061934
0.277833 0.545879 1.325530 0.737045 0.073920 0.668931 -0.061908
0.278153 0.545896 1.325425 0.737096 0.073905 0.668878 -0.061882
0.278469 0.545912 1.325323 0.737146 0.073889 0.668827 -0.061855
0.278780 0.545927 1.325223 0.737196 0.073872 0.668777 -0.061828
0.279087 0.545940 1.325126 0.737244 0.073853 0.668729 -0.061802
0.279390 0.545953 1.325031 0.737291 0.073833 0.668682 -0.061775
0.279688 0.545965 1.324938 0.737337 0.073813 0.668636 -0.061748
0.280009 0.546044 1.324803 0.737326 0.073827 0.668647 -0.061729
0.280337 0.546157 1.324639 0.737335 0.073889 0.668630 -0.061743
0.280668 0.546287 1.324458 0.737375 0.073976 0.668571 -0.061794
0.281003 0.546424 1.324265 0.737444 0.074070 0.668477 -0.061875
0.281343 0.546562 1.324064 0.737533 0.074167 0.668358 -0.061976
0.281687 0.546698 1.323859 0.737638 0.074262 0.668222 -0.062089
0.282037 0.546831 1.323649 0.737752 0.074353 0.668075 -0.062208
0.282393 0.546959 1.323438 0.737872 0.074439 0.667921 -0.062327
0.282752 0.547083 1.323226 0.737996 0.074521 0.667764 -0.062443
0.283116 0.547202 1.323014 0.738121 0.074596 0.667607 -0.062555
0.283482 0.547316 1.322804 0.738246 0.074667 0.667451 -0.062661
0.283849 0.547425 1.322596 0.738372 0.074730 0.667296 -0.062764
0.284218 0.547527 1.322392 0.738498 0.074786 0.667141 -0.062862
0.284588 0.547622 1.322191 0.738623 0.074834 0.666988 -0.062955
0.284958 0.547710 1.321994 0.738747 0.074875 0.666837 -0.063043
0.285329 0.547791 1.321802 0.738869 0.074909 0.666691 -0.063124
0.285700 0.547866 1.321614 0.738989 0.074937 0.666548 -0.063199
0.286070 0.547935 1.321430 0.739106 0.074958 0.666409 -0.063268
0.286439 0.547998 1.321251 0.739221 0.074975 0.666274 -0.063331
0.286808 0.548055 1.321077 0.739332 0.074985 0.666143 -0.063388
0.287175 0.548108 1.320907 0.739441 0.074991 0.666017 -0.063441
0.287540 0.548156 1.320741 0.739547 0.074992 0.665894 -0.063488
0.287904 0.548200 1.320580 0.739651 0.074988 0.665776 -0.063531
0.288266 0.548240 1.320423 0.739751 0.074981 0.665661 -0.063569
0.288625 0.548276 1.320271 0.739849 0.074969 0.665550 -0.063604
0.288982 0.548309 1.320123 0.739945 0.074954 0.665443 -0.063635
0.289337 0.548338 1.319979 0.740038 0.074935 0.665339 -0.063663
0.289688 0.548365 1.319838 0.740128 0.074914 0.665238 -0.063688
0.290036 0.548389 1.319702 0.740216 0.074889 0.665141 -0.063710
0.290381 0.548410 1.319569 0.740302 0.074862 0.665047 -0.063730
0.290723 0.548429 1.319440 0.740386 0.074833 0.664955 -0.063748
0.291061 0.548446 1.319315 0.740467 0.074801 0.664867 -0.063763
0.291395 0.548461 1.319192 0.740546 0.074768 0.664781 -0.063777
0.291726 0.548474 1.319074 0.740623 0.074732 0.664698 -0.063788
0.292053 0.548485 1.318958 0.740699 0.074696 0.664617 -0.063799
0.292375 0.548495 1.318845 0.740772 0.074658 0.664539 -0.063808
0.292694 0.548504 1.318735 0.740843 0.074618 0.664463 -0.063816
0.293008 0.548511 1.318629 0.740913 0.074578 0.664389 -0.063822
0.293318 0.548518 1.318524 0.740981 0.074537 0.664317 -0.063828
0.293624 0.548523 1.318423 0.741048 0.074495 0.664247 -0.063833
0.293950 0.548586 1.318281 0.741043 0.074516 0.664250 -0.063837
0.294286 0.548675 1.318112 0.741035 0.074595 0.664251 -0.063830
0.294627 0.548773 1.317928 0.741047 0.074700 0.664225 -0.063836
0.294972 0.548873 1.317733 0.741080 0.074811 0.664173 -0.063859
0.295322 0.548971 1.317532 0.741129 0.074921 0.664102 -0.063893
0.295675 0.549065 1.317327 0.741189 0.075027 0.664019 -0.063933
0.296031 0.549155 1.317119 0.741256 0.075129 0.663929 -0.063975
0.296390 0.549241 1.316910 0.741328 0.075227 0.663834 -0.064014
0.296751 0.549322 1.316701 0.741401 0.075319 0.663738 -0.064052
0.297112 0.549401 1.316494 0.741476 0.075407 0.663641 -0.064086
0.297473 0.549477 1.316288 0.741551 0.075490 0.663545 -0.064118
0.297833 0.549552 1.316084 0.741626 0.075569 0.663449 -0.064147
0.298192 0.549626 1.315883 0.741700 0.075644 0.663355 -0.064176
0.298549 0.549700 1.315684 0.741774 0.075716 0.663262 -0.064204
0.298902 0.549772 1.315490 0.741849 0.075782 0.663168 -0.064234
0.299252 0.549842 1.315300 0.741925 0.075842 0.663073 -0.064265
0.299598 0.549909 1.315115 0.742001 0.075897 0.662978 -0.064297
0.299941 0.549973 1.314935 0.742077 0.075948 0.662884 -0.064330
0.300280 0.550035 1.314759 0.742152 0.075993 0.662791 -0.064362
0.300615 0.550094 1.314588 0.742227 0.076035 0.662700 -0.064393
0.300947 0.550151 1.314423 0.742300 0.076073 0.662611 -0.064424
0.301275 0.550206 1.314261 0.742371 0.076106 0.662524 -0.064454
0.301598 0.550258 1.314105 0.742441 0.076137 0.662439 -0.064484
0.301918 0.550308 1.313953 0.742510 0.076164 0.662356 -0.064513
0.302234 0.550357 1.313805 0.742577 0.076189 0.662276 -0.064541
0.302545 0.550404 1.313662 0.742643 0.076210 0.662197 -0.064569
0.302852 0.550450 1.313523 0.742707 0.076229 0.662120 -0.064596
0.303155 0.550494 1.313388 0.742769 0.076246 0.662046 -0.064623
0.303454 0.550536 1.313256 0.742830 0.076260 0.661973 -0.064649
0.303748 0.550578 1.313128 0.742890 0.076273 0.661902 -0.064676
0.304037 0.550618 1.313004 0.742948 0.076284 0.661833 -0.064702
0.304323 0.550658 1.312884 0.743005 0.076293 0.661765 -0.064728
0.304603 0.550696 1.312766 0.743061 0.076300 0.661699 -0.064754
0.304879 0.550733 1.312651 0.743115 0.076307 0.661635 -0.064780
0.305151 0.550770 1.312540 0.743168 0.076312 0.661572 -0.064806
0.305418 0.550806 1.312431 0.743220 0.076316 0.661511 -0.064832
0.305680 0.550841 1.312325 0.743271 0.076319 0.661450 -0.064858
0.305938 0.550875 1.312222 0.743321 0.076321 0.661392 -0.064884
0.306192 0.550909 1.312121 0.743370 0.076322 0.661334 -0.064910
0.306441 0.550943 1.312023 0.743418 0.076324 0.661277 -0.064937
0.306698 0.551029 1.311893 0.743408 0.076361 0.661276 -0.065010
0.306954 0.551141 1.311754 0.743401 0.076406 0.661269 -0.065119
0.307207 0.551266 1.311611 0.743408 0.076461 0.661241 -0.065254
0.307457 0.551397 1.311467 0.743431 0.076518 0.661194 -0.065411
0.307703 0.551529 1.311325 0.743465 0.076572 0.661132 -0.065583
0.307946 0.551661 1.311186 0.743505 0.076624 0.661062 -0.065763
0.308187 0.551790 1.311049 0.743551 0.076673 0.660988 -0.065947
0.308425 0.551917 1.310916 0.743598 0.076719 0.660911 -0.066132
0.308661 0.552040 1.310786 0.743645 0.076763 0.660834 -0.066315
0.308895 0.552160 1.310659 0.743693 0.076804 0.660757 -0.066495
0.309127 0.552276 1.310536 0.743741 0.076843 0.660682 -0.066671
0.309356 0.552389 1.310416 0.743787 0.076879 0.660608 -0.066844
0.309584 0.552499 1.310300 0.743833 0.076912 0.660535 -0.067013
0.309809 0.552606 1.310186 0.743877 0.076943 0.660465 -0.067178
0.310031 0.552709 1.310076 0.743920 0.076972 0.660396 -0.067339
0.310252 0.552810 1.309968 0.743963 0.076999 0.660329 -0.067496
0.310469 0.552908 1.309863 0.744004 0.077024 0.660264 -0.067650
0.310684 0.553003 1.309761 0.744045 0.077047 0.660200 -0.067800
0.310897 0.553096 1.309662 0.744084 0.077068 0.660139 -0.067947
0.311106 0.553186 1.309565 0.744122 0.077088 0.660078 -0.068090
0.311313 0.553274 1.309471 0.744160 0.077106 0.660019 -0.068230
0.311518 0.553360 1.309380 0.744197 0.077122 0.659961 -0.068368
0.311719 0.553444 1.309290 0.744233 0.077138 0.659905 -0.068502
0.311917 0.553525 1.309203 0.744268 0.077152 0.659850 -0.068634
0.312113 0.553605 1.309118 0.744303 0.077165 0.659796 -0.068763
0.312305 0.553683 1.309035 0.744337 0.077176 0.659743 -0.068889
0.312495 0.553760 1.308954 0.744370 0.077187 0.659691 -0.069013
0.312681 0.553834 1.308876 0.744402 0.077197 0.659641 -0.069135
0.312865 0.553907 1.308799 0.744434 0.077207 0.659591 -0.069254
0.313046 0.553979 1.308724 0.744466 0.077215 0.659542 -0.069372
0.313223 0.554049 1.308651 0.744497 0.077223 0.659494 -0.069487
0.313398 0.554118 1.308580 0.744527 0.077230 0.659447 -0.069600
0.313569 0.554186 1.308510 0.744557 0.077237 0.659401 -0.069712
0.313738 0.554252 1.308442 0.744586 0.077243 0.659356 -0.069821
0.313903 0.554318 1.308376 0.744615 0.077248 0.659311 -0.069929
0.314066 0.554382 1.308312 0.744644 0.077254 0.659267 -0.070035
0.314225 0.554445 1.308248 0.744672 0.077258 0.659224 -0.070139
0.314382 0.554507 1.308187 0.744699 0.077263 0.659181 -0.070242
0.314535 0.554568 1.308127 0.744727 0.077267 0.659139 -0.070343
0.314686 0.554628 1.308068 0.744753 0.077272 0.659097 -0.070443
0.314839 0.554731 1.307977 0.744725 0.077345 0.659108 -0.070566
0.314988 0.554857 1.307873 0.744685 0.077492 0.659122 -0.070689
0.315132 0.554992 1.307764 0.744657 0.077679 0.659118 -0.070823
0.315272 0.555131 1.307652 0.744641 0.077883 0.659095 -0.070971
0.315408 0.555271 1.307541 0.744636 0.078092 0.659059 -0.071128
0.315542 0.555410 1.307432 0.744639 0.078302 0.659014 -0.071291
0.315674 0.555547 1.307324 0.744646 0.078510 0.658963 -0.071457
0.315804 0.555681 1.307219 0.744656 0.078713 0.658910 -0.071624
0.315933 0.555813 1.307117 0.744667 0.078912 0.658855 -0.071789
0.316061 0.555941 1.307017 0.744680 0.079106 0.658799 -0.071953
0.316187 0.556067 1.306920 0.744693 0.079294 0.658744 -0.072114
0.316313 0.556191 1.306827 0.744706 0.079477 0.658690 -0.072273
0.316437 0.556311 1.306736 0.744719 0.079655 0.658637 -0.072429
0.316561 0.556429 1.306648 0.744732 0.079827 0.658584 -0.072582
0.316683 0.556544 1.306562 0.744745 0.079995 0.658533 -0.072732
0.316803 0.556657 1.306480 0.744758 0.080157 0.658483 -0.072880
0.316923 0.556768 1.306400 0.744770 0.080314 0.658434 -0.073026
0.317041 0.556876 1.306322 0.744782 0.080467 0.658386 -0.073168
0.317158 0.556982 1.306247 0.744793 0.080615 0.658339 -0.073308
0.317273 0.557086 1.306174 0.744805 0.080759 0.658293 -0.073446
0.317387 0.557188 1.306104 0.744816 0.080899 0.658248 -0.073581
0.317499 0.557288 1.306036 0.744826 0.081035 0.658205 -0.073714
0.317610 0.557386 1.305970 0.744837 0.081166 0.658162 -0.073845
0.317719 0.557482 1.305906 0.744847 0.081294 0.658120 -0.073974
0.317827 0.557576 1.305843 0.744857 0.081419 0.658080 -0.074100
0.317933 0.557669 1.305783 0.744866 0.081540 0.658040 -0.074224
0.318038 0.557760 1.305725 0.744876 0.081657 0.658001 -0.074347
0.318141 0.557849 1.305668 0.744885 0.081772 0.657963 -0.074467
0.318242 0.557937 1.305613 0.744894 0.081883 0.657925 -0.074585
0.318342 0.558024 1.305559 0.744903 0.081992 0.657888 -0.074702
0.318440 0.558108 1.305507 0.744911 0.082097 0.657852 -0.074817
0.318537 0.558192 1.305456 0.744920 0.082200 0.657817 -0.074930
0.318631 0.558274 1.305407 0.744928 0.082300 0.657782 -0.075041
0.318724 0.558354 1.305359 0.744936 0.082398 0.657748 -0.075150
0.318816 0.558433 1.305313 0.744945 0.082493 0.657715 -0.075258
0.318905 0.558511 1.305267 0.744953 0.082586 0.657682 -0.075364
0.318993 0.558588 1.305223 0.744960 0.082676 0.657650 -0.075469
0.319080 0.558664 1.305180 0.744968 0.082765 0.657618 -0.075572
0.319165 0.558738 1.305137 0.744976 0.082851 0.657586 -0.075674
0.319248 0.558811 1.305096 0.744984 0.082935 0.657555 -0.075773
0.319327 0.558900 1.305033 0.744970 0.082999 0.657543 -0.075948
0.319423 0.558968 1.304950 0.744938 0.083076 0.657559 -0.076035
0.319537 0.559012 1.304855 0.744896 0.083126 0.657596 -0.076073
0.319664 0.559037 1.304751 0.744848 0.083159 0.657646 -0.076073
0.319804 0.559046 1.304639 0.744797 0.083181 0.657704 -0.076046
0.319952 0.559042 1.304523 0.744745 0.083195 0.657767 -0.076000
0.320108 0.559028 1.304403 0.744693 0.083203 0.657832 -0.075940
0.320269 0.559007 1.304281 0.744643 0.083206 0.657896 -0.075872
0.320434 0.558980 1.304160 0.744594 0.083206 0.657960 -0.075800
0.320601 0.558950 1.304039 0.744548 0.083203 0.658021 -0.075727
0.320770 0.558918 1.303921 0.744505 0.083198 0.658079 -0.075655
0.320938 0.558884 1.303805 0.744465 0.083191 0.658132 -0.075586
0.321106 0.558850 1.303691 0.744429 0.083183 0.658182 -0.075520
0.321273 0.558816 1.303581 0.744396 0.083173 0.658227 -0.075458
0.321438 0.558782 1.303473 0.744368 0.083163 0.658267 -0.075402
0.321601 0.558749 1.303368 0.744343 0.083152 0.658302 -0.075351
0.321761 0.558717 1.303266 0.744323 0.083140 0.658332 -0.075307
0.321919 0.558686 1.303168 0.744306 0.083127 0.658357 -0.075268
0.322074 0.558657 1.303072 0.744292 0.083115 0.658378 -0.075235
0.322225 0.558630 1.302979 0.744282 0.083102 0.658394 -0.075209
0.322373 0.558604 1.302888 0.744274 0.083090 0.658406 -0.075188
0.322518 0.558581 1.302801 0.744270 0.083078 0.658414 -0.075173
0.322657 0.558561 1.302716 0.744267 0.083073 0.658419 -0.075163
0.322792 0.558545 1.302633 0.744267 0.083071 0.658420 -0.075159
0.322922 0.558531 1.302554 0.744269 0.083071 0.658418 -0.075160
0.323049 0.558520 1.302477 0.744272 0.083072 0.658414 -0.075166
0.323171 0.558511 1.302403 0.744276 0.083073 0.658408 -0.075177
0.323289 0.558504 1.302332 0.744281 0.083074 0.658400 -0.075191
0.323403 0.558500 1.302263 0.744287 0.083075 0.658391 -0.075209
0.323513 0.558497 1.302196 0.744294 0.083076 0.658381 -0.075229
0.323620 0.558496 1.302131 0.744300 0.083077 0.658371 -0.075252
0.323715 0.558502 1.302069 0.744306 0.083104 0.658358 -0.075280
0.323800 0.558513 1.302010 0.744311 0.083144 0.658344 -0.075315
0.323876 0.558530 1.301954 0.744315 0.083189 0.658328 -0.075356
0.323943 0.558554 1.301901 0.744320 0.083242 0.658310 -0.075406
0.324002 0.558584 1.301851 0.744324 0.083296 0.658292 -0.075464
0.324053 0.558619 1.301805 0.744328 0.083350 0.658273 -0.075529
0.324098 0.558658 1.301761 0.744333 0.083401 0.658254 -0.075599
0.324137 0.558702 1.301719 0.744337 0.083449 0.658234 -0.075675
0.324172 0.558748 1.301678 0.744341 0.083493 0.658214 -0.075754
0.324202 0.558782 1.301621 0.744324 0.083686 0.658206 -0.075786
0.324225 0.558807 1.301554 0.744289 0.083986 0.658208 -0.075785
0.324242 0.558828 1.301484 0.744245 0.084335 0.658213 -0.075775
0.324255 0.558849 1.301414 0.744198 0.084700 0.658221 -0.075766
0.324265 0.558870 1.301346 0.744150 0.085059 0.658229 -0.075765
0.324272 0.558894 1.301280 0.744102 0.085401 0.658238 -0.075775
0.324276 0.558919 1.301218 0.744054 0.085722 0.658247 -0.075796
0.324279 0.558947 1.301158 0.744009 0.086021 0.658256 -0.075829
0.324280 0.558977 1.301102 0.743964 0.086298 0.658265 -0.075873
0.324279 0.559009 1.301048 0.743922 0.086552 0.658274 -0.075928
0.324276 0.559043 1.300997 0.743881 0.086785 0.658282 -0.075992
0.324273 0.559079 1.300949 0.743841 0.086998 0.658290 -0.076065
0.324269 0.559116 1.300902 0.743804 0.087189 0.658297 -0.076146
0.324264 0.559153 1.300858 0.743769 0.087361 0.658304 -0.076234
0.324260 0.559191 1.300815 0.743735 0.087516 0.658311 -0.076328
0.324254 0.559229 1.300773 0.743703 0.087655 0.658317 -0.076426
0.324249 0.559268 1.300734 0.743673 0.087781 0.658323 -0.076530
0.324243 0.559307 1.300696 0.743643 0.087893 0.658328 -0.076637
0.324237 0.559346 1.300660 0.743615 0.087993 0.658334 -0.076748
0.324231 0.559386 1.300625 0.743589 0.088082 0.658339 -0.076861
0.324225 0.559426 1.300592 0.743563 0.088162 0.658343 -0.076978
0.324219 0.559465 1.300560 0.743539 0.088233 0.658347 -0.077096
0.324212 0.559505 1.300529 0.743516 0.088297 0.658351 -0.077216
0.324205 0.559545 1.300499 0.743494 0.088353 0.658354 -0.077337
0.324198 0.559585 1.300470 0.743473 0.088404 0.658356 -0.077460
0.324191 0.559625 1.300442 0.743453 0.088449 0.658358 -0.077583
0.324183 0.559665 1.300415 0.743434 0.088489 0.658359 -0.077707
0.324175 0.559705 1.300388 0.743416 0.088526 0.658360 -0.077831
0.324167 0.559744 1.300362 0.743400 0.088558 0.658360 -0.077956
0.324158 0.559784 1.300336 0.743384 0.088587 0.658359 -0.078080
0.324150 0.559823 1.300310 0.743369 0.088612 0.658358 -0.078203
0.324141 0.559862 1.300286 0.743355 0.088633 0.658356 -0.078327
0.324131 0.559900 1.300261 0.743341 0.088652 0.658354 -0.078449
0.324122 0.559939 1.300237 0.743329 0.088668 0.658352 -0.078571
0.324113 0.559976 1.300214 0.743316 0.088681 0.658349 -0.078692
0.324103 0.560014 1.300191 0.743305 0.088693 0.658346 -0.078812
0.324094 0.560051 1.300169 0.743294 0.088702 0.658343 -0.078930
0.324085 0.560088 1.300147 0.743284 0.088709 0.658340 -0.079047
0.324075 0.560124 1.300126 0.743274 0.088715 0.658336 -0.079163
0.324066 0.560160 1.300105 0.743265 0.088719 0.658333 -0.079278
0.324040 0.560175 1.300078 0.743233 0.088846 0.658343 -0.079343
0.324007 0.560182 1.300045 0.743196 0.089026 0.658354 -0.079395
0.323969 0.560187 1.300009 0.743159 0.089225 0.658363 -0.079445
0.323928 0.560190 1.299970 0.743123 0.089424 0.658371 -0.079498
0.323890 0.560192 1.299931 0.743099 0.089552 0.658369 -0.079592
0.323852 0.560193 1.299893 0.743085 0.089631 0.658359 -0.079713
0.323815 0.560196 1.299856 0.743077 0.089674 0.658345 -0.079855
0.323777 0.560201 1.299820 0.743073 0.089692 0.658328 -0.080010
0.323738 0.560208 1.299785 0.743072 0.089691 0.658310 -0.080175
0.323699 0.560216 1.299751 0.743072 0.089676 0.658291 -0.080346
0.323658 0.560227 1.299719 0.743073 0.089651 0.658272 -0.080520
0.323617 0.560239 1.299687 0.743075 0.089617 0.658253 -0.080696
0.323575 0.560252 1.299657 0.743076 0.089577 0.658235 -0.080872
0.323533 0.560266 1.299627 0.743077 0.089531 0.658219 -0.081048
0.323490 0.560282 1.299599 0.743078 0.089481 0.658203 -0.081223
0.323448 0.560297 1.299571 0.743078 0.089427 0.658189 -0.081396
0.323405 0.560313 1.299544 0.743078 0.089371 0.658175 -0.081567
0.323363 0.560330 1.299518 0.743078 0.089312 0.658162 -0.081735
0.323320 0.560347 1.299493 0.743077 0.089252 0.658151 -0.081901
0.323278 0.560364 1.299468 0.743077 0.089191 0.658139 -0.082064
0.323236 0.560381 1.299443 0.743076 0.089130 0.658129 -0.082225
0.323194 0.560398 1.299420 0.743075 0.089068 0.658118 -0.082382
0.323153 0.560415 1.299396 0.743074 0.089007 0.658109 -0.082536
0.323112 0.560432 1.299373 0.743073 0.088946 0.658099 -0.082688
0.323071 0.560450 1.299351 0.743071 0.088885 0.658090 -0.082836
0.323030 0.560467 1.299329 0.743070 0.088826 0.658081 -0.082981
0.322990 0.560484 1.299307 0.743069 0.088767 0.658073 -0.083124
0.322951 0.560501 1.299286 0.743067 0.088709 0.658064 -0.083263
0.322912 0.560518 1.299265 0.743066 0.088653 0.658056 -0.083400
0.322873 0.560535 1.299244 0.743065 0.088597 0.658048 -0.083533
0.322834 0.560552 1.299224 0.743064 0.088543 0.658040 -0.083664
0.322796 0.560569 1.299204 0.743062 0.088490 0.658032 -0.083792
0.322759 0.560586 1.299185 0.743061 0.088438 0.658025 -0.083917
0.322721 0.560603 1.299166 0.743060 0.088388 0.658017 -0.084040
0.322684 0.560620 1.299147 0.743059 0.088339 0.658009 -0.084160
0.322648 0.560636 1.299128 0.743058 0.088291 0.658002 -0.084277
0.322612 0.560653 1.299110 0.743058 0.088245 0.657994 -0.084392
0.322576 0.560669 1.299093 0.743057 0.088200 0.657986 -0.084505
0.322541 0.560685 1.299075 0.743056 0.088156 0.657979 -0.084615
0.322506 0.560702 1.299058 0.743056 0.088113 0.657971 -0.084723
0.322453 0.560652 1.299052 0.743038 0.088064 0.657985 -0.084830
0.322375 0.560592 1.299053 0.743012 0.088051 0.658000 -0.084945
0.322273 0.560539 1.299058 0.742985 0.088065 0.658012 -0.085073
0.322153 0.560494 1.299063 0.742961 0.088088 0.658017 -0.085219
0.322016 0.560460 1.299066 0.742938 0.088121 0.658019 -0.085372
0.321866 0.560435 1.299068 0.742913 0.088162 0.658021 -0.085529
0.321704 0.560420 1.299067 0.742886 0.088211 0.658024 -0.085688
0.321531 0.560412 1.299063 0.742858 0.088266 0.658029 -0.085846
0.321349 0.560412 1.299057 0.742828 0.088325 0.658034 -0.086005
0.321159 0.560418 1.299049 0.742796 0.088388 0.658041 -0.086162
0.320963 0.560431 1.299039 0.742763 0.088454 0.658049 -0.086318
0.320761 0.560448 1.299027 0.742729 0.088523 0.658057 -0.086474
0.320555 0.560469 1.299015 0.742699 0.088579 0.658063 -0.086636
0.320346 0.560493 1.299001 0.742671 0.088626 0.658066 -0.086802
0.320135 0.560520 1.298986 0.742645 0.088668 0.658067 -0.086972
0.319921 0.560551 1.298971 0.742621 0.088706 0.658066 -0.087144
0.319706 0.560584 1.298954 0.742599 0.088743 0.658063 -0.087318
0.319489 0.560620 1.298936 0.742578 0.088780 0.658058 -0.087493
0.319271 0.560660 1.298918 0.742558 0.088817 0.658052 -0.087668
0.319051 0.560701 1.298900 0.742539 0.088856 0.658045 -0.087844
0.318831 0.560746 1.298881 0.742522 0.088893 0.658037 -0.088020
0.318610 0.560792 1.298864 0.742505 0.088930 0.658027 -0.088197
0.318389 0.560841 1.298846 0.742489 0.088967 0.658016 -0.088374
0.318168 0.560893 1.298829 0.742474 0.089005 0.658004 -0.088551
0.317946 0.560946 1.298812 0.742460 0.089045 0.657991 -0.088728
0.317724 0.561002 1.298795 0.742446 0.089087 0.657977 -0.088905
0.317503 0.561059 1.298779 0.742432 0.089130 0.657963 -0.089080
0.317281 0.561119 1.298763 0.742419 0.089175 0.657948 -0.089256
0.317060 0.561180 1.298748 0.742406 0.089222 0.657932 -0.089430
0.316839 0.561243 1.298733 0.742394 0.089271 0.657916 -0.089603
0.316618 0.561307 1.298719 0.742381 0.089322 0.657899 -0.089775
0.316398 0.561373 1.298705 0.742369 0.089375 0.657883 -0.089946
0.316178 0.561441 1.298692 0.742357 0.089429 0.657866 -0.090115
0.315960 0.561509 1.298679 0.742345 0.089485 0.657848 -0.090283
0.315742 0.561579 1.298667 0.742334 0.089543 0.657831 -0.090450
0.315525 0.561649 1.298655 0.742322 0.089601 0.657814 -0.090615
0.315309 0.561721 1.298643 0.742310 0.089661 0.657796 -0.090779
0.315095 0.561793 1.298632 0.742299 0.089723 0.657778 -0.090940
0.314881 0.561866 1.298621 0.742287 0.089785 0.657761 -0.091100
0.314669 0.561940 1.298611 0.742276 0.089849 0.657743 -0.091259
0.314442 0.561931 1.298617 0.742218 0.089938 0.657781 -0.091365
0.314190 0.561898 1.298619 0.742168 0.090033 0.657806 -0.091501
0.313911 0.561868 1.298616 0.742144 0.090117 0.657794 -0.091699
0.313610 0.561847 1.298608 0.742130 0.090210 0.657766 -0.091921
0.313290 0.561836 1.298594 0.742118 0.090314 0.657733 -0.092153
0.312956 0.561836 1.298574 0.742106 0.090427 0.657697 -0.092390
0.312609 0.561845 1.298549 0.742093 0.090545 0.657663 -0.092628
0.312252 0.561862 1.298520 0.742078 0.090666 0.657629 -0.092866
0.311886 0.561887 1.298487 0.742061 0.090790 0.657598 -0.093103
0.311512 0.561918 1.298450 0.742042 0.090914 0.657569 -0.093337
0.311134 0.561955 1.298410 0.742021 0.091040 0.657542 -0.093569
0.310750 0.561997 1.298369 0.741999 0.091166 0.657517 -0.093799
0.310363 0.562043 1.298325 0.741976 0.091292 0.657493 -0.094025
0.309974 0.562094 1.298280 0.741951 0.091418 0.657471 -0.094248
0.309583 0.562148 1.298233 0.741926 0.091545 0.657450 -0.094469
0.309191 0.562206 1.298186 0.741901 0.091671 0.657430 -0.094687
0.308798 0.562266 1.298137 0.741875 0.091796 0.657411 -0.094903
0.308406 0.562329 1.298089 0.741849 0.091922 0.657391 -0.095117
0.308014 0.562394 1.298041 0.741823 0.092046 0.657372 -0.095329
0.307623 0.562462 1.297992 0.741798 0.092170 0.657353 -0.095539
0.307234 0.562532 1.297944 0.741773 0.092294 0.657333 -0.095747
0.306846 0.562603 1.297896 0.741749 0.092416 0.657314 -0.095954
0.306461 0.562676 1.297849 0.741725 0.092538 0.657293 -0.096160
0.306079 0.562750 1.297804 0.741702 0.092648 0.657273 -0.096366
0.305703 0.562823 1.297761 0.741681 0.092747 0.657252 -0.096573
0.305330 0.562896 1.297720 0.741662 0.092840 0.657231 -0.096780
0.304963 0.562970 1.297681 0.741643 0.092929 0.657208 -0.096987
0.304599 0.563045 1.297643 0.741626 0.093016 0.657185 -0.097193
0.304239 0.563120 1.297606 0.741611 0.093102 0.657160 -0.097398
0.303884 0.563196 1.297571 0.741596 0.093188 0.657133 -0.097603
0.303531 0.563272 1.297537 0.741583 0.093275 0.657106 -0.097807
0.303182 0.563350 1.297503 0.741570 0.093362 0.657078 -0.098009
0.302837 0.563428 1.297471 0.741559 0.093451 0.657048 -0.098210
0.302495 0.563508 1.297440 0.741547 0.093541 0.657018 -0.098410
0.302156 0.563588 1.297409 0.741537 0.093631 0.656988 -0.098609
0.301820 0.563668 1.297380 0.741527 0.093723 0.656956 -0.098806
0.301487 0.563750 1.297351 0.741517 0.093818 0.656924 -0.099000
0.301157 0.563832 1.297322 0.741508 0.093916 0.656891 -0.099193
0.300830 0.563915 1.297294 0.741499 0.094016 0.656858 -0.099384
0.300506 0.563999 1.297266 0.741491 0.094117 0.656824 -0.099573
0.300174 0.564012 1.297273 0.741443 0.094166 0.656848 -0.099729
0.299821 0.564009 1.297303 0.741437 0.094127 0.656821 -0.099984
0.299453 0.564003 1.297342 0.741440 0.094077 0.656783 -0.100264
0.299073 0.563996 1.297380 0.741441 0.094037 0.656744 -0.100546
0.298685 0.563991 1.297415 0.741439 0.094014 0.656708 -0.100818
0.298289 0.563988 1.297444 0.741432 0.094008 0.656677 -0.101077
0.297888 0.563987 1.297466 0.741420 0.094019 0.656651 -0.101322
0.297482 0.563988 1.297483 0.741403 0.094044 0.656631 -0.101554
0.297072 0.563991 1.297493 0.741382 0.094083 0.656615 -0.101774
0.296660 0.563995 1.297498 0.741358 0.094133 0.656602 -0.101981
0.296246 0.564000 1.297497 0.741332 0.094194 0.656593 -0.102177
0.295837 0.564002 1.297491 0.741307 0.094238 0.656585 -0.102368
0.295433 0.563999 1.297480 0.741284 0.094272 0.656577 -0.102553
0.295037 0.563992 1.297465 0.741264 0.094291 0.656569 -0.102733
0.294648 0.563980 1.297447 0.741246 0.094298 0.656561 -0.102906
0.294267 0.563965 1.297424 0.741230 0.094298 0.656553 -0.103074
0.293895 0.563946 1.297399 0.741216 0.094293 0.656543 -0.103236
0.293530 0.563925 1.297371 0.741205 0.094286 0.656533 -0.103392
0.293172 0.563901 1.297341 0.741194 0.094278 0.656522 -0.103542
0.292822 0.563876 1.297310 0.741186 0.094269 0.656511 -0.103687
0.292479 0.563849 1.297277 0.741178 0.094261 0.656498 -0.103826
0.292142 0.563821 1.297243 0.741171 0.094255 0.656485 -0.103961
0.291812 0.563793 1.297209 0.741165 0.094249 0.656472 -0.104092
0.291488 0.563764 1.297175 0.741160 0.094246 0.656458 -0.104219
0.291170 0.563736 1.297140 0.741156 0.094243 0.656444 -0.104342
0.290858 0.563707 1.297106 0.741152 0.094242 0.656430 -0.104462
0.290551 0.563679 1.297073 0.741148 0.094243 0.656415 -0.104578
0.290249 0.563651 1.297040 0.741145 0.094246 0.656401 -0.104692
0.289953 0.563624 1.297008 0.741142 0.094249 0.656386 -0.104803
0.289661 0.563597 1.296976 0.741139 0.094254 0.656371 -0.104912
0.289374 0.563571 1.296945 0.741136 0.094261 0.656356 -0.105018
0.289092 0.563546 1.296915 0.741134 0.094269 0.656341 -0.105122
0.288814 0.563522 1.296886 0.741132 0.094278 0.656326 -0.105224
0.288541 0.563498 1.296858 0.741129 0.094288 0.656311 -0.105324
0.288271 0.563475 1.296830 0.741127 0.094300 0.656296 -0.105421
0.288006 0.563453 1.296803 0.741125 0.094313 0.656282 -0.105517
0.287745 0.563432 1.296777 0.741122 0.094327 0.656267 -0.105610
0.287488 0.563412 1.296752 0.741120 0.094342 0.656253 -0.105702
0.287235 0.563393 1.296727 0.741118 0.094358 0.656238 -0.105792
0.286986 0.563374 1.296703 0.741116 0.094375 0.656224 -0.105881
0.286721 0.563318 1.296707 0.741093 0.094348 0.656243 -0.105943
0.286435 0.563256 1.296719 0.741068 0.094291 0.656269 -0.106010
0.286127 0.563197 1.296730 0.741046 0.094230 0.656291 -0.106086
0.285800 0.563145 1.296738 0.741028 0.094174 0.656306 -0.106171
0.285456 0.563099 1.296739 0.741013 0.094124 0.656314 -0.106263
0.285097 0.563060 1.296735 0.741003 0.094081 0.656316 -0.106360
0.284726 0.563027 1.296724 0.740997 0.094047 0.656312 -0.106462
0.284344 0.562999 1.296707 0.740993 0.094021 0.656303 -0.106565
0.283952 0.562976 1.296684 0.740990 0.094003 0.656291 -0.106670
0.283552 0.562957 1.296655 0.740990 0.093995 0.656276 -0.106774
0.283145 0.562941 1.296621 0.740989 0.093994 0.656260 -0.106877
0.282732 0.562930 1.296582 0.740990 0.094002 0.656242 -0.106978
0.282313 0.562921 1.296540 0.740989 0.094018 0.656224 -0.107077
0.281889 0.562915 1.296493 0.740989 0.094041 0.656205 -0.107174
0.281462 0.562912 1.296443 0.740988 0.094071 0.656187 -0.107268
0.281032 0.562910 1.296392 0.740985 0.094100 0.656170 -0.107360
0.280601 0.562910 1.296339 0.740982 0.094130 0.656155 -0.107449
0.280171 0.562910 1.296284 0.740979 0.094159 0.656140 -0.107536
0.279742 0.562911 1.296227 0.740976 0.094189 0.656126 -0.107621
0.279315 0.562912 1.296168 0.740973 0.094220 0.656112 -0.107703
0.278892 0.562913 1.296107 0.740969 0.094253 0.656097 -0.107782
0.278473 0.562915 1.296047 0.740966 0.094277 0.656085 -0.107860
0.278060 0.562916 1.295987 0.740962 0.094295 0.656075 -0.107936
0.277652 0.562916 1.295927 0.740957 0.094310 0.656065 -0.108010
0.277250 0.562916 1.295867 0.740953 0.094322 0.656057 -0.108082
0.276855 0.562916 1.295808 0.740948 0.094333 0.656049 -0.108152
0.276465 0.562915 1.295749 0.740944 0.094343 0.656041 -0.108221
0.276081 0.562914 1.295690 0.740939 0.094352 0.656034 -0.108287
0.275703 0.562913 1.295632 0.740934 0.094362 0.656028 -0.108351
0.275332 0.562911 1.295574 0.740930 0.094372 0.656021 -0.108414
0.274966 0.562909 1.295517 0.740925 0.094383 0.656015 -0.108475
0.274606 0.562907 1.295461 0.740920 0.094394 0.656009 -0.108534
0.274251 0.562906 1.295405 0.740916 0.094405 0.656002 -0.108592
0.273903 0.562904 1.295350 0.740911 0.094417 0.655997 -0.108649
0.273560 0.562902 1.295296 0.740907 0.094430 0.655991 -0.108705
0.273222 0.562900 1.295242 0.740902 0.094442 0.655985 -0.108759
0.272890 0.562898 1.295190 0.740897 0.094456 0.655979 -0.108812
0.272564 0.562896 1.295138 0.740893 0.094470 0.655974 -0.108864
0.272242 0.562894 1.295087 0.740888 0.094484 0.655968 -0.108916
0.271926 0.562893 1.295037 0.740884 0.094499 0.655963 -0.108966
0.271601 0.562864 1.295026 0.740863 0.094429 0.655990 -0.109005
0.271257 0.562830 1.295029 0.740837 0.094365 0.656022 -0.109044
0.270896 0.562799 1.295037 0.740814 0.094314 0.656048 -0.109090
0.270520 0.562771 1.295046 0.740795 0.094274 0.656067 -0.109143
0.270132 0.562747 1.295052 0.740779 0.094242 0.656078 -0.109204
0.269735 0.562727 1.295056 0.740767 0.094216 0.656084 -0.109271
0.269329 0.562711 1.295056 0.740759 0.094196 0.656085 -0.109343
0.268917 0.562698 1.295052 0.740753 0.094182 0.656081 -0.109418
0.268499 0.562688 1.295044 0.740748 0.094174 0.656074 -0.109496
0.268076 0.562681 1.295032 0.740746 0.094173 0.656065 -0.109575
0.267649 0.562676 1.295016 0.740744 0.094177 0.656052 -0.109655
0.267218 0.562673 1.294997 0.740743 0.094188 0.656039 -0.109735
0.266785 0.562672 1.294974 0.740742 0.094204 0.656024 -0.109815
0.266349 0.562673 1.294948 0.740741 0.094225 0.656009 -0.109894
0.265910 0.562675 1.294920 0.740739 0.094252 0.655994 -0.109972
0.265470 0.562679 1.294888 0.740737 0.094284 0.655979 -0.110049
0.265029 0.562685 1.294854 0.740734 0.094320 0.655964 -0.110125
0.264586 0.562691 1.294818 0.740730 0.094360 0.655950 -0.110199
0.264142 0.562699 1.294780 0.740726 0.094404 0.655937 -0.110273
0.263698 0.562708 1.294740 0.740720 0.094452 0.655925 -0.110344
0.263252 0.562718 1.294698 0.740713 0.094502 0.655913 -0.110415
0.262807 0.562730 1.294655 0.740705 0.094556 0.655903 -0.110484
0.262362 0.562742 1.294611 0.740696 0.094611 0.655893 -0.110552
0.261920 0.562754 1.294564 0.740687 0.094667 0.655885 -0.110619
0.261480 0.562768 1.294517 0.740677 0.094723 0.655876 -0.110685
0.261042 0.562781 1.294468 0.740667 0.094779 0.655869 -0.110749
0.260609 0.562795 1.294418 0.740657 0.094836 0.655861 -0.110812
0.260180 0.562809 1.294367 0.740647 0.094893 0.655854 -0.110873
0.259756 0.562823 1.294315 0.740636 0.094951 0.655848 -0.110932
0.259338 0.562836 1.294265 0.740625 0.095001 0.655843 -0.110991
0.258926 0.562848 1.294216 0.740614 0.095047 0.655840 -0.111048
0.258522 0.562859 1.294167 0.740603 0.095091 0.655837 -0.111102
0.258124 0.562869 1.294119 0.740592 0.095133 0.655834 -0.111156
0.257733 0.562878 1.294072 0.740581 0.095175 0.655831 -0.111207
0.257349 0.562886 1.294024 0.740570 0.095217 0.655829 -0.111256
0.256971 0.562893 1.293978 0.740560 0.095259 0.655826 -0.111303
0.256599 0.562900 1.293931 0.740550 0.095303 0.655823 -0.111349
0.256234 0.562907 1.293886 0.740541 0.095347 0.655820 -0.111393
0.255875 0.562913 1.293840 0.740531 0.095392 0.655817 -0.111436
0.255521 0.562919 1.293794 0.740522 0.095440 0.655814 -0.111478
0.255171 0.562910 1.293800 0.740508 0.095241 0.655845 -0.111554
0.254811 0.562896 1.293828 0.740497 0.094979 0.655880 -0.111644
0.254436 0.562884 1.293864 0.740495 0.094712 0.655904 -0.111746
0.254047 0.562875 1.293900 0.740500 0.094458 0.655916 -0.111856
0.253647 0.562871 1.293934 0.740512 0.094226 0.655917 -0.111969
0.253236 0.562870 1.293963 0.740528 0.094019 0.655909 -0.112082
0.252815 0.562873 1.293987 0.740548 0.093838 0.655894 -0.112194
0.252387 0.562879 1.294006 0.740570 0.093681 0.655872 -0.112303
0.251952 0.562887 1.294020 0.740593 0.093548 0.655847 -0.112409
0.251510 0.562898 1.294029 0.740617 0.093438 0.655818 -0.112511
0.251064 0.562912 1.294034 0.740640 0.093348 0.655788 -0.112608
0.250613 0.562927 1.294034 0.740663 0.093279 0.655756 -0.112701
0.250157 0.562944 1.294030 0.740686 0.093227 0.655723 -0.112789
0.249698 0.562962 1.294022 0.740706 0.093193 0.655690 -0.112872
0.249236 0.562982 1.294010 0.740726 0.093174 0.655657 -0.112951
0.248772 0.563004 1.293996 0.740743 0.093169 0.655625 -0.113026
0.248305 0.563026 1.293978 0.740759 0.093178 0.655593 -0.113096
0.247836 0.563049 1.293957 0.740774 0.093199 0.655563 -0.113162
0.247365 0.563074 1.293934 0.740786 0.093232 0.655534 -0.113224
0.246893 0.563099 1.293908 0.740796 0.093274 0.655506 -0.113283
0.246420 0.563125 1.293880 0.740805 0.093326 0.655479 -0.113339
0.245945 0.563152 1.293849 0.740811 0.093387 0.655454 -0.113391
0.245470 0.563180 1.293817 0.740816 0.093456 0.655431 -0.113441
0.244994 0.563208 1.293783 0.740819 0.093532 0.655408 -0.113488
0.244518 0.563237 1.293748 0.740820 0.093614 0.655388 -0.113533
0.244041 0.563267 1.293711 0.740819 0.093702 0.655369 -0.113576
0.243566 0.563296 1.293673 0.740816 0.093792 0.655352 -0.113616
0.243091 0.563325 1.293635 0.740811 0.093884 0.655338 -0.113655
0.242616 0.563355 1.293596 0.740805 0.093979 0.655325 -0.113691
0.242143 0.563384 1.293556 0.740797 0.094077 0.655314 -0.113725
0.241672 0.563413 1.293515 0.740788 0.094176 0.655304 -0.113758
0.241204 0.563442 1.293473 0.740779 0.094277 0.655294 -0.113790
0.240740 0.563471 1.293430 0.740769 0.094379 0.655286 -0.113820
0.240279 0.563499 1.293386 0.740758 0.094482 0.655278 -0.113848
0.239823 0.563527 1.293341 0.740748 0.094586 0.655270 -0.113875
0.239372 0.563555 1.293295 0.740737 0.094691 0.655263 -0.113901
0.238926 0.563583 1.293249 0.740725 0.094796 0.655256 -0.113925
0.238486 0.563610 1.293202 0.740714 0.094903 0.655250 -0.113948
0.238051 0.563636 1.293154 0.740702 0.095011 0.655243 -0.113970
0.237621 0.563663 1.293107 0.740690 0.095120 0.655237 -0.113990
0.237203 0.563687 1.293109 0.740687 0.094902 0.655258 -0.114075
0.236782 0.563721 1.293130 0.740697 0.094535 0.655277 -0.114203
0.236354 0.563762 1.293157 0.740718 0.094118 0.655289 -0.114349
0.235916 0.563808 1.293186 0.740745 0.093695 0.655293 -0.114499
0.235471 0.563857 1.293211 0.740776 0.093290 0.655290 -0.114645
0.235017 0.563908 1.293234 0.740809 0.092915 0.655281 -0.114783
0.234558 0.563961 1.293252 0.740844 0.092574 0.655268 -0.114910
0.234092 0.564014 1.293266 0.740878 0.092270 0.655252 -0.115025
0.233621 0.564068 1.293275 0.740912 0.092003 0.655233 -0.115128
0.233146 0.564122 1.293280 0.740945 0.091770 0.655212 -0.115220
0.232666 0.564177 1.293281 0.740977 0.091571 0.655190 -0.115300
0.232184 0.564231 1.293278 0.741006 0.091403 0.655168 -0.115370
0.231699 0.564286 1.293271 0.741034 0.091264 0.655146 -0.115429
0.231211 0.564341 1.293261 0.741059 0.091153 0.655124 -0.115479
0.230721 0.564395 1.293248 0.741083 0.091067 0.655102 -0.115520
0.230229 0.564450 1.293232 0.741104 0.091005 0.655081 -0.115553
0.229736 0.564504 1.293214 0.741123 0.090965 0.655061 -0.115578
0.229241 0.564559 1.293192 0.741139 0.090945 0.655042 -0.115597
0.228745 0.564613 1.293168 0.741153 0.090944 0.655024 -0.115609
0.228248 0.564668 1.293142 0.741165 0.090960 0.655007 -0.115615
0.227751 0.564722 1.293114 0.741174 0.090993 0.654991 -0.115617
0.227253 0.564776 1.293084 0.741181 0.091040 0.654977 -0.115613
0.226754 0.564831 1.293052 0.741186 0.091101 0.654965 -0.115606
0.226256 0.564885 1.293018 0.741190 0.091172 0.654953 -0.115595
0.225759 0.564939 1.292982 0.741192 0.091253 0.654942 -0.115581
0.225265 0.564992 1.292944 0.741192 0.091342 0.654932 -0.115565
0.224775 0.565046 1.292905 0.741192 0.091439 0.654922 -0.115545
0.224287 0.565098 1.292864 0.741190 0.091543 0.654913 -0.115523
0.223804 0.565150 1.292822 0.741188 0.091654 0.654905 -0.115498
0.223326 0.565202 1.292779 0.741184 0.091770 0.654898 -0.115471
0.222852 0.565253 1.292735 0.741180 0.091891 0.654891 -0.115442
0.222383 0.565303 1.292690 0.741174 0.092018 0.654884 -0.115411
0.221920 0.565353 1.292644 0.741168 0.092149 0.654879 -0.115378
0.221463 0.565401 1.292599 0.741161 0.092279 0.654874 -0.115344
0.221012 0.565448 1.292554 0.741153 0.092411 0.654872 -0.115308
0.220568 0.565494 1.292508 0.741143 0.092544 0.654870 -0.115271
0.220130 0.565539 1.292463 0.741133 0.092678 0.654869 -0.115233
0.219698 0.565583 1.292418 0.741123 0.092814 0.654869 -0.115193
0.219273 0.565625 1.292373 0.741111 0.092951 0.654869 -0.115153
0.218854 0.565667 1.292328 0.741100 0.093090 0.654870 -0.115112
0.218440 0.565699 1.292335 0.741089 0.092959 0.654899 -0.115119
0.218017 0.565734 1.292366 0.741090 0.092734 0.654923 -0.115161
0.217581 0.565771 1.292406 0.741099 0.092481 0.654937 -0.115222
0.217134 0.565812 1.292449 0.741115 0.092230 0.654942 -0.115292
0.216677 0.565856 1.292490 0.741136 0.091996 0.654939 -0.115366
0.216210 0.565902 1.292528 0.741160 0.091786 0.654928 -0.115439
0.215734 0.565950 1.292561 0.741186 0.091605 0.654912 -0.115509
0.215250 0.566000 1.292589 0.741213 0.091454 0.654891 -0.115575
0.214760 0.566052 1.292612 0.741240 0.091332 0.654866 -0.115635
0.214263 0.566106 1.292630 0.741267 0.091240 0.654840 -0.115690
0.213760 0.566160 1.292643 0.741292 0.091174 0.654811 -0.115740
0.213252 0.566216 1.292652 0.741316 0.091135 0.654782 -0.115784
0.212740 0.566274 1.292656 0.741338 0.091119 0.654752 -0.115822
0.212223 0.566332 1.292657 0.741358 0.091127 0.654723 -0.115855
0.211703 0.566392 1.292654 0.741375 0.091155 0.654694 -0.115884
0.211179 0.566452 1.292648 0.741391 0.091202 0.654666 -0.115908
0.210652 0.566513 1.292639 0.741404 0.091267 0.654638 -0.115928
0.210122 0.566575 1.292627 0.741414 0.091349 0.654612 -0.115944
0.209590 0.566638 1.292612 0.741422 0.091446 0.654587 -0.115957
0.209055 0.566701 1.292595 0.741428 0.091557 0.654564 -0.115967
0.208518 0.566765 1.292575 0.741431 0.091681 0.654542 -0.115974
0.207979 0.566830 1.292554 0.741432 0.091817 0.654521 -0.115980
0.207439 0.566895 1.292530 0.741430 0.091964 0.654501 -0.115983
0.206896 0.566961 1.292505 0.741426 0.092120 0.654483 -0.115985
0.206353 0.567027 1.292478 0.741421 0.092286 0.654466 -0.115985
0.205809 0.567094 1.292448 0.741413 0.092458 0.654451 -0.115985
0.205266 0.567161 1.292417 0.741404 0.092636 0.654436 -0.115983
0.204724 0.567229 1.292385 0.741394 0.092819 0.654422 -0.115981
0.204185 0.567297 1.292350 0.741383 0.093006 0.654409 -0.115978
0.203650 0.567364 1.292314 0.741370 0.093197 0.654396 -0.115975
0.203117 0.567432 1.292277 0.741357 0.093391 0.654384 -0.115970
0.202589 0.567499 1.292239 0.741343 0.093588 0.654373 -0.115965
0.202065 0.567566 1.292199 0.741328 0.093788 0.654362 -0.115958
0.201546 0.567632 1.292159 0.741313 0.093990 0.654352 -0.115951
0.201032 0.567698 1.292118 0.741296 0.094193 0.654343 -0.115943
0.200524 0.567763 1.292077 0.741279 0.094398 0.654334 -0.115935
0.200021 0.567827 1.292035 0.741262 0.094605 0.654326 -0.115927
0.199524 0.567890 1.291993 0.741243 0.094807 0.654319 -0.115917
0.199035 0.567952 1.291952 0.741224 0.095006 0.654314 -0.115907
0.198553 0.568012 1.291911 0.741203 0.095204 0.654310 -0.115895
0.198076 0.568075 1.291918 0.741199 0.095101 0.654320 -0.115952
0.197594 0.568146 1.291944 0.741211 0.094850 0.654326 -0.116049
0.197102 0.568222 1.291978 0.741232 0.094544 0.654326 -0.116165
0.196600 0.568303 1.292014 0.741258 0.094228 0.654321 -0.116286
0.196089 0.568386 1.292047 0.741287 0.093924 0.654311 -0.116404
0.195569 0.568470 1.292076 0.741317 0.093647 0.654297 -0.116516
0.195040 0.568555 1.292100 0.741346 0.093402 0.654280 -0.116618
0.194503 0.568641 1.292120 0.741376 0.093191 0.654260 -0.116711
0.193959 0.568728 1.292134 0.741403 0.093016 0.654239 -0.116793
0.193409 0.568816 1.292144 0.741429 0.092876 0.654217 -0.116866
0.192852 0.568904 1.292149 0.741452 0.092769 0.654194 -0.116929
0.192291 0.568993 1.292149 0.741474 0.092694 0.654171 -0.116984
0.191724 0.569082 1.292146 0.741492 0.092648 0.654148 -0.117031
0.191152 0.569172 1.292139 0.741508 0.092631 0.654125 -0.117071
0.190577 0.569262 1.292129 0.741522 0.092639 0.654103 -0.117104
0.189997 0.569353 1.292116 0.741532 0.092672 0.654081 -0.117131
0.189414 0.569445 1.292100 0.741540 0.092728 0.654060 -0.117153
0.188827 0.569537 1.292082 0.741546 0.092804 0.654040 -0.117171
0.188237 0.569630 1.292060 0.741548 0.092900 0.654022 -0.117184
0.187645 0.569723 1.292037 0.741548 0.093014 0.654004 -0.117194
0.187049 0.569817 1.292011 0.741545 0.093144 0.653987 -0.117200
0.186451 0.569911 1.291984 0.741540 0.093290 0.653972 -0.117204
0.185850 0.570005 1.291955 0.741532 0.093451 0.653957 -0.117207
0.185248 0.570101 1.291924 0.741522 0.093624 0.653944 -0.117207
0.184643 0.570196 1.291891 0.741509 0.093809 0.653932 -0.117207
0.184038 0.570293 1.291856 0.741495 0.094004 0.653920 -0.117205
0.183434 0.570389 1.291820 0.741480 0.094206 0.653909 -0.117203
0.182831 0.570486 1.291782 0.741463 0.094415 0.653898 -0.117200
0.182230 0.570583 1.291742 0.741445 0.094632 0.653888 -0.117197
0.181632 0.570679 1.291701 0.741426 0.094853 0.653878 -0.117192
0.181037 0.570776 1.291659 0.741406 0.095081 0.653868 -0.117187
0.180446 0.570872 1.291616 0.741385 0.095313 0.653859 -0.117182
0.179859 0.570967 1.291572 0.741363 0.095549 0.653851 -0.117176
0.179277 0.571062 1.291526 0.741340 0.095789 0.653843 -0.117169
0.178699 0.571157 1.291481 0.741317 0.096033 0.653835 -0.117162
0.178128 0.571250 1.291434 0.741293 0.096279 0.653828 -0.117155
0.177561 0.571343 1.291388 0.741268 0.096527 0.653821 -0.117147
0.177000 0.571435 1.291341 0.741242 0.096777 0.653814 -0.117140
0.176446 0.571526 1.291294 0.741216 0.097029 0.653808 -0.117133
0.175897 0.571616 1.291246 0.741189 0.097282 0.653801 -0.117125
0.175353 0.571714 1.291246 0.741181 0.097260 0.653803 -0.117184
0.174804 0.571818 1.291271 0.741187 0.097108 0.653802 -0.117282
0.174248 0.571927 1.291307 0.741201 0.096901 0.653795 -0.117400
0.173683 0.572039 1.291347 0.741220 0.096678 0.653784 -0.117526
0.173110 0.572153 1.291388 0.741241 0.096461 0.653769 -0.117654
0.172530 0.572268 1.291428 0.741264 0.096264 0.653750 -0.117779
0.171941 0.572384 1.291464 0.741287 0.096093 0.653727 -0.117899
0.171346 0.572501 1.291496 0.741309 0.095953 0.653702 -0.118013
0.170744 0.572618 1.291524 0.741331 0.095844 0.653675 -0.118120
0.170135 0.572736 1.291548 0.741350 0.095766 0.653645 -0.118221
0.169521 0.572855 1.291568 0.741368 0.095720 0.653615 -0.118315
0.168902 0.572974 1.291584 0.741384 0.095703 0.653583 -0.118403
0.168277 0.573093 1.291596 0.741398 0.095714 0.653551 -0.118485
0.167647 0.573213 1.291604 0.741409 0.095753 0.653519 -0.118562
0.167013 0.573333 1.291609 0.741417 0.095816 0.653487 -0.118634
0.166374 0.573454 1.291611 0.741423 0.095903 0.653456 -0.118702
0.165731 0.573576 1.291610 0.741426 0.096013 0.653424 -0.118766
0.165085 0.573698 1.291606 0.741427 0.096142 0.653394 -0.118826
0.164434 0.573820 1.291600 0.741425 0.096292 0.653364 -0.118884
0.163781 0.573944 1.291592 0.741420 0.096459 0.653334 -0.118940
0.163123 0.574067 1.291581 0.741412 0.096642 0.653306 -0.118994
0.162463 0.574192 1.291569 0.741403 0.096840 0.653278 -0.119047
0.161802 0.574316 1.291554 0.741392 0.097050 0.653250 -0.119098
0.161140 0.574442 1.291537 0.741379 0.097271 0.653223 -0.119149
0.160478 0.574568 1.291519 0.741364 0.097502 0.653195 -0.119199
0.159818 0.574694 1.291498 0.741348 0.097741 0.653169 -0.119248
0.159160 0.574820 1.291476 0.741331 0.097989 0.653142 -0.119296
0.158504 0.574945 1.291452 0.741313 0.098244 0.653116 -0.119343
0.157852 0.575071 1.291427 0.741293 0.098506 0.653091 -0.119389
0.157203 0.575196 1.291401 0.741272 0.098773 0.653066 -0.119435
0.156558 0.575321 1.291374 0.741250 0.099046 0.653041 -0.119480
0.155918 0.575445 1.291346 0.741227 0.099324 0.653017 -0.119524
0.155283 0.575568 1.291318 0.741204 0.099605 0.652993 -0.119568
0.154652 0.575691 1.291288 0.741179 0.099891 0.652969 -0.119611
0.154027 0.575813 1.291259 0.741153 0.100179 0.652946 -0.119655
0.153408 0.575933 1.291229 0.741127 0.100470 0.652923 -0.119698
0.152795 0.576053 1.291198 0.741100 0.100763 0.652901 -0.119741
0.152188 0.576172 1.291167 0.741073 0.101057 0.652878 -0.119784
0.151587 0.576290 1.291136 0.741045 0.101352 0.652856 -0.119827
0.150993 0.576407 1.291105 0.741017 0.101649 0.652834 -0.119870
0.150395 0.576540 1.291108 0.741010 0.101708 0.652814 -0.119972
0.149789 0.576679 1.291132 0.741012 0.101660 0.652795 -0.120103
0.149174 0.576824 1.291166 0.741018 0.101563 0.652777 -0.120248
0.148549 0.576972 1.291206 0.741025 0.101448 0.652758 -0.120400
0.147914 0.577122 1.291248 0.741033 0.101337 0.652738 -0.120554
0.147269 0.577273 1.291289 0.741041 0.101240 0.652716 -0.120706
0.146614 0.577426 1.291327 0.741049 0.101165 0.652691 -0.120857
0.145950 0.577580 1.291363 0.741055 0.101116 0.652665 -0.121004
0.145277 0.577735 1.291395 0.741059 0.101093 0.652637 -0.121147
0.144596 0.577891 1.291424 0.741062 0.101099 0.652607 -0.121286
0.143909 0.578048 1.291449 0.741063 0.101130 0.652576 -0.121421
0.143216 0.578206 1.291470 0.741062 0.101187 0.652544 -0.121553
0.142518 0.578364 1.291488 0.741060 0.101267 0.652510 -0.121681
0.141818 0.578524 1.291502 0.741055 0.101369 0.652476 -0.121804
0.141116 0.578684 1.291513 0.741050 0.101492 0.652441 -0.121924
0.140413 0.578845 1.291521 0.741042 0.101636 0.652406 -0.122040
0.139709 0.579005 1.291526 0.741033 0.101797 0.652370 -0.122153
0.139007 0.579166 1.291529 0.741021 0.101976 0.652335 -0.122261
0.138305 0.579326 1.291529 0.741008 0.102171 0.652299 -0.122367
0.137606 0.579487 1.291528 0.740993 0.102381 0.652264 -0.122470
0.136908 0.579646 1.291525 0.740977 0.102604 0.652229 -0.122569
0.136214 0.579806 1.291521 0.740958 0.102839 0.652194 -0.122667
0.135524 0.579965 1.291515 0.740939 0.103086 0.652160 -0.122761
0.134837 0.580123 1.291508 0.740917 0.103343 0.652126 -0.122854
0.134155 0.580280 1.291500 0.740895 0.103609 0.652093 -0.122945
0.133477 0.580436 1.291492 0.740870 0.103883 0.652060 -0.123035
0.132805 0.580591 1.291482 0.740845 0.104164 0.652027 -0.123123
0.132137 0.580746 1.291472 0.740819 0.104452 0.651994 -0.123210
0.131476 0.580899 1.291462 0.740791 0.104746 0.651962 -0.123296
0.130819 0.581051 1.291451 0.740763 0.105045 0.651930 -0.123381
0.130169 0.581202 1.291440 0.740734 0.105348 0.651898 -0.123466
0.129525 0.581352 1.291428 0.740704 0.105655 0.651867 -0.123550
0.128887 0.581501 1.291416 0.740673 0.105965 0.651835 -0.123634
0.128256 0.581648 1.291404 0.740642 0.106278 0.651804 -0.123717
0.127631 0.581794 1.291392 0.740610 0.106593 0.651773 -0.123801
0.127013 0.581939 1.291380 0.740578 0.106910 0.651742 -0.123885
0.126401 0.582082 1.291368 0.740545 0.107228 0.651711 -0.123969
0.125796 0.582224 1.291356 0.740512 0.107546 0.651680 -0.124053
0.125198 0.582365 1.291344 0.740479 0.107866 0.651649 -0.124137
0.124607 0.582504 1.291332 0.740445 0.108185 0.651618 -0.124222
0.124005 0.582662 1.291343 0.740435 0.108302 0.651585 -0.124354
0.123390 0.582831 1.291363 0.740436 0.108323 0.651550 -0.124511
0.122760 0.583008 1.291388 0.740442 0.108297 0.651515 -0.124680
0.122117 0.583190 1.291415 0.740450 0.108255 0.651480 -0.124855
0.121461 0.583375 1.291441 0.740458 0.108215 0.651443 -0.125032
0.120794 0.583564 1.291465 0.740466 0.108188 0.651405 -0.125208
0.120116 0.583753 1.291486 0.740471 0.108179 0.651367 -0.125382
0.119430 0.583945 1.291504 0.740475 0.108191 0.651328 -0.125553
0.118736 0.584137 1.291519 0.740477 0.108226 0.651288 -0.125720
0.118035 0.584331 1.291530 0.740476 0.108285 0.651248 -0.125883
0.117330 0.584525 1.291539 0.740473 0.108367 0.651207 -0.126042
0.116620 0.584719 1.291545 0.740467 0.108472 0.651165 -0.126198
0.115907 0.584914 1.291549 0.740459 0.108597 0.651123 -0.126351
0.115192 0.585110 1.291550 0.740449 0.108744 0.651082 -0.126500
0.114476 0.585305 1.291549 0.740437 0.108910 0.651039 -0.126646
0.113759 0.585501 1.291547 0.740423 0.109093 0.650997 -0.126790
0.113041 0.585696 1.291544 0.740406 0.109294 0.650955 -0.126931
0.112325 0.585891 1.291539 0.740387 0.109511 0.650913 -0.127070
0.111610 0.586086 1.291533 0.740367 0.109742 0.650870 -0.127207
0.110896 0.586280 1.291526 0.740345 0.109987 0.650828 -0.127343
0.110185 0.586473 1.291518 0.740321 0.110244 0.650785 -0.127477
0.109477 0.586666 1.291510 0.740295 0.110513 0.650742 -0.127610
0.108772 0.586858 1.291501 0.740269 0.110792 0.650699 -0.127742
0.108070 0.587050 1.291492 0.740240 0.111080 0.650656 -0.127874
0.107372 0.587242 1.291483 0.740211 0.111381 0.650612 -0.128007
0.106678 0.587433 1.291473 0.740181 0.111691 0.650566 -0.128140
0.105987 0.587624 1.291463 0.740150 0.112009 0.650521 -0.128274
0.105301 0.587813 1.291453 0.740119 0.112335 0.650474 -0.128409
0.104619 0.588002 1.291443 0.740086 0.112667 0.650427 -0.128545
0.103943 0.588190 1.291434 0.740052 0.113003 0.650380 -0.128680
0.103272 0.588377 1.291424 0.740018 0.113343 0.650333 -0.128817
0.102606 0.588562 1.291414 0.739983 0.113687 0.650286 -0.128954
0.101945 0.588745 1.291405 0.739948 0.114033 0.650238 -0.129092
0.101291 0.588928 1.291395 0.739912 0.114381 0.650190 -0.129230
0.100642 0.589108 1.291386 0.739876 0.114731 0.650142 -0.129369
0.100000 0.589288 1.291377 0.739839 0.115082 0.650093 -0.129510
0.099364 0.589466 1.291368 0.739803 0.115435 0.650044 -0.129651
0.098733 0.589642 1.291360 0.739766 0.115787 0.649995 -0.129793
0.098110 0.589817 1.291351 0.739729 0.116140 0.649945 -0.129936
0.097492 0.589990 1.291343 0.739692 0.116493 0.649895 -0.130080
0.096868 0.590177 1.291359 0.739679 0.116662 0.649844 -0.130260
0.096237 0.590374 1.291391 0.739682 0.116710 0.649791 -0.130463
0.095599 0.590577 1.291431 0.739694 0.116699 0.649736 -0.130678
0.094952 0.590785 1.291476 0.739710 0.116664 0.649680 -0.130898
0.094297 0.590995 1.291523 0.739726 0.116628 0.649623 -0.131120
0.093633 0.591207 1.291570 0.739743 0.116603 0.649564 -0.131342
0.092962 0.591420 1.291616 0.739758 0.116598 0.649504 -0.131561
0.092285 0.591635 1.291659 0.739771 0.116617 0.649441 -0.131779
0.091601 0.591851 1.291701 0.739781 0.116664 0.649377 -0.131993
0.090912 0.592069 1.291740 0.739789 0.116737 0.649312 -0.132204
0.090219 0.592286 1.291777 0.739795 0.116835 0.649245 -0.132413
0.089523 0.592505 1.291813 0.739798 0.116959 0.649178 -0.132618
0.088825 0.592723 1.291846 0.739798 0.117106 0.649110 -0.132821
0.088125 0.592942 1.291878 0.739796 0.117275 0.649040 -0.133022
0.087424 0.593160 1.291909 0.739791 0.117465 0.648971 -0.133220
0.086722 0.593378 1.291938 0.739784 0.117674 0.648900 -0.133417
0.086021 0.593596 1.291967 0.739775 0.117902 0.648830 -0.133611
0.085321 0.593814 1.291994 0.739764 0.118145 0.648759 -0.133804
0.084622 0.594031 1.292020 0.739750 0.118405 0.648687 -0.133996
0.083925 0.594247 1.292046 0.739735 0.118678 0.648616 -0.134186
0.083231 0.594462 1.292071 0.739717 0.118964 0.648544 -0.134376
0.082540 0.594677 1.292096 0.739698 0.119262 0.648472 -0.134564
0.081851 0.594890 1.292120 0.739678 0.119572 0.648399 -0.134752
0.081166 0.595103 1.292143 0.739656 0.119891 0.648326 -0.134940
0.080485 0.595314 1.292167 0.739633 0.120220 0.648252 -0.135128
0.079808 0.595526 1.292191 0.739609 0.120558 0.648177 -0.135317
0.079134 0.595736 1.292215 0.739584 0.120904 0.648102 -0.135507
0.078466 0.595944 1.292238 0.739558 0.121256 0.648026 -0.135697
0.077802 0.596152 1.292262 0.739531 0.121614 0.647949 -0.135888
0.077143 0.596358 1.292286 0.739504 0.121976 0.647872 -0.136079
0.076489 0.596562 1.292310 0.739476 0.122343 0.647795 -0.136270
0.075841 0.596765 1.292333 0.739448 0.122714 0.647716 -0.136462
0.075198 0.596966 1.292357 0.739419 0.123088 0.647638 -0.136654
0.074561 0.597166 1.292380 0.739389 0.123465 0.647559 -0.136847
0.073930 0.597364 1.292403 0.739360 0.123844 0.647480 -0.137040
0.073304 0.597561 1.292427 0.739330 0.124224 0.647400 -0.137234
0.072686 0.597755 1.292450 0.739300 0.124606 0.647320 -0.137428
0.072073 0.597948 1.292474 0.739269 0.124989 0.647240 -0.137622
0.071466 0.598140 1.292498 0.739239 0.125372 0.647159 -0.137817
0.070867 0.598329 1.292521 0.739208 0.125755 0.647078 -0.138013
0.070259 0.598525 1.292564 0.739197 0.125983 0.647000 -0.138227
0.069637 0.598729 1.292620 0.739200 0.126124 0.646920 -0.138460
0.068998 0.598940 1.292683 0.739208 0.126228 0.646838 -0.138705
0.068344 0.599157 1.292748 0.739219 0.126325 0.646752 -0.138959
0.067673 0.599379 1.292813 0.739229 0.126431 0.646664 -0.139219
0.066986 0.599605 1.292877 0.739238 0.126556 0.646572 -0.139484
0.066286 0.599834 1.292941 0.739244 0.126703 0.646478 -0.139753
0.065573 0.600066 1.293002 0.739248 0.126874 0.646380 -0.140026
0.064849 0.600302 1.293062 0.739250 0.127071 0.646280 -0.140302
0.064115 0.600539 1.293121 0.739248 0.127292 0.646178 -0.140581
0.063371 0.600779 1.293178 0.739244 0.127537 0.646073 -0.140864
0.062620 0.601022 1.293233 0.739237 0.127809 0.645965 -0.141149
0.061863 0.601267 1.293286 0.739226 0.128105 0.645856 -0.141436
0.061100 0.601514 1.293338 0.739213 0.128423 0.645745 -0.141725
0.060333 0.601762 1.293390 0.739196 0.128760 0.645632 -0.142017
0.059563 0.602011 1.293442 0.739176 0.129116 0.645519 -0.142311
0.058790 0.602262 1.293495 0.739154 0.129488 0.645405 -0.142608
0.058016 0.602514 1.293550 0.739130 0.129874 0.645288 -0.142909
0.057241 0.602767 1.293605 0.739104 0.130273 0.645170 -0.143213
0.056466 0.603020 1.293663 0.739077 0.130685 0.645050 -0.143520
0.055691 0.603274 1.293720 0.739048 0.131107 0.644928 -0.143830
0.054918 0.603528 1.293779 0.739018 0.131539 0.644805 -0.144142
0.054146 0.603781 1.293838 0.738987 0.131978 0.644680 -0.144457
0.053378 0.604033 1.293897 0.738957 0.132419 0.644553 -0.144775
0.052612 0.604283 1.293956 0.738927 0.132861 0.644423 -0.145097
0.051850 0.604532 1.294015 0.738898 0.133305 0.644292 -0.145422
0.051092 0.604779 1.294074 0.738869 0.133751 0.644159 -0.145748
0.050338 0.605024 1.294132 0.738840 0.134198 0.644025 -0.146077
0.049589 0.605267 1.294189 0.738811 0.134647 0.643889 -0.146407
0.048844 0.605511 1.294248 0.738785 0.135094 0.643747 -0.146750
0.048104 0.605755 1.294308 0.738761 0.135542 0.643601 -0.147100
0.047369 0.605998 1.294369 0.738737 0.135988 0.643453 -0.147456
0.046640 0.606239 1.294430 0.738715 0.136434 0.643301 -0.147815
0.045917 0.606480 1.294490 0.738690 0.136890 0.643152 -0.148172
0.045200 0.606719 1.294550 0.738662 0.137350 0.643003 -0.148526
0.044491 0.606956 1.294610 0.738632 0.137812 0.642857 -0.148879
0.043788 0.607190 1.294670 0.738601 0.138273 0.642713 -0.149229
0.043094 0.607422 1.294729 0.738569 0.138730 0.642570 -0.149578
0.042408 0.607651 1.294789 0.738536 0.139183 0.642429 -0.149924
0.041731 0.607876 1.294849 0.738503 0.139631 0.642290 -0.150269
0.041056 0.608092 1.294909 0.738434 0.140174 0.642216 -0.150413
0.040381 0.608299 1.294980 0.738364 0.140673 0.642160 -0.150533
0.039707 0.608501 1.295061 0.738302 0.141104 0.642106 -0.150666
0.039029 0.608699 1.295144 0.738248 0.141494 0.642047 -0.150814
0.038347 0.608896 1.295228 0.738201 0.141865 0.641981 -0.150976
0.037660 0.609092 1.295311 0.738159 0.142227 0.641909 -0.151151
0.036968 0.609291 1.295389 0.738117 0.142604 0.641830 -0.151334
0.036271 0.609491 1.295465 0.738076 0.142993 0.641745 -0.151526
0.035572 0.609691 1.295538 0.738035 0.143389 0.641656 -0.151725
0.034871 0.609891 1.295609 0.737995 0.143792 0.641564 -0.151931
0.034169 0.610091 1.295679 0.737955 0.144197 0.641469 -0.152143
0.033468 0.610290 1.295747 0.737915 0.144604 0.641371 -0.152361
0.032767 0.610488 1.295815 0.737876 0.145012 0.641272 -0.152584
0.032068 0.610686 1.295881 0.737837 0.145419 0.641170 -0.152812
0.031372 0.610881 1.295946 0.737798 0.145824 0.641067 -0.153044
0.030679 0.611076 1.296011 0.737759 0.146227 0.640964 -0.153280
0.029989 0.611269 1.296075 0.737721 0.146627 0.640859 -0.153519
0.029304 0.611460 1.296138 0.737683 0.147024 0.640754 -0.153761
0.028623 0.611649 1.296200 0.737645 0.147418 0.640648 -0.154005
0.027947 0.611837 1.296261 0.737608 0.147807 0.640542 -0.154251
0.027276 0.612022 1.296322 0.737571 0.148192 0.640436 -0.154499
0.026611 0.612205 1.296382 0.737534 0.148573 0.640330 -0.154748
0.025952 0.612385 1.296441 0.737497 0.148949 0.640225 -0.154998
0.025300 0.612565 1.296501 0.737466 0.149312 0.640114 -0.155257
0.024654 0.612742 1.296561 0.737438 0.149664 0.639999 -0.155524
0.024014 0.612918 1.296621 0.737413 0.150008 0.639881 -0.155794
0.023381 0.613091 1.296681 0.737389 0.150345 0.639763 -0.156067
0.022756 0.613263 1.296739 0.737366 0.150676 0.639644 -0.156341
0.022137 0.613431 1.296798 0.737344 0.151002 0.639526 -0.156614
0.021527 0.613598 1.296855 0.737323 0.151323 0.639409 -0.156887
0.020924 0.613761 1.296911 0.737301 0.151639 0.639292 -0.157158
0.020329 0.613922 1.296967 0.737279 0.151951 0.639177 -0.157426
0.019742 0.614081 1.297021 0.737257 0.152259 0.639064 -0.157693
0.019163 0.614236 1.297075 0.737235 0.152563 0.638952 -0.157956
0.018593 0.614389 1.297127 0.737212 0.152862 0.638841 -0.158217
0.018030 0.614538 1.297179 0.737190 0.153158 0.638733 -0.158474
0.017476 0.614685 1.297229 0.737167 0.153449 0.638626 -0.158728
0.016931 0.614829 1.297279 0.737144 0.153736 0.638522 -0.158978
0.016394 0.614971 1.297327 0.737121 0.154020 0.638419 -0.159225
0.015865 0.615109 1.297374 0.737097 0.154299 0.638318 -0.159468
0.015351 0.615238 1.297428 0.736999 0.154616 0.638348 -0.159491
0.014834 0.615362 1.297483 0.736899 0.154907 0.638396 -0.159481
0.014309 0.615485 1.297537 0.736805 0.155182 0.638440 -0.159471
0.013776 0.615607 1.297589 0.736721 0.155451 0.638472 -0.159471
0.013233 0.615728 1.297638 0.736649 0.155707 0.638488 -0.159488
0.012680 0.615850 1.297683 0.736583 0.155975 0.638491 -0.159519
0.012119 0.615974 1.297724 0.736523 0.156252 0.638482 -0.159563
0.011551 0.616099 1.297761 0.736467 0.156539 0.638462 -0.159620
0.010976 0.616224 1.297795 0.736415 0.156832 0.638433 -0.159689
0.010397 0.616351 1.297827 0.736366 0.157132 0.638396 -0.159770
0.009814 0.616478 1.297857 0.736319 0.157438 0.638351 -0.159860
0.009228 0.616608 1.297885 0.736273 0.157758 0.638302 -0.159956
0.008642 0.616738 1.297912 0.736225 0.158090 0.638249 -0.160057
0.008055 0.616868 1.297938 0.736177 0.158431 0.638194 -0.160161
0.007468 0.616998 1.297963 0.736127 0.158778 0.638139 -0.160268
0.006882 0.617126 1.297986 0.736076 0.159131 0.638082 -0.160377
0.006297 0.617254 1.298008 0.736026 0.159485 0.638024 -0.160489
0.005715 0.617381 1.298030 0.735974 0.159841 0.637965 -0.160604
0.005135 0.617507 1.298051 0.735923 0.160197 0.637905 -0.160722
0.004558 0.617631 1.298072 0.735872 0.160552 0.637845 -0.160842
0.003985 0.617754 1.298091 0.735821 0.160905 0.637784 -0.160965
0.003415 0.617876 1.298111 0.735770 0.161256 0.637722 -0.161090
0.002850 0.617997 1.298130 0.735719 0.161603 0.637660 -0.161218
0.002289 0.618116 1.298148 0.735669 0.161947 0.637598 -0.161347
0.001734 0.618233 1.298166 0.735620 0.162287 0.637535 -0.161479
0.001183 0.618349 1.298184 0.735571 0.162623 0.637472 -0.161612
0.000638 0.618463 1.298201 0.735523 0.162954 0.637410 -0.161746
0.000098 0.618576 1.298218 0.735475 0.163281 0.637347 -0.161881
-0.000436 0.618687 1.298235 0.735428 0.163604 0.637284 -0.162017
-0.000964 0.618796 1.298251 0.735381 0.163922 0.637221 -0.162154
-0.001486 0.618903 1.298267 0.735335 0.164235 0.637158 -0.162292
-0.002002 0.619008 1.298282 0.735290 0.164544 0.637096 -0.162430
-0.002512 0.619112 1.298296 0.735245 0.164848 0.637034 -0.162567
-0.003015 0.619214 1.298311 0.735201 0.165148 0.636972 -0.162705
-0.003512 0.619314 1.298325 0.735157 0.165444 0.636910 -0.162843
-0.004002 0.619412 1.298338 0.735114 0.165735 0.636849 -0.162980
-0.004486 0.619508 1.298351 0.735072 0.166021 0.636788 -0.163116
-0.004963 0.619603 1.298363 0.735030 0.166304 0.636728 -0.163252
-0.005434 0.619696 1.298375 0.734989 0.166582 0.636668 -0.163388
-0.005897 0.619787 1.298387 0.734949 0.166855 0.636608 -0.163522
-0.006348 0.619867 1.298417 0.734874 0.167189 0.636621 -0.163466
-0.006797 0.619946 1.298459 0.734796 0.167526 0.636650 -0.163362
-0.007250 0.620026 1.298508 0.734726 0.167846 0.636671 -0.163268
-0.007707 0.620109 1.298561 0.734665 0.168150 0.636679 -0.163195
-0.008168 0.620194 1.298616 0.734612 0.168444 0.636675 -0.163144
-0.008634 0.620282 1.298673 0.734567 0.168729 0.636660 -0.163115
-0.009103 0.620372 1.298731 0.734526 0.169009 0.636635 -0.163104
-0.009576 0.620463 1.298789 0.734491 0.169286 0.636602 -0.163109
-0.010068 0.620561 1.298844 0.734489 0.169560 0.636510 -0.163186
-0.010560 0.620660 1.298898 0.734485 0.169834 0.636424 -0.163260
-0.011052 0.620756 1.298952 0.734481 0.170090 0.636338 -0.163342
-0.011545 0.620852 1.299005 0.734478 0.170339 0.636253 -0.163429
-0.012039 0.620946 1.299057 0.734473 0.170587 0.636168 -0.163520
-0.012533 0.621040 1.299106 0.734468 0.170836 0.636083 -0.163614
-0.013029 0.621134 1.299154 0.734462 0.171086 0.635998 -0.163713
-0.013524 0.621226 1.299201 0.734454 0.171339 0.635912 -0.163815
-0.014018 0.621321 1.299245 0.734440 0.171614 0.635829 -0.163913
-0.014509 0.621415 1.299287 0.734422 0.171901 0.635748 -0.164010
-0.014997 0.621509 1.299329 0.734400 0.172193 0.635669 -0.164106
-0.015480 0.621602 1.299370 0.734375 0.172489 0.635593 -0.164203
-0.015959 0.621695 1.299410 0.734349 0.172783 0.635518 -0.164301
-0.016433 0.621786 1.299449 0.734322 0.173076 0.635445 -0.164399
-0.016902 0.621875 1.299489 0.734293 0.173365 0.635373 -0.164498
-0.017366 0.621964 1.299528 0.734265 0.173650 0.635302 -0.164598
-0.017824 0.622051 1.299566 0.734236 0.173932 0.635232 -0.164699
-0.018277 0.622137 1.299604 0.734207 0.174209 0.635163 -0.164801
-0.018725 0.622221 1.299642 0.734178 0.174482 0.635095 -0.164904
-0.019166 0.622305 1.299679 0.734150 0.174751 0.635026 -0.165010
-0.019600 0.622388 1.299716 0.734123 0.175015 0.634956 -0.165119
-0.020027 0.622470 1.299753 0.734097 0.175272 0.634886 -0.165230
-0.020448 0.622550 1.299789 0.734073 0.175523 0.634815 -0.165343
-0.020862 0.622630 1.299826 0.734054 0.175758 0.634740 -0.165466
-0.021270 0.622708 1.299863 0.734039 0.175983 0.634662 -0.165593
-0.021671 0.622785 1.299899 0.734027 0.176198 0.634583 -0.165723
-0.022067 0.622860 1.299934 0.734015 0.176407 0.634503 -0.165854
-0.022456 0.622934 1.299969 0.734005 0.176609 0.634425 -0.165986
-0.022839 0.623007 1.300003 0.733995 0.176808 0.634347 -0.166117
-0.023216 0.623078 1.300037 0.733985 0.177002 0.634270 -0.166248
-0.023587 0.623147 1.300069 0.733975 0.177192 0.634194 -0.166376
-0.023952 0.623215 1.300101 0.733965 0.177379 0.634120 -0.166503
-0.024298 0.623259 1.300144 0.733910 0.177553 0.634137 -0.166496
-0.024638 0.623289 1.300199 0.733853 0.177681 0.634179 -0.166453
-0.024976 0.623313 1.300259 0.733801 0.177778 0.634225 -0.166402
-0.025320 0.623331 1.300320 0.733762 0.177850 0.634261 -0.166360
-0.025670 0.623349 1.300380 0.733733 0.177915 0.634284 -0.166331
-0.026027 0.623366 1.300436 0.733709 0.177977 0.634299 -0.166312
-0.026402 0.623388 1.300487 0.733695 0.178061 0.634288 -0.166325
-0.026780 0.623409 1.300536 0.733678 0.178145 0.634281 -0.166336
-0.027162 0.623430 1.300583 0.733661 0.178229 0.634274 -0.166350
-0.027560 0.623455 1.300624 0.733652 0.178337 0.634242 -0.166394
-0.027959 0.623480 1.300665 0.733640 0.178442 0.634217 -0.166432
-0.028358 0.623504 1.300703 0.733626 0.178548 0.634193 -0.166472
-0.028759 0.623529 1.300740 0.733613 0.178655 0.634166 -0.166515
-0.029161 0.623553 1.300774 0.733601 0.178765 0.634137 -0.166562
-0.029577 0.623582 1.300804 0.733596 0.178899 0.634085 -0.166639
-0.029990 0.623610 1.300833 0.733587 0.179031 0.634039 -0.166710
-0.030402 0.623637 1.300861 0.733578 0.179162 0.633994 -0.166780
-0.030825 0.623669 1.300885 0.733576 0.179313 0.633928 -0.166877
-0.031244 0.623699 1.300909 0.733570 0.179460 0.633871 -0.166965
-0.031659 0.623728 1.300932 0.733562 0.179603 0.633816 -0.167050
-0.032072 0.623756 1.300953 0.733555 0.179745 0.633762 -0.167136
-0.032483 0.623785 1.300973 0.733547 0.179887 0.633708 -0.167223
-0.032902 0.623816 1.300990 0.733546 0.180050 0.633633 -0.167336
-0.033329 0.623851 1.301005 0.733548 0.180229 0.633545 -0.167465
-0.033747 0.623883 1.301019 0.733546 0.180397 0.633471 -0.167579
-0.034160 0.623914 1.301034 0.733540 0.180558 0.633402 -0.167687
-0.034567 0.623943 1.301047 0.733534 0.180714 0.633337 -0.167792
-0.034969 0.623972 1.301060 0.733528 0.180868 0.633273 -0.167895
-0.035367 0.624000 1.301072 0.733522 0.181020 0.633209 -0.167999
-0.035772 0.624031 1.301081 0.733522 0.181192 0.633126 -0.168126
-0.036181 0.624064 1.301088 0.733525 0.181378 0.633032 -0.168266
-0.036581 0.624096 1.301095 0.733523 0.181552 0.632951 -0.168391
-0.036973 0.624125 1.301103 0.733519 0.181718 0.632878 -0.168508
-0.037359 0.624153 1.301110 0.733513 0.181878 0.632808 -0.168621
-0.037739 0.624179 1.301116 0.733508 0.182034 0.632740 -0.168732
-0.038124 0.624209 1.301120 0.733508 0.182207 0.632655 -0.168863
-0.038512 0.624241 1.301123 0.733511 0.182392 0.632560 -0.169007
-0.038887 0.624270 1.301126 0.733508 0.182562 0.632480 -0.169132
-0.039253 0.624297 1.301131 0.733503 0.182720 0.632410 -0.169248
-0.039611 0.624322 1.301136 0.733496 0.182871 0.632344 -0.169358
-0.039933 0.624312 1.301158 0.733468 0.182995 0.632349 -0.169330
-0.040244 0.624290 1.301187 0.733446 0.183090 0.632362 -0.169274
-0.040564 0.624267 1.301212 0.733448 0.183208 0.632335 -0.169238
-0.040890 0.624244 1.301232 0.733460 0.183332 0.632290 -0.169221
-0.041221 0.624221 1.301248 0.733476 0.183462 0.632235 -0.169217
-0.041556 0.624198 1.301260 0.733493 0.183599 0.632174 -0.169220
-0.041895 0.624177 1.301268 0.733512 0.183741 0.632108 -0.169231
-0.042236 0.624156 1.301272 0.733531 0.183889 0.632039 -0.169247
-0.042580 0.624135 1.301273 0.733550 0.184042 0.631966 -0.169269
-0.042925 0.624115 1.301272 0.733569 0.184198 0.631891 -0.169295
-0.043271 0.624096 1.301268 0.733589 0.184359 0.631813 -0.169325
-0.043606 0.624073 1.301265 0.733602 0.184501 0.631754 -0.169335
-0.043932 0.624048 1.301260 0.733612 0.184632 0.631705 -0.169335
-0.044251 0.624022 1.301255 0.733620 0.184754 0.631660 -0.169329
-0.044563 0.623994 1.301248 0.733628 0.184872 0.631619 -0.169321
-0.044879 0.623969 1.301239 0.733642 0.185005 0.631561 -0.169333
-0.045199 0.623947 1.301227 0.733658 0.185150 0.631493 -0.169358
-0.045519 0.623926 1.301214 0.733675 0.185303 0.631420 -0.169390
-0.045841 0.623906 1.301199 0.733693 0.185461 0.631342 -0.169429
-0.046151 0.623884 1.301185 0.733705 0.185604 0.631281 -0.169450
-0.046453 0.623861 1.301172 0.733714 0.185735 0.631228 -0.169462
-0.046747 0.623836 1.301159 0.733722 0.185859 0.631180 -0.169469
-0.047043 0.623814 1.301143 0.733735 0.185994 0.631118 -0.169494
-0.047341 0.623794 1.301127 0.733750 0.186139 0.631048 -0.169530
-0.047640 0.623775 1.301110 0.733766 0.186290 0.630974 -0.169572
-0.047938 0.623758 1.301093 0.733782 0.186444 0.630897 -0.169620
-0.048235 0.623742 1.301075 0.733798 0.186601 0.630818 -0.169671
-0.048530 0.623727 1.301057 0.733815 0.186758 0.630739 -0.169724
-0.048814 0.623710 1.301041 0.733825 0.186898 0.630676 -0.169759
-0.049088 0.623690 1.301025 0.733833 0.187024 0.630622 -0.169784
-0.049363 0.623673 1.301009 0.733844 0.187159 0.630559 -0.169823
-0.049638 0.623657 1.300992 0.733857 0.187299 0.630489 -0.169869
-0.049912 0.623642 1.300975 0.733870 0.187443 0.630417 -0.169921
-0.050184 0.623628 1.300958 0.733884 0.187589 0.630344 -0.169975
-0.050454 0.623616 1.300941 0.733897 0.187736 0.630269 -0.170032
-0.050722 0.623604 1.300924 0.733910 0.187883 0.630195 -0.170091
-0.050977 0.623589 1.300910 0.733917 0.188009 0.630139 -0.170128
-0.051219 0.623572 1.300897 0.733921 0.188121 0.630094 -0.170154
-0.051452 0.623554 1.300885 0.733923 0.188223 0.630056 -0.170172
-0.051676 0.623535 1.300874 0.733924 0.188318 0.630023 -0.170186
-0.051841 0.623445 1.300906 0.733922 0.188312 0.630061 -0.170057
-0.052000 0.623322 1.300948 0.733935 0.188300 0.630089 -0.169913
-0.052156 0.623180 1.300991 0.733941 0.188270 0.630134 -0.169752
-0.052310 0.623028 1.301030 0.733938 0.188231 0.630198 -0.169573
-0.052467 0.622870 1.301066 0.733926 0.188190 0.630276 -0.169381
-0.052627 0.622709 1.301096 0.733910 0.188151 0.630360 -0.169182
-0.052792 0.622547 1.301121 0.733891 0.188115 0.630446 -0.168981
-0.052960 0.622386 1.301141 0.733872 0.188086 0.630530 -0.168782
-0.053134 0.622226 1.301156 0.733853 0.188063 0.630612 -0.168586
-0.053312 0.622067 1.301167 0.733834 0.188046 0.630689 -0.168396
-0.053494 0.621910 1.301175 0.733817 0.188036 0.630761 -0.168213
-0.053680 0.621755 1.301178 0.733801 0.188032 0.630828 -0.168035
-0.053870 0.621603 1.301179 0.733786 0.188035 0.630890 -0.167865
-0.054064 0.621453 1.301177 0.733772 0.188044 0.630947 -0.167702
-0.054260 0.621306 1.301172 0.733759 0.188058 0.631000 -0.167546
-0.054459 0.621162 1.301166 0.733747 0.188077 0.631047 -0.167396
-0.054660 0.621020 1.301158 0.733736 0.188101 0.631091 -0.167254
-0.054863 0.620881 1.301148 0.733726 0.188129 0.631130 -0.167117
-0.055068 0.620744 1.301137 0.733717 0.188162 0.631166 -0.166988
-0.055273 0.620611 1.301125 0.733708 0.188197 0.631198 -0.166864
-0.055480 0.620479 1.301113 0.733699 0.188237 0.631227 -0.166746
-0.055688 0.620351 1.301099 0.733692 0.188279 0.631253 -0.166634
-0.055896 0.620225 1.301085 0.733684 0.188324 0.631277 -0.166527
-0.056104 0.620102 1.301071 0.733677 0.188372 0.631298 -0.166425
-0.056311 0.619981 1.301056 0.733670 0.188421 0.631316 -0.166328
-0.056519 0.619862 1.301041 0.733664 0.188473 0.631333 -0.166236
-0.056726 0.619746 1.301025 0.733657 0.188526 0.631347 -0.166148
-0.056932 0.619632 1.301010 0.733651 0.188581 0.631360 -0.166065
-0.057137 0.619521 1.300994 0.733645 0.188638 0.631371 -0.165986
-0.057342 0.619411 1.300978 0.733639 0.188696 0.631381 -0.165910
-0.057544 0.619304 1.300962 0.733633 0.188754 0.631390 -0.165838
-0.057746 0.619199 1.300946 0.733626 0.188814 0.631397 -0.165769
-0.057945 0.619096 1.300931 0.733620 0.188874 0.631403 -0.165704
-0.058143 0.618995 1.300915 0.733614 0.188935 0.631408 -0.165642
-0.058339 0.618896 1.300899 0.733608 0.188996 0.631413 -0.165582
-0.058533 0.618799 1.300884 0.733602 0.189058 0.631416 -0.165525
-0.058725 0.618704 1.300868 0.733596 0.189120 0.631419 -0.165471
-0.058915 0.618610 1.300853 0.733589 0.189182 0.631422 -0.165419
-0.059102 0.618519 1.300837 0.733583 0.189244 0.631423 -0.165369
-0.059288 0.618429 1.300822 0.733576 0.189307 0.631425 -0.165322
-0.059443 0.618263 1.300857 0.733659 0.189413 0.631332 -0.165189
-0.059575 0.618063 1.300918 0.733746 0.189408 0.631267 -0.165053
-0.059689 0.617844 1.300995 0.733817 0.189342 0.631249 -0.164886
-0.059792 0.617616 1.301081 0.733869 0.189240 0.631270 -0.164690
-0.059888 0.617384 1.301172 0.733906 0.189118 0.631320 -0.164473
-0.059980 0.617150 1.301267 0.733934 0.188984 0.631387 -0.164245
-0.060069 0.616918 1.301363 0.733954 0.188843 0.631466 -0.164011
-0.060157 0.616688 1.301459 0.733970 0.188700 0.631552 -0.163776
-0.060244 0.616461 1.301555 0.733982 0.188557 0.631641 -0.163544
-0.060332 0.616238 1.301650 0.733991 0.188415 0.631732 -0.163315
-0.060419 0.616018 1.301745 0.733999 0.188276 0.631822 -0.163090
-0.060506 0.615802 1.301838 0.734005 0.188141 0.631912 -0.162871
-0.060593 0.615590 1.301929 0.734009 0.188009 0.632001 -0.162658
-0.060680 0.615381 1.302020 0.734013 0.187881 0.632089 -0.162450
-0.060767 0.615176 1.302108 0.734015 0.187758 0.632175 -0.162248
-0.060854 0.614975 1.302195 0.734016 0.187638 0.632259 -0.162052
-0.060941 0.614777 1.302281 0.734017 0.187523 0.632341 -0.161860
-0.061027 0.614583 1.302364 0.734017 0.187411 0.632422 -0.161674
-0.061113 0.614393 1.302447 0.734016 0.187303 0.632501 -0.161493
-0.061198 0.614206 1.302527 0.734015 0.187199 0.632579 -0.161317
-0.061283 0.614022 1.302606 0.734012 0.187098 0.632655 -0.161145
-0.061367 0.613841 1.302683 0.734010 0.187000 0.632730 -0.160978
-0.061449 0.613663 1.302759 0.734006 0.186906 0.632803 -0.160815
-0.061531 0.613489 1.302833 0.734003 0.186814 0.632874 -0.160656
-0.061612 0.613317 1.302906 0.733998 0.186726 0.632945 -0.160501
-0.061692 0.613149 1.302977 0.733993 0.186641 0.633014 -0.160350
-0.061771 0.612983 1.303046 0.733988 0.186558 0.633082 -0.160202
-0.061848 0.612820 1.303114 0.733982 0.186477 0.633149 -0.160058
-0.061925 0.612660 1.303181 0.733976 0.186399 0.633214 -0.159917
-0.062000 0.612503 1.303246 0.733970 0.186324 0.633279 -0.159780
-0.062074 0.612348 1.303310 0.733963 0.186251 0.633342 -0.159645
-0.062146 0.612196 1.303373 0.733956 0.186180 0.633405 -0.159514
-0.062217 0.612046 1.303434 0.733948 0.186110 0.633466 -0.159385
-0.062287 0.611899 1.303494 0.733941 0.186043 0.633526 -0.159259
-0.062355 0.611755 1.303553 0.733933 0.185978 0.633586 -0.159136
-0.062422 0.611612 1.303610 0.733924 0.185914 0.633645 -0.159015
-0.062487 0.611473 1.303667 0.733916 0.185852 0.633702 -0.158897
-0.062552 0.611335 1.303722 0.733907 0.185792 0.633759 -0.158781
-0.062614 0.611200 1.303776 0.733898 0.185733 0.633815 -0.158668
-0.062675 0.611067 1.303830 0.733888 0.185676 0.633871 -0.158557
-0.062710 0.610842 1.303937 0.733980 0.185658 0.633829 -0.158322
-0.062727 0.610564 1.304065 0.734093 0.185540 0.633797 -0.158062
-0.062734 0.610253 1.304198 0.734197 0.185350 0.633806 -0.157766
-0.062736 0.609922 1.304332 0.734285 0.185123 0.633853 -0.157436
-0.062738 0.609578 1.304461 0.734359 0.184878 0.633926 -0.157081
-0.062742 0.609226 1.304585 0.734423 0.184628 0.634017 -0.156712
-0.062748 0.608869 1.304703 0.734480 0.184379 0.634116 -0.156335
-0.062759 0.608508 1.304815 0.734531 0.184135 0.634221 -0.155955
-0.062772 0.608145 1.304920 0.734579 0.183898 0.634326 -0.155577
-0.062789 0.607781 1.305020 0.734625 0.183670 0.634431 -0.155203
-0.062807 0.607416 1.305114 0.734668 0.183451 0.634535 -0.154833
-0.062828 0.607052 1.305203 0.734708 0.183241 0.634639 -0.154467
-0.062851 0.606691 1.305286 0.734746 0.183039 0.634742 -0.154103
-0.062877 0.606334 1.305364 0.734781 0.182845 0.634844 -0.153744
-0.062905 0.605980 1.305438 0.734815 0.182660 0.634944 -0.153390
-0.062936 0.605631 1.305507 0.734847 0.182483 0.635042 -0.153042
-0.062969 0.605287 1.305572 0.734878 0.182313 0.635137 -0.152701
-0.063004 0.604948 1.305633 0.734908 0.182150 0.635228 -0.152367
-0.063042 0.604614 1.305691 0.734938 0.181995 0.635317 -0.152041
-0.063081 0.604285 1.305747 0.734967 0.181846 0.635403 -0.151722
-0.063123 0.603961 1.305800 0.734995 0.181703 0.635485 -0.151410
-0.063166 0.603643 1.305850 0.735022 0.181566 0.635565 -0.151106
-0.063210 0.603329 1.305899 0.735049 0.181434 0.635643 -0.150809
-0.063256 0.603021 1.305946 0.735074 0.181308 0.635718 -0.150520
-0.063303 0.602719 1.305991 0.735099 0.181186 0.635790 -0.150237
-0.063351 0.602421 1.306035 0.735123 0.181070 0.635861 -0.149962
-0.063399 0.602128 1.306077 0.735146 0.180957 0.635929 -0.149693
-0.063449 0.601841 1.306119 0.735169 0.180849 0.635996 -0.149431
-0.063498 0.601558 1.306159 0.735190 0.180745 0.636061 -0.149176
-0.063549 0.601281 1.306199 0.735210 0.180644 0.636124 -0.148927
-0.063599 0.601008 1.306237 0.735230 0.180547 0.636186 -0.148684
-0.063650 0.600741 1.306275 0.735248 0.180454 0.636247 -0.148447
-0.063701 0.600477 1.306312 0.735266 0.180364 0.636306 -0.148216
-0.063751 0.600219 1.306349 0.735283 0.180276 0.636364 -0.147990
-0.063802 0.599965 1.306385 0.735298 0.180192 0.636421 -0.147770
-0.063852 0.599716 1.306420 0.735313 0.180110 0.636476 -0.147556
-0.063902 0.599471 1.306455 0.735327 0.180031 0.636531 -0.147346
-0.063952 0.599230 1.306489 0.735341 0.179954 0.636585 -0.147142
-0.064001 0.598994 1.306523 0.735353 0.179879 0.636638 -0.146942
-0.064050 0.598762 1.306556 0.735364 0.179807 0.636690 -0.146747
-0.064078 0.598460 1.306648 0.735460 0.179749 0.636678 -0.146389
-0.064096 0.598116 1.306771 0.735571 0.179545 0.636696 -0.146006
-0.064111 0.597747 1.306912 0.735671 0.179252 0.636757 -0.145596
-0.064131 0.597364 1.307064 0.735756 0.178911 0.636853 -0.145164
-0.064161 0.596971 1.307222 0.735826 0.178548 0.636974 -0.144721
-0.064201 0.596574 1.307383 0.735885 0.178179 0.637110 -0.144276
-0.064253 0.596177 1.307545 0.735936 0.177814 0.637253 -0.143836
-0.064317 0.595780 1.307707 0.735980 0.177457 0.637399 -0.143407
-0.064391 0.595385 1.307867 0.736019 0.177113 0.637543 -0.142990
-0.064476 0.594992 1.308026 0.736054 0.176782 0.637684 -0.142588
-0.064583 0.594610 1.308182 0.736086 0.176509 0.637803 -0.142229
-0.064706 0.594236 1.308335 0.736116 0.176274 0.637907 -0.141901
-0.064843 0.593868 1.308487 0.736143 0.176065 0.638000 -0.141599
-0.064989 0.593505 1.308638 0.736168 0.175875 0.638086 -0.141318
-0.065143 0.593147 1.308787 0.736190 0.175700 0.638167 -0.141053
-0.065302 0.592792 1.308934 0.736211 0.175535 0.638244 -0.140802
-0.065454 0.592434 1.309082 0.736229 0.175346 0.638333 -0.140542
-0.065601 0.592075 1.309227 0.736244 0.175146 0.638428 -0.140279
-0.065742 0.591715 1.309372 0.736257 0.174941 0.638527 -0.140015
-0.065879 0.591355 1.309514 0.736268 0.174737 0.638628 -0.139752
-0.066010 0.590995 1.309654 0.736276 0.174534 0.638731 -0.139492
-0.066136 0.590636 1.309792 0.736282 0.174334 0.638836 -0.139233
-0.066255 0.590278 1.309928 0.736285 0.174137 0.638941 -0.138977
-0.066367 0.589920 1.310062 0.736286 0.173942 0.639048 -0.138723
-0.066471 0.589562 1.310195 0.736286 0.173751 0.639156 -0.138470
-0.066568 0.589205 1.310326 0.736283 0.173561 0.639265 -0.138218
-0.066656 0.588849 1.310455 0.736278 0.173374 0.639375 -0.137968
-0.066735 0.588493 1.310584 0.736272 0.173187 0.639488 -0.137717
-0.066806 0.588139 1.310710 0.736262 0.173001 0.639603 -0.137464
-0.066881 0.587794 1.310833 0.736250 0.172854 0.639707 -0.137232
-0.066957 0.587457 1.310953 0.736236 0.172729 0.639803 -0.137013
-0.067034 0.587127 1.311071 0.736221 0.172618 0.639895 -0.136804
-0.067098 0.586797 1.311187 0.736205 0.172480 0.639999 -0.136580
-0.067153 0.586470 1.311302 0.736188 0.172326 0.640110 -0.136347
-0.067199 0.586145 1.311416 0.736170 0.172162 0.640226 -0.136108
-0.067239 0.585823 1.311527 0.736151 0.171994 0.640344 -0.135866
-0.067282 0.585510 1.311636 0.736132 0.171857 0.640450 -0.135644
-0.067317 0.585200 1.311743 0.736112 0.171704 0.640562 -0.135415
-0.067355 0.584899 1.311848 0.736092 0.171578 0.640664 -0.135203
-0.067385 0.584599 1.311952 0.736071 0.171434 0.640772 -0.134982
-0.067395 0.584251 1.312100 0.736119 0.171354 0.640841 -0.134495
-0.067417 0.583884 1.312275 0.736218 0.171147 0.640875 -0.134054
-0.067452 0.583507 1.312467 0.736326 0.170885 0.640913 -0.133615
-0.067488 0.583117 1.312672 0.736427 0.170559 0.640984 -0.133137
-0.067529 0.582720 1.312885 0.736523 0.170188 0.641072 -0.132650
-0.067580 0.582319 1.313104 0.736613 0.169794 0.641173 -0.132166
-0.067641 0.581917 1.313327 0.736695 0.169393 0.641283 -0.131691
-0.067714 0.581514 1.313551 0.736770 0.168995 0.641397 -0.131227
-0.067800 0.581112 1.313777 0.736837 0.168606 0.641514 -0.130777
-0.067896 0.580711 1.314003 0.736897 0.168228 0.641633 -0.130342
-0.068005 0.580311 1.314229 0.736950 0.167864 0.641752 -0.129923
-0.068124 0.579913 1.314455 0.736997 0.167513 0.641872 -0.129520
-0.068255 0.579516 1.314680 0.737037 0.167178 0.641991 -0.129132
-0.068395 0.579121 1.314904 0.737072 0.166857 0.642110 -0.128759
-0.068545 0.578727 1.315126 0.737100 0.166550 0.642229 -0.128402
-0.068703 0.578335 1.315348 0.737122 0.166258 0.642347 -0.128058
-0.068870 0.577943 1.315567 0.737139 0.165979 0.642466 -0.127727
-0.069046 0.577553 1.315786 0.737150 0.165714 0.642585 -0.127410
-0.069228 0.577164 1.316002 0.737157 0.165461 0.642703 -0.127105
-0.069416 0.576777 1.316217 0.737159 0.165222 0.642819 -0.126813
-0.069609 0.576393 1.316428 0.737158 0.164995 0.642934 -0.126533
-0.069805 0.576012 1.316637 0.737154 0.164781 0.643046 -0.126265
-0.070003 0.575632 1.316843 0.737148 0.164577 0.643156 -0.126009
-0.070203 0.575256 1.317046 0.737139 0.164384 0.643263 -0.125763
-0.070402 0.574882 1.317247 0.737128 0.164199 0.643369 -0.125528
-0.070599 0.574510 1.317445 0.737116 0.164024 0.643472 -0.125301
-0.070794 0.574140 1.317641 0.737101 0.163855 0.643575 -0.125081
-0.070986 0.573772 1.317834 0.737084 0.163693 0.643676 -0.124869
-0.071173 0.573406 1.318025 0.737066 0.163537 0.643777 -0.124663
-0.071355 0.573041 1.318213 0.737046 0.163385 0.643878 -0.124461
-0.071531 0.572678 1.318400 0.737024 0.163237 0.643978 -0.124264
-0.071700 0.572317 1.318585 0.737000 0.163092 0.644079 -0.124071
-0.071862 0.571957 1.318768 0.736975 0.162950 0.644181 -0.123881
-0.072015 0.571597 1.318950 0.736948 0.162809 0.644284 -0.123692
-0.072161 0.571239 1.319130 0.736919 0.162670 0.644388 -0.123505
-0.072296 0.570882 1.319309 0.736889 0.162530 0.644493 -0.123319
-0.072423 0.570526 1.319487 0.736857 0.162390 0.644600 -0.123133
-0.072539 0.570170 1.319664 0.736824 0.162250 0.644709 -0.122946
-0.072646 0.569817 1.319839 0.736788 0.162107 0.644822 -0.122756
-0.072744 0.569467 1.320011 0.736750 0.161964 0.644939 -0.122562
-0.072818 0.569085 1.320214 0.736762 0.161884 0.645041 -0.122056
-0.072885 0.568685 1.320434 0.736812 0.161681 0.645136 -0.121517
-0.072950 0.568274 1.320664 0.736883 0.161381 0.645231 -0.120981
-0.073018 0.567856 1.320902 0.736965 0.161019 0.645326 -0.120455
-0.073092 0.567435 1.321145 0.737054 0.160620 0.645419 -0.119945
-0.073172 0.567013 1.321392 0.737148 0.160197 0.645508 -0.119455
-0.073261 0.566590 1.321641 0.737247 0.159758 0.645590 -0.118986
-0.073359 0.566168 1.321893 0.737350 0.159308 0.645665 -0.118541
-0.073464 0.565748 1.322145 0.737458 0.158851 0.645732 -0.118120
-0.073578 0.565329 1.322398 0.737570 0.158388 0.645790 -0.117724
-0.073700 0.564912 1.322651 0.737680 0.157928 0.645845 -0.117348
-0.073830 0.564496 1.322904 0.737786 0.157478 0.645900 -0.116988
-0.073968 0.564082 1.323157 0.737885 0.157040 0.645955 -0.116644
-0.074114 0.563670 1.323409 0.737978 0.156616 0.646012 -0.116314
-0.074266 0.563259 1.323660 0.738064 0.156206 0.646070 -0.115997
-0.074425 0.562849 1.323910 0.738142 0.155811 0.646130 -0.115693
-0.074591 0.562440 1.324159 0.738214 0.155430 0.646192 -0.115401
-0.074763 0.562033 1.324407 0.738279 0.155063 0.646256 -0.115120
-0.074940 0.561626 1.324653 0.738337 0.154710 0.646322 -0.114851
-0.075123 0.561220 1.324898 0.738389 0.154371 0.646390 -0.114592
-0.075311 0.560815 1.325141 0.738434 0.154044 0.646460 -0.114343
-0.075504 0.560411 1.325384 0.738474 0.153730 0.646532 -0.114103
-0.075701 0.560008 1.325624 0.738507 0.153427 0.646607 -0.113873
-0.075902 0.559606 1.325863 0.738535 0.153138 0.646682 -0.113652
-0.076105 0.559207 1.326099 0.738559 0.152860 0.646757 -0.113441
-0.076309 0.558809 1.326333 0.738580 0.152593 0.646833 -0.113239
-0.076513 0.558415 1.326564 0.738597 0.152338 0.646907 -0.113046
-0.076716 0.558023 1.326793 0.738610 0.152092 0.646982 -0.112862
-0.076918 0.557634 1.327019 0.738621 0.151856 0.647055 -0.112685
-0.077116 0.557247 1.327243 0.738629 0.151627 0.647129 -0.112515
-0.077310 0.556862 1.327464 0.738635 0.151406 0.647203 -0.112352
-0.077500 0.556479 1.327684 0.738638 0.151192 0.647277 -0.112193
-0.077683 0.556099 1.327901 0.738638 0.150983 0.647352 -0.112039
-0.077861 0.555720 1.328116 0.738636 0.150778 0.647428 -0.111889
-0.078031 0.555343 1.328330 0.738632 0.150578 0.647506 -0.111741
-0.078193 0.554968 1.328542 0.738625 0.150380 0.647585 -0.111596
-0.078347 0.554594 1.328752 0.738616 0.150185 0.647665 -0.111452
-0.078491 0.554221 1.328961 0.738604 0.149992 0.647748 -0.111308
-0.078627 0.553850 1.329169 0.738590 0.149799 0.647832 -0.111165
-0.078752 0.553480 1.329375 0.738574 0.149607 0.647919 -0.111022
-0.078853 0.553083 1.329618 0.738594 0.149492 0.648006 -0.110544
-0.078942 0.552671 1.329883 0.738647 0.149259 0.648088 -0.110022
-0.079028 0.552249 1.330163 0.738716 0.148933 0.648173 -0.109499
-0.079115 0.551823 1.330455 0.738789 0.148553 0.648263 -0.108983
-0.079205 0.551396 1.330757 0.738860 0.148146 0.648360 -0.108478
-0.079301 0.550968 1.331065 0.738926 0.147728 0.648463 -0.107986
-0.079403 0.550542 1.331379 0.738986 0.147307 0.648570 -0.107510
-0.079511 0.550117 1.331697 0.739039 0.146889 0.648680 -0.107050
-0.079626 0.549694 1.332018 0.739085 0.146479 0.648793 -0.106607
-0.079747 0.549274 1.332341 0.739125 0.146078 0.648908 -0.106181
-0.079874 0.548855 1.332665 0.739158 0.145686 0.649025 -0.105772
-0.080008 0.548438 1.332989 0.739185 0.145306 0.649144 -0.105379
-0.080148 0.548023 1.333314 0.739205 0.144936 0.649264 -0.105002
-0.080293 0.547610 1.333639 0.739220 0.144579 0.649385 -0.104640
-0.080443 0.547198 1.333962 0.739229 0.144232 0.649508 -0.104293
-0.080599 0.546788 1.334285 0.739233 0.143896 0.649632 -0.103959
-0.080759 0.546378 1.334607 0.739231 0.143572 0.649757 -0.103638
-0.080924 0.545970 1.334927 0.739224 0.143258 0.649883 -0.103330
-0.081093 0.545562 1.335245 0.739211 0.142955 0.650011 -0.103034
-0.081266 0.545156 1.335562 0.739194 0.142662 0.650140 -0.102749
-0.081444 0.544750 1.335877 0.739173 0.142380 0.650270 -0.102475
-0.081625 0.544344 1.336191 0.739146 0.142107 0.650401 -0.102212
-0.081809 0.543940 1.336502 0.739116 0.141843 0.650532 -0.101960
-0.081995 0.543538 1.336810 0.739082 0.141590 0.650664 -0.101717
-0.082182 0.543138 1.337115 0.739046 0.141346 0.650795 -0.101485
-0.082369 0.542740 1.337417 0.739007 0.141111 0.650924 -0.101263
-0.082555 0.542345 1.337715 0.738966 0.140885 0.651052 -0.101051
-0.082739 0.541953 1.338011 0.738924 0.140666 0.651179 -0.100848
-0.082920 0.541563 1.338303 0.738879 0.140454 0.651305 -0.100652
-0.083096 0.541175 1.338593 0.738834 0.140248 0.651431 -0.100464
-0.083268 0.540790 1.338879 0.738787 0.140048 0.651555 -0.100283
-0.083434 0.540407 1.339163 0.738738 0.139851 0.651680 -0.100106
-0.083594 0.540026 1.339444 0.738688 0.139658 0.651804 -0.099935
-0.083747 0.539646 1.339723 0.738637 0.139468 0.651928 -0.099767
-0.083892 0.539269 1.339999 0.738584 0.139280 0.652053 -0.099603
-0.084029 0.538892 1.340273 0.738530 0.139093 0.652179 -0.099441
-0.084157 0.538518 1.340544 0.738475 0.138907 0.652305 -0.099281
-0.084275 0.538144 1.340814 0.738419 0.138721 0.652433 -0.099122
-0.084384 0.537772 1.341082 0.738361 0.138534 0.652562 -0.098964
-0.084483 0.537401 1.341348 0.738303 0.138346 0.652692 -0.098806
-0.084562 0.537005 1.341654 0.738259 0.138273 0.652832 -0.098308
-0.084632 0.536593 1.341989 0.738239 0.138118 0.652973 -0.097737
-0.084700 0.536174 1.342346 0.738230 0.137880 0.653120 -0.097161
-0.084770 0.535751 1.342720 0.738222 0.137589 0.653274 -0.096596
-0.084844 0.535328 1.343108 0.738212 0.137267 0.653434 -0.096048
-0.084924 0.534907 1.343507 0.738197 0.136930 0.653599 -0.095518
-0.085011 0.534488 1.343914 0.738177 0.136587 0.653767 -0.095010
-0.085104 0.534071 1.344328 0.738152 0.136243 0.653937 -0.094524
-0.085205 0.533657 1.344747 0.738122 0.135902 0.654110 -0.094059
-0.085312 0.533246 1.345169 0.738087 0.135565 0.654283 -0.093616
-0.085426 0.532838 1.345593 0.738046 0.135236 0.654457 -0.093194
-0.085546 0.532432 1.346018 0.738002 0.134913 0.654631 -0.092791
-0.085672 0.532028 1.346444 0.737952 0.134599 0.654806 -0.092408
-0.085804 0.531626 1.346869 0.737899 0.134292 0.654980 -0.092042
-0.085941 0.531226 1.347294 0.737841 0.133995 0.655155 -0.091693
-0.086084 0.530827 1.347717 0.737780 0.133705 0.655330 -0.091361
-0.086231 0.530430 1.348139 0.737715 0.133424 0.655504 -0.091043
-0.086383 0.530033 1.348559 0.737647 0.133151 0.655679 -0.090740
-0.086540 0.529637 1.348976 0.737575 0.132887 0.655853 -0.090451
-0.086700 0.529242 1.349391 0.737500 0.132630 0.656027 -0.090175
-0.086863 0.528849 1.349802 0.737424 0.132383 0.656199 -0.089911
-0.087028 0.528459 1.350210 0.737345 0.132143 0.656370 -0.089660
-0.087194 0.528071 1.350614 0.737265 0.131911 0.656539 -0.089422
-0.087359 0.527685 1.351013 0.737185 0.131687 0.656705 -0.089195
-0.087523 0.527302 1.351409 0.737103 0.131469 0.656869 -0.088979
-0.087685 0.526922 1.351800 0.737021 0.131257 0.657032 -0.088772
-0.087843 0.526544 1.352187 0.736939 0.131050 0.657192 -0.088575
-0.087997 0.526168 1.352571 0.736856 0.130848 0.657351 -0.088386
-0.088146 0.525794 1.352950 0.736773 0.130649 0.657508 -0.088203
-0.088289 0.525422 1.353326 0.736689 0.130453 0.657665 -0.088027
-0.088425 0.525052 1.353697 0.736605 0.130259 0.657820 -0.087855
-0.088554 0.524683 1.354066 0.736520 0.130067 0.657975 -0.087689
-0.088676 0.524316 1.354430 0.736435 0.129875 0.658130 -0.087526
-0.088789 0.523951 1.354792 0.736350 0.129683 0.658284 -0.087365
-0.088894 0.523586 1.355150 0.736264 0.129490 0.658439 -0.087207
-0.088989 0.523223 1.355505 0.736178 0.129297 0.658594 -0.087051
-0.089075 0.522860 1.355857 0.736092 0.129101 0.658750 -0.086896
-0.089151 0.522499 1.356206 0.736005 0.128904 0.658906 -0.086741
-0.089217 0.522138 1.356553 0.735918 0.128704 0.659062 -0.086586
-0.089272 0.521777 1.356896 0.735830 0.128502 0.659220 -0.086430
-0.089318 0.521393 1.357278 0.735753 0.128473 0.659375 -0.085950
-0.089364 0.520996 1.357693 0.735675 0.128391 0.659546 -0.085421
-0.089415 0.520594 1.358133 0.735596 0.128253 0.659730 -0.084894
-0.089474 0.520191 1.358594 0.735513 0.128079 0.659921 -0.084383
-0.089541 0.519789 1.359071 0.735427 0.127881 0.660118 -0.083895
-0.089618 0.519389 1.359562 0.735337 0.127670 0.660317 -0.083431
-0.089704 0.518993 1.360063 0.735244 0.127451 0.660519 -0.082995
-0.089799 0.518600 1.360572 0.735147 0.127230 0.660721 -0.082585
-0.089904 0.518210 1.361086 0.735046 0.127008 0.660923 -0.082201
-0.090018 0.517824 1.361605 0.734943 0.126789 0.661125 -0.081842
-0.090140 0.517441 1.362127 0.734836 0.126573 0.661326 -0.081507
-0.090269 0.517061 1.362650 0.734727 0.126361 0.661526 -0.081194
-0.090404 0.516684 1.363172 0.734616 0.126154 0.661725 -0.080903
-0.090544 0.516312 1.363694 0.734503 0.125954 0.661921 -0.080633
-0.090688 0.515943 1.364213 0.734389 0.125759 0.662114 -0.080383
-0.090834 0.515579 1.364729 0.734275 0.125570 0.662305 -0.080150
-0.090980 0.515217 1.365242 0.734160 0.125386 0.662493 -0.079934
-0.091127 0.514859 1.365752 0.734045 0.125207 0.662679 -0.079732
-0.091272 0.514504 1.366257 0.733930 0.125032 0.662862 -0.079544
-0.091414 0.514152 1.366758 0.733815 0.124860 0.663043 -0.079368
-0.091553 0.513802 1.367254 0.733700 0.124690 0.663222 -0.079202
-0.091687 0.513454 1.367746 0.733585 0.124522 0.663400 -0.079045
-0.091817 0.513108 1.368233 0.733470 0.124355 0.663576 -0.078896
-0.091940 0.512763 1.368716 0.733355 0.124189 0.663751 -0.078753
-0.092057 0.512420 1.369193 0.733241 0.124022 0.663924 -0.078616
-0.092166 0.512078 1.369666 0.733127 0.123855 0.664097 -0.078484
-0.092268 0.511736 1.370135 0.733013 0.123686 0.664270 -0.078355
-0.092361 0.511396 1.370598 0.732899 0.123515 0.664442 -0.078229
-0.092446 0.511056 1.371057 0.732786 0.123342 0.664613 -0.078105
-0.092521 0.510717 1.371512 0.732673 0.123166 0.664785 -0.077982
-0.092587 0.510378 1.371962 0.732560 0.122987 0.664957 -0.077860
-0.092643 0.510039 1.372408 0.732448 0.122804 0.665128 -0.077738
-0.092689 0.509701 1.372849 0.732336 0.122617 0.665301 -0.077616
-0.092724 0.509362 1.373287 0.732224 0.122426 0.665473 -0.077492
-0.092749 0.509024 1.373720 0.732113 0.122230 0.665646 -0.077368
-0.092763 0.508685 1.374149 0.732002 0.122029 0.665820 -0.077241
-0.092766 0.508346 1.374574 0.731891 0.121824 0.665994 -0.077112
-0.092758 0.508007 1.374996 0.731780 0.121613 0.666170 -0.076981
-0.092738 0.507667 1.375414 0.731670 0.121396 0.666346 -0.076847
-0.092708 0.507327 1.375828 0.731560 0.121174 0.666522 -0.076711
-0.092677 0.506958 1.376271 0.731449 0.121159 0.666699 -0.076259
-0.092649 0.506574 1.376734 0.731351 0.121112 0.666871 -0.075763
-0.092626 0.506183 1.377212 0.731260 0.121018 0.667044 -0.075272
-0.092610 0.505789 1.377700 0.731171 0.120893 0.667218 -0.074795
-0.092602 0.505396 1.378196 0.731083 0.120748 0.667391 -0.074338
-0.092599 0.505005 1.378699 0.730995 0.120592 0.667565 -0.073902
-0.092603 0.504617 1.379204 0.730906 0.120429 0.667737 -0.073489
-0.092612 0.504232 1.379712 0.730817 0.120264 0.667907 -0.073098
-0.092625 0.503852 1.380222 0.730727 0.120098 0.668076 -0.072728
-0.092640 0.503475 1.380731 0.730636 0.119931 0.668243 -0.072379
-0.092658 0.503102 1.381239 0.730545 0.119765 0.668408 -0.072049
-0.092676 0.502733 1.381746 0.730453 0.119599 0.668572 -0.071736
-0.092693 0.502367 1.382250 0.730361 0.119433 0.668734 -0.071439
-0.092710 0.502004 1.382752 0.730268 0.119267 0.668895 -0.071156
-0.092724 0.501643 1.383251 0.730175 0.119101 0.669054 -0.070887
-0.092735 0.501285 1.383747 0.730082 0.118935 0.669213 -0.070629
-0.092743 0.500929 1.384240 0.729988 0.118767 0.669372 -0.070381
-0.092746 0.500574 1.384728 0.729894 0.118597 0.669530 -0.070143
-0.092743 0.500221 1.385213 0.729799 0.118425 0.669687 -0.069912
-0.092735 0.499870 1.385694 0.729705 0.118251 0.669844 -0.069687
-0.092721 0.499519 1.386171 0.729610 0.118074 0.670002 -0.069469
-0.092700 0.499169 1.386644 0.729514 0.117894 0.670159 -0.069255
-0.092672 0.498820 1.387112 0.729419 0.117710 0.670317 -0.069045
-0.092636 0.498472 1.387577 0.729323 0.117522 0.670475 -0.068838
-0.092592 0.498124 1.388037 0.729228 0.117330 0.670634 -0.068633
-0.092540 0.497776 1.388493 0.729132 0.117133 0.670793 -0.068431
-0.092479 0.497428 1.388945 0.729036 0.116931 0.670953 -0.068229
-0.092410 0.497080 1.389393 0.728940 0.116725 0.671114 -0.068029
-0.092331 0.496732 1.389837 0.728844 0.116513 0.671275 -0.067828
-0.092244 0.496384 1.390277 0.728748 0.116295 0.671437 -0.067627
-0.092147 0.496036 1.390713 0.728652 0.116072 0.671600 -0.067426
-0.092042 0.495687 1.391145 0.728556 0.115844 0.671764 -0.067223
-0.091926 0.495337 1.391573 0.728460 0.115609 0.671929 -0.067019
-0.091801 0.494988 1.391997 0.728364 0.115368 0.672095 -0.066814
-0.091667 0.494637 1.392418 0.728268 0.115121 0.672262 -0.066606
-0.091523 0.494286 1.392836 0.728173 0.114868 0.672430 -0.066397
-0.091369 0.493935 1.393250 0.728077 0.114609 0.672598 -0.066185
-0.091206 0.493582 1.393660 0.727981 0.114343 0.672768 -0.065970
-0.091033 0.493229 1.394067 0.727885 0.114071 0.672939 -0.065753
-0.090850 0.492875 1.394471 0.727790 0.113792 0.673111 -0.065533
-0.090676 0.492502 1.394907 0.727650 0.113756 0.673317 -0.065032
-0.090511 0.492124 1.395372 0.727498 0.113709 0.673538 -0.064522
-0.090358 0.491744 1.395862 0.727339 0.113640 0.673768 -0.064030
-0.090215 0.491367 1.396371 0.727178 0.113553 0.674002 -0.063562
-0.090081 0.490992 1.396895 0.727015 0.113450 0.674235 -0.063122
-0.089956 0.490622 1.397430 0.726853 0.113335 0.674468 -0.062711
-0.089839 0.490257 1.397975 0.726692 0.113212 0.674698 -0.062327
-0.089729 0.489896 1.398526 0.726531 0.113081 0.674926 -0.061969
-0.089624 0.489540 1.399082 0.726372 0.112945 0.675151 -0.061637
-0.089523 0.489188 1.399641 0.726213 0.112803 0.675373 -0.061327
-0.089425 0.488840 1.400203 0.726056 0.112657 0.675592 -0.061038
-0.089329 0.488495 1.400765 0.725900 0.112507 0.675809 -0.060768
-0.089234 0.488154 1.401327 0.725745 0.112354 0.676024 -0.060515
-0.089139 0.487815 1.401888 0.725592 0.112196 0.676236 -0.060277
-0.089044 0.487478 1.402447 0.725439 0.112035 0.676446 -0.060052
-0.088946 0.487143 1.403004 0.725288 0.111870 0.676655 -0.059839
-0.088847 0.486810 1.403558 0.725137 0.111701 0.676862 -0.059636
-0.088744 0.486478 1.404109 0.724988 0.111528 0.677067 -0.059441
-0.088638 0.486147 1.404656 0.724840 0.111350 0.677272 -0.059254
-0.088527 0.485817 1.405199 0.724693 0.111167 0.677475 -0.059073
-0.088412 0.485486 1.405738 0.724547 0.110980 0.677677 -0.058896
-0.088291 0.485156 1.406272 0.724403 0.110788 0.677878 -0.058724
-0.088165 0.484826 1.406803 0.724259 0.110590 0.678078 -0.058555
-0.088032 0.484496 1.407328 0.724117 0.110387 0.678278 -0.058388
-0.087894 0.484165 1.407849 0.723976 0.110178 0.678477 -0.058222
-0.087748 0.483834 1.408365 0.723835 0.109963 0.678675 -0.058058
-0.087596 0.483502 1.408876 0.723697 0.109743 0.678873 -0.057893
-0.087437 0.483169 1.409383 0.723559 0.109516 0.679070 -0.057728
-0.087270 0.482835 1.409885 0.723422 0.109283 0.679267 -0.057563
-0.087096 0.482501 1.410382 0.723287 0.109044 0.679464 -0.057396
-0.086914 0.482165 1.410874 0.723153 0.108798 0.679660 -0.057228
-0.086725 0.481828 1.411362 0.723020 0.108546 0.679856 -0.057058
-0.086528 0.481489 1.411845 0.722888 0.108287 0.680052 -0.056886
-0.086323 0.481150 1.412323 0.722757 0.108022 0.680248 -0.056711
-0.086110 0.480809 1.412797 0.722628 0.107750 0.680443 -0.056533
-0.085889 0.480467 1.413267 0.722499 0.107472 0.680639 -0.056353
-0.085660 0.480123 1.413732 0.722372 0.107187 0.680834 -0.056169
-0.085423 0.479779 1.414193 0.722245 0.106895 0.681030 -0.055982
-0.085179 0.479432 1.414650 0.722120 0.106597 0.681225 -0.055792
-0.084926 0.479084 1.415102 0.721995 0.106292 0.681420 -0.055598
-0.084682 0.478727 1.415579 0.721828 0.106292 0.681637 -0.055117
-0.084449 0.478368 1.416075 0.721641 0.106323 0.681870 -0.054623
-0.084225 0.478008 1.416585 0.721445 0.106353 0.682111 -0.054142
-0.084009 0.477650 1.417106 0.721245 0.106374 0.682355 -0.053682
-0.083800 0.477293 1.417635 0.721046 0.106384 0.682598 -0.053245
-0.083598 0.476938 1.418170 0.720848 0.106384 0.682839 -0.052829
-0.083400 0.476586 1.418709 0.720652 0.106374 0.683078 -0.052435
-0.083207 0.476236 1.419250 0.720458 0.106355 0.683314 -0.052061
-0.083017 0.475889 1.419794 0.720267 0.106326 0.683547 -0.051706
-0.082829 0.475543 1.420337 0.720079 0.106288 0.683777 -0.051368
-0.082642 0.475199 1.420881 0.719893 0.106242 0.684004 -0.051046
-0.082457 0.474857 1.421423 0.719709 0.106188 0.684228 -0.050737
-0.082271 0.474516 1.421963 0.719528 0.106126 0.684450 -0.050442
-0.082084 0.474176 1.422501 0.719349 0.106057 0.684670 -0.050157
-0.081895 0.473837 1.423037 0.719172 0.105979 0.684888 -0.049883
-0.081704 0.473498 1.423569 0.718998 0.105893 0.685104 -0.049617
-0.081511 0.473159 1.424097 0.718825 0.105799 0.685318 -0.049358
-0.081314 0.472820 1.424622 0.718655 0.105698 0.685530 -0.049106
-0.081114 0.472482 1.425143 0.718486 0.105588 0.685741 -0.048859
-0.080909 0.472142 1.425660 0.718320 0.105470 0.685951 -0.048617
-0.080700 0.471802 1.426173 0.718155 0.105344 0.686160 -0.048378
-0.080486 0.471462 1.426682 0.717993 0.105210 0.686367 -0.048142
-0.080267 0.471120 1.427186 0.717832 0.105067 0.686573 -0.047909
-0.080042 0.470778 1.427686 0.717673 0.104916 0.686779 -0.047677
-0.079812 0.470434 1.428181 0.717516 0.104757 0.686983 -0.047446
-0.079576 0.470090 1.428672 0.717360 0.104589 0.687187 -0.047215
-0.079334 0.469744 1.429158 0.717207 0.104413 0.687390 -0.046985
-0.079086 0.469396 1.429640 0.717055 0.104228 0.687592 -0.046754
-0.078832 0.469048 1.430118 0.716905 0.104035 0.687793 -0.046522
-0.078571 0.468697 1.430591 0.716756 0.103834 0.687994 -0.046290
-0.078304 0.468345 1.431059 0.716610 0.103624 0.688194 -0.046056
-0.078030 0.467992 1.431524 0.716465 0.103405 0.688394 -0.045820
-0.077750 0.467637 1.431984 0.716321 0.103178 0.688593 -0.045583
-0.077463 0.467280 1.432440 0.716179 0.102943 0.688792 -0.045343
-0.077169 0.466922 1.432892 0.716039 0.102700 0.688990 -0.045102
-0.076869 0.466561 1.433340 0.715900 0.102449 0.689187 -0.044858
-0.076562 0.466199 1.433784 0.715763 0.102189 0.689384 -0.044611
-0.076248 0.465836 1.434224 0.715627 0.101921 0.689581 -0.044362
-0.075928 0.465470 1.434660 0.715493 0.101646 0.689777 -0.044110
-0.075602 0.465103 1.435092 0.715360 0.101362 0.689973 -0.043855
-0.075283 0.464739 1.435556 0.715194 0.101376 0.690175 -0.043351
-0.074967 0.464377 1.436041 0.715023 0.101406 0.690381 -0.042824
-0.074655 0.464017 1.436544 0.714851 0.101417 0.690588 -0.042314
-0.074344 0.463659 1.437062 0.714683 0.101405 0.690794 -0.041828
-0.074036 0.463304 1.437592 0.714517 0.101372 0.690998 -0.041365
-0.073729 0.462951 1.438130 0.714354 0.101319 0.691201 -0.040925
-0.073423 0.462600 1.438676 0.714193 0.101248 0.691401 -0.040506
-0.073117 0.462251 1.439227 0.714036 0.101160 0.691600 -0.040106
-0.072811 0.461903 1.439781 0.713881 0.101058 0.691797 -0.039721
-0.072504 0.461555 1.440338 0.713729 0.100941 0.691992 -0.039352
-0.072195 0.461208 1.440896 0.713579 0.100811 0.692186 -0.038996
-0.071885 0.460861 1.441453 0.713431 0.100669 0.692378 -0.038650
-0.071572 0.460514 1.442010 0.713285 0.100515 0.692570 -0.038315
-0.071257 0.460166 1.442565 0.713141 0.100350 0.692760 -0.037989
-0.070939 0.459818 1.443118 0.712999 0.100174 0.692950 -0.037669
-0.070618 0.459469 1.443669 0.712858 0.099987 0.693138 -0.037356
-0.070294 0.459119 1.444216 0.712719 0.099791 0.693326 -0.037048
-0.069966 0.458768 1.444760 0.712582 0.099585 0.693513 -0.036744
-0.069633 0.458415 1.445299 0.712446 0.099369 0.693699 -0.036443
-0.069297 0.458061 1.445835 0.712312 0.099144 0.693884 -0.036146
-0.068957 0.457705 1.446367 0.712179 0.098910 0.694069 -0.035850
-0.068612 0.457347 1.446894 0.712048 0.098667 0.694253 -0.035556
-0.068263 0.456987 1.447416 0.711919 0.098415 0.694437 -0.035263
-0.067909 0.456626 1.447934 0.711791 0.098155 0.694620 -0.034970
-0.067551 0.456262 1.448447 0.711664 0.097886 0.694802 -0.034678
-0.067188 0.455897 1.448956 0.711539 0.097609 0.694984 -0.034385
-0.066820 0.455529 1.449459 0.711415 0.097324 0.695165 -0.034092
-0.066447 0.455159 1.449958 0.711292 0.097030 0.695346 -0.033798
-0.066070 0.454787 1.450452 0.711171 0.096729 0.695526 -0.033503
-0.065687 0.454413 1.450942 0.711052 0.096420 0.695705 -0.033207
-0.065300 0.454037 1.451427 0.710933 0.096104 0.695884 -0.032909
-0.064908 0.453658 1.451907 0.710816 0.095779 0.696062 -0.032610
-0.064512 0.453277 1.452383 0.710701 0.095447 0.696240 -0.032309
-0.064110 0.452894 1.452854 0.710586 0.095108 0.696417 -0.032006
-0.063704 0.452509 1.453321 0.710473 0.094762 0.696594 -0.031702
-0.063293 0.452121 1.453783 0.710361 0.094409 0.696770 -0.031395
-0.062878 0.451731 1.454241 0.710250 0.094049 0.696946 -0.031086
-0.062457 0.451339 1.454695 0.710140 0.093682 0.697121 -0.030775
-0.062033 0.450945 1.455145 0.710032 0.093308 0.697295 -0.030462
-0.061604 0.450549 1.455590 0.709924 0.092927 0.697469 -0.030147
-0.061186 0.450167 1.456068 0.709780 0.092845 0.697649 -0.029647
-0.060780 0.449793 1.456569 0.709631 0.092788 0.697826 -0.029192
-0.060383 0.449425 1.457089 0.709482 0.092729 0.698003 -0.028780
-0.059993 0.449062 1.457624 0.709334 0.092658 0.698179 -0.028403
-0.059608 0.448703 1.458170 0.709187 0.092575 0.698353 -0.028054
-0.059228 0.448346 1.458725 0.709043 0.092477 0.698525 -0.027731
-0.058852 0.447992 1.459287 0.708902 0.092365 0.698695 -0.027429
-0.058479 0.447638 1.459854 0.708764 0.092238 0.698863 -0.027145
-0.058107 0.447286 1.460424 0.708628 0.092098 0.699029 -0.026878
-0.057737 0.446934 1.460996 0.708494 0.091946 0.699194 -0.026623
-0.057368 0.446582 1.461568 0.708363 0.091781 0.699358 -0.026380
-0.056999 0.446229 1.462140 0.708234 0.091606 0.699521 -0.026147
-0.056631 0.445875 1.462711 0.708107 0.091419 0.699682 -0.025921
-0.056261 0.445521 1.463280 0.707981 0.091221 0.699843 -0.025702
-0.055891 0.445165 1.463846 0.707857 0.091014 0.700003 -0.025488
-0.055519 0.444808 1.464409 0.707735 0.090797 0.700163 -0.025279
-0.055146 0.444449 1.464968 0.707614 0.090570 0.700322 -0.025072
-0.054770 0.444089 1.465524 0.707495 0.090334 0.700480 -0.024867
-0.054392 0.443726 1.466075 0.707377 0.090090 0.700638 -0.024664
-0.054012 0.443361 1.466622 0.707260 0.089837 0.700796 -0.024461
-0.053629 0.442994 1.467164 0.707144 0.089575 0.700953 -0.024259
-0.053243 0.442624 1.467702 0.707030 0.089305 0.701110 -0.024055
-0.052855 0.442252 1.468234 0.706917 0.089026 0.701266 -0.023851
-0.052463 0.441878 1.468762 0.706805 0.088740 0.701422 -0.023645
-0.052068 0.441501 1.469284 0.706694 0.088445 0.701578 -0.023437
-0.051669 0.441121 1.469801 0.706584 0.088143 0.701734 -0.023227
-0.051267 0.440739 1.470314 0.706475 0.087833 0.701889 -0.023015
-0.050861 0.440355 1.470821 0.706368 0.087515 0.702044 -0.022799
-0.050452 0.439967 1.471323 0.706262 0.087190 0.702198 -0.022581
-0.050039 0.439577 1.471820 0.706156 0.086858 0.702353 -0.022360
-0.049623 0.439184 1.472312 0.706052 0.086518 0.702506 -0.022136
-0.049202 0.438788 1.472800 0.705949 0.086171 0.702660 -0.021908
-0.048778 0.438390 1.473282 0.705847 0.085817 0.702813 -0.021676
-0.048351 0.437989 1.473759 0.705745 0.085456 0.702966 -0.021441
-0.047920 0.437585 1.474232 0.705645 0.085088 0.703118 -0.021203
-0.047485 0.437179 1.474700 0.705546 0.084713 0.703271 -0.020960
-0.047046 0.436770 1.475164 0.705447 0.084332 0.703422 -0.020715
-0.046604 0.436358 1.475623 0.705350 0.083944 0.703574 -0.020465
-0.046158 0.435944 1.476077 0.705253 0.083550 0.703725 -0.020211
-0.045709 0.435527 1.476528 0.705158 0.083149 0.703875 -0.019954
-0.045264 0.435131 1.477010 0.705007 0.083067 0.704050 -0.019470
-0.044822 0.434748 1.477518 0.704823 0.083080 0.704247 -0.018940
-0.044380 0.434374 1.478048 0.704627 0.083105 0.704453 -0.018426
-0.043939 0.434005 1.478595 0.704429 0.083118 0.704662 -0.017939
-0.043496 0.433639 1.479156 0.704233 0.083113 0.704871 -0.017477
-0.043051 0.433275 1.479726 0.704041 0.083084 0.705077 -0.017038
-0.042604 0.432911 1.480305 0.703853 0.083032 0.705280 -0.016619
-0.042154 0.432546 1.480889 0.703670 0.082957 0.705481 -0.016215
-0.041702 0.432179 1.481477 0.703492 0.082860 0.705679 -0.015825
-0.041246 0.431811 1.482067 0.703318 0.082741 0.705875 -0.015446
-0.040788 0.431439 1.482657 0.703148 0.082603 0.706068 -0.015075
-0.040327 0.431066 1.483248 0.702982 0.082446 0.706260 -0.014712
-0.039863 0.430689 1.483837 0.702819 0.082271 0.706449 -0.014354
-0.039396 0.430309 1.484423 0.702660 0.082079 0.706637 -0.014001
-0.038926 0.429926 1.485007 0.702504 0.081872 0.706823 -0.013651
-0.038453 0.429539 1.485587 0.702350 0.081650 0.707008 -0.013304
-0.037977 0.429149 1.486164 0.702200 0.081413 0.707191 -0.012958
-0.037498 0.428755 1.486736 0.702052 0.081164 0.707373 -0.012614
-0.037017 0.428358 1.487303 0.701907 0.080902 0.707553 -0.012270
-0.036532 0.427957 1.487865 0.701764 0.080627 0.707732 -0.011926
-0.036045 0.427553 1.488422 0.701624 0.080341 0.707909 -0.011582
-0.035555 0.427145 1.488974 0.701486 0.080044 0.708085 -0.011237
-0.035062 0.426733 1.489520 0.701350 0.079736 0.708260 -0.010891
-0.034567 0.426318 1.490061 0.701216 0.079418 0.708433 -0.010544
-0.034068 0.425900 1.490597 0.701084 0.079090 0.708605 -0.010196
-0.033568 0.425478 1.491126 0.700955 0.078752 0.708776 -0.009846
-0.033065 0.425052 1.491650 0.700828 0.078405 0.708945 -0.009494
-0.032559 0.424623 1.492169 0.700702 0.078049 0.709113 -0.009141
-0.032051 0.424191 1.492682 0.700578 0.077685 0.709280 -0.008786
-0.031541 0.423755 1.493190 0.700457 0.077312 0.709445 -0.008429
-0.031028 0.423316 1.493692 0.700337 0.076931 0.709609 -0.008070
-0.030514 0.422874 1.494188 0.700219 0.076541 0.709772 -0.007707
-0.029999 0.422432 1.494677 0.700102 0.076143 0.709933 -0.007338
-0.029484 0.421990 1.495160 0.699989 0.075737 0.710092 -0.006963
-0.028969 0.421548 1.495634 0.699877 0.075326 0.710249 -0.006583
-0.028457 0.421109 1.496101 0.699769 0.074909 0.710404 -0.006200
-0.027947 0.420672 1.496561 0.699663 0.074488 0.710556 -0.005815
-0.027440 0.420238 1.497012 0.699560 0.074064 0.710704 -0.005429
-0.026936 0.419807 1.497455 0.699460 0.073639 0.710850 -0.005043
-0.026437 0.419380 1.497891 0.699362 0.073213 0.710993 -0.004658
-0.025943 0.418977 1.498363 0.699219 0.073081 0.711150 -0.004195
-0.025447 0.418593 1.498863 0.699052 0.073033 0.711321 -0.003774
-0.024946 0.418219 1.499386 0.698875 0.073001 0.711500 -0.003395
-0.024438 0.417850 1.499926 0.698696 0.072961 0.711682 -0.003047
-0.023924 0.417482 1.500479 0.698519 0.072900 0.711863 -0.002722
-0.023401 0.417112 1.501042 0.698347 0.072813 0.712042 -0.002412
-0.022872 0.416740 1.501613 0.698179 0.072699 0.712219 -0.002112
-0.022335 0.416364 1.502189 0.698017 0.072557 0.712394 -0.001818
-0.021793 0.415983 1.502767 0.697859 0.072388 0.712566 -0.001529
-0.021243 0.415596 1.503348 0.697706 0.072193 0.712736 -0.001242
-0.020688 0.415204 1.503928 0.697558 0.071975 0.712903 -0.000954
-0.020128 0.414806 1.504508 0.697414 0.071734 0.713069 -0.000666
-0.019563 0.414403 1.505086 0.697273 0.071472 0.713233 -0.000375
-0.018994 0.413993 1.505662 0.697136 0.071190 0.713396 -0.000081
-0.018420 0.413578 1.506234 0.697001 0.070890 0.713557 0.000217
-0.017843 0.413157 1.506802 0.696870 0.070574 0.713717 0.000518
-0.017263 0.412731 1.507366 0.696741 0.070241 0.713875 0.000825
-0.016680 0.412302 1.507924 0.696615 0.069892 0.714031 0.001141
-0.016097 0.411871 1.508474 0.696492 0.069530 0.714186 0.001466
-0.015514 0.411438 1.509018 0.696372 0.069155 0.714339 0.001797
-0.014932 0.411006 1.509554 0.696256 0.068769 0.714489 0.002135
-0.014352 0.410574 1.510081 0.696142 0.068375 0.714636 0.002478
-0.013775 0.410144 1.510600 0.696032 0.067974 0.714781 0.002824
-0.013201 0.409715 1.511111 0.695924 0.067568 0.714923 0.003173
-0.012632 0.409289 1.511613 0.695819 0.067157 0.715062 0.003523
-0.012067 0.408865 1.512106 0.695717 0.066743 0.715198 0.003875
-0.011507 0.408444 1.512590 0.695617 0.066327 0.715332 0.004226
-0.010954 0.408027 1.513066 0.695520 0.065911 0.715462 0.004577
-0.010406 0.407614 1.513532 0.695425 0.065493 0.715591 0.004927
-0.009865 0.407204 1.513990 0.695333 0.065077 0.715716 0.005276
-0.009330 0.406798 1.514440 0.695242 0.064661 0.715839 0.005622
-0.008803 0.406397 1.514881 0.695154 0.064248 0.715960 0.005965
-0.008283 0.406000 1.515314 0.695067 0.063836 0.716078 0.006306
-0.007770 0.405608 1.515738 0.694982 0.063427 0.716193 0.006644
-0.007265 0.405221 1.516154 0.694900 0.063022 0.716306 0.006978
-0.006767 0.404838 1.516562 0.694819 0.062620 0.716416 0.007308
-0.006278 0.404460 1.516962 0.694739 0.062221 0.716525 0.007634
-0.005796 0.404087 1.517354 0.694662 0.061827 0.716630 0.007956
-0.005323 0.403719 1.517739 0.694586 0.061437 0.716734 0.008273
-0.004857 0.403356 1.518116 0.694512 0.061051 0.716835 0.008585
-0.004393 0.403003 1.518544 0.694372 0.061011 0.716970 0.008943
-0.003922 0.402645 1.519005 0.694191 0.061074 0.717135 0.009311
-0.003443 0.402278 1.519490 0.693991 0.061151 0.717317 0.009669
-0.002954 0.401903 1.519993 0.693784 0.061210 0.717507 0.010022
-0.002455 0.401519 1.520509 0.693578 0.061238 0.717699 0.010374
-0.001947 0.401127 1.521032 0.693376 0.061231 0.717890 0.010730
-0.001433 0.400730 1.521560 0.693179 0.061189 0.718077 0.011088
-0.000913 0.400329 1.522091 0.692990 0.061114 0.718261 0.011450
-0.000389 0.399923 1.522622 0.692807 0.061009 0.718440 0.011814
0.000139 0.399516 1.523151 0.692632 0.060876 0.718615 0.012182
0.000668 0.399106 1.523677 0.692462 0.060720 0.718785 0.012551
0.001198 0.398696 1.524199 0.692299 0.060543 0.718951 0.012922
0.001728 0.398285 1.524716 0.692141 0.060348 0.719112 0.013293
0.002256 0.397875 1.525227 0.691988 0.060137 0.719270 0.013666
0.002783 0.397466 1.525732 0.691841 0.059912 0.719423 0.014039
0.003307 0.397058 1.526230 0.691698 0.059676 0.719573 0.014412
0.003828 0.396652 1.526721 0.691559 0.059430 0.719719 0.014784
0.004345 0.396248 1.527204 0.691424 0.059176 0.719862 0.015155
0.004858 0.395846 1.527680 0.691293 0.058914 0.720002 0.015525
0.005366 0.395448 1.528147 0.691165 0.058647 0.720138 0.015892
0.005869 0.395052 1.528607 0.691041 0.058376 0.720271 0.016258
0.006366 0.394660 1.529058 0.690920 0.058100 0.720401 0.016621
0.006857 0.394272 1.529502 0.690803 0.057821 0.720528 0.016981
0.007342 0.393887 1.529937 0.690688 0.057541 0.720652 0.017338
0.007821 0.393506 1.530364 0.690576 0.057259 0.720773 0.017692
0.008293 0.393130 1.530784 0.690467 0.056976 0.720891 0.018042
0.008758 0.392757 1.531195 0.690360 0.056693 0.721007 0.018387
0.009217 0.392389 1.531599 0.690256 0.056410 0.721120 0.018729
0.009668 0.392026 1.531995 0.690154 0.056128 0.721230 0.019066
0.010112 0.391667 1.532384 0.690055 0.055847 0.721338 0.019398
0.010549 0.391313 1.532765 0.689958 0.055567 0.721444 0.019726
0.010979 0.390963 1.533138 0.689864 0.055288 0.721547 0.020049
0.011401 0.390619 1.533504 0.689771 0.055012 0.721647 0.020366
0.011817 0.390279 1.533864 0.689681 0.054738 0.721746 0.020679
0.012224 0.389944 1.534216 0.689592 0.054466 0.721842 0.020986
0.012625 0.389614 1.534561 0.689506 0.054197 0.721936 0.021288
0.013018 0.389289 1.534900 0.689421 0.053930 0.722028 0.021584
0.013404 0.388969 1.535232 0.689339 0.053666 0.722117 0.021875
0.013783 0.388653 1.535557 0.689258 0.053406 0.722205 0.022161
0.014154 0.388343 1.535876 0.689179 0.053148 0.722291 0.022441
0.014530 0.388060 1.536252 0.689033 0.053225 0.722417 0.022680
0.014918 0.387790 1.536669 0.688847 0.053382 0.722577 0.022853
0.015321 0.387525 1.537117 0.688645 0.053550 0.722753 0.022989
0.015739 0.387258 1.537587 0.688439 0.053699 0.722935 0.023106
0.016172 0.386987 1.538074 0.688237 0.053812 0.723115 0.023213
0.016619 0.386711 1.538572 0.688041 0.053886 0.723292 0.023317
0.017078 0.386429 1.539078 0.687854 0.053918 0.723465 0.023422
0.017547 0.386141 1.539589 0.687675 0.053910 0.723632 0.023532
0.018025 0.385846 1.540103 0.687503 0.053867 0.723794 0.023648
0.018510 0.385546 1.540616 0.687339 0.053790 0.723952 0.023771
0.019000 0.385241 1.541128 0.687182 0.053684 0.724104 0.023902
0.019495 0.384932 1.541637 0.687031 0.053552 0.724253 0.024040
0.019993 0.384619 1.542142 0.686886 0.053397 0.724397 0.024187
0.020493 0.384303 1.542642 0.686746 0.053221 0.724537 0.024342
0.020995 0.383984 1.543136 0.686611 0.053028 0.724674 0.024504
0.021496 0.383663 1.543624 0.686481 0.052819 0.724807 0.024673
0.021996 0.383341 1.544105 0.686354 0.052596 0.724937 0.024849
0.022495 0.383018 1.544579 0.686232 0.052363 0.725064 0.025030
0.022991 0.382695 1.545046 0.686113 0.052119 0.725188 0.025217
0.023485 0.382371 1.545505 0.685997 0.051867 0.725309 0.025408
0.023975 0.382048 1.545956 0.685884 0.051607 0.725427 0.025604
0.024461 0.381726 1.546400 0.685775 0.051342 0.725542 0.025803
0.024943 0.381405 1.546835 0.685668 0.051072 0.725655 0.026005
0.025420 0.381086 1.547263 0.685564 0.050798 0.725765 0.026209
0.025892 0.380769 1.547683 0.685462 0.050521 0.725873 0.026415
0.026358 0.380453 1.548096 0.685363 0.050242 0.725979 0.026622
0.026819 0.380140 1.548500 0.685266 0.049961 0.726082 0.026831
0.027274 0.379829 1.548897 0.685171 0.049679 0.726183 0.027039
0.027723 0.379521 1.549286 0.685079 0.049396 0.726281 0.027248
0.028165 0.379216 1.549668 0.684989 0.049114 0.726378 0.027457
0.028601 0.378914 1.550043 0.684900 0.048832 0.726472 0.027664
0.029031 0.378616 1.550410 0.684814 0.048550 0.726565 0.027871
0.029453 0.378320 1.550770 0.684729 0.048270 0.726655 0.028077
0.029870 0.378028 1.551124 0.684647 0.047992 0.726743 0.028281
0.030279 0.377739 1.551470 0.684566 0.047715 0.726830 0.028484
0.030682 0.377455 1.551810 0.684487 0.047440 0.726914 0.028684
0.031077 0.377173 1.552142 0.684410 0.047167 0.726997 0.028882
0.031466 0.376896 1.552469 0.684334 0.046897 0.727078 0.029078
0.031848 0.376622 1.552789 0.684260 0.046630 0.727157 0.029272
0.032224 0.376352 1.553103 0.684187 0.046365 0.727235 0.029463
0.032604 0.376109 1.553468 0.684054 0.046457 0.727347 0.029625
0.032998 0.375880 1.553867 0.683891 0.046621 0.727489 0.029656
0.033409 0.375655 1.554288 0.683714 0.046800 0.727644 0.029633
0.033839 0.375426 1.554725 0.683535 0.046964 0.727804 0.029591
0.034286 0.375191 1.555172 0.683358 0.047096 0.727964 0.029547
0.034748 0.374947 1.555627 0.683187 0.047190 0.728120 0.029510
0.035225 0.374695 1.556085 0.683022 0.047245 0.728271 0.029484
0.035713 0.374433 1.556546 0.682866 0.047260 0.728418 0.029473
0.036212 0.374163 1.557005 0.682716 0.047239 0.728559 0.029477
0.036719 0.373885 1.557463 0.682574 0.047186 0.728695 0.029497
0.037233 0.373599 1.557918 0.682437 0.047102 0.728827 0.029532
0.037752 0.373307 1.558370 0.682306 0.046991 0.728955 0.029583
0.038275 0.373009 1.558816 0.682180 0.046856 0.729078 0.029649
0.038801 0.372705 1.559257 0.682059 0.046700 0.729198 0.029728
0.039329 0.372398 1.559692 0.681943 0.046525 0.729315 0.029820
0.039856 0.372087 1.560121 0.681830 0.046333 0.729428 0.029925
0.040384 0.371773 1.560543 0.681721 0.046128 0.729538 0.030040
0.040909 0.371457 1.560959 0.681615 0.045909 0.729646 0.030165
0.041433 0.371140 1.561368 0.681512 0.045680 0.729751 0.030300
0.041954 0.370821 1.561770 0.681413 0.045442 0.729853 0.030442
0.042472 0.370502 1.562165 0.681315 0.045195 0.729953 0.030592
0.042985 0.370183 1.562552 0.681220 0.044942 0.730050 0.030749
0.043494 0.369865 1.562933 0.681128 0.044683 0.730146 0.030911
0.043999 0.369547 1.563307 0.681037 0.044419 0.730239 0.031078
0.044498 0.369230 1.563674 0.680949 0.044152 0.730330 0.031249
0.044991 0.368915 1.564034 0.680862 0.043882 0.730420 0.031423
0.045478 0.368602 1.564387 0.680778 0.043609 0.730507 0.031600
0.045960 0.368291 1.564734 0.680695 0.043335 0.730593 0.031780
0.046434 0.367982 1.565074 0.680614 0.043060 0.730677 0.031962
0.046903 0.367675 1.565407 0.680534 0.042785 0.730759 0.032145
0.047364 0.367372 1.565734 0.680456 0.042509 0.730840 0.032328
0.047819 0.367071 1.566054 0.680380 0.042234 0.730919 0.032512
0.048267 0.366773 1.566369 0.680304 0.041960 0.730997 0.032697
0.048708 0.366479 1.566677 0.680231 0.041686 0.731073 0.032881
0.049141 0.366188 1.566979 0.680158 0.041415 0.731147 0.033064
0.049568 0.365900 1.567276 0.680087 0.041145 0.731220 0.033247
0.049987 0.365616 1.567566 0.680018 0.040877 0.731292 0.033429
0.050399 0.365336 1.567851 0.679949 0.040611 0.731362 0.033609
0.050804 0.365059 1.568131 0.679882 0.040348 0.731431 0.033787
0.051202 0.364786 1.568405 0.679816 0.040087 0.731498 0.033964
0.051606 0.364545 1.568740 0.679676 0.040222 0.731612 0.034157
0.052028 0.364319 1.569120 0.679486 0.040482 0.731767 0.034305
0.052470 0.364093 1.569534 0.679277 0.040760 0.731941 0.034415
0.052933 0.363863 1.569971 0.679063 0.041012 0.732121 0.034505
0.053416 0.363623 1.570426 0.678853 0.041220 0.732300 0.034586
0.053917 0.363371 1.570893 0.678651 0.041377 0.732475 0.034668
0.054434 0.363107 1.571367 0.678457 0.041484 0.732644 0.034756
0.054964 0.362832 1.571846 0.678272 0.041541 0.732807 0.034853
0.055505 0.362545 1.572327 0.678096 0.041554 0.732965 0.034962
0.056056 0.362248 1.572808 0.677927 0.041525 0.733116 0.035084
0.056614 0.361940 1.573287 0.677766 0.041460 0.733262 0.035220
0.057178 0.361625 1.573763 0.677612 0.041362 0.733403 0.035370
0.057746 0.361301 1.574235 0.677464 0.041235 0.733539 0.035532
0.058317 0.360971 1.574701 0.677322 0.041082 0.733671 0.035707
0.058890 0.360635 1.575163 0.677184 0.040907 0.733798 0.035895
0.059463 0.360294 1.575617 0.677051 0.040712 0.733922 0.036093
0.060036 0.359950 1.576065 0.676923 0.040500 0.734042 0.036301
0.060606 0.359602 1.576506 0.676798 0.040273 0.734158 0.036519
0.061175 0.359252 1.576940 0.676677 0.040033 0.734272 0.036745
0.061740 0.358901 1.577367 0.676560 0.039783 0.734382 0.036978
0.062302 0.358548 1.577786 0.676446 0.039522 0.734489 0.037217
0.062859 0.358195 1.578198 0.676334 0.039254 0.734594 0.037462
0.063411 0.357842 1.578602 0.676226 0.038979 0.734696 0.037711
0.063957 0.357490 1.578999 0.676120 0.038698 0.734795 0.037965
0.064498 0.357138 1.579389 0.676016 0.038413 0.734892 0.038221
0.065032 0.356788 1.579771 0.675915 0.038124 0.734986 0.038480
0.065560 0.356440 1.580146 0.675816 0.037832 0.735078 0.038740
0.066081 0.356094 1.580514 0.675719 0.037539 0.735169 0.039002
0.066595 0.355751 1.580874 0.675625 0.037244 0.735257 0.039264
0.067102 0.355410 1.581228 0.675532 0.036948 0.735343 0.039526
0.067601 0.355072 1.581574 0.675442 0.036652 0.735426 0.039788
0.068093 0.354738 1.581914 0.675353 0.036356 0.735509 0.040049
0.068577 0.354406 1.582248 0.675266 0.036061 0.735589 0.040309
0.069053 0.354078 1.582575 0.675181 0.035768 0.735667 0.040567
0.069522 0.353754 1.582895 0.675097 0.035475 0.735744 0.040824
0.069983 0.353434 1.583209 0.675015 0.035184 0.735819 0.041078
0.070436 0.353118 1.583517 0.674935 0.034896 0.735892 0.041330
0.070880 0.352805 1.583819 0.674856 0.034609 0.735964 0.041579
0.071318 0.352497 1.584115 0.674779 0.034325 0.736034 0.041825
0.071747 0.352193 1.584406 0.674703 0.034044 0.736103 0.042068
0.072182 0.351930 1.584754 0.674572 0.034131 0.736210 0.042219
0.072633 0.351689 1.585139 0.674411 0.034319 0.736346 0.042279
0.073103 0.351455 1.585550 0.674238 0.034516 0.736495 0.042276
0.073593 0.351221 1.585978 0.674064 0.034689 0.736648 0.042242
0.074099 0.350980 1.586417 0.673893 0.034823 0.736800 0.042197
0.074622 0.350731 1.586864 0.673729 0.034913 0.736949 0.042152
0.075157 0.350472 1.587315 0.673572 0.034960 0.737093 0.042114
0.075704 0.350202 1.587768 0.673422 0.034965 0.737231 0.042089
0.076260 0.349922 1.588220 0.673279 0.034930 0.737364 0.042077
0.076823 0.349632 1.588670 0.673142 0.034860 0.737492 0.042082
0.077392 0.349333 1.589117 0.673011 0.034758 0.737614 0.042103
0.077965 0.349025 1.589559 0.672886 0.034628 0.737733 0.042140
0.078541 0.348710 1.589996 0.672766 0.034473 0.737847 0.042193
0.079117 0.348389 1.590428 0.672650 0.034295 0.737957 0.042262
0.079694 0.348062 1.590854 0.672538 0.034098 0.738063 0.042345
0.080271 0.347730 1.591273 0.672429 0.033884 0.738166 0.042441
0.080845 0.347394 1.591685 0.672324 0.033654 0.738266 0.042550
0.081417 0.347055 1.592091 0.672222 0.033412 0.738363 0.042670
0.081985 0.346714 1.592490 0.672123 0.033159 0.738458 0.042801
0.082550 0.346371 1.592881 0.672026 0.032896 0.738549 0.042941
0.083109 0.346027 1.593266 0.671931 0.032626 0.738639 0.043090
0.083664 0.345683 1.593643 0.671839 0.032348 0.738726 0.043246
0.084213 0.345338 1.594014 0.671748 0.032065 0.738811 0.043408
0.084756 0.344995 1.594377 0.671660 0.031778 0.738894 0.043577
0.085293 0.344652 1.594734 0.671573 0.031487 0.738975 0.043750
0.085823 0.344311 1.595084 0.671488 0.031193 0.739054 0.043928
0.086346 0.343971 1.595427 0.671404 0.030897 0.739132 0.044109
0.086862 0.343633 1.595763 0.671322 0.030599 0.739208 0.044293
0.087371 0.343298 1.596093 0.671241 0.030302 0.739283 0.044480
0.087872 0.342966 1.596417 0.671161 0.030003 0.739356 0.044669
0.088365 0.342636 1.596734 0.671083 0.029706 0.739427 0.044858
0.088851 0.342309 1.597045 0.671006 0.029409 0.739498 0.045049
0.089329 0.341986 1.597350 0.670930 0.029113 0.739567 0.045240
0.089800 0.341666 1.597649 0.670855 0.028819 0.739634 0.045432
0.090262 0.341350 1.597942 0.670782 0.028526 0.739701 0.045623
0.090717 0.341038 1.598229 0.670709 0.028236 0.739766 0.045814
0.091163 0.340729 1.598511 0.670637 0.027948 0.739830 0.046004
0.091602 0.340424 1.598787 0.670567 0.027662 0.739893 0.046193
0.092033 0.340124 1.599058 0.670498 0.027379 0.739954 0.046380
0.092456 0.339827 1.599324 0.670429 0.027099 0.740015 0.046566
0.092877 0.339564 1.599651 0.670325 0.027210 0.740098 0.046680
0.093307 0.339327 1.600010 0.670197 0.027388 0.740209 0.046651
0.093748 0.339103 1.600387 0.670058 0.027576 0.740335 0.046535
0.094204 0.338885 1.600778 0.669916 0.027748 0.740467 0.046376
0.094673 0.338668 1.601175 0.669775 0.027893 0.740601 0.046199
0.095155 0.338446 1.601578 0.669637 0.028005 0.740732 0.046019
0.095649 0.338220 1.601982 0.669503 0.028084 0.740861 0.045844
0.096155 0.337986 1.602386 0.669374 0.028129 0.740986 0.045680
0.096671 0.337745 1.602788 0.669249 0.028142 0.741108 0.045531
0.097197 0.337497 1.603188 0.669129 0.028124 0.741225 0.045398
0.097732 0.337241 1.603584 0.669013 0.028077 0.741339 0.045284
0.098275 0.336977 1.603976 0.668900 0.028004 0.741449 0.045189
0.098826 0.336706 1.604363 0.668790 0.027906 0.741556 0.045114
0.099383 0.336428 1.604744 0.668684 0.027785 0.741660 0.045059
0.099944 0.336143 1.605120 0.668581 0.027641 0.741760 0.045025
0.100510 0.335851 1.605489 0.668481 0.027477 0.741857 0.045010
0.101077 0.335553 1.605852 0.668385 0.027295 0.741951 0.045015
0.101644 0.335248 1.606209 0.668291 0.027095 0.742041 0.045038
0.102212 0.334939 1.606559 0.668200 0.026881 0.742129 0.045078
0.102777 0.334626 1.606903 0.668111 0.026654 0.742213 0.045134
0.103341 0.334308 1.607240 0.668024 0.026416 0.742296 0.045204
0.103902 0.333988 1.607570 0.667939 0.026167 0.742376 0.045288
0.104459 0.333666 1.607894 0.667856 0.025910 0.742454 0.045384
0.105011 0.333342 1.608212 0.667775 0.025645 0.742529 0.045490
0.105559 0.333016 1.608523 0.667695 0.025374 0.742603 0.045607
0.106102 0.332691 1.608829 0.667616 0.025098 0.742676 0.045732
0.106638 0.332365 1.609128 0.667539 0.024818 0.742747 0.045866
0.107169 0.332040 1.609421 0.667462 0.024535 0.742816 0.046006
0.107693 0.331716 1.609709 0.667387 0.024249 0.742884 0.046153
0.108211 0.331393 1.609991 0.667312 0.023961 0.742951 0.046304
0.108721 0.331071 1.610267 0.667239 0.023672 0.743016 0.046461
0.109225 0.330752 1.610538 0.667166 0.023383 0.743081 0.046621
0.109721 0.330435 1.610803 0.667094 0.023093 0.743144 0.046784
0.110210 0.330120 1.611063 0.667023 0.022804 0.743206 0.046951
0.110691 0.329808 1.611318 0.666953 0.022516 0.743268 0.047119
0.111165 0.329499 1.611567 0.666883 0.022229 0.743328 0.047289
0.111631 0.329194 1.611812 0.666814 0.021944 0.743388 0.047461
0.112089 0.328891 1.612052 0.666746 0.021661 0.743446 0.047633
0.112540 0.328592 1.612287 0.666678 0.021379 0.743504 0.047806
0.112983 0.328297 1.612517 0.666611 0.021101 0.743561 0.047979
0.113414 0.328026 1.612806 0.666526 0.021313 0.743616 0.048220
0.113846 0.327778 1.613130 0.666420 0.021551 0.743699 0.048284
0.114282 0.327545 1.613477 0.666304 0.021772 0.743800 0.048227
0.114722 0.327319 1.613840 0.666182 0.021968 0.743913 0.048090
0.115168 0.327098 1.614214 0.666057 0.022136 0.744032 0.047897
0.115619 0.326877 1.614597 0.665933 0.022270 0.744154 0.047670
0.116076 0.326654 1.614984 0.665812 0.022365 0.744275 0.047421
0.116539 0.326428 1.615375 0.665695 0.022421 0.744395 0.047157
0.117008 0.326196 1.615767 0.665583 0.022438 0.744511 0.046884
0.117482 0.325960 1.616159 0.665474 0.022423 0.744626 0.046614
0.117961 0.325719 1.616549 0.665367 0.022381 0.744739 0.046353
0.118446 0.325472 1.616936 0.665262 0.022315 0.744851 0.046106
0.118935 0.325220 1.617319 0.665158 0.022227 0.744961 0.045875
0.119429 0.324964 1.617697 0.665054 0.022119 0.745070 0.045661
0.119928 0.324702 1.618071 0.664952 0.021993 0.745177 0.045465
0.120431 0.324435 1.618440 0.664850 0.021849 0.745283 0.045287
0.120938 0.324163 1.618804 0.664748 0.021689 0.745388 0.045128
0.121449 0.323887 1.619161 0.664647 0.021515 0.745491 0.044989
0.121964 0.323607 1.619513 0.664547 0.021326 0.745594 0.044868
0.122483 0.323322 1.619859 0.664446 0.021123 0.745695 0.044766
0.123006 0.323032 1.620199 0.664346 0.020908 0.745795 0.044684
0.123532 0.322739 1.620533 0.664246 0.020680 0.745894 0.044620
0.124062 0.322442 1.620861 0.664147 0.020442 0.745992 0.044574
0.124595 0.322141 1.621182 0.664048 0.020191 0.746089 0.044547
0.125130 0.321836 1.621498 0.663950 0.019930 0.746184 0.044538
0.125666 0.321527 1.621807 0.663853 0.019658 0.746276 0.044546
0.126201 0.321215 1.622109 0.663758 0.019376 0.746366 0.044572
0.126735 0.320899 1.622405 0.663665 0.019086 0.746454 0.044614
0.127266 0.320580 1.622695 0.663574 0.018788 0.746540 0.044670
0.127794 0.320259 1.622979 0.663484 0.018484 0.746623 0.044740
0.128319 0.319936 1.623256 0.663395 0.018174 0.746705 0.044823
0.128840 0.319613 1.623527 0.663308 0.017860 0.746784 0.044917
0.129356 0.319288 1.623793 0.663222 0.017543 0.746861 0.045021
0.129867 0.318964 1.624052 0.663138 0.017223 0.746936 0.045135
0.130373 0.318640 1.624306 0.663055 0.016901 0.747010 0.045257
0.130873 0.318317 1.624554 0.662974 0.016578 0.747082 0.045386
0.131366 0.317995 1.624797 0.662893 0.016255 0.747152 0.045522
0.131854 0.317674 1.625035 0.662814 0.015931 0.747221 0.045663
0.132335 0.317356 1.625267 0.662736 0.015609 0.747288 0.045810
0.132809 0.317040 1.625495 0.662659 0.015287 0.747353 0.045960
0.133266 0.316760 1.625747 0.662569 0.015418 0.747416 0.046197
0.133718 0.316514 1.626008 0.662471 0.015631 0.747490 0.046327
0.134166 0.316293 1.626276 0.662365 0.015875 0.747575 0.046383
0.134612 0.316091 1.626549 0.662252 0.016138 0.747669 0.046395
0.135055 0.315902 1.626827 0.662133 0.016413 0.747770 0.046377
0.135497 0.315722 1.627108 0.662007 0.016697 0.747877 0.046338
0.135935 0.315549 1.627392 0.661877 0.016987 0.747990 0.046285
0.136372 0.315382 1.627678 0.661740 0.017281 0.748107 0.046221
0.136806 0.315218 1.627965 0.661599 0.017580 0.748230 0.046149
0.137238 0.315056 1.628254 0.661453 0.017879 0.748357 0.046073
0.137670 0.314894 1.628543 0.661305 0.018174 0.748485 0.045999
0.138102 0.314731 1.628831 0.661157 0.018460 0.748613 0.045933
0.138534 0.314566 1.629119 0.661009 0.018735 0.748740 0.045877
0.138967 0.314398 1.629406 0.660863 0.018997 0.748865 0.045831
0.139402 0.314227 1.629692 0.660718 0.019245 0.748989 0.045796
0.139839 0.314052 1.629976 0.660576 0.019464 0.749111 0.045757
0.140278 0.313872 1.630259 0.660436 0.019652 0.749232 0.045712
0.140719 0.313688 1.630540 0.660299 0.019808 0.749352 0.045660
0.141163 0.313499 1.630819 0.660165 0.019933 0.749470 0.045603
0.141609 0.313304 1.631096 0.660034 0.020026 0.749586 0.045542
0.142058 0.313105 1.631371 0.659907 0.020089 0.749701 0.045475
0.142510 0.312900 1.631644 0.659783 0.020121 0.749813 0.045405
0.142964 0.312690 1.631916 0.659662 0.020123 0.749924 0.045332
0.143422 0.312474 1.632185 0.659544 0.020099 0.750033 0.045258
0.143883 0.312254 1.632451 0.659427 0.020052 0.750141 0.045191
0.144348 0.312029 1.632714 0.659312 0.019987 0.750247 0.045135
0.144815 0.311799 1.632973 0.659198 0.019906 0.750352 0.045093
0.145286 0.311566 1.633228 0.659084 0.019811 0.750456 0.045063
0.145761 0.311327 1.633479 0.658972 0.019702 0.750559 0.045049
0.146238 0.311085 1.633725 0.658861 0.019580 0.750659 0.045049
0.146720 0.310838 1.633967 0.658751 0.019447 0.750758 0.045064
0.147204 0.310587 1.634205 0.658643 0.019301 0.750855 0.045094
0.147692 0.310332 1.634437 0.658535 0.019144 0.750951 0.045138
0.148184 0.310073 1.634665 0.658430 0.018976 0.751044 0.045198
0.148679 0.309809 1.634888 0.658325 0.018797 0.751136 0.045272
0.149177 0.309542 1.635107 0.658223 0.018608 0.751225 0.045361
0.149678 0.309271 1.635321 0.658122 0.018409 0.751312 0.045464
0.150183 0.308996 1.635531 0.658022 0.018200 0.751397 0.045581
0.150691 0.308717 1.635736 0.657924 0.017981 0.751480 0.045711
0.151202 0.308434 1.635936 0.657828 0.017754 0.751561 0.045856
0.151693 0.308187 1.636135 0.657740 0.017877 0.751623 0.046059
0.152174 0.307970 1.636325 0.657662 0.018078 0.751679 0.046174
0.152647 0.307777 1.636510 0.657591 0.018317 0.751732 0.046234
0.153114 0.307603 1.636693 0.657522 0.018582 0.751784 0.046264
0.153573 0.307442 1.636876 0.657451 0.018866 0.751838 0.046273
0.154027 0.307292 1.637059 0.657378 0.019165 0.751895 0.046268
0.154474 0.307151 1.637244 0.657300 0.019476 0.751957 0.046250
0.154915 0.307016 1.637431 0.657215 0.019796 0.752024 0.046222
0.155352 0.306886 1.637620 0.657126 0.020119 0.752095 0.046189
0.155785 0.306757 1.637810 0.657034 0.020439 0.752169 0.046157
0.156216 0.306629 1.638002 0.656941 0.020754 0.752243 0.046129
0.156645 0.306501 1.638195 0.656846 0.021059 0.752319 0.046107
0.157073 0.306370 1.638388 0.656751 0.021356 0.752394 0.046092
0.157501 0.306237 1.638583 0.656656 0.021641 0.752470 0.046086
0.157929 0.306101 1.638778 0.656561 0.021914 0.752545 0.046089
0.158358 0.305961 1.638973 0.656466 0.022176 0.752619 0.046103
0.158787 0.305817 1.639169 0.656371 0.022424 0.752692 0.046128
0.159218 0.305667 1.639365 0.656278 0.022660 0.752765 0.046165
0.159650 0.305513 1.639561 0.656185 0.022883 0.752836 0.046214
0.160084 0.305353 1.639756 0.656093 0.023092 0.752906 0.046276
0.160521 0.305188 1.639952 0.656002 0.023288 0.752974 0.046352
0.160959 0.305016 1.640147 0.655913 0.023470 0.753041 0.046440
0.161401 0.304839 1.640342 0.655825 0.023626 0.753107 0.046528
0.161844 0.304656 1.640536 0.655739 0.023751 0.753173 0.046610
0.162291 0.304466 1.640730 0.655655 0.023846 0.753238 0.046685
0.162740 0.304270 1.640923 0.655574 0.023909 0.753303 0.046754
0.163192 0.304068 1.641116 0.655495 0.023943 0.753367 0.046816
0.163647 0.303859 1.641308 0.655418 0.023946 0.753430 0.046874
0.164105 0.303643 1.641499 0.655343 0.023920 0.753493 0.046925
0.164566 0.303421 1.641690 0.655271 0.023865 0.753554 0.046972
0.165031 0.303193 1.641880 0.655201 0.023782 0.753615 0.047015
0.165498 0.302959 1.642069 0.655133 0.023677 0.753675 0.047061
0.165969 0.302719 1.642255 0.655066 0.023555 0.753733 0.047116
0.166443 0.302475 1.642439 0.655000 0.023417 0.753791 0.047180
0.166920 0.302225 1.642621 0.654935 0.023265 0.753848 0.047256
0.167400 0.301971 1.642799 0.654871 0.023101 0.753903 0.047344
0.167884 0.301712 1.642975 0.654808 0.022925 0.753956 0.047444
0.168371 0.301448 1.643146 0.654746 0.022737 0.754008 0.047557
0.168862 0.301180 1.643315 0.654686 0.022539 0.754059 0.047682
0.169355 0.300907 1.643480 0.654627 0.022330 0.754107 0.047819
0.169833 0.300683 1.643637 0.654572 0.022429 0.754143 0.047974
0.170302 0.300499 1.643794 0.654525 0.022611 0.754173 0.048059
0.170763 0.300345 1.643953 0.654483 0.022835 0.754200 0.048093
0.171217 0.300213 1.644118 0.654444 0.023084 0.754227 0.048089
0.171663 0.300097 1.644288 0.654403 0.023348 0.754256 0.048056
0.172101 0.299995 1.644466 0.654357 0.023624 0.754291 0.047998
0.172533 0.299900 1.644650 0.654307 0.023902 0.754331 0.047923
0.172959 0.299812 1.644839 0.654253 0.024179 0.754374 0.047838
0.173380 0.299726 1.645034 0.654196 0.024449 0.754420 0.047746
0.173797 0.299641 1.645234 0.654137 0.024712 0.754469 0.047652
0.174212 0.299556 1.645437 0.654075 0.024964 0.754521 0.047558
0.174624 0.299469 1.645644 0.654010 0.025207 0.754574 0.047467
0.175035 0.299380 1.645853 0.653944 0.025438 0.754629 0.047381
0.175445 0.299287 1.646065 0.653875 0.025658 0.754686 0.047302
0.175854 0.299189 1.646278 0.653805 0.025865 0.754744 0.047230
0.176264 0.299087 1.646494 0.653734 0.026061 0.754803 0.047168
0.176674 0.298979 1.646710 0.653662 0.026230 0.754864 0.047101
0.177085 0.298866 1.646926 0.653590 0.026370 0.754926 0.047026
0.177498 0.298746 1.647143 0.653518 0.026480 0.754990 0.046943
0.177913 0.298620 1.647361 0.653446 0.026560 0.755055 0.046853
0.178329 0.298487 1.647578 0.653375 0.026610 0.755120 0.046757
0.178748 0.298346 1.647796 0.653305 0.026630 0.755187 0.046655
0.179169 0.298199 1.648013 0.653235 0.026622 0.755253 0.046550
0.179593 0.298045 1.648228 0.653166 0.026593 0.755320 0.046451
0.180021 0.297885 1.648442 0.653098 0.026545 0.755387 0.046360
0.180451 0.297719 1.648653 0.653030 0.026482 0.755453 0.046281
0.180885 0.297547 1.648862 0.652963 0.026403 0.755518 0.046213
0.181323 0.297369 1.649067 0.652896 0.026310 0.755581 0.046159
0.181763 0.297185 1.649269 0.652831 0.026204 0.755644 0.046118
0.182208 0.296995 1.649468 0.652767 0.026086 0.755705 0.046090
0.182656 0.296799 1.649663 0.652705 0.025955 0.755764 0.046077
0.183108 0.296598 1.649854 0.652644 0.025813 0.755822 0.046077
0.183564 0.296390 1.650042 0.652584 0.025659 0.755878 0.046092
0.184023 0.296177 1.650226 0.652526 0.025494 0.755931 0.046121
0.184486 0.295958 1.650405 0.652470 0.025318 0.755983 0.046164
0.184953 0.295734 1.650581 0.652416 0.025132 0.756033 0.046221
0.185423 0.295504 1.650753 0.652363 0.024935 0.756080 0.046291
0.185897 0.295268 1.650921 0.652313 0.024729 0.756126 0.046376
0.186375 0.295028 1.651086 0.652264 0.024513 0.756169 0.046474
0.186856 0.294781 1.651246 0.652217 0.024288 0.756210 0.046585
0.187319 0.294575 1.651396 0.652162 0.024380 0.756247 0.046698
0.187775 0.294402 1.651543 0.652108 0.024559 0.756285 0.046747
0.188226 0.294254 1.651689 0.652059 0.024779 0.756319 0.046756
0.188673 0.294125 1.651838 0.652012 0.025016 0.756353 0.046732
0.189115 0.294008 1.651991 0.651964 0.025258 0.756390 0.046680
0.189551 0.293902 1.652148 0.651912 0.025502 0.756431 0.046606
0.189983 0.293803 1.652310 0.651853 0.025745 0.756479 0.046511
0.190410 0.293709 1.652476 0.651787 0.025984 0.756535 0.046401
0.190833 0.293618 1.652645 0.651716 0.026213 0.756595 0.046281
0.191254 0.293527 1.652817 0.651642 0.026430 0.756659 0.046157
0.191673 0.293437 1.652991 0.651566 0.026633 0.756726 0.046030
0.192092 0.293344 1.653166 0.651488 0.026820 0.756794 0.045904
0.192510 0.293250 1.653341 0.651408 0.026993 0.756864 0.045781
0.192928 0.293152 1.653516 0.651328 0.027149 0.756934 0.045662
0.193347 0.293050 1.653690 0.651248 0.027290 0.757005 0.045550
0.193767 0.292944 1.653863 0.651167 0.027416 0.757076 0.045444
0.194189 0.292834 1.654035 0.651087 0.027526 0.757147 0.045348
0.194612 0.292718 1.654205 0.651007 0.027621 0.757217 0.045260
0.195038 0.292598 1.654372 0.650929 0.027701 0.757287 0.045183
0.195466 0.292471 1.654538 0.650851 0.027766 0.757355 0.045116
0.195897 0.292339 1.654702 0.650775 0.027816 0.757422 0.045061
0.196330 0.292201 1.654863 0.650701 0.027851 0.757487 0.045017
0.196767 0.292057 1.655021 0.650628 0.027873 0.757550 0.044986
0.197206 0.291907 1.655176 0.650557 0.027880 0.757612 0.044967
0.197649 0.291750 1.655329 0.650488 0.027873 0.757672 0.044961
0.198095 0.291588 1.655479 0.650422 0.027853 0.757730 0.044967
0.198545 0.291419 1.655625 0.650357 0.027819 0.757785 0.044985
0.198998 0.291243 1.655769 0.650295 0.027773 0.757838 0.045017
0.199454 0.291061 1.655910 0.650235 0.027713 0.757889 0.045061
0.199914 0.290873 1.656048 0.650178 0.027640 0.757938 0.045118
0.200377 0.290678 1.656183 0.650123 0.027555 0.757984 0.045188
0.200844 0.290478 1.656315 0.650070 0.027458 0.758027 0.045270
0.201314 0.290270 1.656444 0.650020 0.027349 0.758069 0.045365
0.201787 0.290057 1.656570 0.649972 0.027228 0.758107 0.045472
0.202264 0.289837 1.656693 0.649927 0.027096 0.758144 0.045591
0.202744 0.289611 1.656813 0.649885 0.026953 0.758178 0.045722
0.203227 0.289380 1.656931 0.649844 0.026798 0.758209 0.045864
0.203714 0.289142 1.657045 0.649806 0.026633 0.758238 0.046019
0.204204 0.288898 1.657157 0.649771 0.026458 0.758264 0.046185
0.204697 0.288648 1.657266 0.649738 0.026272 0.758288 0.046362
0.205174 0.288453 1.657364 0.649670 0.026343 0.758334 0.046522
0.205649 0.288305 1.657455 0.649607 0.026465 0.758380 0.046590
0.206122 0.288190 1.657543 0.649554 0.026617 0.758419 0.046609
0.206594 0.288101 1.657629 0.649511 0.026784 0.758450 0.046597
0.207063 0.288030 1.657715 0.649478 0.026959 0.758474 0.046565
0.207530 0.287971 1.657802 0.649454 0.027134 0.758491 0.046517
0.207995 0.287920 1.657890 0.649437 0.027305 0.758504 0.046457
0.208458 0.287876 1.657979 0.649427 0.027468 0.758511 0.046385
0.208919 0.287834 1.658068 0.649423 0.027622 0.758514 0.046305
0.209379 0.287793 1.658158 0.649424 0.027764 0.758512 0.046219
0.209838 0.287752 1.658249 0.649431 0.027894 0.758508 0.046129
0.210297 0.287708 1.658342 0.649440 0.028010 0.758501 0.046039
0.210754 0.287662 1.658435 0.649451 0.028112 0.758493 0.045951
0.211212 0.287612 1.658530 0.649463 0.028201 0.758484 0.045866
0.211670 0.287557 1.658625 0.649476 0.028276 0.758476 0.045785
0.212128 0.287497 1.658721 0.649488 0.028337 0.758468 0.045709
0.212586 0.287432 1.658818 0.649500 0.028385 0.758460 0.045639
0.213046 0.287361 1.658915 0.649512 0.028419 0.758452 0.045576
0.213507 0.287284 1.659012 0.649524 0.028439 0.758444 0.045521
0.213969 0.287200 1.659109 0.649536 0.028447 0.758436 0.045474
0.214433 0.287110 1.659205 0.649549 0.028441 0.758428 0.045436
0.214898 0.287013 1.659300 0.649561 0.028423 0.758420 0.045407
0.215366 0.286908 1.659395 0.649574 0.028392 0.758411 0.045388
0.215836 0.286797 1.659489 0.649587 0.028348 0.758402 0.045379
0.216308 0.286678 1.659581 0.649601 0.028292 0.758392 0.045381
0.216782 0.286552 1.659673 0.649615 0.028224 0.758382 0.045393
0.217259 0.286419 1.659763 0.649631 0.028144 0.758370 0.045417
0.217739 0.286278 1.659852 0.649647 0.028052 0.758357 0.045451
0.218221 0.286130 1.659939 0.649664 0.027948 0.758344 0.045496
0.218705 0.285975 1.660025 0.649683 0.027833 0.758329 0.045552
0.219192 0.285812 1.660109 0.649702 0.027707 0.758313 0.045619
0.219682 0.285642 1.660192 0.649722 0.027569 0.758296 0.045697
0.220175 0.285464 1.660274 0.649744 0.027421 0.758277 0.045787
0.220670 0.285279 1.660353 0.649767 0.027262 0.758257 0.045887
0.221167 0.285087 1.660431 0.649791 0.027093 0.758236 0.045998
0.221668 0.284888 1.660508 0.649815 0.026913 0.758214 0.046120
0.222171 0.284682 1.660583 0.649842 0.026724 0.758190 0.046252
0.222676 0.284469 1.660656 0.649869 0.026524 0.758165 0.046396
0.223184 0.284249 1.660728 0.649897 0.026315 0.758139 0.046549
0.223694 0.284022 1.660798 0.649927 0.026097 0.758111 0.046713
0.224192 0.283852 1.660856 0.649914 0.026062 0.758118 0.046806
0.224686 0.283717 1.660906 0.649894 0.026163 0.758124 0.046920
0.225180 0.283606 1.660951 0.649880 0.026327 0.758123 0.047033
0.225674 0.283511 1.660993 0.649874 0.026520 0.758115 0.047140
0.226167 0.283426 1.661034 0.649877 0.026724 0.758099 0.047243
0.226660 0.283347 1.661075 0.649886 0.026927 0.758078 0.047341
0.227153 0.283270 1.661118 0.649899 0.027125 0.758053 0.047436
0.227644 0.283195 1.661163 0.649916 0.027314 0.758027 0.047528
0.228135 0.283117 1.661210 0.649934 0.027491 0.757999 0.047617
0.228625 0.283038 1.661259 0.649953 0.027655 0.757971 0.047706
0.229114 0.282955 1.661310 0.649973 0.027806 0.757943 0.047794
0.229602 0.282868 1.661363 0.649993 0.027943 0.757916 0.047883
0.230091 0.282775 1.661416 0.650012 0.028065 0.757889 0.047974
0.230579 0.282678 1.661471 0.650032 0.028174 0.757862 0.048067
0.231068 0.282574 1.661527 0.650051 0.028269 0.757836 0.048164
0.231557 0.282465 1.661584 0.650070 0.028350 0.757810 0.048264
0.232047 0.282348 1.661641 0.650090 0.028417 0.757784 0.048369
0.232538 0.282226 1.661699 0.650109 0.028469 0.757758 0.048480
0.233031 0.282096 1.661756 0.650129 0.028508 0.757732 0.048596
0.233524 0.281959 1.661814 0.650150 0.028533 0.757706 0.048718
0.234019 0.281815 1.661872 0.650171 0.028545 0.757679 0.048847
0.234515 0.281663 1.661929 0.650192 0.028543 0.757652 0.048983
0.235013 0.281505 1.661986 0.650215 0.028528 0.757624 0.049126
0.235513 0.281338 1.662043 0.650238 0.028500 0.757595 0.049276
0.236014 0.281165 1.662099 0.650262 0.028459 0.757566 0.049434
0.236517 0.280984 1.662155 0.650287 0.028405 0.757535 0.049599
0.237022 0.280795 1.662210 0.650313 0.028339 0.757504 0.049772
0.237529 0.280599 1.662264 0.650340 0.028260 0.757472 0.049953
0.238038 0.280396 1.662318 0.650368 0.028170 0.757439 0.050142
0.238549 0.280186 1.662370 0.650397 0.028067 0.757405 0.050339
0.239062 0.279968 1.662423 0.650427 0.027953 0.757369 0.050544
0.239576 0.279742 1.662474 0.650459 0.027827 0.757333 0.050756
0.240093 0.279510 1.662524 0.650491 0.027690 0.757295 0.050977
0.240611 0.279271 1.662574 0.650524 0.027542 0.757257 0.051205
0.241132 0.279024 1.662623 0.650558 0.027384 0.757217 0.051441
0.241654 0.278771 1.662671 0.650594 0.027214 0.757176 0.051685
0.242178 0.278510 1.662718 0.650630 0.027035 0.757135 0.051937
0.242703 0.278243 1.662764 0.650667 0.026845 0.757092 0.052196
0.243231 0.277969 1.662809 0.650705 0.026645 0.757048 0.052462
0.243760 0.277689 1.662854 0.650744 0.026436 0.757002 0.052736
0.244284 0.277469 1.662886 0.650771 0.026254 0.756982 0.052784
0.244808 0.277289 1.662915 0.650799 0.026135 0.756962 0.052773
0.245331 0.277134 1.662947 0.650830 0.026071 0.756940 0.052751
0.245853 0.276996 1.662982 0.650864 0.026038 0.756914 0.052724
0.246374 0.276868 1.663023 0.650900 0.026017 0.756886 0.052689
0.246893 0.276746 1.663069 0.650937 0.025999 0.756858 0.052649
0.247409 0.276628 1.663120 0.650974 0.025979 0.756830 0.052604
0.247924 0.276510 1.663176 0.651010 0.025953 0.756803 0.052554
0.248436 0.276391 1.663236 0.651044 0.025919 0.756778 0.052502
0.248946 0.276270 1.663301 0.651077 0.025875 0.756755 0.052449
0.249454 0.276145 1.663369 0.651108 0.025822 0.756734 0.052396
0.249961 0.276017 1.663440 0.651137 0.025759 0.756715 0.052345
0.250467 0.275883 1.663514 0.651164 0.025686 0.756697 0.052297
0.250972 0.275745 1.663590 0.651190 0.025603 0.756681 0.052253
0.251476 0.275600 1.663668 0.651215 0.025510 0.756665 0.052214
0.251980 0.275450 1.663747 0.651238 0.025406 0.756651 0.052180
0.252484 0.275293 1.663827 0.651260 0.025292 0.756637 0.052154
0.252988 0.275129 1.663908 0.651282 0.025168 0.756624 0.052134
0.253492 0.274959 1.663990 0.651303 0.025035 0.756611 0.052123
0.253997 0.274782 1.664072 0.651324 0.024891 0.756598 0.052120
0.254503 0.274597 1.664153 0.651345 0.024737 0.756585 0.052126
0.255009 0.274405 1.664235 0.651366 0.024574 0.756571 0.052141
0.255516 0.274207 1.664317 0.651387 0.024401 0.756557 0.052165
0.256025 0.274000 1.664398 0.651408 0.024219 0.756542 0.052199
0.256534 0.273787 1.664478 0.651429 0.024027 0.756527 0.052243
0.257045 0.273566 1.664558 0.651451 0.023826 0.756511 0.052296
0.257557 0.273338 1.664637 0.651474 0.023616 0.756494 0.052360
0.258071 0.273102 1.664716 0.651496 0.023397 0.756476 0.052434
0.258585 0.272859 1.664793 0.651520 0.023169 0.756457 0.052518
0.259102 0.272609 1.664870 0.651544 0.022933 0.756437 0.052612
0.259619 0.272351 1.664946 0.651568 0.022688 0.756416 0.052716
0.260138 0.272086 1.665021 0.651594 0.022434 0.756394 0.052830
0.260658 0.271815 1.665095 0.651619 0.022173 0.756371 0.052955
0.261180 0.271536 1.665167 0.651646 0.021903 0.756346 0.053089
0.261703 0.271250 1.665239 0.651673 0.021625 0.756321 0.053233
0.262227 0.270957 1.665310 0.651700 0.021340 0.756294 0.053387
0.262753 0.270657 1.665380 0.651729 0.021047 0.756267 0.053550
0.263280 0.270350 1.665448 0.651757 0.020746 0.756238 0.053723
0.263808 0.270037 1.665516 0.651787 0.020438 0.756208 0.053906
0.264337 0.269718 1.665582 0.651817 0.020124 0.756177 0.054098
0.264870 0.269456 1.665634 0.651852 0.019815 0.756154 0.054103
0.265403 0.269233 1.665675 0.651885 0.019632 0.756130 0.054113
0.265935 0.269036 1.665708 0.651920 0.019524 0.756101 0.054133
0.266467 0.268855 1.665737 0.651960 0.019462 0.756067 0.054159
0.266998 0.268685 1.665763 0.652002 0.019424 0.756029 0.054190
0.267528 0.268522 1.665789 0.652046 0.019401 0.755989 0.054224
0.268057 0.268363 1.665814 0.652092 0.019383 0.755947 0.054262
0.268583 0.268204 1.665839 0.652138 0.019366 0.755905 0.054303
0.269108 0.268045 1.665865 0.652184 0.019348 0.755863 0.054347
0.269631 0.267885 1.665891 0.652229 0.019326 0.755821 0.054395
0.270153 0.267722 1.665918 0.652273 0.019299 0.755779 0.054447
0.270674 0.267555 1.665946 0.652317 0.019265 0.755739 0.054504
0.271193 0.267383 1.665974 0.652359 0.019225 0.755699 0.054565
0.271711 0.267207 1.666004 0.652401 0.019177 0.755659 0.054633
0.272229 0.267025 1.666033 0.652441 0.019121 0.755620 0.054706
0.272746 0.266837 1.666063 0.652481 0.019056 0.755582 0.054786
0.273262 0.266644 1.666094 0.652520 0.018982 0.755544 0.054872
0.273779 0.266444 1.666125 0.652559 0.018899 0.755506 0.054966
0.274295 0.266237 1.666156 0.652597 0.018808 0.755468 0.055067
0.274812 0.266024 1.666188 0.652635 0.018706 0.755430 0.055175
0.275329 0.265804 1.666219 0.652672 0.018596 0.755391 0.055291
0.275846 0.265577 1.666251 0.652709 0.018476 0.755353 0.055415
0.276363 0.265342 1.666283 0.652746 0.018346 0.755314 0.055547
0.276882 0.265101 1.666315 0.652784 0.018207 0.755275 0.055687
0.277400 0.264852 1.666347 0.652821 0.018059 0.755236 0.055835
0.277920 0.264596 1.666378 0.652858 0.017901 0.755196 0.055992
0.278440 0.264333 1.666410 0.652895 0.017734 0.755156 0.056157
0.278961 0.264062 1.666442 0.652932 0.017557 0.755115 0.056329
0.279482 0.263785 1.666473 0.652969 0.017371 0.755073 0.056511
0.280004 0.263500 1.666504 0.653007 0.017176 0.755031 0.056700
0.280528 0.263208 1.666535 0.653044 0.016972 0.754988 0.056898
0.281052 0.262908 1.666566 0.653082 0.016760 0.754945 0.057103
0.281576 0.262602 1.666597 0.653120 0.016538 0.754901 0.057317
0.282102 0.262289 1.666627 0.653158 0.016308 0.754856 0.057539
0.282628 0.261969 1.666658 0.653196 0.016069 0.754811 0.057769
0.283156 0.261642 1.666687 0.653235 0.015822 0.754765 0.058006
0.283684 0.261308 1.666717 0.653273 0.015567 0.754718 0.058252
0.284212 0.260967 1.666746 0.653311 0.015304 0.754670 0.058505
0.284742 0.260620 1.666775 0.653350 0.015033 0.754622 0.058765
0.285272 0.260266 1.666804 0.653389 0.014754 0.754573 0.059034
0.285815 0.259968 1.666827 0.653450 0.014368 0.754526 0.059056
0.286365 0.259707 1.666851 0.653521 0.014045 0.754470 0.059057
0.286916 0.259470 1.666877 0.653594 0.013776 0.754411 0.059062
0.287468 0.259249 1.666908 0.653668 0.013539 0.754351 0.059068
0.288018 0.259037 1.666944 0.653740 0.013320 0.754292 0.059071
0.288566 0.258832 1.666985 0.653809 0.013111 0.754236 0.059070
0.289112 0.258630 1.667031 0.653875 0.012904 0.754183 0.059067
0.289654 0.258429 1.667081 0.653937 0.012698 0.754133 0.059062
0.290194 0.258227 1.667136 0.653994 0.012491 0.754087 0.059057
0.290731 0.258024 1.667194 0.654048 0.012280 0.754045 0.059052
0.291265 0.257817 1.667255 0.654098 0.012066 0.754005 0.059049
0.291797 0.257607 1.667320 0.654144 0.011847 0.753969 0.059049
0.292327 0.257392 1.667386 0.654186 0.011623 0.753935 0.059053
0.292855 0.257173 1.667455 0.654226 0.011394 0.753904 0.059061
0.293381 0.256948 1.667525 0.654262 0.011159 0.753874 0.059075
0.293906 0.256718 1.667597 0.654296 0.010919 0.753847 0.059095
0.294430 0.256481 1.667670 0.654328 0.010672 0.753820 0.059122
0.294953 0.256239 1.667743 0.654358 0.010420 0.753795 0.059156
0.295475 0.255990 1.667817 0.654387 0.010162 0.753771 0.059197
0.295996 0.255734 1.667891 0.654413 0.009898 0.753747 0.059247
0.296517 0.255472 1.667966 0.654439 0.009627 0.753724 0.059305
0.297038 0.255203 1.668041 0.654463 0.009351 0.753702 0.059372
0.297559 0.254927 1.668116 0.654486 0.009068 0.753679 0.059448
0.298079 0.254644 1.668190 0.654508 0.008780 0.753656 0.059533
0.298600 0.254354 1.668264 0.654529 0.008485 0.753634 0.059627
0.299120 0.254057 1.668338 0.654550 0.008184 0.753611 0.059730
0.299641 0.253753 1.668411 0.654570 0.007877 0.753588 0.059843
0.300161 0.253442 1.668484 0.654590 0.007564 0.753564 0.059965
0.300682 0.253123 1.668556 0.654609 0.007245 0.753541 0.060096
0.301204 0.252798 1.668628 0.654627 0.006920 0.753516 0.060237
0.301725 0.252466 1.668699 0.654646 0.006589 0.753491 0.060387
0.302247 0.252127 1.668769 0.654664 0.006253 0.753466 0.060546
0.302769 0.251781 1.668838 0.654681 0.005911 0.753440 0.060714
0.303292 0.251429 1.668907 0.654699 0.005563 0.753413 0.060892
0.303815 0.251069 1.668975 0.654716 0.005209 0.753385 0.061078
0.304338 0.250703 1.669042 0.654733 0.004851 0.753357 0.061274
0.304861 0.250330 1.669108 0.654750 0.004486 0.753328 0.061478
0.305385 0.249951 1.669174 0.654766 0.004117 0.753298 0.061691
0.305909 0.249565 1.669238 0.654783 0.003742 0.753268 0.061913
0.306433 0.249173 1.669302 0.654799 0.003363 0.753237 0.062144
0.306970 0.248829 1.669356 0.654830 0.002888 0.753210 0.062159
0.307516 0.248510 1.669407 0.654878 0.002447 0.753169 0.062170
0.308067 0.248208 1.669456 0.654934 0.002042 0.753120 0.062189
0.308619 0.247918 1.669505 0.654993 0.001659 0.753068 0.062215
0.309170 0.247634 1.669555 0.655053 0.001292 0.753014 0.062245
0.309720 0.247355 1.669606 0.655112 0.000936 0.752960 0.062278
0.310269 0.247078 1.669659 0.655169 0.000585 0.752908 0.062314
0.310815 0.246802 1.669713 0.655223 0.000240 0.752857 0.062353
0.311359 0.246524 1.669768 0.655275 -0.000104 0.752809 0.062397
0.311900 0.246244 1.669825 0.655323 -0.000446 0.752763 0.062445
0.312440 0.245962 1.669883 0.655368 -0.000788 0.752719 0.062498
0.312977 0.245676 1.669942 0.655410 -0.001130 0.752677 0.062557
0.313512 0.245386 1.670001 0.655449 -0.001473 0.752637 0.062622
0.314045 0.245091 1.670062 0.655486 -0.001817 0.752598 0.062693
0.314577 0.244792 1.670122 0.655520 -0.002163 0.752561 0.062772
0.315107 0.244488 1.670183 0.655552 -0.002512 0.752525 0.062858
0.315636 0.244178 1.670244 0.655582 -0.002863 0.752490 0.062952
0.316163 0.243863 1.670305 0.655610 -0.003216 0.752455 0.063053
0.316690 0.243541 1.670367 0.655637 -0.003572 0.752422 0.063163
0.317216 0.243214 1.670428 0.655661 -0.003932 0.752389 0.063281
0.317741 0.242881 1.670488 0.655684 -0.004295 0.752356 0.063407
0.318265 0.242542 1.670549 0.655706 -0.004661 0.752323 0.063542
0.318788 0.242197 1.670609 0.655727 -0.005030 0.752291 0.063685
0.319311 0.241845 1.670669 0.655746 -0.005403 0.752258 0.063837
0.319834 0.241487 1.670729 0.655765 -0.005780 0.752226 0.063998
0.320356 0.241122 1.670787 0.655782 -0.006160 0.752193 0.064167
0.320877 0.240752 1.670846 0.655798 -0.006544 0.752160 0.064345
0.321398 0.240375 1.670904 0.655814 -0.006932 0.752127 0.064532
0.321919 0.239991 1.670961 0.655829 -0.007323 0.752094 0.064727
0.322440 0.239602 1.671018 0.655843 -0.007719 0.752060 0.064930
0.322960 0.239206 1.671074 0.655856 -0.008118 0.752026 0.065142
0.323480 0.238804 1.671130 0.655868 -0.008520 0.751992 0.065363
0.323999 0.238395 1.671184 0.655881 -0.008928 0.751956 0.065592
0.324516 0.237981 1.671238 0.655896 -0.009342 0.751918 0.065829
0.325030 0.237562 1.671291 0.655912 -0.009761 0.751877 0.066074
0.325540 0.237139 1.671343 0.655929 -0.010185 0.751834 0.066326
0.326046 0.236712 1.671394 0.655949 -0.010613 0.751788 0.066583
0.326547 0.236283 1.671444 0.655970 -0.011046 0.751740 0.066845
0.327043 0.235852 1.671493 0.655992 -0.011481 0.751691 0.067111
0.327534 0.235419 1.671541 0.656015 -0.011918 0.751639 0.067380
0.328040 0.235042 1.671581 0.656035 -0.012418 0.751610 0.067423
0.328552 0.234694 1.671621 0.656045 -0.012818 0.751589 0.067488
0.329067 0.234366 1.671663 0.656047 -0.013150 0.751575 0.067569
0.329582 0.234050 1.671705 0.656041 -0.013440 0.751566 0.067660
0.330098 0.233741 1.671748 0.656030 -0.013705 0.751563 0.067755
0.330612 0.233435 1.671792 0.656014 -0.013955 0.751562 0.067855
0.331126 0.233131 1.671837 0.655996 -0.014196 0.751565 0.067959
0.331638 0.232827 1.671881 0.655975 -0.014432 0.751569 0.068069
0.332148 0.232520 1.671927 0.655952 -0.014666 0.751574 0.068183
0.332657 0.232212 1.671972 0.655927 -0.014899 0.751580 0.068303
0.333165 0.231899 1.672017 0.655901 -0.015134 0.751587 0.068429
0.333671 0.231582 1.672063 0.655874 -0.015370 0.751594 0.068561
0.334176 0.231261 1.672108 0.655846 -0.015608 0.751600 0.068701
0.334680 0.230935 1.672154 0.655817 -0.015850 0.751607 0.068847
0.335183 0.230603 1.672199 0.655787 -0.016095 0.751613 0.069001
0.335685 0.230266 1.672244 0.655758 -0.016345 0.751619 0.069162
0.336186 0.229923 1.672288 0.655728 -0.016599 0.751624 0.069331
0.336686 0.229574 1.672333 0.655697 -0.016857 0.751629 0.069507
0.337185 0.229219 1.672377 0.655667 -0.017120 0.751632 0.069692
0.337684 0.228858 1.672420 0.655636 -0.017388 0.751635 0.069884
0.338182 0.228490 1.672464 0.655605 -0.017661 0.751637 0.070084
0.338679 0.228117 1.672506 0.655576 -0.017941 0.751636 0.070292
0.339172 0.227737 1.672548 0.655549 -0.018229 0.751633 0.070509
0.339663 0.227353 1.672590 0.655524 -0.018523 0.751626 0.070732
0.340150 0.226964 1.672631 0.655501 -0.018824 0.751617 0.070962
0.340632 0.226572 1.672671 0.655481 -0.019132 0.751605 0.071198
0.341110 0.226177 1.672710 0.655463 -0.019445 0.751590 0.071438
0.341582 0.225780 1.672749 0.655446 -0.019762 0.751573 0.071681
0.342049 0.225381 1.672787 0.655432 -0.020083 0.751553 0.071928
0.342510 0.224982 1.672825 0.655419 -0.020407 0.751532 0.072178
0.342965 0.224583 1.672862 0.655407 -0.020734 0.751509 0.072429
0.343414 0.224184 1.672899 0.655396 -0.021061 0.751485 0.072681
0.343856 0.223787 1.672935 0.655387 -0.021390 0.751459 0.072933
0.344292 0.223391 1.672971 0.655378 -0.021719 0.751433 0.073186
0.344722 0.222997 1.673007 0.655370 -0.022047 0.751406 0.073438
0.345145 0.222606 1.673042 0.655363 -0.022375 0.751378 0.073689
0.345561 0.222218 1.673076 0.655357 -0.022701 0.751349 0.073939
0.345971 0.221833 1.673111 0.655350 -0.023025 0.751320 0.074187
0.346374 0.221451 1.673145 0.655344 -0.023347 0.751291 0.074434
0.346770 0.221074 1.673179 0.655339 -0.023667 0.751262 0.074678
0.347199 0.220752 1.673201 0.655333 -0.024078 0.751256 0.074660
0.347648 0.220454 1.673216 0.655329 -0.024440 0.751250 0.074634
0.348111 0.220169 1.673227 0.655327 -0.024758 0.751242 0.074625
0.348583 0.219891 1.673233 0.655327 -0.025048 0.751232 0.074632
0.349059 0.219615 1.673236 0.655331 -0.025322 0.751217 0.074656
0.349537 0.219339 1.673236 0.655337 -0.025587 0.751198 0.074694
0.350014 0.219061 1.673234 0.655347 -0.025847 0.751176 0.074745
0.350491 0.218780 1.673229 0.655360 -0.026107 0.751150 0.074808
0.350964 0.218497 1.673223 0.655375 -0.026366 0.751120 0.074881
0.351434 0.218210 1.673215 0.655392 -0.026627 0.751087 0.074964
0.351899 0.217922 1.673206 0.655412 -0.026889 0.751052 0.075055
0.352360 0.217631 1.673196 0.655433 -0.027153 0.751014 0.075154
0.352815 0.217339 1.673186 0.655456 -0.027417 0.750974 0.075259
0.353265 0.217045 1.673175 0.655479 -0.027683 0.750933 0.075369
0.353708 0.216750 1.673163 0.655504 -0.027949 0.750890 0.075485
0.354146 0.216456 1.673151 0.655529 -0.028216 0.750846 0.075604
0.354577 0.216161 1.673139 0.655555 -0.028483 0.750801 0.075727
0.355003 0.215867 1.673128 0.655582 -0.028749 0.750755 0.075852
0.355421 0.215574 1.673116 0.655608 -0.029015 0.750709 0.075980
0.355833 0.215282 1.673104 0.655634 -0.029280 0.750662 0.076110
0.356239 0.214991 1.673093 0.655661 -0.029543 0.750615 0.076241
0.356638 0.214703 1.673081 0.655687 -0.029804 0.750569 0.076373
0.357031 0.214416 1.673070 0.655713 -0.030064 0.750522 0.076506
0.357417 0.214132 1.673060 0.655739 -0.030322 0.750476 0.076638
0.357796 0.213851 1.673050 0.655764 -0.030577 0.750430 0.076771
0.358169 0.213572 1.673040 0.655789 -0.030829 0.750384 0.076904
0.358535 0.213297 1.673031 0.655813 -0.031079 0.750339 0.077036
0.358895 0.213024 1.673022 0.655837 -0.031325 0.750295 0.077167
0.359249 0.212755 1.673013 0.655860 -0.031569 0.750251 0.077297
0.359596 0.212490 1.673005 0.655882 -0.031809 0.750208 0.077426
0.359937 0.212228 1.672998 0.655904 -0.032046 0.750166 0.077554
0.360271 0.211970 1.672990 0.655925 -0.032279 0.750124 0.077681
0.360600 0.211715 1.672984 0.655945 -0.032509 0.750083 0.077806
0.360922 0.211464 1.672977 0.655965 -0.032735 0.750043 0.077929
0.361238 0.211217 1.672972 0.655984 -0.032958 0.750004 0.078051
0.361548 0.210974 1.672966 0.656002 -0.033177 0.749966 0.078171
0.361853 0.210735 1.672961 0.656020 -0.033392 0.749929 0.078289
0.362151 0.210500 1.672957 0.656037 -0.033603 0.749893 0.078405
0.362444 0.210269 1.672952 0.656053 -0.033810 0.749857 0.078520
0.362731 0.210042 1.672949 0.656069 -0.034013 0.749823 0.078632
0.363056 0.209873 1.672937 0.656078 -0.034256 0.749816 0.078515
0.363401 0.209743 1.672921 0.656083 -0.034424 0.749821 0.078350
0.363760 0.209635 1.672903 0.656088 -0.034526 0.749829 0.078184
0.364128 0.209541 1.672885 0.656092 -0.034586 0.749839 0.078024
0.364501 0.209454 1.672865 0.656098 -0.034622 0.749848 0.077872
0.364876 0.209370 1.672846 0.656105 -0.034645 0.749856 0.077728
0.365250 0.209286 1.672826 0.656112 -0.034662 0.749863 0.077593
0.365623 0.209202 1.672807 0.656121 -0.034677 0.749868 0.077465
0.365994 0.209116 1.672789 0.656131 -0.034693 0.749871 0.077345
0.366361 0.209028 1.672771 0.656141 -0.034711 0.749873 0.077232
0.366724 0.208937 1.672754 0.656152 -0.034733 0.749873 0.077126
0.367083 0.208844 1.672737 0.656164 -0.034758 0.749872 0.077026
0.367437 0.208749 1.672721 0.656176 -0.034786 0.749870 0.076932
0.367786 0.208652 1.672705 0.656188 -0.034819 0.749867 0.076844
0.368130 0.208552 1.672690 0.656200 -0.034855 0.749863 0.076761
0.368469 0.208451 1.672676 0.656213 -0.034894 0.749858 0.076683
0.368803 0.208349 1.672663 0.656226 -0.034935 0.749852 0.076610
0.369132 0.208246 1.672650 0.656239 -0.034980 0.749846 0.076540
0.369456 0.208141 1.672638 0.656251 -0.035027 0.749839 0.076475
0.369774 0.208036 1.672626 0.656264 -0.035077 0.749832 0.076413
0.370088 0.207930 1.672615 0.656277 -0.035128 0.749824 0.076355
0.370396 0.207824 1.672605 0.656289 -0.035181 0.749817 0.076299
0.370699 0.207718 1.672595 0.656302 -0.035235 0.749809 0.076247
0.370997 0.207612 1.672586 0.656314 -0.035291 0.749801 0.076197
0.371289 0.207506 1.672578 0.656326 -0.035348 0.749792 0.076150
0.371577 0.207401 1.672570 0.656337 -0.035405 0.749784 0.076105
0.371860 0.207296 1.672563 0.656348 -0.035463 0.749776 0.076062
0.372138 0.207191 1.672556 0.656359 -0.035522 0.749767 0.076022
0.372411 0.207087 1.672550 0.656370 -0.035581 0.749759 0.075983
0.372679 0.206985 1.672545 0.656380 -0.035640 0.749751 0.075946
0.372942 0.206883 1.672540 0.656390 -0.035700 0.749743 0.075910
0.373200 0.206782 1.672535 0.656400 -0.035759 0.749735 0.075876
0.373454 0.206682 1.672531 0.656409 -0.035819 0.749728 0.075843
0.373703 0.206583 1.672527 0.656418 -0.035878 0.749720 0.075812
0.373948 0.206485 1.672524 0.656427 -0.035936 0.749713 0.075782
0.374188 0.206389 1.672521 0.656435 -0.035995 0.749706 0.075753
0.374424 0.206294 1.672519 0.656443 -0.036053 0.749699 0.075725
0.374655 0.206200 1.672517 0.656451 -0.036110 0.749692 0.075698
0.374883 0.206107 1.672515 0.656458 -0.036167 0.749686 0.075672
0.375106 0.206016 1.672514 0.656465 -0.036224 0.749679 0.075647
0.375370 0.205972 1.672502 0.656477 -0.036322 0.749684 0.075445
0.375664 0.205957 1.672485 0.656504 -0.036356 0.749678 0.075254
0.375977 0.205956 1.672465 0.656539 -0.036336 0.749665 0.075091
0.376301 0.205961 1.672444 0.656578 -0.036284 0.749647 0.074948
0.376632 0.205967 1.672423 0.656620 -0.036218 0.749627 0.074821
0.376967 0.205971 1.672401 0.656663 -0.036145 0.749604 0.074706
0.377303 0.205970 1.672379 0.656707 -0.036073 0.749580 0.074602
0.377639 0.205965 1.672358 0.656751 -0.036005 0.749553 0.074508
0.377974 0.205955 1.672337 0.656796 -0.035942 0.749526 0.074423
0.378306 0.205938 1.672316 0.656840 -0.035886 0.749497 0.074346
0.378636 0.205916 1.672296 0.656885 -0.035836 0.749467 0.074277
0.378963 0.205888 1.672276 0.656929 -0.035794 0.749437 0.074215
0.379286 0.205856 1.672257 0.656973 -0.035758 0.749405 0.074160
0.379605 0.205818 1.672239 0.657017 -0.035729 0.749373 0.074111
0.379920 0.205777 1.672222 0.657060 -0.035705 0.749341 0.074067
0.380231 0.205731 1.672205 0.657102 -0.035688 0.749308 0.074029
0.380538 0.205681 1.672189 0.657144 -0.035676 0.749275 0.073995
0.380840 0.205629 1.672174 0.657186 -0.035669 0.749242 0.073965
0.381139 0.205573 1.672159 0.657226 -0.035666 0.749209 0.073940
0.381432 0.205515 1.672145 0.657266 -0.035668 0.749176 0.073918
0.381722 0.205455 1.672132 0.657305 -0.035674 0.749144 0.073899
0.382007 0.205393 1.672120 0.657343 -0.035683 0.749112 0.073883
0.382287 0.205329 1.672109 0.657380 -0.035695 0.749080 0.073870
0.382563 0.205263 1.672098 0.657417 -0.035710 0.749048 0.073860
0.382834 0.205196 1.672088 0.657452 -0.035728 0.749017 0.073851
0.383101 0.205129 1.672079 0.657487 -0.035748 0.748986 0.073845
0.383364 0.205060 1.672071 0.657520 -0.035770 0.748956 0.073840
0.383622 0.204991 1.672063 0.657553 -0.035794 0.748927 0.073836
0.383876 0.204922 1.672056 0.657584 -0.035819 0.748898 0.073835
0.384126 0.204852 1.672049 0.657615 -0.035846 0.748870 0.073834
0.384371 0.204782 1.672043 0.657645 -0.035874 0.748842 0.073835
0.384612 0.204712 1.672038 0.657674 -0.035903 0.748815 0.073836
0.384848 0.204642 1.672033 0.657702 -0.035933 0.748789 0.073839
0.385081 0.204572 1.672029 0.657729 -0.035964 0.748763 0.073842
0.385309 0.204503 1.672025 0.657755 -0.035996 0.748738 0.073845
0.385534 0.204434 1.672022 0.657781 -0.036028 0.748714 0.073850
0.385754 0.204366 1.672020 0.657805 -0.036060 0.748691 0.073855
0.385970 0.204298 1.672018 0.657829 -0.036093 0.748668 0.073860
0.386182 0.204231 1.672016 0.657852 -0.036126 0.748646 0.073865
0.386391 0.204164 1.672015 0.657874 -0.036159 0.748624 0.073871
0.386635 0.204146 1.672001 0.657891 -0.036234 0.748624 0.073671
0.386900 0.204160 1.671984 0.657907 -0.036222 0.748632 0.073463
0.387178 0.204194 1.671965 0.657921 -0.036141 0.748643 0.073270
0.387464 0.204237 1.671944 0.657932 -0.036017 0.748656 0.073091
0.387755 0.204285 1.671921 0.657941 -0.035870 0.748671 0.072922
0.388047 0.204334 1.671898 0.657951 -0.035711 0.748686 0.072763
0.388339 0.204382 1.671873 0.657960 -0.035547 0.748701 0.072612
0.388630 0.204427 1.671847 0.657969 -0.035382 0.748714 0.072469
0.388919 0.204469 1.671820 0.657980 -0.035219 0.748726 0.072335
0.389206 0.204507 1.671792 0.657991 -0.035060 0.748736 0.072209
0.389490 0.204542 1.671764 0.658002 -0.034905 0.748744 0.072090
0.389770 0.204572 1.671736 0.658014 -0.034754 0.748751 0.071978
0.390047 0.204599 1.671707 0.658027 -0.034609 0.748757 0.071873
0.390321 0.204622 1.671678 0.658041 -0.034470 0.748761 0.071775
0.390590 0.204642 1.671649 0.658055 -0.034335 0.748764 0.071682
0.390856 0.204659 1.671620 0.658069 -0.034205 0.748765 0.071594
0.391118 0.204672 1.671592 0.658083 -0.034081 0.748766 0.071512
0.391377 0.204683 1.671564 0.658098 -0.033961 0.748766 0.071434
0.391631 0.204691 1.671536 0.658113 -0.033846 0.748765 0.071361
0.391881 0.204697 1.671508 0.658128 -0.033735 0.748764 0.071292
0.392128 0.204701 1.671481 0.658142 -0.033628 0.748762 0.071226
0.392370 0.204703 1.671455 0.658157 -0.033525 0.748760 0.071164
0.392608 0.204703 1.671429 0.658171 -0.033427 0.748757 0.071105
0.392843 0.204701 1.671404 0.658186 -0.033332 0.748754 0.071050
0.393074 0.204698 1.671379 0.658200 -0.033240 0.748751 0.070997
0.393301 0.204693 1.671355 0.658214 -0.033152 0.748747 0.070946
0.393524 0.204688 1.671332 0.658227 -0.033067 0.748744 0.070898
0.393743 0.204681 1.671309 0.658240 -0.032985 0.748740 0.070853
0.393958 0.204673 1.671287 0.658253 -0.032906 0.748737 0.070809
0.394170 0.204664 1.671266 0.658265 -0.032829 0.748733 0.070767
0.394378 0.204655 1.671245 0.658277 -0.032755 0.748729 0.070727
0.394582 0.204645 1.671225 0.658289 -0.032684 0.748726 0.070689
0.394783 0.204634 1.671205 0.658300 -0.032615 0.748723 0.070652
0.394980 0.204622 1.671187 0.658311 -0.032548 0.748719 0.070617
0.395174 0.204611 1.671169 0.658321 -0.032484 0.748716 0.070583
0.395365 0.204599 1.671151 0.658331 -0.032421 0.748713 0.070551
0.395551 0.204586 1.671134 0.658340 -0.032361 0.748711 0.070519
0.395735 0.204574 1.671118 0.658349 -0.032302 0.748708 0.070489
0.395915 0.204561 1.671103 0.658358 -0.032245 0.748706 0.070460
0.396092 0.204548 1.671088 0.658366 -0.032190 0.748704 0.070432
0.396306 0.204573 1.671059 0.658383 -0.032213 0.748708 0.070213
0.396547 0.204622 1.671026 0.658408 -0.032223 0.748707 0.069991
0.396804 0.204685 1.670990 0.658435 -0.032202 0.748703 0.069790
0.397070 0.204756 1.670950 0.658463 -0.032162 0.748697 0.069603
0.397341 0.204831 1.670908 0.658492 -0.032107 0.748690 0.069429
0.397615 0.204907 1.670864 0.658522 -0.032044 0.748682 0.069264
0.397888 0.204982 1.670817 0.658552 -0.031976 0.748673 0.069109
0.398161 0.205056 1.670768 0.658583 -0.031905 0.748662 0.068962
0.398431 0.205128 1.670717 0.658614 -0.031832 0.748650 0.068824
0.398699 0.205197 1.670664 0.658647 -0.031758 0.748637 0.068694
0.398964 0.205263 1.670611 0.658680 -0.031685 0.748622 0.068572
0.399226 0.205326 1.670556 0.658713 -0.031612 0.748606 0.068457
0.399484 0.205387 1.670501 0.658747 -0.031540 0.748589 0.068348
0.399738 0.205444 1.670446 0.658782 -0.031470 0.748571 0.068246
0.399989 0.205499 1.670389 0.658816 -0.031401 0.748553 0.068149
0.400236 0.205551 1.670333 0.658851 -0.031333 0.748533 0.068058
0.400479 0.205601 1.670277 0.658885 -0.031266 0.748513 0.067971
0.400718 0.205648 1.670221 0.658920 -0.031201 0.748493 0.067890
0.400954 0.205694 1.670166 0.658954 -0.031138 0.748473 0.067812
0.401185 0.205737 1.670111 0.658988 -0.031076 0.748452 0.067739
0.401413 0.205778 1.670056 0.659022 -0.031016 0.748431 0.067670
0.401637 0.205817 1.670002 0.659055 -0.030957 0.748410 0.067603
0.401857 0.205855 1.669948 0.659088 -0.030899 0.748390 0.067540
0.402074 0.205891 1.669896 0.659120 -0.030843 0.748369 0.067480
0.402287 0.205925 1.669844 0.659151 -0.030788 0.748349 0.067422
0.402496 0.205958 1.669793 0.659182 -0.030734 0.748329 0.067367
0.402701 0.205990 1.669743 0.659212 -0.030682 0.748309 0.067315
0.402903 0.206021 1.669693 0.659242 -0.030631 0.748290 0.067264
0.403101 0.206050 1.669645 0.659271 -0.030581 0.748271 0.067216
0.403296 0.206079 1.669598 0.659299 -0.030532 0.748252 0.067169
0.403487 0.206106 1.669551 0.659326 -0.030485 0.748234 0.067125
0.403675 0.206132 1.669506 0.659353 -0.030438 0.748216 0.067081
0.403859 0.206158 1.669461 0.659379 -0.030392 0.748199 0.067040
0.404040 0.206183 1.669417 0.659404 -0.030348 0.748182 0.067000
0.404218 0.206207 1.669375 0.659428 -0.030304 0.748166 0.066961
0.404393 0.206230 1.669333 0.659452 -0.030261 0.748150 0.066923
0.404564 0.206253 1.669293 0.659475 -0.030219 0.748135 0.066887
0.404732 0.206275 1.669253 0.659497 -0.030178 0.748120 0.066851
0.404897 0.206296 1.669214 0.659519 -0.030137 0.748106 0.066817
0.405059 0.206317 1.669176 0.659540 -0.030098 0.748092 0.066784
0.405243 0.206365 1.669128 0.659563 -0.030097 0.748088 0.066594
0.405450 0.206429 1.669075 0.659600 -0.030053 0.748075 0.066395
0.405671 0.206498 1.669018 0.659644 -0.029973 0.748056 0.066210
0.405902 0.206567 1.668961 0.659692 -0.029874 0.748033 0.066039
0.406140 0.206632 1.668903 0.659742 -0.029768 0.748006 0.065881
0.406381 0.206690 1.668846 0.659794 -0.029662 0.747978 0.065735
0.406624 0.206742 1.668790 0.659847 -0.029561 0.747947 0.065599
0.406867 0.206785 1.668735 0.659900 -0.029466 0.747915 0.065475
0.407111 0.206820 1.668680 0.659953 -0.029379 0.747882 0.065361
0.407355 0.206848 1.668627 0.660005 -0.029301 0.747848 0.065256
0.407597 0.206868 1.668576 0.660057 -0.029231 0.747813 0.065160
0.407837 0.206881 1.668525 0.660109 -0.029169 0.747777 0.065072
0.408076 0.206887 1.668476 0.660160 -0.029115 0.747741 0.064992
0.408313 0.206887 1.668428 0.660211 -0.029068 0.747705 0.064919
0.408547 0.206882 1.668382 0.660260 -0.029029 0.747668 0.064853
0.408779 0.206871 1.668336 0.660309 -0.028996 0.747631 0.064793
0.409009 0.206856 1.668292 0.660358 -0.028970 0.747594 0.064739
0.409236 0.206836 1.668250 0.660405 -0.028948 0.747558 0.064690
0.409460 0.206813 1.668208 0.660451 -0.028932 0.747521 0.064646
0.409681 0.206785 1.668168 0.660497 -0.028921 0.747485 0.064607
0.409900 0.206755 1.668129 0.660541 -0.028914 0.747449 0.064571
0.410116 0.206722 1.668092 0.660585 -0.028911 0.747413 0.064540
0.410328 0.206686 1.668055 0.660628 -0.028912 0.747378 0.064512
0.410538 0.206648 1.668020 0.660670 -0.028916 0.747343 0.064487
0.410745 0.206607 1.667985 0.660710 -0.028923 0.747308 0.064465
0.410949 0.206566 1.667952 0.660750 -0.028932 0.747274 0.064445
0.411149 0.206522 1.667920 0.660789 -0.028944 0.747241 0.064428
0.411347 0.206477 1.667889 0.660827 -0.028959 0.747208 0.064414
0.411542 0.206431 1.667859 0.660864 -0.028975 0.747176 0.064401
0.411733 0.206384 1.667830 0.660900 -0.028993 0.747145 0.064390
0.411922 0.206337 1.667802 0.660935 -0.029012 0.747114 0.064381
0.412107 0.206288 1.667775 0.660969 -0.029032 0.747084 0.064373
0.412290 0.206239 1.667749 0.661002 -0.029054 0.747054 0.064367
0.412469 0.206190 1.667723 0.661034 -0.029077 0.747025 0.064362
0.412646 0.206141 1.667699 0.661065 -0.029101 0.746997 0.064358
0.412819 0.206091 1.667675 0.661095 -0.029125 0.746969 0.064355
0.412990 0.206042 1.667652 0.661125 -0.029150 0.746943 0.064353
0.413157 0.205992 1.667630 0.661153 -0.029176 0.746916 0.064351
0.413322 0.205943 1.667609 0.661181 -0.029202 0.746891 0.064351
0.413484 0.205893 1.667589 0.661208 -0.029228 0.746866 0.064351
0.413655 0.205862 1.667563 0.661227 -0.029353 0.746858 0.064191
0.413830 0.205846 1.667538 0.661244 -0.029431 0.746853 0.064040
0.414008 0.205841 1.667514 0.661259 -0.029477 0.746850 0.063894
0.414185 0.205842 1.667490 0.661272 -0.029503 0.746849 0.063751
0.414360 0.205848 1.667467 0.661284 -0.029516 0.746851 0.063610
0.414534 0.205857 1.667444 0.661293 -0.029521 0.746854 0.063470
0.414705 0.205868 1.667422 0.661302 -0.029520 0.746858 0.063332
0.414874 0.205881 1.667400 0.661310 -0.029515 0.746863 0.063196
0.415039 0.205895 1.667378 0.661317 -0.029508 0.746869 0.063063
0.415202 0.205909 1.667357 0.661323 -0.029498 0.746874 0.062932
0.415362 0.205925 1.667337 0.661329 -0.029487 0.746880 0.062804
0.415518 0.205941 1.667316 0.661335 -0.029474 0.746886 0.062678
0.415672 0.205957 1.667296 0.661340 -0.029460 0.746893 0.062555
0.415823 0.205973 1.667277 0.661345 -0.029445 0.746899 0.062435
0.415971 0.205990 1.667258 0.661349 -0.029430 0.746905 0.062317
0.416116 0.206007 1.667239 0.661354 -0.029413 0.746912 0.062201
0.416258 0.206024 1.667221 0.661358 -0.029397 0.746918 0.062088
0.416398 0.206041 1.667203 0.661361 -0.029379 0.746925 0.061978
0.416534 0.206059 1.667185 0.661365 -0.029362 0.746931 0.061870
0.416668 0.206076 1.667168 0.661368 -0.029344 0.746938 0.061764
0.416800 0.206093 1.667151 0.661371 -0.029325 0.746944 0.061661
0.416929 0.206111 1.667135 0.661374 -0.029306 0.746951 0.061560
0.417055 0.206128 1.667119 0.661377 -0.029287 0.746958 0.061461
0.417179 0.206146 1.667104 0.661379 -0.029268 0.746965 0.061364
0.417300 0.206163 1.667089 0.661381 -0.029249 0.746971 0.061269
0.417420 0.206180 1.667074 0.661382 -0.029229 0.746978 0.061176
0.417536 0.206198 1.667060 0.661384 -0.029209 0.746985 0.061085
0.417651 0.206215 1.667046 0.661385 -0.029189 0.746992 0.060996
0.417763 0.206233 1.667033 0.661386 -0.029169 0.746999 0.060909
0.417873 0.206250 1.667020 0.661387 -0.029149 0.747006 0.060824
0.417981 0.206267 1.667007 0.661388 -0.029129 0.747013 0.060740
0.418087 0.206284 1.666995 0.661388 -0.029109 0.747020 0.060659
0.418191 0.206301 1.666983 0.661388 -0.029089 0.747027 0.060579
0.418293 0.206319 1.666972 0.661388 -0.029068 0.747034 0.060500
0.418392 0.206336 1.666960 0.661388 -0.029048 0.747041 0.060424
0.418490 0.206352 1.666950 0.661388 -0.029028 0.747049 0.060349
0.418586 0.206369 1.666939 0.661387 -0.029008 0.747056 0.060275
0.418680 0.206386 1.666929 0.661387 -0.028987 0.747063 0.060203
0.418773 0.206403 1.666919 0.661386 -0.028967 0.747070 0.060133
0.418863 0.206419 1.666910 0.661385 -0.028947 0.747077 0.060064
0.418973 0.206452 1.666887 0.661396 -0.029103 0.747086 0.059759
0.419093 0.206492 1.666855 0.661415 -0.029250 0.747089 0.059445
0.419221 0.206534 1.666818 0.661439 -0.029378 0.747086 0.059145
0.419353 0.206576 1.666775 0.661468 -0.029490 0.747078 0.058862
0.419489 0.206615 1.666728 0.661500 -0.029593 0.747067 0.058594
0.419626 0.206652 1.666677 0.661535 -0.029689 0.747052 0.058341
0.419763 0.206685 1.666624 0.661572 -0.029781 0.747034 0.058100
0.419902 0.206715 1.666568 0.661611 -0.029869 0.747014 0.057873
0.420040 0.206741 1.666510 0.661652 -0.029954 0.746991 0.057657
0.420177 0.206764 1.666450 0.661693 -0.030038 0.746966 0.057453
0.420314 0.206783 1.666389 0.661736 -0.030121 0.746940 0.057259
0.420450 0.206799 1.666328 0.661780 -0.030202 0.746912 0.057075
0.420585 0.206812 1.666265 0.661824 -0.030282 0.746883 0.056901
0.420718 0.206822 1.666202 0.661869 -0.030361 0.746853 0.056735
0.420850 0.206830 1.666138 0.661913 -0.030439 0.746822 0.056577
0.420981 0.206835 1.666075 0.661958 -0.030515 0.746790 0.056427
0.421111 0.206838 1.666011 0.662003 -0.030592 0.746758 0.056284
0.421239 0.206839 1.665948 0.662048 -0.030667 0.746726 0.056148
0.421365 0.206838 1.665885 0.662093 -0.030741 0.746693 0.056017
0.421490 0.206835 1.665823 0.662137 -0.030814 0.746660 0.055893
0.421613 0.206831 1.665761 0.662180 -0.030887 0.746627 0.055774
0.421734 0.206826 1.665700 0.662224 -0.030958 0.746594 0.055660
0.421854 0.206819 1.665639 0.662266 -0.031028 0.746562 0.055551
0.421971 0.206811 1.665580 0.662309 -0.031098 0.746529 0.055446
0.422088 0.206802 1.665521 0.662350 -0.031166 0.746497 0.055346
0.422202 0.206792 1.665463 0.662391 -0.031234 0.746465 0.055250
0.422315 0.206782 1.665406 0.662431 -0.031300 0.746434 0.055157
0.422426 0.206770 1.665350 0.662470 -0.031365 0.746403 0.055068
0.422535 0.206759 1.665294 0.662509 -0.031429 0.746372 0.054982
0.422642 0.206746 1.665240 0.662547 -0.031493 0.746342 0.054899
0.422748 0.206733 1.665187 0.662584 -0.031555 0.746312 0.054820
0.422852 0.206720 1.665135 0.662620 -0.031616 0.746283 0.054743
0.422954 0.206706 1.665084 0.662655 -0.031676 0.746255 0.054668
0.423054 0.206693 1.665034 0.662690 -0.031735 0.746227 0.054597
0.423153 0.206679 1.664985 0.662723 -0.031792 0.746199 0.054527
0.423250 0.206664 1.664937 0.662756 -0.031849 0.746173 0.054460
0.423348 0.206627 1.664897 0.662786 -0.031978 0.746145 0.054407
0.423447 0.206569 1.664864 0.662812 -0.032160 0.746117 0.054366
0.423547 0.206494 1.664836 0.662836 -0.032383 0.746088 0.054338
0.423648 0.206406 1.664812 0.662859 -0.032633 0.746058 0.054320
0.423781 0.206259 1.664787 0.662915 -0.033323 0.745994 0.054099
0.423919 0.206101 1.664762 0.662971 -0.034081 0.745930 0.053812
0.424058 0.205937 1.664733 0.663030 -0.034837 0.745864 0.053510
0.424198 0.205771 1.664698 0.663094 -0.035570 0.745794 0.053217
0.424338 0.205604 1.664659 0.663162 -0.036278 0.745720 0.052934
0.424478 0.205447 1.664613 0.663233 -0.036928 0.745644 0.052662
0.424616 0.205297 1.664563 0.663306 -0.037538 0.745567 0.052400
0.424753 0.205151 1.664509 0.663382 -0.038117 0.745488 0.052147
0.424889 0.205010 1.664452 0.663458 -0.038673 0.745409 0.051905
0.425023 0.204872 1.664393 0.663534 -0.039208 0.745329 0.051672
0.425139 0.204772 1.664335 0.663595 -0.039622 0.745272 0.051389
0.425242 0.204708 1.664278 0.663642 -0.039940 0.745235 0.051067
0.425330 0.204676 1.664225 0.663678 -0.040182 0.745215 0.050712
0.425407 0.204670 1.664174 0.663705 -0.040366 0.745206 0.050334
0.425475 0.204686 1.664127 0.663725 -0.040510 0.745207 0.049937
0.425532 0.204706 1.664086 0.663741 -0.040667 0.745212 0.049537
0.425582 0.204726 1.664051 0.663752 -0.040839 0.745219 0.049137
0.425626 0.204746 1.664020 0.663759 -0.041020 0.745228 0.048744
0.425665 0.204763 1.663993 0.663762 -0.041211 0.745240 0.048362
0.425700 0.204779 1.663970 0.663763 -0.041410 0.745252 0.047990
0.425732 0.204792 1.663950 0.663762 -0.041616 0.745265 0.047630
0.425763 0.204803 1.663933 0.663759 -0.041829 0.745277 0.047281
0.425794 0.204812 1.663918 0.663756 -0.042047 0.745289 0.046943
0.425823 0.204818 1.663905 0.663753 -0.042271 0.745300 0.046615
0.425853 0.204822 1.663893 0.663749 -0.042499 0.745310 0.046296
0.425882 0.204824 1.663882 0.663746 -0.042730 0.745320 0.045986
0.425913 0.204823 1.663872 0.663742 -0.042964 0.745328 0.045684
0.425944 0.204821 1.663862 0.663739 -0.043199 0.745335 0.045390
0.425975 0.204817 1.663852 0.663735 -0.043433 0.745342 0.045105
0.426008 0.204811 1.663843 0.663732 -0.043665 0.745348 0.044829
0.426041 0.204804 1.663833 0.663729 -0.043894 0.745353 0.044560
0.426075 0.204796 1.663824 0.663726 -0.044120 0.745358 0.044299
0.426109 0.204787 1.663814 0.663723 -0.044342 0.745362 0.044046
0.426144 0.204777 1.663805 0.663721 -0.044560 0.745366 0.043799
0.426179 0.204767 1.663796 0.663718 -0.044772 0.745370 0.043560
0.426215 0.204756 1.663786 0.663716 -0.044980 0.745373 0.043328
0.426251 0.204745 1.663777 0.663713 -0.045182 0.745376 0.043101
0.426286 0.204734 1.663768 0.663711 -0.045380 0.745378 0.042881
0.426322 0.204722 1.663759 0.663709 -0.045572 0.745381 0.042667
0.426358 0.204710 1.663750 0.663707 -0.045759 0.745383 0.042459
0.426409 0.204693 1.663752 0.663743 -0.046104 0.745347 0.042175
0.426469 0.204668 1.663749 0.663787 -0.046556 0.745300 0.041804
0.426535 0.204637 1.663740 0.663830 -0.047058 0.745253 0.041381
0.426613 0.204579 1.663738 0.663857 -0.047670 0.745216 0.040920
0.426700 0.204522 1.663720 0.663896 -0.048319 0.745167 0.040411
0.426785 0.204473 1.663698 0.663930 -0.048931 0.745126 0.039886
0.426867 0.204428 1.663676 0.663957 -0.049514 0.745091 0.039353
0.426946 0.204388 1.663653 0.663979 -0.050073 0.745062 0.038817
0.427022 0.204352 1.663630 0.663998 -0.050607 0.745037 0.038284
0.427096 0.204320 1.663607 0.664013 -0.051118 0.745016 0.037758
0.427169 0.204288 1.663586 0.664024 -0.051616 0.744998 0.037242
0.427241 0.204258 1.663567 0.664032 -0.052100 0.744982 0.036735
0.427311 0.204230 1.663549 0.664038 -0.052571 0.744968 0.036239
0.427380 0.204202 1.663532 0.664042 -0.053029 0.744955 0.035752
0.427447 0.204176 1.663516 0.664044 -0.053475 0.744944 0.035274
0.427513 0.204151 1.663501 0.664046 -0.053908 0.744933 0.034807
0.427578 0.204127 1.663487 0.664046 -0.054331 0.744924 0.034350
0.427641 0.204104 1.663473 0.664046 -0.054742 0.744914 0.033902
0.427703 0.204082 1.663460 0.664045 -0.055144 0.744905 0.033465
0.427764 0.204061 1.663447 0.664043 -0.055535 0.744897 0.033037
0.427823 0.204041 1.663435 0.664041 -0.055917 0.744888 0.032619
0.427882 0.204021 1.663424 0.664039 -0.056289 0.744880 0.032211
0.427939 0.204002 1.663413 0.664036 -0.056652 0.744872 0.031812
0.427995 0.203984 1.663402 0.664034 -0.057007 0.744864 0.031422
0.428051 0.203966 1.663391 0.664031 -0.057352 0.744856 0.031042
0.428105 0.203949 1.663381 0.664028 -0.057690 0.744848 0.030671
0.428158 0.203932 1.663372 0.664024 -0.058019 0.744840 0.030309
0.428210 0.203916 1.663362 0.664021 -0.058341 0.744832 0.029955
0.428260 0.203896 1.663354 0.664017 -0.058661 0.744824 0.029616
0.428309 0.203873 1.663346 0.664013 -0.058980 0.744815 0.029289
0.428356 0.203846 1.663339 0.664009 -0.059296 0.744806 0.028975
0.428402 0.203818 1.663333 0.664004 -0.059610 0.744797 0.028672
0.428448 0.203787 1.663328 0.664000 -0.059920 0.744788 0.028380
0.428493 0.203755 1.663323 0.663995 -0.060226 0.744778 0.028098
0.428538 0.203721 1.663318 0.663990 -0.060527 0.744768 0.027825
0.428582 0.203686 1.663314 0.663986 -0.060824 0.744757 0.027561
0.428626 0.203650 1.663311 0.663981 -0.061116 0.744747 0.027305
0.428670 0.203613 1.663307 0.663976 -0.061403 0.744737 0.027057
0.428713 0.203576 1.663304 0.663971 -0.061684 0.744727 0.026816
0.428756 0.203538 1.663301 0.663966 -0.061959 0.744717 0.026581
0.428809 0.203493 1.663292 0.664009 -0.062472 0.744651 0.026182
0.428864 0.203443 1.663277 0.664064 -0.063113 0.744565 0.025665
0.428918 0.203388 1.663258 0.664120 -0.063836 0.744474 0.025063
0.428972 0.203331 1.663234 0.664175 -0.064612 0.744380 0.024404
0.429025 0.203285 1.663190 0.664241 -0.065407 0.744274 0.023684
0.429078 0.203239 1.663141 0.664304 -0.066230 0.744169 0.022930
0.429145 0.203157 1.663092 0.664362 -0.067204 0.744053 0.022185
0.429207 0.203075 1.663045 0.664409 -0.068162 0.743946 0.021425
0.429267 0.202996 1.662999 0.664446 -0.069100 0.743848 0.020658
0.429323 0.202919 1.662957 0.664473 -0.070015 0.743759 0.019890
0.429376 0.202844 1.662916 0.664492 -0.070906 0.743678 0.019125
0.429427 0.202771 1.662879 0.664504 -0.071775 0.743603 0.018367
0.429475 0.202700 1.662844 0.664510 -0.072621 0.743534 0.017617
0.429521 0.202632 1.662812 0.664511 -0.073446 0.743469 0.016877
0.429565 0.202566 1.662781 0.664508 -0.074250 0.743408 0.016148
0.429608 0.202503 1.662753 0.664502 -0.075033 0.743350 0.015430
0.429649 0.202441 1.662726 0.664492 -0.075798 0.743295 0.014725
0.429688 0.202382 1.662700 0.664481 -0.076543 0.743242 0.014034
0.429726 0.202325 1.662676 0.664468 -0.077271 0.743191 0.013355
0.429763 0.202269 1.662654 0.664453 -0.077982 0.743142 0.012690
0.429799 0.202214 1.662632 0.664437 -0.078675 0.743094 0.012039
0.429834 0.202162 1.662611 0.664421 -0.079353 0.743046 0.011402
0.429869 0.202110 1.662591 0.664404 -0.080015 0.743000 0.010778
0.429902 0.202060 1.662572 0.664386 -0.080661 0.742955 0.010169
0.429934 0.202012 1.662554 0.664368 -0.081293 0.742910 0.009573
0.429966 0.201964 1.662536 0.664349 -0.081911 0.742866 0.008991
0.429998 0.201917 1.662519 0.664331 -0.082514 0.742822 0.008422
0.430028 0.201872 1.662502 0.664313 -0.083104 0.742779 0.007866
0.430058 0.201827 1.662485 0.664294 -0.083680 0.742736 0.007323
0.430088 0.201783 1.662469 0.664276 -0.084244 0.742694 0.006793
0.430112 0.201739 1.662454 0.664256 -0.084788 0.742654 0.006275
0.430133 0.201695 1.662440 0.664235 -0.085315 0.742617 0.005768
0.430151 0.201652 1.662427 0.664213 -0.085823 0.742582 0.005273
0.430165 0.201611 1.662414 0.664191 -0.086315 0.742548 0.004788
0.430178 0.201571 1.662403 0.664169 -0.086791 0.742515 0.004313
0.430188 0.201534 1.662392 0.664147 -0.087251 0.742483 0.003849
0.430197 0.201498 1.662382 0.664125 -0.087695 0.742453 0.003395
0.430205 0.201465 1.662372 0.664103 -0.088126 0.742424 0.002950
0.430211 0.201434 1.662363 0.664081 -0.088542 0.742395 0.002515
0.430216 0.201405 1.662354 0.664060 -0.088945 0.742367 0.002090
0.430212 0.201394 1.662342 0.664068 -0.089487 0.742296 0.001513
0.430206 0.201382 1.662336 0.664084 -0.090127 0.742206 0.000889
0.430200 0.201369 1.662336 0.664099 -0.090834 0.742107 0.000234
0.430195 0.201353 1.662339 0.664111 -0.091587 0.742003 -0.000439
0.430189 0.201334 1.662344 0.664121 -0.092372 0.741896 -0.001123
0.430184 0.201313 1.662351 0.664127 -0.093179 0.741788 -0.001812
0.430180 0.201290 1.662359 0.664130 -0.094003 0.741680 -0.002503
0.430176 0.201264 1.662368 0.664129 -0.094835 0.741571 -0.003195
0.430172 0.201237 1.662377 0.664126 -0.095675 0.741463 -0.003885
0.430169 0.201208 1.662386 0.664121 -0.096517 0.741355 -0.004574
0.430166 0.201177 1.662396 0.664113 -0.097359 0.741247 -0.005261
0.430163 0.201146 1.662405 0.664102 -0.098199 0.741141 -0.005944
0.430161 0.201113 1.662413 0.664089 -0.099032 0.741037 -0.006624
0.430159 0.201080 1.662420 0.664072 -0.099856 0.740935 -0.007297
0.430156 0.201046 1.662427 0.664052 -0.100670 0.740835 -0.007963
0.430154 0.201012 1.662433 0.664031 -0.101470 0.740738 -0.008621
0.430152 0.200978 1.662438 0.664007 -0.102257 0.740643 -0.009270
0.430149 0.200944 1.662443 0.663981 -0.103031 0.740551 -0.009910
0.430146 0.200911 1.662448 0.663953 -0.103790 0.740461 -0.010540
0.430143 0.200878 1.662453 0.663924 -0.104535 0.740373 -0.011160
0.430140 0.200845 1.662457 0.663895 -0.105265 0.740287 -0.011770
0.430136 0.200813 1.662461 0.663864 -0.105982 0.740202 -0.012370
0.430132 0.200782 1.662465 0.663832 -0.106684 0.740120 -0.012961
0.430128 0.200752 1.662469 0.663800 -0.107373 0.740038 -0.013541
0.430123 0.200722 1.662473 0.663768 -0.108049 0.739958 -0.014111
0.430119 0.200693 1.662477 0.663735 -0.108712 0.739880 -0.014671
0.430114 0.200664 1.662481 0.663702 -0.109361 0.739803 -0.015221
0.430109 0.200637 1.662484 0.663669 -0.109998 0.739727 -0.015762
0.430104 0.200610 1.662488 0.663635 -0.110623 0.739652 -0.016293
0.430098 0.200584 1.662491 0.663602 -0.111235 0.739578 -0.016814
0.430093 0.200558 1.662495 0.663569 -0.111836 0.739506 -0.017325
0.430088 0.200534 1.662499 0.663535 -0.112426 0.739434 -0.017827
0.430082 0.200510 1.662502 0.663502 -0.113004 0.739364 -0.018320
0.430076 0.200486 1.662505 0.663469 -0.113570 0.739295 -0.018804
0.430070 0.200463 1.662508 0.663437 -0.114126 0.739226 -0.019279
0.430065 0.200441 1.662512 0.663404 -0.114671 0.739159 -0.019745
0.430059 0.200419 1.662515 0.663372 -0.115206 0.739092 -0.020202
0.430053 0.200398 1.662518 0.663340 -0.115730 0.739027 -0.020650
0.430047 0.200378 1.662521 0.663308 -0.116244 0.738962 -0.021090
0.430041 0.200358 1.662524 0.663277 -0.116749 0.738898 -0.021521
0.430028 0.200327 1.662529 0.663270 -0.117424 0.738780 -0.022095
0.430013 0.200291 1.662534 0.663275 -0.118205 0.738631 -0.022762
0.429997 0.200251 1.662538 0.663282 -0.119048 0.738466 -0.023484
0.429980 0.200208 1.662544 0.663288 -0.119928 0.738295 -0.024238
0.429963 0.200162 1.662551 0.663290 -0.120830 0.738120 -0.025011
0.429945 0.200115 1.662559 0.663288 -0.121744 0.737944 -0.025794
0.429927 0.200065 1.662568 0.663283 -0.122666 0.737769 -0.026582
0.429909 0.200015 1.662577 0.663274 -0.123590 0.737593 -0.027373
0.429892 0.199964 1.662587 0.663262 -0.124514 0.737419 -0.028163
0.429874 0.199911 1.662596 0.663246 -0.125438 0.737246 -0.028952
0.429856 0.199859 1.662605 0.663228 -0.126359 0.737073 -0.029738
0.429838 0.199805 1.662614 0.663208 -0.127276 0.736902 -0.030522
0.429821 0.199752 1.662623 0.663185 -0.128191 0.736731 -0.031302
0.429804 0.199698 1.662631 0.663160 -0.129101 0.736561 -0.032078
0.429788 0.199644 1.662638 0.663133 -0.130007 0.736392 -0.032852
0.429772 0.199590 1.662645 0.663104 -0.130909 0.736224 -0.033621
0.429756 0.199536 1.662651 0.663074 -0.131806 0.736056 -0.034387
0.429740 0.199482 1.662657 0.663041 -0.132699 0.735889 -0.035149
0.429725 0.199429 1.662661 0.663007 -0.133587 0.735722 -0.035908
0.429711 0.199376 1.662665 0.662971 -0.134469 0.735556 -0.036663
0.429696 0.199323 1.662668 0.662933 -0.135344 0.735392 -0.037413
0.429683 0.199270 1.662670 0.662892 -0.136210 0.735231 -0.038155
0.429669 0.199217 1.662672 0.662849 -0.137063 0.735073 -0.038888
0.429656 0.199165 1.662673 0.662805 -0.137904 0.734917 -0.039611
0.429642 0.199114 1.662674 0.662758 -0.138733 0.734764 -0.040324
0.429629 0.199063 1.662675 0.662711 -0.139548 0.734614 -0.041025
0.429616 0.199012 1.662675 0.662663 -0.140350 0.734466 -0.041715
0.429604 0.198962 1.662675 0.662614 -0.141139 0.734320 -0.042393
0.429591 0.198912 1.662675 0.662564 -0.141915 0.734177 -0.043059
0.429578 0.198863 1.662676 0.662514 -0.142678 0.734035 -0.043715
0.429566 0.198814 1.662676 0.662463 -0.143429 0.733896 -0.044358
0.429554 0.198765 1.662676 0.662412 -0.144167 0.733759 -0.044990
0.429541 0.198717 1.662675 0.662361 -0.144893 0.733623 -0.045611
0.429529 0.198670 1.662675 0.662311 -0.145607 0.733490 -0.046220
0.429518 0.198623 1.662675 0.662260 -0.146308 0.733358 -0.046819
0.429506 0.198577 1.662675 0.662209 -0.146998 0.733228 -0.047406
0.429494 0.198531 1.662674 0.662158 -0.147675 0.733100 -0.047982
0.429483 0.198486 1.662674 0.662108 -0.148341 0.732974 -0.048548
0.429472 0.198442 1.662674 0.662058 -0.148996 0.732849 -0.049103
0.429461 0.198398 1.662673 0.662008 -0.149639 0.732727 -0.049648
0.429450 0.198354 1.662667 0.661974 -0.150444 0.732544 -0.050365
0.429440 0.198307 1.662662 0.661942 -0.151344 0.732331 -0.051170
0.429431 0.198257 1.662662 0.661908 -0.152298 0.732104 -0.052023
0.429421 0.198206 1.662666 0.661871 -0.153284 0.731868 -0.052904
0.429411 0.198154 1.662673 0.661831 -0.154287 0.731629 -0.053799
0.429401 0.198102 1.662682 0.661787 -0.155297 0.731388 -0.054700
0.429391 0.198049 1.662694 0.661741 -0.156310 0.731147 -0.055601
0.429380 0.197996 1.662707 0.661691 -0.157320 0.730905 -0.056500
0.429369 0.197943 1.662721 0.661640 -0.158327 0.730665 -0.057395
0.429358 0.197890 1.662735 0.661586 -0.159329 0.730425 -0.058285
0.429347 0.197838 1.662749 0.661531 -0.160325 0.730186 -0.059170
0.429336 0.197786 1.662764 0.661474 -0.161316 0.729948 -0.060050
0.429325 0.197735 1.662778 0.661414 -0.162300 0.729711 -0.060923
0.429315 0.197684 1.662792 0.661353 -0.163277 0.729475 -0.061792
0.429304 0.197634 1.662805 0.661291 -0.164248 0.729240 -0.062655
0.429293 0.197585 1.662818 0.661226 -0.165213 0.729007 -0.063512
0.429283 0.197536 1.662830 0.661160 -0.166170 0.728774 -0.064365
0.429273 0.197488 1.662842 0.661093 -0.167121 0.728543 -0.065212
0.429263 0.197440 1.662852 0.661024 -0.168065 0.728312 -0.066054
0.429253 0.197394 1.662862 0.660953 -0.169003 0.728083 -0.066891
0.429244 0.197348 1.662872 0.660881 -0.169933 0.727855 -0.067723
0.429234 0.197303 1.662880 0.660807 -0.170857 0.727628 -0.068551
0.429225 0.197259 1.662888 0.660733 -0.171775 0.727402 -0.069374
0.429216 0.197216 1.662895 0.660656 -0.172686 0.727177 -0.070192
0.429207 0.197173 1.662901 0.660579 -0.173591 0.726953 -0.071006
0.429199 0.197131 1.662907 0.660500 -0.174489 0.726730 -0.071816
0.429190 0.197090 1.662911 0.660420 -0.175382 0.726508 -0.072621
0.429182 0.197050 1.662916 0.660338 -0.176268 0.726287 -0.073422
0.429173 0.197011 1.662919 0.660254 -0.177146 0.726068 -0.074218
0.429165 0.196972 1.662922 0.660168 -0.178014 0.725853 -0.075005
0.429157 0.196934 1.662925 0.660080 -0.178870 0.725642 -0.075784
0.429149 0.196897 1.662928 0.659991 -0.179715 0.725434 -0.076553
0.429141 0.196860 1.662930 0.659900 -0.180546 0.725230 -0.077310
0.429133 0.196824 1.662933 0.659809 -0.181365 0.725029 -0.078057
0.429125 0.196788 1.662936 0.659716 -0.182170 0.724831 -0.078791
0.429118 0.196753 1.662939 0.659624 -0.182963 0.724637 -0.079514
0.429109 0.196718 1.662942 0.659532 -0.183742 0.724445 -0.080225
0.429102 0.196684 1.662945 0.659439 -0.184508 0.724257 -0.080924
0.429094 0.196651 1.662948 0.659347 -0.185262 0.724071 -0.081612
0.429086 0.196618 1.662952 0.659255 -0.186003 0.723888 -0.082287
0.429075 0.196576 1.662952 0.659176 -0.186882 0.723641 -0.083104
0.429062 0.196525 1.662957 0.659098 -0.187843 0.723360 -0.083997
0.429047 0.196469 1.662966 0.659020 -0.188850 0.723060 -0.084929
0.429030 0.196410 1.662980 0.658942 -0.189878 0.722750 -0.085879
0.429011 0.196347 1.662997 0.658864 -0.190915 0.722433 -0.086834
0.428992 0.196283 1.663016 0.658786 -0.191954 0.722114 -0.087787
0.428971 0.196218 1.663038 0.658708 -0.192991 0.721793 -0.088734
0.428949 0.196152 1.663061 0.658629 -0.194024 0.721471 -0.089674
0.428927 0.196085 1.663084 0.658550 -0.195053 0.721149 -0.090605
0.428905 0.196018 1.663108 0.658471 -0.196076 0.720828 -0.091528
0.428883 0.195951 1.663131 0.658390 -0.197093 0.720507 -0.092441
0.428861 0.195883 1.663154 0.658309 -0.198105 0.720187 -0.093346
0.428840 0.195816 1.663177 0.658227 -0.199111 0.719868 -0.094242
0.428819 0.195748 1.663198 0.658144 -0.200110 0.719550 -0.095130
0.428799 0.195681 1.663218 0.658059 -0.201104 0.719234 -0.096009
0.428779 0.195614 1.663237 0.657974 -0.202092 0.718918 -0.096881
0.428759 0.195546 1.663255 0.657887 -0.203073 0.718604 -0.097746
0.428740 0.195480 1.663272 0.657798 -0.204049 0.718292 -0.098603
0.428722 0.195413 1.663287 0.657708 -0.205018 0.717981 -0.099454
0.428704 0.195347 1.663301 0.657617 -0.205982 0.717671 -0.100298
0.428687 0.195281 1.663314 0.657524 -0.206939 0.717363 -0.101136
0.428670 0.195216 1.663326 0.657430 -0.207891 0.717057 -0.101968
0.428654 0.195152 1.663336 0.657333 -0.208837 0.716752 -0.102795
0.428638 0.195088 1.663345 0.657236 -0.209776 0.716449 -0.103617
0.428622 0.195024 1.663353 0.657136 -0.210710 0.716147 -0.104433
0.428607 0.194962 1.663360 0.657035 -0.211639 0.715848 -0.105245
0.428592 0.194900 1.663366 0.656932 -0.212561 0.715550 -0.106052
0.428578 0.194838 1.663371 0.656827 -0.213477 0.715254 -0.106855
0.428564 0.194778 1.663376 0.656720 -0.214384 0.714962 -0.107650
0.428550 0.194718 1.663381 0.656610 -0.215279 0.714674 -0.108435
0.428536 0.194659 1.663386 0.656499 -0.216162 0.714392 -0.109210
0.428522 0.194600 1.663391 0.656387 -0.217032 0.714114 -0.109974
0.428508 0.194542 1.663397 0.656274 -0.217888 0.713841 -0.110726
0.428494 0.194485 1.663402 0.656161 -0.218731 0.713572 -0.111466
0.428481 0.194429 1.663408 0.656048 -0.219561 0.713307 -0.112194
0.428467 0.194373 1.663415 0.655935 -0.220377 0.713046 -0.112909
0.428454 0.194318 1.663421 0.655822 -0.221181 0.712790 -0.113612
0.428441 0.194263 1.663427 0.655710 -0.221970 0.712537 -0.114303
0.428428 0.194209 1.663434 0.655598 -0.222747 0.712288 -0.114981
0.428415 0.194156 1.663440 0.655487 -0.223511 0.712043 -0.115648
0.428399 0.194104 1.663445 0.655384 -0.224407 0.711728 -0.116433
0.428381 0.194051 1.663453 0.655279 -0.225384 0.711376 -0.117283
0.428361 0.194000 1.663466 0.655173 -0.226407 0.711002 -0.118166
0.428338 0.193949 1.663483 0.655066 -0.227455 0.710617 -0.119062
0.428314 0.193900 1.663504 0.654958 -0.228515 0.710225 -0.119959
0.428288 0.193851 1.663528 0.654850 -0.229581 0.709830 -0.120853
0.428262 0.193803 1.663555 0.654740 -0.230649 0.709434 -0.121740
0.428235 0.193756 1.663583 0.654630 -0.231715 0.709036 -0.122619
0.428208 0.193708 1.663613 0.654519 -0.232779 0.708639 -0.123489
0.428181 0.193662 1.663643 0.654408 -0.233839 0.708242 -0.124350
0.428155 0.193615 1.663673 0.654295 -0.234894 0.707847 -0.125203
0.428130 0.193569 1.663702 0.654182 -0.235943 0.707452 -0.126047
0.428104 0.193523 1.663731 0.654068 -0.236986 0.707060 -0.126883
0.428080 0.193478 1.663760 0.653953 -0.238022 0.706669 -0.127712
0.428056 0.193433 1.663787 0.653836 -0.239051 0.706280 -0.128534
0.428033 0.193389 1.663813 0.653719 -0.240073 0.705894 -0.129349
0.428011 0.193344 1.663839 0.653599 -0.241088 0.705509 -0.130158
0.427989 0.193301 1.663863 0.653479 -0.242096 0.705127 -0.130961
0.427968 0.193258 1.663886 0.653357 -0.243095 0.704748 -0.131759
0.427948 0.193216 1.663907 0.653233 -0.244088 0.704370 -0.132552
0.427928 0.193174 1.663928 0.653108 -0.245072 0.703996 -0.133340
0.427909 0.193133 1.663947 0.652981 -0.246049 0.703624 -0.134124
0.427891 0.193093 1.663965 0.652852 -0.247019 0.703254 -0.134903
0.427872 0.193053 1.663982 0.652722 -0.247981 0.702887 -0.135678
0.427855 0.193014 1.663998 0.652590 -0.248936 0.702523 -0.136449
0.427838 0.192976 1.664012 0.652456 -0.249884 0.702161 -0.137217
0.427821 0.192939 1.664026 0.652321 -0.250825 0.701802 -0.137981
0.427805 0.192903 1.664038 0.652184 -0.251759 0.701445 -0.138742
0.427789 0.192867 1.664050 0.652045 -0.252687 0.701090 -0.139500
0.427773 0.192832 1.664061 0.651904 -0.253607 0.700738 -0.140254
0.427758 0.192798 1.664070 0.651761 -0.254521 0.700388 -0.141005
0.427743 0.192764 1.664079 0.651617 -0.255429 0.700041 -0.141754
0.427729 0.192732 1.664087 0.651470 -0.256328 0.699697 -0.142498
0.427714 0.192699 1.664096 0.651321 -0.257218 0.699359 -0.143235
0.427700 0.192667 1.664105 0.651170 -0.258095 0.699027 -0.143964
0.427686 0.192636 1.664115 0.651018 -0.258960 0.698700 -0.144684
0.427672 0.192604 1.664126 0.650865 -0.259812 0.698379 -0.145394
0.427658 0.192573 1.664137 0.650712 -0.260651 0.698063 -0.146093
0.427644 0.192543 1.664149 0.650558 -0.261477 0.697753 -0.146782
0.427630 0.192512 1.664161 0.650406 -0.262290 0.697447 -0.147459
0.427621 0.192480 1.664169 0.650242 -0.263237 0.697069 -0.148279
0.427613 0.192449 1.664177 0.650071 -0.264259 0.696650 -0.149177
0.427605 0.192419 1.664190 0.649896 -0.265319 0.696208 -0.150118
0.427596 0.192391 1.664208 0.649719 -0.266396 0.695753 -0.151081
0.427587 0.192364 1.664231 0.649541 -0.267481 0.695291 -0.152055
0.427578 0.192339 1.664260 0.649362 -0.268568 0.694825 -0.153034
0.427567 0.192316 1.664292 0.649182 -0.269653 0.694355 -0.154016
0.427556 0.192294 1.664329 0.649002 -0.270736 0.693883 -0.154998
0.427546 0.192277 1.664371 0.648821 -0.271810 0.693411 -0.155986
0.427536 0.192263 1.664418 0.648638 -0.272873 0.692941 -0.156974
0.427525 0.192253 1.664468 0.648455 -0.273923 0.692474 -0.157961
0.427515 0.192247 1.664522 0.648272 -0.274961 0.692009 -0.158944
0.427505 0.192244 1.664579 0.648088 -0.275986 0.691548 -0.159923
0.427495 0.192244 1.664637 0.647903 -0.277000 0.691090 -0.160895
0.427486 0.192246 1.664696 0.647718 -0.278003 0.690635 -0.161862
0.427477 0.192250 1.664756 0.647532 -0.278996 0.690183 -0.162822
0.427468 0.192256 1.664816 0.647345 -0.279979 0.689734 -0.163776
0.427460 0.192264 1.664876 0.647157 -0.280953 0.689289 -0.164723
0.427452 0.192272 1.664936 0.646969 -0.281919 0.688846 -0.165663
0.427444 0.192281 1.664996 0.646779 -0.282877 0.688407 -0.166595
0.427437 0.192292 1.665055 0.646588 -0.283827 0.687970 -0.167521
0.427430 0.192302 1.665112 0.646396 -0.284769 0.687537 -0.168440
0.427423 0.192313 1.665169 0.646203 -0.285705 0.687106 -0.169352
0.427417 0.192324 1.665225 0.646008 -0.286633 0.686678 -0.170258
0.427411 0.192336 1.665280 0.645813 -0.287555 0.686253 -0.171156
0.427406 0.192347 1.665334 0.645616 -0.288471 0.685831 -0.172048
0.427401 0.192358 1.665387 0.645417 -0.289379 0.685413 -0.172932
0.427396 0.192369 1.665440 0.645216 -0.290276 0.685002 -0.173806
0.427391 0.192379 1.665494 0.645014 -0.291162 0.684597 -0.174669
0.427386 0.192388 1.665548 0.644811 -0.292036 0.684198 -0.175520
0.427381 0.192397 1.665602 0.644607 -0.292898 0.683806 -0.176357
0.427377 0.192405 1.665656 0.644404 -0.293747 0.683420 -0.177181
0.427372 0.192412 1.665711 0.644202 -0.294583 0.683040 -0.177992
0.427368 0.192419 1.665765 0.644001 -0.295406 0.682666 -0.178788
0.427364 0.192425 1.665819 0.643801 -0.296216 0.682298 -0.179571
0.427360 0.192430 1.665873 0.643603 -0.297013 0.681936 -0.180340
0.427356 0.192435 1.665927 0.643406 -0.297797 0.681579 -0.181095
0.427353 0.192439 1.665980 0.643212 -0.298568 0.681228 -0.181837
0.427350 0.192442 1.666032 0.643019 -0.299326 0.680882 -0.182564
0.427347 0.192445 1.666085 0.642828 -0.300072 0.680542 -0.183279
0.427337 0.192451 1.666121 0.642636 -0.300922 0.680118 -0.184128
0.427322 0.192457 1.666156 0.642434 -0.301839 0.679652 -0.185052
0.427304 0.192464 1.666194 0.642222 -0.302794 0.679164 -0.186019
0.427283 0.192470 1.666238 0.642003 -0.303773 0.678662 -0.187009
0.427260 0.192476 1.666286 0.641777 -0.304766 0.678154 -0.188010
0.427224 0.192541 1.666333 0.641560 -0.305688 0.677624 -0.189159
0.427184 0.192623 1.666383 0.641332 -0.306624 0.677082 -0.190358
0.427143 0.192706 1.666437 0.641088 -0.307593 0.676531 -0.191569
0.427103 0.192786 1.666495 0.640831 -0.308597 0.675974 -0.192775
0.427065 0.192860 1.666554 0.640563 -0.309630 0.675414 -0.193969
0.427028 0.192928 1.666614 0.640286 -0.310685 0.674852 -0.195149
0.427018 0.192923 1.666647 0.639988 -0.311966 0.674245 -0.196182
0.427007 0.192911 1.666685 0.639680 -0.313230 0.673649 -0.197217
0.426994 0.192900 1.666727 0.639368 -0.314462 0.673064 -0.198260
0.426980 0.192894 1.666772 0.639053 -0.315660 0.672491 -0.199313
0.426964 0.192893 1.666821 0.638738 -0.316825 0.671927 -0.200375
0.426946 0.192898 1.666872 0.638421 -0.317960 0.671373 -0.201443
0.426927 0.192909 1.666926 0.638103 -0.319067 0.670826 -0.202517
0.426907 0.192926 1.666981 0.637785 -0.320151 0.670286 -0.203594
0.426885 0.192949 1.667038 0.637467 -0.321213 0.669752 -0.204673
0.426862 0.192975 1.667098 0.637145 -0.322256 0.669227 -0.205747
0.426838 0.193002 1.667160 0.636822 -0.323281 0.668712 -0.206811
0.426814 0.193029 1.667224 0.636498 -0.324287 0.668208 -0.207862
0.426789 0.193058 1.667291 0.636175 -0.325273 0.667713 -0.208897
0.426764 0.193086 1.667360 0.635853 -0.326241 0.667228 -0.209916
0.426738 0.193114 1.667429 0.635533 -0.327190 0.666752 -0.210916
0.426713 0.193141 1.667500 0.635217 -0.328120 0.666285 -0.211897
0.426688 0.193168 1.667571 0.634904 -0.329032 0.665827 -0.212858
0.426663 0.193193 1.667642 0.634596 -0.329926 0.665377 -0.213798
0.426639 0.193218 1.667714 0.634292 -0.330802 0.664936 -0.214718
0.426615 0.193241 1.667785 0.633993 -0.331660 0.664502 -0.215617
0.426591 0.193262 1.667855 0.633699 -0.332501 0.664077 -0.216495
0.426568 0.193282 1.667925 0.633411 -0.333325 0.663659 -0.217353
0.426546 0.193300 1.667994 0.633127 -0.334132 0.663249 -0.218190
0.426524 0.193317 1.668063 0.632850 -0.334922 0.662846 -0.219007
0.426502 0.193333 1.668131 0.632577 -0.335695 0.662451 -0.219805
0.426482 0.193347 1.668197 0.632310 -0.336452 0.662063 -0.220583
0.426462 0.193359 1.668263 0.632048 -0.337194 0.661682 -0.221342
0.426442 0.193371 1.668328 0.631792 -0.337919 0.661309 -0.222083
0.426424 0.193381 1.668392 0.631541 -0.338629 0.660942 -0.222806
0.426393 0.193433 1.668429 0.631304 -0.339403 0.660453 -0.223748
0.426355 0.193496 1.668461 0.631052 -0.340250 0.659902 -0.224794
0.426314 0.193563 1.668493 0.630782 -0.341157 0.659317 -0.225891
0.426271 0.193630 1.668528 0.630494 -0.342108 0.658714 -0.227014
0.426226 0.193696 1.668566 0.630192 -0.343089 0.658102 -0.228145
0.426180 0.193760 1.668608 0.629880 -0.344089 0.657485 -0.229276
0.426134 0.193822 1.668652 0.629559 -0.345105 0.656866 -0.230402
0.426088 0.193881 1.668697 0.629232 -0.346129 0.656247 -0.231520
0.426043 0.193937 1.668744 0.628899 -0.347160 0.655629 -0.232629
0.425999 0.193991 1.668791 0.628562 -0.348195 0.655013 -0.233727
0.425955 0.194042 1.668838 0.628222 -0.349231 0.654398 -0.234815
0.425913 0.194091 1.668885 0.627879 -0.350266 0.653786 -0.235892
0.425872 0.194138 1.668931 0.627534 -0.351300 0.653177 -0.236958
0.425831 0.194182 1.668976 0.627187 -0.352329 0.652572 -0.238015
0.425792 0.194225 1.669020 0.626838 -0.353354 0.651970 -0.239062
0.425753 0.194264 1.669065 0.626486 -0.354373 0.651376 -0.240093
0.425716 0.194299 1.669111 0.626133 -0.355382 0.650791 -0.241106
0.425679 0.194329 1.669158 0.625780 -0.356379 0.650217 -0.242100
0.425644 0.194356 1.669206 0.625427 -0.357361 0.649653 -0.243073
0.425609 0.194380 1.669255 0.625078 -0.358327 0.649101 -0.244026
0.425576 0.194401 1.669304 0.624731 -0.359275 0.648559 -0.244958
0.425543 0.194420 1.669354 0.624388 -0.360204 0.648028 -0.245871
0.425511 0.194437 1.669405 0.624050 -0.361115 0.647507 -0.246764
0.425480 0.194453 1.669456 0.623716 -0.362006 0.646997 -0.247639
0.425449 0.194467 1.669508 0.623388 -0.362877 0.646497 -0.248495
0.425419 0.194480 1.669560 0.623065 -0.363728 0.646007 -0.249333
0.425390 0.194492 1.669612 0.622747 -0.364560 0.645527 -0.250154
0.425361 0.194504 1.669664 0.622435 -0.365372 0.645057 -0.250958
0.425333 0.194516 1.669716 0.622128 -0.366165 0.644596 -0.251745
0.425305 0.194527 1.669769 0.621827 -0.366938 0.644145 -0.252516
0.425277 0.194538 1.669821 0.621532 -0.367694 0.643703 -0.253271
0.425250 0.194549 1.669874 0.621242 -0.368431 0.643270 -0.254011
0.425224 0.194559 1.669926 0.620958 -0.369150 0.642845 -0.254734
0.425197 0.194570 1.669978 0.620679 -0.369853 0.642429 -0.255443
0.425171 0.194580 1.670030 0.620406 -0.370538 0.642021 -0.256136
0.425146 0.194590 1.670081 0.620139 -0.371207 0.641622 -0.256815
0.425121 0.194600 1.670132 0.619877 -0.371861 0.641230 -0.257479
0.425096 0.194610 1.670183 0.619621 -0.372499 0.640847 -0.258128
0.425072 0.194620 1.670233 0.619370 -0.373122 0.640470 -0.258762
0.425048 0.194629 1.670282 0.619125 -0.373731 0.640102 -0.259383
0.425008 0.194697 1.670306 0.618890 -0.374372 0.639602 -0.260251
0.424962 0.194781 1.670323 0.618633 -0.375079 0.639037 -0.261228
0.424913 0.194871 1.670340 0.618351 -0.375848 0.638436 -0.262259
0.424862 0.194960 1.670358 0.618044 -0.376667 0.637815 -0.263316
0.424813 0.195038 1.670378 0.617715 -0.377539 0.637184 -0.264363
0.424765 0.195106 1.670400 0.617370 -0.378449 0.636551 -0.265396
0.424719 0.195164 1.670424 0.617010 -0.379382 0.635919 -0.266409
0.424675 0.195212 1.670449 0.616642 -0.380329 0.635295 -0.267400
0.424633 0.195253 1.670476 0.616269 -0.381279 0.634680 -0.268366
0.424593 0.195286 1.670505 0.615893 -0.382227 0.634075 -0.269308
0.424554 0.195313 1.670535 0.615518 -0.383167 0.633481 -0.270227
0.424517 0.195335 1.670566 0.615145 -0.384095 0.632899 -0.271122
0.424481 0.195353 1.670598 0.614775 -0.385009 0.632328 -0.271994
0.424446 0.195367 1.670631 0.614409 -0.385907 0.631769 -0.272847
0.424413 0.195378 1.670665 0.614048 -0.386786 0.631222 -0.273679
0.424380 0.195387 1.670699 0.613693 -0.387647 0.630686 -0.274493
0.424348 0.195395 1.670734 0.613343 -0.388488 0.630161 -0.275290
0.424317 0.195402 1.670770 0.612999 -0.389309 0.629647 -0.276070
0.424286 0.195408 1.670807 0.612662 -0.390110 0.629144 -0.276835
0.424257 0.195414 1.670844 0.612330 -0.390892 0.628651 -0.277584
0.424227 0.195420 1.670881 0.612005 -0.391654 0.628169 -0.278319
0.424198 0.195427 1.670919 0.611685 -0.392397 0.627696 -0.279040
0.424169 0.195433 1.670958 0.611372 -0.393122 0.627232 -0.279747
0.424141 0.195441 1.670997 0.611065 -0.393829 0.626778 -0.280441
0.424113 0.195448 1.671036 0.610764 -0.394518 0.626333 -0.281122
0.424085 0.195456 1.671075 0.610469 -0.395191 0.625897 -0.281789
0.424057 0.195464 1.671114 0.610180 -0.395847 0.625469 -0.282443
0.424030 0.195473 1.671154 0.609896 -0.396488 0.625050 -0.283084
0.424003 0.195481 1.671193 0.609619 -0.397113 0.624639 -0.283712
0.423973 0.195508 1.671234 0.609353 -0.397695 0.624230 -0.284367
0.423941 0.195541 1.671274 0.609093 -0.398260 0.623824 -0.285023
0.423910 0.195569 1.671314 0.608834 -0.398826 0.623426 -0.285657
0.423880 0.195595 1.671353 0.608578 -0.399389 0.623034 -0.286271
0.423851 0.195616 1.671391 0.608326 -0.399947 0.622648 -0.286865
0.423824 0.195635 1.671429 0.608078 -0.400498 0.622270 -0.287441
0.423797 0.195651 1.671465 0.607836 -0.401041 0.621899 -0.287999
0.423771 0.195665 1.671500 0.607599 -0.401576 0.621534 -0.288540
0.423746 0.195677 1.671534 0.607367 -0.402100 0.621177 -0.289067
0.423720 0.195694 1.671567 0.607143 -0.402603 0.620824 -0.289594
0.423695 0.195712 1.671599 0.606924 -0.403095 0.620477 -0.290114
0.423653 0.195806 1.671615 0.606715 -0.403599 0.619985 -0.290901
0.423614 0.195895 1.671631 0.606468 -0.404210 0.619435 -0.291738
0.423577 0.195976 1.671650 0.606187 -0.404901 0.618854 -0.292595
0.423543 0.196049 1.671672 0.605880 -0.405649 0.618258 -0.293454
0.423511 0.196114 1.671698 0.605553 -0.406437 0.617657 -0.294304
0.423482 0.196170 1.671728 0.605211 -0.407249 0.617058 -0.295139
0.423454 0.196219 1.671760 0.604861 -0.408076 0.616463 -0.295957
0.423429 0.196260 1.671794 0.604504 -0.408911 0.615876 -0.296754
0.423406 0.196295 1.671830 0.604146 -0.409747 0.615297 -0.297532
0.423384 0.196325 1.671868 0.603786 -0.410579 0.614727 -0.298291
0.423364 0.196350 1.671906 0.603429 -0.411404 0.614167 -0.299031
0.423345 0.196370 1.671944 0.603074 -0.412219 0.613617 -0.299752
0.423327 0.196388 1.671984 0.602723 -0.413022 0.613077 -0.300457
0.423310 0.196403 1.672024 0.602376 -0.413811 0.612548 -0.301146
0.423294 0.196415 1.672064 0.602036 -0.414582 0.612029 -0.301818
0.423279 0.196426 1.672105 0.601703 -0.415335 0.611522 -0.302475
0.423258 0.196460 1.672149 0.601383 -0.416033 0.611016 -0.303174
0.423237 0.196501 1.672194 0.601067 -0.416712 0.610514 -0.303877
0.423216 0.196536 1.672238 0.600753 -0.417392 0.610021 -0.304557
0.423197 0.196567 1.672283 0.600439 -0.418072 0.609535 -0.305216
0.423179 0.196593 1.672326 0.600127 -0.418748 0.609057 -0.305855
0.423162 0.196615 1.672368 0.599819 -0.419417 0.608587 -0.306476
0.423146 0.196636 1.672411 0.599515 -0.420077 0.608126 -0.307084
0.423130 0.196656 1.672452 0.599213 -0.420726 0.607672 -0.307681
0.423116 0.196674 1.672494 0.598916 -0.421364 0.607226 -0.308266
0.423101 0.196692 1.672535 0.598624 -0.421989 0.606789 -0.308839
0.423087 0.196708 1.672575 0.598336 -0.422603 0.606360 -0.309401
0.423073 0.196728 1.672616 0.598057 -0.423193 0.605939 -0.309959
0.423058 0.196749 1.672657 0.597785 -0.423767 0.605525 -0.310506
0.423043 0.196767 1.672697 0.597516 -0.424334 0.605120 -0.311038
0.423029 0.196783 1.672737 0.597252 -0.424892 0.604723 -0.311556
0.423015 0.196800 1.672777 0.596995 -0.425433 0.604333 -0.312065
0.423002 0.196815 1.672816 0.596742 -0.425965 0.603952 -0.312561
0.422989 0.196828 1.672855 0.596494 -0.426489 0.603577 -0.313044
0.422976 0.196842 1.672893 0.596253 -0.426995 0.603211 -0.313520
0.422962 0.196858 1.672931 0.596017 -0.427487 0.602852 -0.313986
0.422950 0.196870 1.672969 0.595786 -0.427973 0.602500 -0.314439
0.422938 0.196881 1.673006 0.595558 -0.428450 0.602156 -0.314880
0.422926 0.196891 1.673043 0.595335 -0.428918 0.601818 -0.315310
0.422914 0.196903 1.673079 0.595119 -0.429369 0.601488 -0.315735
0.422904 0.196923 1.673096 0.594883 -0.429900 0.601056 -0.316277
0.422888 0.196985 1.673108 0.594633 -0.430430 0.600554 -0.316978
0.422872 0.197045 1.673119 0.594352 -0.431017 0.600026 -0.317710
0.422858 0.197101 1.673132 0.594047 -0.431641 0.599484 -0.318455
0.422845 0.197154 1.673146 0.593724 -0.432290 0.598938 -0.319204
0.422833 0.197205 1.673161 0.593388 -0.432955 0.598392 -0.319950
0.422821 0.197251 1.673178 0.593043 -0.433631 0.597849 -0.320687
0.422811 0.197295 1.673196 0.592692 -0.434311 0.597312 -0.321415
0.422801 0.197335 1.673215 0.592338 -0.434993 0.596781 -0.322132
0.422791 0.197373 1.673235 0.591981 -0.435674 0.596258 -0.322836
0.422782 0.197408 1.673255 0.591625 -0.436350 0.595743 -0.323526
0.422773 0.197441 1.673275 0.591270 -0.437019 0.595236 -0.324204
0.422765 0.197472 1.673296 0.590918 -0.437680 0.594737 -0.324868
0.422757 0.197501 1.673317 0.590570 -0.438332 0.594247 -0.325519
0.422750 0.197528 1.673339 0.590225 -0.438973 0.593767 -0.326156
0.422742 0.197554 1.673360 0.589885 -0.439603 0.593294 -0.326781
0.422735 0.197578 1.673382 0.589551 -0.440222 0.592831 -0.327393
0.422728 0.197602 1.673404 0.589221 -0.440828 0.592376 -0.327993
0.422721 0.197625 1.673425 0.588898 -0.441421 0.591930 -0.328581
0.422714 0.197647 1.673447 0.588579 -0.442002 0.591493 -0.329157
0.422708 0.197669 1.673470 0.588267 -0.442570 0.591064 -0.329722
0.422701 0.197690 1.673492 0.587961 -0.443126 0.590643 -0.330275
0.422694 0.197711 1.673514 0.587661 -0.443669 0.590231 -0.330817
0.422688 0.197732 1.673537 0.587366 -0.444201 0.589826 -0.331349
0.422681 0.197752 1.673559 0.587078 -0.444719 0.589430 -0.331869
0.422675 0.197772 1.673582 0.586795 -0.445227 0.589041 -0.332379
0.422667 0.197798 1.673605 0.586522 -0.445710 0.588659 -0.332889
0.422660 0.197823 1.673628 0.586254 -0.446187 0.588283 -0.333387
0.422652 0.197850 1.673651 0.585993 -0.446648 0.587914 -0.333879
0.422644 0.197876 1.673673 0.585737 -0.447103 0.587552 -0.334356
0.422636 0.197899 1.673694 0.585485 -0.447552 0.587196 -0.334821
0.422629 0.197921 1.673715 0.585238 -0.447993 0.586848 -0.335273
0.422623 0.197942 1.673736 0.584996 -0.448426 0.586507 -0.335713
0.422616 0.197962 1.673756 0.584760 -0.448850 0.586173 -0.336142
0.422610 0.197980 1.673775 0.584528 -0.449266 0.585845 -0.336560
0.422603 0.198002 1.673795 0.584305 -0.449663 0.585524 -0.336975
0.422597 0.198023 1.673814 0.584086 -0.450055 0.585209 -0.337379
0.422590 0.198042 1.673833 0.583871 -0.450440 0.584901 -0.337772
0.422584 0.198059 1.673851 0.583661 -0.450818 0.584598 -0.338154
0.422579 0.198076 1.673868 0.583455 -0.451188 0.584302 -0.338527
0.422572 0.198097 1.673882 0.583262 -0.451565 0.583971 -0.338929
0.422561 0.198143 1.673898 0.583069 -0.451923 0.583608 -0.339408
0.422550 0.198185 1.673915 0.582860 -0.452309 0.583234 -0.339895
0.422540 0.198224 1.673933 0.582639 -0.452716 0.582855 -0.340383
0.422530 0.198260 1.673952 0.582407 -0.453138 0.582474 -0.340869
0.422521 0.198293 1.673971 0.582169 -0.453571 0.582095 -0.341349
0.422513 0.198322 1.673991 0.581925 -0.454010 0.581719 -0.341821
0.422506 0.198349 1.674011 0.581678 -0.454453 0.581346 -0.342286
0.422499 0.198373 1.674031 0.581429 -0.454897 0.580979 -0.342741
0.422492 0.198395 1.674051 0.581180 -0.455341 0.580617 -0.343187
0.422486 0.198414 1.674070 0.580932 -0.455781 0.580262 -0.343624
0.422481 0.198432 1.674090 0.580686 -0.456218 0.579911 -0.344052
0.422476 0.198447 1.674109 0.580441 -0.456650 0.579568 -0.344471
0.422471 0.198462 1.674128 0.580199 -0.457076 0.579230 -0.344881
0.422467 0.198475 1.674147 0.579961 -0.457495 0.578899 -0.345283
0.422462 0.198487 1.674166 0.579725 -0.457908 0.578574 -0.345675
0.422458 0.198498 1.674185 0.579494 -0.458312 0.578255 -0.346060
0.422455 0.198508 1.674204 0.579266 -0.458709 0.577943 -0.346437
0.422451 0.198518 1.674223 0.579043 -0.459098 0.577636 -0.346806
0.422447 0.198527 1.674241 0.578823 -0.459479 0.577336 -0.347168
0.422444 0.198536 1.674260 0.578608 -0.459851 0.577043 -0.347522
0.422440 0.198545 1.674278 0.578397 -0.460216 0.576755 -0.347869
0.422437 0.198553 1.674297 0.578190 -0.460572 0.576473 -0.348208
0.422433 0.198561 1.674316 0.577987 -0.460920 0.576197 -0.348541
0.422430 0.198568 1.674334 0.577789 -0.461260 0.575926 -0.348867
0.422427 0.198576 1.674353 0.577595 -0.461593 0.575661 -0.349186
0.422423 0.198583 1.674371 0.577405 -0.461918 0.575402 -0.349498
0.422420 0.198590 1.674390 0.577218 -0.462235 0.575148 -0.349804
0.422417 0.198597 1.674408 0.577036 -0.462545 0.574899 -0.350103
0.422414 0.198604 1.674426 0.576858 -0.462848 0.574655 -0.350396
0.422411 0.198611 1.674444 0.576684 -0.463144 0.574417 -0.350683
0.422408 0.198617 1.674462 0.576514 -0.463433 0.574183 -0.350963
0.422405 0.198624 1.674480 0.576348 -0.463715 0.573954 -0.351237
0.422402 0.198630 1.674498 0.576186 -0.463991 0.573730 -0.351505
0.422399 0.198636 1.674515 0.576027 -0.464261 0.573511 -0.351767
0.422396 0.198641 1.674532 0.575872 -0.464524 0.573296 -0.352023
0.422393 0.198647 1.674549 0.575721 -0.464782 0.573086 -0.352273
0.422390 0.198652 1.674566 0.575573 -0.465033 0.572880 -0.352517
0.422387 0.198657 1.674582 0.575429 -0.465279 0.572679 -0.352755
0.422385 0.198661 1.674598 0.575288 -0.465519 0.572481 -0.352988
0.422380 0.198668 1.674600 0.575121 -0.465807 0.572225 -0.353296
0.422375 0.198677 1.674596 0.574937 -0.466119 0.571939 -0.353646
0.422364 0.198705 1.674592 0.574746 -0.466419 0.571630 -0.354061
0.422352 0.198731 1.674586 0.574543 -0.466736 0.571315 -0.354483
0.422340 0.198757 1.674581 0.574332 -0.467063 0.570998 -0.354904
0.422327 0.198781 1.674575 0.574116 -0.467395 0.570682 -0.355323
0.422314 0.198805 1.674569 0.573898 -0.467731 0.570369 -0.355736
0.422301 0.198827 1.674563 0.573678 -0.468068 0.570060 -0.356143
0.422289 0.198849 1.674557 0.573458 -0.468404 0.569755 -0.356542
0.422276 0.198869 1.674552 0.573239 -0.468739 0.569455 -0.356934
0.422264 0.198888 1.674546 0.573021 -0.469071 0.569160 -0.357319
0.422251 0.198907 1.674541 0.572805 -0.469399 0.568870 -0.357696
0.422239 0.198924 1.674535 0.572591 -0.469724 0.568585 -0.358065
0.422228 0.198941 1.674530 0.572379 -0.470044 0.568305 -0.358427
0.422216 0.198957 1.674525 0.572171 -0.470359 0.568030 -0.358782
0.422205 0.198973 1.674520 0.571966 -0.470669 0.567760 -0.359129
0.422194 0.198988 1.674515 0.571764 -0.470974 0.567495 -0.359470
0.422182 0.199003 1.674510 0.571566 -0.471272 0.567236 -0.359803
0.422172 0.199017 1.674505 0.571371 -0.471565 0.566981 -0.360129
0.422161 0.199030 1.674500 0.571180 -0.471852 0.566731 -0.360449
0.422150 0.199044 1.674496 0.570993 -0.472134 0.566486 -0.360763
0.422140 0.199057 1.674492 0.570809 -0.472409 0.566246 -0.361070
0.422130 0.199071 1.674488 0.570629 -0.472679 0.566011 -0.361371
0.422120 0.199083 1.674483 0.570453 -0.472943 0.565780 -0.361666
0.422109 0.199096 1.674479 0.570280 -0.473201 0.565553 -0.361955
0.422100 0.199109 1.674476 0.570111 -0.473453 0.565331 -0.362238
0.422090 0.199121 1.674472 0.569946 -0.473701 0.565113 -0.362515
0.422080 0.199134 1.674468 0.569784 -0.473942 0.564899 -0.362786
0.422070 0.199146 1.674464 0.569625 -0.474179 0.564690 -0.363052
0.422061 0.199158 1.674461 0.569470 -0.474410 0.564485 -0.363312
0.422052 0.199170 1.674457 0.569319 -0.474636 0.564283 -0.363567
0.422042 0.199182 1.674454 0.569171 -0.474858 0.564085 -0.363816
0.422033 0.199194 1.674450 0.569026 -0.475074 0.563892 -0.364061
0.422024 0.199206 1.674446 0.568885 -0.475286 0.563701 -0.364299
0.422015 0.199218 1.674443 0.568747 -0.475493 0.563515 -0.364533
0.422005 0.199234 1.674440 0.568613 -0.475688 0.563330 -0.364773
0.421995 0.199250 1.674436 0.568482 -0.475882 0.563148 -0.365005
0.421986 0.199265 1.674432 0.568354 -0.476074 0.562970 -0.365230
0.421976 0.199279 1.674428 0.568228 -0.476263 0.562795 -0.365448
0.421967 0.199292 1.674424 0.568105 -0.476450 0.562623 -0.365660
0.421963 0.199310 1.674418 0.567996 -0.476616 0.562479 -0.365835
0.421961 0.199332 1.674410 0.567898 -0.476767 0.562351 -0.365985
0.421962 0.199356 1.674399 0.567809 -0.476909 0.562235 -0.366118
0.421964 0.199381 1.674385 0.567727 -0.477043 0.562126 -0.366240
0.421968 0.199408 1.674369 0.567649 -0.477170 0.562022 -0.366352
0.421972 0.199437 1.674350 0.567577 -0.477293 0.561922 -0.366458
0.421976 0.199465 1.674331 0.567508 -0.477411 0.561826 -0.366558
0.421981 0.199494 1.674309 0.567442 -0.477524 0.561734 -0.366654
0.421985 0.199523 1.674287 0.567380 -0.477634 0.561643 -0.366746
0.421990 0.199553 1.674264 0.567319 -0.477740 0.561556 -0.366835
0.421993 0.199588 1.674242 0.567263 -0.477835 0.561467 -0.366934
0.421996 0.199622 1.674218 0.567208 -0.477931 0.561381 -0.367027
0.421999 0.199655 1.674194 0.567154 -0.478026 0.561296 -0.367116
0.422003 0.199688 1.674169 0.567101 -0.478121 0.561214 -0.367200
0.422006 0.199719 1.674144 0.567051 -0.478214 0.561133 -0.367280
0.422009 0.199750 1.674119 0.567002 -0.478305 0.561055 -0.367357
0.422013 0.199781 1.674094 0.566954 -0.478394 0.560978 -0.367431
0.422016 0.199810 1.674068 0.566908 -0.478482 0.560904 -0.367502
0.422019 0.199839 1.674043 0.566864 -0.478567 0.560831 -0.367570
0.422022 0.199867 1.674018 0.566821 -0.478651 0.560759 -0.367637
0.422024 0.199901 1.673993 0.566780 -0.478725 0.560687 -0.367714
0.422026 0.199933 1.673968 0.566740 -0.478800 0.560615 -0.367786
0.422028 0.199964 1.673944 0.566702 -0.478876 0.560545 -0.367854
0.422031 0.199994 1.673918 0.566664 -0.478951 0.560477 -0.367918
0.422033 0.200024 1.673893 0.566627 -0.479026 0.560411 -0.367978
0.422035 0.200052 1.673868 0.566592 -0.479099 0.560346 -0.368036
0.422038 0.200079 1.673843 0.566557 -0.479172 0.560282 -0.368091
0.422040 0.200106 1.673818 0.566524 -0.479243 0.560220 -0.368144
0.422043 0.200132 1.673793 0.566492 -0.479312 0.560160 -0.368195
0.422045 0.200157 1.673769 0.566462 -0.479380 0.560101 -0.368244
0.422048 0.200182 1.673744 0.566432 -0.479445 0.560043 -0.368292
0.422049 0.200212 1.673721 0.566405 -0.479502 0.559984 -0.368349
0.422051 0.200240 1.673697 0.566378 -0.479561 0.559926 -0.368403
0.422052 0.200267 1.673674 0.566352 -0.479620 0.559869 -0.368453
0.422054 0.200294 1.673650 0.566326 -0.479679 0.559813 -0.368499
0.422056 0.200319 1.673626 0.566302 -0.479738 0.559759 -0.368543
0.422058 0.200344 1.673602 0.566278 -0.479795 0.559706 -0.368585
0.422060 0.200368 1.673579 0.566256 -0.479852 0.559654 -0.368625
0.422062 0.200392 1.673555 0.566234 -0.479907 0.559603 -0.368662
0.422063 0.200415 1.673532 0.566213 -0.479962 0.559554 -0.368699
0.422078 0.200424 1.673522 0.566214 -0.479997 0.559596 -0.368588
0.422098 0.200437 1.673518 0.566237 -0.480004 0.559678 -0.368419
0.422119 0.200458 1.673515 0.566279 -0.479986 0.559779 -0.368223
0.422140 0.200485 1.673511 0.566336 -0.479951 0.559888 -0.368017
0.422161 0.200520 1.673506 0.566404 -0.479903 0.559999 -0.367805
0.422182 0.200559 1.673499 0.566480 -0.479846 0.560111 -0.367593
0.422201 0.200603 1.673491 0.566562 -0.479783 0.560220 -0.367382
0.422220 0.200651 1.673481 0.566649 -0.479716 0.560327 -0.367173
0.422237 0.200701 1.673469 0.566738 -0.479646 0.560431 -0.366967
0.422254 0.200754 1.673455 0.566829 -0.479576 0.560533 -0.366764
0.422270 0.200808 1.673440 0.566920 -0.479506 0.560631 -0.366564
0.422285 0.200864 1.673424 0.567013 -0.479436 0.560725 -0.366367
0.422299 0.200921 1.673406 0.567104 -0.479368 0.560817 -0.366174
0.422313 0.200978 1.673387 0.567196 -0.479301 0.560906 -0.365984
0.422326 0.201036 1.673367 0.567287 -0.479236 0.560992 -0.365796
0.422339 0.201091 1.673346 0.567376 -0.479176 0.561076 -0.365607
0.422352 0.201145 1.673323 0.567464 -0.479120 0.561159 -0.365418
0.422366 0.201197 1.673300 0.567550 -0.479065 0.561241 -0.365229
0.422378 0.201248 1.673277 0.567636 -0.479013 0.561321 -0.365040
0.422391 0.201296 1.673253 0.567721 -0.478963 0.561400 -0.364853
0.422404 0.201344 1.673228 0.567804 -0.478913 0.561478 -0.364668
0.422417 0.201390 1.673203 0.567887 -0.478864 0.561555 -0.364485
0.422429 0.201435 1.673179 0.567968 -0.478817 0.561630 -0.364305
0.422441 0.201479 1.673154 0.568048 -0.478769 0.561705 -0.364128
0.422452 0.201528 1.673130 0.568128 -0.478716 0.561774 -0.363966
0.422462 0.201578 1.673106 0.568206 -0.478663 0.561840 -0.363812
0.422473 0.201626 1.673081 0.568282 -0.478614 0.561905 -0.363658
0.422483 0.201673 1.673057 0.568356 -0.478569 0.561968 -0.363503
0.422493 0.201717 1.673032 0.568428 -0.478527 0.562031 -0.363350
0.422504 0.201761 1.673007 0.568498 -0.478487 0.562092 -0.363197
0.422514 0.201803 1.672982 0.568568 -0.478449 0.562152 -0.363047
0.422524 0.201843 1.672957 0.568636 -0.478411 0.562211 -0.362898
0.422534 0.201883 1.672933 0.568702 -0.478375 0.562270 -0.362751
0.422544 0.201926 1.672908 0.568769 -0.478334 0.562324 -0.362617
0.422552 0.201970 1.672885 0.568834 -0.478292 0.562376 -0.362489
0.422561 0.202013 1.672860 0.568896 -0.478256 0.562427 -0.362360
0.422570 0.202053 1.672836 0.568957 -0.478221 0.562477 -0.362232
0.422578 0.202093 1.672812 0.569017 -0.478189 0.562526 -0.362104
0.422587 0.202131 1.672788 0.569076 -0.478159 0.562574 -0.361977
0.422596 0.202167 1.672764 0.569133 -0.478130 0.562622 -0.361851
0.422611 0.202121 1.672777 0.569226 -0.478043 0.562948 -0.361311
0.422618 0.202069 1.672790 0.569384 -0.477873 0.563384 -0.360608
0.422618 0.202030 1.672795 0.569598 -0.477626 0.563870 -0.359837
0.422609 0.202008 1.672792 0.569853 -0.477318 0.564377 -0.359046
0.422592 0.202005 1.672781 0.570135 -0.476965 0.564891 -0.358258
0.422567 0.202019 1.672764 0.570436 -0.476579 0.565400 -0.357489
0.422536 0.202050 1.672741 0.570746 -0.476170 0.565902 -0.356743
0.422498 0.202095 1.672714 0.571061 -0.475747 0.566393 -0.356023
0.422456 0.202152 1.672684 0.571377 -0.475315 0.566873 -0.355328
0.422409 0.202220 1.672650 0.571692 -0.474881 0.567340 -0.354656
0.422359 0.202297 1.672614 0.572003 -0.474449 0.567794 -0.354005
0.422307 0.202380 1.672575 0.572309 -0.474023 0.568235 -0.353374
0.422253 0.202470 1.672534 0.572610 -0.473605 0.568663 -0.352760
0.422197 0.202563 1.672490 0.572903 -0.473197 0.569077 -0.352162
0.422140 0.202659 1.672443 0.573190 -0.472800 0.569479 -0.351578
0.422083 0.202758 1.672395 0.573471 -0.472415 0.569869 -0.351007
0.422026 0.202857 1.672344 0.573743 -0.472042 0.570246 -0.350448
0.421968 0.202957 1.672291 0.574009 -0.471682 0.570613 -0.349900
0.421911 0.203058 1.672236 0.574268 -0.471334 0.570969 -0.349364
0.421872 0.203121 1.672141 0.574478 -0.471176 0.571262 -0.348751
0.421833 0.203179 1.672050 0.574682 -0.471006 0.571562 -0.348152
0.421792 0.203237 1.671963 0.574886 -0.470816 0.571865 -0.347576
0.421749 0.203298 1.671882 0.575089 -0.470606 0.572169 -0.347023
0.421705 0.203361 1.671806 0.575293 -0.470380 0.572472 -0.346492
0.421660 0.203427 1.671734 0.575495 -0.470143 0.572772 -0.345982
0.421614 0.203495 1.671667 0.575695 -0.469896 0.573069 -0.345491
0.421567 0.203565 1.671603 0.575893 -0.469644 0.573362 -0.345018
0.421521 0.203637 1.671542 0.576088 -0.469388 0.573650 -0.344561
0.421474 0.203711 1.671484 0.576281 -0.469131 0.573933 -0.344118
0.421427 0.203785 1.671429 0.576470 -0.468875 0.574210 -0.343689
0.421380 0.203860 1.671375 0.576655 -0.468620 0.574481 -0.343272
0.421333 0.203936 1.671323 0.576837 -0.468368 0.574745 -0.342867
0.421286 0.204012 1.671272 0.577015 -0.468121 0.575004 -0.342472
0.421240 0.204088 1.671222 0.577190 -0.467877 0.575256 -0.342087
0.421195 0.204163 1.671172 0.577361 -0.467639 0.575502 -0.341710
0.421149 0.204239 1.671124 0.577528 -0.467406 0.575742 -0.341343
0.421105 0.204313 1.671075 0.577691 -0.467179 0.575975 -0.340983
0.421061 0.204386 1.671027 0.577851 -0.466957 0.576203 -0.340631
0.421017 0.204459 1.670979 0.578007 -0.466741 0.576425 -0.340286
0.420974 0.204531 1.670931 0.578159 -0.466531 0.576642 -0.339948
0.420937 0.204515 1.670946 0.578332 -0.466220 0.577174 -0.339178
0.420898 0.204486 1.670956 0.578574 -0.465820 0.577836 -0.338185
0.420856 0.204464 1.670955 0.578877 -0.465336 0.578563 -0.337087
0.420806 0.204458 1.670941 0.579222 -0.464785 0.579320 -0.335953
0.420749 0.204470 1.670915 0.579595 -0.464180 0.580089 -0.334817
0.420685 0.204498 1.670880 0.579988 -0.463536 0.580861 -0.333690
0.420615 0.204540 1.670838 0.580393 -0.462863 0.581630 -0.332578
0.420539 0.204596 1.670789 0.580808 -0.462168 0.582394 -0.331481
0.420460 0.204661 1.670736 0.581229 -0.461459 0.583151 -0.330399
0.420377 0.204736 1.670680 0.581653 -0.460740 0.583900 -0.329332
0.420293 0.204817 1.670620 0.582080 -0.460016 0.584640 -0.328276
0.420205 0.204905 1.670558 0.582508 -0.459286 0.585368 -0.327239
0.420115 0.205002 1.670493 0.582935 -0.458554 0.586081 -0.326227
0.420023 0.205107 1.670426 0.583360 -0.457823 0.586778 -0.325239
0.419947 0.205178 1.670324 0.583724 -0.457289 0.587403 -0.324208
0.419869 0.205250 1.670226 0.584086 -0.456737 0.588027 -0.323201
0.419788 0.205328 1.670132 0.584449 -0.456164 0.588647 -0.322226
0.419705 0.205412 1.670041 0.584812 -0.455572 0.589260 -0.321282
0.419620 0.205503 1.669954 0.585174 -0.454968 0.589864 -0.320369
0.419534 0.205600 1.669870 0.585533 -0.454357 0.590458 -0.319484
0.419446 0.205701 1.669788 0.585888 -0.453744 0.591040 -0.318626
0.419358 0.205807 1.669708 0.586239 -0.453132 0.591611 -0.317793
0.419286 0.205881 1.669596 0.586546 -0.452691 0.592118 -0.316908
0.419212 0.205954 1.669491 0.586847 -0.452234 0.592628 -0.316050
0.419137 0.206030 1.669393 0.587146 -0.451758 0.593135 -0.315221
0.419061 0.206110 1.669301 0.587444 -0.451267 0.593639 -0.314422
0.418983 0.206195 1.669214 0.587739 -0.450763 0.594136 -0.313651
0.418905 0.206283 1.669131 0.588032 -0.450253 0.594627 -0.312904
0.418826 0.206374 1.669052 0.588321 -0.449741 0.595108 -0.312181
0.418748 0.206468 1.668976 0.588606 -0.449229 0.595581 -0.311479
0.418669 0.206563 1.668902 0.588886 -0.448720 0.596044 -0.310796
0.418591 0.206660 1.668830 0.589162 -0.448217 0.596497 -0.310131
0.418528 0.206726 1.668728 0.589401 -0.447872 0.596894 -0.309410
0.418465 0.206790 1.668633 0.589635 -0.447514 0.597293 -0.308712
0.418401 0.206855 1.668544 0.589866 -0.447139 0.597692 -0.308039
0.418336 0.206923 1.668461 0.590097 -0.446750 0.598090 -0.307390
0.418270 0.206993 1.668382 0.590325 -0.446351 0.598484 -0.306763
0.418204 0.207066 1.668308 0.590552 -0.445945 0.598873 -0.306158
0.418138 0.207141 1.668238 0.590776 -0.445536 0.599256 -0.305570
0.418072 0.207218 1.668170 0.590997 -0.445126 0.599633 -0.305001
0.417989 0.207228 1.668161 0.591249 -0.444594 0.600296 -0.303984
0.417889 0.207229 1.668167 0.591541 -0.443954 0.601097 -0.302765
0.417770 0.207239 1.668179 0.591853 -0.443228 0.601970 -0.301481
0.417635 0.207269 1.668189 0.592178 -0.442439 0.602877 -0.300187
0.417487 0.207320 1.668192 0.592512 -0.441608 0.603795 -0.298903
0.417352 0.207323 1.668165 0.592716 -0.441064 0.604628 -0.297615
0.417211 0.207338 1.668131 0.592950 -0.440466 0.605476 -0.296309
0.417065 0.207370 1.668089 0.593214 -0.439809 0.606328 -0.295012
0.416913 0.207421 1.668043 0.593501 -0.439103 0.607179 -0.293731
0.416757 0.207488 1.667992 0.593808 -0.438358 0.608026 -0.292469
0.416597 0.207570 1.667937 0.594129 -0.437584 0.608866 -0.291227
0.416450 0.207615 1.667855 0.594382 -0.437010 0.609635 -0.289961
0.416301 0.207666 1.667776 0.594651 -0.436393 0.610410 -0.288705
0.416149 0.207727 1.667700 0.594937 -0.435731 0.611188 -0.287467
0.415996 0.207798 1.667626 0.595239 -0.435030 0.611965 -0.286249
0.415841 0.207879 1.667555 0.595552 -0.434299 0.612739 -0.285049
0.415685 0.207967 1.667487 0.595876 -0.433545 0.613507 -0.283867
0.415529 0.208062 1.667420 0.596207 -0.432774 0.614267 -0.282701
0.415372 0.208162 1.667355 0.596544 -0.431992 0.615020 -0.281547
0.415230 0.208228 1.667263 0.596843 -0.431369 0.615714 -0.280349
0.415088 0.208294 1.667179 0.597148 -0.430719 0.616411 -0.279164
0.414946 0.208363 1.667100 0.597461 -0.430040 0.617109 -0.277996
0.414803 0.208438 1.667025 0.597782 -0.429335 0.617805 -0.276848
0.414660 0.208521 1.666954 0.598110 -0.428606 0.618495 -0.275728
0.414516 0.208612 1.666886 0.598442 -0.427859 0.619175 -0.274637
0.414372 0.208710 1.666820 0.598776 -0.427103 0.619845 -0.273574
0.414241 0.208775 1.666729 0.599061 -0.426518 0.620450 -0.272489
0.414110 0.208843 1.666646 0.599346 -0.425910 0.621056 -0.271430
0.413979 0.208916 1.666568 0.599634 -0.425278 0.621659 -0.270403
0.413847 0.208997 1.666494 0.599925 -0.424627 0.622257 -0.269406
0.413715 0.209083 1.666424 0.600215 -0.423962 0.622847 -0.268438
0.413582 0.209176 1.666358 0.600505 -0.423290 0.623428 -0.267499
0.413463 0.209236 1.666269 0.600750 -0.422781 0.623951 -0.266536
0.413344 0.209298 1.666188 0.600993 -0.422252 0.624474 -0.265599
0.413225 0.209364 1.666113 0.601237 -0.421700 0.624997 -0.264691
0.413105 0.209436 1.666043 0.601483 -0.421131 0.625517 -0.263810
0.412986 0.209513 1.665976 0.601730 -0.420549 0.626030 -0.262956
0.412866 0.209594 1.665914 0.601975 -0.419961 0.626537 -0.262127
0.412759 0.209645 1.665830 0.602179 -0.419525 0.626989 -0.261274
0.412653 0.209697 1.665754 0.602382 -0.419069 0.627444 -0.260445
0.412501 0.209693 1.665745 0.602575 -0.418500 0.628101 -0.259327
0.412312 0.209681 1.665771 0.602758 -0.417841 0.628860 -0.258121
0.412093 0.209677 1.665817 0.602932 -0.417112 0.629675 -0.256904
0.411851 0.209691 1.665874 0.603101 -0.416329 0.630518 -0.255706
0.411616 0.209647 1.665906 0.603145 -0.415853 0.631280 -0.254496
0.411384 0.209568 1.665917 0.603144 -0.415517 0.632007 -0.253238
0.411144 0.209507 1.665932 0.603177 -0.415078 0.632767 -0.251981
0.410897 0.209471 1.665948 0.603242 -0.414539 0.633550 -0.250741
0.410642 0.209460 1.665966 0.603335 -0.413916 0.634350 -0.249521
0.410383 0.209473 1.665982 0.603453 -0.413223 0.635161 -0.248319
0.410120 0.209507 1.665997 0.603591 -0.412474 0.635979 -0.247132
0.409869 0.209506 1.665986 0.603666 -0.411921 0.636733 -0.245924
0.409627 0.209480 1.665953 0.603729 -0.411458 0.637454 -0.244674
0.409385 0.209469 1.665922 0.603823 -0.410914 0.638192 -0.243431
0.409142 0.209477 1.665893 0.603945 -0.410296 0.638939 -0.242207
0.408898 0.209502 1.665864 0.604092 -0.409617 0.639692 -0.241001
0.408653 0.209543 1.665836 0.604259 -0.408889 0.640445 -0.239814
0.408408 0.209598 1.665808 0.604443 -0.408125 0.641195 -0.238644
0.408164 0.209664 1.665780 0.604642 -0.407333 0.641940 -0.237488
0.407931 0.209697 1.665730 0.604805 -0.406698 0.642626 -0.236305
0.407708 0.209707 1.665662 0.604962 -0.406140 0.643278 -0.235083
0.407486 0.209726 1.665601 0.605137 -0.405527 0.643940 -0.233877
0.407265 0.209755 1.665544 0.605330 -0.404862 0.644608 -0.232688
0.407045 0.209795 1.665492 0.605537 -0.404155 0.645278 -0.231516
0.406827 0.209843 1.665443 0.605758 -0.403414 0.645947 -0.230360
0.406610 0.209900 1.665398 0.605989 -0.402649 0.646614 -0.229219
0.406394 0.209962 1.665355 0.606229 -0.401864 0.647276 -0.228091
0.406181 0.210029 1.665314 0.606475 -0.401067 0.647932 -0.226973
0.405978 0.210066 1.665256 0.606698 -0.400396 0.648540 -0.225826
0.405783 0.210081 1.665184 0.606917 -0.399791 0.649118 -0.224644
0.405589 0.210102 1.665119 0.607143 -0.399145 0.649704 -0.223486
0.405397 0.210133 1.665061 0.607377 -0.398458 0.650293 -0.222358
0.405204 0.210174 1.665008 0.607618 -0.397739 0.650881 -0.221262
0.405013 0.210226 1.664958 0.607864 -0.396997 0.651466 -0.220199
0.404820 0.210291 1.664917 0.608104 -0.396234 0.652047 -0.219188
0.404628 0.210367 1.664882 0.608339 -0.395460 0.652621 -0.218223
0.404447 0.210411 1.664830 0.608536 -0.394839 0.653140 -0.217240
0.404266 0.210462 1.664784 0.608732 -0.394200 0.653658 -0.216293
0.404085 0.210521 1.664744 0.608927 -0.393543 0.654173 -0.215381
0.403905 0.210587 1.664708 0.609122 -0.392873 0.654684 -0.214501
0.403677 0.210641 1.664753 0.609270 -0.392101 0.655342 -0.213481
0.403435 0.210605 1.664809 0.609305 -0.391610 0.655984 -0.212308
0.403162 0.210580 1.664902 0.609311 -0.391041 0.656684 -0.211172
0.402866 0.210570 1.665019 0.609300 -0.390410 0.657420 -0.210079
0.402574 0.210512 1.665123 0.609215 -0.390002 0.658100 -0.208949
0.402283 0.210422 1.665216 0.609102 -0.389702 0.658753 -0.207777
0.401982 0.210357 1.665322 0.609004 -0.389296 0.659438 -0.206648
0.401672 0.210317 1.665437 0.608923 -0.388796 0.660149 -0.205557
0.401357 0.210302 1.665559 0.608858 -0.388217 0.660878 -0.204496
0.401052 0.210258 1.665661 0.608765 -0.387780 0.661561 -0.203394
0.400755 0.210194 1.665748 0.608667 -0.387407 0.662220 -0.202249
0.400464 0.210117 1.665820 0.608573 -0.387063 0.662866 -0.201071
0.400170 0.210066 1.665901 0.608501 -0.386608 0.663542 -0.199931
0.399872 0.210040 1.665989 0.608450 -0.386057 0.664243 -0.198822
0.399574 0.210034 1.666081 0.608413 -0.385439 0.664959 -0.197736
0.399285 0.210006 1.666156 0.608362 -0.384917 0.665642 -0.196610
0.399004 0.209963 1.666215 0.608313 -0.384436 0.666307 -0.195447
0.398730 0.209911 1.666263 0.608270 -0.383971 0.666962 -0.194255
0.398461 0.209852 1.666299 0.608236 -0.383511 0.667610 -0.193043
0.398197 0.209789 1.666326 0.608212 -0.383046 0.668251 -0.191817
0.397939 0.209723 1.666344 0.608200 -0.382576 0.668885 -0.190582
0.397680 0.209671 1.666367 0.608191 -0.382054 0.669528 -0.189396
0.397421 0.209631 1.666395 0.608188 -0.381491 0.670176 -0.188244
0.397171 0.209585 1.666411 0.608203 -0.380942 0.670807 -0.187056
0.396927 0.209533 1.666418 0.608232 -0.380401 0.671423 -0.185848
0.396688 0.209479 1.666417 0.608275 -0.379862 0.672026 -0.184629
0.396455 0.209422 1.666409 0.608329 -0.379320 0.672618 -0.183403
0.396226 0.209364 1.666396 0.608395 -0.378775 0.673200 -0.182173
0.396003 0.209305 1.666379 0.608470 -0.378224 0.673773 -0.180941
0.395784 0.209245 1.666359 0.608556 -0.377668 0.674338 -0.179708
0.395569 0.209185 1.666336 0.608650 -0.377104 0.674895 -0.178476
0.395358 0.209125 1.666311 0.608753 -0.376535 0.675445 -0.177247
0.395151 0.209066 1.666284 0.608863 -0.375959 0.675987 -0.176020
0.394949 0.209006 1.666256 0.608975 -0.375385 0.676519 -0.174807
0.394750 0.208947 1.666228 0.609085 -0.374820 0.677040 -0.173614
0.394555 0.208889 1.666199 0.609191 -0.374266 0.677550 -0.172445
0.394364 0.208832 1.666170 0.609293 -0.373722 0.678049 -0.171299
0.394176 0.208775 1.666141 0.609392 -0.373189 0.678537 -0.170176
0.393991 0.208719 1.666112 0.609486 -0.372666 0.679014 -0.169077
0.393810 0.208663 1.666084 0.609576 -0.372153 0.679482 -0.168000
0.393585 0.208544 1.666116 0.609639 -0.371672 0.680027 -0.166623
0.393323 0.208391 1.666193 0.609643 -0.371245 0.680610 -0.165172
0.393032 0.208221 1.666305 0.609597 -0.370855 0.681214 -0.163727
0.392720 0.208047 1.666443 0.609512 -0.370481 0.681831 -0.162315
0.392391 0.207877 1.666602 0.609401 -0.370109 0.682457 -0.160943
0.392051 0.207715 1.666777 0.609272 -0.369727 0.683091 -0.159609
0.391703 0.207565 1.666965 0.609134 -0.369331 0.683731 -0.158312
0.391348 0.207428 1.667163 0.608989 -0.368913 0.684377 -0.157047
0.390990 0.207304 1.667368 0.608842 -0.368473 0.685026 -0.155811
0.390629 0.207195 1.667579 0.608696 -0.368009 0.685680 -0.154601
0.390266 0.207099 1.667795 0.608550 -0.367519 0.686338 -0.153415
0.389903 0.207017 1.668015 0.608408 -0.367003 0.687000 -0.152248
0.389539 0.206948 1.668236 0.608269 -0.366462 0.687665 -0.151100
0.389175 0.206892 1.668459 0.608134 -0.365896 0.688333 -0.149968
0.388812 0.206848 1.668682 0.608004 -0.365304 0.689004 -0.148850
0.388449 0.206816 1.668905 0.607879 -0.364689 0.689679 -0.147744
0.388088 0.206795 1.669127 0.607759 -0.364049 0.690355 -0.146650
0.387728 0.206785 1.669347 0.607645 -0.363386 0.691035 -0.145565
0.387370 0.206784 1.669566 0.607536 -0.362702 0.691715 -0.144490
0.387014 0.206794 1.669781 0.607437 -0.361998 0.692392 -0.143426
0.386661 0.206812 1.669991 0.607347 -0.361277 0.693065 -0.142373
0.386310 0.206838 1.670198 0.607267 -0.360540 0.693731 -0.141329
0.385963 0.206872 1.670400 0.607198 -0.359790 0.694391 -0.140294
0.385619 0.206914 1.670598 0.607140 -0.359027 0.695043 -0.139267
0.385278 0.206961 1.670791 0.607093 -0.358253 0.695687 -0.138247
0.384941 0.207014 1.670980 0.607055 -0.357469 0.696324 -0.137234
0.384608 0.207073 1.671166 0.607028 -0.356675 0.696952 -0.136228
0.384279 0.207136 1.671348 0.607010 -0.355874 0.697572 -0.135227
0.383953 0.207204 1.671527 0.607002 -0.355064 0.698183 -0.134233
0.383632 0.207276 1.671702 0.607002 -0.354249 0.698787 -0.133244
0.383314 0.207351 1.671874 0.607010 -0.353427 0.699382 -0.132260
0.383000 0.207429 1.672043 0.607026 -0.352599 0.699970 -0.131282
0.382691 0.207509 1.672210 0.607050 -0.351767 0.700549 -0.130308
0.382385 0.207593 1.672374 0.607081 -0.350931 0.701121 -0.129339
0.382083 0.207678 1.672535 0.607120 -0.350090 0.701685 -0.128375
0.381786 0.207765 1.672694 0.607161 -0.349253 0.702240 -0.127423
0.381492 0.207854 1.672850 0.607200 -0.348427 0.702785 -0.126492
0.381203 0.207944 1.673004 0.607236 -0.347615 0.703319 -0.125584
0.380918 0.208035 1.673156 0.607268 -0.346817 0.703842 -0.124699
0.380636 0.208128 1.673306 0.607297 -0.346032 0.704355 -0.123836
0.380320 0.208149 1.673503 0.607271 -0.345335 0.704911 -0.122746
0.379974 0.208126 1.673734 0.607182 -0.344715 0.705490 -0.121595
0.379607 0.208076 1.673989 0.607043 -0.344147 0.706084 -0.120440
0.379226 0.208010 1.674260 0.606869 -0.343608 0.706690 -0.119300
0.378834 0.207936 1.674544 0.606671 -0.343083 0.707303 -0.118179
0.378436 0.207859 1.674836 0.606458 -0.342560 0.707923 -0.117076
0.378035 0.207783 1.675134 0.606235 -0.342033 0.708547 -0.115989
0.377632 0.207709 1.675435 0.606006 -0.341497 0.709176 -0.114916
0.377229 0.207638 1.675738 0.605775 -0.340949 0.709808 -0.113854
0.376827 0.207573 1.676042 0.605544 -0.340386 0.710443 -0.112802
0.376426 0.207514 1.676345 0.605314 -0.339809 0.711081 -0.111757
0.376028 0.207460 1.676648 0.605085 -0.339215 0.711721 -0.110720
0.375632 0.207413 1.676948 0.604859 -0.338604 0.712363 -0.109687
0.375239 0.207371 1.677246 0.604638 -0.337977 0.713006 -0.108661
0.374849 0.207336 1.677539 0.604424 -0.337335 0.713646 -0.107642
0.374463 0.207307 1.677828 0.604218 -0.336680 0.714281 -0.106630
0.374081 0.207284 1.678112 0.604022 -0.336012 0.714910 -0.105624
0.373704 0.207265 1.678390 0.603837 -0.335334 0.715532 -0.104623
0.373332 0.207252 1.678662 0.603662 -0.334646 0.716147 -0.103627
0.372964 0.207244 1.678929 0.603497 -0.333949 0.716753 -0.102636
0.372601 0.207239 1.679192 0.603343 -0.333243 0.717352 -0.101649
0.372242 0.207239 1.679449 0.603200 -0.332530 0.717942 -0.100666
0.371889 0.207243 1.679701 0.603066 -0.331810 0.718524 -0.099686
0.371540 0.207250 1.679949 0.602942 -0.331084 0.719097 -0.098711
0.371197 0.207260 1.680193 0.602827 -0.330352 0.719662 -0.097739
0.370858 0.207273 1.680432 0.602722 -0.329614 0.720219 -0.096770
0.370524 0.207289 1.680668 0.602625 -0.328872 0.720769 -0.095805
0.370194 0.207307 1.680899 0.602537 -0.328125 0.721310 -0.094843
0.369869 0.207328 1.681127 0.602457 -0.327374 0.721843 -0.093884
0.369549 0.207350 1.681351 0.602386 -0.326620 0.722368 -0.092928
0.369234 0.207375 1.681571 0.602322 -0.325861 0.722885 -0.091975
0.368923 0.207401 1.681788 0.602265 -0.325100 0.723395 -0.091025
0.368617 0.207429 1.682001 0.602216 -0.324336 0.723898 -0.090078
0.368315 0.207458 1.682212 0.602174 -0.323569 0.724393 -0.089133
0.368018 0.207489 1.682419 0.602139 -0.322800 0.724880 -0.088191
0.367726 0.207521 1.682622 0.602111 -0.322028 0.725361 -0.087251
0.367437 0.207553 1.682823 0.602089 -0.321254 0.725834 -0.086314
0.367153 0.207587 1.683021 0.602073 -0.320480 0.726300 -0.085379
0.366874 0.207622 1.683215 0.602055 -0.319718 0.726757 -0.084464
0.366599 0.207657 1.683407 0.602036 -0.318971 0.727205 -0.083570
0.366307 0.207645 1.683653 0.601983 -0.318282 0.727693 -0.082315
0.365993 0.207605 1.683939 0.601887 -0.317632 0.728211 -0.080937
0.365659 0.207548 1.684256 0.601748 -0.317009 0.728751 -0.079538
0.365311 0.207484 1.684595 0.601574 -0.316403 0.729307 -0.078158
0.364951 0.207417 1.684950 0.601373 -0.315804 0.729876 -0.076808
0.364582 0.207352 1.685317 0.601153 -0.315204 0.730454 -0.075489
0.364208 0.207291 1.685691 0.600919 -0.314599 0.731039 -0.074197
0.363831 0.207235 1.686072 0.600675 -0.313986 0.731630 -0.072931
0.363451 0.207186 1.686456 0.600425 -0.313362 0.732226 -0.071687
0.363069 0.207143 1.686842 0.600171 -0.312725 0.732825 -0.070462
0.362687 0.207108 1.687228 0.599914 -0.312075 0.733428 -0.069254
0.362306 0.207080 1.687614 0.599656 -0.311411 0.734033 -0.068060
0.361925 0.207060 1.687997 0.599399 -0.310733 0.734638 -0.066881
0.361545 0.207047 1.688377 0.599147 -0.310042 0.735240 -0.065718
0.361168 0.207041 1.688752 0.598901 -0.309339 0.735838 -0.064568
0.360794 0.207041 1.689121 0.598663 -0.308626 0.736430 -0.063431
0.360423 0.207048 1.689486 0.598433 -0.307903 0.737015 -0.062306
0.360056 0.207061 1.689844 0.598212 -0.307172 0.737592 -0.061191
0.359692 0.207079 1.690197 0.598001 -0.306434 0.738162 -0.060086
0.359332 0.207102 1.690544 0.597798 -0.305688 0.738724 -0.058990
0.358977 0.207130 1.690885 0.597605 -0.304936 0.739277 -0.057903
0.358625 0.207162 1.691221 0.597420 -0.304178 0.739822 -0.056823
0.358277 0.207198 1.691552 0.597244 -0.303415 0.740358 -0.055752
0.357933 0.207237 1.691877 0.597077 -0.302648 0.740886 -0.054687
0.357593 0.207280 1.692196 0.596918 -0.301876 0.741406 -0.053629
0.357258 0.207325 1.692511 0.596768 -0.301101 0.741918 -0.052578
0.356927 0.207373 1.692820 0.596625 -0.300322 0.742421 -0.051533
0.356600 0.207424 1.693125 0.596491 -0.299541 0.742916 -0.050494
0.356277 0.207477 1.693425 0.596363 -0.298756 0.743404 -0.049461
0.355958 0.207531 1.693719 0.596244 -0.297969 0.743883 -0.048433
0.355644 0.207588 1.694009 0.596131 -0.297180 0.744355 -0.047410
0.355334 0.207646 1.694295 0.596026 -0.296388 0.744819 -0.046392
0.355028 0.207706 1.694576 0.595928 -0.295595 0.745275 -0.045379
0.354726 0.207767 1.694852 0.595836 -0.294801 0.745723 -0.044370
0.354428 0.207829 1.695124 0.595751 -0.294005 0.746164 -0.043365
0.354135 0.207892 1.695392 0.595667 -0.293218 0.746597 -0.042378
0.353845 0.207955 1.695655 0.595582 -0.292447 0.747022 -0.041414
0.353560 0.208020 1.695914 0.595495 -0.291690 0.747439 -0.040474
0.353279 0.208085 1.696168 0.595407 -0.290948 0.747847 -0.039558
0.353002 0.208151 1.696419 0.595316 -0.290222 0.748248 -0.038664
0.352716 0.208192 1.696730 0.595182 -0.289511 0.748690 -0.037482
0.352415 0.208221 1.697086 0.594990 -0.288820 0.749171 -0.036228
0.352101 0.208245 1.697475 0.594750 -0.288142 0.749682 -0.034978
0.351776 0.208268 1.697887 0.594474 -0.287469 0.750215 -0.033757
0.351443 0.208293 1.698315 0.594173 -0.286795 0.750763 -0.032570
0.351104 0.208320 1.698757 0.593857 -0.286118 0.751321 -0.031415
0.350762 0.208350 1.699208 0.593531 -0.285437 0.751884 -0.030289
0.350417 0.208385 1.699666 0.593200 -0.284751 0.752448 -0.029186
0.350071 0.208422 1.700131 0.592867 -0.284062 0.753013 -0.028106
0.349724 0.208464 1.700601 0.592533 -0.283369 0.753575 -0.027045
0.349376 0.208508 1.701076 0.592200 -0.282673 0.754135 -0.026001
0.349029 0.208556 1.701555 0.591869 -0.281975 0.754690 -0.024974
0.348682 0.208607 1.702037 0.591540 -0.281275 0.755242 -0.023962
0.348336 0.208660 1.702522 0.591214 -0.280575 0.755788 -0.022967
0.347990 0.208716 1.703007 0.590893 -0.279875 0.756328 -0.021989
0.347646 0.208774 1.703491 0.590576 -0.279174 0.756861 -0.021028
0.347304 0.208834 1.703973 0.590266 -0.278474 0.757387 -0.020081
0.346964 0.208897 1.704452 0.589961 -0.277774 0.757905 -0.019147
0.346626 0.208962 1.704929 0.589664 -0.277074 0.758415 -0.018225
0.346291 0.209028 1.705401 0.589374 -0.276373 0.758918 -0.017312
0.345958 0.209096 1.705868 0.589092 -0.275671 0.759412 -0.016408
0.345629 0.209166 1.706330 0.588818 -0.274968 0.759898 -0.015512
0.345302 0.209237 1.706787 0.588552 -0.274265 0.760376 -0.014623
0.344979 0.209310 1.707239 0.588294 -0.273560 0.760846 -0.013739
0.344659 0.209384 1.707684 0.588044 -0.272853 0.761308 -0.012861
0.344342 0.209459 1.708124 0.587802 -0.272145 0.761763 -0.011987
0.344029 0.209535 1.708557 0.587568 -0.271436 0.762209 -0.011116
0.343720 0.209612 1.708984 0.587343 -0.270725 0.762647 -0.010249
0.343414 0.209690 1.709404 0.587126 -0.270013 0.763078 -0.009384
0.343111 0.209768 1.709818 0.586917 -0.269299 0.763501 -0.008521
0.342813 0.209848 1.710225 0.586716 -0.268584 0.763917 -0.007661
0.342518 0.209927 1.710626 0.586521 -0.267870 0.764325 -0.006806
0.342227 0.210008 1.711020 0.586328 -0.267169 0.764725 -0.005970
0.341939 0.210088 1.711407 0.586136 -0.266482 0.765118 -0.005155
0.341656 0.210169 1.711788 0.585944 -0.265809 0.765504 -0.004362
0.341376 0.210251 1.712162 0.585753 -0.265151 0.765883 -0.003590
0.341100 0.210332 1.712530 0.585562 -0.264506 0.766254 -0.002838
0.340828 0.210414 1.712891 0.585372 -0.263875 0.766619 -0.002105
0.340560 0.210495 1.713246 0.585183 -0.263258 0.766977 -0.001392
0.340295 0.210577 1.713595 0.584995 -0.262653 0.767329 -0.000697
0.340013 0.210633 1.713986 0.584795 -0.261940 0.767725 0.000383
0.339713 0.210674 1.714406 0.584557 -0.261194 0.768159 0.001583
0.339398 0.210704 1.714845 0.584287 -0.260438 0.768618 0.002811
0.339074 0.210727 1.715296 0.583991 -0.259679 0.769094 0.004036
0.338743 0.210744 1.715757 0.583678 -0.258921 0.769580 0.005247
0.338408 0.210758 1.716223 0.583354 -0.258164 0.770070 0.006442
0.338070 0.210770 1.716694 0.583023 -0.257409 0.770562 0.007624
0.337732 0.210781 1.717168 0.582689 -0.256658 0.771053 0.008791
0.337394 0.210791 1.717645 0.582354 -0.255910 0.771541 0.009946
0.337055 0.210800 1.718124 0.582019 -0.255165 0.772025 0.011088
0.336718 0.210808 1.718605 0.581684 -0.254424 0.772504 0.012219
0.336382 0.210817 1.719087 0.581352 -0.253688 0.772978 0.013339
0.336046 0.210826 1.719572 0.581021 -0.252955 0.773446 0.014448
0.335712 0.210835 1.720059 0.580693 -0.252226 0.773909 0.015545
0.335379 0.210843 1.720547 0.580367 -0.251502 0.774367 0.016632
0.335047 0.210853 1.721036 0.580045 -0.250782 0.774818 0.017707
0.334716 0.210862 1.721524 0.579726 -0.250067 0.775263 0.018767
0.334388 0.210872 1.722011 0.579411 -0.249356 0.775701 0.019813
0.334061 0.210883 1.722495 0.579102 -0.248650 0.776131 0.020846
0.333737 0.210894 1.722976 0.578799 -0.247948 0.776553 0.021868
0.333416 0.210906 1.723452 0.578503 -0.247249 0.776968 0.022879
0.333098 0.210919 1.723924 0.578210 -0.246559 0.777375 0.023873
0.332782 0.210932 1.724390 0.577918 -0.245886 0.777775 0.024839
0.332470 0.210946 1.724851 0.577627 -0.245230 0.778168 0.025777
0.332161 0.210961 1.725306 0.577337 -0.244591 0.778553 0.026688
0.331856 0.210977 1.725754 0.577048 -0.243968 0.778932 0.027573
0.331554 0.210994 1.726197 0.576760 -0.243362 0.779304 0.028433
0.331255 0.211012 1.726632 0.576474 -0.242770 0.779669 0.029268
0.330960 0.211030 1.727062 0.576190 -0.242194 0.780027 0.030079
0.330669 0.211050 1.727484 0.575908 -0.241631 0.780379 0.030868
0.330381 0.211070 1.727900 0.575628 -0.241082 0.780725 0.031636
0.330098 0.211090 1.728310 0.575350 -0.240547 0.781064 0.032382
0.329817 0.211112 1.728712 0.575074 -0.240024 0.781397 0.033109
0.329541 0.211134 1.729108 0.574801 -0.239513 0.781725 0.033816
0.329268 0.211157 1.729497 0.574531 -0.239015 0.782046 0.034504
0.328999 0.211180 1.729880 0.574263 -0.238528 0.782361 0.035173
0.328734 0.211204 1.730256 0.573998 -0.238052 0.782671 0.035825
0.328472 0.211229 1.730625 0.573735 -0.237587 0.782976 0.036460
0.328214 0.211254 1.730988 0.573475 -0.237133 0.783275 0.037079
0.327960 0.211279 1.731344 0.573218 -0.236689 0.783568 0.037681
0.327719 0.211328 1.731703 0.573034 -0.235897 0.783881 0.038919
0.327478 0.211387 1.732064 0.572880 -0.234931 0.784208 0.040416
0.327236 0.211450 1.732429 0.572732 -0.233893 0.784544 0.042000
0.326990 0.211513 1.732797 0.572580 -0.232833 0.784882 0.043596
0.326743 0.211575 1.733168 0.572421 -0.231778 0.785221 0.045173
0.326493 0.211636 1.733543 0.572254 -0.230739 0.785558 0.046717
0.326242 0.211696 1.733922 0.572079 -0.229724 0.785893 0.048222
0.325989 0.211753 1.734305 0.571894 -0.228736 0.786224 0.049686
0.325736 0.211808 1.734693 0.571702 -0.227775 0.786552 0.051109
0.325481 0.211862 1.735085 0.571501 -0.226841 0.786876 0.052491
0.325225 0.211914 1.735480 0.571293 -0.225935 0.787197 0.053831
0.324969 0.211965 1.735880 0.571078 -0.225057 0.787515 0.055132
0.324711 0.212014 1.736285 0.570855 -0.224205 0.787831 0.056393
0.324453 0.212062 1.736693 0.570625 -0.223379 0.788143 0.057615
0.324194 0.212109 1.737105 0.570389 -0.222579 0.788453 0.058799
0.323934 0.212154 1.737522 0.570146 -0.221803 0.788760 0.059946
0.323680 0.212197 1.737936 0.569921 -0.221053 0.789050 0.061032
0.323432 0.212238 1.738349 0.569714 -0.220334 0.789320 0.062064
0.323190 0.212274 1.738763 0.569524 -0.219649 0.789571 0.063051
0.322954 0.212304 1.739180 0.569346 -0.218999 0.789803 0.063995
0.322722 0.212329 1.739600 0.569180 -0.218385 0.790019 0.064898
0.322495 0.212347 1.740023 0.569023 -0.217807 0.790220 0.065759
0.322271 0.212359 1.740449 0.568874 -0.217266 0.790408 0.066578
0.322050 0.212365 1.740877 0.568731 -0.216759 0.790585 0.067359
0.321832 0.212364 1.741306 0.568593 -0.216284 0.790750 0.068102
0.321618 0.212358 1.741736 0.568459 -0.215841 0.790906 0.068811
0.321406 0.212345 1.742166 0.568330 -0.215427 0.791053 0.069487
0.321197 0.212328 1.742595 0.568203 -0.215040 0.791192 0.070133
0.320991 0.212306 1.743024 0.568079 -0.214679 0.791324 0.070750
0.320787 0.212279 1.743452 0.567957 -0.214342 0.791450 0.071340
0.320586 0.212247 1.743877 0.567836 -0.214027 0.791571 0.071905
0.320388 0.212212 1.744301 0.567717 -0.213732 0.791686 0.072448
0.320192 0.212173 1.744721 0.567600 -0.213457 0.791797 0.072968
0.319999 0.212131 1.745139 0.567483 -0.213200 0.791904 0.073468
0.319808 0.212086 1.745553 0.567367 -0.212959 0.792007 0.073948
0.319620 0.212038 1.745964 0.567251 -0.212733 0.792107 0.074411
0.319434 0.211987 1.746370 0.567136 -0.212522 0.792204 0.074857
0.319251 0.211935 1.746772 0.567022 -0.212323 0.792298 0.075287
0.319070 0.211881 1.747169 0.566908 -0.212137 0.792390 0.075702
0.318892 0.211825 1.747561 0.566795 -0.211962 0.792480 0.076103
0.318732 0.211792 1.747956 0.566670 -0.211600 0.792607 0.076714
0.318578 0.211765 1.748358 0.566546 -0.211099 0.792754 0.077482
0.318425 0.211737 1.748768 0.566417 -0.210529 0.792915 0.078326
0.318273 0.211704 1.749185 0.566280 -0.209930 0.793085 0.079203
0.318121 0.211664 1.749607 0.566134 -0.209323 0.793260 0.080095
0.317970 0.211619 1.750033 0.565981 -0.208719 0.793437 0.080992
0.317819 0.211567 1.750462 0.565822 -0.208122 0.793615 0.081892
0.317669 0.211510 1.750893 0.565656 -0.207534 0.793793 0.082794
0.317519 0.211447 1.751325 0.565486 -0.206955 0.793971 0.083697
0.317369 0.211380 1.751759 0.565310 -0.206393 0.794148 0.084589
0.317219 0.211307 1.752196 0.565127 -0.205850 0.794326 0.085464
0.317067 0.211229 1.752634 0.564938 -0.205329 0.794503 0.086319
0.316914 0.211148 1.753074 0.564742 -0.204830 0.794679 0.087153
0.316760 0.211062 1.753517 0.564541 -0.204351 0.794856 0.087964
0.316605 0.210973 1.753962 0.564334 -0.203895 0.795033 0.088754
0.316448 0.210881 1.754409 0.564121 -0.203458 0.795210 0.089521
0.316290 0.210787 1.754858 0.563903 -0.203042 0.795386 0.090266
0.316131 0.210690 1.755309 0.563680 -0.202644 0.795563 0.090989
0.315970 0.210591 1.755762 0.563453 -0.202265 0.795741 0.091689
0.315807 0.210490 1.756218 0.563220 -0.201905 0.795918 0.092368
0.315642 0.210388 1.756675 0.562984 -0.201561 0.796096 0.093025
0.315476 0.210285 1.757133 0.562743 -0.201235 0.796274 0.093657
0.315309 0.210181 1.757590 0.562500 -0.200925 0.796452 0.094266
0.315141 0.210076 1.758045 0.562255 -0.200631 0.796630 0.094851
0.314973 0.209972 1.758497 0.562009 -0.200351 0.796807 0.095415
0.314805 0.209867 1.758945 0.561762 -0.200085 0.796983 0.095958
0.314637 0.209763 1.759389 0.561515 -0.199830 0.797157 0.096482
0.314470 0.209660 1.759827 0.561269 -0.199587 0.797330 0.096988
0.314303 0.209558 1.760261 0.561025 -0.199353 0.797501 0.097478
0.314138 0.209456 1.760689 0.560782 -0.199130 0.797670 0.097951
0.313974 0.209356 1.761111 0.560541 -0.198915 0.797836 0.098409
0.313811 0.209256 1.761527 0.560302 -0.198709 0.798000 0.098853
0.313650 0.209158 1.761937 0.560065 -0.198510 0.798162 0.099283
0.313490 0.209061 1.762341 0.559832 -0.198319 0.798322 0.099701
0.313332 0.208966 1.762738 0.559601 -0.198135 0.798479 0.100106
0.313176 0.208872 1.763129 0.559373 -0.197958 0.798633 0.100499
0.313022 0.208779 1.763513 0.559148 -0.197787 0.798785 0.100880
0.312870 0.208687 1.763891 0.558926 -0.197622 0.798934 0.101250
0.312719 0.208597 1.764262 0.558708 -0.197463 0.799080 0.101610
0.312571 0.208508 1.764628 0.558492 -0.197309 0.799224 0.101960
0.312450 0.208441 1.765003 0.558306 -0.196911 0.799363 0.102655
0.312340 0.208382 1.765390 0.558125 -0.196395 0.799508 0.103499
0.312236 0.208322 1.765787 0.557936 -0.195834 0.799662 0.104394
0.312134 0.208258 1.766194 0.557737 -0.195264 0.799821 0.105296
0.312033 0.208187 1.766609 0.557527 -0.194704 0.799986 0.106187
0.311931 0.208110 1.767030 0.557308 -0.194164 0.800154 0.107058
0.311829 0.208025 1.767457 0.557081 -0.193647 0.800324 0.107909
0.311726 0.207933 1.767888 0.556845 -0.193155 0.800494 0.108737
0.311622 0.207834 1.768324 0.556604 -0.192689 0.800665 0.109543
0.311516 0.207729 1.768763 0.556356 -0.192247 0.800835 0.110327
0.311409 0.207619 1.769206 0.556103 -0.191831 0.801005 0.111091
0.311299 0.207503 1.769652 0.555845 -0.191437 0.801175 0.111833
0.311188 0.207383 1.770101 0.555582 -0.191066 0.801345 0.112554
0.311075 0.207259 1.770552 0.555316 -0.190717 0.801514 0.113255
0.310959 0.207132 1.771006 0.555045 -0.190388 0.801683 0.113935
0.310841 0.207001 1.771462 0.554771 -0.190079 0.801852 0.114595
0.310721 0.206868 1.771921 0.554494 -0.189789 0.802021 0.115235
0.310598 0.206733 1.772383 0.554213 -0.189516 0.802190 0.115856
0.310472 0.206596 1.772846 0.553930 -0.189261 0.802359 0.116457
0.310344 0.206457 1.773312 0.553643 -0.189023 0.802528 0.117038
0.310214 0.206317 1.773779 0.553354 -0.188800 0.802698 0.117598
0.310081 0.206177 1.774246 0.553063 -0.188594 0.802868 0.118137
0.309947 0.206035 1.774711 0.552772 -0.188402 0.803037 0.118654
0.309812 0.205895 1.775175 0.552480 -0.188224 0.803206 0.119151
0.309675 0.205754 1.775634 0.552189 -0.188058 0.803375 0.119629
0.309538 0.205614 1.776090 0.551899 -0.187904 0.803541 0.120089
0.309401 0.205475 1.776541 0.551610 -0.187759 0.803707 0.120532
0.309264 0.205338 1.776987 0.551324 -0.187624 0.803870 0.120960
0.309127 0.205201 1.777428 0.551041 -0.187497 0.804032 0.121373
0.308991 0.205067 1.777863 0.550760 -0.187377 0.804192 0.121773
0.308856 0.204934 1.778291 0.550483 -0.187264 0.804349 0.122159
0.308721 0.204802 1.778714 0.550209 -0.187158 0.804505 0.122533
0.308588 0.204673 1.779130 0.549939 -0.187057 0.804658 0.122895
0.308455 0.204546 1.779540 0.549672 -0.186961 0.804809 0.123246
0.308324 0.204420 1.779943 0.549409 -0.186871 0.804957 0.123587
0.308194 0.204296 1.780340 0.549150 -0.186785 0.805103 0.123917
0.308066 0.204175 1.780731 0.548895 -0.186703 0.805246 0.124237
0.307939 0.204055 1.781115 0.548643 -0.186626 0.805388 0.124548
0.307814 0.203937 1.781492 0.548396 -0.186552 0.805526 0.124850
0.307690 0.203821 1.781863 0.548153 -0.186482 0.805663 0.125143
0.307573 0.203728 1.782272 0.547920 -0.186162 0.805813 0.125668
0.307462 0.203646 1.782707 0.547667 -0.185766 0.805991 0.126217
0.307353 0.203569 1.783163 0.547395 -0.185349 0.806189 0.126745
0.307245 0.203491 1.783635 0.547107 -0.184933 0.806401 0.127246
0.307136 0.203411 1.784119 0.546805 -0.184531 0.806623 0.127719
0.307027 0.203327 1.784613 0.546493 -0.184147 0.806851 0.128166
0.306915 0.203238 1.785115 0.546173 -0.183786 0.807082 0.128591
0.306801 0.203143 1.785623 0.545846 -0.183448 0.807316 0.128995
0.306686 0.203044 1.786136 0.545514 -0.183132 0.807550 0.129381
0.306567 0.202940 1.786654 0.545178 -0.182839 0.807785 0.129750
0.306446 0.202831 1.787175 0.544837 -0.182567 0.808019 0.130104
0.306323 0.202718 1.787698 0.544494 -0.182315 0.808253 0.130442
0.306197 0.202601 1.788223 0.544148 -0.182083 0.808486 0.130766
0.306068 0.202482 1.788748 0.543800 -0.181870 0.808718 0.131074
0.305938 0.202360 1.789272 0.543451 -0.181675 0.808949 0.131367
0.305806 0.202235 1.789793 0.543103 -0.181496 0.809177 0.131645
0.305673 0.202110 1.790310 0.542755 -0.181332 0.809404 0.131910
0.305539 0.201984 1.790822 0.542410 -0.181181 0.809629 0.132163
0.305405 0.201857 1.791329 0.542066 -0.181041 0.809850 0.132405
0.305272 0.201730 1.791829 0.541726 -0.180913 0.810069 0.132637
0.305138 0.201603 1.792324 0.541388 -0.180793 0.810284 0.132861
0.305005 0.201477 1.792811 0.541054 -0.180682 0.810497 0.133076
0.304873 0.201352 1.793292 0.540725 -0.180578 0.810706 0.133284
0.304742 0.201228 1.793765 0.540399 -0.180481 0.810912 0.133485
0.304612 0.201105 1.794230 0.540077 -0.180390 0.811114 0.133680
0.304483 0.200983 1.794688 0.539760 -0.180305 0.811313 0.133868
0.304355 0.200862 1.795139 0.539448 -0.180224 0.811508 0.134051
0.304229 0.200744 1.795582 0.539140 -0.180149 0.811701 0.134228
0.304104 0.200626 1.796017 0.538837 -0.180077 0.811889 0.134400
0.303981 0.200510 1.796445 0.538538 -0.180010 0.812074 0.134567
0.303860 0.200396 1.796865 0.538245 -0.179946 0.812256 0.134729
0.303739 0.200284 1.797278 0.537956 -0.179885 0.812435 0.134888
0.303621 0.200173 1.797683 0.537672 -0.179828 0.812610 0.135041
0.303504 0.200064 1.798081 0.537393 -0.179774 0.812782 0.135191
0.303389 0.199956 1.798472 0.537118 -0.179722 0.812950 0.135337
0.303276 0.199850 1.798855 0.536848 -0.179673 0.813116 0.135478
0.303164 0.199746 1.799232 0.536583 -0.179627 0.813278 0.135616
0.303054 0.199644 1.799601 0.536323 -0.179583 0.813437 0.135751
0.302946 0.199543 1.799964 0.536067 -0.179542 0.813593 0.135882
0.302839 0.199444 1.800320 0.535815 -0.179502 0.813746 0.136010
0.302737 0.199368 1.800739 0.535605 -0.179042 0.813885 0.136611
0.302642 0.199307 1.801199 0.535366 -0.178493 0.814058 0.137233
0.302552 0.199250 1.801686 0.535098 -0.177929 0.814260 0.137814
0.302466 0.199193 1.802194 0.534806 -0.177376 0.814481 0.138349
0.302383 0.199130 1.802714 0.534498 -0.176844 0.814715 0.138845
0.302300 0.199062 1.803242 0.534178 -0.176339 0.814955 0.139308
0.302219 0.198987 1.803775 0.533849 -0.175862 0.815199 0.139746
0.302139 0.198904 1.804309 0.533516 -0.175413 0.815442 0.140161
0.302059 0.198815 1.804842 0.533179 -0.174992 0.815684 0.140560
0.301980 0.198719 1.805373 0.532842 -0.174596 0.815923 0.140944
0.301902 0.198616 1.805899 0.532504 -0.174225 0.816159 0.141316
0.301825 0.198508 1.806420 0.532167 -0.173876 0.816390 0.141677
0.301748 0.198396 1.806936 0.531832 -0.173547 0.816617 0.142030
0.301673 0.198279 1.807444 0.531500 -0.173238 0.816839 0.142375
0.301598 0.198159 1.807946 0.531170 -0.172946 0.817056 0.142713
0.301525 0.198036 1.808440 0.530843 -0.172671 0.817269 0.143045
0.301452 0.197910 1.808926 0.530520 -0.172410 0.817477 0.143370
0.301381 0.197783 1.809405 0.530201 -0.172163 0.817680 0.143690
0.301311 0.197654 1.809875 0.529885 -0.171929 0.817878 0.144005
0.301242 0.197524 1.810337 0.529574 -0.171706 0.818072 0.144314
0.301174 0.197393 1.810791 0.529266 -0.171494 0.818262 0.144619
0.301108 0.197262 1.811237 0.528963 -0.171292 0.818447 0.144919
0.301042 0.197130 1.811675 0.528665 -0.171099 0.818628 0.145214
0.300978 0.196999 1.812104 0.528370 -0.170915 0.818805 0.145504
0.300915 0.196869 1.812525 0.528080 -0.170739 0.818978 0.145790
0.300854 0.196739 1.812939 0.527795 -0.170570 0.819147 0.146071
0.300793 0.196609 1.813344 0.527514 -0.170408 0.819312 0.146348
0.300734 0.196481 1.813742 0.527237 -0.170253 0.819474 0.146621
0.300675 0.196354 1.814132 0.526965 -0.170104 0.819632 0.146888
0.300618 0.196227 1.814514 0.526697 -0.169961 0.819787 0.147152
0.300562 0.196102 1.814889 0.526433 -0.169823 0.819938 0.147411
0.300507 0.195979 1.815257 0.526174 -0.169690 0.820086 0.147665
0.300453 0.195857 1.815618 0.525919 -0.169563 0.820231 0.147915
0.300400 0.195736 1.815971 0.525668 -0.169440 0.820373 0.148161
0.300348 0.195617 1.816318 0.525422 -0.169321 0.820512 0.148402
0.300297 0.195500 1.816658 0.525179 -0.169207 0.820647 0.148639
0.300248 0.195384 1.816991 0.524941 -0.169096 0.820780 0.148872
0.300199 0.195270 1.817317 0.524707 -0.168990 0.820910 0.149100
0.300151 0.195158 1.817638 0.524477 -0.168887 0.821038 0.149325
0.300104 0.195047 1.817952 0.524251 -0.168788 0.821163 0.149544
0.300064 0.194954 1.818329 0.524077 -0.168305 0.821262 0.150148
0.300034 0.194869 1.818751 0.523876 -0.167761 0.821394 0.150740
0.300012 0.194785 1.819202 0.523649 -0.167211 0.821550 0.151289
0.299995 0.194696 1.819674 0.523403 -0.166678 0.821722 0.151793
0.299983 0.194599 1.820161 0.523142 -0.166176 0.821904 0.152255
0.299973 0.194492 1.820657 0.522873 -0.165707 0.822091 0.152683
0.299966 0.194375 1.821159 0.522597 -0.165272 0.822278 0.153086
0.299961 0.194246 1.821663 0.522320 -0.164870 0.822464 0.153467
0.299958 0.194106 1.822167 0.522041 -0.164502 0.822647 0.153833
0.299955 0.193957 1.822669 0.521762 -0.164164 0.822825 0.154184
0.299954 0.193798 1.823169 0.521485 -0.163854 0.822999 0.154525
0.299954 0.193631 1.823665 0.521211 -0.163572 0.823166 0.154857
0.299955 0.193456 1.824155 0.520939 -0.163314 0.823329 0.155181
0.299957 0.193274 1.824641 0.520670 -0.163079 0.823485 0.155499
0.299959 0.193086 1.825120 0.520404 -0.162865 0.823637 0.155810
0.299962 0.192893 1.825592 0.520143 -0.162671 0.823782 0.156117
0.299967 0.192696 1.826058 0.519884 -0.162494 0.823923 0.156418
0.299971 0.192495 1.826517 0.519630 -0.162334 0.824059 0.156715
0.299977 0.192291 1.826969 0.519380 -0.162188 0.824189 0.157007
0.299983 0.192084 1.827413 0.519134 -0.162057 0.824315 0.157296
0.299990 0.191876 1.827850 0.518891 -0.161937 0.824437 0.157581
0.299998 0.191666 1.828279 0.518653 -0.161830 0.824554 0.157862
0.300006 0.191455 1.828701 0.518418 -0.161732 0.824668 0.158139
0.300015 0.191243 1.829115 0.518188 -0.161645 0.824777 0.158413
0.300024 0.191032 1.829522 0.517961 -0.161566 0.824883 0.158683
0.300033 0.190821 1.829921 0.517739 -0.161495 0.824986 0.158949
0.300044 0.190610 1.830313 0.517520 -0.161431 0.825085 0.159213
0.300054 0.190400 1.830698 0.517305 -0.161374 0.825181 0.159472
0.300065 0.190191 1.831075 0.517093 -0.161324 0.825273 0.159728
0.300076 0.189983 1.831445 0.516885 -0.161279 0.825363 0.159980
0.300087 0.189777 1.831808 0.516681 -0.161239 0.825451 0.160229
0.300099 0.189572 1.832164 0.516481 -0.161204 0.825535 0.160474
0.300111 0.189369 1.832513 0.516284 -0.161174 0.825618 0.160716
0.300123 0.189168 1.832855 0.516090 -0.161147 0.825698 0.160954
0.300135 0.188970 1.833191 0.515900 -0.161124 0.825775 0.161189
0.300148 0.188774 1.833520 0.515713 -0.161104 0.825851 0.161420
0.300160 0.188579 1.833843 0.515529 -0.161088 0.825924 0.161647
0.300173 0.188388 1.834159 0.515349 -0.161074 0.825995 0.161871
0.300185 0.188199 1.834469 0.515171 -0.161063 0.826065 0.162091
0.300198 0.188012 1.834773 0.514997 -0.161054 0.826133 0.162308
0.300235 0.187867 1.835148 0.514852 -0.160677 0.826201 0.162796
0.300293 0.187746 1.835573 0.514675 -0.160219 0.826313 0.163240
0.300366 0.187637 1.836033 0.514470 -0.159737 0.826456 0.163628
0.300448 0.187529 1.836518 0.514248 -0.159251 0.826619 0.163978
0.300537 0.187417 1.837021 0.514014 -0.158773 0.826792 0.164305
0.300629 0.187298 1.837536 0.513773 -0.158312 0.826969 0.164614
0.300723 0.187169 1.838058 0.513525 -0.157880 0.827148 0.164899
0.300819 0.187030 1.838584 0.513273 -0.157480 0.827328 0.165164
0.300915 0.186879 1.839111 0.513020 -0.157111 0.827505 0.165415
0.301010 0.186719 1.839638 0.512766 -0.156774 0.827679 0.165653
0.301105 0.186548 1.840162 0.512513 -0.156465 0.827848 0.165882
0.301200 0.186367 1.840683 0.512261 -0.156184 0.828013 0.166104
0.301294 0.186178 1.841199 0.512011 -0.155929 0.828172 0.166319
0.301386 0.185982 1.841710 0.511764 -0.155699 0.828326 0.166530
0.301478 0.185778 1.842215 0.511520 -0.155490 0.828474 0.166737
0.301570 0.185569 1.842714 0.511278 -0.155302 0.828617 0.166941
0.301660 0.185354 1.843206 0.511041 -0.155133 0.828755 0.167142
0.301749 0.185134 1.843691 0.510806 -0.154982 0.828888 0.167341
0.301838 0.184911 1.844168 0.510575 -0.154846 0.829015 0.167538
0.301926 0.184684 1.844639 0.510348 -0.154726 0.829138 0.167733
0.302013 0.184455 1.845101 0.510125 -0.154618 0.829257 0.167926
0.302099 0.184224 1.845556 0.509905 -0.154523 0.829371 0.168117
0.302184 0.183992 1.846003 0.509689 -0.154439 0.829481 0.168307
0.302269 0.183759 1.846443 0.509477 -0.154366 0.829587 0.168495
0.302352 0.183524 1.846875 0.509268 -0.154302 0.829689 0.168681
0.302435 0.183290 1.847299 0.509063 -0.154246 0.829787 0.168867
0.302517 0.183056 1.847715 0.508862 -0.154198 0.829882 0.169050
0.302598 0.182823 1.848124 0.508664 -0.154158 0.829974 0.169232
0.302679 0.182590 1.848525 0.508469 -0.154124 0.830063 0.169412
0.302758 0.182359 1.848919 0.508278 -0.154096 0.830148 0.169591
0.302837 0.182128 1.849305 0.508091 -0.154074 0.830231 0.169768
0.302914 0.181900 1.849684 0.507907 -0.154057 0.830311 0.169943
0.302991 0.181673 1.850056 0.507726 -0.154044 0.830389 0.170116
0.303067 0.181448 1.850420 0.507549 -0.154035 0.830464 0.170287
0.303142 0.181225 1.850778 0.507374 -0.154031 0.830536 0.170457
0.303215 0.181005 1.851129 0.507203 -0.154029 0.830606 0.170625
0.303288 0.180786 1.851472 0.507035 -0.154031 0.830675 0.170790
0.303361 0.180570 1.851810 0.506870 -0.154035 0.830741 0.170954
0.303432 0.180357 1.852140 0.506708 -0.154042 0.830805 0.171116
0.303502 0.180147 1.852465 0.506549 -0.154052 0.830867 0.171275
0.303610 0.180001 1.852859 0.506404 -0.153641 0.830946 0.171692
0.303747 0.179895 1.853303 0.506222 -0.153107 0.831078 0.172068
0.303905 0.179811 1.853782 0.506012 -0.152518 0.831246 0.172395
0.304075 0.179736 1.854286 0.505781 -0.151906 0.831437 0.172690
0.304252 0.179662 1.854808 0.505539 -0.151288 0.831640 0.172966
0.304434 0.179583 1.855341 0.505289 -0.150677 0.831847 0.173235
0.304618 0.179496 1.855881 0.505036 -0.150077 0.832053 0.173503
0.304802 0.179399 1.856424 0.504780 -0.149504 0.832258 0.173760
0.304985 0.179292 1.856969 0.504521 -0.148961 0.832462 0.174003
0.305166 0.179175 1.857512 0.504261 -0.148450 0.832662 0.174235
0.305346 0.179047 1.858053 0.504002 -0.147969 0.832857 0.174458
0.305524 0.178908 1.858590 0.503745 -0.147519 0.833048 0.174675
0.305699 0.178761 1.859123 0.503489 -0.147097 0.833233 0.174885
0.305871 0.178605 1.859650 0.503236 -0.146702 0.833412 0.175091
0.306042 0.178441 1.860171 0.502985 -0.146333 0.833585 0.175293
0.306210 0.178270 1.860685 0.502738 -0.145988 0.833753 0.175492
0.306375 0.178092 1.861193 0.502494 -0.145665 0.833915 0.175688
0.306539 0.177909 1.861694 0.502254 -0.145364 0.834072 0.175881
0.306700 0.177721 1.862187 0.502018 -0.145081 0.834223 0.176072
0.306859 0.177528 1.862673 0.501785 -0.144817 0.834369 0.176261
0.307015 0.177332 1.863151 0.501556 -0.144570 0.834510 0.176448
0.307170 0.177133 1.863621 0.501331 -0.144339 0.834646 0.176633
0.307322 0.176931 1.864084 0.501110 -0.144123 0.834777 0.176816
0.307472 0.176727 1.864539 0.500893 -0.143920 0.834904 0.176998
0.307620 0.176522 1.864986 0.500679 -0.143730 0.835027 0.177178
0.307767 0.176315 1.865425 0.500470 -0.143552 0.835145 0.177356
0.307911 0.176107 1.865857 0.500264 -0.143385 0.835260 0.177533
0.308053 0.175899 1.866281 0.500062 -0.143229 0.835370 0.177708
0.308193 0.175691 1.866698 0.499863 -0.143082 0.835477 0.177881
0.308331 0.175483 1.867107 0.499668 -0.142945 0.835581 0.178053
0.308467 0.175275 1.867508 0.499477 -0.142816 0.835681 0.178222
0.308602 0.175068 1.867902 0.499290 -0.142695 0.835778 0.178390
0.308734 0.174862 1.868289 0.499106 -0.142581 0.835872 0.178556
0.308864 0.174657 1.868669 0.498925 -0.142474 0.835963 0.178721
0.308993 0.174454 1.869041 0.498748 -0.142374 0.836051 0.178883
0.309120 0.174251 1.869407 0.498574 -0.142279 0.836136 0.179044
0.309244 0.174050 1.869765 0.498404 -0.142191 0.836219 0.179202
0.309367 0.173851 1.870117 0.498236 -0.142107 0.836299 0.179359
0.309488 0.173654 1.870462 0.498072 -0.142029 0.836377 0.179513
0.309608 0.173459 1.870801 0.497911 -0.141955 0.836453 0.179666
0.309772 0.173327 1.871197 0.497771 -0.141520 0.836508 0.180139
0.309967 0.173233 1.871634 0.497609 -0.140966 0.836593 0.180628
0.310181 0.173159 1.872100 0.497426 -0.140364 0.836704 0.181086
0.310406 0.173094 1.872586 0.497228 -0.139748 0.836833 0.181507
0.310638 0.173030 1.873086 0.497021 -0.139137 0.836974 0.181894
0.310872 0.172961 1.873597 0.496808 -0.138542 0.837122 0.182250
0.311108 0.172884 1.874113 0.496592 -0.137970 0.837272 0.182581
0.311343 0.172797 1.874633 0.496377 -0.137427 0.837422 0.182890
0.311577 0.172699 1.875155 0.496164 -0.136913 0.837569 0.183179
0.311809 0.172589 1.875677 0.495954 -0.136430 0.837712 0.183452
0.312038 0.172468 1.876198 0.495747 -0.135979 0.837851 0.183712
0.312263 0.172336 1.876716 0.495542 -0.135558 0.837986 0.183962
0.312484 0.172193 1.877233 0.495340 -0.135167 0.838116 0.184203
0.312702 0.172040 1.877745 0.495140 -0.134804 0.838241 0.184435
0.312915 0.171878 1.878253 0.494942 -0.134467 0.838362 0.184661
0.313125 0.171708 1.878757 0.494748 -0.134155 0.838479 0.184880
0.313330 0.171531 1.879255 0.494556 -0.133866 0.838591 0.185094
0.313532 0.171347 1.879748 0.494367 -0.133599 0.838699 0.185302
0.313730 0.171158 1.880234 0.494180 -0.133352 0.838803 0.185505
0.313924 0.170963 1.880715 0.493997 -0.133123 0.838904 0.185704
0.314115 0.170764 1.881189 0.493817 -0.132912 0.839000 0.185898
0.314303 0.170562 1.881657 0.493639 -0.132717 0.839093 0.186089
0.314487 0.170356 1.882118 0.493465 -0.132537 0.839183 0.186276
0.314668 0.170148 1.882572 0.493294 -0.132371 0.839269 0.186459
0.314846 0.169937 1.883019 0.493126 -0.132218 0.839352 0.186639
0.315021 0.169725 1.883459 0.492960 -0.132076 0.839432 0.186816
0.315193 0.169512 1.883892 0.492798 -0.131946 0.839509 0.186990
0.315362 0.169298 1.884318 0.492639 -0.131826 0.839583 0.187161
0.315529 0.169083 1.884738 0.492483 -0.131715 0.839655 0.187328
0.315692 0.168868 1.885150 0.492329 -0.131614 0.839724 0.187493
0.315853 0.168654 1.885555 0.492179 -0.131520 0.839790 0.187656
0.316011 0.168439 1.885954 0.492031 -0.131434 0.839854 0.187815
0.316166 0.168226 1.886345 0.491887 -0.131355 0.839916 0.187972
0.316319 0.168013 1.886730 0.491745 -0.131283 0.839976 0.188126
0.316469 0.167802 1.887108 0.491606 -0.131217 0.840034 0.188278
0.316617 0.167592 1.887479 0.491469 -0.131157 0.840090 0.188427
0.316763 0.167383 1.887844 0.491335 -0.131101 0.840144 0.188573
0.316905 0.167176 1.888202 0.491204 -0.131051 0.840196 0.188717
0.317046 0.166971 1.888553 0.491075 -0.131005 0.840247 0.188859
0.317184 0.166768 1.888899 0.490949 -0.130963 0.840296 0.188998
0.317359 0.166634 1.889294 0.490771 -0.130671 0.840399 0.189206
0.317559 0.166543 1.889723 0.490550 -0.130255 0.840549 0.189399
0.317774 0.166477 1.890177 0.490300 -0.129775 0.840732 0.189565
0.317998 0.166422 1.890647 0.490031 -0.129264 0.840935 0.189707
0.318228 0.166371 1.891127 0.489751 -0.128745 0.841151 0.189826
0.318460 0.166318 1.891614 0.489466 -0.128230 0.841372 0.189928
0.318693 0.166259 1.892105 0.489181 -0.127730 0.841595 0.190014
0.318926 0.166193 1.892597 0.488897 -0.127247 0.841816 0.190087
0.319158 0.166118 1.893088 0.488618 -0.126788 0.842033 0.190150
0.319388 0.166033 1.893579 0.488345 -0.126351 0.842246 0.190203
0.319616 0.165937 1.894067 0.488078 -0.125940 0.842452 0.190247
0.319841 0.165831 1.894552 0.487819 -0.125553 0.842651 0.190284
0.320065 0.165715 1.895034 0.487567 -0.125191 0.842844 0.190314
0.320286 0.165589 1.895513 0.487324 -0.124854 0.843029 0.190337
0.320506 0.165453 1.895988 0.487089 -0.124540 0.843208 0.190355
0.320723 0.165307 1.896458 0.486862 -0.124250 0.843379 0.190368
0.320937 0.165152 1.896925 0.486643 -0.123983 0.843542 0.190377
0.321148 0.164988 1.897388 0.486430 -0.123738 0.843700 0.190384
0.321356 0.164817 1.897845 0.486223 -0.123515 0.843850 0.190390
0.321560 0.164638 1.898299 0.486020 -0.123311 0.843995 0.190396
0.321761 0.164453 1.898747 0.485822 -0.123127 0.844135 0.190401
0.321958 0.164262 1.899190 0.485628 -0.122960 0.844270 0.190406
0.322152 0.164066 1.899628 0.485438 -0.122810 0.844400 0.190411
0.322341 0.163865 1.900061 0.485252 -0.122675 0.844525 0.190416
0.322528 0.163661 1.900487 0.485070 -0.122554 0.844646 0.190421
0.322711 0.163453 1.900908 0.484892 -0.122446 0.844763 0.190426
0.322891 0.163243 1.901323 0.484717 -0.122350 0.844876 0.190431
0.323068 0.163031 1.901732 0.484546 -0.122265 0.844985 0.190437
0.323241 0.162816 1.902134 0.484378 -0.122191 0.845091 0.190443
0.323412 0.162601 1.902531 0.484214 -0.122126 0.845193 0.190450
0.323579 0.162384 1.902921 0.484053 -0.122069 0.845291 0.190457
0.323744 0.162167 1.903306 0.483896 -0.122021 0.845387 0.190465
0.323906 0.161950 1.903684 0.483741 -0.121980 0.845479 0.190473
0.324065 0.161733 1.904055 0.483591 -0.121945 0.845569 0.190482
0.324221 0.161516 1.904421 0.483443 -0.121917 0.845655 0.190491
0.324375 0.161300 1.904780 0.483298 -0.121895 0.845739 0.190501
0.324526 0.161084 1.905134 0.483157 -0.121878 0.845820 0.190511
0.324674 0.160870 1.905481 0.483018 -0.121866 0.845898 0.190521
0.324820 0.160657 1.905823 0.482883 -0.121858 0.845974 0.190532
0.324964 0.160445 1.906158 0.482750 -0.121854 0.846048 0.190543
0.325162 0.160305 1.906537 0.482593 -0.121653 0.846142 0.190653
0.325393 0.160207 1.906945 0.482414 -0.121326 0.846256 0.190805
0.325645 0.160134 1.907373 0.482219 -0.120928 0.846389 0.190966
0.325910 0.160074 1.907811 0.482011 -0.120493 0.846533 0.191123
0.326182 0.160017 1.908257 0.481798 -0.120043 0.846685 0.191271
0.326458 0.159959 1.908706 0.481583 -0.119592 0.846840 0.191409
0.326736 0.159896 1.909156 0.481368 -0.119150 0.846995 0.191538
0.327014 0.159826 1.909606 0.481158 -0.118721 0.847148 0.191658
0.327292 0.159747 1.910054 0.480952 -0.118310 0.847297 0.191770
0.327568 0.159659 1.910499 0.480752 -0.117919 0.847441 0.191875
0.327842 0.159561 1.910941 0.480559 -0.117549 0.847580 0.191972
0.328114 0.159453 1.911380 0.480373 -0.117200 0.847713 0.192064
0.328384 0.159335 1.911815 0.480195 -0.116873 0.847840 0.192149
0.328651 0.159207 1.912246 0.480024 -0.116568 0.847961 0.192228
0.328915 0.159069 1.912674 0.479861 -0.116284 0.848075 0.192301
0.329177 0.158922 1.913098 0.479705 -0.116020 0.848184 0.192369
0.329436 0.158766 1.913518 0.479558 -0.115778 0.848287 0.192431
0.329692 0.158601 1.913934 0.479417 -0.115555 0.848384 0.192487
0.329946 0.158427 1.914346 0.479284 -0.115352 0.848475 0.192537
0.330196 0.158245 1.914755 0.479158 -0.115168 0.848561 0.192583
0.330444 0.158055 1.915160 0.479040 -0.115002 0.848641 0.192622
0.330689 0.157858 1.915562 0.478928 -0.114854 0.848717 0.192657
0.330932 0.157652 1.915959 0.478822 -0.114724 0.848787 0.192686
0.331171 0.157440 1.916354 0.478724 -0.114610 0.848853 0.192709
0.331408 0.157220 1.916745 0.478630 -0.114514 0.848914 0.192731
0.331640 0.156995 1.917132 0.478540 -0.114434 0.848971 0.192751
0.331868 0.156763 1.917516 0.478453 -0.114370 0.849024 0.192770
0.332092 0.156527 1.917896 0.478369 -0.114320 0.849074 0.192788
0.332312 0.156286 1.918272 0.478287 -0.114284 0.849121 0.192805
0.332528 0.156042 1.918644 0.478208 -0.114260 0.849166 0.192821
0.332739 0.155795 1.919012 0.478130 -0.114248 0.849208 0.192837
0.332947 0.155545 1.919375 0.478053 -0.114246 0.849247 0.192852
0.333150 0.155293 1.919733 0.477979 -0.114254 0.849285 0.192867
0.333350 0.155039 1.920087 0.477906 -0.114271 0.849321 0.192881
0.333545 0.154784 1.920436 0.477834 -0.114295 0.849354 0.192895
0.333738 0.154529 1.920780 0.477764 -0.114327 0.849386 0.192908
0.333926 0.154273 1.921119 0.477695 -0.114366 0.849417 0.192922
0.334111 0.154018 1.921454 0.477628 -0.114410 0.849446 0.192935
0.334292 0.153763 1.921783 0.477562 -0.114460 0.849473 0.192947
0.334470 0.153509 1.922107 0.477498 -0.114514 0.849499 0.192960
0.334699 0.153309 1.922460 0.477392 -0.114409 0.849562 0.193009
0.334963 0.153139 1.922829 0.477261 -0.114196 0.849646 0.193090
0.335251 0.152983 1.923205 0.477115 -0.113919 0.849742 0.193191
0.335556 0.152832 1.923583 0.476963 -0.113610 0.849843 0.193302
0.335874 0.152677 1.923960 0.476811 -0.113287 0.849945 0.193420
0.336201 0.152515 1.924333 0.476663 -0.112965 0.850042 0.193545
0.336535 0.152344 1.924701 0.476522 -0.112651 0.850133 0.193674
0.336874 0.152161 1.925063 0.476391 -0.112351 0.850216 0.193807
0.337216 0.151967 1.925419 0.476269 -0.112067 0.850291 0.193944
0.337560 0.151759 1.925768 0.476158 -0.111803 0.850356 0.194084
0.337906 0.151540 1.926112 0.476057 -0.111558 0.850412 0.194225
0.338252 0.151308 1.926450 0.475967 -0.111334 0.850459 0.194368
0.338598 0.151065 1.926782 0.475887 -0.111131 0.850498 0.194511
0.338944 0.150810 1.927109 0.475816 -0.110949 0.850528 0.194656
0.339287 0.150545 1.927431 0.475754 -0.110788 0.850551 0.194802
0.339628 0.150270 1.927748 0.475698 -0.110647 0.850566 0.194951
0.339966 0.149986 1.928061 0.475647 -0.110526 0.850576 0.195103
0.340300 0.149694 1.928369 0.475602 -0.110422 0.850579 0.195255
0.340630 0.149395 1.928673 0.475561 -0.110336 0.850578 0.195410
0.340956 0.149090 1.928972 0.475523 -0.110266 0.850572 0.195565
0.341278 0.148779 1.929267 0.475489 -0.110212 0.850563 0.195720
0.341596 0.148464 1.929557 0.475458 -0.110170 0.850550 0.195876
0.341909 0.148146 1.929843 0.475430 -0.110142 0.850533 0.196032
0.342218 0.147824 1.930124 0.475404 -0.110125 0.850514 0.196187
0.342522 0.147500 1.930401 0.475381 -0.110119 0.850492 0.196342
0.342821 0.147174 1.930674 0.475359 -0.110123 0.850468 0.196495
0.343116 0.146847 1.930942 0.475340 -0.110137 0.850442 0.196648
0.343406 0.146519 1.931206 0.475322 -0.110158 0.850414 0.196800
0.343692 0.146191 1.931467 0.475305 -0.110187 0.850385 0.196950
0.343972 0.145863 1.931722 0.475291 -0.110223 0.850354 0.197099
0.344248 0.145536 1.931974 0.475277 -0.110265 0.850322 0.197247
0.344520 0.145210 1.932222 0.475264 -0.110313 0.850289 0.197392
0.344786 0.144885 1.932466 0.475253 -0.110365 0.850255 0.197536
0.345048 0.144562 1.932705 0.475242 -0.110423 0.850221 0.197678
0.345306 0.144241 1.932941 0.475233 -0.110484 0.850186 0.197818
0.345559 0.143922 1.933173 0.475224 -0.110549 0.850150 0.197955
0.345807 0.143606 1.933401 0.475215 -0.110618 0.850114 0.198091
0.346051 0.143293 1.933626 0.475207 -0.110689 0.850078 0.198224
0.346290 0.142982 1.933846 0.475200 -0.110762 0.850042 0.198355
0.346525 0.142675 1.934063 0.475193 -0.110838 0.850006 0.198484
0.346817 0.142430 1.934326 0.475149 -0.110853 0.850027 0.198494
0.347141 0.142220 1.934619 0.475083 -0.110785 0.850072 0.198496
0.347484 0.142030 1.934934 0.475002 -0.110664 0.850133 0.198495
0.347837 0.141848 1.935262 0.474910 -0.110513 0.850206 0.198489
0.348195 0.141667 1.935599 0.474811 -0.110350 0.850285 0.198476
0.348554 0.141484 1.935943 0.474709 -0.110185 0.850367 0.198458
0.348912 0.141294 1.936289 0.474607 -0.110028 0.850451 0.198434
0.349267 0.141097 1.936638 0.474506 -0.109881 0.850533 0.198406
0.349619 0.140891 1.936987 0.474407 -0.109748 0.850612 0.198373
0.349967 0.140675 1.937336 0.474313 -0.109631 0.850688 0.198337
0.350310 0.140450 1.937684 0.474222 -0.109531 0.850761 0.198297
0.350648 0.140216 1.938032 0.474135 -0.109449 0.850830 0.198257
0.350981 0.139973 1.938378 0.474051 -0.109384 0.850894 0.198218
0.351307 0.139722 1.938722 0.473969 -0.109336 0.850955 0.198180
0.351627 0.139463 1.939064 0.473889 -0.109305 0.851012 0.198143
0.351941 0.139198 1.939405 0.473810 -0.109288 0.851066 0.198107
0.352248 0.138926 1.939742 0.473734 -0.109287 0.851117 0.198073
0.352550 0.138650 1.940077 0.473659 -0.109298 0.851165 0.198040
0.352846 0.138369 1.940408 0.473585 -0.109322 0.851210 0.198008
0.353135 0.138085 1.940737 0.473513 -0.109356 0.851253 0.197978
0.353419 0.137797 1.941062 0.473442 -0.109401 0.851293 0.197949
0.353697 0.137507 1.941383 0.473372 -0.109455 0.851332 0.197922
0.353970 0.137215 1.941701 0.473304 -0.109518 0.851368 0.197895
0.354237 0.136922 1.942015 0.473236 -0.109588 0.851402 0.197870
0.354498 0.136627 1.942325 0.473170 -0.109664 0.851434 0.197846
0.354755 0.136333 1.942631 0.473106 -0.109747 0.851465 0.197823
0.355006 0.136038 1.942933 0.473042 -0.109835 0.851494 0.197802
0.355253 0.135744 1.943231 0.472980 -0.109928 0.851521 0.197781
0.355494 0.135450 1.943525 0.472918 -0.110026 0.851547 0.197761
0.355731 0.135158 1.943815 0.472858 -0.110126 0.851572 0.197743
0.355962 0.134867 1.944100 0.472799 -0.110231 0.851596 0.197725
0.356190 0.134578 1.944382 0.472741 -0.110337 0.851618 0.197708
0.356412 0.134290 1.944659 0.472683 -0.110447 0.851640 0.197691
0.356631 0.134005 1.944932 0.472627 -0.110558 0.851660 0.197676
0.356844 0.133722 1.945202 0.472572 -0.110670 0.851679 0.197661
0.357054 0.133442 1.945466 0.472518 -0.110784 0.851698 0.197647
0.357259 0.133164 1.945727 0.472464 -0.110899 0.851716 0.197633
0.357461 0.132890 1.945984 0.472412 -0.111014 0.851733 0.197620
0.357658 0.132618 1.946236 0.472360 -0.111130 0.851749 0.197608
0.357851 0.132350 1.946485 0.472309 -0.111246 0.851765 0.197596
0.358104 0.132135 1.946770 0.472210 -0.111320 0.851852 0.197420
0.358392 0.131948 1.947078 0.472087 -0.111312 0.851962 0.197240
0.358703 0.131775 1.947400 0.471950 -0.111251 0.852086 0.197070
0.359028 0.131604 1.947728 0.471805 -0.111159 0.852214 0.196912
0.359361 0.131431 1.948059 0.471657 -0.111055 0.852344 0.196766
0.359698 0.131251 1.948389 0.471508 -0.110948 0.852471 0.196631
0.360038 0.131062 1.948717 0.471361 -0.110846 0.852594 0.196508
0.360377 0.130864 1.949042 0.471217 -0.110752 0.852712 0.196395
0.360716 0.130657 1.949362 0.471078 -0.110670 0.852823 0.196293
0.361053 0.130440 1.949678 0.470944 -0.110601 0.852927 0.196200
0.361387 0.130213 1.949988 0.470816 -0.110545 0.853024 0.196118
0.361719 0.129979 1.950293 0.470692 -0.110503 0.853115 0.196044
0.362047 0.129736 1.950593 0.470574 -0.110472 0.853199 0.195979
0.362372 0.129486 1.950888 0.470461 -0.110455 0.853276 0.195922
0.362693 0.129231 1.951178 0.470353 -0.110448 0.853348 0.195871
0.363010 0.128969 1.951463 0.470250 -0.110453 0.853415 0.195828
0.363323 0.128703 1.951743 0.470151 -0.110468 0.853476 0.195790
0.363631 0.128432 1.952018 0.470057 -0.110492 0.853532 0.195759
0.363936 0.128158 1.952288 0.469966 -0.110525 0.853584 0.195732
0.364236 0.127881 1.952554 0.469879 -0.110565 0.853632 0.195710
0.364532 0.127602 1.952815 0.469795 -0.110613 0.853675 0.195693
0.364823 0.127321 1.953072 0.469715 -0.110667 0.853716 0.195679
0.365109 0.127039 1.953325 0.469637 -0.110728 0.853753 0.195670
0.365391 0.126755 1.953573 0.469562 -0.110793 0.853787 0.195663
0.365669 0.126472 1.953817 0.469490 -0.110864 0.853818 0.195660
0.365941 0.126188 1.954057 0.469420 -0.110939 0.853847 0.195659
0.366210 0.125905 1.954293 0.469353 -0.111017 0.853873 0.195661
0.366473 0.125622 1.954525 0.469288 -0.111099 0.853898 0.195665
0.366732 0.125341 1.954753 0.469224 -0.111184 0.853920 0.195670
0.366987 0.125061 1.954977 0.469163 -0.111272 0.853941 0.195678
0.367237 0.124783 1.955198 0.469103 -0.111362 0.853960 0.195687
0.367482 0.124506 1.955415 0.469045 -0.111453 0.853978 0.195698
0.367723 0.124232 1.955628 0.468988 -0.111546 0.853994 0.195709
0.367959 0.123960 1.955838 0.468932 -0.111641 0.854009 0.195722
0.368192 0.123690 1.956045 0.468878 -0.111736 0.854023 0.195736
0.368419 0.123424 1.956247 0.468826 -0.111832 0.854036 0.195751
0.368643 0.123160 1.956447 0.468774 -0.111928 0.854048 0.195766
0.368862 0.122899 1.956643 0.468724 -0.112025 0.854060 0.195782
0.369077 0.122641 1.956836 0.468674 -0.112122 0.854070 0.195798
0.369288 0.122386 1.957026 0.468626 -0.112218 0.854081 0.195814
0.369550 0.122179 1.957247 0.468538 -0.112255 0.854150 0.195699
0.369842 0.121996 1.957488 0.468432 -0.112209 0.854241 0.195586
0.370152 0.121823 1.957741 0.468314 -0.112110 0.854341 0.195485
0.370472 0.121652 1.958000 0.468189 -0.111983 0.854446 0.195396
0.370797 0.121477 1.958263 0.468062 -0.111845 0.854552 0.195318
0.371124 0.121296 1.958525 0.467935 -0.111705 0.854656 0.195249
0.371452 0.121106 1.958786 0.467808 -0.111572 0.854756 0.195189
0.371779 0.120907 1.959046 0.467685 -0.111449 0.854851 0.195138
0.372103 0.120699 1.959302 0.467565 -0.111337 0.854941 0.195095
0.372425 0.120482 1.959555 0.467450 -0.111239 0.855025 0.195060
0.372743 0.120257 1.959805 0.467338 -0.111154 0.855104 0.195032
0.373058 0.120024 1.960050 0.467231 -0.111082 0.855176 0.195010
0.373369 0.119784 1.960293 0.467129 -0.111023 0.855243 0.194995
0.373677 0.119537 1.960531 0.467030 -0.110977 0.855305 0.194986
0.373980 0.119285 1.960766 0.466936 -0.110942 0.855362 0.194982
0.374278 0.119028 1.960997 0.466845 -0.110918 0.855415 0.194983
0.374573 0.118766 1.961225 0.466758 -0.110905 0.855463 0.194989
0.374863 0.118501 1.961449 0.466674 -0.110901 0.855507 0.194998
0.375148 0.118233 1.961669 0.466593 -0.110905 0.855547 0.195012
0.375429 0.117962 1.961887 0.466515 -0.110918 0.855584 0.195028
0.375705 0.117689 1.962100 0.466440 -0.110938 0.855618 0.195048
0.375977 0.117415 1.962311 0.466368 -0.110964 0.855649 0.195070
0.376245 0.117140 1.962518 0.466298 -0.110997 0.855677 0.195095
0.376508 0.116864 1.962722 0.466230 -0.111036 0.855703 0.195122
0.376766 0.116588 1.962923 0.466165 -0.111079 0.855727 0.195150
0.377020 0.116312 1.963121 0.466101 -0.111128 0.855748 0.195181
0.377269 0.116037 1.963316 0.466039 -0.111180 0.855768 0.195213
0.377514 0.115763 1.963508 0.465979 -0.111236 0.855786 0.195246
0.377754 0.115490 1.963696 0.465921 -0.111295 0.855802 0.195280
0.377990 0.115218 1.963882 0.465864 -0.111357 0.855817 0.195315
0.378222 0.114949 1.964065 0.465808 -0.111421 0.855830 0.195351
0.378449 0.114681 1.964245 0.465754 -0.111488 0.855843 0.195388
0.378672 0.114415 1.964423 0.465701 -0.111557 0.855854 0.195425
0.378891 0.114152 1.964597 0.465649 -0.111627 0.855865 0.195462
0.379105 0.113891 1.964769 0.465599 -0.111698 0.855874 0.195500
0.379316 0.113633 1.964939 0.465549 -0.111770 0.855883 0.195538
0.379522 0.113378 1.965105 0.465500 -0.111844 0.855892 0.195576
0.379725 0.113126 1.965269 0.465453 -0.111918 0.855899 0.195614
0.379923 0.112876 1.965430 0.465406 -0.111992 0.855907 0.195651
0.380118 0.112631 1.965589 0.465360 -0.112066 0.855913 0.195689
0.380365 0.112431 1.965765 0.465284 -0.112080 0.855990 0.195525
0.380646 0.112254 1.965952 0.465200 -0.112014 0.856088 0.195332
0.380947 0.112087 1.966144 0.465117 -0.111896 0.856193 0.195141
0.381261 0.111921 1.966337 0.465035 -0.111750 0.856297 0.194962
0.381582 0.111751 1.966530 0.464956 -0.111592 0.856398 0.194795
0.381908 0.111575 1.966721 0.464882 -0.111433 0.856494 0.194643
0.382235 0.111390 1.966909 0.464812 -0.111278 0.856583 0.194503
0.382562 0.111196 1.967094 0.464748 -0.111133 0.856666 0.194377
0.382888 0.110994 1.967275 0.464689 -0.110999 0.856741 0.194261
0.383213 0.110783 1.967452 0.464635 -0.110877 0.856810 0.194157
0.383534 0.110565 1.967626 0.464586 -0.110768 0.856872 0.194063
0.383853 0.110338 1.967796 0.464541 -0.110672 0.856928 0.193979
0.384169 0.110105 1.967962 0.464501 -0.110588 0.856978 0.193903
0.384481 0.109866 1.968125 0.464465 -0.110516 0.857022 0.193835
0.384790 0.109622 1.968285 0.464432 -0.110456 0.857061 0.193774
0.385095 0.109372 1.968442 0.464403 -0.110406 0.857096 0.193720
0.385395 0.109119 1.968596 0.464377 -0.110367 0.857126 0.193672
0.385692 0.108862 1.968747 0.464354 -0.110336 0.857152 0.193630
0.385984 0.108602 1.968895 0.464333 -0.110315 0.857174 0.193593
0.386271 0.108340 1.969040 0.464315 -0.110301 0.857193 0.193561
0.386555 0.108076 1.969183 0.464298 -0.110295 0.857209 0.193533
0.386834 0.107811 1.969324 0.464284 -0.110296 0.857222 0.193509
0.387109 0.107545 1.969462 0.464271 -0.110303 0.857233 0.193488
0.387379 0.107278 1.969598 0.464260 -0.110316 0.857241 0.193471
0.387644 0.107011 1.969732 0.464250 -0.110334 0.857247 0.193457
0.387905 0.106744 1.969863 0.464242 -0.110358 0.857251 0.193445
0.388162 0.106478 1.969993 0.464234 -0.110385 0.857254 0.193436
0.388414 0.106212 1.970120 0.464227 -0.110417 0.857255 0.193428
0.388661 0.105948 1.970246 0.464221 -0.110452 0.857255 0.193423
0.388904 0.105686 1.970370 0.464216 -0.110491 0.857254 0.193420
0.389143 0.105424 1.970492 0.464211 -0.110532 0.857252 0.193418
0.389377 0.105165 1.970612 0.464207 -0.110576 0.857248 0.193417
0.389607 0.104908 1.970730 0.464203 -0.110623 0.857244 0.193418
0.389833 0.104653 1.970846 0.464200 -0.110671 0.857239 0.193419
0.390055 0.104401 1.970961 0.464196 -0.110721 0.857234 0.193422
0.390272 0.104151 1.971074 0.464194 -0.110773 0.857228 0.193425
0.390485 0.103904 1.971185 0.464191 -0.110826 0.857222 0.193429
0.390694 0.103659 1.971295 0.464188 -0.110880 0.857215 0.193434
0.390899 0.103418 1.971403 0.464186 -0.110935 0.857208 0.193439
0.391100 0.103180 1.971509 0.464183 -0.110991 0.857201 0.193444
0.391357 0.102979 1.971645 0.464154 -0.111030 0.857247 0.193290
0.391646 0.102796 1.971801 0.464115 -0.111005 0.857305 0.193138
0.391953 0.102617 1.971967 0.464070 -0.110938 0.857368 0.193004
0.392271 0.102434 1.972138 0.464022 -0.110850 0.857432 0.192886
0.392595 0.102245 1.972313 0.463973 -0.110756 0.857495 0.192782
0.392921 0.102046 1.972488 0.463925 -0.110663 0.857554 0.192690
0.393247 0.101836 1.972662 0.463878 -0.110579 0.857608 0.192610
0.393572 0.101616 1.972834 0.463834 -0.110506 0.857657 0.192541
0.393895 0.101384 1.973004 0.463792 -0.110445 0.857700 0.192483
0.394215 0.101143 1.973172 0.463754 -0.110399 0.857737 0.192434
0.394532 0.100892 1.973337 0.463720 -0.110365 0.857769 0.192394
0.394845 0.100632 1.973500 0.463688 -0.110346 0.857796 0.192363
0.395155 0.100364 1.973661 0.463660 -0.110339 0.857817 0.192339
0.395460 0.100089 1.973819 0.463635 -0.110345 0.857834 0.192322
0.395762 0.099807 1.973974 0.463612 -0.110362 0.857846 0.192312
0.396059 0.099520 1.974127 0.463592 -0.110389 0.857855 0.192308
0.396352 0.099229 1.974278 0.463574 -0.110427 0.857859 0.192309
0.396640 0.098932 1.974427 0.463558 -0.110474 0.857860 0.192315
0.396924 0.098633 1.974573 0.463543 -0.110529 0.857859 0.192326
0.397203 0.098331 1.974718 0.463531 -0.110592 0.857854 0.192341
0.397478 0.098026 1.974861 0.463520 -0.110662 0.857847 0.192359
0.397748 0.097720 1.975001 0.463510 -0.110738 0.857838 0.192381
0.398013 0.097413 1.975140 0.463501 -0.110820 0.857827 0.192405
0.398274 0.097105 1.975277 0.463493 -0.110908 0.857813 0.192432
0.398530 0.096796 1.975412 0.463485 -0.111000 0.857799 0.192462
0.398781 0.096488 1.975545 0.463479 -0.111096 0.857783 0.192493
0.399028 0.096181 1.975677 0.463473 -0.111195 0.857766 0.192526
0.399270 0.095874 1.975807 0.463467 -0.111298 0.857748 0.192561
0.399508 0.095569 1.975935 0.463462 -0.111404 0.857729 0.192597
0.399741 0.095265 1.976061 0.463457 -0.111512 0.857709 0.192634
0.399970 0.094963 1.976186 0.463452 -0.111622 0.857689 0.192672
0.400194 0.094663 1.976309 0.463448 -0.111733 0.857668 0.192711
0.400415 0.094366 1.976431 0.463443 -0.111846 0.857647 0.192750
0.400630 0.094071 1.976551 0.463439 -0.111960 0.857625 0.192790
0.400842 0.093778 1.976669 0.463434 -0.112075 0.857604 0.192830
0.401049 0.093489 1.976786 0.463430 -0.112190 0.857582 0.192871
0.401252 0.093203 1.976901 0.463425 -0.112306 0.857560 0.192911
0.401451 0.092920 1.977014 0.463420 -0.112421 0.857539 0.192952
0.401646 0.092641 1.977126 0.463416 -0.112536 0.857517 0.192992
0.401837 0.092365 1.977237 0.463411 -0.112651 0.857496 0.193033
0.402081 0.092131 1.977360 0.463383 -0.112766 0.857532 0.192868
0.402356 0.091921 1.977488 0.463354 -0.112815 0.857580 0.192696
0.402650 0.091724 1.977616 0.463327 -0.112816 0.857631 0.192537
0.402956 0.091533 1.977740 0.463303 -0.112786 0.857679 0.192396
0.403270 0.091345 1.977860 0.463283 -0.112737 0.857724 0.192270
0.403589 0.091156 1.977973 0.463269 -0.112678 0.857765 0.192159
0.403910 0.090966 1.978080 0.463261 -0.112615 0.857799 0.192063
0.404232 0.090774 1.978181 0.463258 -0.112551 0.857828 0.191979
0.404554 0.090579 1.978275 0.463260 -0.112488 0.857851 0.191906
0.404875 0.090382 1.978364 0.463268 -0.112428 0.857868 0.191845
0.405194 0.090183 1.978448 0.463281 -0.112371 0.857880 0.191794
0.405512 0.089982 1.978526 0.463298 -0.112318 0.857888 0.191752
0.405827 0.089779 1.978600 0.463319 -0.112269 0.857890 0.191718
0.406139 0.089575 1.978670 0.463344 -0.112224 0.857888 0.191691
0.406448 0.089370 1.978736 0.463372 -0.112183 0.857883 0.191671
0.406754 0.089164 1.978798 0.463403 -0.112146 0.857874 0.191657
0.407056 0.088957 1.978857 0.463437 -0.112113 0.857862 0.191649
0.407355 0.088751 1.978914 0.463472 -0.112083 0.857848 0.191646
0.407650 0.088545 1.978967 0.463510 -0.112056 0.857831 0.191646
0.407940 0.088340 1.979019 0.463548 -0.112032 0.857812 0.191651
0.408227 0.088135 1.979068 0.463588 -0.112011 0.857792 0.191659
0.408509 0.087931 1.979115 0.463629 -0.111993 0.857769 0.191670
0.408787 0.087728 1.979161 0.463671 -0.111977 0.857746 0.191684
0.409061 0.087527 1.979205 0.463713 -0.111963 0.857721 0.191700
0.409330 0.087327 1.979247 0.463755 -0.111951 0.857696 0.191718
0.409595 0.087129 1.979288 0.463798 -0.111941 0.857670 0.191738
0.409856 0.086933 1.979329 0.463841 -0.111933 0.857643 0.191759
0.410112 0.086739 1.979367 0.463883 -0.111927 0.857616 0.191781
0.410364 0.086547 1.979405 0.463925 -0.111922 0.857588 0.191805
0.410611 0.086357 1.979442 0.463968 -0.111918 0.857561 0.191829
0.410849 0.086187 1.979478 0.463995 -0.111863 0.857550 0.191840
0.411080 0.086034 1.979513 0.464012 -0.111778 0.857553 0.191838
0.411302 0.085892 1.979548 0.464019 -0.111678 0.857565 0.191824
0.411518 0.085760 1.979584 0.464019 -0.111571 0.857585 0.191800
0.411727 0.085635 1.979621 0.464015 -0.111462 0.857607 0.191771
0.411931 0.085515 1.979659 0.464009 -0.111356 0.857631 0.191740
0.412131 0.085400 1.979697 0.464004 -0.111255 0.857654 0.191710
0.412327 0.085288 1.979735 0.464001 -0.111159 0.857674 0.191682
0.412520 0.085177 1.979772 0.464000 -0.111070 0.857692 0.191657
0.412709 0.085069 1.979809 0.464002 -0.110988 0.857706 0.191634
0.412949 0.084985 1.979837 0.464019 -0.110887 0.857752 0.191448
0.413208 0.084901 1.979865 0.464031 -0.110755 0.857813 0.191223
0.413479 0.084812 1.979891 0.464042 -0.110591 0.857877 0.191003
0.413759 0.084710 1.979915 0.464059 -0.110419 0.857933 0.190806
0.414044 0.084593 1.979935 0.464083 -0.110250 0.857981 0.190630
0.414333 0.084460 1.979952 0.464113 -0.110091 0.858020 0.190474
0.414624 0.084313 1.979965 0.464150 -0.109944 0.858049 0.190337
0.414916 0.084151 1.979975 0.464193 -0.109812 0.858070 0.190218
0.415207 0.083975 1.979982 0.464241 -0.109696 0.858081 0.190114
0.415499 0.083785 1.979987 0.464295 -0.109596 0.858085 0.190026
0.415788 0.083584 1.979989 0.464353 -0.109512 0.858080 0.189951
0.416071 0.083389 1.979990 0.464399 -0.109400 0.858089 0.189863
0.416347 0.083195 1.979991 0.464434 -0.109273 0.858107 0.189770
0.416617 0.083002 1.979992 0.464464 -0.109140 0.858128 0.189678
0.416883 0.082809 1.979992 0.464494 -0.109010 0.858148 0.189592
0.417144 0.082613 1.979993 0.464524 -0.108887 0.858164 0.189513
0.417402 0.082413 1.979993 0.464557 -0.108774 0.858176 0.189442
0.417657 0.082210 1.979993 0.464593 -0.108674 0.858183 0.189380
0.417909 0.082003 1.979993 0.464633 -0.108588 0.858184 0.189326
0.418158 0.081793 1.979993 0.464676 -0.108515 0.858180 0.189281
0.418407 0.081569 1.979992 0.464732 -0.108477 0.858160 0.189258
0.418655 0.081337 1.979990 0.464797 -0.108467 0.858128 0.189248
0.418901 0.081096 1.979987 0.464866 -0.108476 0.858090 0.189247
0.419144 0.080849 1.979985 0.464940 -0.108501 0.858045 0.189254
0.419380 0.080609 1.979982 0.465002 -0.108509 0.858012 0.189247
0.419611 0.080372 1.979980 0.465058 -0.108507 0.857984 0.189237
0.419836 0.080138 1.979979 0.465111 -0.108502 0.857959 0.189227
0.420057 0.079907 1.979978 0.465161 -0.108495 0.857934 0.189218
0.420273 0.079677 1.979978 0.465210 -0.108490 0.857910 0.189211
0.420486 0.079448 1.979979 0.465258 -0.108489 0.857885 0.189206
0.420694 0.079220 1.979980 0.465305 -0.108492 0.857859 0.189204
0.420902 0.078985 1.979981 0.465363 -0.108522 0.857821 0.189219
0.421108 0.078745 1.979982 0.465426 -0.108572 0.857775 0.189242
0.421312 0.078501 1.979982 0.465493 -0.108636 0.857724 0.189272
0.421510 0.078263 1.979984 0.465552 -0.108687 0.857682 0.189290
0.421703 0.078031 1.979985 0.465605 -0.108727 0.857645 0.189304
0.421891 0.077804 1.979988 0.465653 -0.108761 0.857612 0.189316
0.422075 0.077580 1.979991 0.465698 -0.108792 0.857580 0.189328
0.422254 0.077360 1.979995 0.465742 -0.108820 0.857551 0.189340
0.422418 0.077130 1.980005 0.465770 -0.108884 0.857527 0.189343
0.422594 0.076881 1.980035 0.465773 -0.109002 0.857532 0.189244
0.422780 0.076620 1.980073 0.465768 -0.109129 0.857550 0.189103
0.422974 0.076350 1.980117 0.465760 -0.109248 0.857574 0.188946
0.423175 0.076073 1.980162 0.465751 -0.109353 0.857600 0.188788
0.423375 0.075787 1.980210 0.465739 -0.109454 0.857627 0.188637
0.423575 0.075494 1.980260 0.465725 -0.109548 0.857654 0.188492
0.423771 0.075193 1.980312 0.465705 -0.109643 0.857684 0.188350
0.423964 0.074885 1.980367 0.465680 -0.109739 0.857716 0.188210
0.424155 0.074574 1.980424 0.465650 -0.109832 0.857750 0.188073
0.424343 0.074258 1.980483 0.465616 -0.109922 0.857787 0.187938
0.424532 0.073941 1.980542 0.465582 -0.110002 0.857822 0.187813
0.424720 0.073624 1.980602 0.465549 -0.110072 0.857857 0.187697
0.424912 0.073307 1.980660 0.465520 -0.110135 0.857889 0.187586
0.425107 0.072991 1.980717 0.465496 -0.110192 0.857917 0.187483
0.425301 0.072677 1.980772 0.465474 -0.110240 0.857944 0.187387
0.425496 0.072364 1.980823 0.465455 -0.110283 0.857968 0.187296
0.425690 0.072052 1.980873 0.465439 -0.110324 0.857990 0.187211
0.425886 0.071740 1.980919 0.465431 -0.110369 0.858005 0.187138
0.426097 0.071417 1.980957 0.465461 -0.110447 0.857985 0.187109
0.426304 0.071099 1.980991 0.465484 -0.110508 0.857970 0.187081
0.426507 0.070784 1.981024 0.465504 -0.110559 0.857959 0.187053
0.426705 0.070473 1.981054 0.465522 -0.110606 0.857950 0.187024
0.426913 0.070170 1.981076 0.465558 -0.110638 0.857929 0.187009
0.427127 0.069873 1.981090 0.465608 -0.110659 0.857899 0.187010
0.427345 0.069564 1.981099 0.465678 -0.110725 0.857847 0.187036
0.427568 0.069247 1.981102 0.465765 -0.110817 0.857777 0.187085
0.427790 0.068942 1.981099 0.465850 -0.110877 0.857714 0.187130
0.427996 0.068635 1.981100 0.465914 -0.110953 0.857663 0.187156
0.428189 0.068329 1.981104 0.465963 -0.111035 0.857623 0.187171
0.428371 0.068025 1.981112 0.465998 -0.111122 0.857591 0.187179
0.428544 0.067723 1.981123 0.466023 -0.111209 0.857566 0.187180
0.428709 0.067424 1.981138 0.466039 -0.111296 0.857546 0.187178
0.428867 0.067129 1.981156 0.466049 -0.111382 0.857530 0.187173
0.429019 0.066837 1.981176 0.466054 -0.111467 0.857518 0.187166
0.429167 0.066549 1.981198 0.466055 -0.111550 0.857509 0.187157
0.429310 0.066265 1.981221 0.466053 -0.111631 0.857502 0.187147
0.429450 0.065986 1.981247 0.466049 -0.111711 0.857496 0.187136
0.429586 0.065710 1.981273 0.466044 -0.111788 0.857491 0.187125
0.429719 0.065439 1.981300 0.466037 -0.111865 0.857487 0.187114
0.429850 0.065173 1.981328 0.466031 -0.111939 0.857483 0.187103
0.430003 0.064904 1.981368 0.466003 -0.112038 0.857518 0.186956
0.430175 0.064632 1.981413 0.465967 -0.112140 0.857572 0.186734
0.430362 0.064357 1.981458 0.465927 -0.112227 0.857638 0.186479
0.430563 0.064081 1.981499 0.465887 -0.112302 0.857713 0.186188
0.430795 0.063815 1.981522 0.465883 -0.112317 0.857770 0.185927
0.431047 0.063551 1.981528 0.465906 -0.112290 0.857809 0.185702
0.431308 0.063264 1.981526 0.465949 -0.112307 0.857825 0.185515
0.431586 0.062969 1.981508 0.466021 -0.112323 0.857816 0.185364
0.431875 0.062666 1.981476 0.466116 -0.112341 0.857787 0.185247
0.432168 0.062370 1.981432 0.466216 -0.112316 0.857759 0.185141
0.432464 0.062078 1.981377 0.466321 -0.112268 0.857728 0.185051
0.432767 0.061773 1.981313 0.466448 -0.112250 0.857674 0.184992
0.433075 0.061459 1.981241 0.466590 -0.112255 0.857603 0.184958
0.433386 0.061136 1.981160 0.466744 -0.112276 0.857520 0.184943
0.433694 0.060824 1.981074 0.466893 -0.112261 0.857444 0.184927
0.434000 0.060518 1.980983 0.467041 -0.112227 0.857370 0.184917
0.434286 0.060206 1.980902 0.467157 -0.112219 0.857316 0.184880
0.434571 0.059875 1.980822 0.467286 -0.112277 0.857241 0.184866
0.434856 0.059530 1.980742 0.467425 -0.112379 0.857151 0.184871
0.435142 0.059199 1.980655 0.467568 -0.112428 0.857065 0.184880
0.435428 0.058881 1.980564 0.467714 -0.112445 0.856979 0.184897
0.435694 0.058561 1.980484 0.467828 -0.112478 0.856915 0.184885
0.435941 0.058240 1.980417 0.467916 -0.112528 0.856866 0.184862
0.436171 0.057919 1.980361 0.467983 -0.112587 0.856827 0.184832
0.436388 0.057598 1.980315 0.468035 -0.112650 0.856798 0.184798
0.436590 0.057276 1.980279 0.468071 -0.112724 0.856778 0.184758
0.436794 0.056938 1.980245 0.468123 -0.112858 0.856735 0.184738
0.436985 0.056605 1.980219 0.468161 -0.112981 0.856705 0.184708
0.437168 0.056278 1.980198 0.468189 -0.113091 0.856683 0.184673
0.437341 0.055958 1.980183 0.468207 -0.113192 0.856668 0.184632
0.437507 0.055643 1.980173 0.468218 -0.113285 0.856660 0.184585
0.437665 0.055334 1.980166 0.468222 -0.113374 0.856657 0.184534
0.437821 0.055032 1.980161 0.468226 -0.113449 0.856656 0.184485
0.437975 0.054736 1.980157 0.468229 -0.113514 0.856656 0.184439
0.438123 0.054445 1.980156 0.468228 -0.113583 0.856658 0.184387
0.438267 0.054157 1.980156 0.468224 -0.113654 0.856663 0.184333
0.438408 0.053874 1.980159 0.468218 -0.113727 0.856668 0.184277
0.438545 0.053595 1.980162 0.468212 -0.113801 0.856674 0.184220
0.438679 0.053319 1.980167 0.468204 -0.113875 0.856680 0.184164
0.438811 0.053048 1.980172 0.468197 -0.113950 0.856686 0.184108
0.438971 0.052759 1.980177 0.468175 -0.114076 0.856717 0.183942
0.439157 0.052460 1.980174 0.468153 -0.114201 0.856758 0.183730
0.439362 0.052150 1.980161 0.468137 -0.114308 0.856800 0.183511
0.439584 0.051832 1.980136 0.468127 -0.114393 0.856838 0.183301
0.439839 0.051512 1.980084 0.468161 -0.114454 0.856853 0.183107
0.440119 0.051188 1.980006 0.468234 -0.114492 0.856841 0.182956
0.440416 0.050831 1.979912 0.468340 -0.114586 0.856789 0.182866
0.440726 0.050447 1.979803 0.468476 -0.114724 0.856706 0.182822
0.441048 0.050069 1.979674 0.468627 -0.114816 0.856618 0.182788
0.441380 0.049693 1.979529 0.468793 -0.114878 0.856521 0.182777
0.441724 0.049299 1.979370 0.468989 -0.114974 0.856394 0.182808
0.442077 0.048892 1.979197 0.469208 -0.115094 0.856245 0.182872
0.442436 0.048473 1.979013 0.469444 -0.115232 0.856077 0.182963
0.442801 0.048044 1.978818 0.469693 -0.115384 0.855896 0.183077
0.443163 0.047627 1.978618 0.469937 -0.115487 0.855725 0.183188
0.443524 0.047218 1.978413 0.470179 -0.115564 0.855556 0.183303
0.443884 0.046814 1.978203 0.470424 -0.115628 0.855386 0.183428
0.444233 0.046384 1.977997 0.470665 -0.115757 0.855203 0.183583
0.444573 0.045934 1.977797 0.470900 -0.115941 0.855013 0.183747
0.444884 0.045493 1.977617 0.471084 -0.116099 0.854861 0.183881
0.445171 0.045058 1.977457 0.471229 -0.116238 0.854740 0.183988
0.445438 0.044630 1.977314 0.471341 -0.116366 0.854643 0.184069
0.445688 0.044208 1.977186 0.471426 -0.116487 0.854568 0.184126
0.445924 0.043792 1.977071 0.471490 -0.116605 0.854508 0.184162
0.446147 0.043381 1.976968 0.471539 -0.116722 0.854461 0.184183
0.446361 0.042974 1.976874 0.471576 -0.116839 0.854423 0.184193
0.446566 0.042573 1.976788 0.471604 -0.116957 0.854390 0.184195
0.446764 0.042175 1.976707 0.471628 -0.117075 0.854362 0.184192
0.446957 0.041782 1.976632 0.471648 -0.117196 0.854335 0.184187
0.447144 0.041393 1.976561 0.471667 -0.117319 0.854309 0.184181
0.447328 0.041008 1.976493 0.471685 -0.117444 0.854283 0.184174
0.447509 0.040627 1.976427 0.471704 -0.117571 0.854256 0.184169
0.447687 0.040249 1.976363 0.471725 -0.117700 0.854228 0.184166
0.447862 0.039876 1.976300 0.471747 -0.117830 0.854198 0.184165
0.448035 0.039507 1.976237 0.471772 -0.117962 0.854165 0.184167
0.448206 0.039142 1.976175 0.471800 -0.118094 0.854131 0.184173
0.448394 0.038760 1.976101 0.471874 -0.118304 0.854053 0.184210
0.448578 0.038387 1.976027 0.471944 -0.118488 0.853980 0.184250
0.448776 0.038029 1.975938 0.472046 -0.118635 0.853888 0.184320
0.448991 0.037663 1.975834 0.472193 -0.118822 0.853757 0.184431
0.449248 0.037295 1.975717 0.472328 -0.118991 0.853661 0.184418
0.449536 0.036912 1.975584 0.472472 -0.119127 0.853566 0.184403
0.449846 0.036511 1.975435 0.472631 -0.119246 0.853459 0.184413
0.450169 0.036106 1.975269 0.472794 -0.119311 0.853354 0.184437
0.450503 0.035694 1.975090 0.472967 -0.119346 0.853244 0.184483
0.450850 0.035254 1.974896 0.473163 -0.119419 0.853106 0.184572
0.451206 0.034791 1.974689 0.473379 -0.119521 0.852944 0.184697
0.451569 0.034306 1.974471 0.473612 -0.119649 0.852764 0.184852
0.451937 0.033803 1.974243 0.473859 -0.119798 0.852566 0.185034
0.452300 0.033310 1.974011 0.474092 -0.119896 0.852386 0.185203
0.452660 0.032820 1.973776 0.474319 -0.119967 0.852213 0.185372
0.452990 0.032321 1.973563 0.474500 -0.120045 0.852064 0.185544
0.453291 0.031809 1.973375 0.474632 -0.120158 0.851942 0.185693
0.453565 0.031288 1.973211 0.474726 -0.120297 0.851842 0.185820
0.453819 0.030760 1.973066 0.474788 -0.120458 0.851762 0.185927
0.454054 0.030225 1.972939 0.474826 -0.120638 0.851696 0.186016
0.454275 0.029686 1.972826 0.474846 -0.120834 0.851640 0.186091
0.454484 0.029143 1.972725 0.474853 -0.121044 0.851592 0.186157
0.454684 0.028597 1.972633 0.474853 -0.121264 0.851548 0.186217
0.454877 0.028049 1.972548 0.474848 -0.121491 0.851506 0.186273
0.455064 0.027502 1.972469 0.474841 -0.121723 0.851464 0.186329
0.455247 0.026954 1.972393 0.474834 -0.121959 0.851422 0.186386
0.455427 0.026408 1.972320 0.474829 -0.122198 0.851378 0.186445
0.455628 0.025840 1.972232 0.474879 -0.122516 0.851282 0.186544
0.455827 0.025284 1.972142 0.474930 -0.122794 0.851189 0.186654
0.456042 0.024742 1.972035 0.475019 -0.123030 0.851075 0.186795
0.456269 0.024211 1.971915 0.475137 -0.123240 0.850941 0.186965
0.456505 0.023687 1.971782 0.475277 -0.123437 0.850792 0.187158
0.456745 0.023146 1.971642 0.475435 -0.123712 0.850619 0.187362
0.456997 0.022598 1.971490 0.475627 -0.124013 0.850414 0.187605
0.457256 0.022047 1.971328 0.475842 -0.124330 0.850188 0.187874
0.457519 0.021495 1.971157 0.476072 -0.124655 0.849949 0.188159
0.457781 0.020962 1.970982 0.476296 -0.124929 0.849721 0.188439
0.458039 0.020445 1.970805 0.476517 -0.125166 0.849501 0.188716
0.458296 0.019941 1.970625 0.476735 -0.125377 0.849285 0.188994
0.458556 0.019432 1.970440 0.476969 -0.125631 0.849052 0.189282
0.458817 0.018920 1.970251 0.477212 -0.125908 0.848808 0.189579
0.459078 0.018408 1.970059 0.477462 -0.126199 0.848556 0.189884
0.459338 0.017898 1.969864 0.477716 -0.126496 0.848300 0.190192
0.459596 0.017392 1.969667 0.477972 -0.126797 0.848041 0.190503
0.459880 0.016897 1.969471 0.478199 -0.126989 0.847839 0.190704
0.460164 0.016390 1.969287 0.478405 -0.127119 0.847652 0.190931
0.460434 0.015863 1.969121 0.478573 -0.127235 0.847492 0.191149
0.460684 0.015318 1.968977 0.478697 -0.127355 0.847359 0.191345
0.460916 0.014756 1.968851 0.478787 -0.127478 0.847249 0.191525
0.461134 0.014180 1.968739 0.478851 -0.127602 0.847156 0.191693
0.461339 0.013591 1.968641 0.478893 -0.127732 0.847077 0.191849
0.461535 0.012990 1.968552 0.478918 -0.127872 0.847009 0.191995
0.461721 0.012378 1.968472 0.478931 -0.128022 0.846948 0.192133
0.461901 0.011757 1.968399 0.478935 -0.128182 0.846890 0.192267
0.462067 0.011126 1.968336 0.478927 -0.128359 0.846839 0.192399
0.462221 0.010485 1.968283 0.478905 -0.128556 0.846792 0.192527
0.462362 0.009835 1.968239 0.478872 -0.128775 0.846750 0.192646
0.462493 0.009177 1.968202 0.478828 -0.129014 0.846713 0.192761
0.462613 0.008511 1.968173 0.478776 -0.129270 0.846677 0.192874
0.462723 0.007839 1.968151 0.478717 -0.129543 0.846642 0.192990
0.462824 0.007161 1.968135 0.478653 -0.129828 0.846608 0.193108
0.462917 0.006479 1.968123 0.478583 -0.130126 0.846574 0.193229
0.463003 0.005793 1.968117 0.478510 -0.130433 0.846541 0.193351
0.463083 0.005104 1.968114 0.478433 -0.130750 0.846507 0.193475
0.463157 0.004414 1.968115 0.478354 -0.131075 0.846473 0.193600
0.463227 0.003724 1.968118 0.478274 -0.131406 0.846438 0.193727
0.463292 0.003034 1.968124 0.478192 -0.131742 0.846402 0.193855
0.463353 0.002345 1.968132 0.478110 -0.132082 0.846366 0.193986
0.463411 0.001658 1.968142 0.478027 -0.132425 0.846328 0.194117
0.463466 0.000974 1.968153 0.477945 -0.132771 0.846290 0.194250
0.463519 0.000293 1.968165 0.477863 -0.133118 0.846251 0.194385
0.463569 -0.000384 1.968178 0.477782 -0.133465 0.846211 0.194521
0.463618 -0.001056 1.968192 0.477702 -0.133813 0.846170 0.194658
0.463664 -0.001724 1.968206 0.477623 -0.134159 0.846128 0.194797
0.463709 -0.002385 1.968221 0.477545 -0.134505 0.846084 0.194937
0.463752 -0.003041 1.968236 0.477468 -0.134849 0.846041 0.195077
0.463794 -0.003691 1.968251 0.477393 -0.135192 0.845996 0.195218
0.463834 -0.004333 1.968267 0.477319 -0.135532 0.845951 0.195360
0.463873 -0.004969 1.968282 0.477246 -0.135869 0.845904 0.195503
0.463912 -0.005598 1.968298 0.477175 -0.136204 0.845858 0.195645
0.463949 -0.006218 1.968313 0.477105 -0.136535 0.845811 0.195788
0.463985 -0.006831 1.968329 0.477037 -0.136863 0.845763 0.195931
0.464021 -0.007436 1.968344 0.476971 -0.137188 0.845715 0.196073
0.464055 -0.008033 1.968359 0.476906 -0.137509 0.845666 0.196215
0.464098 -0.008658 1.968383 0.476826 -0.137869 0.845633 0.196299
0.464147 -0.009307 1.968414 0.476738 -0.138253 0.845608 0.196351
0.464201 -0.009976 1.968448 0.476643 -0.138648 0.845588 0.196388
0.464260 -0.010661 1.968485 0.476546 -0.139050 0.845570 0.196418
0.464322 -0.011360 1.968523 0.476448 -0.139455 0.845551 0.196449
0.464388 -0.012071 1.968562 0.476350 -0.139862 0.845532 0.196484
0.464455 -0.012792 1.968601 0.476252 -0.140269 0.845510 0.196525
0.464523 -0.013520 1.968639 0.476154 -0.140676 0.845486 0.196572
0.464593 -0.014256 1.968677 0.476058 -0.141084 0.845459 0.196628
0.464662 -0.014996 1.968714 0.475963 -0.141492 0.845430 0.196690
0.464731 -0.015740 1.968751 0.475870 -0.141901 0.845398 0.196761
0.464800 -0.016487 1.968787 0.475778 -0.142309 0.845363 0.196838
0.464868 -0.017234 1.968822 0.475687 -0.142719 0.845326 0.196921
0.464936 -0.017983 1.968857 0.475598 -0.143128 0.845286 0.197010
0.465002 -0.018730 1.968891 0.475510 -0.143538 0.845244 0.197105
0.465067 -0.019476 1.968925 0.475423 -0.143947 0.845200 0.197204
0.465130 -0.020220 1.968958 0.475338 -0.144356 0.845154 0.197307
0.465192 -0.020961 1.968991 0.475254 -0.144764 0.845106 0.197415
0.465253 -0.021697 1.969024 0.475171 -0.145171 0.845057 0.197525
0.465312 -0.022430 1.969055 0.475089 -0.145578 0.845007 0.197638
0.465370 -0.023157 1.969087 0.475009 -0.145982 0.844955 0.197755
0.465426 -0.023878 1.969118 0.474931 -0.146384 0.844902 0.197873
0.465481 -0.024593 1.969149 0.474854 -0.146785 0.844847 0.197993
0.465534 -0.025302 1.969179 0.474778 -0.147182 0.844792 0.198115
0.465586 -0.026003 1.969209 0.474703 -0.147577 0.844736 0.198238
0.465637 -0.026697 1.969238 0.474630 -0.147969 0.844679 0.198363
0.465686 -0.027383 1.969267 0.474559 -0.148357 0.844622 0.198488
0.465734 -0.028061 1.969296 0.474489 -0.148742 0.844564 0.198614
0.465781 -0.028731 1.969324 0.474421 -0.149122 0.844506 0.198740
0.465827 -0.029392 1.969352 0.474354 -0.149499 0.844447 0.198867
0.465872 -0.030044 1.969380 0.474288 -0.149871 0.844388 0.198994
0.465916 -0.030687 1.969407 0.474224 -0.150238 0.844329 0.199120
0.465959 -0.031321 1.969434 0.474162 -0.150601 0.844269 0.199247
0.466000 -0.031945 1.969460 0.474101 -0.150959 0.844210 0.199373
0.466041 -0.032560 1.969485 0.474042 -0.151313 0.844150 0.199498
0.466082 -0.033166 1.969511 0.473984 -0.151661 0.844091 0.199623
0.466121 -0.033761 1.969535 0.473928 -0.152004 0.844031 0.199747
0.466160 -0.034348 1.969560 0.473873 -0.152343 0.843972 0.199870
0.466198 -0.034924 1.969584 0.473820 -0.152676 0.843912 0.199993
0.466235 -0.035491 1.969607 0.473768 -0.153003 0.843853 0.200114
0.466283 -0.036101 1.969633 0.473691 -0.153391 0.843804 0.200207
0.466340 -0.036748 1.969660 0.473597 -0.153817 0.843760 0.200287
0.466404 -0.037428 1.969687 0.473491 -0.154269 0.843719 0.200361
0.466474 -0.038134 1.969712 0.473377 -0.154737 0.843680 0.200436
0.466547 -0.038863 1.969737 0.473258 -0.155215 0.843640 0.200515
0.466622 -0.039611 1.969760 0.473135 -0.155697 0.843600 0.200599
0.466699 -0.040374 1.969781 0.473010 -0.156181 0.843559 0.200689
0.466777 -0.041150 1.969800 0.472885 -0.156665 0.843516 0.200788
0.466855 -0.041937 1.969818 0.472760 -0.157148 0.843471 0.200896
0.466932 -0.042732 1.969834 0.472635 -0.157630 0.843424 0.201011
0.467008 -0.043533 1.969849 0.472511 -0.158110 0.843374 0.201134
0.467083 -0.044339 1.969863 0.472388 -0.158588 0.843322 0.201265
0.467157 -0.045148 1.969875 0.472266 -0.159063 0.843267 0.201404
0.467229 -0.045959 1.969887 0.472147 -0.159537 0.843210 0.201549
0.467299 -0.046771 1.969898 0.472029 -0.160009 0.843151 0.201700
0.467367 -0.047581 1.969908 0.471913 -0.160478 0.843089 0.201857
0.467434 -0.048390 1.969918 0.471799 -0.160946 0.843025 0.202018
0.467499 -0.049196 1.969927 0.471686 -0.161411 0.842959 0.202184
0.467561 -0.049999 1.969936 0.471576 -0.161873 0.842892 0.202353
0.467622 -0.050797 1.969945 0.471468 -0.162332 0.842822 0.202525
0.467682 -0.051589 1.969952 0.471362 -0.162788 0.842751 0.202700
0.467739 -0.052376 1.969960 0.471259 -0.163242 0.842679 0.202877
0.467795 -0.053156 1.969967 0.471157 -0.163691 0.842606 0.203056
0.467849 -0.053929 1.969974 0.471057 -0.164137 0.842531 0.203236
0.467901 -0.054694 1.969981 0.470960 -0.164578 0.842456 0.203416
0.467952 -0.055451 1.969987 0.470865 -0.165016 0.842380 0.203597
0.468002 -0.056200 1.969993 0.470772 -0.165448 0.842303 0.203779
0.468050 -0.056940 1.969998 0.470682 -0.165875 0.842226 0.203961
0.468097 -0.057670 1.970003 0.470593 -0.166298 0.842148 0.204142
0.468143 -0.058391 1.970007 0.470507 -0.166715 0.842069 0.204323
0.468188 -0.059102 1.970012 0.470423 -0.167127 0.841991 0.204504
0.468232 -0.059802 1.970015 0.470342 -0.167533 0.841912 0.204683
0.468275 -0.060493 1.970019 0.470263 -0.167934 0.841833 0.204861
0.468317 -0.061173 1.970022 0.470186 -0.168329 0.841754 0.205038
0.468358 -0.061843 1.970024 0.470111 -0.168718 0.841675 0.205214
0.468399 -0.062502 1.970026 0.470038 -0.169101 0.841597 0.205388
0.468439 -0.063150 1.970028 0.469968 -0.169479 0.841518 0.205560
0.468478 -0.063787 1.970029 0.469899 -0.169850 0.841439 0.205731
0.468516 -0.064414 1.970030 0.469833 -0.170215 0.841361 0.205900
0.468554 -0.065030 1.970031 0.469769 -0.170573 0.841283 0.206068
0.468601 -0.065682 1.970037 0.469691 -0.170961 0.841207 0.206236
0.468656 -0.066366 1.970048 0.469602 -0.171368 0.841132 0.206410
0.468716 -0.067077 1.970060 0.469507 -0.171784 0.841055 0.206591
0.468781 -0.067811 1.970073 0.469409 -0.172205 0.840976 0.206783
0.468849 -0.068564 1.970086 0.469310 -0.172629 0.840895 0.206984
0.468919 -0.069333 1.970099 0.469211 -0.173052 0.840811 0.207195
0.468991 -0.070113 1.970110 0.469114 -0.173474 0.840725 0.207415
0.469062 -0.070904 1.970121 0.469019 -0.173895 0.840634 0.207643
0.469134 -0.071702 1.970131 0.468925 -0.174314 0.840541 0.207880
0.469206 -0.072506 1.970140 0.468835 -0.174732 0.840445 0.208123
0.469276 -0.073313 1.970147 0.468746 -0.175149 0.840346 0.208370
0.469346 -0.074122 1.970154 0.468659 -0.175564 0.840245 0.208622
0.469414 -0.074932 1.970160 0.468575 -0.175979 0.840142 0.208878
0.469481 -0.075741 1.970164 0.468493 -0.176392 0.840037 0.209136
0.469546 -0.076548 1.970168 0.468414 -0.176803 0.839929 0.209398
0.469610 -0.077352 1.970171 0.468337 -0.177213 0.839820 0.209662
0.469673 -0.078152 1.970173 0.468263 -0.177620 0.839709 0.209928
0.469733 -0.078947 1.970174 0.468191 -0.178024 0.839596 0.210195
0.469793 -0.079737 1.970174 0.468122 -0.178426 0.839483 0.210463
0.469850 -0.080520 1.970173 0.468055 -0.178825 0.839368 0.210732
0.469907 -0.081296 1.970172 0.467990 -0.179222 0.839252 0.211001
0.469961 -0.082065 1.970170 0.467928 -0.179614 0.839135 0.211270
0.470015 -0.082825 1.970167 0.467868 -0.180004 0.839017 0.211538
0.470067 -0.083577 1.970164 0.467810 -0.180389 0.838899 0.211805
0.470118 -0.084320 1.970160 0.467754 -0.180771 0.838781 0.212071
0.470167 -0.085054 1.970156 0.467700 -0.181149 0.838663 0.212335
0.470216 -0.085778 1.970151 0.467649 -0.181522 0.838544 0.212598
0.470263 -0.086492 1.970145 0.467599 -0.181891 0.838426 0.212858
0.470310 -0.087196 1.970139 0.467552 -0.182255 0.838307 0.213117
0.470355 -0.087890 1.970132 0.467507 -0.182614 0.838189 0.213373
0.470400 -0.088573 1.970125 0.467464 -0.182969 0.838072 0.213626
0.470444 -0.089246 1.970117 0.467422 -0.183318 0.837954 0.213878
0.470487 -0.089908 1.970109 0.467383 -0.183662 0.837837 0.214126
0.470529 -0.090559 1.970101 0.467346 -0.184001 0.837721 0.214372
0.470571 -0.091200 1.970092 0.467310 -0.184335 0.837605 0.214615
0.470612 -0.091829 1.970082 0.467277 -0.184664 0.837490 0.214855
0.470652 -0.092448 1.970072 0.467245 -0.184986 0.837375 0.215092
0.470692 -0.093055 1.970062 0.467215 -0.185304 0.837261 0.215326
0.470731 -0.093652 1.970051 0.467187 -0.185616 0.837149 0.215558
0.470770 -0.094238 1.970040 0.467161 -0.185922 0.837036 0.215786
0.470820 -0.094867 1.970044 0.467113 -0.186273 0.836931 0.215997
0.470878 -0.095530 1.970058 0.467051 -0.186647 0.836829 0.216202
0.470942 -0.096221 1.970079 0.466982 -0.187034 0.836727 0.216410
0.471011 -0.096937 1.970106 0.466910 -0.187424 0.836625 0.216625
0.471084 -0.097673 1.970135 0.466837 -0.187816 0.836519 0.216851
0.471160 -0.098426 1.970165 0.466765 -0.188205 0.836410 0.217089
0.471238 -0.099193 1.970196 0.466696 -0.188591 0.836297 0.217339
0.471317 -0.099971 1.970227 0.466629 -0.188973 0.836180 0.217598
0.471397 -0.100757 1.970257 0.466565 -0.189352 0.836061 0.217866
0.471476 -0.101549 1.970285 0.466504 -0.189727 0.835938 0.218140
0.471555 -0.102344 1.970313 0.466447 -0.190098 0.835813 0.218420
0.471634 -0.103141 1.970339 0.466393 -0.190465 0.835685 0.218706
0.471711 -0.103938 1.970363 0.466342 -0.190827 0.835555 0.218995
0.471787 -0.104733 1.970386 0.466294 -0.191186 0.835422 0.219288
0.471861 -0.105525 1.970408 0.466249 -0.191541 0.835289 0.219584
0.471934 -0.106313 1.970428 0.466206 -0.191892 0.835153 0.219882
0.472005 -0.107097 1.970446 0.466167 -0.192239 0.835017 0.220182
0.472075 -0.107875 1.970464 0.466129 -0.192582 0.834879 0.220482
0.472143 -0.108646 1.970480 0.466094 -0.192922 0.834741 0.220783
0.472209 -0.109410 1.970496 0.466061 -0.193258 0.834602 0.221084
0.472273 -0.110166 1.970510 0.466030 -0.193590 0.834463 0.221384
0.472336 -0.110914 1.970523 0.466000 -0.193917 0.834324 0.221683
0.472398 -0.111653 1.970536 0.465973 -0.194241 0.834185 0.221981
0.472458 -0.112383 1.970547 0.465947 -0.194561 0.834046 0.222277
0.472516 -0.113103 1.970558 0.465922 -0.194877 0.833907 0.222571
0.472573 -0.113813 1.970569 0.465899 -0.195189 0.833769 0.222862
0.472629 -0.114514 1.970578 0.465878 -0.195497 0.833632 0.223151
0.472683 -0.115204 1.970587 0.465858 -0.195800 0.833496 0.223436
0.472735 -0.115890 1.970597 0.465837 -0.196134 0.833354 0.223716
0.472787 -0.116565 1.970606 0.465821 -0.196451 0.833213 0.223997
0.472837 -0.117228 1.970614 0.465806 -0.196757 0.833073 0.224276
0.472888 -0.117879 1.970620 0.465794 -0.197053 0.832936 0.224553
0.472937 -0.118518 1.970626 0.465783 -0.197340 0.832800 0.224827
0.472985 -0.119146 1.970631 0.465773 -0.197619 0.832666 0.225098
0.473032 -0.119763 1.970636 0.465765 -0.197892 0.832534 0.225364
0.473079 -0.120368 1.970640 0.465757 -0.198160 0.832404 0.225627
0.473125 -0.120962 1.970643 0.465750 -0.198421 0.832275 0.225885
0.473170 -0.121545 1.970647 0.465744 -0.198678 0.832148 0.226140
0.473214 -0.122117 1.970649 0.465739 -0.198930 0.832023 0.226390
0.473258 -0.122678 1.970652 0.465735 -0.199177 0.831899 0.226636
0.473311 -0.123285 1.970666 0.465701 -0.199494 0.831773 0.226889
0.473372 -0.123927 1.970689 0.465649 -0.199856 0.831645 0.227147
0.473439 -0.124597 1.970718 0.465587 -0.200246 0.831513 0.227412
0.473507 -0.125295 1.970753 0.465514 -0.200683 0.831377 0.227675
0.473579 -0.126008 1.970788 0.465443 -0.201119 0.831236 0.227949
0.473652 -0.126732 1.970823 0.465373 -0.201552 0.831093 0.228231
0.473727 -0.127465 1.970857 0.465307 -0.201979 0.830946 0.228520
0.473802 -0.128203 1.970890 0.465245 -0.202400 0.830798 0.228815
0.473876 -0.128944 1.970921 0.465186 -0.202814 0.830647 0.229115
0.473950 -0.129686 1.970951 0.465130 -0.203221 0.830495 0.229419
0.474024 -0.130426 1.970980 0.465079 -0.203621 0.830341 0.229727
0.474096 -0.131165 1.971006 0.465032 -0.204014 0.830185 0.230038
0.474168 -0.131901 1.971031 0.464988 -0.204399 0.830027 0.230351
0.474238 -0.132631 1.971054 0.464947 -0.204778 0.829869 0.230666
0.474307 -0.133357 1.971076 0.464910 -0.205151 0.829710 0.230982
0.474375 -0.134076 1.971096 0.464875 -0.205518 0.829551 0.231298
0.474441 -0.134788 1.971114 0.464844 -0.205880 0.829391 0.231613
0.474507 -0.135493 1.971131 0.464814 -0.206235 0.829231 0.231928
0.474570 -0.136190 1.971147 0.464787 -0.206586 0.829071 0.232242
0.474633 -0.136878 1.971162 0.464762 -0.206931 0.828912 0.232553
0.474694 -0.137557 1.971176 0.464740 -0.207270 0.828753 0.232863
0.474753 -0.138228 1.971189 0.464718 -0.207605 0.828594 0.233171
0.474812 -0.138889 1.971201 0.464699 -0.207935 0.828436 0.233476
0.474869 -0.139540 1.971211 0.464682 -0.208259 0.828279 0.233778
0.474925 -0.140182 1.971222 0.464666 -0.208579 0.828123 0.234078
0.474979 -0.140822 1.971234 0.464649 -0.208930 0.827961 0.234373
0.475033 -0.141450 1.971243 0.464636 -0.209264 0.827800 0.234668
0.475086 -0.142067 1.971252 0.464627 -0.209586 0.827641 0.234962
0.475138 -0.142673 1.971259 0.464619 -0.209897 0.827484 0.235252
0.475189 -0.143268 1.971266 0.464612 -0.210198 0.827329 0.235539
0.475239 -0.143851 1.971271 0.464606 -0.210492 0.827177 0.235822
0.475289 -0.144425 1.971276 0.464602 -0.210779 0.827027 0.236101
0.475337 -0.144988 1.971281 0.464599 -0.211059 0.826879 0.236376
0.475385 -0.145540 1.971285 0.464596 -0.211333 0.826733 0.236647
0.475433 -0.146082 1.971288 0.464594 -0.211601 0.826589 0.236914
0.475478 -0.146621 1.971293 0.464591 -0.211899 0.826440 0.237174
0.475524 -0.147148 1.971297 0.464591 -0.212181 0.826292 0.237435
0.475569 -0.147664 1.971299 0.464594 -0.212450 0.826148 0.237693
0.475614 -0.148170 1.971301 0.464598 -0.212708 0.826005 0.237948
0.475658 -0.148665 1.971302 0.464603 -0.212958 0.825866 0.238199
0.475720 -0.149215 1.971318 0.464580 -0.213281 0.825717 0.238469
0.475792 -0.149809 1.971346 0.464540 -0.213651 0.825562 0.238754
0.475872 -0.150437 1.971382 0.464488 -0.214047 0.825402 0.239053
0.475955 -0.151098 1.971427 0.464425 -0.214489 0.825235 0.239357
0.476041 -0.151784 1.971476 0.464359 -0.214955 0.825060 0.239671
0.476129 -0.152484 1.971524 0.464298 -0.215405 0.824882 0.239997
0.476218 -0.153194 1.971571 0.464242 -0.215841 0.824702 0.240332
0.476307 -0.153910 1.971617 0.464190 -0.216262 0.824520 0.240675
0.476396 -0.154629 1.971661 0.464143 -0.216671 0.824338 0.241023
0.476484 -0.155350 1.971703 0.464101 -0.217067 0.824154 0.241375
0.476571 -0.156071 1.971744 0.464063 -0.217452 0.823970 0.241730
0.476657 -0.156789 1.971781 0.464030 -0.217826 0.823785 0.242088
0.476742 -0.157504 1.971817 0.464000 -0.218191 0.823600 0.242447
0.476825 -0.158215 1.971851 0.463974 -0.218547 0.823414 0.242807
0.476907 -0.158921 1.971883 0.463951 -0.218895 0.823228 0.243167
0.476987 -0.159620 1.971912 0.463932 -0.219236 0.823042 0.243526
0.477066 -0.160312 1.971941 0.463915 -0.219569 0.822857 0.243885
0.477142 -0.160997 1.971967 0.463900 -0.219896 0.822672 0.244241
0.477218 -0.161674 1.971992 0.463887 -0.220218 0.822487 0.244596
0.477290 -0.162351 1.972019 0.463872 -0.220573 0.822297 0.244945
0.477360 -0.163025 1.972046 0.463859 -0.220948 0.822100 0.245292
0.477429 -0.163687 1.972069 0.463852 -0.221298 0.821905 0.245643
0.477498 -0.164338 1.972090 0.463849 -0.221628 0.821713 0.245993
0.477566 -0.164978 1.972109 0.463849 -0.221942 0.821525 0.246340
0.477632 -0.165607 1.972127 0.463849 -0.222245 0.821339 0.246683
0.477697 -0.166225 1.972144 0.463851 -0.222537 0.821158 0.247022
0.477760 -0.166832 1.972160 0.463854 -0.222820 0.820979 0.247356
0.477823 -0.167428 1.972175 0.463857 -0.223096 0.820803 0.247685
0.477884 -0.168014 1.972189 0.463861 -0.223364 0.820630 0.248009
0.477943 -0.168589 1.972203 0.463865 -0.223627 0.820459 0.248328
0.478002 -0.169154 1.972216 0.463870 -0.223885 0.820291 0.248641
0.478059 -0.169708 1.972228 0.463875 -0.224138 0.820126 0.248950
0.478116 -0.170253 1.972240 0.463880 -0.224386 0.819963 0.249254
0.478171 -0.170787 1.972252 0.463886 -0.224629 0.819802 0.249553
0.478226 -0.171311 1.972263 0.463893 -0.224868 0.819643 0.249847
0.478277 -0.171833 1.972276 0.463895 -0.225139 0.819481 0.250131
0.478329 -0.172344 1.972288 0.463901 -0.225395 0.819320 0.250416
0.478381 -0.172844 1.972298 0.463910 -0.225638 0.819162 0.250698
0.478432 -0.173334 1.972308 0.463920 -0.225872 0.819006 0.250977
0.478482 -0.173814 1.972316 0.463931 -0.226098 0.818853 0.251251
0.478543 -0.174347 1.972343 0.463917 -0.226380 0.818687 0.251564
0.478612 -0.174924 1.972383 0.463888 -0.226697 0.818512 0.251901
0.478684 -0.175541 1.972435 0.463841 -0.227070 0.818330 0.252245
0.478757 -0.176189 1.972494 0.463789 -0.227472 0.818138 0.252601
0.478835 -0.176856 1.972554 0.463742 -0.227858 0.817940 0.252979
0.478914 -0.177538 1.972613 0.463702 -0.228227 0.817738 0.253372
0.478995 -0.178231 1.972671 0.463667 -0.228581 0.817534 0.253775
0.479075 -0.178929 1.972727 0.463637 -0.228921 0.817329 0.254184
0.479156 -0.179632 1.972781 0.463612 -0.229248 0.817122 0.254598
0.479235 -0.180336 1.972833 0.463592 -0.229562 0.816916 0.255014
0.479314 -0.181039 1.972882 0.463577 -0.229865 0.816709 0.255432
0.479392 -0.181739 1.972929 0.463566 -0.230157 0.816502 0.255851
0.479469 -0.182436 1.972973 0.463559 -0.230439 0.816295 0.256269
0.479545 -0.183127 1.973015 0.463555 -0.230713 0.816088 0.256686
0.479619 -0.183813 1.973055 0.463555 -0.230978 0.815883 0.257102
0.479692 -0.184492 1.973092 0.463557 -0.231237 0.815678 0.257515
0.479763 -0.185164 1.973127 0.463561 -0.231489 0.815474 0.257925
0.479833 -0.185827 1.973161 0.463568 -0.231735 0.815272 0.258333
0.479901 -0.186482 1.973192 0.463576 -0.231975 0.815071 0.258736
0.479969 -0.187128 1.973222 0.463585 -0.232211 0.814872 0.259135
0.480034 -0.187766 1.973251 0.463596 -0.232441 0.814674 0.259530
0.480098 -0.188394 1.973279 0.463608 -0.232668 0.814478 0.259921
0.480161 -0.189012 1.973305 0.463620 -0.232890 0.814284 0.260306
0.480222 -0.189621 1.973331 0.463634 -0.233108 0.814093 0.260687
0.480282 -0.190220 1.973355 0.463648 -0.233322 0.813903 0.261063
0.480341 -0.190809 1.973379 0.463662 -0.233533 0.813715 0.261433
0.480397 -0.191395 1.973405 0.463670 -0.233777 0.813525 0.261792
0.480452 -0.191970 1.973428 0.463683 -0.234006 0.813337 0.262150
0.480507 -0.192535 1.973451 0.463699 -0.234223 0.813150 0.262506
0.480561 -0.193088 1.973471 0.463716 -0.234431 0.812967 0.262858
0.480614 -0.193631 1.973491 0.463734 -0.234631 0.812787 0.263205
0.480666 -0.194163 1.973510 0.463753 -0.234824 0.812609 0.263547
0.480717 -0.194685 1.973529 0.463772 -0.235012 0.812435 0.263883
0.480767 -0.195197 1.973547 0.463790 -0.235196 0.812264 0.264214
0.480816 -0.195699 1.973564 0.463809 -0.235375 0.812096 0.264538
0.480864 -0.196192 1.973581 0.463828 -0.235550 0.811930 0.264858
0.480912 -0.196675 1.973598 0.463846 -0.235722 0.811767 0.265171
0.480958 -0.197149 1.973614 0.463864 -0.235892 0.811607 0.265478
0.481004 -0.197614 1.973630 0.463883 -0.236058 0.811450 0.265780
0.481047 -0.198075 1.973649 0.463893 -0.236255 0.811291 0.266069
0.481103 -0.198593 1.973689 0.463865 -0.236549 0.811123 0.266371
0.481167 -0.199152 1.973744 0.463815 -0.236902 0.810947 0.266679
0.481233 -0.199750 1.973813 0.463737 -0.237342 0.810766 0.266974
0.481305 -0.200367 1.973886 0.463663 -0.237783 0.810578 0.267282
0.481381 -0.200998 1.973959 0.463593 -0.238218 0.810386 0.267598
0.481459 -0.201637 1.974032 0.463528 -0.238643 0.810191 0.267921
0.481539 -0.202280 1.974104 0.463470 -0.239057 0.809994 0.268249
0.481620 -0.202925 1.974174 0.463418 -0.239457 0.809796 0.268579
0.481701 -0.203569 1.974241 0.463373 -0.239845 0.809597 0.268912
0.481783 -0.204210 1.974306 0.463333 -0.240220 0.809397 0.269246
0.481864 -0.204846 1.974367 0.463299 -0.240583 0.809197 0.269581
0.481943 -0.205486 1.974429 0.463263 -0.240978 0.808991 0.269910
0.482022 -0.206118 1.974487 0.463236 -0.241348 0.808784 0.270246
0.482101 -0.206741 1.974540 0.463216 -0.241699 0.808577 0.270583
0.482179 -0.207356 1.974591 0.463201 -0.242034 0.808373 0.270921
0.482257 -0.207963 1.974639 0.463189 -0.242357 0.808170 0.271256
0.482330 -0.208569 1.974688 0.463171 -0.242712 0.807964 0.271583
0.482404 -0.209164 1.974732 0.463162 -0.243044 0.807759 0.271913
0.482477 -0.209748 1.974774 0.463157 -0.243358 0.807556 0.272243
0.482549 -0.210323 1.974814 0.463154 -0.243658 0.807356 0.272571
0.482619 -0.210887 1.974851 0.463153 -0.243946 0.807160 0.272895
0.482688 -0.211442 1.974887 0.463153 -0.244225 0.806967 0.273215
0.482756 -0.211986 1.974921 0.463155 -0.244496 0.806777 0.273532
0.482822 -0.212522 1.974954 0.463156 -0.244760 0.806590 0.273844
0.482887 -0.213047 1.974986 0.463159 -0.245017 0.806406 0.274152
0.482950 -0.213563 1.975017 0.463161 -0.245269 0.806225 0.274456
0.483012 -0.214071 1.975048 0.463164 -0.245515 0.806047 0.274755
0.483070 -0.214576 1.975081 0.463157 -0.245798 0.805867 0.275041
0.483128 -0.215071 1.975112 0.463156 -0.246064 0.805688 0.275328
0.483186 -0.215556 1.975142 0.463158 -0.246316 0.805512 0.275614
0.483242 -0.216031 1.975170 0.463162 -0.246557 0.805339 0.275898
0.483298 -0.216497 1.975197 0.463167 -0.246790 0.805169 0.276179
0.483352 -0.216954 1.975223 0.463173 -0.247015 0.805001 0.276456
0.483405 -0.217402 1.975249 0.463178 -0.247234 0.804837 0.276728
0.483457 -0.217841 1.975275 0.463184 -0.247448 0.804676 0.276997
0.483508 -0.218271 1.975299 0.463190 -0.247656 0.804517 0.277261
0.483558 -0.218694 1.975324 0.463196 -0.247861 0.804361 0.277520
0.483607 -0.219108 1.975348 0.463202 -0.248062 0.804208 0.277775
0.483655 -0.219514 1.975372 0.463207 -0.248260 0.804057 0.278026
0.483703 -0.219913 1.975395 0.463213 -0.248454 0.803909 0.278272
0.483761 -0.220367 1.975440 0.463176 -0.248750 0.803753 0.278521
0.483827 -0.220862 1.975499 0.463114 -0.249108 0.803590 0.278771
0.483893 -0.221395 1.975572 0.463022 -0.249556 0.803424 0.279002
0.483961 -0.221954 1.975653 0.462920 -0.250049 0.803251 0.279229
0.484031 -0.222531 1.975735 0.462818 -0.250559 0.803070 0.279460
0.484106 -0.223113 1.975814 0.462733 -0.251036 0.802884 0.279708
0.484183 -0.223696 1.975889 0.462659 -0.251483 0.802696 0.279968
0.484262 -0.224277 1.975961 0.462596 -0.251904 0.802507 0.280234
0.484342 -0.224856 1.976028 0.462541 -0.252302 0.802319 0.280505
0.484423 -0.225430 1.976092 0.462495 -0.252680 0.802131 0.280779
0.484504 -0.225999 1.976152 0.462454 -0.253040 0.801945 0.281055
0.484584 -0.226561 1.976209 0.462420 -0.253384 0.801759 0.281330
0.484665 -0.227117 1.976263 0.462390 -0.253716 0.801575 0.281606
0.484744 -0.227666 1.976313 0.462364 -0.254035 0.801392 0.281881
0.484824 -0.228206 1.976361 0.462342 -0.254344 0.801210 0.282155
0.484902 -0.228739 1.976407 0.462322 -0.254643 0.801030 0.282428
0.484978 -0.229264 1.976450 0.462305 -0.254934 0.800852 0.282698
0.485054 -0.229781 1.976491 0.462290 -0.255218 0.800676 0.282966
0.485128 -0.230290 1.976531 0.462276 -0.255496 0.800501 0.283232
0.485201 -0.230791 1.976569 0.462264 -0.255767 0.800328 0.283495
0.485273 -0.231283 1.976605 0.462253 -0.256033 0.800158 0.283755
0.485340 -0.231775 1.976645 0.462232 -0.256334 0.799986 0.284002
0.485404 -0.232264 1.976684 0.462208 -0.256655 0.799811 0.284244
0.485470 -0.232742 1.976720 0.462193 -0.256950 0.799636 0.284492
0.485534 -0.233210 1.976754 0.462184 -0.257226 0.799464 0.284743
0.485598 -0.233669 1.976785 0.462178 -0.257486 0.799295 0.284993
0.485660 -0.234118 1.976815 0.462173 -0.257735 0.799128 0.285242
0.485722 -0.234559 1.976844 0.462170 -0.257973 0.798965 0.285488
0.485782 -0.234991 1.976872 0.462168 -0.258204 0.798805 0.285732
0.485841 -0.235415 1.976899 0.462166 -0.258427 0.798647 0.285972
0.485899 -0.235830 1.976926 0.462165 -0.258645 0.798493 0.286208
0.485955 -0.236238 1.976952 0.462163 -0.258857 0.798342 0.286441
0.486011 -0.236638 1.976978 0.462162 -0.259065 0.798193 0.286669
0.486065 -0.237030 1.977003 0.462160 -0.259269 0.798047 0.286894
0.486118 -0.237415 1.977028 0.462158 -0.259469 0.797904 0.287115
0.486169 -0.237792 1.977053 0.462156 -0.259666 0.797763 0.287332
0.486220 -0.238163 1.977077 0.462154 -0.259860 0.797624 0.287546
0.486270 -0.238527 1.977102 0.462152 -0.260050 0.797487 0.287755
0.486318 -0.238884 1.977125 0.462150 -0.260238 0.797353 0.287962
0.486366 -0.239234 1.977149 0.462148 -0.260423 0.797221 0.288164
0.486435 -0.239641 1.977193 0.462124 -0.260682 0.797042 0.288463
0.486514 -0.240095 1.977255 0.462071 -0.261031 0.796837 0.288797
0.486599 -0.240584 1.977325 0.462004 -0.261431 0.796616 0.289152
0.486686 -0.241095 1.977400 0.461932 -0.261855 0.796384 0.289521
0.486776 -0.241621 1.977477 0.461860 -0.262289 0.796146 0.289901
0.486866 -0.242157 1.977554 0.461791 -0.262721 0.795902 0.290286
0.486960 -0.242693 1.977626 0.461737 -0.263115 0.795658 0.290687
0.487054 -0.243226 1.977694 0.461694 -0.263476 0.795414 0.291095
0.487149 -0.243755 1.977758 0.461659 -0.263809 0.795173 0.291506
0.487244 -0.244279 1.977819 0.461632 -0.264120 0.794935 0.291916
0.487339 -0.244796 1.977877 0.461610 -0.264412 0.794700 0.292325
0.487433 -0.245307 1.977931 0.461592 -0.264686 0.794470 0.292731
0.487527 -0.245811 1.977983 0.461579 -0.264947 0.794242 0.293133
0.487620 -0.246308 1.978032 0.461569 -0.265196 0.794018 0.293530
0.487711 -0.246797 1.978079 0.461561 -0.265435 0.793798 0.293923
0.487801 -0.247278 1.978124 0.461555 -0.265665 0.793581 0.294311
0.487890 -0.247751 1.978167 0.461551 -0.265888 0.793367 0.294693
0.487977 -0.248217 1.978208 0.461548 -0.266104 0.793156 0.295070
0.488063 -0.248675 1.978248 0.461547 -0.266314 0.792948 0.295441
0.488147 -0.249125 1.978286 0.461546 -0.266519 0.792743 0.295807
0.488230 -0.249568 1.978323 0.461545 -0.266720 0.792541 0.296167
0.488311 -0.250004 1.978359 0.461546 -0.266917 0.792342 0.296522
0.488390 -0.250431 1.978394 0.461546 -0.267109 0.792146 0.296871
0.488468 -0.250852 1.978428 0.461546 -0.267299 0.791953 0.297214
0.488544 -0.251265 1.978461 0.461547 -0.267485 0.791763 0.297552
0.488618 -0.251671 1.978494 0.461548 -0.267668 0.791576 0.297885
0.488691 -0.252070 1.978526 0.461548 -0.267847 0.791392 0.298212
0.488759 -0.252467 1.978561 0.461537 -0.268060 0.791210 0.298520
0.488827 -0.252857 1.978594 0.461531 -0.268259 0.791029 0.298829
0.488894 -0.253239 1.978625 0.461528 -0.268448 0.790851 0.299137
0.488961 -0.253613 1.978655 0.461528 -0.268627 0.790674 0.299442
0.489026 -0.253980 1.978684 0.461528 -0.268800 0.790501 0.299744
0.489090 -0.254339 1.978712 0.461530 -0.268967 0.790330 0.300042
0.489152 -0.254692 1.978740 0.461533 -0.269128 0.790162 0.300335
0.489214 -0.255038 1.978767 0.461535 -0.269286 0.789997 0.300624
0.489275 -0.255377 1.978793 0.461538 -0.269439 0.789835 0.300908
0.489334 -0.255710 1.978820 0.461541 -0.269589 0.789676 0.301187
0.489392 -0.256036 1.978845 0.461544 -0.269737 0.789519 0.301461
0.489449 -0.256357 1.978871 0.461547 -0.269881 0.789366 0.301730
0.489506 -0.256671 1.978896 0.461549 -0.270023 0.789214 0.301994
0.489572 -0.257035 1.978942 0.461536 -0.270227 0.789025 0.302326
0.489640 -0.257444 1.979005 0.461493 -0.270524 0.788817 0.302669
0.489709 -0.257885 1.979079 0.461440 -0.270872 0.788592 0.303024
0.489781 -0.258341 1.979154 0.461398 -0.271203 0.788357 0.303405
0.489855 -0.258807 1.979228 0.461365 -0.271516 0.788116 0.303800
0.489930 -0.259278 1.979302 0.461342 -0.271812 0.787872 0.304203
0.490005 -0.259750 1.979373 0.461325 -0.272090 0.787629 0.304609
0.490081 -0.260223 1.979441 0.461316 -0.272353 0.787386 0.305017
0.490158 -0.260693 1.979507 0.461313 -0.272601 0.787144 0.305423
0.490234 -0.261160 1.979569 0.461316 -0.272835 0.786904 0.305827
0.490310 -0.261622 1.979629 0.461323 -0.273058 0.786667 0.306228
0.490386 -0.262079 1.979686 0.461333 -0.273271 0.786432 0.306625
0.490461 -0.262531 1.979740 0.461347 -0.273474 0.786200 0.307018
0.490536 -0.262976 1.979791 0.461364 -0.273669 0.785970 0.307407
0.490610 -0.263414 1.979841 0.461383 -0.273858 0.785744 0.307790
0.490683 -0.263846 1.979887 0.461403 -0.274040 0.785520 0.308169
0.490755 -0.264271 1.979932 0.461424 -0.274218 0.785299 0.308542
0.490827 -0.264689 1.979975 0.461446 -0.274390 0.785081 0.308909
0.490897 -0.265101 1.980016 0.461468 -0.274559 0.784867 0.309271
0.490966 -0.265505 1.980056 0.461491 -0.274724 0.784655 0.309627
0.491033 -0.265903 1.980094 0.461514 -0.274887 0.784447 0.309977
0.491096 -0.266300 1.980136 0.461522 -0.275085 0.784242 0.310307
0.491159 -0.266689 1.980174 0.461537 -0.275269 0.784037 0.310638
0.491222 -0.267071 1.980211 0.461555 -0.275442 0.783835 0.310969
0.491284 -0.267445 1.980245 0.461575 -0.275606 0.783635 0.311297
0.491345 -0.267812 1.980279 0.461597 -0.275763 0.783438 0.311621
0.491404 -0.268172 1.980311 0.461618 -0.275914 0.783245 0.311942
0.491463 -0.268525 1.980342 0.461640 -0.276060 0.783055 0.312257
0.491521 -0.268872 1.980372 0.461662 -0.276202 0.782868 0.312567
0.491577 -0.269212 1.980402 0.461684 -0.276342 0.782684 0.312872
0.491632 -0.269546 1.980431 0.461705 -0.276478 0.782503 0.313172
0.491686 -0.269874 1.980460 0.461725 -0.276612 0.782326 0.313467
0.491738 -0.270196 1.980488 0.461745 -0.276744 0.782152 0.313756
0.491790 -0.270512 1.980516 0.461764 -0.276874 0.781981 0.314040
0.491840 -0.270822 1.980543 0.461782 -0.277002 0.781813 0.314319
0.491890 -0.271126 1.980570 0.461800 -0.277129 0.781647 0.314593
0.491934 -0.271431 1.980601 0.461802 -0.277289 0.781487 0.314845
0.491979 -0.271728 1.980630 0.461810 -0.277438 0.781327 0.315099
0.492024 -0.272020 1.980658 0.461821 -0.277578 0.781169 0.315352
0.492068 -0.272306 1.980684 0.461834 -0.277709 0.781013 0.315604
0.492119 -0.272628 1.980722 0.461827 -0.277890 0.780839 0.315885
0.492173 -0.272976 1.980766 0.461809 -0.278098 0.780656 0.316180
0.492228 -0.273343 1.980813 0.461784 -0.278320 0.780469 0.316483
0.492282 -0.273722 1.980861 0.461756 -0.278546 0.780281 0.316787
0.492336 -0.274110 1.980909 0.461728 -0.278772 0.780094 0.317091
0.492388 -0.274502 1.980955 0.461700 -0.278995 0.779908 0.317394
0.492439 -0.274897 1.981001 0.461675 -0.279210 0.779723 0.317695
0.492489 -0.275292 1.981044 0.461652 -0.279419 0.779540 0.317994
0.492539 -0.275685 1.981085 0.461632 -0.279619 0.779359 0.318291
0.492587 -0.276077 1.981124 0.461615 -0.279812 0.779179 0.318586
0.492635 -0.276466 1.981161 0.461601 -0.279998 0.779001 0.318879
0.492682 -0.276851 1.981195 0.461590 -0.280176 0.778824 0.319169
0.492728 -0.277231 1.981228 0.461581 -0.280349 0.778649 0.319457
0.492774 -0.277607 1.981259 0.461574 -0.280516 0.778477 0.319742
0.492818 -0.277978 1.981289 0.461568 -0.280677 0.778306 0.320023
0.492862 -0.278344 1.981317 0.461564 -0.280835 0.778137 0.320302
0.492904 -0.278705 1.981343 0.461561 -0.280988 0.777971 0.320577
0.492946 -0.279061 1.981369 0.461558 -0.281138 0.777806 0.320848
0.492987 -0.279411 1.981394 0.461556 -0.281284 0.777644 0.321115
0.493027 -0.279755 1.981417 0.461555 -0.281427 0.777484 0.321379
0.493066 -0.280094 1.981440 0.461553 -0.281568 0.777327 0.321638
0.493104 -0.280428 1.981462 0.461552 -0.281707 0.777172 0.321894
0.493141 -0.280756 1.981484 0.461551 -0.281843 0.777019 0.322145
0.493177 -0.281079 1.981505 0.461550 -0.281977 0.776868 0.322393
0.493212 -0.281396 1.981525 0.461548 -0.282109 0.776720 0.322636
0.493246 -0.281708 1.981545 0.461547 -0.282240 0.776574 0.322875
0.493279 -0.282015 1.981565 0.461545 -0.282368 0.776430 0.323111
0.493311 -0.282317 1.981584 0.461543 -0.282495 0.776289 0.323342
0.493342 -0.282614 1.981603 0.461541 -0.282621 0.776149 0.323569
0.493372 -0.282905 1.981622 0.461539 -0.282745 0.776012 0.323793
0.493402 -0.283192 1.981640 0.461537 -0.282867 0.775878 0.324013
0.493430 -0.283473 1.981658 0.461534 -0.282988 0.775745 0.324229
0.493458 -0.283750 1.981676 0.461531 -0.283108 0.775614 0.324441
0.493485 -0.284022 1.981694 0.461528 -0.283226 0.775485 0.324649
0.493511 -0.284289 1.981711 0.461525 -0.283343 0.775359 0.324854
0.493537 -0.284552 1.981728 0.461521 -0.283458 0.775234 0.325056
0.493561 -0.284810 1.981745 0.461518 -0.283572 0.775112 0.325254
0.493586 -0.285063 1.981762 0.461514 -0.283684 0.774991 0.325448
0.493609 -0.285312 1.981779 0.461510 -0.283795 0.774873 0.325639
0.493632 -0.285557 1.981795 0.461506 -0.283905 0.774756 0.325827
0.493667 -0.285819 1.981815 0.461475 -0.284076 0.774632 0.326016
0.493710 -0.286091 1.981835 0.461426 -0.284284 0.774507 0.326203
0.493756 -0.286369 1.981854 0.461364 -0.284511 0.774382 0.326388
0.493803 -0.286650 1.981873 0.461295 -0.284748 0.774259 0.326571
0.493851 -0.286930 1.981891 0.461221 -0.284990 0.774138 0.326751
0.493899 -0.287210 1.981909 0.461144 -0.285231 0.774020 0.326928
0.493946 -0.287487 1.981926 0.461065 -0.285471 0.773905 0.327103
0.493991 -0.287762 1.981943 0.460986 -0.285707 0.773792 0.327274
0.494036 -0.288033 1.981959 0.460908 -0.285938 0.773682 0.327443
0.494079 -0.288301 1.981975 0.460830 -0.286164 0.773575 0.327609
0.494122 -0.288565 1.981990 0.460753 -0.286386 0.773469 0.327772
0.494163 -0.288825 1.982005 0.460678 -0.286602 0.773366 0.327933
0.494203 -0.289081 1.982020 0.460604 -0.286813 0.773265 0.328091
0.494243 -0.289333 1.982035 0.460531 -0.287019 0.773166 0.328246
0.494281 -0.289581 1.982049 0.460460 -0.287221 0.773068 0.328400
0.494318 -0.289825 1.982062 0.460391 -0.287418 0.772972 0.328550
0.494355 -0.290065 1.982076 0.460324 -0.287611 0.772877 0.328699
0.494391 -0.290300 1.982089 0.460258 -0.287799 0.772784 0.328845
0.494426 -0.290531 1.982102 0.460193 -0.287984 0.772693 0.328989
0.494461 -0.290759 1.982114 0.460130 -0.288165 0.772602 0.329131
0.494494 -0.290983 1.982127 0.460069 -0.288342 0.772513 0.329270
0.494527 -0.291202 1.982139 0.460009 -0.288515 0.772425 0.329408
0.494560 -0.291418 1.982150 0.459951 -0.288685 0.772339 0.329543
0.494591 -0.291630 1.982161 0.459894 -0.288852 0.772253 0.329677
0.494623 -0.291838 1.982173 0.459838 -0.289016 0.772169 0.329808
0.494653 -0.292042 1.982183 0.459784 -0.289176 0.772086 0.329937
0.494683 -0.292243 1.982194 0.459731 -0.289333 0.772004 0.330065
0.494712 -0.292440 1.982204 0.459680 -0.289487 0.771923 0.330191
0.494741 -0.292634 1.982214 0.459630 -0.289638 0.771844 0.330314
0.494770 -0.292824 1.982224 0.459580 -0.289787 0.771765 0.330436
0.494798 -0.293011 1.982233 0.459533 -0.289932 0.771687 0.330556
0.494825 -0.293195 1.982243 0.459486 -0.290075 0.771611 0.330675
0.494852 -0.293375 1.982252 0.459440 -0.290215 0.771535 0.330791
0.494878 -0.293552 1.982260 0.459396 -0.290352 0.771461 0.330906
0.494904 -0.293725 1.982269 0.459353 -0.290487 0.771387 0.331019
0.494929 -0.293896 1.982277 0.459310 -0.290619 0.771315 0.331130
0.494954 -0.294063 1.982286 0.459269 -0.290749 0.771244 0.331240
0.494979 -0.294228 1.982293 0.459229 -0.290877 0.771173 0.331348
0.495003 -0.294389 1.982301 0.459190 -0.291001 0.771104 0.331454
0.495026 -0.294548 1.982309 0.459152 -0.291124 0.771035 0.331559
0.495052 -0.294708 1.982311 0.459107 -0.291255 0.770970 0.331659
0.495079 -0.294868 1.982310 0.459057 -0.291388 0.770907 0.331756
0.495105 -0.295028 1.982307 0.459003 -0.291523 0.770847 0.331852
0.495129 -0.295187 1.982303 0.458946 -0.291657 0.770789 0.331948
0.495153 -0.295346 1.982298 0.458886 -0.291789 0.770734 0.332043
0.495174 -0.295503 1.982293 0.458825 -0.291919 0.770680 0.332136
0.495194 -0.295659 1.982288 0.458762 -0.292047 0.770630 0.332228
0.495213 -0.295814 1.982283 0.458698 -0.292174 0.770581 0.332319
0.495229 -0.295967 1.982279 0.458634 -0.292298 0.770534 0.332407
0.495245 -0.296119 1.982275 0.458569 -0.292421 0.770489 0.332493
0.495259 -0.296269 1.982272 0.458504 -0.292541 0.770446 0.332577
0.495271 -0.296417 1.982269 0.458439 -0.292660 0.770404 0.332659
0.495283 -0.296564 1.982266 0.458375 -0.292776 0.770363 0.332739
0.495294 -0.296709 1.982263 0.458311 -0.292891 0.770324 0.332817
0.495304 -0.296852 1.982261 0.458248 -0.293003 0.770285 0.332894
0.495313 -0.296994 1.982259 0.458187 -0.293114 0.770248 0.332969
0.495322 -0.297133 1.982257 0.458126 -0.293222 0.770211 0.333042
0.495330 -0.297271 1.982254 0.458066 -0.293329 0.770174 0.333115
0.495338 -0.297406 1.982252 0.458007 -0.293433 0.770139 0.333186
0.495345 -0.297540 1.982250 0.457949 -0.293538 0.770104 0.333254
0.495352 -0.297672 1.982248 0.457891 -0.293642 0.770070 0.333321
0.495359 -0.297802 1.982246 0.457835 -0.293745 0.770036 0.333386
0.495365 -0.297930 1.982244 0.457779 -0.293845 0.770002 0.333451
0.495372 -0.298056 1.982242 0.457725 -0.293944 0.769969 0.333515
0.495378 -0.298180 1.982239 0.457673 -0.294041 0.769936 0.333578
0.495384 -0.298302 1.982236 0.457622 -0.294136 0.769903 0.333640
0.495390 -0.298422 1.982233 0.457572 -0.294229 0.769870 0.333702
0.495396 -0.298540 1.982230 0.457524 -0.294320 0.769837 0.333763
0.495402 -0.298657 1.982227 0.457477 -0.294409 0.769805 0.333824
0.495408 -0.298771 1.982224 0.457431 -0.294496 0.769773 0.333884
0.495413 -0.298883 1.982220 0.457386 -0.294581 0.769741 0.333944
0.495419 -0.298994 1.982216 0.457342 -0.294664 0.769710 0.334003
0.495424 -0.299102 1.982212 0.457300 -0.294746 0.769678 0.334061
0.495429 -0.299209 1.982209 0.457258 -0.294826 0.769647 0.334119
0.495435 -0.299314 1.982205 0.457218 -0.294904 0.769616 0.334176
0.495440 -0.299417 1.982200 0.457179 -0.294981 0.769586 0.334233
0.495445 -0.299519 1.982196 0.457140 -0.295056 0.769556 0.334288
0.495450 -0.299618 1.982192 0.457103 -0.295130 0.769526 0.334344
0.495454 -0.299716 1.982188 0.457066 -0.295202 0.769496 0.334398
0.495459 -0.299813 1.982183 0.457031 -0.295273 0.769467 0.334452
0.495454 -0.299903 1.982183 0.456995 -0.295302 0.769445 0.334525
0.495444 -0.299992 1.982184 0.456951 -0.295331 0.769433 0.334587
0.495433 -0.300078 1.982186 0.456901 -0.295363 0.769428 0.334638
0.495421 -0.300163 1.982189 0.456847 -0.295397 0.769428 0.334682
0.495409 -0.300246 1.982193 0.456792 -0.295430 0.769431 0.334721
0.495396 -0.300327 1.982197 0.456737 -0.295461 0.769436 0.334757
0.495384 -0.300406 1.982201 0.456682 -0.295489 0.769444 0.334789
0.495372 -0.300483 1.982205 0.456627 -0.295514 0.769454 0.334819
0.495360 -0.300557 1.982209 0.456573 -0.295536 0.769466 0.334847
0.495349 -0.300628 1.982214 0.456519 -0.295555 0.769479 0.334872
0.495338 -0.300697 1.982219 0.456466 -0.295568 0.769497 0.334893
0.495327 -0.300763 1.982225 0.456412 -0.295577 0.769517 0.334911
0.495317 -0.300826 1.982230 0.456360 -0.295582 0.769539 0.334927
0.495307 -0.300887 1.982236 0.456308 -0.295585 0.769562 0.334943
0.495298 -0.300946 1.982242 0.456258 -0.295585 0.769585 0.334957
0.495290 -0.301002 1.982249 0.456209 -0.295584 0.769609 0.334970
0.495281 -0.301057 1.982255 0.456161 -0.295582 0.769633 0.334983
0.495274 -0.301110 1.982261 0.456114 -0.295578 0.769657 0.334996
0.495267 -0.301162 1.982267 0.456068 -0.295573 0.769681 0.335007
0.495260 -0.301211 1.982274 0.456023 -0.295568 0.769705 0.335019
0.495254 -0.301260 1.982280 0.455979 -0.295562 0.769728 0.335030
0.495248 -0.301306 1.982286 0.455936 -0.295556 0.769751 0.335040
0.495242 -0.301351 1.982293 0.455894 -0.295549 0.769774 0.335050
0.495237 -0.301395 1.982299 0.455854 -0.295541 0.769797 0.335060
0.495232 -0.301438 1.982305 0.455814 -0.295533 0.769820 0.335070
0.495228 -0.301479 1.982311 0.455775 -0.295525 0.769842 0.335079
0.495224 -0.301519 1.982317 0.455737 -0.295516 0.769864 0.335088
0.495220 -0.301558 1.982323 0.455699 -0.295507 0.769885 0.335097
0.495217 -0.301596 1.982328 0.455663 -0.295498 0.769907 0.335106
0.495213 -0.301633 1.982334 0.455628 -0.295489 0.769927 0.335114
0.495211 -0.301668 1.982340 0.455593 -0.295479 0.769948 0.335122
0.495208 -0.301703 1.982345 0.455559 -0.295470 0.769968 0.335130
0.495206 -0.301737 1.982351 0.455526 -0.295460 0.769988 0.335138
0.495204 -0.301770 1.982356 0.455494 -0.295450 0.770008 0.335146
0.495202 -0.301802 1.982361 0.455463 -0.295439 0.770027 0.335154
0.495200 -0.301832 1.982366 0.455432 -0.295429 0.770046 0.335161
0.495198 -0.301863 1.982371 0.455402 -0.295419 0.770064 0.335168
0.495197 -0.301892 1.982376 0.455373 -0.295408 0.770082 0.335176
0.495196 -0.301920 1.982381 0.455344 -0.295398 0.770100 0.335183
0.495195 -0.301948 1.982386 0.455316 -0.295387 0.770118 0.335190
0.495124 -0.301950 1.982390 0.455316 -0.295199 0.770116 0.335359
0.495019 -0.301943 1.982395 0.455284 -0.295013 0.770149 0.335492
0.494899 -0.301929 1.982402 0.455227 -0.294842 0.770205 0.335590
0.494770 -0.301910 1.982413 0.455157 -0.294683 0.770274 0.335667
0.494638 -0.301888 1.982427 0.455079 -0.294533 0.770350 0.335729
0.494505 -0.301864 1.982446 0.454996 -0.294389 0.770431 0.335783
0.494372 -0.301837 1.982468 0.454910 -0.294250 0.770515 0.335830
0.494240 -0.301808 1.982494 0.454821 -0.294115 0.770601 0.335871
0.494108 -0.301777 1.982522 0.454731 -0.293983 0.770688 0.335908
0.493978 -0.301745 1.982554 0.454639 -0.293854 0.770777 0.335941
0.493849 -0.301711 1.982587 0.454546 -0.293728 0.770867 0.335970
0.493722 -0.301677 1.982622 0.454453 -0.293604 0.770957 0.335997
0.493596 -0.301641 1.982660 0.454360 -0.293484 0.771048 0.336021
0.493472 -0.301604 1.982698 0.454266 -0.293366 0.771139 0.336042
0.493350 -0.301567 1.982738 0.454172 -0.293250 0.771230 0.336061
0.493229 -0.301530 1.982779 0.454079 -0.293137 0.771320 0.336078
0.493110 -0.301492 1.982821 0.453986 -0.293026 0.771410 0.336093
0.492993 -0.301454 1.982863 0.453894 -0.292919 0.771499 0.336107
0.492878 -0.301415 1.982906 0.453802 -0.292813 0.771588 0.336119
0.492764 -0.301377 1.982949 0.453711 -0.292710 0.771676 0.336131
0.492652 -0.301339 1.982992 0.453620 -0.292609 0.771763 0.336141
0.492542 -0.301301 1.983035 0.453531 -0.292511 0.771848 0.336150
0.492433 -0.301264 1.983078 0.453442 -0.292416 0.771933 0.336158
0.492327 -0.301226 1.983121 0.453355 -0.292322 0.772016 0.336166
0.492222 -0.301190 1.983164 0.453269 -0.292232 0.772098 0.336173
0.492119 -0.301153 1.983207 0.453184 -0.292143 0.772179 0.336180
0.492017 -0.301117 1.983249 0.453100 -0.292057 0.772258 0.336186
0.491918 -0.301082 1.983290 0.453017 -0.291973 0.772335 0.336192
0.491820 -0.301047 1.983331 0.452936 -0.291891 0.772412 0.336197
0.491724 -0.301013 1.983372 0.452856 -0.291811 0.772486 0.336203
0.491629 -0.300979 1.983411 0.452778 -0.291734 0.772559 0.336208
0.491537 -0.300946 1.983451 0.452701 -0.291659 0.772631 0.336213
0.491446 -0.300914 1.983489 0.452625 -0.291585 0.772701 0.336218
0.491356 -0.300882 1.983527 0.452550 -0.291514 0.772769 0.336223
0.491268 -0.300851 1.983564 0.452477 -0.291445 0.772836 0.336227
0.491182 -0.300821 1.983600 0.452405 -0.291378 0.772901 0.336232
0.491098 -0.300792 1.983636 0.452335 -0.291312 0.772965 0.336237
0.491015 -0.300763 1.983671 0.452266 -0.291249 0.773027 0.336242
0.490933 -0.300734 1.983705 0.452199 -0.291187 0.773088 0.336247
0.490853 -0.300707 1.983738 0.452133 -0.291127 0.773147 0.336252
0.490685 -0.300652 1.983748 0.452139 -0.290889 0.773146 0.336450
0.490473 -0.300579 1.983751 0.452140 -0.290640 0.773163 0.336626
0.490240 -0.300494 1.983757 0.452131 -0.290397 0.773195 0.336773
0.489995 -0.300400 1.983769 0.452113 -0.290163 0.773240 0.336898
0.489745 -0.300298 1.983792 0.452086 -0.289935 0.773294 0.337006
0.489491 -0.300190 1.983824 0.452050 -0.289714 0.773357 0.337099
0.489237 -0.300077 1.983867 0.452006 -0.289498 0.773428 0.337180
0.488983 -0.299959 1.983919 0.451954 -0.289286 0.773508 0.337249
0.488729 -0.299837 1.983980 0.451895 -0.289079 0.773595 0.337306
0.488476 -0.299712 1.984049 0.451828 -0.288877 0.773689 0.337353
0.488224 -0.299585 1.984125 0.451755 -0.288679 0.773789 0.337391
0.487973 -0.299455 1.984208 0.451675 -0.288485 0.773895 0.337421
0.487724 -0.299323 1.984296 0.451591 -0.288295 0.774005 0.337442
0.487477 -0.299191 1.984389 0.451502 -0.288110 0.774120 0.337457
0.487232 -0.299057 1.984486 0.451409 -0.287930 0.774238 0.337465
0.486988 -0.298924 1.984586 0.451312 -0.287753 0.774358 0.337468
0.486748 -0.298790 1.984690 0.451212 -0.287581 0.774481 0.337466
0.486509 -0.298657 1.984796 0.451109 -0.287414 0.774606 0.337459
0.486273 -0.298524 1.984904 0.451005 -0.287251 0.774732 0.337449
0.486039 -0.298392 1.985014 0.450898 -0.287093 0.774859 0.337435
0.485809 -0.298262 1.985125 0.450790 -0.286939 0.774986 0.337418
0.485580 -0.298132 1.985237 0.450681 -0.286789 0.775114 0.337398
0.485355 -0.298004 1.985349 0.450571 -0.286644 0.775241 0.337376
0.485132 -0.297878 1.985461 0.450461 -0.286504 0.775367 0.337352
0.484912 -0.297754 1.985574 0.450350 -0.286367 0.775493 0.337326
0.484695 -0.297631 1.985686 0.450240 -0.286235 0.775618 0.337299
0.484481 -0.297511 1.985798 0.450129 -0.286108 0.775742 0.337271
0.484270 -0.297393 1.985909 0.450019 -0.285984 0.775864 0.337241
0.484062 -0.297277 1.986019 0.449909 -0.285865 0.775984 0.337211
0.483857 -0.297163 1.986128 0.449800 -0.285750 0.776103 0.337181
0.483655 -0.297051 1.986236 0.449691 -0.285639 0.776221 0.337150
0.483455 -0.296942 1.986343 0.449584 -0.285532 0.776336 0.337119
0.483259 -0.296835 1.986448 0.449477 -0.285429 0.776449 0.337087
0.483065 -0.296731 1.986552 0.449371 -0.285329 0.776560 0.337056
0.482875 -0.296629 1.986654 0.449267 -0.285234 0.776669 0.337024
0.482687 -0.296529 1.986755 0.449164 -0.285142 0.776776 0.336993
0.482502 -0.296432 1.986855 0.449062 -0.285053 0.776881 0.336962
0.482321 -0.296337 1.986952 0.448962 -0.284968 0.776984 0.336931
0.482142 -0.296245 1.987048 0.448863 -0.284887 0.777084 0.336901
0.481966 -0.296155 1.987142 0.448766 -0.284808 0.777182 0.336871
0.481708 -0.296033 1.987209 0.448748 -0.284490 0.777194 0.337134
0.481414 -0.295891 1.987263 0.448730 -0.284124 0.777216 0.337417
0.481104 -0.295736 1.987312 0.448706 -0.283743 0.777252 0.337687
0.480789 -0.295572 1.987360 0.448678 -0.283358 0.777296 0.337944
0.480473 -0.295401 1.987409 0.448647 -0.282974 0.777349 0.338187
0.480161 -0.295226 1.987462 0.448612 -0.282593 0.777407 0.338417
0.479852 -0.295046 1.987517 0.448575 -0.282215 0.777471 0.338635
0.479549 -0.294863 1.987575 0.448534 -0.281843 0.777540 0.338842
0.479250 -0.294678 1.987635 0.448490 -0.281477 0.777613 0.339037
0.478957 -0.294491 1.987698 0.448443 -0.281116 0.777689 0.339223
0.478669 -0.294302 1.987763 0.448394 -0.280761 0.777769 0.339399
0.478387 -0.294112 1.987829 0.448343 -0.280413 0.777851 0.339566
0.478109 -0.293922 1.987897 0.448290 -0.280071 0.777936 0.339724
0.477837 -0.293732 1.987965 0.448235 -0.279735 0.778022 0.339875
0.477571 -0.293542 1.988035 0.448180 -0.279406 0.778110 0.340018
0.477309 -0.293352 1.988104 0.448123 -0.279083 0.778199 0.340155
0.477052 -0.293163 1.988174 0.448065 -0.278767 0.778289 0.340285
0.476800 -0.292976 1.988243 0.448006 -0.278457 0.778379 0.340409
0.476554 -0.292790 1.988313 0.447948 -0.278154 0.778469 0.340528
0.476312 -0.292605 1.988382 0.447889 -0.277858 0.778559 0.340642
0.476074 -0.292422 1.988450 0.447830 -0.277568 0.778649 0.340751
0.475842 -0.292240 1.988517 0.447771 -0.277285 0.778738 0.340855
0.475614 -0.292061 1.988584 0.447712 -0.277008 0.778826 0.340955
0.475390 -0.291884 1.988649 0.447653 -0.276738 0.778914 0.341051
0.475171 -0.291709 1.988714 0.447595 -0.276474 0.779001 0.341144
0.474956 -0.291537 1.988777 0.447538 -0.276216 0.779086 0.341233
0.474746 -0.291367 1.988839 0.447481 -0.275965 0.779170 0.341319
0.474539 -0.291200 1.988900 0.447424 -0.275719 0.779253 0.341401
0.474337 -0.291035 1.988959 0.447369 -0.275480 0.779335 0.341481
0.474138 -0.290873 1.989018 0.447314 -0.275247 0.779415 0.341559
0.473944 -0.290714 1.989074 0.447260 -0.275020 0.779493 0.341633
0.473753 -0.290557 1.989130 0.447207 -0.274799 0.779570 0.341706
0.473566 -0.290403 1.989184 0.447154 -0.274584 0.779645 0.341776
0.473383 -0.290252 1.989237 0.447103 -0.274374 0.779718 0.341844
0.473203 -0.290104 1.989288 0.447052 -0.274170 0.779790 0.341909
0.473027 -0.289959 1.989338 0.447003 -0.273972 0.779860 0.341973
0.472854 -0.289816 1.989386 0.446954 -0.273779 0.779929 0.342036
0.472684 -0.289677 1.989433 0.446907 -0.273591 0.779995 0.342096
0.472518 -0.289540 1.989479 0.446860 -0.273409 0.780060 0.342155
0.472355 -0.289406 1.989523 0.446814 -0.273231 0.780123 0.342212
0.472103 -0.289250 1.989528 0.446842 -0.272944 0.780098 0.342464
0.471807 -0.289078 1.989517 0.446881 -0.272658 0.780062 0.342722
0.471489 -0.288895 1.989502 0.446920 -0.272383 0.780028 0.342966
0.471161 -0.288702 1.989492 0.446956 -0.272118 0.780001 0.343191
0.470828 -0.288502 1.989490 0.446985 -0.271862 0.779982 0.343400
0.470495 -0.288295 1.989496 0.447007 -0.271611 0.779973 0.343590
0.470161 -0.288083 1.989512 0.447020 -0.271367 0.779974 0.343764
0.469830 -0.287866 1.989538 0.447024 -0.271126 0.779986 0.343923
0.469501 -0.287645 1.989572 0.447019 -0.270890 0.780007 0.344066
0.469175 -0.287421 1.989614 0.447007 -0.270658 0.780037 0.344196
0.468853 -0.287194 1.989663 0.446987 -0.270430 0.780077 0.344312
0.468533 -0.286966 1.989718 0.446960 -0.270205 0.780124 0.344417
0.468217 -0.286737 1.989778 0.446926 -0.269985 0.780178 0.344511
0.467905 -0.286507 1.989844 0.446888 -0.269769 0.780237 0.344595
0.467596 -0.286277 1.989913 0.446844 -0.269557 0.780303 0.344670
0.467292 -0.286047 1.989986 0.446795 -0.269350 0.780373 0.344736
0.466991 -0.285819 1.990061 0.446743 -0.269147 0.780447 0.344795
0.466694 -0.285591 1.990139 0.446688 -0.268949 0.780524 0.344847
0.466402 -0.285366 1.990219 0.446630 -0.268755 0.780603 0.344893
0.466113 -0.285142 1.990301 0.446569 -0.268566 0.780686 0.344933
0.465829 -0.284921 1.990383 0.446506 -0.268382 0.780769 0.344968
0.465548 -0.284702 1.990466 0.446441 -0.268203 0.780854 0.344998
0.465272 -0.284485 1.990550 0.446375 -0.268029 0.780940 0.345025
0.465000 -0.284272 1.990634 0.446308 -0.267859 0.781027 0.345047
0.464732 -0.284062 1.990718 0.446240 -0.267695 0.781114 0.345066
0.464468 -0.283855 1.990801 0.446172 -0.267535 0.781200 0.345082
0.464208 -0.283651 1.990884 0.446103 -0.267381 0.781287 0.345095
0.463952 -0.283451 1.990967 0.446034 -0.267231 0.781373 0.345106
0.463700 -0.283254 1.991048 0.445964 -0.267086 0.781458 0.345114
0.463452 -0.283061 1.991129 0.445895 -0.266945 0.781543 0.345121
0.463208 -0.282872 1.991208 0.445827 -0.266810 0.781626 0.345126
0.462968 -0.282686 1.991287 0.445758 -0.266679 0.781708 0.345129
0.462732 -0.282504 1.991364 0.445690 -0.266553 0.781789 0.345131
0.462499 -0.282326 1.991440 0.445623 -0.266431 0.781869 0.345131
0.462271 -0.282152 1.991515 0.445556 -0.266314 0.781947 0.345131
0.462046 -0.281981 1.991588 0.445490 -0.266201 0.782024 0.345129
0.461825 -0.281815 1.991660 0.445425 -0.266093 0.782099 0.345127
0.461607 -0.281652 1.991730 0.445361 -0.265988 0.782172 0.345124
0.461393 -0.281492 1.991799 0.445298 -0.265888 0.782244 0.345120
0.461183 -0.281337 1.991866 0.445235 -0.265792 0.782314 0.345116
0.460874 -0.281160 1.991896 0.445244 -0.265588 0.782245 0.345417
0.460515 -0.280967 1.991909 0.445264 -0.265376 0.782145 0.345781
0.460132 -0.280762 1.991917 0.445282 -0.265169 0.782040 0.346154
0.459737 -0.280546 1.991929 0.445295 -0.264967 0.781940 0.346517
0.459340 -0.280321 1.991946 0.445301 -0.264769 0.781850 0.346864
0.458942 -0.280088 1.991970 0.445300 -0.264574 0.781772 0.347192
0.458547 -0.279849 1.992001 0.445290 -0.264380 0.781705 0.347500
0.458157 -0.279605 1.992040 0.445273 -0.264188 0.781651 0.347790
0.457770 -0.279356 1.992086 0.445248 -0.263998 0.781608 0.348063
0.457389 -0.279103 1.992138 0.445217 -0.263808 0.781576 0.348319
0.457013 -0.278847 1.992196 0.445180 -0.263620 0.781553 0.348560
0.456643 -0.278589 1.992258 0.445137 -0.263434 0.781540 0.348786
0.456278 -0.278330 1.992324 0.445089 -0.263248 0.781534 0.348999
0.455918 -0.278070 1.992394 0.445037 -0.263065 0.781536 0.349199
0.455564 -0.277809 1.992466 0.444981 -0.262884 0.781544 0.349389
0.455216 -0.277548 1.992541 0.444922 -0.262706 0.781558 0.349567
0.454874 -0.277288 1.992618 0.444860 -0.262530 0.781577 0.349736
0.454537 -0.277030 1.992697 0.444796 -0.262357 0.781600 0.349895
0.454205 -0.276772 1.992776 0.444730 -0.262186 0.781627 0.350047
0.453879 -0.276516 1.992856 0.444663 -0.262019 0.781657 0.350190
0.453559 -0.276263 1.992937 0.444594 -0.261855 0.781690 0.350326
0.453243 -0.276012 1.993018 0.444524 -0.261695 0.781726 0.350455
0.452934 -0.275763 1.993098 0.444454 -0.261538 0.781763 0.350578
0.452629 -0.275518 1.993178 0.444383 -0.261384 0.781802 0.350695
0.452330 -0.275275 1.993258 0.444312 -0.261234 0.781843 0.350807
0.452036 -0.275036 1.993337 0.444241 -0.261088 0.781884 0.350914
0.451747 -0.274800 1.993415 0.444170 -0.260946 0.781926 0.351016
0.451463 -0.274567 1.993493 0.444099 -0.260807 0.781969 0.351113
0.451184 -0.274338 1.993569 0.444029 -0.260672 0.782012 0.351207
0.450910 -0.274113 1.993644 0.443959 -0.260541 0.782055 0.351296
0.450640 -0.273891 1.993718 0.443890 -0.260414 0.782098 0.351382
0.450375 -0.273673 1.993790 0.443822 -0.260291 0.782140 0.351465
0.450115 -0.273460 1.993861 0.443754 -0.260171 0.782183 0.351544
0.449860 -0.273250 1.993931 0.443687 -0.260055 0.782225 0.351621
0.449608 -0.273044 1.994000 0.443621 -0.259943 0.782266 0.351695
0.449362 -0.272842 1.994066 0.443556 -0.259835 0.782307 0.351766
0.449119 -0.272644 1.994132 0.443492 -0.259730 0.782347 0.351835
0.448881 -0.272449 1.994196 0.443429 -0.259629 0.782387 0.351901
0.448647 -0.272259 1.994258 0.443367 -0.259532 0.782425 0.351965
0.448416 -0.272073 1.994319 0.443306 -0.259438 0.782463 0.352027
0.448077 -0.271858 1.994333 0.443273 -0.259283 0.782439 0.352235
0.447679 -0.271621 1.994324 0.443242 -0.259123 0.782407 0.352465
0.447247 -0.271370 1.994307 0.443206 -0.258967 0.782378 0.352687
0.446796 -0.271107 1.994288 0.443165 -0.258819 0.782358 0.352892
0.446337 -0.270834 1.994271 0.443118 -0.258679 0.782348 0.353077
0.445875 -0.270552 1.994261 0.443064 -0.258546 0.782348 0.353240
0.445414 -0.270262 1.994257 0.443006 -0.258419 0.782359 0.353383
0.444957 -0.269964 1.994260 0.442942 -0.258298 0.782380 0.353505
0.444504 -0.269660 1.994270 0.442874 -0.258181 0.782411 0.353608
0.444058 -0.269347 1.994287 0.442802 -0.258069 0.782451 0.353692
0.443617 -0.269028 1.994310 0.442725 -0.257958 0.782501 0.353758
0.443185 -0.268703 1.994340 0.442645 -0.257847 0.782560 0.353808
0.442759 -0.268373 1.994375 0.442560 -0.257734 0.782629 0.353845
0.442342 -0.268039 1.994415 0.442471 -0.257619 0.782706 0.353869
0.441932 -0.267701 1.994460 0.442379 -0.257502 0.782790 0.353882
0.441530 -0.267360 1.994509 0.442284 -0.257382 0.782882 0.353886
0.441136 -0.267018 1.994561 0.442187 -0.257259 0.782980 0.353880
0.440749 -0.266674 1.994616 0.442088 -0.257135 0.783083 0.353866
0.440370 -0.266330 1.994672 0.441987 -0.257010 0.783190 0.353845
0.439998 -0.265986 1.994731 0.441886 -0.256883 0.783301 0.353818
0.439634 -0.265643 1.994790 0.441784 -0.256756 0.783415 0.353785
0.439277 -0.265301 1.994850 0.441681 -0.256628 0.783532 0.353747
0.438927 -0.264961 1.994911 0.441579 -0.256500 0.783651 0.353705
0.438584 -0.264624 1.994972 0.441478 -0.256373 0.783770 0.353659
0.438248 -0.264288 1.995033 0.441376 -0.256246 0.783891 0.353609
0.437919 -0.263956 1.995094 0.441276 -0.256120 0.784012 0.353557
0.437596 -0.263627 1.995154 0.441177 -0.255996 0.784133 0.353502
0.437279 -0.263301 1.995213 0.441079 -0.255873 0.784254 0.353445
0.436969 -0.262979 1.995272 0.440982 -0.255751 0.784375 0.353387
0.436665 -0.262661 1.995330 0.440887 -0.255632 0.784494 0.353326
0.436367 -0.262347 1.995386 0.440794 -0.255514 0.784613 0.353265
0.436075 -0.262038 1.995441 0.440702 -0.255399 0.784730 0.353203
0.435789 -0.261733 1.995496 0.440612 -0.255285 0.784846 0.353140
0.435508 -0.261432 1.995549 0.440523 -0.255175 0.784960 0.353076
0.435232 -0.261137 1.995600 0.440436 -0.255066 0.785073 0.353012
0.434962 -0.260846 1.995650 0.440352 -0.254961 0.785183 0.352948
0.434697 -0.260560 1.995699 0.440269 -0.254858 0.785292 0.352884
0.434437 -0.260279 1.995746 0.440187 -0.254758 0.785399 0.352821
0.434182 -0.260002 1.995792 0.440108 -0.254660 0.785503 0.352757
0.433932 -0.259731 1.995837 0.440031 -0.254566 0.785606 0.352694
0.433599 -0.259441 1.995839 0.440013 -0.254412 0.785604 0.352831
0.433219 -0.259136 1.995819 0.440021 -0.254234 0.785560 0.353048
0.432811 -0.258822 1.995789 0.440037 -0.254048 0.785502 0.353291
0.432387 -0.258500 1.995754 0.440053 -0.253863 0.785443 0.353535
0.431953 -0.258174 1.995718 0.440067 -0.253684 0.785388 0.353767
0.431514 -0.257843 1.995683 0.440076 -0.253513 0.785340 0.353984
0.431071 -0.257511 1.995648 0.440080 -0.253351 0.785300 0.354183
0.430627 -0.257176 1.995613 0.440079 -0.253201 0.785268 0.354365
0.430182 -0.256841 1.995579 0.440074 -0.253061 0.785242 0.354528
0.429739 -0.256505 1.995547 0.440067 -0.252932 0.785221 0.354675
0.429301 -0.256167 1.995516 0.440057 -0.252811 0.785207 0.354806
0.428868 -0.255829 1.995489 0.440046 -0.252699 0.785197 0.354921
0.428441 -0.255488 1.995463 0.440034 -0.252593 0.785192 0.355022
0.428021 -0.255145 1.995441 0.440021 -0.252494 0.785192 0.355107
0.427608 -0.254800 1.995420 0.440008 -0.252401 0.785198 0.355178
0.427203 -0.254452 1.995402 0.439995 -0.252312 0.785208 0.355235
0.426805 -0.254101 1.995386 0.439982 -0.252227 0.785223 0.355278
0.426415 -0.253747 1.995372 0.439969 -0.252146 0.785242 0.355308
0.426033 -0.253389 1.995360 0.439957 -0.252069 0.785267 0.355323
0.425660 -0.253027 1.995349 0.439946 -0.251992 0.785297 0.355326
0.425295 -0.252663 1.995341 0.439933 -0.251914 0.785332 0.355319
0.424938 -0.252295 1.995335 0.439920 -0.251833 0.785373 0.355302
0.424590 -0.251926 1.995331 0.439906 -0.251748 0.785419 0.355278
0.424250 -0.251555 1.995329 0.439891 -0.251659 0.785470 0.355246
0.423918 -0.251184 1.995329 0.439876 -0.251567 0.785526 0.355208
0.423595 -0.250812 1.995329 0.439859 -0.251471 0.785585 0.355165
0.423279 -0.250441 1.995331 0.439842 -0.251372 0.785649 0.355116
0.422970 -0.250070 1.995334 0.439824 -0.251271 0.785715 0.355063
0.422669 -0.249701 1.995337 0.439806 -0.251167 0.785784 0.355006
0.422375 -0.249334 1.995340 0.439788 -0.251061 0.785855 0.354946
0.422088 -0.248969 1.995344 0.439771 -0.250954 0.785927 0.354883
0.421808 -0.248607 1.995348 0.439753 -0.250846 0.786001 0.354818
0.421534 -0.248248 1.995351 0.439736 -0.250737 0.786076 0.354750
0.421266 -0.247892 1.995355 0.439719 -0.250627 0.786152 0.354681
0.421004 -0.247540 1.995358 0.439702 -0.250518 0.786228 0.354609
0.420748 -0.247191 1.995361 0.439686 -0.250408 0.786305 0.354537
0.420498 -0.246847 1.995364 0.439671 -0.250300 0.786381 0.354464
0.420253 -0.246506 1.995366 0.439656 -0.250192 0.786457 0.354390
0.420013 -0.246171 1.995368 0.439642 -0.250084 0.786532 0.354315
0.419779 -0.245839 1.995369 0.439629 -0.249979 0.786607 0.354240
0.419469 -0.245493 1.995337 0.439667 -0.249821 0.786603 0.354313
0.419112 -0.245137 1.995291 0.439727 -0.249633 0.786562 0.354462
0.418724 -0.244777 1.995239 0.439793 -0.249433 0.786510 0.354638
0.418315 -0.244414 1.995188 0.439854 -0.249234 0.786458 0.354816
0.417890 -0.244051 1.995140 0.439906 -0.249044 0.786413 0.354986
0.417454 -0.243689 1.995095 0.439949 -0.248866 0.786375 0.355140
0.417010 -0.243330 1.995054 0.439982 -0.248702 0.786347 0.355278
0.416559 -0.242974 1.995016 0.440005 -0.248553 0.786326 0.355399
0.416102 -0.242621 1.994981 0.440019 -0.248421 0.786313 0.355502
0.415642 -0.242272 1.994948 0.440025 -0.248306 0.786307 0.355590
0.415178 -0.241928 1.994917 0.440024 -0.248206 0.786306 0.355662
0.414711 -0.241588 1.994886 0.440018 -0.248123 0.786310 0.355720
0.414241 -0.241253 1.994854 0.440007 -0.248055 0.786318 0.355764
0.413770 -0.240923 1.994822 0.439991 -0.248002 0.786329 0.355794
0.413301 -0.240597 1.994790 0.439974 -0.247964 0.786342 0.355813
0.412834 -0.240275 1.994759 0.439955 -0.247937 0.786358 0.355820
0.412372 -0.239955 1.994729 0.439935 -0.247922 0.786375 0.355817
0.411914 -0.239638 1.994701 0.439916 -0.247916 0.786395 0.355803
0.411463 -0.239323 1.994675 0.439896 -0.247918 0.786416 0.355777
0.411017 -0.239008 1.994650 0.439877 -0.247927 0.786440 0.355742
0.410578 -0.238694 1.994626 0.439858 -0.247943 0.786467 0.355695
0.410146 -0.238379 1.994604 0.439840 -0.247965 0.786496 0.355638
0.409721 -0.238064 1.994583 0.439822 -0.247990 0.786528 0.355570
0.409303 -0.237747 1.994564 0.439806 -0.248020 0.786564 0.355492
0.408893 -0.237429 1.994546 0.439790 -0.248052 0.786602 0.355404
0.408490 -0.237108 1.994529 0.439776 -0.248087 0.786644 0.355305
0.408095 -0.236785 1.994513 0.439764 -0.248123 0.786689 0.355195
0.407709 -0.236459 1.994498 0.439752 -0.248160 0.786737 0.355076
0.407330 -0.236130 1.994484 0.439743 -0.248198 0.786789 0.354947
0.406960 -0.235797 1.994471 0.439735 -0.248235 0.786844 0.354807
0.406597 -0.235461 1.994459 0.439729 -0.248272 0.786903 0.354658
0.406244 -0.235120 1.994447 0.439726 -0.248308 0.786966 0.354499
0.405898 -0.234775 1.994436 0.439724 -0.248342 0.787032 0.354331
0.405561 -0.234427 1.994426 0.439723 -0.248372 0.787102 0.354155
0.405234 -0.234075 1.994417 0.439723 -0.248395 0.787176 0.353974
0.404914 -0.233720 1.994409 0.439722 -0.248411 0.787255 0.353788
0.404603 -0.233363 1.994403 0.439722 -0.248420 0.787337 0.353599
0.404301 -0.233005 1.994398 0.439721 -0.248422 0.787423 0.353407
0.404006 -0.232647 1.994393 0.439720 -0.248417 0.787512 0.353214
0.403719 -0.232288 1.994390 0.439719 -0.248405 0.787604 0.353018
0.403364 -0.231914 1.994367 0.439754 -0.248307 0.787591 0.353073
0.402965 -0.231530 1.994336 0.439796 -0.248158 0.787534 0.353253
0.402536 -0.231139 1.994302 0.439833 -0.247984 0.787463 0.353488
0.402088 -0.230744 1.994268 0.439858 -0.247799 0.787392 0.353743
0.401627 -0.230348 1.994236 0.439871 -0.247615 0.787329 0.353997
0.401157 -0.229951 1.994205 0.439873 -0.247437 0.787275 0.354239
0.400681 -0.229555 1.994175 0.439866 -0.247269 0.787230 0.354465
0.400202 -0.229161 1.994145 0.439850 -0.247112 0.787194 0.354674
0.399720 -0.228770 1.994116 0.439828 -0.246967 0.787165 0.354866
0.399236 -0.228382 1.994085 0.439801 -0.246835 0.787143 0.355040
0.398751 -0.227997 1.994053 0.439770 -0.246716 0.787126 0.355198
0.398266 -0.227616 1.994019 0.439736 -0.246611 0.787114 0.355340
0.397781 -0.227240 1.993983 0.439700 -0.246518 0.787106 0.355467
0.397298 -0.226867 1.993944 0.439664 -0.246438 0.787100 0.355580
0.396818 -0.226498 1.993904 0.439628 -0.246369 0.787097 0.355680
0.396344 -0.226132 1.993865 0.439593 -0.246309 0.787096 0.355766
0.395875 -0.225768 1.993825 0.439560 -0.246259 0.787097 0.355841
0.395414 -0.225405 1.993786 0.439528 -0.246215 0.787100 0.355903
0.394959 -0.225044 1.993747 0.439499 -0.246178 0.787105 0.355952
0.394513 -0.224683 1.993709 0.439471 -0.246146 0.787114 0.355990
0.394073 -0.224322 1.993673 0.439446 -0.246119 0.787125 0.356015
0.393642 -0.223960 1.993636 0.439422 -0.246096 0.787140 0.356027
0.393219 -0.223597 1.993601 0.439400 -0.246076 0.787158 0.356028
0.392804 -0.223232 1.993567 0.439381 -0.246058 0.787180 0.356016
0.392397 -0.222866 1.993534 0.439363 -0.246042 0.787206 0.355993
0.391998 -0.222497 1.993502 0.439347 -0.246028 0.787235 0.355957
0.391608 -0.222126 1.993470 0.439334 -0.246014 0.787268 0.355910
0.391226 -0.221752 1.993440 0.439323 -0.246000 0.787305 0.355851
0.390852 -0.221375 1.993410 0.439314 -0.245986 0.787346 0.355781
0.390487 -0.220995 1.993381 0.439307 -0.245972 0.787392 0.355699
0.390130 -0.220611 1.993353 0.439303 -0.245956 0.787441 0.355606
0.389782 -0.220223 1.993325 0.439301 -0.245939 0.787494 0.355502
0.389443 -0.219832 1.993298 0.439301 -0.245920 0.787552 0.355387
0.389111 -0.219436 1.993272 0.439304 -0.245899 0.787613 0.355262
0.388789 -0.219036 1.993246 0.439309 -0.245875 0.787679 0.355126
0.388474 -0.218632 1.993221 0.439317 -0.245849 0.787749 0.354979
0.388169 -0.218223 1.993197 0.439328 -0.245820 0.787823 0.354823
0.387871 -0.217810 1.993173 0.439341 -0.245787 0.787901 0.354656
0.387582 -0.217393 1.993149 0.439356 -0.245752 0.787983 0.354479
0.387301 -0.216970 1.993126 0.439374 -0.245713 0.788069 0.354293
0.386957 -0.216538 1.993084 0.439411 -0.245629 0.788072 0.354297
0.386570 -0.216100 1.993030 0.439453 -0.245502 0.788030 0.354426
0.386154 -0.215658 1.992972 0.439489 -0.245353 0.787971 0.354617
0.385719 -0.215215 1.992912 0.439515 -0.245194 0.787909 0.354834
0.385270 -0.214773 1.992852 0.439530 -0.245035 0.787849 0.355057
0.384811 -0.214331 1.992794 0.439535 -0.244880 0.787794 0.355278
0.384344 -0.213891 1.992738 0.439532 -0.244731 0.787746 0.355492
0.383873 -0.213453 1.992686 0.439522 -0.244589 0.787702 0.355698
0.383401 -0.213018 1.992638 0.439506 -0.244455 0.787666 0.355892
0.382930 -0.212583 1.992596 0.439483 -0.244330 0.787637 0.356070
0.382462 -0.212150 1.992559 0.439455 -0.244212 0.787616 0.356232
0.381997 -0.211718 1.992526 0.439423 -0.244101 0.787602 0.356377
0.381536 -0.211287 1.992498 0.439388 -0.243998 0.787596 0.356504
0.381080 -0.210857 1.992473 0.439349 -0.243901 0.787598 0.356615
0.380629 -0.210426 1.992452 0.439308 -0.243810 0.787606 0.356710
0.380184 -0.209995 1.992435 0.439265 -0.243724 0.787621 0.356788
0.379745 -0.209563 1.992421 0.439221 -0.243641 0.787642 0.356851
0.379313 -0.209131 1.992409 0.439177 -0.243563 0.787670 0.356899
0.378887 -0.208697 1.992400 0.439131 -0.243487 0.787704 0.356931
0.378468 -0.208262 1.992394 0.439086 -0.243414 0.787744 0.356949
0.378057 -0.207825 1.992389 0.439040 -0.243342 0.787790 0.356952
0.377652 -0.207387 1.992387 0.438996 -0.243272 0.787842 0.356942
0.377255 -0.206946 1.992386 0.438952 -0.243203 0.787898 0.356918
0.376865 -0.206503 1.992386 0.438909 -0.243133 0.787961 0.356880
0.376483 -0.206057 1.992388 0.438867 -0.243064 0.788028 0.356829
0.376109 -0.205609 1.992391 0.438827 -0.242995 0.788101 0.356766
0.375742 -0.205159 1.992395 0.438788 -0.242925 0.788178 0.356690
0.375383 -0.204705 1.992401 0.438751 -0.242854 0.788261 0.356601
0.375032 -0.204248 1.992407 0.438716 -0.242781 0.788348 0.356501
0.374689 -0.203789 1.992413 0.438684 -0.242707 0.788439 0.356389
0.374353 -0.203326 1.992421 0.438653 -0.242631 0.788536 0.356266
0.374025 -0.202859 1.992428 0.438625 -0.242553 0.788636 0.356131
0.373706 -0.202390 1.992437 0.438599 -0.242472 0.788741 0.355985
0.373394 -0.201917 1.992445 0.438576 -0.242389 0.788850 0.355829
0.373089 -0.201441 1.992454 0.438555 -0.242303 0.788963 0.355662
0.372793 -0.200961 1.992464 0.438538 -0.242215 0.789080 0.355485
0.372504 -0.200477 1.992473 0.438522 -0.242123 0.789201 0.355297
0.372222 -0.199990 1.992483 0.438510 -0.242028 0.789326 0.355100
0.371949 -0.199499 1.992492 0.438500 -0.241930 0.789454 0.354893
0.371682 -0.199005 1.992502 0.438494 -0.241829 0.789586 0.354677
0.371343 -0.198518 1.992481 0.438486 -0.241757 0.789646 0.354604
0.370956 -0.198036 1.992441 0.438476 -0.241688 0.789659 0.354633
0.370540 -0.197561 1.992389 0.438461 -0.241625 0.789650 0.354714
0.370108 -0.197090 1.992330 0.438439 -0.241570 0.789634 0.354815
0.369668 -0.196625 1.992268 0.438413 -0.241524 0.789615 0.354920
0.369226 -0.196163 1.992203 0.438385 -0.241486 0.789597 0.355021
0.368784 -0.195705 1.992138 0.438355 -0.241455 0.789581 0.355114
0.368345 -0.195250 1.992073 0.438324 -0.241431 0.789569 0.355196
0.367910 -0.194798 1.992009 0.438294 -0.241411 0.789560 0.355266
0.367481 -0.194347 1.991946 0.438265 -0.241396 0.789555 0.355324
0.367058 -0.193898 1.991883 0.438237 -0.241384 0.789554 0.355368
0.366641 -0.193450 1.991822 0.438210 -0.241374 0.789557 0.355400
0.366231 -0.193003 1.991763 0.438185 -0.241366 0.789565 0.355420
0.365827 -0.192555 1.991705 0.438162 -0.241359 0.789578 0.355426
0.365431 -0.192108 1.991648 0.438140 -0.241352 0.789595 0.355419
0.365041 -0.191659 1.991593 0.438120 -0.241346 0.789616 0.355400
0.364659 -0.191210 1.991539 0.438102 -0.241338 0.789643 0.355369
0.364284 -0.190759 1.991487 0.438086 -0.241330 0.789674 0.355325
0.363916 -0.190307 1.991436 0.438071 -0.241321 0.789710 0.355269
0.363556 -0.189854 1.991387 0.438059 -0.241309 0.789751 0.355201
0.363203 -0.189398 1.991339 0.438049 -0.241296 0.789796 0.355122
0.362857 -0.188940 1.991292 0.438041 -0.241280 0.789847 0.355030
0.362519 -0.188480 1.991247 0.438035 -0.241261 0.789902 0.354928
0.362187 -0.188017 1.991202 0.438031 -0.241240 0.789962 0.354814
0.361864 -0.187552 1.991159 0.438029 -0.241215 0.790027 0.354688
0.361547 -0.187084 1.991117 0.438029 -0.241187 0.790096 0.354552
0.361237 -0.186613 1.991076 0.438032 -0.241155 0.790170 0.354406
0.360935 -0.186139 1.991037 0.438037 -0.241119 0.790249 0.354248
0.360640 -0.185662 1.990998 0.438044 -0.241079 0.790332 0.354081
0.360352 -0.185182 1.990960 0.438054 -0.241036 0.790420 0.353903
0.360071 -0.184699 1.990924 0.438065 -0.240988 0.790512 0.353715
0.359797 -0.184213 1.990888 0.438080 -0.240936 0.790608 0.353518
0.359529 -0.183724 1.990853 0.438096 -0.240880 0.790709 0.353310
0.359269 -0.183231 1.990819 0.438115 -0.240819 0.790814 0.353094
0.359015 -0.182735 1.990786 0.438136 -0.240754 0.790923 0.352868
0.358768 -0.182235 1.990753 0.438160 -0.240684 0.791035 0.352633
0.358528 -0.181733 1.990722 0.438186 -0.240610 0.791152 0.352389
0.358294 -0.181226 1.990691 0.438215 -0.240530 0.791273 0.352136
0.358066 -0.180717 1.990661 0.438246 -0.240447 0.791398 0.351875
0.357845 -0.180204 1.990631 0.438279 -0.240358 0.791526 0.351605
0.357543 -0.179702 1.990584 0.438275 -0.240362 0.791589 0.351467
0.357188 -0.179205 1.990529 0.438245 -0.240398 0.791609 0.351434
0.356800 -0.178711 1.990469 0.438192 -0.240454 0.791612 0.351453
0.356392 -0.178218 1.990409 0.438122 -0.240523 0.791614 0.351491
0.355973 -0.177725 1.990350 0.438037 -0.240600 0.791619 0.351531
0.355549 -0.177231 1.990293 0.437943 -0.240682 0.791632 0.351564
0.355125 -0.176736 1.990239 0.437843 -0.240765 0.791651 0.351587
0.354703 -0.176239 1.990187 0.437739 -0.240847 0.791679 0.351598
0.354285 -0.175740 1.990138 0.437634 -0.240927 0.791715 0.351595
0.353871 -0.175240 1.990092 0.437527 -0.241003 0.791758 0.351578
0.353463 -0.174737 1.990049 0.437421 -0.241076 0.791808 0.351547
0.353061 -0.174233 1.990008 0.437316 -0.241144 0.791865 0.351503
0.352666 -0.173726 1.989970 0.437213 -0.241207 0.791928 0.351445
0.352277 -0.173217 1.989934 0.437111 -0.241264 0.791999 0.351374
0.351895 -0.172706 1.989899 0.437012 -0.241316 0.792075 0.351291
0.351520 -0.172192 1.989867 0.436915 -0.241362 0.792157 0.351194
0.351152 -0.171675 1.989837 0.436821 -0.241402 0.792245 0.351085
0.350792 -0.171157 1.989808 0.436730 -0.241436 0.792338 0.350965
0.350438 -0.170635 1.989781 0.436641 -0.241464 0.792437 0.350832
0.350091 -0.170112 1.989756 0.436556 -0.241485 0.792541 0.350688
0.349751 -0.169585 1.989731 0.436475 -0.241501 0.792650 0.350533
0.349419 -0.169056 1.989708 0.436396 -0.241510 0.792764 0.350367
0.349093 -0.168524 1.989686 0.436321 -0.241513 0.792882 0.350191
0.348774 -0.167990 1.989666 0.436249 -0.241510 0.793005 0.350004
0.348462 -0.167453 1.989646 0.436181 -0.241500 0.793132 0.349806
0.348157 -0.166913 1.989627 0.436117 -0.241484 0.793264 0.349599
0.347859 -0.166371 1.989609 0.436056 -0.241462 0.793400 0.349382
0.347567 -0.165827 1.989591 0.435998 -0.241434 0.793540 0.349156
0.347282 -0.165279 1.989575 0.435944 -0.241399 0.793684 0.348920
0.347004 -0.164729 1.989559 0.435894 -0.241358 0.793831 0.348675
0.346732 -0.164177 1.989543 0.435848 -0.241312 0.793982 0.348421
0.346466 -0.163622 1.989529 0.435805 -0.241259 0.794137 0.348159
0.346207 -0.163064 1.989515 0.435766 -0.241200 0.794295 0.347888
0.345954 -0.162504 1.989501 0.435730 -0.241135 0.794457 0.347608
0.345707 -0.161941 1.989488 0.435698 -0.241064 0.794622 0.347320
0.345466 -0.161376 1.989475 0.435670 -0.240987 0.794790 0.347025
0.345231 -0.160809 1.989463 0.435645 -0.240905 0.794961 0.346721
0.345002 -0.160239 1.989452 0.435624 -0.240817 0.795135 0.346410
0.344779 -0.159667 1.989440 0.435606 -0.240723 0.795312 0.346091
0.344561 -0.159092 1.989429 0.435592 -0.240624 0.795492 0.345765
0.344279 -0.158522 1.989400 0.435572 -0.240550 0.795589 0.345617
0.343953 -0.157951 1.989362 0.435541 -0.240478 0.795641 0.345585
0.343600 -0.157380 1.989318 0.435496 -0.240408 0.795677 0.345608
0.343231 -0.156805 1.989272 0.435438 -0.240339 0.795711 0.345651
0.342855 -0.156228 1.989226 0.435371 -0.240269 0.795750 0.345696
0.342475 -0.155647 1.989181 0.435296 -0.240199 0.795795 0.345735
0.342097 -0.155063 1.989137 0.435217 -0.240125 0.795848 0.345763
0.341721 -0.154476 1.989094 0.435136 -0.240048 0.795910 0.345777
0.341349 -0.153886 1.989054 0.435054 -0.239966 0.795979 0.345777
0.340983 -0.153292 1.989015 0.434972 -0.239878 0.796056 0.345763
0.340623 -0.152695 1.988978 0.434891 -0.239786 0.796141 0.345734
0.340269 -0.152096 1.988944 0.434812 -0.239687 0.796233 0.345691
0.339921 -0.151493 1.988911 0.434734 -0.239583 0.796331 0.345634
0.339580 -0.150888 1.988879 0.434659 -0.239473 0.796436 0.345562
0.339246 -0.150280 1.988849 0.434586 -0.239357 0.796547 0.345478
0.338918 -0.149670 1.988821 0.434516 -0.239236 0.796665 0.345380
0.338596 -0.149058 1.988794 0.434449 -0.239109 0.796787 0.345269
0.338281 -0.148443 1.988769 0.434384 -0.238977 0.796916 0.345146
0.337972 -0.147827 1.988744 0.434323 -0.238839 0.797049 0.345011
0.337670 -0.147208 1.988721 0.434264 -0.238697 0.797187 0.344864
0.337373 -0.146587 1.988699 0.434209 -0.238549 0.797331 0.344705
0.337083 -0.145964 1.988678 0.434156 -0.238396 0.797478 0.344534
0.336799 -0.145340 1.988658 0.434107 -0.238238 0.797631 0.344353
0.336521 -0.144714 1.988638 0.434060 -0.238075 0.797787 0.344161
0.336249 -0.144086 1.988620 0.434017 -0.237908 0.797948 0.343959
0.335982 -0.143457 1.988602 0.433977 -0.237736 0.798113 0.343746
0.335721 -0.142826 1.988585 0.433940 -0.237560 0.798281 0.343523
0.335465 -0.142193 1.988569 0.433906 -0.237380 0.798454 0.343290
0.335215 -0.141560 1.988553 0.433876 -0.237195 0.798629 0.343048
0.334970 -0.140925 1.988539 0.433848 -0.237006 0.798808 0.342796
0.334731 -0.140288 1.988524 0.433824 -0.236813 0.798991 0.342535
0.334496 -0.139651 1.988510 0.433803 -0.236616 0.799176 0.342265
0.334267 -0.139012 1.988497 0.433784 -0.236415 0.799365 0.341986
0.334042 -0.138372 1.988485 0.433769 -0.236210 0.799556 0.341699
0.333823 -0.137731 1.988472 0.433757 -0.236002 0.799751 0.341403
0.333608 -0.137089 1.988461 0.433748 -0.235790 0.799948 0.341100
0.333397 -0.136446 1.988449 0.433742 -0.235575 0.800148 0.340788
0.333192 -0.135803 1.988438 0.433739 -0.235356 0.800350 0.340468
0.332990 -0.135158 1.988428 0.433738 -0.235134 0.800555 0.340140
0.332793 -0.134512 1.988418 0.433741 -0.234908 0.800762 0.339805
0.332529 -0.133884 1.988389 0.433732 -0.234780 0.800881 0.339624
0.332218 -0.133264 1.988351 0.433712 -0.234685 0.800945 0.339565
0.331876 -0.132650 1.988308 0.433676 -0.234610 0.800986 0.339566
0.331514 -0.132037 1.988263 0.433626 -0.234549 0.801021 0.339590
0.331140 -0.131424 1.988218 0.433564 -0.234495 0.801058 0.339618
0.330762 -0.130810 1.988173 0.433493 -0.234445 0.801102 0.339639
0.330381 -0.130194 1.988131 0.433416 -0.234396 0.801154 0.339649
0.330002 -0.129577 1.988090 0.433335 -0.234344 0.801214 0.339646
0.329624 -0.128958 1.988052 0.433252 -0.234288 0.801283 0.339629
0.329250 -0.128336 1.988015 0.433168 -0.234228 0.801360 0.339596
0.328881 -0.127713 1.987982 0.433084 -0.234162 0.801444 0.339549
0.328516 -0.127087 1.987950 0.433001 -0.234090 0.801537 0.339487
0.328157 -0.126460 1.987920 0.432918 -0.234013 0.801636 0.339410
0.327802 -0.125831 1.987893 0.432837 -0.233929 0.801743 0.339320
0.327453 -0.125201 1.987867 0.432758 -0.233840 0.801856 0.339216
0.327110 -0.124569 1.987843 0.432681 -0.233744 0.801975 0.339098
0.326772 -0.123935 1.987820 0.432606 -0.233642 0.802100 0.338968
0.326439 -0.123300 1.987799 0.432533 -0.233534 0.802231 0.338824
0.326112 -0.122664 1.987779 0.432463 -0.233420 0.802368 0.338669
0.325790 -0.122026 1.987761 0.432395 -0.233301 0.802510 0.338502
0.325474 -0.121387 1.987743 0.432330 -0.233176 0.802657 0.338323
0.325163 -0.120747 1.987727 0.432267 -0.233045 0.802808 0.338133
0.324857 -0.120107 1.987712 0.432208 -0.232909 0.802964 0.337931
0.324556 -0.119465 1.987697 0.432151 -0.232768 0.803125 0.337719
0.324261 -0.118822 1.987684 0.432098 -0.232622 0.803290 0.337497
0.323970 -0.118178 1.987671 0.432047 -0.232471 0.803459 0.337264
0.323684 -0.117534 1.987659 0.431999 -0.232315 0.803632 0.337021
0.323404 -0.116889 1.987648 0.431954 -0.232154 0.803808 0.336768
0.323128 -0.116243 1.987638 0.431912 -0.231988 0.803988 0.336506
0.322857 -0.115597 1.987628 0.431873 -0.231818 0.804172 0.336235
0.322590 -0.114950 1.987618 0.431838 -0.231643 0.804358 0.335954
0.322328 -0.114303 1.987610 0.431805 -0.231464 0.804548 0.335665
0.322071 -0.113655 1.987601 0.431775 -0.231281 0.804741 0.335367
0.321818 -0.113006 1.987593 0.431748 -0.231093 0.804937 0.335061
0.321569 -0.112357 1.987586 0.431724 -0.230902 0.805136 0.334746
0.321325 -0.111708 1.987579 0.431703 -0.230706 0.805337 0.334423
0.321085 -0.111058 1.987573 0.431685 -0.230507 0.805541 0.334093
0.320848 -0.110408 1.987567 0.431670 -0.230303 0.805748 0.333754
0.320616 -0.109757 1.987561 0.431658 -0.230097 0.805957 0.333408
0.320388 -0.109107 1.987555 0.431649 -0.229886 0.806168 0.333055
0.320094 -0.108469 1.987529 0.431617 -0.229738 0.806312 0.332850
0.319755 -0.107837 1.987490 0.431566 -0.229610 0.806415 0.332753
0.319388 -0.107207 1.987443 0.431499 -0.229495 0.806502 0.332707
0.319003 -0.106578 1.987392 0.431418 -0.229389 0.806587 0.332682
0.318609 -0.105946 1.987338 0.431328 -0.229285 0.806673 0.332660
0.318211 -0.105313 1.987284 0.431232 -0.229181 0.806766 0.332632
0.317814 -0.104676 1.987229 0.431132 -0.229074 0.806865 0.332595
0.317418 -0.104036 1.987175 0.431031 -0.228962 0.806971 0.332546
0.317026 -0.103393 1.987122 0.430930 -0.228843 0.807084 0.332483
0.316638 -0.102748 1.987070 0.430831 -0.228718 0.807204 0.332408
0.316256 -0.102099 1.987020 0.430733 -0.228586 0.807330 0.332318
0.315879 -0.101448 1.986971 0.430637 -0.228445 0.807463 0.332216
0.315507 -0.100794 1.986923 0.430544 -0.228298 0.807602 0.332099
0.315142 -0.100138 1.986877 0.430454 -0.228143 0.807747 0.331970
0.314782 -0.099480 1.986833 0.430367 -0.227982 0.807898 0.331828
0.314428 -0.098820 1.986790 0.430283 -0.227813 0.808054 0.331673
0.314079 -0.098158 1.986748 0.430202 -0.227638 0.808214 0.331507
0.313736 -0.097495 1.986707 0.430124 -0.227457 0.808380 0.331328
0.313399 -0.096831 1.986668 0.430049 -0.227269 0.808551 0.331138
0.313067 -0.096165 1.986630 0.429977 -0.227076 0.808726 0.330936
0.312740 -0.095499 1.986593 0.429908 -0.226878 0.808905 0.330724
0.312418 -0.094831 1.986558 0.429843 -0.226674 0.809088 0.330500
0.312101 -0.094163 1.986523 0.429780 -0.226465 0.809275 0.330266
0.311789 -0.093495 1.986490 0.429721 -0.226252 0.809466 0.330022
0.311481 -0.092825 1.986457 0.429665 -0.226033 0.809660 0.329768
0.311179 -0.092156 1.986426 0.429612 -0.225811 0.809858 0.329504
0.310881 -0.091486 1.986395 0.429563 -0.225584 0.810059 0.329231
0.310587 -0.090816 1.986365 0.429516 -0.225353 0.810263 0.328948
0.310298 -0.090146 1.986336 0.429472 -0.225118 0.810469 0.328656
0.310013 -0.089475 1.986308 0.429432 -0.224880 0.810679 0.328355
0.309732 -0.088805 1.986281 0.429394 -0.224637 0.810891 0.328046
0.309455 -0.088135 1.986255 0.429360 -0.224392 0.811106 0.327728
0.309183 -0.087465 1.986229 0.429328 -0.224143 0.811323 0.327402
0.308914 -0.086795 1.986204 0.429300 -0.223891 0.811542 0.327068
0.308649 -0.086126 1.986180 0.429274 -0.223636 0.811764 0.326725
0.308388 -0.085456 1.986156 0.429252 -0.223378 0.811988 0.326375
0.308130 -0.084787 1.986133 0.429232 -0.223117 0.812214 0.326018
0.307876 -0.084119 1.986111 0.429215 -0.222854 0.812441 0.325653
0.307626 -0.083450 1.986089 0.429201 -0.222588 0.812671 0.325281
0.307378 -0.082782 1.986068 0.429189 -0.222319 0.812902 0.324902
0.307087 -0.082126 1.986032 0.429134 -0.222165 0.813097 0.324592
0.306767 -0.081473 1.985984 0.429055 -0.222052 0.813264 0.324355
0.306430 -0.080817 1.985928 0.428960 -0.221957 0.813419 0.324157
0.306086 -0.080156 1.985866 0.428856 -0.221866 0.813572 0.323974
0.305739 -0.079488 1.985800 0.428747 -0.221770 0.813726 0.323796
0.305394 -0.078812 1.985731 0.428637 -0.221665 0.813884 0.323616
0.305054 -0.078129 1.985659 0.428529 -0.221546 0.814047 0.323431
0.304718 -0.077438 1.985586 0.428424 -0.221413 0.814215 0.323238
0.304388 -0.076740 1.985512 0.428323 -0.221263 0.814389 0.323036
0.304065 -0.076035 1.985438 0.428227 -0.221099 0.814568 0.322826
0.303748 -0.075323 1.985364 0.428135 -0.220919 0.814752 0.322606
0.303438 -0.074607 1.985289 0.428049 -0.220724 0.814941 0.322376
0.303134 -0.073885 1.985216 0.427967 -0.220516 0.815135 0.322137
0.302835 -0.073159 1.985142 0.427890 -0.220295 0.815333 0.321888
0.302542 -0.072429 1.985070 0.427817 -0.220061 0.815536 0.321630
0.302255 -0.071695 1.984998 0.427749 -0.219816 0.815744 0.321362
0.301972 -0.070959 1.984927 0.427685 -0.219561 0.815955 0.321085
0.301694 -0.070220 1.984857 0.427625 -0.219296 0.816170 0.320799
0.301421 -0.069478 1.984789 0.427569 -0.219022 0.816389 0.320504
0.301152 -0.068735 1.984721 0.427517 -0.218740 0.816611 0.320200
0.300888 -0.067991 1.984655 0.427468 -0.218450 0.816837 0.319887
0.300627 -0.067245 1.984589 0.427423 -0.218153 0.817066 0.319566
0.300369 -0.066499 1.984525 0.427381 -0.217850 0.817297 0.319237
0.300116 -0.065752 1.984462 0.427342 -0.217540 0.817532 0.318899
0.299865 -0.065005 1.984401 0.427306 -0.217226 0.817769 0.318554
0.299618 -0.064258 1.984340 0.427274 -0.216906 0.818008 0.318201
0.299373 -0.063511 1.984281 0.427244 -0.216581 0.818250 0.317839
0.299132 -0.062765 1.984223 0.427217 -0.216253 0.818494 0.317471
0.298893 -0.062019 1.984166 0.427194 -0.215920 0.818740 0.317095
0.298657 -0.061273 1.984110 0.427173 -0.215584 0.818988 0.316712
0.298424 -0.060529 1.984055 0.427154 -0.215245 0.819237 0.316322
0.298192 -0.059785 1.984002 0.427139 -0.214903 0.819488 0.315924
0.297964 -0.059042 1.983950 0.427126 -0.214558 0.819741 0.315521
0.297737 -0.058301 1.983899 0.427115 -0.214210 0.819995 0.315110
0.297512 -0.057561 1.983848 0.427108 -0.213861 0.820250 0.314693
0.297290 -0.056822 1.983800 0.427102 -0.213509 0.820507 0.314270
0.297069 -0.056085 1.983752 0.427099 -0.213155 0.820765 0.313840
0.296851 -0.055349 1.983705 0.427099 -0.212800 0.821024 0.313405
0.296634 -0.054615 1.983659 0.427101 -0.212443 0.821284 0.312964
0.296419 -0.053882 1.983614 0.427105 -0.212085 0.821544 0.312516
0.296136 -0.053179 1.983555 0.427049 -0.211885 0.821768 0.312141
0.295806 -0.052493 1.983487 0.426955 -0.211759 0.821963 0.311840
0.295445 -0.051817 1.983413 0.426836 -0.211677 0.822146 0.311577
0.295064 -0.051146 1.983336 0.426698 -0.211620 0.822326 0.311328
0.294672 -0.050475 1.983258 0.426548 -0.211574 0.822509 0.311082
0.294273 -0.049804 1.983180 0.426391 -0.211531 0.822696 0.310833
0.293872 -0.049131 1.983102 0.426231 -0.211486 0.822887 0.310576
0.293470 -0.048457 1.983025 0.426071 -0.211434 0.823084 0.310310
0.293070 -0.047779 1.982950 0.425911 -0.211375 0.823286 0.310034
0.292673 -0.047100 1.982876 0.425752 -0.211306 0.823493 0.309749
0.292278 -0.046418 1.982804 0.425597 -0.211227 0.823704 0.309454
0.291887 -0.045734 1.982734 0.425444 -0.211138 0.823921 0.309148
0.291500 -0.045048 1.982665 0.425295 -0.211039 0.824141 0.308833
0.291117 -0.044360 1.982599 0.425150 -0.210930 0.824366 0.308508
0.290738 -0.043671 1.982534 0.425008 -0.210811 0.824594 0.308174
0.290363 -0.042981 1.982470 0.424870 -0.210682 0.824826 0.307831
0.289992 -0.042290 1.982409 0.424737 -0.210545 0.825061 0.307479
0.289625 -0.041598 1.982349 0.424607 -0.210400 0.825300 0.307118
0.289262 -0.040906 1.982290 0.424482 -0.210246 0.825540 0.306749
0.288903 -0.040214 1.982234 0.424360 -0.210085 0.825784 0.306372
0.288547 -0.039522 1.982178 0.424243 -0.209916 0.826030 0.305987
0.288195 -0.038829 1.982124 0.424130 -0.209740 0.826278 0.305594
0.287847 -0.038137 1.982071 0.424020 -0.209558 0.826528 0.305194
0.287502 -0.037446 1.982020 0.423915 -0.209369 0.826780 0.304787
0.287161 -0.036755 1.981969 0.423814 -0.209175 0.827034 0.304373
0.286823 -0.036064 1.981920 0.423717 -0.208974 0.827289 0.303951
0.286489 -0.035375 1.981872 0.423624 -0.208769 0.827546 0.303524
0.286157 -0.034686 1.981825 0.423535 -0.208558 0.827804 0.303089
0.285829 -0.033998 1.981780 0.423450 -0.208342 0.828063 0.302649
0.285504 -0.033312 1.981735 0.423368 -0.208121 0.828323 0.302202
0.285182 -0.032626 1.981691 0.423291 -0.207896 0.828584 0.301749
0.284863 -0.031942 1.981648 0.423217 -0.207667 0.828846 0.301291
0.284547 -0.031259 1.981607 0.423147 -0.207433 0.829109 0.300826
0.284234 -0.030577 1.981566 0.423081 -0.207196 0.829372 0.300357
0.283923 -0.029896 1.981526 0.423018 -0.206955 0.829636 0.299881
0.283615 -0.029217 1.981487 0.422959 -0.206710 0.829901 0.299401
0.283310 -0.028539 1.981449 0.422903 -0.206462 0.830166 0.298915
0.283008 -0.027863 1.981411 0.422852 -0.206211 0.830432 0.298424
0.282708 -0.027188 1.981375 0.422803 -0.205956 0.830697 0.297929
0.282410 -0.026515 1.981339 0.422758 -0.205698 0.830964 0.297428
0.282065 -0.025857 1.981293 0.422672 -0.205535 0.831176 0.297069
0.281690 -0.025203 1.981240 0.422554 -0.205422 0.831367 0.296781
0.281296 -0.024546 1.981180 0.422414 -0.205332 0.831552 0.296524
0.280893 -0.023883 1.981115 0.422258 -0.205249 0.831739 0.296279
0.280485 -0.023211 1.981047 0.422095 -0.205161 0.831930 0.296035
0.280077 -0.022529 1.980977 0.421929 -0.205060 0.832128 0.295788
0.279671 -0.021837 1.980905 0.421762 -0.204942 0.832331 0.295534
0.279268 -0.021136 1.980831 0.421597 -0.204806 0.832542 0.295271
0.278870 -0.020426 1.980757 0.421435 -0.204651 0.832758 0.295000
0.278477 -0.019708 1.980683 0.421277 -0.204476 0.832980 0.294720
0.278088 -0.018982 1.980609 0.421123 -0.204283 0.833208 0.294430
0.277705 -0.018249 1.980536 0.420974 -0.204073 0.833441 0.294130
0.277326 -0.017510 1.980462 0.420829 -0.203846 0.833678 0.293821
0.276952 -0.016767 1.980390 0.420689 -0.203603 0.833921 0.293502
0.276583 -0.016018 1.980318 0.420553 -0.203346 0.834167 0.293174
0.276217 -0.015267 1.980247 0.420422 -0.203076 0.834417 0.292837
0.275856 -0.014512 1.980178 0.420295 -0.202794 0.834671 0.292491
0.275499 -0.013754 1.980109 0.420172 -0.202501 0.834928 0.292136
0.275145 -0.012995 1.980041 0.420053 -0.202197 0.835189 0.291773
0.274794 -0.012234 1.979974 0.419939 -0.201885 0.835452 0.291401
0.274447 -0.011472 1.979909 0.419828 -0.201564 0.835717 0.291020
0.274103 -0.010709 1.979844 0.419722 -0.201235 0.835985 0.290632
0.273762 -0.009946 1.979781 0.419619 -0.200900 0.836255 0.290236
0.273424 -0.009184 1.979719 0.419520 -0.200558 0.836527 0.289832
0.273088 -0.008422 1.979658 0.419425 -0.200210 0.836800 0.289421
0.272755 -0.007660 1.979598 0.419334 -0.199857 0.837075 0.289002
0.272425 -0.006900 1.979539 0.419246 -0.199500 0.837351 0.288577
0.272097 -0.006140 1.979481 0.419161 -0.199138 0.837628 0.288144
0.271771 -0.005383 1.979424 0.419080 -0.198773 0.837906 0.287705
0.271447 -0.004627 1.979369 0.419003 -0.198404 0.838186 0.287259
0.271125 -0.003872 1.979314 0.418929 -0.198032 0.838465 0.286806
0.270806 -0.003120 1.979261 0.418859 -0.197657 0.838746 0.286347
0.270488 -0.002370 1.979208 0.418791 -0.197281 0.839026 0.285883
0.270172 -0.001622 1.979157 0.418727 -0.196902 0.839308 0.285412
0.269858 -0.000876 1.979107 0.418667 -0.196521 0.839589 0.284935
0.269546 -0.000132 1.979057 0.418609 -0.196138 0.839871 0.284453
0.269235 0.000608 1.979008 0.418555 -0.195754 0.840152 0.283965
0.268926 0.001347 1.978961 0.418504 -0.195369 0.840434 0.283472
0.268619 0.002082 1.978914 0.418455 -0.194983 0.840716 0.282973
0.268313 0.002815 1.978868 0.418410 -0.194596 0.840997 0.282469
0.267982 0.003525 1.978814 0.418332 -0.194398 0.841239 0.282001
0.267633 0.004226 1.978753 0.418238 -0.194278 0.841450 0.281593
0.267272 0.004926 1.978686 0.418132 -0.194193 0.841648 0.281218
0.266906 0.005629 1.978613 0.418019 -0.194118 0.841841 0.280858
0.266538 0.006339 1.978536 0.417903 -0.194040 0.842036 0.280502
0.266170 0.007057 1.978456 0.417786 -0.193949 0.842233 0.280147
0.265804 0.007783 1.978373 0.417670 -0.193842 0.842435 0.279788
0.265441 0.008517 1.978289 0.417556 -0.193715 0.842641 0.279425
0.265081 0.009258 1.978203 0.417446 -0.193569 0.842851 0.279056
0.264724 0.010006 1.978117 0.417339 -0.193402 0.843066 0.278682
0.264370 0.010759 1.978030 0.417236 -0.193217 0.843285 0.278301
0.264020 0.011519 1.977943 0.417136 -0.193014 0.843509 0.277913
0.263673 0.012282 1.977856 0.417041 -0.192794 0.843736 0.277519
0.263329 0.013050 1.977770 0.416949 -0.192558 0.843967 0.277117
0.262988 0.013820 1.977685 0.416861 -0.192307 0.844202 0.276709
0.262649 0.014593 1.977601 0.416776 -0.192043 0.844440 0.276294
0.262313 0.015368 1.977517 0.416694 -0.191767 0.844681 0.275872
0.261978 0.016144 1.977434 0.416615 -0.191480 0.844925 0.275443
0.261646 0.016921 1.977353 0.416540 -0.191183 0.845171 0.275008
0.261315 0.017699 1.977272 0.416468 -0.190876 0.845420 0.274565
0.260986 0.018477 1.977193 0.416398 -0.190561 0.845671 0.274116
0.260659 0.019254 1.977115 0.416332 -0.190238 0.845924 0.273661
0.260333 0.020030 1.977038 0.416268 -0.189907 0.846179 0.273199
0.260008 0.020806 1.976963 0.416207 -0.189571 0.846435 0.272731
0.259684 0.021580 1.976889 0.416149 -0.189228 0.846693 0.272257
0.259362 0.022352 1.976816 0.416093 -0.188881 0.846952 0.271777
0.259041 0.023123 1.976745 0.416040 -0.188528 0.847212 0.271291
0.258720 0.023892 1.976674 0.415990 -0.188172 0.847473 0.270800
0.258401 0.024658 1.976605 0.415942 -0.187811 0.847735 0.270303
0.258082 0.025423 1.976538 0.415897 -0.187447 0.847998 0.269800
0.257765 0.026184 1.976471 0.415855 -0.187080 0.848262 0.269292
0.257448 0.026943 1.976406 0.415815 -0.186710 0.848526 0.268779
0.257132 0.027700 1.976342 0.415777 -0.186337 0.848790 0.268261
0.256816 0.028453 1.976280 0.415742 -0.185962 0.849055 0.267737
0.256501 0.029204 1.976218 0.415709 -0.185585 0.849319 0.267209
0.256187 0.029951 1.976158 0.415679 -0.185207 0.849584 0.266676
0.255873 0.030696 1.976099 0.415651 -0.184826 0.849849 0.266138
0.255561 0.031437 1.976041 0.415625 -0.184445 0.850114 0.265596
0.255248 0.032176 1.975984 0.415602 -0.184062 0.850379 0.265050
0.254936 0.032911 1.975928 0.415581 -0.183678 0.850644 0.264499
0.254616 0.033618 1.975862 0.415562 -0.183474 0.850847 0.264016
0.254291 0.034311 1.975787 0.415544 -0.183356 0.851013 0.263590
0.253962 0.035000 1.975703 0.415528 -0.183276 0.851161 0.263196
0.253633 0.035689 1.975611 0.415513 -0.183209 0.851299 0.262818
0.253306 0.036381 1.975512 0.415501 -0.183141 0.851434 0.262448
0.252980 0.037078 1.975409 0.415492 -0.183061 0.851568 0.262082
0.252658 0.037781 1.975302 0.415486 -0.182965 0.851704 0.261717
0.252339 0.038488 1.975191 0.415484 -0.182851 0.851842 0.261351
0.252022 0.039200 1.975078 0.415486 -0.182719 0.851982 0.260984
0.251709 0.039917 1.974964 0.415491 -0.182568 0.852125 0.260613
0.251398 0.040638 1.974848 0.415499 -0.182399 0.852272 0.260238
0.251090 0.041362 1.974732 0.415510 -0.182214 0.852422 0.259859
0.250783 0.042090 1.974616 0.415524 -0.182013 0.852575 0.259475
0.250478 0.042819 1.974500 0.415540 -0.181797 0.852731 0.259086
0.250175 0.043550 1.974384 0.415559 -0.181568 0.852891 0.258692
0.249873 0.044283 1.974270 0.415579 -0.181326 0.853054 0.258291
0.249572 0.045016 1.974156 0.415601 -0.181073 0.853220 0.257884
0.249271 0.045750 1.974043 0.415625 -0.180810 0.853389 0.257472
0.248972 0.046484 1.973931 0.415650 -0.180537 0.853560 0.257053
0.248672 0.047218 1.973821 0.415676 -0.180255 0.853735 0.256628
0.248374 0.047952 1.973712 0.415704 -0.179965 0.853912 0.256196
0.248075 0.048684 1.973605 0.415733 -0.179668 0.854092 0.255759
0.247776 0.049415 1.973500 0.415763 -0.179364 0.854274 0.255315
0.247477 0.050145 1.973396 0.415793 -0.179054 0.854458 0.254865
0.247179 0.050874 1.973293 0.415825 -0.178739 0.854645 0.254409
0.246880 0.051600 1.973193 0.415858 -0.178418 0.854834 0.253946
0.246580 0.052325 1.973094 0.415892 -0.178093 0.855024 0.253478
0.246281 0.053048 1.972997 0.415926 -0.177763 0.855216 0.253003
0.245981 0.053769 1.972902 0.415961 -0.177429 0.855411 0.252523
0.245681 0.054487 1.972808 0.415998 -0.177091 0.855606 0.252037
0.245381 0.055203 1.972716 0.416035 -0.176751 0.855803 0.251545
0.245080 0.055917 1.972626 0.416073 -0.176407 0.856002 0.251048
0.244779 0.056628 1.972537 0.416111 -0.176060 0.856202 0.250546
0.244477 0.057336 1.972450 0.416151 -0.175711 0.856403 0.250037
0.244175 0.058042 1.972365 0.416191 -0.175359 0.856605 0.249524
0.243873 0.058745 1.972282 0.416233 -0.175006 0.856808 0.249006
0.243570 0.059446 1.972200 0.416275 -0.174650 0.857012 0.248482
0.243267 0.060144 1.972119 0.416318 -0.174292 0.857217 0.247953
0.242963 0.060838 1.972041 0.416361 -0.173933 0.857423 0.247420
0.242659 0.061530 1.971963 0.416406 -0.173572 0.857629 0.246882
0.242374 0.062216 1.971885 0.416445 -0.173458 0.857811 0.246264
0.242100 0.062905 1.971803 0.416494 -0.173417 0.857960 0.245691
0.241831 0.063604 1.971716 0.416549 -0.173395 0.858092 0.245151
0.241568 0.064316 1.971624 0.416605 -0.173366 0.858220 0.244628
0.241308 0.065042 1.971527 0.416663 -0.173316 0.858347 0.244116
0.241052 0.065782 1.971425 0.416722 -0.173240 0.858478 0.243610
0.240798 0.066534 1.971320 0.416782 -0.173134 0.858613 0.243107
0.240546 0.067298 1.971212 0.416843 -0.172999 0.858753 0.242605
0.240295 0.068072 1.971102 0.416904 -0.172834 0.858898 0.242104
0.240046 0.068855 1.970989 0.416967 -0.172642 0.859047 0.241602
0.239796 0.069647 1.970876 0.417029 -0.172425 0.859202 0.241098
0.239547 0.070445 1.970761 0.417092 -0.172184 0.859362 0.240593
0.239298 0.071249 1.970646 0.417155 -0.171921 0.859526 0.240085
0.239047 0.072058 1.970531 0.417218 -0.171639 0.859694 0.239574
0.238796 0.072871 1.970416 0.417280 -0.171339 0.859867 0.239059
0.238544 0.073686 1.970302 0.417343 -0.171023 0.860043 0.238541
0.238290 0.074504 1.970188 0.417405 -0.170693 0.860223 0.238020
0.238034 0.075323 1.970075 0.417467 -0.170349 0.860407 0.237493
0.237777 0.076143 1.969964 0.417528 -0.169994 0.860593 0.236963
0.237518 0.076963 1.969853 0.417589 -0.169628 0.860783 0.236429
0.237256 0.077783 1.969744 0.417649 -0.169252 0.860976 0.235890
0.236993 0.078603 1.969637 0.417709 -0.168868 0.861171 0.235346
0.236727 0.079421 1.969531 0.417768 -0.168476 0.861368 0.234798
0.236460 0.080238 1.969426 0.417827 -0.168076 0.861568 0.234246
0.236190 0.081052 1.969323 0.417886 -0.167671 0.861770 0.233689
0.235918 0.081865 1.969222 0.417944 -0.167261 0.861973 0.233128
0.235643 0.082675 1.969122 0.418002 -0.166845 0.862179 0.232563
0.235367 0.083483 1.969024 0.418059 -0.166425 0.862385 0.231993
0.235088 0.084287 1.968928 0.418116 -0.166001 0.862594 0.231419
0.234807 0.085089 1.968833 0.418173 -0.165574 0.862803 0.230841
0.234523 0.085887 1.968740 0.418230 -0.165143 0.863014 0.230258
0.234238 0.086682 1.968649 0.418287 -0.164711 0.863225 0.229672
0.233950 0.087473 1.968560 0.418343 -0.164275 0.863437 0.229082
0.233660 0.088261 1.968472 0.418399 -0.163838 0.863651 0.228487
0.233369 0.089045 1.968386 0.418456 -0.163400 0.863864 0.227889
0.233075 0.089825 1.968301 0.418512 -0.162960 0.864079 0.227288
0.232779 0.090601 1.968218 0.418568 -0.162518 0.864293 0.226683
0.232481 0.091373 1.968137 0.418625 -0.162076 0.864509 0.226074
0.232181 0.092141 1.968057 0.418681 -0.161633 0.864724 0.225461
0.231879 0.092905 1.967979 0.418738 -0.161190 0.864940 0.224846
0.231593 0.093660 1.967903 0.418802 -0.160955 0.865114 0.224222
0.231314 0.094416 1.967828 0.418873 -0.160799 0.865261 0.223634
0.231039 0.095178 1.967749 0.418947 -0.160671 0.865396 0.223068
0.230766 0.095951 1.967667 0.419020 -0.160542 0.865527 0.222512
0.230495 0.096734 1.967581 0.419092 -0.160399 0.865660 0.221963
0.230224 0.097527 1.967492 0.419164 -0.160235 0.865795 0.221416
0.229954 0.098330 1.967400 0.419234 -0.160047 0.865935 0.220871
0.229683 0.099142 1.967305 0.419304 -0.159833 0.866080 0.220326
0.229411 0.099961 1.967207 0.419373 -0.159595 0.866229 0.219781
0.229138 0.100787 1.967108 0.419441 -0.159334 0.866382 0.219235
0.228864 0.101619 1.967008 0.419508 -0.159051 0.866540 0.218687
0.228588 0.102455 1.966907 0.419575 -0.158748 0.866702 0.218137
0.228310 0.103294 1.966806 0.419641 -0.158427 0.866867 0.217585
0.228031 0.104136 1.966704 0.419707 -0.158090 0.867037 0.217029
0.227749 0.104980 1.966602 0.419771 -0.157737 0.867209 0.216470
0.227464 0.105825 1.966500 0.419835 -0.157371 0.867385 0.215908
0.227177 0.106670 1.966399 0.419898 -0.156993 0.867564 0.215343
0.226887 0.107515 1.966299 0.419960 -0.156603 0.867745 0.214774
0.226595 0.108360 1.966199 0.420021 -0.156204 0.867929 0.214201
0.226300 0.109203 1.966100 0.420082 -0.155796 0.868115 0.213624
0.226002 0.110045 1.966003 0.420142 -0.155381 0.868303 0.213043
0.225701 0.110884 1.965906 0.420201 -0.154958 0.868493 0.212458
0.225398 0.111721 1.965810 0.420260 -0.154529 0.868685 0.211870
0.225091 0.112555 1.965716 0.420318 -0.154094 0.868878 0.211277
0.224782 0.113387 1.965623 0.420375 -0.153655 0.869073 0.210680
0.224471 0.114215 1.965532 0.420432 -0.153211 0.869269 0.210080
0.224156 0.115039 1.965441 0.420489 -0.152763 0.869467 0.209476
0.223839 0.115860 1.965353 0.420545 -0.152312 0.869665 0.208868
0.223519 0.116677 1.965265 0.420601 -0.151858 0.869864 0.208257
0.223196 0.117491 1.965179 0.420656 -0.151402 0.870064 0.207642
0.222871 0.118300 1.965094 0.420711 -0.150943 0.870264 0.207023
0.222543 0.119104 1.965011 0.420766 -0.150483 0.870465 0.206401
0.222213 0.119905 1.964929 0.420821 -0.150021 0.870666 0.205776
0.221881 0.120700 1.964849 0.420874 -0.149557 0.870868 0.205149
0.221546 0.121491 1.964772 0.420923 -0.149090 0.871072 0.204522
0.221210 0.122276 1.964698 0.420968 -0.148621 0.871277 0.203897
0.220873 0.123055 1.964626 0.421007 -0.148150 0.871484 0.203274
0.220535 0.123828 1.964558 0.421041 -0.147678 0.871692 0.202654
0.220196 0.124593 1.964492 0.421070 -0.147206 0.871901 0.202037
0.219858 0.125350 1.964429 0.421094 -0.146734 0.872111 0.201424
0.219542 0.126112 1.964364 0.421118 -0.146499 0.872320 0.200638
0.219238 0.126886 1.964295 0.421152 -0.146339 0.872515 0.199832
0.218940 0.127676 1.964221 0.421193 -0.146195 0.872704 0.199028
0.218646 0.128482 1.964141 0.421237 -0.146039 0.872890 0.198230
0.218354 0.129304 1.964056 0.421283 -0.145859 0.873077 0.197438
0.218063 0.130141 1.963966 0.421330 -0.145649 0.873267 0.196653
0.217772 0.130992 1.963871 0.421376 -0.145407 0.873460 0.195874
0.217479 0.131854 1.963772 0.421422 -0.145134 0.873656 0.195100
0.217185 0.132726 1.963670 0.421467 -0.144832 0.873856 0.194331
0.216888 0.133606 1.963565 0.421512 -0.144502 0.874059 0.193565
0.216589 0.134493 1.963458 0.421556 -0.144147 0.874265 0.192802
0.216287 0.135386 1.963349 0.421600 -0.143770 0.874473 0.192042
0.215982 0.136283 1.963240 0.421643 -0.143372 0.874684 0.191284
0.215674 0.137184 1.963129 0.421684 -0.142955 0.874898 0.190527
0.215362 0.138086 1.963019 0.421722 -0.142521 0.875114 0.189775
0.215048 0.138988 1.962910 0.421755 -0.142070 0.875333 0.189027
0.214731 0.139890 1.962802 0.421782 -0.141606 0.875555 0.188285
0.214412 0.140789 1.962696 0.421803 -0.141129 0.875780 0.187548
0.214092 0.141685 1.962592 0.421819 -0.140641 0.876007 0.186818
0.213770 0.142577 1.962491 0.421829 -0.140145 0.876236 0.186093
0.213447 0.143463 1.962391 0.421833 -0.139641 0.876466 0.185375
0.213123 0.144344 1.962293 0.421833 -0.139133 0.876698 0.184663
0.212800 0.145217 1.962197 0.421827 -0.138620 0.876929 0.183959
0.212477 0.146082 1.962104 0.421818 -0.138104 0.877161 0.183262
0.212154 0.146939 1.962012 0.421805 -0.137587 0.877392 0.182574
0.211833 0.147786 1.961922 0.421788 -0.137069 0.877623 0.181893
0.211513 0.148625 1.961833 0.421768 -0.136551 0.877852 0.181221
0.211194 0.149453 1.961747 0.421745 -0.136035 0.878080 0.180558
0.210877 0.150270 1.961662 0.421720 -0.135520 0.878306 0.179904
0.210562 0.151077 1.961578 0.421692 -0.135009 0.878530 0.179259
0.210249 0.151873 1.961496 0.421663 -0.134500 0.878751 0.178623
0.209939 0.152657 1.961415 0.421632 -0.133995 0.878970 0.177997
0.209632 0.153430 1.961336 0.421599 -0.133495 0.879187 0.177381
0.209327 0.154191 1.961258 0.421566 -0.132999 0.879400 0.176774
0.209025 0.154940 1.961181 0.421531 -0.132509 0.879611 0.176177
0.208726 0.155677 1.961106 0.421496 -0.132024 0.879818 0.175589
0.208431 0.156402 1.961031 0.421459 -0.131544 0.880022 0.175012
0.208139 0.157115 1.960958 0.421423 -0.131071 0.880223 0.174444
0.207850 0.157815 1.960886 0.421386 -0.130605 0.880420 0.173886
0.207564 0.158504 1.960815 0.421349 -0.130145 0.880614 0.173338
0.207322 0.159212 1.960747 0.421407 -0.129868 0.880735 0.172790
0.207102 0.159944 1.960680 0.421513 -0.129662 0.880823 0.172238
0.206892 0.160703 1.960613 0.421641 -0.129471 0.880898 0.171682
0.206686 0.161485 1.960544 0.421776 -0.129263 0.880973 0.171122
0.206479 0.162289 1.960474 0.421910 -0.129026 0.881053 0.170559
0.206269 0.163112 1.960403 0.422038 -0.128755 0.881140 0.169994
0.206056 0.163950 1.960332 0.422157 -0.128450 0.881237 0.169427
0.205838 0.164800 1.960259 0.422267 -0.128112 0.881343 0.168859
0.205616 0.165661 1.960186 0.422367 -0.127743 0.881457 0.168291
0.205390 0.166530 1.960112 0.422457 -0.127348 0.881579 0.167723
0.205160 0.167404 1.960038 0.422538 -0.126929 0.881708 0.167157
0.204926 0.168282 1.959964 0.422610 -0.126488 0.881844 0.166592
0.204688 0.169161 1.959890 0.422674 -0.126030 0.881985 0.166029
0.204448 0.170041 1.959816 0.422731 -0.125556 0.882131 0.165468
0.204205 0.170919 1.959742 0.422780 -0.125069 0.882281 0.164911
0.203960 0.171795 1.959668 0.422822 -0.124570 0.882434 0.164357
0.203713 0.172667 1.959595 0.422858 -0.124063 0.882591 0.163808
0.203465 0.173535 1.959522 0.422889 -0.123547 0.882749 0.163262
0.203216 0.174397 1.959449 0.422914 -0.123026 0.882910 0.162721
0.202966 0.175252 1.959377 0.422935 -0.122501 0.883071 0.162186
0.202716 0.176101 1.959305 0.422952 -0.121972 0.883234 0.161655
0.202466 0.176941 1.959234 0.422964 -0.121442 0.883397 0.161130
0.202216 0.177773 1.959163 0.422973 -0.120910 0.883560 0.160611
0.201966 0.178596 1.959092 0.422978 -0.120379 0.883723 0.160098
0.201717 0.179410 1.959023 0.422981 -0.119848 0.883886 0.159591
0.201469 0.180214 1.958953 0.422981 -0.119320 0.884048 0.159091
0.201222 0.181007 1.958885 0.422978 -0.118793 0.884208 0.158598
0.200976 0.181791 1.958817 0.422974 -0.118270 0.884368 0.158111
0.200732 0.182563 1.958749 0.422967 -0.117750 0.884526 0.157631
0.200489 0.183325 1.958683 0.422959 -0.117235 0.884683 0.157158
0.200249 0.184076 1.958616 0.422949 -0.116724 0.884838 0.156692
0.200010 0.184815 1.958551 0.422938 -0.116218 0.884991 0.156233
0.199774 0.185543 1.958486 0.422925 -0.115717 0.885142 0.155781
0.199540 0.186260 1.958422 0.422912 -0.115223 0.885291 0.155337
0.199308 0.186965 1.958358 0.422898 -0.114734 0.885438 0.154899
0.199078 0.187659 1.958295 0.422883 -0.114251 0.885582 0.154470
0.198852 0.188341 1.958233 0.422868 -0.113775 0.885724 0.154047
0.198627 0.189011 1.958171 0.422852 -0.113305 0.885864 0.153632
0.198406 0.189671 1.958110 0.422835 -0.112842 0.886002 0.153223
0.198187 0.190318 1.958049 0.422819 -0.112385 0.886137 0.152823
0.198001 0.190998 1.957995 0.422856 -0.112077 0.886254 0.152267
0.197831 0.191708 1.957945 0.422922 -0.111815 0.886362 0.151646
0.197669 0.192447 1.957895 0.422999 -0.111553 0.886469 0.150996
0.197509 0.193209 1.957845 0.423078 -0.111269 0.886581 0.150331
0.197348 0.193991 1.957795 0.423153 -0.110955 0.886698 0.149660
0.197183 0.194790 1.957743 0.423221 -0.110610 0.886822 0.148986
0.197015 0.195602 1.957690 0.423282 -0.110234 0.886952 0.148313
0.196842 0.196425 1.957635 0.423335 -0.109830 0.887089 0.147641
0.196665 0.197255 1.957579 0.423380 -0.109401 0.887232 0.146973
0.196483 0.198090 1.957521 0.423418 -0.108949 0.887379 0.146308
0.196298 0.198929 1.957462 0.423448 -0.108479 0.887531 0.145648
0.196109 0.199770 1.957402 0.423472 -0.107992 0.887686 0.144993
0.195916 0.200610 1.957341 0.423490 -0.107491 0.887844 0.144345
0.195721 0.201450 1.957279 0.423502 -0.106978 0.888004 0.143702
0.195523 0.202287 1.957216 0.423509 -0.106456 0.888166 0.143066
0.195323 0.203120 1.957153 0.423512 -0.105926 0.888330 0.142437
0.195121 0.203949 1.957089 0.423510 -0.105389 0.888494 0.141815
0.194917 0.204772 1.957024 0.423505 -0.104848 0.888658 0.141200
0.194713 0.205589 1.956959 0.423496 -0.104303 0.888822 0.140593
0.194507 0.206399 1.956894 0.423484 -0.103757 0.888987 0.139994
0.194301 0.207202 1.956829 0.423470 -0.103209 0.889150 0.139403
0.194095 0.207997 1.956763 0.423453 -0.102661 0.889313 0.138821
0.193889 0.208783 1.956697 0.423434 -0.102114 0.889474 0.138246
0.193683 0.209560 1.956632 0.423413 -0.101568 0.889634 0.137680
0.193477 0.210328 1.956567 0.423391 -0.101025 0.889793 0.137122
0.193272 0.211087 1.956501 0.423367 -0.100485 0.889950 0.136573
0.193068 0.211835 1.956436 0.423342 -0.099949 0.890105 0.136033
0.192865 0.212573 1.956371 0.423316 -0.099416 0.890258 0.135501
0.192663 0.213302 1.956307 0.423289 -0.098888 0.890409 0.134978
0.192463 0.214019 1.956242 0.423262 -0.098366 0.890558 0.134464
0.192264 0.214726 1.956178 0.423234 -0.097848 0.890704 0.133959
0.192067 0.215423 1.956114 0.423206 -0.097336 0.890848 0.133462
0.191872 0.216108 1.956051 0.423177 -0.096830 0.890990 0.132974
0.191679 0.216783 1.955988 0.423148 -0.096331 0.891129 0.132495
0.191488 0.217447 1.955926 0.423119 -0.095838 0.891266 0.132024
0.191298 0.218100 1.955863 0.423091 -0.095351 0.891400 0.131562
0.191112 0.218742 1.955802 0.423062 -0.094871 0.891532 0.131109
0.190927 0.219373 1.955741 0.423033 -0.094398 0.891661 0.130664
0.190745 0.219994 1.955680 0.423005 -0.093933 0.891787 0.130228
0.190565 0.220603 1.955620 0.422977 -0.093474 0.891911 0.129800
0.190416 0.221248 1.955582 0.423022 -0.093194 0.891992 0.129298
0.190279 0.221925 1.955559 0.423098 -0.092982 0.892057 0.128750
0.190143 0.222632 1.955545 0.423183 -0.092784 0.892121 0.128168
0.190002 0.223364 1.955537 0.423267 -0.092574 0.892190 0.127561
0.189853 0.224118 1.955533 0.423342 -0.092340 0.892269 0.126933
0.189694 0.224889 1.955531 0.423406 -0.092078 0.892356 0.126291
0.189526 0.225674 1.955530 0.423459 -0.091787 0.892453 0.125638
0.189348 0.226471 1.955529 0.423500 -0.091468 0.892559 0.124977
0.189160 0.227277 1.955529 0.423531 -0.091125 0.892673 0.124311
0.188965 0.228089 1.955528 0.423551 -0.090759 0.892793 0.123642
0.188762 0.228905 1.955526 0.423563 -0.090372 0.892920 0.122972
0.188551 0.229724 1.955524 0.423565 -0.089968 0.893051 0.122301
0.188335 0.230544 1.955520 0.423560 -0.089549 0.893187 0.121631
0.188113 0.231364 1.955516 0.423549 -0.089116 0.893327 0.120964
0.187886 0.232183 1.955511 0.423531 -0.088672 0.893469 0.120300
0.187654 0.232999 1.955505 0.423507 -0.088218 0.893614 0.119640
0.187420 0.233811 1.955498 0.423478 -0.087755 0.893761 0.118984
0.187182 0.234619 1.955490 0.423445 -0.087286 0.893908 0.118333
0.186941 0.235422 1.955481 0.423408 -0.086812 0.894057 0.117689
0.186699 0.236219 1.955471 0.423368 -0.086333 0.894207 0.117050
0.186455 0.237010 1.955461 0.423324 -0.085851 0.894356 0.116418
0.186210 0.237794 1.955449 0.423278 -0.085367 0.894505 0.115794
0.185965 0.238570 1.955437 0.423229 -0.084881 0.894654 0.115176
0.185719 0.239338 1.955424 0.423179 -0.084395 0.894803 0.114567
0.185473 0.240097 1.955411 0.423126 -0.083910 0.894950 0.113965
0.185227 0.240848 1.955396 0.423073 -0.083425 0.895096 0.113372
0.184982 0.241590 1.955381 0.423018 -0.082942 0.895241 0.112787
0.184738 0.242322 1.955366 0.422962 -0.082461 0.895384 0.112210
0.184495 0.243045 1.955349 0.422905 -0.081983 0.895526 0.111642
0.184253 0.243758 1.955333 0.422848 -0.081508 0.895666 0.111083
0.184013 0.244461 1.955315 0.422790 -0.081037 0.895804 0.110533
0.183775 0.245155 1.955297 0.422732 -0.080569 0.895940 0.109991
0.183539 0.245838 1.955279 0.422674 -0.080106 0.896074 0.109459
0.183305 0.246511 1.955260 0.422616 -0.079647 0.896206 0.108936
0.183073 0.247173 1.955241 0.422559 -0.079193 0.896336 0.108422
0.182843 0.247825 1.955222 0.422501 -0.078744 0.896463 0.107917
0.182616 0.248467 1.955202 0.422444 -0.078301 0.896588 0.107420
0.182392 0.249099 1.955181 0.422388 -0.077863 0.896711 0.106933
0.182171 0.249720 1.955161 0.422332 -0.077431 0.896832 0.106455
0.181952 0.250331 1.955140 0.422277 -0.077004 0.896950 0.105986
0.181772 0.250992 1.955146 0.422270 -0.076692 0.897045 0.105438
0.181614 0.251696 1.955169 0.422283 -0.076414 0.897132 0.104842
0.181466 0.252434 1.955200 0.422300 -0.076132 0.897221 0.104216
0.181324 0.253201 1.955236 0.422315 -0.075829 0.897314 0.103572
0.181183 0.253991 1.955273 0.422323 -0.075497 0.897414 0.102915
0.181040 0.254797 1.955309 0.422323 -0.075136 0.897520 0.102251
0.180895 0.255616 1.955342 0.422316 -0.074746 0.897632 0.101585
0.180746 0.256443 1.955371 0.422300 -0.074331 0.897749 0.100920
0.180595 0.257276 1.955396 0.422279 -0.073893 0.897869 0.100259
0.180440 0.258112 1.955416 0.422251 -0.073436 0.897993 0.099602
0.180282 0.258949 1.955432 0.422218 -0.072962 0.898118 0.098953
0.180121 0.259786 1.955444 0.422181 -0.072474 0.898246 0.098310
0.179958 0.260620 1.955452 0.422140 -0.071975 0.898374 0.097676
0.179792 0.261451 1.955457 0.422096 -0.071466 0.898504 0.097050
0.179625 0.262279 1.955457 0.422049 -0.070949 0.898633 0.096433
0.179455 0.263101 1.955455 0.422000 -0.070426 0.898762 0.095826
0.179284 0.263916 1.955449 0.421948 -0.069899 0.898891 0.095227
0.179113 0.264726 1.955440 0.421895 -0.069368 0.899020 0.094638
0.178940 0.265528 1.955429 0.421840 -0.068835 0.899147 0.094058
0.178766 0.266322 1.955416 0.421784 -0.068301 0.899274 0.093487
0.178592 0.267108 1.955400 0.421727 -0.067766 0.899399 0.092926
0.178419 0.267886 1.955382 0.421670 -0.067233 0.899523 0.092374
0.178245 0.268654 1.955362 0.421611 -0.066700 0.899645 0.091831
0.178071 0.269413 1.955341 0.421553 -0.066170 0.899766 0.091298
0.177898 0.270163 1.955318 0.421493 -0.065642 0.899886 0.090774
0.177725 0.270903 1.955293 0.421434 -0.065118 0.900003 0.090259
0.177554 0.271633 1.955268 0.421375 -0.064597 0.900119 0.089754
0.177383 0.272353 1.955241 0.421316 -0.064081 0.900233 0.089257
0.177213 0.273062 1.955213 0.421257 -0.063569 0.900345 0.088770
0.177045 0.273761 1.955184 0.421199 -0.063062 0.900455 0.088291
0.176878 0.274450 1.955155 0.421141 -0.062560 0.900563 0.087822
0.176712 0.275129 1.955124 0.421083 -0.062064 0.900669 0.087361
0.176548 0.275797 1.955093 0.421026 -0.061573 0.900773 0.086909
0.176386 0.276454 1.955061 0.420970 -0.061088 0.900875 0.086466
0.176226 0.277101 1.955029 0.420914 -0.060610 0.900975 0.086031
0.176067 0.277737 1.954996 0.420859 -0.060137 0.901073 0.085605
0.175910 0.278363 1.954963 0.420805 -0.059672 0.901169 0.085187
0.175755 0.278978 1.954930 0.420752 -0.059212 0.901263 0.084778
0.175603 0.279583 1.954896 0.420700 -0.058760 0.901354 0.084376
0.175452 0.280178 1.954862 0.420649 -0.058314 0.901444 0.083983
0.175332 0.280816 1.954859 0.420631 -0.057995 0.901522 0.083457
0.175225 0.281488 1.954876 0.420626 -0.057710 0.901595 0.082882
0.175125 0.282185 1.954906 0.420624 -0.057426 0.901670 0.082275
0.175026 0.282902 1.954944 0.420619 -0.057131 0.901748 0.081648
0.174926 0.283635 1.954987 0.420608 -0.056818 0.901831 0.081009
0.174822 0.284379 1.955032 0.420589 -0.056486 0.901918 0.080361
0.174714 0.285130 1.955078 0.420564 -0.056136 0.902010 0.079708
0.174602 0.285885 1.955122 0.420532 -0.055769 0.902105 0.079054
0.174486 0.286641 1.955165 0.420494 -0.055388 0.902203 0.078401
0.174365 0.287396 1.955205 0.420451 -0.054994 0.902303 0.077751
0.174241 0.288149 1.955243 0.420404 -0.054591 0.902405 0.077107
0.174112 0.288899 1.955278 0.420353 -0.054179 0.902508 0.076468
0.173981 0.289644 1.955311 0.420299 -0.053760 0.902611 0.075837
0.173847 0.290385 1.955341 0.420243 -0.053335 0.902715 0.075214
0.173710 0.291119 1.955369 0.420185 -0.052907 0.902818 0.074599
0.173572 0.291847 1.955394 0.420124 -0.052475 0.902921 0.073993
0.173431 0.292568 1.955416 0.420063 -0.052041 0.903024 0.073395
0.173289 0.293282 1.955437 0.420000 -0.051606 0.903126 0.072807
0.173146 0.293988 1.955455 0.419936 -0.051171 0.903227 0.072228
0.173002 0.294686 1.955471 0.419872 -0.050735 0.903327 0.071658
0.172857 0.295376 1.955485 0.419807 -0.050300 0.903425 0.071097
0.172712 0.296057 1.955498 0.419742 -0.049867 0.903523 0.070546
0.172567 0.296730 1.955509 0.419676 -0.049435 0.903619 0.070004
0.172421 0.297394 1.955518 0.419611 -0.049005 0.903714 0.069472
0.172276 0.298048 1.955526 0.419546 -0.048579 0.903807 0.068949
0.172131 0.298694 1.955532 0.419481 -0.048155 0.903899 0.068435
0.171987 0.299331 1.955537 0.419416 -0.047734 0.903990 0.067931
0.171843 0.299958 1.955541 0.419351 -0.047317 0.904079 0.067436
0.171701 0.300576 1.955544 0.419288 -0.046904 0.904166 0.066950
0.171559 0.301184 1.955545 0.419224 -0.046494 0.904251 0.066473
0.171418 0.301784 1.955546 0.419162 -0.046089 0.904335 0.066005
0.171279 0.302373 1.955545 0.419100 -0.045689 0.904418 0.065547
0.171141 0.302954 1.955544 0.419039 -0.045293 0.904499 0.065097
0.171004 0.303525 1.955542 0.418978 -0.044902 0.904578 0.064656
0.170869 0.304087 1.955539 0.418919 -0.044516 0.904655 0.064224
0.170735 0.304640 1.955536 0.418860 -0.044135 0.904731 0.063800
0.170603 0.305183 1.955531 0.418803 -0.043759 0.904805 0.063385
0.170472 0.305718 1.955526 0.418746 -0.043389 0.904877 0.062978
0.170344 0.306243 1.955521 0.418690 -0.043023 0.904948 0.062580
0.170217 0.306759 1.955515 0.418636 -0.042663 0.905017 0.062190
0.170137 0.307322 1.955534 0.418633 -0.042436 0.905064 0.061677
0.170086 0.307919 1.955567 0.418655 -0.042250 0.905101 0.061118
0.170053 0.308541 1.955605 0.418688 -0.042069 0.905133 0.060537
0.170034 0.309183 1.955645 0.418726 -0.041878 0.905164 0.059948
0.170025 0.309839 1.955684 0.418763 -0.041670 0.905195 0.059359
0.170022 0.310506 1.955720 0.418800 -0.041444 0.905226 0.058777
0.170024 0.311181 1.955751 0.418836 -0.041199 0.905258 0.058205
0.170029 0.311864 1.955779 0.418870 -0.040937 0.905289 0.057646
0.170038 0.312552 1.955802 0.418903 -0.040658 0.905322 0.057099
0.170048 0.313244 1.955821 0.418934 -0.040365 0.905354 0.056566
0.170060 0.313941 1.955836 0.418964 -0.040057 0.905386 0.056046
0.170072 0.314641 1.955847 0.418993 -0.039736 0.905418 0.055540
0.170084 0.315344 1.955854 0.419020 -0.039403 0.905450 0.055045
0.170096 0.316050 1.955859 0.419045 -0.039059 0.905483 0.054563
0.170107 0.316759 1.955860 0.419068 -0.038703 0.905515 0.054091
0.170117 0.317470 1.955858 0.419090 -0.038337 0.905548 0.053629
0.170124 0.318183 1.955854 0.419109 -0.037961 0.905582 0.053176
0.170129 0.318895 1.955846 0.419126 -0.037575 0.905616 0.052730
0.170131 0.319604 1.955835 0.419139 -0.037180 0.905652 0.052289
0.170131 0.320310 1.955821 0.419150 -0.036778 0.905689 0.051856
0.170127 0.321012 1.955802 0.419158 -0.036370 0.905726 0.051429
0.170121 0.321709 1.955781 0.419164 -0.035958 0.905763 0.051008
0.170112 0.322399 1.955757 0.419168 -0.035541 0.905801 0.050596
0.170100 0.323083 1.955730 0.419170 -0.035122 0.905839 0.050190
0.170086 0.323761 1.955700 0.419170 -0.034701 0.905877 0.049792
0.170071 0.324431 1.955668 0.419169 -0.034280 0.905915 0.049401
0.170053 0.325094 1.955633 0.419167 -0.033858 0.905953 0.049017
0.170033 0.325748 1.955597 0.419164 -0.033436 0.905990 0.048640
0.170012 0.326395 1.955560 0.419159 -0.033016 0.906027 0.048271
0.169990 0.327034 1.955520 0.419154 -0.032597 0.906064 0.047908
0.169965 0.327664 1.955479 0.419148 -0.032180 0.906100 0.047553
0.169940 0.328286 1.955438 0.419142 -0.031765 0.906136 0.047204
0.169914 0.328900 1.955395 0.419135 -0.031353 0.906172 0.046862
0.169886 0.329505 1.955351 0.419127 -0.030944 0.906207 0.046526
0.169858 0.330101 1.955306 0.419119 -0.030539 0.906241 0.046197
0.169829 0.330688 1.955261 0.419110 -0.030137 0.906275 0.045874
0.169799 0.331267 1.955215 0.419102 -0.029739 0.906308 0.045558
0.169769 0.331837 1.955168 0.419093 -0.029344 0.906340 0.045248
0.169738 0.332398 1.955122 0.419083 -0.028954 0.906372 0.044943
0.169707 0.332951 1.955074 0.419074 -0.028569 0.906404 0.044645
0.169717 0.333539 1.955055 0.419118 -0.028252 0.906413 0.044232
0.169752 0.334149 1.955055 0.419189 -0.027962 0.906413 0.043759
0.169805 0.334771 1.955068 0.419272 -0.027680 0.906407 0.043255
0.169870 0.335399 1.955090 0.419362 -0.027400 0.906399 0.042736
0.169944 0.336028 1.955118 0.419453 -0.027120 0.906389 0.042214
0.170024 0.336657 1.955150 0.419546 -0.026838 0.906379 0.041694
0.170108 0.337284 1.955186 0.419639 -0.026556 0.906368 0.041180
0.170197 0.337907 1.955223 0.419731 -0.026273 0.906356 0.040674
0.170287 0.338527 1.955262 0.419823 -0.025990 0.906344 0.040179
0.170380 0.339144 1.955302 0.419914 -0.025707 0.906331 0.039693
0.170473 0.339757 1.955343 0.420005 -0.025424 0.906317 0.039218
0.170567 0.340367 1.955383 0.420095 -0.025139 0.906304 0.038754
0.170661 0.340974 1.955425 0.420184 -0.024854 0.906290 0.038299
0.170754 0.341580 1.955466 0.420271 -0.024568 0.906276 0.037854
0.170846 0.342182 1.955506 0.420356 -0.024279 0.906262 0.037416
0.170935 0.342779 1.955545 0.420439 -0.023988 0.906249 0.036985
0.171022 0.343370 1.955583 0.420519 -0.023695 0.906237 0.036559
0.171107 0.343955 1.955618 0.420597 -0.023401 0.906225 0.036141
0.171189 0.344533 1.955652 0.420672 -0.023106 0.906214 0.035729
0.171268 0.345102 1.955683 0.420745 -0.022811 0.906204 0.035325
0.171345 0.345665 1.955712 0.420816 -0.022517 0.906194 0.034929
0.171419 0.346219 1.955739 0.420885 -0.022224 0.906184 0.034540
0.171491 0.346765 1.955765 0.420953 -0.021932 0.906174 0.034159
0.171561 0.347303 1.955788 0.421019 -0.021641 0.906164 0.033785
0.171629 0.347833 1.955810 0.421083 -0.021353 0.906155 0.033419
0.171695 0.348355 1.955830 0.421146 -0.021066 0.906145 0.033060
0.171759 0.348869 1.955849 0.421208 -0.020782 0.906136 0.032708
0.171821 0.349375 1.955867 0.421268 -0.020501 0.906127 0.032364
0.171881 0.349873 1.955883 0.421327 -0.020222 0.906118 0.032027
0.171940 0.350362 1.955898 0.421385 -0.019945 0.906108 0.031697
0.171996 0.350844 1.955911 0.421441 -0.019672 0.906099 0.031373
0.172052 0.351318 1.955924 0.421496 -0.019402 0.906090 0.031056
0.172105 0.351784 1.955935 0.421551 -0.019134 0.906081 0.030746
0.172158 0.352243 1.955946 0.421604 -0.018870 0.906072 0.030442
0.172209 0.352694 1.955956 0.421656 -0.018609 0.906064 0.030145
0.172258 0.353137 1.955965 0.421707 -0.018351 0.906055 0.029853
0.172306 0.353573 1.955973 0.421758 -0.018096 0.906046 0.029568
0.172353 0.354001 1.955980 0.421807 -0.017845 0.906037 0.029289
0.172399 0.354422 1.955987 0.421855 -0.017597 0.906028 0.029015
0.172444 0.354836 1.955993 0.421903 -0.017353 0.906019 0.028747
0.172540 0.355285 1.956022 0.422031 -0.017219 0.905973 0.028381
0.172672 0.355759 1.956062 0.422201 -0.017144 0.905909 0.027947
0.172828 0.356250 1.956108 0.422392 -0.017092 0.905835 0.027479
0.173002 0.356750 1.956154 0.422594 -0.017045 0.905757 0.027001
0.173190 0.357256 1.956198 0.422800 -0.016995 0.905675 0.026525
0.173389 0.357766 1.956239 0.423010 -0.016938 0.905592 0.026060
0.173595 0.358278 1.956277 0.423220 -0.016873 0.905508 0.025608
0.173809 0.358790 1.956310 0.423431 -0.016799 0.905423 0.025173
0.174028 0.359303 1.956340 0.423642 -0.016716 0.905337 0.024754
0.174252 0.359816 1.956365 0.423853 -0.016625 0.905251 0.024351
0.174478 0.360329 1.956386 0.424062 -0.016527 0.905165 0.023965
0.174706 0.360843 1.956403 0.424270 -0.016420 0.905079 0.023594
0.174935 0.361357 1.956416 0.424477 -0.016305 0.904994 0.023237
0.175165 0.361871 1.956427 0.424682 -0.016182 0.904909 0.022893
0.175394 0.362386 1.956434 0.424884 -0.016052 0.904824 0.022562
0.175622 0.362903 1.956438 0.425084 -0.015913 0.904740 0.022241
0.175848 0.363421 1.956440 0.425282 -0.015766 0.904658 0.021931
0.176072 0.363940 1.956439 0.425476 -0.015611 0.904576 0.021629
0.176292 0.364462 1.956436 0.425667 -0.015447 0.904496 0.021336
0.176509 0.364986 1.956431 0.425854 -0.015275 0.904418 0.021051
0.176722 0.365512 1.956424 0.426038 -0.015094 0.904341 0.020772
0.176931 0.366041 1.956416 0.426218 -0.014904 0.904266 0.020499
0.177135 0.366570 1.956405 0.426392 -0.014705 0.904193 0.020229
0.177332 0.367098 1.956391 0.426562 -0.014498 0.904122 0.019962
0.177524 0.367624 1.956374 0.426726 -0.014282 0.904053 0.019698
0.177711 0.368146 1.956354 0.426886 -0.014061 0.903987 0.019437
0.177891 0.368666 1.956332 0.427041 -0.013833 0.903923 0.019179
0.178066 0.369181 1.956308 0.427191 -0.013601 0.903861 0.018926
0.178236 0.369691 1.956281 0.427338 -0.013364 0.903800 0.018676
0.178401 0.370197 1.956251 0.427480 -0.013124 0.903742 0.018430
0.178561 0.370697 1.956220 0.427618 -0.012882 0.903685 0.018188
0.178716 0.371192 1.956188 0.427753 -0.012637 0.903629 0.017950
0.178866 0.371682 1.956153 0.427885 -0.012391 0.903575 0.017717
0.179011 0.372166 1.956117 0.428013 -0.012144 0.903522 0.017487
0.179153 0.372644 1.956080 0.428137 -0.011895 0.903471 0.017261
0.179290 0.373116 1.956042 0.428259 -0.011647 0.903420 0.017039
0.179423 0.373583 1.956003 0.428377 -0.011398 0.903372 0.016820
0.179552 0.374043 1.955963 0.428493 -0.011149 0.903324 0.016605
0.179677 0.374497 1.955922 0.428605 -0.010900 0.903277 0.016394
0.179798 0.374946 1.955881 0.428715 -0.010653 0.903232 0.016187
0.179954 0.375428 1.955878 0.428835 -0.010375 0.903182 0.015976
0.180135 0.375928 1.955899 0.428955 -0.010099 0.903133 0.015711
0.180338 0.376434 1.955935 0.429073 -0.009828 0.903085 0.015410
0.180558 0.376939 1.955982 0.429191 -0.009560 0.903037 0.015093
0.180793 0.377440 1.956036 0.429308 -0.009298 0.902989 0.014774
0.181042 0.377933 1.956093 0.429427 -0.009042 0.902940 0.014459
0.181302 0.378418 1.956154 0.429548 -0.008795 0.902890 0.014155
0.181572 0.378893 1.956216 0.429672 -0.008556 0.902838 0.013864
0.181850 0.379360 1.956279 0.429799 -0.008325 0.902784 0.013587
0.182136 0.379818 1.956343 0.429929 -0.008103 0.902728 0.013323
0.182428 0.380268 1.956407 0.430061 -0.007889 0.902671 0.013074
0.182725 0.380711 1.956470 0.430196 -0.007682 0.902612 0.012839
0.183026 0.381148 1.956534 0.430333 -0.007481 0.902551 0.012615
0.183329 0.381580 1.956597 0.430471 -0.007285 0.902490 0.012404
0.183634 0.382006 1.956659 0.430610 -0.007093 0.902428 0.012203
0.183940 0.382429 1.956721 0.430750 -0.006905 0.902365 0.012012
0.184246 0.382849 1.956782 0.430890 -0.006718 0.902302 0.011829
0.184552 0.383266 1.956842 0.431030 -0.006534 0.902238 0.011655
0.184855 0.383682 1.956901 0.431170 -0.006349 0.902175 0.011487
0.185157 0.384096 1.956960 0.431308 -0.006165 0.902112 0.011326
0.185456 0.384510 1.957017 0.431445 -0.005979 0.902050 0.011169
0.185750 0.384921 1.957073 0.431580 -0.005791 0.901989 0.011016
0.186041 0.385328 1.957127 0.431712 -0.005602 0.901929 0.010865
0.186326 0.385731 1.957178 0.431841 -0.005411 0.901870 0.010716
0.186607 0.386129 1.957227 0.431967 -0.005219 0.901812 0.010569
0.186883 0.386522 1.957273 0.432091 -0.005026 0.901756 0.010426
0.187154 0.386909 1.957317 0.432212 -0.004834 0.901701 0.010286
0.187421 0.387291 1.957359 0.432330 -0.004641 0.901646 0.010149
0.187682 0.387667 1.957398 0.432447 -0.004450 0.901593 0.010015
0.187939 0.388037 1.957435 0.432561 -0.004259 0.901541 0.009885
0.188191 0.388401 1.957471 0.432672 -0.004069 0.901489 0.009757
0.188439 0.388760 1.957505 0.432782 -0.003880 0.901439 0.009633
0.188681 0.389113 1.957537 0.432889 -0.003693 0.901389 0.009511
0.188920 0.389461 1.957567 0.432995 -0.003507 0.901341 0.009393
0.189153 0.389803 1.957596 0.433098 -0.003323 0.901293 0.009277
0.189383 0.390139 1.957623 0.433200 -0.003140 0.901246 0.009163
0.189608 0.390471 1.957649 0.433299 -0.002958 0.901200 0.009052
0.189828 0.390797 1.957674 0.433396 -0.002779 0.901155 0.008944
0.190044 0.391117 1.957698 0.433492 -0.002601 0.901110 0.008837
0.190256 0.391433 1.957720 0.433585 -0.002425 0.901067 0.008733
0.190516 0.391784 1.957764 0.433747 -0.002243 0.900991 0.008635
0.190810 0.392155 1.957820 0.433942 -0.002085 0.900898 0.008479
0.191128 0.392537 1.957881 0.434154 -0.001939 0.900798 0.008292
0.191465 0.392922 1.957945 0.434375 -0.001799 0.900694 0.008092
0.191817 0.393305 1.958010 0.434602 -0.001663 0.900587 0.007893
0.192182 0.393686 1.958073 0.434831 -0.001529 0.900478 0.007702
0.192557 0.394062 1.958135 0.435063 -0.001398 0.900367 0.007522
0.192940 0.394434 1.958195 0.435297 -0.001270 0.900256 0.007356
0.193329 0.394800 1.958253 0.435532 -0.001144 0.900144 0.007202
0.193724 0.395162 1.958309 0.435768 -0.001021 0.900031 0.007063
0.194123 0.395520 1.958362 0.436005 -0.000900 0.899917 0.006935
0.194525 0.395874 1.958413 0.436242 -0.000781 0.899803 0.006820
0.194928 0.396225 1.958461 0.436479 -0.000663 0.899689 0.006715
0.195333 0.396574 1.958508 0.436715 -0.000546 0.899575 0.006619
0.195736 0.396922 1.958552 0.436950 -0.000428 0.899462 0.006533
0.196139 0.397268 1.958595 0.437184 -0.000309 0.899349 0.006453
0.196540 0.397615 1.958635 0.437416 -0.000189 0.899237 0.006380
0.196938 0.397961 1.958674 0.437646 -0.000066 0.899125 0.006313
0.197332 0.398308 1.958711 0.437873 0.000059 0.899015 0.006251
0.197722 0.398656 1.958746 0.438097 0.000188 0.898906 0.006192
0.198107 0.399005 1.958780 0.438318 0.000320 0.898799 0.006136
0.198487 0.399357 1.958812 0.438536 0.000457 0.898693 0.006082
0.198861 0.399711 1.958843 0.438749 0.000599 0.898589 0.006030
0.199229 0.400068 1.958872 0.438959 0.000746 0.898487 0.005979
0.199590 0.400428 1.958900 0.439165 0.000899 0.898386 0.005929
0.199943 0.400791 1.958925 0.439366 0.001058 0.898288 0.005877
0.200289 0.401154 1.958949 0.439561 0.001224 0.898193 0.005824
0.200626 0.401516 1.958970 0.439751 0.001395 0.898100 0.005767
0.200955 0.401877 1.958989 0.439936 0.001571 0.898010 0.005710
0.201276 0.402236 1.959005 0.440115 0.001752 0.897922 0.005650
0.201589 0.402593 1.959019 0.440290 0.001936 0.897836 0.005590
0.201895 0.402946 1.959030 0.440460 0.002122 0.897753 0.005529
0.202192 0.403297 1.959039 0.440625 0.002312 0.897672 0.005467
0.202482 0.403645 1.959047 0.440786 0.002503 0.897592 0.005405
0.202765 0.403990 1.959052 0.440943 0.002695 0.897515 0.005343
0.203041 0.404331 1.959056 0.441096 0.002889 0.897440 0.005280
0.203310 0.404668 1.959058 0.441245 0.003084 0.897366 0.005218
0.203572 0.405002 1.959058 0.441390 0.003280 0.897294 0.005155
0.203828 0.405333 1.959057 0.441532 0.003476 0.897224 0.005091
0.204077 0.405660 1.959056 0.441670 0.003672 0.897156 0.005028
0.204372 0.406011 1.959084 0.441872 0.003853 0.897056 0.004900
0.204701 0.406374 1.959130 0.442106 0.003992 0.896942 0.004678
0.205057 0.406737 1.959189 0.442356 0.004106 0.896819 0.004407
0.205433 0.407095 1.959256 0.442616 0.004202 0.896692 0.004115
0.205828 0.407444 1.959329 0.442883 0.004285 0.896561 0.003819
0.206238 0.407782 1.959407 0.443156 0.004356 0.896427 0.003530
0.206662 0.408109 1.959488 0.443432 0.004416 0.896291 0.003252
0.207096 0.408423 1.959572 0.443711 0.004464 0.896154 0.002990
0.207539 0.408726 1.959658 0.443993 0.004501 0.896015 0.002743
0.207989 0.409019 1.959746 0.444276 0.004527 0.895875 0.002511
0.208446 0.409301 1.959835 0.444560 0.004544 0.895734 0.002295
0.208907 0.409575 1.959926 0.444845 0.004552 0.895593 0.002094
0.209372 0.409840 1.960017 0.445131 0.004553 0.895452 0.001905
0.209839 0.410099 1.960110 0.445416 0.004547 0.895311 0.001729
0.210307 0.410353 1.960202 0.445700 0.004537 0.895170 0.001563
0.210775 0.410602 1.960295 0.445983 0.004522 0.895029 0.001408
0.211242 0.410846 1.960388 0.446264 0.004505 0.894889 0.001261
0.211707 0.411088 1.960481 0.446543 0.004487 0.894750 0.001123
0.212170 0.411328 1.960574 0.446819 0.004468 0.894613 0.000991
0.212629 0.411567 1.960667 0.447093 0.004450 0.894476 0.000865
0.213084 0.411805 1.960759 0.447363 0.004433 0.894341 0.000745
0.213535 0.412043 1.960851 0.447630 0.004418 0.894208 0.000629
0.213980 0.412282 1.960942 0.447893 0.004407 0.894076 0.000517
0.214418 0.412523 1.961032 0.448152 0.004399 0.893947 0.000408
0.214851 0.412765 1.961121 0.448406 0.004396 0.893819 0.000302
0.215276 0.413010 1.961210 0.448656 0.004398 0.893694 0.000197
0.215694 0.413258 1.961297 0.448901 0.004406 0.893571 0.000093
0.216104 0.413510 1.961384 0.449141 0.004420 0.893450 -0.000010
0.216506 0.413765 1.961470 0.449376 0.004441 0.893332 -0.000112
0.216900 0.414024 1.961554 0.449605 0.004469 0.893216 -0.000215
0.217284 0.414286 1.961637 0.449829 0.004505 0.893103 -0.000320
0.217658 0.414549 1.961717 0.450046 0.004548 0.892994 -0.000427
0.218023 0.414812 1.961794 0.450257 0.004599 0.892887 -0.000536
0.218379 0.415075 1.961870 0.450461 0.004655 0.892784 -0.000646
0.218725 0.415337 1.961942 0.450660 0.004717 0.892683 -0.000757
0.219062 0.415597 1.962012 0.450853 0.004783 0.892585 -0.000869
0.219390 0.415856 1.962080 0.451041 0.004855 0.892489 -0.000982
0.219710 0.416114 1.962145 0.451224 0.004930 0.892397 -0.001094
0.220021 0.416370 1.962208 0.451402 0.005008 0.892306 -0.001206
0.220325 0.416623 1.962269 0.451575 0.005090 0.892218 -0.001319
0.220681 0.416893 1.962345 0.451832 0.005228 0.892087 -0.001341
0.221080 0.417169 1.962425 0.452132 0.005324 0.891934 -0.001434
0.221514 0.417445 1.962506 0.452458 0.005389 0.891768 -0.001567
0.221975 0.417715 1.962584 0.452799 0.005434 0.891594 -0.001710
0.222461 0.417977 1.962658 0.453152 0.005466 0.891415 -0.001847
0.222968 0.418229 1.962729 0.453514 0.005489 0.891230 -0.001970
0.223493 0.418471 1.962795 0.453883 0.005502 0.891042 -0.002075
0.224035 0.418703 1.962857 0.454258 0.005508 0.890850 -0.002161
0.224590 0.418925 1.962917 0.454640 0.005507 0.890656 -0.002229
0.225158 0.419137 1.962974 0.455026 0.005499 0.890458 -0.002279
0.225735 0.419340 1.963029 0.455417 0.005484 0.890259 -0.002314
0.226321 0.419535 1.963082 0.455811 0.005462 0.890057 -0.002335
0.226914 0.419723 1.963134 0.456208 0.005436 0.889853 -0.002344
0.227512 0.419903 1.963186 0.456608 0.005404 0.889649 -0.002342
0.228115 0.420077 1.963238 0.457009 0.005368 0.889443 -0.002331
0.228719 0.420245 1.963290 0.457411 0.005327 0.889237 -0.002313
0.229326 0.420408 1.963343 0.457813 0.005284 0.889030 -0.002289
0.229932 0.420567 1.963398 0.458215 0.005238 0.888823 -0.002261
0.230538 0.420721 1.963454 0.458617 0.005189 0.888616 -0.002230
0.231142 0.420872 1.963511 0.459017 0.005139 0.888410 -0.002197
0.231743 0.421020 1.963571 0.459415 0.005087 0.888204 -0.002162
0.232341 0.421165 1.963634 0.459812 0.005035 0.887999 -0.002128
0.232935 0.421308 1.963699 0.460206 0.004982 0.887796 -0.002095
0.233523 0.421449 1.963766 0.460595 0.004928 0.887594 -0.002062
0.234105 0.421589 1.963837 0.460980 0.004873 0.887395 -0.002030
0.234679 0.421729 1.963909 0.461358 0.004819 0.887199 -0.001998
0.235246 0.421868 1.963984 0.461731 0.004766 0.887005 -0.001968
0.235804 0.422008 1.964061 0.462097 0.004713 0.886815 -0.001939
0.236353 0.422149 1.964139 0.462456 0.004663 0.886628 -0.001913
0.236893 0.422292 1.964219 0.462809 0.004616 0.886444 -0.001889
0.237424 0.422438 1.964300 0.463154 0.004573 0.886264 -0.001869
0.237944 0.422587 1.964383 0.463493 0.004534 0.886087 -0.001852
0.238453 0.422739 1.964466 0.463824 0.004501 0.885914 -0.001839
0.238952 0.422895 1.964549 0.464148 0.004472 0.885744 -0.001829
0.239440 0.423056 1.964634 0.464464 0.004450 0.885579 -0.001825
0.239917 0.423223 1.964718 0.464773 0.004435 0.885417 -0.001825
0.240382 0.423394 1.964803 0.465075 0.004427 0.885259 -0.001830
0.240836 0.423571 1.964888 0.465368 0.004426 0.885104 -0.001840
0.241278 0.423754 1.964973 0.465655 0.004434 0.884954 -0.001855
0.241708 0.423943 1.965057 0.465933 0.004450 0.884807 -0.001876
0.242174 0.424120 1.965154 0.466294 0.004442 0.884617 -0.001922
0.242670 0.424289 1.965254 0.466699 0.004349 0.884403 -0.002075
0.243192 0.424450 1.965352 0.467130 0.004200 0.884176 -0.002284
0.243734 0.424602 1.965447 0.467577 0.004021 0.883940 -0.002508
0.244294 0.424745 1.965536 0.468033 0.003824 0.883698 -0.002730
0.244869 0.424880 1.965621 0.468497 0.003617 0.883453 -0.002939
0.245457 0.425007 1.965702 0.468966 0.003404 0.883204 -0.003132
0.246055 0.425127 1.965778 0.469438 0.003188 0.882953 -0.003307
0.246662 0.425240 1.965851 0.469913 0.002970 0.882701 -0.003465
0.247277 0.425347 1.965922 0.470390 0.002751 0.882447 -0.003608
0.247897 0.425448 1.965990 0.470867 0.002532 0.882192 -0.003736
0.248521 0.425544 1.966056 0.471345 0.002313 0.881937 -0.003852
0.249147 0.425636 1.966122 0.471822 0.002095 0.881682 -0.003956
0.249776 0.425724 1.966187 0.472299 0.001879 0.881427 -0.004051
0.250404 0.425809 1.966252 0.472773 0.001664 0.881173 -0.004138
0.251032 0.425891 1.966317 0.473246 0.001451 0.880919 -0.004218
0.251657 0.425970 1.966383 0.473716 0.001240 0.880667 -0.004293
0.252280 0.426048 1.966450 0.474182 0.001033 0.880415 -0.004364
0.252899 0.426124 1.966519 0.474645 0.000828 0.880166 -0.004432
0.253514 0.426199 1.966590 0.475105 0.000627 0.879917 -0.004498
0.254124 0.426274 1.966663 0.475560 0.000429 0.879671 -0.004563
0.254727 0.426348 1.966739 0.476010 0.000236 0.879427 -0.004628
0.255324 0.426423 1.966817 0.476456 0.000046 0.879186 -0.004695
0.255914 0.426498 1.966899 0.476896 -0.000139 0.878947 -0.004762
0.256496 0.426573 1.966983 0.477332 -0.000319 0.878710 -0.004833
0.257071 0.426650 1.967071 0.477761 -0.000494 0.878476 -0.004906
0.257636 0.426728 1.967162 0.478185 -0.000665 0.878245 -0.004983
0.258193 0.426808 1.967256 0.478602 -0.000830 0.878017 -0.005064
0.258740 0.426889 1.967355 0.479014 -0.000989 0.877792 -0.005150
0.259277 0.426973 1.967457 0.479419 -0.001143 0.877570 -0.005241
0.259805 0.427059 1.967564 0.479818 -0.001292 0.877351 -0.005338
0.260322 0.427147 1.967674 0.480211 -0.001434 0.877135 -0.005441
0.260829 0.427238 1.967789 0.480597 -0.001571 0.876923 -0.005550
0.261325 0.427332 1.967908 0.480976 -0.001702 0.876714 -0.005666
0.261810 0.427429 1.968030 0.481347 -0.001827 0.876509 -0.005787
0.262283 0.427528 1.968157 0.481710 -0.001947 0.876308 -0.005913
0.262745 0.427631 1.968288 0.482064 -0.002061 0.876113 -0.006045
0.263194 0.427739 1.968422 0.482409 -0.002170 0.875921 -0.006181
0.263631 0.427850 1.968558 0.482745 -0.002272 0.875735 -0.006321
0.264056 0.427966 1.968698 0.483072 -0.002368 0.875554 -0.006467
0.264516 0.428079 1.968851 0.483429 -0.002405 0.875356 -0.006504
0.265008 0.428187 1.969005 0.483799 -0.002477 0.875151 -0.006584
0.265529 0.428288 1.969155 0.484176 -0.002575 0.874941 -0.006688
0.266075 0.428379 1.969298 0.484560 -0.002688 0.874727 -0.006792
0.266643 0.428461 1.969432 0.484950 -0.002812 0.874510 -0.006884
0.267232 0.428532 1.969558 0.485346 -0.002943 0.874289 -0.006958
0.267838 0.428594 1.969676 0.485748 -0.003080 0.874065 -0.007010
0.268460 0.428645 1.969787 0.486155 -0.003222 0.873838 -0.007041
0.269096 0.428688 1.969891 0.486568 -0.003370 0.873608 -0.007052
0.269743 0.428722 1.969991 0.486984 -0.003522 0.873375 -0.007045
0.270400 0.428749 1.970085 0.487405 -0.003678 0.873140 -0.007021
0.271065 0.428768 1.970176 0.487828 -0.003839 0.872903 -0.006983
0.271736 0.428781 1.970264 0.488253 -0.004003 0.872665 -0.006932
0.272412 0.428789 1.970350 0.488680 -0.004170 0.872426 -0.006870
0.273091 0.428791 1.970434 0.489108 -0.004339 0.872186 -0.006799
0.273771 0.428790 1.970517 0.489536 -0.004510 0.871946 -0.006720
0.274452 0.428784 1.970599 0.489963 -0.004682 0.871705 -0.006637
0.275133 0.428775 1.970682 0.490389 -0.004855 0.871466 -0.006548
0.275811 0.428764 1.970765 0.490813 -0.005028 0.871226 -0.006458
0.276487 0.428751 1.970849 0.491236 -0.005201 0.870988 -0.006365
0.277158 0.428736 1.970935 0.491655 -0.005374 0.870751 -0.006273
0.277825 0.428720 1.971022 0.492072 -0.005546 0.870515 -0.006181
0.278486 0.428704 1.971112 0.492484 -0.005716 0.870281 -0.006091
0.279141 0.428687 1.971204 0.492893 -0.005884 0.870049 -0.006003
0.279789 0.428671 1.971299 0.493298 -0.006050 0.869819 -0.005920
0.280430 0.428655 1.971397 0.493698 -0.006214 0.869591 -0.005840
0.281062 0.428640 1.971498 0.494094 -0.006375 0.869366 -0.005766
0.281685 0.428627 1.971603 0.494484 -0.006533 0.869144 -0.005697
0.282299 0.428615 1.971711 0.494869 -0.006687 0.868924 -0.005635
0.282903 0.428605 1.971823 0.495248 -0.006838 0.868707 -0.005580
0.283497 0.428598 1.971939 0.495622 -0.006985 0.868493 -0.005532
0.284081 0.428593 1.972060 0.495990 -0.007127 0.868282 -0.005492
0.284654 0.428591 1.972184 0.496351 -0.007265 0.868074 -0.005460
0.285216 0.428592 1.972313 0.496707 -0.007399 0.867870 -0.005437
0.285766 0.428596 1.972446 0.497055 -0.007529 0.867669 -0.005422
0.286304 0.428604 1.972583 0.497396 -0.007654 0.867473 -0.005414
0.286829 0.428615 1.972724 0.497728 -0.007776 0.867281 -0.005413
0.287342 0.428630 1.972868 0.498051 -0.007892 0.867095 -0.005419
0.287842 0.428651 1.973016 0.498366 -0.008003 0.866913 -0.005432
0.288329 0.428676 1.973166 0.498672 -0.008108 0.866736 -0.005453
0.288852 0.428701 1.973328 0.499012 -0.008265 0.866539 -0.005458
0.289402 0.428720 1.973491 0.499367 -0.008463 0.866332 -0.005480
0.289976 0.428731 1.973652 0.499728 -0.008684 0.866121 -0.005506
0.290569 0.428732 1.973809 0.500093 -0.008918 0.865908 -0.005526
0.291180 0.428724 1.973961 0.500459 -0.009157 0.865694 -0.005534
0.291808 0.428705 1.974109 0.500826 -0.009401 0.865479 -0.005526
0.292449 0.428677 1.974253 0.501195 -0.009648 0.865263 -0.005501
0.293103 0.428638 1.974391 0.501566 -0.009899 0.865046 -0.005459
0.293767 0.428590 1.974526 0.501939 -0.010154 0.864826 -0.005402
0.294440 0.428534 1.974658 0.502316 -0.010413 0.864605 -0.005331
0.295120 0.428469 1.974787 0.502694 -0.010675 0.864383 -0.005247
0.295806 0.428398 1.974914 0.503074 -0.010940 0.864159 -0.005152
0.296495 0.428319 1.975039 0.503454 -0.011208 0.863934 -0.005048
0.297187 0.428236 1.975164 0.503836 -0.011478 0.863709 -0.004936
0.297879 0.428147 1.975288 0.504217 -0.011749 0.863484 -0.004818
0.298572 0.428054 1.975413 0.504598 -0.012021 0.863258 -0.004695
0.299263 0.427958 1.975539 0.504977 -0.012294 0.863033 -0.004570
0.299952 0.427859 1.975665 0.505355 -0.012567 0.862809 -0.004442
0.300637 0.427757 1.975793 0.505730 -0.012839 0.862586 -0.004314
0.301318 0.427654 1.975923 0.506102 -0.013110 0.862364 -0.004187
0.301993 0.427550 1.976056 0.506472 -0.013379 0.862143 -0.004062
0.302663 0.427445 1.976190 0.506838 -0.013647 0.861924 -0.003939
0.303325 0.427340 1.976328 0.507200 -0.013911 0.861708 -0.003819
0.303980 0.427236 1.976469 0.507558 -0.014173 0.861493 -0.003704
0.304626 0.427132 1.976613 0.507911 -0.014431 0.861281 -0.003594
0.305264 0.427030 1.976760 0.508260 -0.014686 0.861072 -0.003490
0.305892 0.426930 1.976911 0.508603 -0.014936 0.860865 -0.003393
0.306511 0.426831 1.977066 0.508941 -0.015182 0.860661 -0.003302
0.307119 0.426735 1.977225 0.509274 -0.015424 0.860460 -0.003219
0.307717 0.426642 1.977388 0.509601 -0.015660 0.860262 -0.003145
0.308303 0.426552 1.977555 0.509923 -0.015891 0.860068 -0.003078
0.308879 0.426466 1.977727 0.510238 -0.016117 0.859877 -0.003021
0.309443 0.426383 1.977903 0.510548 -0.016337 0.859689 -0.002973
0.309995 0.426304 1.978083 0.510851 -0.016551 0.859505 -0.002934
0.310535 0.426229 1.978268 0.511148 -0.016759 0.859324 -0.002905
0.311062 0.426158 1.978457 0.511439 -0.016961 0.859147 -0.002886
0.311577 0.426092 1.978651 0.511723 -0.017157 0.858974 -0.002878
0.312080 0.426031 1.978849 0.512001 -0.017346 0.858805 -0.002880
0.312570 0.425975 1.979052 0.512272 -0.017528 0.858639 -0.002892
0.313047 0.425924 1.979260 0.512537 -0.017704 0.858477 -0.002915
0.313556 0.425875 1.979476 0.512819 -0.017936 0.858304 -0.002918
0.314089 0.425822 1.979693 0.513107 -0.018192 0.858127 -0.002913
0.314640 0.425763 1.979908 0.513396 -0.018457 0.857948 -0.002899
0.315208 0.425695 1.980118 0.513685 -0.018727 0.857770 -0.002875
0.315792 0.425619 1.980323 0.513973 -0.018999 0.857591 -0.002836
0.316388 0.425533 1.980524 0.514260 -0.019271 0.857413 -0.002784
0.316998 0.425438 1.980722 0.514546 -0.019544 0.857236 -0.002716
0.317618 0.425334 1.980915 0.514831 -0.019818 0.857059 -0.002635
0.318248 0.425222 1.981106 0.515114 -0.020092 0.856882 -0.002540
0.318888 0.425101 1.981295 0.515396 -0.020367 0.856707 -0.002432
0.319536 0.424973 1.981482 0.515676 -0.020643 0.856532 -0.002313
0.320191 0.424836 1.981667 0.515954 -0.020920 0.856358 -0.002183
0.320851 0.424692 1.981851 0.516232 -0.021198 0.856184 -0.002045
0.321516 0.424541 1.982034 0.516511 -0.021479 0.856009 -0.001898
0.322183 0.424384 1.982215 0.516790 -0.021761 0.855834 -0.001745
0.322853 0.424221 1.982396 0.517070 -0.022046 0.855658 -0.001586
0.323523 0.424053 1.982578 0.517350 -0.022333 0.855481 -0.001423
0.324191 0.423881 1.982759 0.517630 -0.022621 0.855305 -0.001257
0.324858 0.423706 1.982942 0.517909 -0.022910 0.855128 -0.001090
0.325522 0.423528 1.983126 0.518187 -0.023200 0.854952 -0.000922
0.326183 0.423347 1.983312 0.518464 -0.023489 0.854776 -0.000755
0.326838 0.423165 1.983499 0.518739 -0.023778 0.854602 -0.000590
0.327487 0.422983 1.983689 0.519012 -0.024066 0.854428 -0.000428
0.328130 0.422800 1.983882 0.519281 -0.024352 0.854256 -0.000269
0.328766 0.422617 1.984077 0.519548 -0.024637 0.854086 -0.000116
0.329394 0.422435 1.984276 0.519812 -0.024918 0.853917 0.000033
0.330013 0.422255 1.984477 0.520072 -0.025197 0.853751 0.000175
0.330624 0.422076 1.984682 0.520328 -0.025472 0.853586 0.000310
0.331225 0.421899 1.984891 0.520581 -0.025743 0.853424 0.000438
0.331816 0.421725 1.985103 0.520828 -0.026010 0.853265 0.000559
0.332396 0.421554 1.985319 0.521070 -0.026274 0.853109 0.000672
0.332964 0.421386 1.985539 0.521305 -0.026533 0.852957 0.000779
0.333521 0.421222 1.985762 0.521534 -0.026787 0.852809 0.000879
0.334066 0.421063 1.985987 0.521756 -0.027037 0.852666 0.000972
0.334599 0.420909 1.986215 0.521971 -0.027279 0.852526 0.001058
0.335119 0.420762 1.986445 0.522179 -0.027516 0.852391 0.001137
0.335627 0.420620 1.986677 0.522380 -0.027744 0.852261 0.001208
0.336122 0.420486 1.986910 0.522574 -0.027965 0.852134 0.001272
0.336604 0.420359 1.987145 0.522761 -0.028178 0.852013 0.001328
0.337073 0.420240 1.987381 0.522941 -0.028381 0.851895 0.001377
0.337570 0.420126 1.987626 0.523143 -0.028679 0.851761 0.001350
0.338086 0.420007 1.987874 0.523353 -0.029007 0.851621 0.001303
0.338617 0.419881 1.988123 0.523566 -0.029347 0.851479 0.001254
0.339160 0.419747 1.988371 0.523778 -0.029690 0.851337 0.001209
0.339713 0.419604 1.988618 0.523988 -0.030035 0.851195 0.001172
0.340277 0.419452 1.988864 0.524196 -0.030381 0.851054 0.001147
0.340849 0.419291 1.989109 0.524403 -0.030727 0.850915 0.001134
0.341428 0.419121 1.989353 0.524606 -0.031072 0.850777 0.001133
0.342015 0.418942 1.989596 0.524809 -0.031418 0.850639 0.001143
0.342606 0.418755 1.989839 0.525013 -0.031766 0.850501 0.001163
0.343201 0.418561 1.990080 0.525217 -0.032115 0.850361 0.001193
0.343799 0.418360 1.990321 0.525421 -0.032466 0.850222 0.001231
0.344398 0.418153 1.990563 0.525627 -0.032818 0.850081 0.001276
0.344997 0.417941 1.990805 0.525832 -0.033171 0.849940 0.001327
0.345596 0.417725 1.991048 0.526038 -0.033525 0.849799 0.001382
0.346162 0.417540 1.991286 0.526190 -0.033771 0.849695 0.001365
0.346675 0.417393 1.991526 0.526272 -0.033906 0.849639 0.001252
0.347131 0.417286 1.991769 0.526291 -0.033945 0.849626 0.001064
0.347538 0.417218 1.992017 0.526262 -0.033909 0.849646 0.000821
0.347898 0.417189 1.992268 0.526198 -0.033814 0.849689 0.000538
0.348219 0.417194 1.992522 0.526112 -0.033677 0.849748 0.000225
0.348503 0.417230 1.992779 0.526011 -0.033509 0.849818 -0.000110
0.348755 0.417295 1.993036 0.525901 -0.033319 0.849893 -0.000461
0.348980 0.417385 1.993295 0.525787 -0.033114 0.849971 -0.000821
0.349180 0.417497 1.993554 0.525674 -0.032901 0.850049 -0.001188
0.349358 0.417629 1.993814 0.525562 -0.032683 0.850126 -0.001557
0.349517 0.417778 1.994072 0.525453 -0.032461 0.850201 -0.001927
0.349660 0.417942 1.994331 0.525348 -0.032238 0.850274 -0.002297
0.349787 0.418121 1.994588 0.525247 -0.032014 0.850343 -0.002665
0.349900 0.418313 1.994844 0.525150 -0.031790 0.850410 -0.003030
0.350002 0.418515 1.995099 0.525057 -0.031566 0.850475 -0.003393
0.350092 0.418728 1.995353 0.524968 -0.031343 0.850536 -0.003753
0.350173 0.418951 1.995604 0.524884 -0.031120 0.850595 -0.004109
0.350244 0.419181 1.995855 0.524802 -0.030898 0.850651 -0.004461
0.350308 0.419420 1.996103 0.524725 -0.030677 0.850705 -0.004810
0.350364 0.419665 1.996349 0.524651 -0.030456 0.850757 -0.005154
0.350415 0.419917 1.996593 0.524580 -0.030237 0.850806 -0.005494
0.350459 0.420175 1.996835 0.524513 -0.030019 0.850853 -0.005829
0.350498 0.420438 1.997075 0.524449 -0.029802 0.850898 -0.006160
0.350533 0.420706 1.997312 0.524388 -0.029586 0.850941 -0.006486
0.350585 0.420988 1.997552 0.524328 -0.029332 0.850983 -0.006839
0.350650 0.421275 1.997793 0.524266 -0.029053 0.851028 -0.007206
0.350728 0.421563 1.998032 0.524201 -0.028755 0.851075 -0.007581
0.350814 0.421850 1.998267 0.524131 -0.028445 0.851125 -0.007962
0.350908 0.422136 1.998500 0.524057 -0.028126 0.851178 -0.008346
0.351007 0.422420 1.998731 0.523977 -0.027799 0.851234 -0.008733
0.351111 0.422702 1.998959 0.523893 -0.027466 0.851292 -0.009123
0.351218 0.422982 1.999184 0.523804 -0.027129 0.851353 -0.009517
0.351327 0.423260 1.999409 0.523711 -0.026790 0.851417 -0.009914
0.351438 0.423537 1.999632 0.523614 -0.026447 0.851483 -0.010314
0.351549 0.423814 1.999854 0.523514 -0.026104 0.851550 -0.010718
0.351661 0.424089 2.000076 0.523410 -0.025759 0.851619 -0.011125
0.351773 0.424364 2.000297 0.523303 -0.025413 0.851689 -0.011536
0.351884 0.424638 2.000518 0.523195 -0.025068 0.851761 -0.011950
0.351995 0.424912 2.000739 0.523084 -0.024722 0.851833 -0.012367
0.352104 0.425186 2.000960 0.522971 -0.024378 0.851906 -0.012787
0.352213 0.425460 2.001182 0.522856 -0.024034 0.851980 -0.013209
0.352319 0.425733 2.001404 0.522740 -0.023692 0.852054 -0.013633
0.352425 0.426006 2.001626 0.522623 -0.023351 0.852128 -0.014059
0.352529 0.426279 2.001849 0.522505 -0.023012 0.852202 -0.014487
0.352631 0.426551 2.002073 0.522386 -0.022674 0.852277 -0.014915
0.352732 0.426824 2.002297 0.522266 -0.022338 0.852352 -0.015343
0.352832 0.427096 2.002520 0.522145 -0.022005 0.852427 -0.015769
0.352929 0.427368 2.002743 0.522024 -0.021675 0.852501 -0.016193
0.353024 0.427641 2.002965 0.521904 -0.021349 0.852575 -0.016614
0.353117 0.427913 2.003187 0.521786 -0.021028 0.852647 -0.017033
0.353208 0.428185 2.003407 0.521670 -0.020711 0.852718 -0.017448
0.353296 0.428458 2.003627 0.521556 -0.020398 0.852786 -0.017859
0.353381 0.428731 2.003845 0.521444 -0.020091 0.852853 -0.018266
0.353464 0.429004 2.004062 0.521336 -0.019790 0.852918 -0.018669
0.353545 0.429278 2.004278 0.521231 -0.019493 0.852980 -0.019067
0.353623 0.429553 2.004492 0.521129 -0.019203 0.853040 -0.019460
0.353699 0.429828 2.004705 0.521031 -0.018918 0.853097 -0.019849
0.353772 0.430104 2.004916 0.520936 -0.018639 0.853152 -0.020232
0.353844 0.430381 2.005126 0.520846 -0.018365 0.853204 -0.020609
0.353913 0.430658 2.005335 0.520759 -0.018097 0.853254 -0.020981
0.353980 0.430936 2.005542 0.520675 -0.017834 0.853301 -0.021348
0.354045 0.431214 2.005748 0.520595 -0.017575 0.853347 -0.021710
0.354107 0.431494 2.005952 0.520518 -0.017320 0.853390 -0.022067
0.354168 0.431774 2.006155 0.520444 -0.017070 0.853431 -0.022419
0.354235 0.432059 2.006363 0.520400 -0.016845 0.853451 -0.022826
0.354309 0.432345 2.006573 0.520376 -0.016636 0.853459 -0.023251
0.354389 0.432631 2.006782 0.520364 -0.016437 0.853458 -0.023675
0.354475 0.432916 2.006990 0.520359 -0.016243 0.853453 -0.024087
0.354568 0.433199 2.007196 0.520359 -0.016054 0.853445 -0.024486
0.354666 0.433478 2.007400 0.520362 -0.015868 0.853436 -0.024872
0.354768 0.433754 2.007601 0.520365 -0.015684 0.853426 -0.025247
0.354874 0.434027 2.007800 0.520369 -0.015501 0.853417 -0.025612
0.354983 0.434298 2.007996 0.520371 -0.015317 0.853408 -0.025966
0.355095 0.434566 2.008190 0.520371 -0.015133 0.853401 -0.026311
0.355210 0.434833 2.008381 0.520370 -0.014947 0.853394 -0.026648
0.355326 0.435099 2.008569 0.520367 -0.014760 0.853389 -0.026978
0.355445 0.435363 2.008755 0.520362 -0.014572 0.853385 -0.027299
0.355566 0.435626 2.008938 0.520355 -0.014382 0.853382 -0.027614
0.355688 0.435889 2.009118 0.520347 -0.014191 0.853380 -0.027922
0.355813 0.436150 2.009295 0.520338 -0.014000 0.853379 -0.028223
0.355939 0.436411 2.009470 0.520329 -0.013808 0.853378 -0.028518
0.356068 0.436670 2.009641 0.520318 -0.013617 0.853378 -0.028806
0.356199 0.436929 2.009810 0.520307 -0.013426 0.853378 -0.029088
0.356333 0.437187 2.009975 0.520297 -0.013236 0.853378 -0.029362
0.356469 0.437443 2.010137 0.520287 -0.013048 0.853378 -0.029630
0.356608 0.437699 2.010296 0.520277 -0.012861 0.853377 -0.029891
0.356750 0.437952 2.010452 0.520269 -0.012677 0.853376 -0.030146
0.356895 0.438204 2.010605 0.520261 -0.012496 0.853375 -0.030393
0.357043 0.438454 2.010754 0.520255 -0.012318 0.853372 -0.030633
0.357195 0.438702 2.010900 0.520251 -0.012143 0.853369 -0.030866
0.357351 0.438948 2.011044 0.520248 -0.011972 0.853365 -0.031092
0.357511 0.439191 2.011183 0.520247 -0.011805 0.853360 -0.031311
0.357675 0.439431 2.011320 0.520248 -0.011643 0.853354 -0.031522
0.357844 0.439669 2.011454 0.520251 -0.011485 0.853347 -0.031726
0.358017 0.439904 2.011584 0.520256 -0.011332 0.853338 -0.031922
0.358194 0.440135 2.011711 0.520264 -0.011184 0.853329 -0.032111
0.358376 0.440363 2.011836 0.520273 -0.011041 0.853318 -0.032292
0.358563 0.440588 2.011957 0.520285 -0.010903 0.853306 -0.032466
0.358754 0.440809 2.012075 0.520299 -0.010771 0.853292 -0.032633
0.358950 0.441025 2.012190 0.520318 -0.010647 0.853276 -0.032792
0.359150 0.441238 2.012302 0.520342 -0.010529 0.853258 -0.032945
0.359353 0.441447 2.012411 0.520370 -0.010421 0.853236 -0.033091
0.359560 0.441652 2.012518 0.520404 -0.010321 0.853211 -0.033230
0.359770 0.441853 2.012622 0.520443 -0.010231 0.853183 -0.033363
0.359994 0.442052 2.012721 0.520519 -0.010173 0.853130 -0.033542
0.360229 0.442248 2.012815 0.520618 -0.010136 0.853063 -0.033739
0.360473 0.442440 2.012904 0.520729 -0.010114 0.852987 -0.033940
0.360724 0.442629 2.012989 0.520848 -0.010104 0.852907 -0.034140
0.360981 0.442814 2.013070 0.520972 -0.010103 0.852823 -0.034335
0.361244 0.442994 2.013148 0.521099 -0.010110 0.852738 -0.034524
0.361513 0.443170 2.013222 0.521229 -0.010125 0.852651 -0.034708
0.361788 0.443341 2.013293 0.521361 -0.010148 0.852562 -0.034885
0.362068 0.443508 2.013361 0.521495 -0.010177 0.852473 -0.035056
0.362354 0.443670 2.013426 0.521630 -0.010212 0.852383 -0.035223
0.362644 0.443827 2.013489 0.521764 -0.010252 0.852294 -0.035385
0.362939 0.443981 2.013550 0.521897 -0.010294 0.852205 -0.035541
0.363238 0.444130 2.013609 0.522028 -0.010337 0.852118 -0.035692
0.363585 0.444249 2.013654 0.522241 -0.010470 0.851986 -0.035703
0.363928 0.444368 2.013697 0.522425 -0.010571 0.851870 -0.035743
0.364268 0.444488 2.013740 0.522587 -0.010648 0.851767 -0.035802
0.364605 0.444609 2.013782 0.522733 -0.010708 0.851674 -0.035873
0.364941 0.444731 2.013823 0.522866 -0.010749 0.851589 -0.035944
0.365276 0.444854 2.013863 0.522989 -0.010775 0.851510 -0.036013
0.365654 0.444948 2.013889 0.523186 -0.010885 0.851390 -0.035952
0.366025 0.445046 2.013914 0.523353 -0.010962 0.851288 -0.035929
0.366391 0.445149 2.013938 0.523498 -0.011012 0.851198 -0.035929
0.366794 0.445225 2.013952 0.523703 -0.011132 0.851075 -0.035817
0.367188 0.445308 2.013964 0.523874 -0.011213 0.850971 -0.035753
0.367574 0.445397 2.013976 0.524018 -0.011259 0.850884 -0.035713
0.367953 0.445491 2.013987 0.524142 -0.011274 0.850809 -0.035683
0.368369 0.445560 2.013987 0.524327 -0.011363 0.850699 -0.035539
0.368811 0.445610 2.013979 0.524549 -0.011503 0.850569 -0.035339
0.369240 0.445667 2.013971 0.524728 -0.011595 0.850463 -0.035203
0.369658 0.445734 2.013963 0.524876 -0.011640 0.850375 -0.035098
0.370103 0.445780 2.013946 0.525072 -0.011743 0.850261 -0.034897
0.370535 0.445835 2.013929 0.525236 -0.011804 0.850165 -0.034749
0.370990 0.445871 2.013903 0.525441 -0.011916 0.850046 -0.034521
0.371461 0.445893 2.013872 0.525673 -0.012065 0.849911 -0.034254
0.371915 0.445928 2.013841 0.525863 -0.012161 0.849800 -0.034053
0.372352 0.445975 2.013811 0.526023 -0.012209 0.849708 -0.033884
0.372808 0.446007 2.013774 0.526223 -0.012307 0.849592 -0.033637
0.373276 0.446027 2.013733 0.526448 -0.012440 0.849462 -0.033353
0.373752 0.446039 2.013688 0.526687 -0.012594 0.849323 -0.033051
0.374233 0.446044 2.013640 0.526935 -0.012762 0.849179 -0.032737
0.374744 0.446044 2.013582 0.527249 -0.012961 0.848990 -0.032505
0.375273 0.446033 2.013521 0.527592 -0.013192 0.848780 -0.032311
0.375817 0.446010 2.013457 0.527947 -0.013443 0.848563 -0.032126
0.376372 0.445976 2.013392 0.528305 -0.013706 0.848343 -0.031937
0.376937 0.445931 2.013326 0.528661 -0.013975 0.848124 -0.031740
0.377483 0.445901 2.013262 0.528962 -0.014168 0.847938 -0.031615
0.378043 0.445857 2.013198 0.529277 -0.014384 0.847745 -0.031437
0.378612 0.445801 2.013132 0.529598 -0.014616 0.847548 -0.031231
0.379155 0.445765 2.013072 0.529850 -0.014752 0.847393 -0.031090
0.379676 0.445747 2.013017 0.530052 -0.014812 0.847270 -0.030985
0.380178 0.445743 2.012965 0.530216 -0.014815 0.847170 -0.030900
0.380664 0.445752 2.012916 0.530353 -0.014776 0.847087 -0.030827
0.381139 0.445772 2.012868 0.530473 -0.014709 0.847016 -0.030757
0.381640 0.445767 2.012816 0.530652 -0.014735 0.846909 -0.030605
0.382161 0.445743 2.012760 0.530867 -0.014822 0.846779 -0.030409
0.382694 0.445705 2.012702 0.531103 -0.014946 0.846637 -0.030189
0.383238 0.445655 2.012642 0.531349 -0.015093 0.846489 -0.029953
0.383789 0.445595 2.012582 0.531600 -0.015254 0.846337 -0.029703
0.384347 0.445527 2.012520 0.531852 -0.015422 0.846185 -0.029444
0.384910 0.445451 2.012458 0.532104 -0.015595 0.846032 -0.029176
0.385475 0.445370 2.012395 0.532355 -0.015770 0.845881 -0.028900
0.386017 0.445307 2.012335 0.532555 -0.015863 0.845761 -0.028673
0.386566 0.445235 2.012273 0.532770 -0.015984 0.845632 -0.028414
0.387118 0.445157 2.012211 0.532995 -0.016122 0.845497 -0.028139
0.387670 0.445074 2.012149 0.533224 -0.016271 0.845359 -0.027854
0.388222 0.444987 2.012086 0.533455 -0.016425 0.845220 -0.027564
0.388771 0.444899 2.012024 0.533686 -0.016581 0.845080 -0.027270
0.389316 0.444811 2.011962 0.533915 -0.016737 0.844942 -0.026975
0.389857 0.444722 2.011902 0.534142 -0.016890 0.844805 -0.026680
0.390393 0.444635 2.011842 0.534366 -0.017040 0.844670 -0.026386
0.390922 0.444550 2.011783 0.534585 -0.017186 0.844537 -0.026093
0.391444 0.444467 2.011725 0.534801 -0.017326 0.844406 -0.025803
0.391958 0.444387 2.011669 0.535012 -0.017461 0.844278 -0.025516
0.392464 0.444312 2.011613 0.535219 -0.017588 0.844153 -0.025233
0.392962 0.444241 2.011559 0.535420 -0.017709 0.844031 -0.024954
0.393450 0.444175 2.011507 0.535617 -0.017822 0.843912 -0.024681
0.393929 0.444114 2.011455 0.535809 -0.017927 0.843796 -0.024412
0.394397 0.444059 2.011405 0.535995 -0.018023 0.843683 -0.024150
0.394855 0.444011 2.011357 0.536176 -0.018111 0.843573 -0.023895
0.395302 0.443970 2.011310 0.536352 -0.018189 0.843467 -0.023646
0.395752 0.443930 2.011274 0.536523 -0.018331 0.843358 -0.023527
0.396205 0.443890 2.011238 0.536691 -0.018488 0.843250 -0.023468
0.396661 0.443849 2.011200 0.536855 -0.018645 0.843143 -0.023433
0.397119 0.443807 2.011158 0.537017 -0.018797 0.843037 -0.023404
0.397580 0.443765 2.011110 0.537176 -0.018943 0.842933 -0.023371
0.398041 0.443722 2.011059 0.537335 -0.019083 0.842830 -0.023330
0.398503 0.443681 2.011003 0.537492 -0.019216 0.842728 -0.023281
0.398964 0.443640 2.010943 0.537649 -0.019342 0.842627 -0.023223
0.399423 0.443601 2.010880 0.537804 -0.019462 0.842527 -0.023156
0.399880 0.443565 2.010813 0.537958 -0.019575 0.842428 -0.023083
0.400334 0.443531 2.010744 0.538110 -0.019681 0.842331 -0.023002
0.400784 0.443501 2.010672 0.538261 -0.019779 0.842234 -0.022917
0.401229 0.443475 2.010598 0.538410 -0.019869 0.842140 -0.022827
0.401669 0.443454 2.010522 0.538556 -0.019952 0.842046 -0.022733
0.402102 0.443437 2.010444 0.538701 -0.020026 0.841955 -0.022637
0.402529 0.443426 2.010365 0.538842 -0.020090 0.841865 -0.022539
0.402949 0.443421 2.010284 0.538982 -0.020146 0.841778 -0.022441
0.403361 0.443422 2.010202 0.539118 -0.020193 0.841692 -0.022341
0.403765 0.443430 2.010119 0.539251 -0.020230 0.841608 -0.022243
0.404160 0.443445 2.010035 0.539380 -0.020257 0.841527 -0.022145
0.404546 0.443467 2.009951 0.539507 -0.020274 0.841448 -0.022049
0.404923 0.443497 2.009866 0.539630 -0.020281 0.841372 -0.021955
0.405290 0.443535 2.009780 0.539749 -0.020277 0.841298 -0.021864
0.405648 0.443581 2.009694 0.539865 -0.020263 0.841226 -0.021776
0.405995 0.443636 2.009608 0.539977 -0.020238 0.841157 -0.021692
0.406332 0.443699 2.009521 0.540086 -0.020203 0.841090 -0.021611
0.406658 0.443771 2.009434 0.540190 -0.020156 0.841026 -0.021534
0.406974 0.443852 2.009348 0.540291 -0.020098 0.840965 -0.021463
0.407278 0.443942 2.009261 0.540387 -0.020029 0.840906 -0.021396
0.407572 0.444042 2.009173 0.540480 -0.019949 0.840850 -0.021334
0.407854 0.444151 2.009086 0.540569 -0.019858 0.840796 -0.021277
0.408125 0.444270 2.008999 0.540654 -0.019755 0.840745 -0.021226
0.408385 0.444398 2.008912 0.540735 -0.019641 0.840697 -0.021181
0.408633 0.444537 2.008825 0.540812 -0.019516 0.840651 -0.021141
0.408870 0.444685 2.008738 0.540885 -0.019380 0.840608 -0.021108
0.409096 0.444843 2.008651 0.540954 -0.019232 0.840568 -0.021081
0.409309 0.445011 2.008564 0.541019 -0.019073 0.840530 -0.021060
0.409512 0.445189 2.008477 0.541080 -0.018903 0.840495 -0.021046
0.409702 0.445377 2.008390 0.541138 -0.018721 0.840462 -0.021038
0.409882 0.445575 2.008302 0.541191 -0.018528 0.840432 -0.021037
0.410060 0.445777 2.008230 0.541236 -0.018377 0.840404 -0.021134
0.410239 0.445981 2.008162 0.541274 -0.018230 0.840379 -0.021281
0.410417 0.446183 2.008095 0.541307 -0.018079 0.840357 -0.021448
0.410596 0.446385 2.008027 0.541335 -0.017922 0.840338 -0.021622
0.410776 0.446585 2.007958 0.541361 -0.017760 0.840320 -0.021793
0.410955 0.446785 2.007889 0.541385 -0.017593 0.840304 -0.021958
0.411134 0.446984 2.007818 0.541408 -0.017422 0.840288 -0.022116
0.411312 0.447182 2.007746 0.541430 -0.017248 0.840274 -0.022267
0.411489 0.447381 2.007673 0.541452 -0.017070 0.840259 -0.022410
0.411664 0.447581 2.007599 0.541474 -0.016888 0.840246 -0.022547
0.411836 0.447781 2.007525 0.541494 -0.016703 0.840232 -0.022678
0.412005 0.447984 2.007449 0.541515 -0.016514 0.840220 -0.022804
0.412171 0.448188 2.007373 0.541534 -0.016320 0.840208 -0.022924
0.412333 0.448395 2.007297 0.541553 -0.016122 0.840196 -0.023041
0.412491 0.448604 2.007220 0.541571 -0.015920 0.840186 -0.023155
0.412644 0.448817 2.007143 0.541587 -0.015712 0.840176 -0.023266
0.412792 0.449033 2.007065 0.541603 -0.015499 0.840167 -0.023374
0.412934 0.449254 2.006987 0.541617 -0.015280 0.840158 -0.023481
0.413071 0.449478 2.006909 0.541630 -0.015056 0.840151 -0.023587
0.413202 0.449707 2.006831 0.541641 -0.014826 0.840145 -0.023691
0.413327 0.449941 2.006752 0.541651 -0.014589 0.840140 -0.023796
0.413445 0.450180 2.006673 0.541659 -0.014346 0.840136 -0.023900
0.413556 0.450424 2.006594 0.541665 -0.014097 0.840133 -0.024005
0.413661 0.450673 2.006514 0.541670 -0.013841 0.840131 -0.024110
0.413758 0.450929 2.006435 0.541673 -0.013578 0.840131 -0.024216
0.413848 0.451190 2.006355 0.541674 -0.013308 0.840131 -0.024324
0.413930 0.451457 2.006274 0.541673 -0.013030 0.840133 -0.024433
0.414005 0.451730 2.006194 0.541670 -0.012746 0.840136 -0.024544
0.414073 0.452010 2.006113 0.541665 -0.012454 0.840141 -0.024657
0.414132 0.452296 2.006032 0.541658 -0.012155 0.840146 -0.024772
0.414184 0.452589 2.005951 0.541649 -0.011848 0.840153 -0.024889
0.414228 0.452888 2.005869 0.541638 -0.011534 0.840161 -0.025009
0.414264 0.453194 2.005787 0.541624 -0.011212 0.840170 -0.025132
0.414291 0.453507 2.005704 0.541609 -0.010882 0.840180 -0.025258
0.414311 0.453827 2.005621 0.541592 -0.010545 0.840192 -0.025387
0.414322 0.454154 2.005538 0.541572 -0.010200 0.840205 -0.025519
0.414325 0.454488 2.005454 0.541551 -0.009848 0.840219 -0.025654
0.414320 0.454829 2.005369 0.541527 -0.009487 0.840234 -0.025793
0.414307 0.455177 2.005284 0.541501 -0.009119 0.840250 -0.025935
0.414286 0.455532 2.005199 0.541473 -0.008743 0.840268 -0.026080
0.414265 0.455884 2.005118 0.541464 -0.008381 0.840274 -0.026200
0.414246 0.456238 2.005034 0.541467 -0.008038 0.840271 -0.026338
0.414227 0.456594 2.004945 0.541477 -0.007702 0.840263 -0.026488
0.414208 0.456953 2.004849 0.541492 -0.007368 0.840251 -0.026642
0.414188 0.457317 2.004746 0.541510 -0.007032 0.840238 -0.026796
0.414168 0.457686 2.004638 0.541529 -0.006690 0.840224 -0.026948
0.414145 0.458059 2.004525 0.541549 -0.006343 0.840209 -0.027096
0.414121 0.458437 2.004406 0.541569 -0.005989 0.840194 -0.027241
0.414093 0.458820 2.004282 0.541589 -0.005629 0.840179 -0.027383
0.414063 0.459209 2.004153 0.541608 -0.005261 0.840164 -0.027523
0.414029 0.459603 2.004020 0.541627 -0.004885 0.840149 -0.027660
0.413992 0.460002 2.003883 0.541646 -0.004502 0.840135 -0.027796
0.413951 0.460408 2.003742 0.541663 -0.004112 0.840122 -0.027930
0.413905 0.460818 2.003598 0.541679 -0.003714 0.840109 -0.028063
0.413855 0.461235 2.003450 0.541694 -0.003308 0.840097 -0.028196
0.413800 0.461657 2.003298 0.541707 -0.002895 0.840085 -0.028329
0.413740 0.462086 2.003144 0.541719 -0.002475 0.840074 -0.028461
0.413676 0.462518 2.002987 0.541728 -0.002047 0.840064 -0.028596
0.413606 0.462952 2.002826 0.541735 -0.001613 0.840056 -0.028732
0.413531 0.463389 2.002663 0.541740 -0.001174 0.840049 -0.028869
0.413452 0.463827 2.002497 0.541743 -0.000731 0.840043 -0.029007
0.413369 0.464267 2.002329 0.541744 -0.000286 0.840038 -0.029145
0.413283 0.464706 2.002159 0.541744 0.000161 0.840033 -0.029285
0.413193 0.465146 2.001986 0.541743 0.000610 0.840029 -0.029424
0.413100 0.465586 2.001812 0.541741 0.001060 0.840025 -0.029563
0.413004 0.466026 2.001636 0.541738 0.001510 0.840021 -0.029702
0.412905 0.466465 2.001459 0.541734 0.001961 0.840018 -0.029841
0.412804 0.466903 2.001280 0.541729 0.002411 0.840015 -0.029980
0.412737 0.467287 2.001116 0.541757 0.002758 0.839997 -0.029961
0.412700 0.467616 2.000973 0.541811 0.002997 0.839965 -0.029856
0.412689 0.467894 2.000853 0.541874 0.003167 0.839929 -0.029688
0.412699 0.468129 2.000755 0.541941 0.003289 0.839892 -0.029485
0.412725 0.468329 2.000676 0.542007 0.003376 0.839857 -0.029273
0.412763 0.468498 2.000615 0.542070 0.003439 0.839824 -0.029065
0.412810 0.468645 2.000568 0.542128 0.003487 0.839793 -0.028871
0.412862 0.468774 2.000533 0.542180 0.003528 0.839765 -0.028695
0.412918 0.468889 2.000508 0.542228 0.003565 0.839739 -0.028540
0.412975 0.468995 2.000490 0.542271 0.003602 0.839716 -0.028406
0.413033 0.469094 2.000477 0.542309 0.003642 0.839695 -0.028293
0.413090 0.469188 2.000468 0.542343 0.003685 0.839676 -0.028200
0.413153 0.469283 2.000461 0.542381 0.003706 0.839652 -0.028178
0.413220 0.469374 2.000454 0.542419 0.003721 0.839627 -0.028197
0.413291 0.469460 2.000446 0.542454 0.003737 0.839603 -0.028235
0.413365 0.469541 2.000437 0.542487 0.003758 0.839580 -0.028282
0.413442 0.469619 2.000426 0.542518 0.003784 0.839558 -0.028334
0.413522 0.469694 2.000413 0.542547 0.003815 0.839537 -0.028386
0.413603 0.469766 2.000398 0.542574 0.003851 0.839517 -0.028436
0.413685 0.469837 2.000381 0.542600 0.003891 0.839499 -0.028485
0.413768 0.469906 2.000361 0.542625 0.003934 0.839481 -0.028530
0.413853 0.469973 2.000340 0.542650 0.003980 0.839464 -0.028572
0.413938 0.470039 2.000316 0.542674 0.004028 0.839446 -0.028611
0.414024 0.470104 2.000290 0.542697 0.004077 0.839430 -0.028646
0.414110 0.470167 2.000262 0.542721 0.004128 0.839413 -0.028678
0.414196 0.470230 2.000233 0.542744 0.004179 0.839397 -0.028705
0.414282 0.470291 2.000202 0.542767 0.004231 0.839381 -0.028729
0.414369 0.470350 2.000170 0.542790 0.004283 0.839365 -0.028749
0.414455 0.470409 2.000136 0.542813 0.004336 0.839350 -0.028766
0.414542 0.470466 2.000101 0.542836 0.004388 0.839334 -0.028779
0.414628 0.470522 2.000066 0.542858 0.004441 0.839319 -0.028789
0.414714 0.470577 2.000030 0.542880 0.004495 0.839305 -0.028796
0.414800 0.470631 1.999993 0.542901 0.004548 0.839290 -0.028800
0.414885 0.470684 1.999955 0.542922 0.004601 0.839276 -0.028800
0.414970 0.470735 1.999917 0.542943 0.004654 0.839263 -0.028798
0.415057 0.470782 1.999879 0.542965 0.004699 0.839249 -0.028784
0.415145 0.470824 1.999842 0.542988 0.004738 0.839234 -0.028760
0.415235 0.470862 1.999807 0.543013 0.004771 0.839219 -0.028728
0.415327 0.470895 1.999772 0.543037 0.004799 0.839205 -0.028689
0.415419 0.470924 1.999739 0.543062 0.004822 0.839190 -0.028646
0.415513 0.470949 1.999708 0.543087 0.004841 0.839175 -0.028600
0.415607 0.470971 1.999677 0.543111 0.004857 0.839161 -0.028552
0.415703 0.470990 1.999648 0.543136 0.004870 0.839147 -0.028503
0.415798 0.471005 1.999620 0.543160 0.004881 0.839133 -0.028453
0.415894 0.471018 1.999592 0.543183 0.004892 0.839119 -0.028404
0.415991 0.471030 1.999564 0.543207 0.004902 0.839106 -0.028355
0.416087 0.471040 1.999536 0.543229 0.004912 0.839093 -0.028308
0.416184 0.471048 1.999508 0.543252 0.004921 0.839079 -0.028262
0.416280 0.471055 1.999480 0.543274 0.004931 0.839066 -0.028217
0.416375 0.471062 1.999452 0.543296 0.004940 0.839054 -0.028173
0.416471 0.471067 1.999424 0.543318 0.004949 0.839041 -0.028130
0.416565 0.471073 1.999396 0.543340 0.004958 0.839028 -0.028088
0.416659 0.471078 1.999376 0.543370 0.004944 0.839007 -0.028132
0.416755 0.471081 1.999359 0.543403 0.004925 0.838983 -0.028210
0.416851 0.471080 1.999346 0.543437 0.004908 0.838959 -0.028301
0.416948 0.471076 1.999334 0.543470 0.004894 0.838934 -0.028397
0.417045 0.471069 1.999324 0.543503 0.004883 0.838910 -0.028494
0.417142 0.471061 1.999315 0.543535 0.004874 0.838885 -0.028590
0.417238 0.471052 1.999306 0.543568 0.004867 0.838861 -0.028686
0.417334 0.471042 1.999297 0.543600 0.004861 0.838837 -0.028782
0.417429 0.471032 1.999287 0.543632 0.004857 0.838813 -0.028876
0.417522 0.471022 1.999278 0.543665 0.004853 0.838788 -0.028970
0.417615 0.471012 1.999268 0.543697 0.004850 0.838764 -0.029062
0.417707 0.471002 1.999257 0.543730 0.004847 0.838740 -0.029152
0.417798 0.470993 1.999246 0.543763 0.004845 0.838716 -0.029241
0.417887 0.470985 1.999233 0.543796 0.004843 0.838691 -0.029328
0.417975 0.470977 1.999220 0.543829 0.004839 0.838666 -0.029425
0.418062 0.470970 1.999206 0.543860 0.004842 0.838643 -0.029505
0.418147 0.470964 1.999191 0.543890 0.004850 0.838621 -0.029574
0.418231 0.470959 1.999176 0.543918 0.004862 0.838601 -0.029632
0.418313 0.470954 1.999161 0.543945 0.004875 0.838582 -0.029684
0.418393 0.470948 1.999146 0.543970 0.004890 0.838564 -0.029730
0.418473 0.470943 1.999131 0.543994 0.004906 0.838546 -0.029772
0.418551 0.470938 1.999117 0.544017 0.004922 0.838530 -0.029812
0.418627 0.470933 1.999103 0.544039 0.004939 0.838514 -0.029849
0.418703 0.470928 1.999089 0.544061 0.004955 0.838499 -0.029884
0.418777 0.470923 1.999075 0.544081 0.004972 0.838484 -0.029918
0.418850 0.470918 1.999061 0.544102 0.004988 0.838470 -0.029951
0.418922 0.470913 1.999047 0.544121 0.005004 0.838456 -0.029983
0.418993 0.470908 1.999034 0.544141 0.005020 0.838442 -0.030014
0.419063 0.470904 1.999020 0.544159 0.005038 0.838429 -0.030040
0.419130 0.470900 1.999007 0.544177 0.005057 0.838416 -0.030060
0.419197 0.470896 1.998995 0.544194 0.005076 0.838405 -0.030077
0.419262 0.470892 1.998982 0.544211 0.005096 0.838393 -0.030092
0.419326 0.470888 1.998970 0.544227 0.005116 0.838382 -0.030104
0.419388 0.470884 1.998959 0.544242 0.005136 0.838372 -0.030115
0.419450 0.470880 1.998947 0.544257 0.005156 0.838361 -0.030125
0.419510 0.470876 1.998936 0.544272 0.005175 0.838351 -0.030135
0.419570 0.470872 1.998925 0.544286 0.005194 0.838342 -0.030144
0.419628 0.470869 1.998915 0.544300 0.005212 0.838332 -0.030152
0.419685 0.470865 1.998904 0.544314 0.005230 0.838323 -0.030161
0.419742 0.470861 1.998894 0.544328 0.005248 0.838314 -0.030169
0.419794 0.470829 1.998889 0.544343 0.005231 0.838303 -0.030176
0.419843 0.470795 1.998878 0.544362 0.005207 0.838290 -0.030203
0.419891 0.470763 1.998864 0.544381 0.005187 0.838278 -0.030221
0.419939 0.470732 1.998846 0.544397 0.005170 0.838267 -0.030216
0.419987 0.470701 1.998827 0.544411 0.005159 0.838259 -0.030188
0.420034 0.470671 1.998808 0.544423 0.005151 0.838253 -0.030143
0.420082 0.470640 1.998789 0.544432 0.005145 0.838249 -0.030084
0.420130 0.470609 1.998770 0.544439 0.005142 0.838247 -0.030015
0.420177 0.470577 1.998752 0.544444 0.005140 0.838247 -0.029939
0.420225 0.470545 1.998734 0.544448 0.005138 0.838247 -0.029858
0.420273 0.470513 1.998718 0.544450 0.005135 0.838249 -0.029780
0.420321 0.470479 1.998701 0.544452 0.005132 0.838251 -0.029702
0.420370 0.470446 1.998684 0.544452 0.005127 0.838253 -0.029626
0.420418 0.470412 1.998668 0.544452 0.005123 0.838256 -0.029550
0.420467 0.470378 1.998652 0.544451 0.005119 0.838259 -0.029476
0.420516 0.470344 1.998636 0.544450 0.005115 0.838262 -0.029401
0.420565 0.470310 1.998619 0.544448 0.005110 0.838266 -0.029327
0.420614 0.470276 1.998603 0.544446 0.005106 0.838270 -0.029253
0.420662 0.470242 1.998587 0.544443 0.005101 0.838274 -0.029179
0.420711 0.470208 1.998571 0.544441 0.005096 0.838279 -0.029105
0.420760 0.470175 1.998555 0.544438 0.005091 0.838283 -0.029031
0.420808 0.470141 1.998538 0.544435 0.005086 0.838288 -0.028958
0.420857 0.470108 1.998522 0.544432 0.005081 0.838292 -0.028884
0.420905 0.470074 1.998506 0.544428 0.005075 0.838297 -0.028810
0.420954 0.470041 1.998489 0.544425 0.005069 0.838302 -0.028737
0.421002 0.470008 1.998473 0.544421 0.005063 0.838307 -0.028663
0.421050 0.469975 1.998457 0.544418 0.005057 0.838312 -0.028590
0.421098 0.469942 1.998441 0.544414 0.005050 0.838316 -0.028517
0.421146 0.469909 1.998424 0.544411 0.005044 0.838321 -0.028444
0.421193 0.469877 1.998408 0.544407 0.005037 0.838326 -0.028371
0.421241 0.469844 1.998392 0.544403 0.005030 0.838331 -0.028298
0.421288 0.469812 1.998376 0.544400 0.005022 0.838336 -0.028225
0.421335 0.469780 1.998359 0.544396 0.005015 0.838341 -0.028153
0.421381 0.469749 1.998343 0.544392 0.005007 0.838346 -0.028081
0.421428 0.469717 1.998327 0.544388 0.004999 0.838351 -0.028009
0.421474 0.469686 1.998311 0.544385 0.004990 0.838355 -0.027938
0.421520 0.469654 1.998295 0.544381 0.004982 0.838360 -0.027866
0.421566 0.469624 1.998279 0.544377 0.004974 0.838365 -0.027795
0.421612 0.469593 1.998263 0.544374 0.004965 0.838370 -0.027725
0.421657 0.469562 1.998246 0.544370 0.004956 0.838375 -0.027655
0.421695 0.469452 1.998237 0.544362 0.004901 0.838380 -0.027639
0.421729 0.469324 1.998221 0.544356 0.004828 0.838384 -0.027676
0.421765 0.469195 1.998197 0.544351 0.004745 0.838386 -0.027740
0.421801 0.469070 1.998166 0.544344 0.004668 0.838388 -0.027796
0.421836 0.468955 1.998125 0.544331 0.004606 0.838395 -0.027866
0.421870 0.468851 1.998076 0.544314 0.004558 0.838404 -0.027937
0.421903 0.468755 1.998017 0.544296 0.004523 0.838414 -0.028003
0.421936 0.468668 1.997951 0.544277 0.004498 0.838424 -0.028063
0.421974 0.468581 1.997882 0.544262 0.004474 0.838434 -0.028075
0.422016 0.468491 1.997811 0.544249 0.004445 0.838443 -0.028053
0.422062 0.468399 1.997740 0.544239 0.004411 0.838451 -0.028007
0.422112 0.468304 1.997670 0.544231 0.004373 0.838458 -0.027945
0.422165 0.468207 1.997600 0.544225 0.004330 0.838465 -0.027871
0.422221 0.468109 1.997531 0.544220 0.004283 0.838471 -0.027790
0.422269 0.468019 1.997464 0.544205 0.004267 0.838484 -0.027724
0.422310 0.467937 1.997398 0.544182 0.004271 0.838500 -0.027674
0.422345 0.467863 1.997333 0.544155 0.004288 0.838518 -0.027635
0.422374 0.467796 1.997268 0.544126 0.004312 0.838538 -0.027605
0.422399 0.467735 1.997203 0.544094 0.004339 0.838559 -0.027582
0.422420 0.467679 1.997139 0.544062 0.004367 0.838580 -0.027569
0.422438 0.467626 1.997078 0.544031 0.004392 0.838601 -0.027559
0.422453 0.467575 1.997018 0.544000 0.004415 0.838621 -0.027548
0.422463 0.467526 1.996963 0.543970 0.004435 0.838641 -0.027542
0.422470 0.467479 1.996911 0.543939 0.004454 0.838661 -0.027535
0.422473 0.467434 1.996863 0.543909 0.004471 0.838681 -0.027526
0.422474 0.467389 1.996818 0.543879 0.004485 0.838700 -0.027515
0.422474 0.467346 1.996776 0.543851 0.004496 0.838719 -0.027502
0.422472 0.467303 1.996736 0.543823 0.004504 0.838738 -0.027488
0.422470 0.467260 1.996698 0.543796 0.004508 0.838756 -0.027473
0.422467 0.467218 1.996662 0.543769 0.004510 0.838773 -0.027458
0.422463 0.467176 1.996628 0.543744 0.004508 0.838790 -0.027442
0.422459 0.467135 1.996594 0.543720 0.004502 0.838806 -0.027428
0.422456 0.467094 1.996561 0.543696 0.004492 0.838822 -0.027417
0.422452 0.467054 1.996529 0.543673 0.004480 0.838837 -0.027407
0.422449 0.467014 1.996497 0.543651 0.004466 0.838852 -0.027398
0.422446 0.466974 1.996466 0.543629 0.004450 0.838867 -0.027389
0.422444 0.466935 1.996436 0.543608 0.004432 0.838881 -0.027381
0.422442 0.466896 1.996405 0.543587 0.004412 0.838895 -0.027372
0.422440 0.466858 1.996376 0.543567 0.004391 0.838908 -0.027362
0.422439 0.466819 1.996346 0.543547 0.004370 0.838921 -0.027352
0.422409 0.466700 1.996303 0.543599 0.004270 0.838879 -0.027615
0.422352 0.466576 1.996246 0.543653 0.004210 0.838837 -0.027865
0.422284 0.466459 1.996180 0.543695 0.004171 0.838804 -0.028040
0.422211 0.466348 1.996106 0.543724 0.004150 0.838782 -0.028134
0.422135 0.466240 1.996029 0.543741 0.004143 0.838771 -0.028160
0.422058 0.466133 1.995950 0.543746 0.004147 0.838768 -0.028136
0.421982 0.466027 1.995871 0.543743 0.004159 0.838772 -0.028077
0.421905 0.465919 1.995794 0.543731 0.004175 0.838782 -0.027994
0.421830 0.465810 1.995719 0.543712 0.004194 0.838798 -0.027893
0.421756 0.465701 1.995646 0.543687 0.004216 0.838818 -0.027776
0.421686 0.465590 1.995575 0.543658 0.004234 0.838841 -0.027645
0.421618 0.465477 1.995505 0.543625 0.004251 0.838866 -0.027503
0.421552 0.465365 1.995439 0.543589 0.004272 0.838895 -0.027358
0.421488 0.465252 1.995376 0.543549 0.004294 0.838925 -0.027214
0.421427 0.465139 1.995313 0.543509 0.004315 0.838956 -0.027064
0.421370 0.465024 1.995251 0.543469 0.004334 0.838987 -0.026912
0.421317 0.464910 1.995190 0.543428 0.004352 0.839018 -0.026759
0.421266 0.464795 1.995129 0.543387 0.004367 0.839049 -0.026606
0.421214 0.464688 1.995065 0.543338 0.004387 0.839085 -0.026482
0.421165 0.464580 1.995003 0.543291 0.004406 0.839119 -0.026348
0.421119 0.464472 1.994941 0.543246 0.004424 0.839153 -0.026206
0.421075 0.464363 1.994880 0.543203 0.004439 0.839185 -0.026059
0.421033 0.464255 1.994821 0.543161 0.004450 0.839217 -0.025910
0.420994 0.464146 1.994762 0.543120 0.004458 0.839248 -0.025759
0.420957 0.464037 1.994705 0.543079 0.004464 0.839279 -0.025609
0.420921 0.463929 1.994649 0.543039 0.004466 0.839309 -0.025459
0.420887 0.463821 1.994594 0.543000 0.004466 0.839339 -0.025310
0.420854 0.463714 1.994540 0.542962 0.004463 0.839369 -0.025162
0.420823 0.463607 1.994487 0.542924 0.004457 0.839398 -0.025016
0.420794 0.463501 1.994435 0.542886 0.004450 0.839426 -0.024871
0.420765 0.463396 1.994384 0.542849 0.004441 0.839454 -0.024728
0.420738 0.463292 1.994334 0.542813 0.004429 0.839482 -0.024586
0.420711 0.463188 1.994284 0.542777 0.004416 0.839509 -0.024446
0.420686 0.463085 1.994236 0.542742 0.004401 0.839536 -0.024307
0.420662 0.462984 1.994189 0.542707 0.004385 0.839563 -0.024170
0.420639 0.462883 1.994143 0.542672 0.004367 0.839589 -0.024034
0.420616 0.462783 1.994097 0.542638 0.004348 0.839615 -0.023900
0.420595 0.462684 1.994052 0.542605 0.004327 0.839641 -0.023766
0.420574 0.462586 1.994008 0.542572 0.004305 0.839666 -0.023635
0.420554 0.462489 1.993965 0.542540 0.004282 0.839690 -0.023504
0.420493 0.462342 1.993923 0.542580 0.004325 0.839668 -0.023338
0.420406 0.462194 1.993872 0.542621 0.004360 0.839646 -0.023186
0.420305 0.462052 1.993815 0.542654 0.004387 0.839629 -0.023011
0.420197 0.461914 1.993754 0.542682 0.004412 0.839617 -0.022791
0.420086 0.461779 1.993693 0.542703 0.004437 0.839611 -0.022534
0.419973 0.461644 1.993631 0.542717 0.004461 0.839609 -0.022253
0.419859 0.461509 1.993571 0.542726 0.004484 0.839611 -0.021957
0.419744 0.461374 1.993513 0.542728 0.004505 0.839617 -0.021654
0.419630 0.461238 1.993456 0.542727 0.004524 0.839626 -0.021352
0.419515 0.461101 1.993400 0.542720 0.004540 0.839637 -0.021052
0.419401 0.460964 1.993346 0.542710 0.004553 0.839651 -0.020759
0.419287 0.460826 1.993294 0.542696 0.004563 0.839667 -0.020473
0.419172 0.460690 1.993241 0.542679 0.004570 0.839685 -0.020201
0.419058 0.460554 1.993189 0.542659 0.004576 0.839704 -0.019940
0.418936 0.460430 1.993133 0.542620 0.004600 0.839734 -0.019714
0.418815 0.460306 1.993077 0.542583 0.004619 0.839764 -0.019486
0.418696 0.460180 1.993022 0.542546 0.004631 0.839793 -0.019258
0.418578 0.460053 1.992967 0.542510 0.004637 0.839821 -0.019033
0.418461 0.459925 1.992913 0.542473 0.004638 0.839849 -0.018812
0.418347 0.459795 1.992859 0.542437 0.004633 0.839878 -0.018596
0.418233 0.459665 1.992806 0.542400 0.004622 0.839906 -0.018384
0.418121 0.459533 1.992754 0.542363 0.004607 0.839935 -0.018178
0.418010 0.459401 1.992702 0.542325 0.004587 0.839964 -0.017977
0.417900 0.459267 1.992651 0.542286 0.004564 0.839993 -0.017782
0.417792 0.459133 1.992600 0.542246 0.004537 0.840023 -0.017591
0.417685 0.458998 1.992550 0.542205 0.004506 0.840054 -0.017406
0.417580 0.458861 1.992500 0.542163 0.004472 0.840085 -0.017225
0.417472 0.458730 1.992448 0.542110 0.004445 0.840123 -0.017067
0.417365 0.458597 1.992397 0.542057 0.004415 0.840160 -0.016904
0.417261 0.458463 1.992346 0.542005 0.004382 0.840197 -0.016740
0.417159 0.458326 1.992297 0.541953 0.004343 0.840234 -0.016577
0.417058 0.458188 1.992248 0.541901 0.004301 0.840271 -0.016416
0.416959 0.458049 1.992200 0.541850 0.004255 0.840307 -0.016258
0.416862 0.457907 1.992152 0.541798 0.004204 0.840344 -0.016103
0.416767 0.457765 1.992105 0.541746 0.004150 0.840381 -0.015951
0.416673 0.457621 1.992058 0.541693 0.004093 0.840418 -0.015802
0.416581 0.457476 1.992012 0.541639 0.004032 0.840456 -0.015656
0.416488 0.457333 1.991965 0.541577 0.003975 0.840499 -0.015526
0.416395 0.457191 1.991917 0.541507 0.003924 0.840546 -0.015402
0.416305 0.457048 1.991871 0.541439 0.003871 0.840592 -0.015269
0.416180 0.456862 1.991838 0.541390 0.003926 0.840629 -0.014988
0.416025 0.456689 1.991805 0.541342 0.004089 0.840665 -0.014627
0.415851 0.456533 1.991766 0.541297 0.004271 0.840700 -0.014272
0.415662 0.456398 1.991718 0.541250 0.004471 0.840734 -0.013919
0.415459 0.456282 1.991663 0.541201 0.004692 0.840771 -0.013561
0.415253 0.456170 1.991606 0.541163 0.004890 0.840800 -0.013192
0.415046 0.456060 1.991547 0.541135 0.005068 0.840823 -0.012822
0.414838 0.455951 1.991488 0.541115 0.005225 0.840840 -0.012458
0.414630 0.455844 1.991429 0.541101 0.005366 0.840853 -0.012101
0.414422 0.455738 1.991369 0.541092 0.005493 0.840863 -0.011753
0.414214 0.455633 1.991309 0.541086 0.005606 0.840871 -0.011416
0.414006 0.455529 1.991249 0.541082 0.005709 0.840877 -0.011088
0.413799 0.455425 1.991189 0.541079 0.005802 0.840883 -0.010771
0.413593 0.455321 1.991130 0.541077 0.005886 0.840888 -0.010463
0.413388 0.455218 1.991070 0.541074 0.005963 0.840892 -0.010165
0.413183 0.455116 1.991010 0.541071 0.006034 0.840897 -0.009877
0.412979 0.455014 1.990950 0.541068 0.006098 0.840902 -0.009599
0.412775 0.454913 1.990890 0.541063 0.006157 0.840908 -0.009329
0.412573 0.454812 1.990830 0.541056 0.006210 0.840915 -0.009068
0.412371 0.454712 1.990769 0.541048 0.006260 0.840922 -0.008815
0.412171 0.454612 1.990709 0.541038 0.006305 0.840931 -0.008570
0.411971 0.454512 1.990648 0.541026 0.006347 0.840940 -0.008333
0.411773 0.454413 1.990587 0.541013 0.006385 0.840951 -0.008102
0.411575 0.454314 1.990526 0.540997 0.006419 0.840963 -0.007879
0.411379 0.454215 1.990465 0.540979 0.006450 0.840976 -0.007661
0.411184 0.454117 1.990404 0.540959 0.006478 0.840991 -0.007450
0.410991 0.454018 1.990343 0.540938 0.006503 0.841006 -0.007244
0.410799 0.453919 1.990281 0.540914 0.006525 0.841023 -0.007043
0.410608 0.453820 1.990220 0.540888 0.006544 0.841041 -0.006848
0.410419 0.453721 1.990158 0.540861 0.006561 0.841060 -0.006657
0.410232 0.453621 1.990097 0.540831 0.006574 0.841080 -0.006472
0.410046 0.453521 1.990035 0.540800 0.006585 0.841102 -0.006290
0.409862 0.453420 1.989974 0.540767 0.006592 0.841124 -0.006112
0.409680 0.453318 1.989913 0.540732 0.006597 0.841148 -0.005938
0.409500 0.453216 1.989851 0.540696 0.006600 0.841172 -0.005767
0.409321 0.453113 1.989790 0.540658 0.006599 0.841198 -0.005600
0.409145 0.453009 1.989729 0.540618 0.006596 0.841225 -0.005436
0.408966 0.452911 1.989665 0.540565 0.006615 0.841260 -0.005270
0.408786 0.452818 1.989599 0.540502 0.006646 0.841301 -0.005106
0.408609 0.452722 1.989534 0.540442 0.006662 0.841340 -0.004948
0.408387 0.452599 1.989483 0.540357 0.006804 0.841395 -0.004642
0.408133 0.452488 1.989429 0.540250 0.007038 0.841464 -0.004267
0.407868 0.452384 1.989368 0.540165 0.007248 0.841519 -0.003913
0.407598 0.452287 1.989301 0.540098 0.007442 0.841562 -0.003570
0.407324 0.452196 1.989229 0.540046 0.007625 0.841594 -0.003235
0.407052 0.452106 1.989151 0.540021 0.007785 0.841610 -0.002899
0.406781 0.452018 1.989067 0.540016 0.007931 0.841614 -0.002565
0.406516 0.451925 1.988981 0.540032 0.008044 0.841603 -0.002243
0.406255 0.451830 1.988894 0.540062 0.008137 0.841584 -0.001946
0.405992 0.451735 1.988808 0.540087 0.008232 0.841567 -0.001669
0.405727 0.451641 1.988724 0.540108 0.008328 0.841553 -0.001416
0.405460 0.451549 1.988644 0.540126 0.008424 0.841541 -0.001183
0.405192 0.451459 1.988564 0.540141 0.008518 0.841531 -0.000964
0.404924 0.451370 1.988486 0.540154 0.008612 0.841522 -0.000748
0.404655 0.451284 1.988407 0.540166 0.008705 0.841514 -0.000534
0.404387 0.451199 1.988328 0.540175 0.008797 0.841507 -0.000320
0.404119 0.451116 1.988249 0.540182 0.008885 0.841501 -0.000109
0.403852 0.451034 1.988170 0.540188 0.008970 0.841497 0.000100
0.403587 0.450952 1.988091 0.540191 0.009050 0.841494 0.000305
0.403323 0.450871 1.988012 0.540192 0.009125 0.841492 0.000506
0.403061 0.450789 1.987933 0.540192 0.009195 0.841491 0.000701
0.402800 0.450707 1.987855 0.540189 0.009259 0.841492 0.000891
0.402542 0.450625 1.987776 0.540184 0.009318 0.841495 0.001076
0.402286 0.450541 1.987698 0.540176 0.009372 0.841499 0.001255
0.402031 0.450457 1.987620 0.540167 0.009420 0.841504 0.001428
0.401780 0.450372 1.987543 0.540155 0.009464 0.841511 0.001596
0.401530 0.450286 1.987466 0.540140 0.009502 0.841520 0.001759
0.401283 0.450199 1.987390 0.540124 0.009535 0.841530 0.001916
0.401038 0.450110 1.987314 0.540105 0.009563 0.841541 0.002067
0.400796 0.450020 1.987238 0.540084 0.009586 0.841553 0.002212
0.400557 0.449929 1.987163 0.540062 0.009603 0.841567 0.002351
0.400319 0.449836 1.987089 0.540038 0.009615 0.841582 0.002484
0.400085 0.449743 1.987015 0.540013 0.009621 0.841597 0.002611
0.399853 0.449647 1.986942 0.539987 0.009622 0.841614 0.002733
0.399624 0.449551 1.986869 0.539959 0.009618 0.841631 0.002849
0.399397 0.449452 1.986796 0.539931 0.009608 0.841649 0.002959
0.399173 0.449353 1.986725 0.539901 0.009592 0.841668 0.003065
0.398951 0.449251 1.986653 0.539870 0.009572 0.841688 0.003166
0.398733 0.449149 1.986582 0.539838 0.009546 0.841708 0.003262
0.398517 0.449044 1.986512 0.539806 0.009516 0.841729 0.003353
0.398253 0.448924 1.986451 0.539779 0.009479 0.841747 0.003321
0.397962 0.448824 1.986380 0.539764 0.009561 0.841755 0.003404
0.397662 0.448727 1.986304 0.539751 0.009650 0.841762 0.003534
0.397364 0.448628 1.986217 0.539749 0.009749 0.841761 0.003747
0.397071 0.448527 1.986122 0.539760 0.009847 0.841752 0.003997
0.396782 0.448425 1.986022 0.539781 0.009941 0.841736 0.004263
0.396497 0.448323 1.985918 0.539812 0.010033 0.841714 0.004535
0.396218 0.448219 1.985810 0.539849 0.010125 0.841687 0.004817
0.395943 0.448116 1.985697 0.539891 0.010222 0.841657 0.005115
0.395657 0.448038 1.985578 0.539905 0.010384 0.841645 0.005409
0.395361 0.447982 1.985451 0.539896 0.010592 0.841646 0.005709
0.395066 0.447923 1.985327 0.539888 0.010791 0.841646 0.006022
0.394774 0.447859 1.985205 0.539881 0.010983 0.841646 0.006347
0.394486 0.447793 1.985083 0.539875 0.011168 0.841644 0.006680
0.394201 0.447724 1.984963 0.539872 0.011344 0.841642 0.007013
0.393921 0.447652 1.984843 0.539870 0.011509 0.841638 0.007344
0.393644 0.447579 1.984724 0.539868 0.011664 0.841634 0.007669
0.393371 0.447503 1.984606 0.539867 0.011810 0.841630 0.007987
0.393101 0.447426 1.984488 0.539865 0.011947 0.841626 0.008297
0.392833 0.447347 1.984373 0.539860 0.012078 0.841624 0.008601
0.392567 0.447266 1.984260 0.539852 0.012202 0.841625 0.008896
0.392303 0.447184 1.984149 0.539841 0.012319 0.841627 0.009184
0.392041 0.447101 1.984040 0.539828 0.012429 0.841630 0.009464
0.391781 0.447016 1.983932 0.539814 0.012533 0.841635 0.009736
0.391524 0.446929 1.983826 0.539797 0.012629 0.841641 0.010000
0.391269 0.446841 1.983720 0.539778 0.012719 0.841649 0.010258
0.391017 0.446752 1.983617 0.539758 0.012802 0.841657 0.010509
0.390767 0.446661 1.983514 0.539736 0.012878 0.841667 0.010753
0.390519 0.446569 1.983413 0.539713 0.012948 0.841678 0.010992
0.390275 0.446475 1.983311 0.539690 0.013011 0.841689 0.011226
0.390034 0.446379 1.983210 0.539664 0.013068 0.841701 0.011455
0.389796 0.446281 1.983111 0.539638 0.013120 0.841714 0.011678
0.389560 0.446182 1.983013 0.539610 0.013165 0.841728 0.011897
0.389326 0.446081 1.982917 0.539581 0.013205 0.841743 0.012111
0.389092 0.445988 1.982816 0.539542 0.013260 0.841764 0.012319
0.388858 0.445900 1.982712 0.539495 0.013324 0.841790 0.012524
0.388627 0.445808 1.982609 0.539451 0.013371 0.841815 0.012726
0.388402 0.445711 1.982507 0.539409 0.013407 0.841838 0.012927
0.388180 0.445611 1.982406 0.539368 0.013433 0.841860 0.013125
0.387964 0.445506 1.982306 0.539328 0.013452 0.841883 0.013322
0.387689 0.445391 1.982217 0.539242 0.013569 0.841933 0.013537
0.387390 0.445274 1.982126 0.539156 0.013720 0.841981 0.013790
0.387081 0.445161 1.982031 0.539083 0.013880 0.842021 0.014074
0.386775 0.445045 1.981926 0.539053 0.014021 0.842032 0.014408
0.386472 0.444928 1.981815 0.539056 0.014141 0.842022 0.014753
0.386172 0.444811 1.981698 0.539085 0.014244 0.841996 0.015099
0.385868 0.444708 1.981575 0.539120 0.014363 0.841965 0.015427
0.385558 0.444617 1.981445 0.539158 0.014493 0.841933 0.015742
0.385240 0.444544 1.981310 0.539185 0.014647 0.841907 0.016030
0.384913 0.444488 1.981171 0.539200 0.014827 0.841889 0.016313
0.384579 0.444446 1.981027 0.539204 0.015032 0.841877 0.016600
0.384253 0.444392 1.980882 0.539232 0.015201 0.841850 0.016917
0.383936 0.444328 1.980737 0.539277 0.015340 0.841812 0.017242
0.383627 0.444256 1.980594 0.539333 0.015456 0.841767 0.017568
0.383320 0.444182 1.980457 0.539375 0.015569 0.841732 0.017878
0.383008 0.444122 1.980316 0.539397 0.015707 0.841709 0.018162
0.382697 0.444058 1.980182 0.539410 0.015835 0.841692 0.018441
0.382389 0.443989 1.980053 0.539417 0.015952 0.841680 0.018711
0.382082 0.443916 1.979929 0.539419 0.016059 0.841670 0.018972
0.381780 0.443834 1.979812 0.539419 0.016154 0.841662 0.019235
0.381482 0.443745 1.979702 0.539419 0.016238 0.841655 0.019496
0.381188 0.443649 1.979598 0.539416 0.016312 0.841649 0.019755
0.380897 0.443549 1.979497 0.539413 0.016377 0.841644 0.020010
0.380611 0.443444 1.979401 0.539408 0.016433 0.841640 0.020260
0.380327 0.443336 1.979308 0.539402 0.016483 0.841637 0.020505
0.380047 0.443226 1.979215 0.539395 0.016526 0.841635 0.020744
0.379770 0.443115 1.979125 0.539387 0.016564 0.841634 0.020978
0.379496 0.443002 1.979035 0.539378 0.016596 0.841633 0.021207
0.379224 0.442888 1.978946 0.539367 0.016623 0.841634 0.021430
0.378956 0.442773 1.978858 0.539356 0.016644 0.841635 0.021649
0.378691 0.442657 1.978771 0.539344 0.016659 0.841637 0.021862
0.378428 0.442538 1.978685 0.539330 0.016668 0.841640 0.022070
0.378170 0.442418 1.978599 0.539315 0.016670 0.841644 0.022273
0.377915 0.442295 1.978514 0.539299 0.016665 0.841650 0.022471
0.377663 0.442170 1.978428 0.539280 0.016654 0.841657 0.022662
0.377413 0.442048 1.978341 0.539252 0.016640 0.841671 0.022829
0.377164 0.441928 1.978253 0.539217 0.016625 0.841689 0.022982
0.376919 0.441805 1.978166 0.539183 0.016605 0.841707 0.023136
0.376677 0.441679 1.978081 0.539150 0.016579 0.841725 0.023291
0.376439 0.441550 1.977996 0.539117 0.016548 0.841742 0.023445
0.376147 0.441399 1.977925 0.539067 0.016500 0.841775 0.023449
0.375826 0.441245 1.977858 0.539014 0.016470 0.841808 0.023478
0.375489 0.441092 1.977790 0.538967 0.016465 0.841836 0.023566
0.375145 0.440941 1.977720 0.538929 0.016480 0.841856 0.023716
0.374798 0.440793 1.977649 0.538902 0.016511 0.841867 0.023915
0.374450 0.440648 1.977576 0.538883 0.016557 0.841871 0.024160
0.374102 0.440506 1.977501 0.538871 0.016615 0.841869 0.024443
0.373755 0.440367 1.977425 0.538865 0.016684 0.841863 0.024758
0.373409 0.440230 1.977349 0.538864 0.016763 0.841852 0.025098
0.373066 0.440095 1.977271 0.538865 0.016851 0.841839 0.025460
0.372723 0.439962 1.977192 0.538869 0.016947 0.841823 0.025840
0.372379 0.439839 1.977109 0.538869 0.017078 0.841807 0.026263
0.372031 0.439731 1.977021 0.538862 0.017223 0.841796 0.026680
0.371680 0.439634 1.976927 0.538848 0.017375 0.841788 0.027088
0.371334 0.439534 1.976835 0.538839 0.017510 0.841778 0.027496
0.370992 0.439430 1.976743 0.538834 0.017630 0.841765 0.027898
0.370655 0.439323 1.976653 0.538833 0.017735 0.841751 0.028291
0.370323 0.439212 1.976563 0.538834 0.017828 0.841735 0.028674
0.369994 0.439098 1.976475 0.538837 0.017910 0.841719 0.029048
0.369670 0.438981 1.976388 0.538839 0.017981 0.841703 0.029412
0.369351 0.438862 1.976303 0.538842 0.018043 0.841687 0.029765
0.369034 0.438740 1.976219 0.538844 0.018096 0.841673 0.030108
0.368722 0.438617 1.976136 0.538846 0.018141 0.841659 0.030441
0.368413 0.438491 1.976054 0.538846 0.018178 0.841646 0.030764
0.368108 0.438364 1.975973 0.538846 0.018207 0.841634 0.031077
0.367806 0.438235 1.975894 0.538844 0.018229 0.841624 0.031381
0.367507 0.438104 1.975815 0.538840 0.018244 0.841614 0.031677
0.367211 0.437972 1.975738 0.538836 0.018253 0.841606 0.031963
0.366918 0.437838 1.975662 0.538829 0.018256 0.841600 0.032243
0.366629 0.437703 1.975587 0.538822 0.018252 0.841594 0.032514
0.366342 0.437566 1.975514 0.538812 0.018243 0.841590 0.032777
0.366059 0.437427 1.975441 0.538802 0.018227 0.841587 0.033033
0.365778 0.437288 1.975370 0.538789 0.018207 0.841586 0.033282
0.365497 0.437152 1.975297 0.538769 0.018194 0.841590 0.033524
0.365220 0.437015 1.975225 0.538747 0.018172 0.841594 0.033760
0.364945 0.436875 1.975155 0.538726 0.018142 0.841600 0.033989
0.364674 0.436733 1.975086 0.538704 0.018106 0.841605 0.034212
0.364405 0.436589 1.975019 0.538682 0.018064 0.841612 0.034430
0.364138 0.436448 1.974951 0.538652 0.018029 0.841623 0.034645
0.363874 0.436304 1.974884 0.538623 0.017984 0.841634 0.034854
0.363566 0.436134 1.974823 0.538567 0.018019 0.841661 0.035040
0.363236 0.435967 1.974760 0.538503 0.018105 0.841689 0.035301
0.362896 0.435805 1.974693 0.538443 0.018217 0.841711 0.035628
0.362552 0.435646 1.974621 0.538393 0.018342 0.841725 0.036004
0.362209 0.435492 1.974544 0.538353 0.018475 0.841730 0.036414
0.361866 0.435339 1.974464 0.538322 0.018611 0.841727 0.036849
0.361527 0.435189 1.974380 0.538299 0.018752 0.841719 0.037303
0.361190 0.435041 1.974293 0.538283 0.018890 0.841706 0.037764
0.360856 0.434895 1.974203 0.538272 0.019022 0.841689 0.038224
0.360526 0.434750 1.974111 0.538265 0.019145 0.841670 0.038678
0.360200 0.434606 1.974017 0.538261 0.019259 0.841649 0.039123
0.359872 0.434473 1.973917 0.538252 0.019386 0.841632 0.039560
0.359544 0.434349 1.973813 0.538237 0.019516 0.841618 0.039988
0.359220 0.434223 1.973709 0.538227 0.019630 0.841602 0.040405
0.358900 0.434094 1.973605 0.538218 0.019730 0.841585 0.040812
0.358584 0.433963 1.973502 0.538212 0.019820 0.841568 0.041210
0.358272 0.433830 1.973400 0.538207 0.019899 0.841550 0.041600
0.357964 0.433694 1.973298 0.538203 0.019970 0.841532 0.041980
0.357661 0.433557 1.973197 0.538198 0.020033 0.841515 0.042352
0.357360 0.433419 1.973097 0.538194 0.020088 0.841498 0.042715
0.357061 0.433287 1.972994 0.538181 0.020154 0.841486 0.043074
0.356762 0.433159 1.972889 0.538164 0.020221 0.841477 0.043427
0.356466 0.433028 1.972787 0.538148 0.020274 0.841469 0.043770
0.356175 0.432894 1.972686 0.538133 0.020315 0.841460 0.044103
0.355887 0.432756 1.972587 0.538119 0.020346 0.841451 0.044428
0.355604 0.432615 1.972490 0.538105 0.020368 0.841443 0.044745
0.355324 0.432471 1.972395 0.538091 0.020382 0.841435 0.045055
0.355048 0.432324 1.972301 0.538077 0.020389 0.841427 0.045358
0.354775 0.432176 1.972209 0.538062 0.020390 0.841421 0.045654
0.354505 0.432025 1.972119 0.538046 0.020384 0.841416 0.045944
0.354237 0.431878 1.972028 0.538022 0.020387 0.841415 0.046235
0.353971 0.431728 1.971939 0.537998 0.020380 0.841415 0.046517
0.353708 0.431576 1.971852 0.537974 0.020364 0.841415 0.046791
0.353447 0.431427 1.971764 0.537943 0.020356 0.841420 0.047067
0.353189 0.431274 1.971678 0.537913 0.020336 0.841425 0.047332
0.352934 0.431119 1.971594 0.537883 0.020308 0.841430 0.047588
0.352682 0.430961 1.971512 0.537853 0.020271 0.841436 0.047837
0.352433 0.430801 1.971432 0.537823 0.020228 0.841443 0.048079
0.352187 0.430638 1.971354 0.537792 0.020179 0.841450 0.048315
0.351942 0.430478 1.971276 0.537754 0.020139 0.841461 0.048559
0.351623 0.430318 1.971213 0.537584 0.020348 0.841544 0.048921
0.351281 0.430153 1.971143 0.537428 0.020529 0.841620 0.049247
0.350931 0.429986 1.971065 0.537297 0.020687 0.841681 0.049570
0.350579 0.429819 1.970979 0.537190 0.020822 0.841727 0.049893
0.350231 0.429648 1.970889 0.537109 0.020931 0.841757 0.050215
0.349888 0.429474 1.970795 0.537049 0.021017 0.841773 0.050534
0.349550 0.429298 1.970699 0.537008 0.021085 0.841779 0.050849
0.349218 0.429120 1.970599 0.536981 0.021137 0.841776 0.051159
0.348891 0.428941 1.970498 0.536966 0.021176 0.841766 0.051462
0.348570 0.428761 1.970395 0.536960 0.021204 0.841751 0.051759
0.348253 0.428582 1.970290 0.536962 0.021222 0.841732 0.052049
0.347941 0.428403 1.970184 0.536969 0.021232 0.841710 0.052334
0.347633 0.428224 1.970076 0.536979 0.021236 0.841686 0.052614
0.347328 0.428047 1.969968 0.536991 0.021235 0.841660 0.052889
0.347026 0.427870 1.969859 0.537005 0.021230 0.841635 0.053160
0.346728 0.427694 1.969749 0.537019 0.021221 0.841609 0.053427
0.346433 0.427521 1.969637 0.537034 0.021211 0.841583 0.053691
0.346138 0.427357 1.969520 0.537042 0.021213 0.841561 0.053954
0.345844 0.427200 1.969399 0.537047 0.021220 0.841541 0.054215
0.345548 0.427051 1.969275 0.537044 0.021232 0.841526 0.054467
0.345253 0.426907 1.969150 0.537034 0.021247 0.841516 0.054713
0.344957 0.426768 1.969023 0.537018 0.021265 0.841510 0.054955
0.344664 0.426625 1.968900 0.537003 0.021274 0.841504 0.055203
0.344375 0.426476 1.968781 0.536988 0.021273 0.841496 0.055452
0.344090 0.426323 1.968665 0.536975 0.021263 0.841488 0.055699
0.343809 0.426166 1.968552 0.536963 0.021246 0.841480 0.055943
0.343531 0.426006 1.968441 0.536952 0.021221 0.841472 0.056183
0.343257 0.425842 1.968333 0.536941 0.021189 0.841464 0.056419
0.342987 0.425677 1.968227 0.536929 0.021151 0.841457 0.056650
0.342719 0.425509 1.968124 0.536917 0.021107 0.841451 0.056876
0.342455 0.425339 1.968022 0.536905 0.021057 0.841445 0.057097
0.342194 0.425167 1.967923 0.536891 0.021003 0.841440 0.057313
0.341935 0.424994 1.967825 0.536877 0.020943 0.841437 0.057524
0.341679 0.424819 1.967728 0.536862 0.020879 0.841434 0.057730
0.341426 0.424643 1.967633 0.536845 0.020809 0.841432 0.057930
0.341175 0.424466 1.967540 0.536828 0.020736 0.841432 0.058126
0.340927 0.424287 1.967448 0.536810 0.020658 0.841432 0.058316
0.340680 0.424110 1.967355 0.536788 0.020577 0.841435 0.058498
0.340436 0.423934 1.967262 0.536764 0.020495 0.841441 0.058671
0.340193 0.423759 1.967169 0.536737 0.020411 0.841448 0.058838
0.339909 0.423593 1.967064 0.536692 0.020422 0.841473 0.058895
0.339613 0.423410 1.966958 0.536645 0.020428 0.841499 0.058944
0.339311 0.423218 1.966849 0.536576 0.020478 0.841531 0.059089
0.339012 0.423023 1.966736 0.536508 0.020548 0.841558 0.059303
0.338729 0.422817 1.966611 0.536486 0.020608 0.841550 0.059601
0.338464 0.422601 1.966476 0.536510 0.020648 0.841509 0.059943
0.338216 0.422380 1.966331 0.536572 0.020671 0.841443 0.060309
0.337973 0.422166 1.966184 0.536633 0.020688 0.841380 0.060644
0.337731 0.421957 1.966040 0.536682 0.020710 0.841324 0.060967
0.337488 0.421753 1.965897 0.536721 0.020735 0.841276 0.061281
0.337245 0.421558 1.965752 0.536752 0.020764 0.841234 0.061580
0.337001 0.421371 1.965604 0.536775 0.020797 0.841197 0.061870
0.336756 0.421190 1.965454 0.536792 0.020833 0.841165 0.062152
0.336510 0.421015 1.965303 0.536802 0.020869 0.841137 0.062427
0.336265 0.420844 1.965150 0.536808 0.020905 0.841112 0.062696
0.336019 0.420677 1.964998 0.536809 0.020940 0.841091 0.062959
0.335774 0.420507 1.964849 0.536807 0.020968 0.841072 0.063223
0.335530 0.420335 1.964705 0.536803 0.020990 0.841054 0.063485
0.335288 0.420161 1.964564 0.536797 0.021005 0.841038 0.063744
0.335047 0.419984 1.964427 0.536790 0.021013 0.841023 0.064000
0.334809 0.419806 1.964293 0.536782 0.021015 0.841008 0.064252
0.334574 0.419625 1.964161 0.536774 0.021010 0.840995 0.064499
0.334340 0.419442 1.964032 0.536764 0.020999 0.840983 0.064743
0.334109 0.419258 1.963905 0.536754 0.020982 0.840971 0.064982
0.333880 0.419072 1.963781 0.536743 0.020959 0.840961 0.065217
0.333654 0.418885 1.963659 0.536730 0.020931 0.840951 0.065447
0.333429 0.418696 1.963538 0.536717 0.020898 0.840943 0.065673
0.333207 0.418506 1.963420 0.536703 0.020859 0.840935 0.065895
0.332988 0.418314 1.963303 0.536689 0.020815 0.840929 0.066113
0.332770 0.418123 1.963186 0.536673 0.020767 0.840923 0.066324
0.332556 0.417933 1.963068 0.536656 0.020717 0.840919 0.066529
0.332343 0.417744 1.962950 0.536638 0.020663 0.840916 0.066730
0.332133 0.417555 1.962833 0.536618 0.020606 0.840914 0.066926
0.331925 0.417365 1.962716 0.536597 0.020546 0.840914 0.067119
0.331719 0.417176 1.962599 0.536575 0.020483 0.840915 0.067308
0.331515 0.416986 1.962483 0.536551 0.020417 0.840916 0.067495
0.331313 0.416796 1.962368 0.536526 0.020347 0.840919 0.067678
0.331113 0.416606 1.962254 0.536500 0.020273 0.840923 0.067859
0.330915 0.416411 1.962144 0.536474 0.020193 0.840927 0.068039
0.330720 0.416214 1.962038 0.536449 0.020107 0.840931 0.068218
0.330484 0.415976 1.961940 0.536387 0.019992 0.840978 0.068166
0.330227 0.415725 1.961844 0.536310 0.019895 0.841035 0.068084
0.329959 0.415472 1.961746 0.536232 0.019831 0.841089 0.068055
0.329687 0.415223 1.961645 0.536157 0.019800 0.841133 0.068103
0.329412 0.414979 1.961539 0.536065 0.019830 0.841177 0.068282
0.329139 0.414741 1.961428 0.535979 0.019887 0.841209 0.068539
0.328899 0.414491 1.961296 0.535999 0.019930 0.841165 0.068918
0.328682 0.414234 1.961149 0.536085 0.019946 0.841075 0.069335
0.328471 0.413986 1.960995 0.536172 0.019952 0.840988 0.069711
0.328261 0.413748 1.960836 0.536252 0.019960 0.840908 0.070065
0.328049 0.413519 1.960676 0.536315 0.019973 0.840839 0.070404
0.327836 0.413297 1.960515 0.536365 0.019991 0.840780 0.070731
0.327622 0.413081 1.960354 0.536402 0.020010 0.840729 0.071047
0.327405 0.412871 1.960192 0.536430 0.020032 0.840684 0.071356
0.327188 0.412666 1.960031 0.536448 0.020056 0.840647 0.071659
0.326970 0.412465 1.959870 0.536458 0.020080 0.840614 0.071957
0.326751 0.412267 1.959709 0.536462 0.020104 0.840586 0.072250
0.326532 0.412072 1.959548 0.536460 0.020126 0.840561 0.072539
0.326313 0.411880 1.959389 0.536454 0.020148 0.840540 0.072824
0.326095 0.411689 1.959231 0.536444 0.020167 0.840522 0.073104
0.325877 0.411499 1.959073 0.536430 0.020183 0.840506 0.073381
0.325660 0.411310 1.958917 0.536414 0.020195 0.840492 0.073653
0.325444 0.411122 1.958763 0.536395 0.020204 0.840480 0.073922
0.325229 0.410935 1.958610 0.536375 0.020210 0.840470 0.074186
0.325015 0.410747 1.958459 0.536352 0.020211 0.840462 0.074447
0.324803 0.410559 1.958310 0.536328 0.020207 0.840454 0.074703
0.324593 0.410370 1.958163 0.536303 0.020200 0.840448 0.074956
0.324384 0.410181 1.958017 0.536276 0.020187 0.840443 0.075205
0.324176 0.409988 1.957878 0.536249 0.020165 0.840439 0.075452
0.323970 0.409790 1.957745 0.536224 0.020133 0.840434 0.075695
0.323767 0.409588 1.957617 0.536200 0.020092 0.840429 0.075934
0.323565 0.409382 1.957493 0.536177 0.020042 0.840423 0.076167
0.323366 0.409172 1.957373 0.536155 0.019984 0.840417 0.076396
0.323169 0.408959 1.957257 0.536135 0.019919 0.840412 0.076620
0.322975 0.408742 1.957145 0.536115 0.019846 0.840407 0.076839
0.322783 0.408523 1.957035 0.536095 0.019766 0.840401 0.077053
0.322594 0.408302 1.956928 0.536075 0.019680 0.840397 0.077262
0.322407 0.408077 1.956823 0.536056 0.019588 0.840392 0.077468
0.322222 0.407851 1.956721 0.536036 0.019490 0.840388 0.077669
0.322040 0.407623 1.956621 0.536016 0.019387 0.840385 0.077867
0.321828 0.407395 1.956510 0.536012 0.019370 0.840382 0.077930
0.321589 0.407149 1.956405 0.535947 0.019401 0.840411 0.078066
0.321340 0.406898 1.956298 0.535874 0.019446 0.840439 0.078251
0.321090 0.406645 1.956187 0.535804 0.019503 0.840460 0.078490
0.320865 0.406366 1.956063 0.535803 0.019540 0.840427 0.078841
0.320668 0.406069 1.955927 0.535865 0.019552 0.840349 0.079249
0.320476 0.405781 1.955787 0.535925 0.019561 0.840275 0.079624
0.320287 0.405503 1.955642 0.535982 0.019574 0.840204 0.079978
0.320100 0.405235 1.955492 0.536034 0.019589 0.840138 0.080321
0.319915 0.404974 1.955339 0.536082 0.019606 0.840075 0.080657
0.319731 0.404720 1.955182 0.536124 0.019626 0.840016 0.080987
0.319548 0.404473 1.955023 0.536161 0.019646 0.839960 0.081313
0.319365 0.404231 1.954861 0.536194 0.019667 0.839908 0.081636
0.319184 0.403993 1.954698 0.536223 0.019687 0.839857 0.081957
0.319003 0.403759 1.954534 0.536249 0.019706 0.839809 0.082274
0.318824 0.403528 1.954368 0.536272 0.019724 0.839763 0.082589
0.318646 0.403299 1.954203 0.536292 0.019739 0.839720 0.082901
0.318469 0.403072 1.954037 0.536309 0.019752 0.839677 0.083210
0.318294 0.402847 1.953871 0.536325 0.019761 0.839637 0.083516
0.318121 0.402623 1.953706 0.536338 0.019766 0.839598 0.083819
0.317949 0.402400 1.953542 0.536350 0.019768 0.839560 0.084119
0.317780 0.402176 1.953379 0.536360 0.019765 0.839524 0.084416
0.317612 0.401953 1.953217 0.536369 0.019757 0.839489 0.084710
0.317446 0.401729 1.953057 0.536376 0.019745 0.839456 0.085000
0.317281 0.401505 1.952898 0.536382 0.019727 0.839423 0.085287
0.317119 0.401279 1.952741 0.536387 0.019704 0.839391 0.085571
0.316959 0.401052 1.952586 0.536391 0.019676 0.839361 0.085852
0.316802 0.400824 1.952434 0.536394 0.019642 0.839332 0.086130
0.316646 0.400595 1.952283 0.536395 0.019602 0.839303 0.086404
0.316492 0.400363 1.952135 0.536396 0.019556 0.839276 0.086675
0.316338 0.400128 1.951994 0.536392 0.019499 0.839253 0.086936
0.316185 0.399889 1.951858 0.536385 0.019433 0.839233 0.087190
0.316033 0.399646 1.951728 0.536376 0.019359 0.839215 0.087438
0.315882 0.399399 1.951602 0.536364 0.019277 0.839198 0.087681
0.315732 0.399149 1.951481 0.536352 0.019189 0.839183 0.087919
0.315584 0.398895 1.951364 0.536338 0.019093 0.839170 0.088154
0.315438 0.398639 1.951251 0.536324 0.018990 0.839156 0.088386
0.315294 0.398378 1.951141 0.536310 0.018882 0.839144 0.088614
0.315153 0.398116 1.951033 0.536297 0.018770 0.839130 0.088845
0.315016 0.397851 1.950926 0.536286 0.018654 0.839115 0.089077
0.314841 0.397579 1.950828 0.536244 0.018731 0.839113 0.089335
0.314646 0.397295 1.950733 0.536197 0.018823 0.839114 0.089591
0.314443 0.397003 1.950638 0.536155 0.018912 0.839110 0.089857
0.314238 0.396707 1.950541 0.536119 0.018991 0.839102 0.090131
0.314035 0.396408 1.950441 0.536092 0.019059 0.839088 0.090409
0.313835 0.396106 1.950339 0.536071 0.019116 0.839069 0.090689
0.313638 0.395803 1.950235 0.536057 0.019162 0.839048 0.090969
0.313446 0.395499 1.950131 0.536046 0.019199 0.839023 0.091247
0.313257 0.395194 1.950026 0.536040 0.019227 0.838997 0.091522
0.313072 0.394889 1.949921 0.536036 0.019247 0.838969 0.091795
0.312891 0.394583 1.949816 0.536034 0.019258 0.838940 0.092064
0.312713 0.394278 1.949711 0.536034 0.019261 0.838911 0.092329
0.312538 0.393972 1.949606 0.536034 0.019257 0.838883 0.092591
0.312367 0.393667 1.949500 0.536036 0.019248 0.838852 0.092853
0.312200 0.393362 1.949394 0.536040 0.019234 0.838821 0.093114
0.312036 0.393058 1.949287 0.536044 0.019214 0.838790 0.093374
0.311874 0.392754 1.949180 0.536047 0.019189 0.838760 0.093632
0.311716 0.392451 1.949074 0.536051 0.019157 0.838730 0.093888
0.311560 0.392147 1.948968 0.536054 0.019120 0.838700 0.094142
0.311407 0.391842 1.948863 0.536056 0.019077 0.838671 0.094395
0.311257 0.391537 1.948759 0.536057 0.019028 0.838643 0.094646
0.311109 0.391231 1.948656 0.536058 0.018973 0.838616 0.094895
0.310963 0.390925 1.948555 0.536058 0.018912 0.838589 0.095143
0.310820 0.390617 1.948455 0.536057 0.018845 0.838564 0.095389
0.310679 0.390308 1.948356 0.536054 0.018772 0.838539 0.095634
0.310541 0.389997 1.948259 0.536051 0.018693 0.838515 0.095877
0.310405 0.389685 1.948164 0.536048 0.018608 0.838491 0.096120
0.310272 0.389371 1.948071 0.536043 0.018517 0.838469 0.096361
0.310136 0.389062 1.947981 0.536036 0.018421 0.838450 0.096579
0.309997 0.388758 1.947893 0.536028 0.018321 0.838434 0.096781
0.309854 0.388461 1.947807 0.536017 0.018220 0.838422 0.096965
0.309708 0.388170 1.947722 0.536005 0.018117 0.838412 0.097137
0.309559 0.387884 1.947639 0.535990 0.018012 0.838405 0.097298
0.309406 0.387602 1.947558 0.535975 0.017905 0.838399 0.097453
0.309252 0.387324 1.947479 0.535958 0.017796 0.838395 0.097601
0.309095 0.387048 1.947401 0.535941 0.017684 0.838392 0.097743
0.308938 0.386774 1.947325 0.535924 0.017569 0.838389 0.097882
0.308779 0.386502 1.947251 0.535906 0.017451 0.838387 0.098017
0.308619 0.386231 1.947179 0.535888 0.017329 0.838386 0.098148
0.308460 0.385960 1.947108 0.535871 0.017203 0.838384 0.098276
0.308279 0.385683 1.947032 0.535886 0.017173 0.838380 0.098235
0.308078 0.385383 1.946963 0.535865 0.017175 0.838397 0.098206
0.307865 0.385073 1.946899 0.535841 0.017180 0.838414 0.098193
0.307676 0.384718 1.946831 0.535874 0.017184 0.838374 0.098349
0.307485 0.384368 1.946765 0.535904 0.017190 0.838338 0.098493
0.307294 0.384024 1.946701 0.535932 0.017194 0.838303 0.098633
0.307103 0.383684 1.946638 0.535957 0.017197 0.838271 0.098772
0.306911 0.383349 1.946575 0.535980 0.017197 0.838240 0.098909
0.306719 0.383017 1.946513 0.536001 0.017193 0.838211 0.099044
0.306528 0.382688 1.946451 0.536020 0.017185 0.838183 0.099178
0.306337 0.382362 1.946390 0.536038 0.017171 0.838156 0.099310
0.306147 0.382038 1.946330 0.536054 0.017152 0.838131 0.099441
0.305958 0.381715 1.946270 0.536069 0.017128 0.838106 0.099570
0.305770 0.381395 1.946211 0.536083 0.017098 0.838083 0.099697
0.305594 0.381074 1.946157 0.536116 0.017063 0.838049 0.099813
0.305429 0.380752 1.946112 0.536163 0.017022 0.838007 0.099920
0.305274 0.380426 1.946077 0.536222 0.016977 0.837957 0.100028
0.305126 0.380098 1.946054 0.536287 0.016927 0.837905 0.100126
0.304985 0.379764 1.946043 0.536357 0.016868 0.837849 0.100224
0.304850 0.379423 1.946047 0.536432 0.016797 0.837792 0.100318
0.304719 0.379074 1.946065 0.536509 0.016714 0.837734 0.100406
0.304592 0.378716 1.946098 0.536587 0.016617 0.837676 0.100486
0.304467 0.378349 1.946146 0.536665 0.016505 0.837620 0.100559
0.304344 0.377972 1.946208 0.536742 0.016378 0.837565 0.100624
0.304222 0.377586 1.946285 0.536818 0.016236 0.837512 0.100682
0.304098 0.377194 1.946373 0.536887 0.016078 0.837466 0.100720
0.303972 0.376795 1.946473 0.536949 0.015907 0.837427 0.100746
0.303844 0.376390 1.946584 0.537005 0.015724 0.837392 0.100763
0.303715 0.375979 1.946705 0.537057 0.015530 0.837360 0.100775
0.303578 0.375577 1.946834 0.537110 0.015336 0.837332 0.100757
0.303434 0.375181 1.946970 0.537165 0.015141 0.837305 0.100723
0.303283 0.374791 1.947113 0.537221 0.014942 0.837278 0.100680
0.303128 0.374403 1.947262 0.537278 0.014740 0.837251 0.100629
0.302966 0.374020 1.947412 0.537337 0.014537 0.837223 0.100574
0.302801 0.373640 1.947564 0.537396 0.014332 0.837196 0.100516
0.302633 0.373262 1.947719 0.537456 0.014123 0.837168 0.100456
0.302462 0.372885 1.947876 0.537517 0.013908 0.837140 0.100392
0.302291 0.372508 1.948035 0.537579 0.013688 0.837112 0.100325
0.302119 0.372127 1.948199 0.537642 0.013455 0.837084 0.100251
0.301948 0.371741 1.948369 0.537706 0.013208 0.837056 0.100170
0.301753 0.371326 1.948563 0.537736 0.012998 0.837087 0.099780
0.301544 0.370884 1.948770 0.537728 0.012813 0.837147 0.099340
0.301326 0.370427 1.948988 0.537704 0.012650 0.837214 0.098924
0.301106 0.369956 1.949216 0.537683 0.012494 0.837276 0.098541
0.300920 0.369414 1.949463 0.537744 0.012336 0.837256 0.098389
0.300739 0.368868 1.949712 0.537830 0.012140 0.837230 0.098167
0.300560 0.368320 1.949964 0.537927 0.011924 0.837201 0.097909
0.300382 0.367769 1.950215 0.538032 0.011691 0.837170 0.097629
0.300206 0.367216 1.950465 0.538143 0.011445 0.837136 0.097342
0.300032 0.366662 1.950715 0.538256 0.011188 0.837100 0.097057
0.299859 0.366106 1.950962 0.538369 0.010923 0.837062 0.096778
0.299689 0.365548 1.951208 0.538483 0.010650 0.837024 0.096510
0.299520 0.364989 1.951451 0.538595 0.010371 0.836985 0.096255
0.299356 0.364428 1.951691 0.538705 0.010085 0.836945 0.096012
0.299194 0.363865 1.951929 0.538813 0.009793 0.836905 0.095783
0.299037 0.363299 1.952164 0.538918 0.009495 0.836865 0.095568
0.298884 0.362730 1.952396 0.539023 0.009190 0.836825 0.095366
0.298736 0.362159 1.952626 0.539125 0.008879 0.836783 0.095178
0.298593 0.361584 1.952852 0.539227 0.008560 0.836741 0.095004
0.298455 0.361005 1.953076 0.539327 0.008235 0.836698 0.094843
0.298324 0.360422 1.953297 0.539427 0.007902 0.836653 0.094696
0.298199 0.359835 1.953515 0.539526 0.007560 0.836608 0.094560
0.298079 0.359244 1.953730 0.539625 0.007209 0.836562 0.094431
0.297965 0.358649 1.953941 0.539724 0.006850 0.836514 0.094310
0.297839 0.358065 1.954152 0.539802 0.006502 0.836479 0.094203
0.297703 0.357491 1.954362 0.539861 0.006161 0.836455 0.094101
0.297559 0.356945 1.954557 0.539915 0.005837 0.836438 0.093959
0.297408 0.356426 1.954740 0.539962 0.005531 0.836428 0.093802
0.297250 0.355931 1.954912 0.540004 0.005244 0.836421 0.093638
0.297086 0.355458 1.955076 0.540039 0.004975 0.836418 0.093476
0.296916 0.355006 1.955232 0.540070 0.004722 0.836417 0.093316
0.296742 0.354571 1.955382 0.540098 0.004482 0.836419 0.093158
0.296562 0.354157 1.955525 0.540121 0.004267 0.836421 0.093012
0.296377 0.353762 1.955662 0.540141 0.004071 0.836424 0.092879
0.296189 0.353383 1.955794 0.540158 0.003890 0.836427 0.092757
0.295998 0.353017 1.955920 0.540172 0.003722 0.836432 0.092645
0.295804 0.352664 1.956043 0.540183 0.003564 0.836437 0.092540
0.295609 0.352320 1.956162 0.540192 0.003414 0.836442 0.092441
0.295413 0.351986 1.956278 0.540199 0.003269 0.836449 0.092347
0.295215 0.351660 1.956393 0.540204 0.003129 0.836456 0.092256
0.294984 0.351313 1.956527 0.540250 0.003035 0.836465 0.091910
0.294732 0.350955 1.956668 0.540310 0.002976 0.836471 0.091505
0.294469 0.350591 1.956808 0.540373 0.002947 0.836472 0.091119
0.294199 0.350227 1.956944 0.540436 0.002947 0.836468 0.090782
0.293926 0.349863 1.957077 0.540496 0.002971 0.836460 0.090500
0.293653 0.349501 1.957206 0.540553 0.003016 0.836448 0.090270
0.293382 0.349141 1.957330 0.540606 0.003077 0.836433 0.090084
0.293113 0.348783 1.957452 0.540655 0.003151 0.836417 0.089939
0.292849 0.348427 1.957571 0.540699 0.003233 0.836400 0.089828
0.292589 0.348069 1.957687 0.540736 0.003305 0.836387 0.089728
0.292335 0.347709 1.957801 0.540768 0.003367 0.836376 0.089633
0.292084 0.347353 1.957913 0.540796 0.003433 0.836366 0.089555
0.291838 0.347001 1.958023 0.540818 0.003498 0.836358 0.089491
0.291595 0.346651 1.958129 0.540836 0.003561 0.836352 0.089436
0.291356 0.346304 1.958234 0.540850 0.003619 0.836348 0.089389
0.291121 0.345959 1.958337 0.540859 0.003672 0.836347 0.089345
0.290889 0.345617 1.958438 0.540864 0.003719 0.836347 0.089304
0.290660 0.345277 1.958538 0.540866 0.003760 0.836350 0.089264
0.290433 0.344939 1.958637 0.540865 0.003794 0.836355 0.089223
0.290209 0.344603 1.958735 0.540861 0.003821 0.836362 0.089182
0.289987 0.344269 1.958832 0.540854 0.003841 0.836371 0.089139
0.289767 0.343937 1.958929 0.540846 0.003854 0.836381 0.089095
0.289549 0.343607 1.959026 0.540835 0.003860 0.836393 0.089049
0.289332 0.343279 1.959122 0.540822 0.003860 0.836406 0.089001
0.289117 0.342953 1.959217 0.540808 0.003852 0.836421 0.088951
0.288904 0.342628 1.959313 0.540792 0.003838 0.836437 0.088899
0.288691 0.342305 1.959408 0.540775 0.003818 0.836454 0.088845
0.288479 0.341983 1.959504 0.540756 0.003790 0.836472 0.088788
0.288269 0.341664 1.959599 0.540736 0.003757 0.836491 0.088729
0.288059 0.341345 1.959695 0.540715 0.003717 0.836511 0.088668
0.287850 0.341028 1.959790 0.540693 0.003672 0.836532 0.088605
0.287642 0.340713 1.959886 0.540670 0.003620 0.836554 0.088540
0.287436 0.340399 1.959980 0.540650 0.003562 0.836575 0.088473
0.287232 0.340086 1.960073 0.540632 0.003499 0.836594 0.088404
0.287029 0.339775 1.960166 0.540615 0.003430 0.836613 0.088333
0.286827 0.339465 1.960258 0.540599 0.003356 0.836631 0.088262
0.286627 0.339157 1.960350 0.540584 0.003277 0.836649 0.088188
0.286428 0.338850 1.960441 0.540569 0.003194 0.836667 0.088114
0.286230 0.338544 1.960531 0.540554 0.003105 0.836685 0.088037
0.286033 0.338240 1.960622 0.540539 0.003012 0.836703 0.087960
0.285819 0.337881 1.960711 0.540564 0.002860 0.836737 0.087484
0.285588 0.337496 1.960799 0.540603 0.002704 0.836776 0.086871
0.285343 0.337100 1.960887 0.540644 0.002567 0.836815 0.086238
0.285087 0.336701 1.960975 0.540685 0.002458 0.836852 0.085634
0.284819 0.336308 1.961068 0.540722 0.002399 0.836881 0.085117
0.284545 0.335920 1.961161 0.540756 0.002379 0.836903 0.084683
0.284268 0.335536 1.961253 0.540787 0.002388 0.836919 0.084320
0.283990 0.335154 1.961344 0.540816 0.002419 0.836931 0.084018
0.283715 0.334776 1.961431 0.540842 0.002468 0.836939 0.083767
0.283442 0.334399 1.961517 0.540865 0.002530 0.836945 0.083560
0.283172 0.334025 1.961601 0.540885 0.002603 0.836948 0.083390
0.282906 0.333652 1.961683 0.540902 0.002685 0.836951 0.083253
0.282643 0.333281 1.961763 0.540917 0.002775 0.836952 0.083146
0.282383 0.332911 1.961842 0.540928 0.002871 0.836952 0.083065
0.282128 0.332543 1.961920 0.540936 0.002970 0.836952 0.083008
0.281876 0.332176 1.961996 0.540940 0.003069 0.836953 0.082971
0.281628 0.331810 1.962070 0.540940 0.003164 0.836955 0.082949
0.281385 0.331445 1.962141 0.540935 0.003253 0.836959 0.082937
0.281146 0.331081 1.962211 0.540926 0.003336 0.836965 0.082931
0.280912 0.330718 1.962279 0.540913 0.003410 0.836973 0.082929
0.280680 0.330357 1.962346 0.540897 0.003476 0.836983 0.082929
0.280452 0.329997 1.962412 0.540878 0.003533 0.836995 0.082930
0.280227 0.329638 1.962477 0.540856 0.003581 0.837009 0.082930
0.280004 0.329281 1.962542 0.540831 0.003621 0.837025 0.082928
0.279783 0.328925 1.962606 0.540804 0.003652 0.837043 0.082925
0.279565 0.328570 1.962670 0.540775 0.003675 0.837062 0.082920
0.279348 0.328217 1.962734 0.540744 0.003689 0.837083 0.082913
0.279133 0.327865 1.962798 0.540711 0.003695 0.837105 0.082904
0.278919 0.327514 1.962862 0.540676 0.003693 0.837129 0.082892
0.278706 0.327165 1.962926 0.540640 0.003684 0.837153 0.082877
0.278495 0.326817 1.962990 0.540603 0.003666 0.837179 0.082860
0.278284 0.326471 1.963054 0.540565 0.003642 0.837206 0.082841
0.278075 0.326126 1.963119 0.540526 0.003610 0.837233 0.082819
0.277866 0.325782 1.963184 0.540487 0.003571 0.837261 0.082795
0.277659 0.325439 1.963249 0.540449 0.003527 0.837288 0.082771
0.277453 0.325098 1.963313 0.540413 0.003477 0.837314 0.082747
0.277249 0.324758 1.963378 0.540378 0.003421 0.837339 0.082722
0.277045 0.324420 1.963442 0.540344 0.003360 0.837364 0.082696
0.276843 0.324083 1.963506 0.540311 0.003293 0.837388 0.082668
0.276642 0.323747 1.963570 0.540278 0.003220 0.837413 0.082639
0.276427 0.323364 1.963635 0.540283 0.003093 0.837449 0.082245
0.276188 0.322971 1.963717 0.540307 0.003008 0.837478 0.081793
0.275931 0.322570 1.963805 0.540335 0.002950 0.837503 0.081351
0.275667 0.322159 1.963889 0.540364 0.002901 0.837526 0.080922
0.275398 0.321742 1.963972 0.540391 0.002864 0.837547 0.080526
0.275128 0.321323 1.964052 0.540415 0.002840 0.837566 0.080172
0.274856 0.320903 1.964132 0.540436 0.002830 0.837582 0.079860
0.274585 0.320484 1.964210 0.540455 0.002834 0.837595 0.079592
0.274316 0.320065 1.964287 0.540470 0.002849 0.837607 0.079363
0.274048 0.319648 1.964363 0.540483 0.002875 0.837617 0.079172
0.273782 0.319232 1.964439 0.540493 0.002910 0.837625 0.079015
0.273518 0.318817 1.964515 0.540501 0.002953 0.837632 0.078889
0.273256 0.318404 1.964590 0.540506 0.003004 0.837637 0.078793
0.272996 0.317993 1.964666 0.540510 0.003065 0.837641 0.078730
0.272736 0.317584 1.964743 0.540510 0.003133 0.837643 0.078695
0.272479 0.317177 1.964821 0.540509 0.003207 0.837644 0.078685
0.272223 0.316770 1.964898 0.540507 0.003286 0.837645 0.078697
0.271969 0.316365 1.964976 0.540502 0.003368 0.837644 0.078730
0.271716 0.315961 1.965054 0.540497 0.003454 0.837642 0.078781
0.271465 0.315557 1.965131 0.540490 0.003544 0.837640 0.078851
0.271217 0.315155 1.965209 0.540482 0.003636 0.837636 0.078938
0.270969 0.314753 1.965287 0.540474 0.003730 0.837632 0.079041
0.270724 0.314352 1.965366 0.540465 0.003827 0.837626 0.079160
0.270479 0.313952 1.965444 0.540455 0.003927 0.837619 0.079294
0.270237 0.313552 1.965522 0.540444 0.004028 0.837611 0.079442
0.269996 0.313154 1.965600 0.540433 0.004132 0.837602 0.079605
0.269758 0.312755 1.965677 0.540422 0.004233 0.837593 0.079775
0.269523 0.312357 1.965751 0.540410 0.004329 0.837583 0.079952
0.269291 0.311959 1.965823 0.540396 0.004419 0.837574 0.080136
0.269062 0.311562 1.965893 0.540380 0.004502 0.837566 0.080325
0.268837 0.311166 1.965962 0.540362 0.004578 0.837559 0.080516
0.268614 0.310772 1.966029 0.540342 0.004647 0.837553 0.080708
0.268393 0.310379 1.966095 0.540321 0.004707 0.837548 0.080899
0.268175 0.309987 1.966160 0.540297 0.004758 0.837545 0.081088
0.267960 0.309596 1.966225 0.540272 0.004800 0.837542 0.081273
0.267746 0.309207 1.966288 0.540246 0.004834 0.837542 0.081455
0.267534 0.308818 1.966352 0.540216 0.004857 0.837544 0.081629
0.267323 0.308431 1.966415 0.540184 0.004871 0.837548 0.081797
0.267113 0.308045 1.966478 0.540150 0.004875 0.837555 0.081958
0.266904 0.307659 1.966542 0.540113 0.004870 0.837563 0.082113
0.266679 0.307246 1.966612 0.540118 0.004846 0.837572 0.081985
0.266443 0.306813 1.966681 0.540140 0.004807 0.837584 0.081725
0.266199 0.306364 1.966745 0.540167 0.004754 0.837599 0.081394
0.265951 0.305905 1.966804 0.540196 0.004697 0.837615 0.081035
0.265699 0.305440 1.966860 0.540224 0.004640 0.837633 0.080669
0.265444 0.304972 1.966914 0.540250 0.004587 0.837651 0.080307
0.265189 0.304501 1.966967 0.540273 0.004539 0.837671 0.079953
0.264934 0.304029 1.967018 0.540293 0.004495 0.837691 0.079609
0.264679 0.303555 1.967069 0.540310 0.004456 0.837711 0.079276
0.264425 0.303081 1.967118 0.540325 0.004421 0.837732 0.078956
0.264172 0.302608 1.967168 0.540335 0.004391 0.837754 0.078658
0.263920 0.302136 1.967217 0.540342 0.004367 0.837775 0.078386
0.263669 0.301664 1.967266 0.540345 0.004348 0.837797 0.078139
0.263420 0.301194 1.967315 0.540344 0.004334 0.837818 0.077919
0.263172 0.300726 1.967365 0.540340 0.004325 0.837838 0.077724
0.262925 0.300258 1.967415 0.540334 0.004321 0.837858 0.077554
0.262680 0.299792 1.967465 0.540325 0.004321 0.837878 0.077406
0.262436 0.299328 1.967515 0.540314 0.004324 0.837896 0.077281
0.262193 0.298865 1.967568 0.540301 0.004335 0.837913 0.077183
0.261949 0.298404 1.967622 0.540286 0.004351 0.837930 0.077111
0.261707 0.297944 1.967676 0.540270 0.004371 0.837945 0.077061
0.261466 0.297485 1.967732 0.540252 0.004396 0.837959 0.077032
0.261225 0.297028 1.967789 0.540233 0.004424 0.837971 0.077024
0.260987 0.296570 1.967844 0.540215 0.004452 0.837982 0.077029
0.260751 0.296113 1.967900 0.540197 0.004482 0.837992 0.077048
0.260517 0.295656 1.967955 0.540179 0.004512 0.838001 0.077081
0.260285 0.295200 1.968010 0.540160 0.004544 0.838008 0.077130
0.260054 0.294745 1.968065 0.540142 0.004579 0.838014 0.077194
0.259825 0.294290 1.968120 0.540123 0.004615 0.838018 0.077274
0.259597 0.293837 1.968175 0.540104 0.004652 0.838021 0.077369
0.259370 0.293384 1.968229 0.540084 0.004688 0.838024 0.077479
0.259146 0.292933 1.968283 0.540061 0.004721 0.838027 0.077602
0.258924 0.292482 1.968336 0.540036 0.004748 0.838031 0.077734
0.258704 0.292033 1.968387 0.540009 0.004769 0.838035 0.077873
0.258487 0.291584 1.968438 0.539981 0.004783 0.838040 0.078016
0.258271 0.291137 1.968488 0.539949 0.004786 0.838048 0.078158
0.258057 0.290690 1.968537 0.539913 0.004779 0.838058 0.078296
0.257845 0.290244 1.968586 0.539875 0.004763 0.838069 0.078432
0.257634 0.289799 1.968635 0.539835 0.004736 0.838083 0.078564
0.257425 0.289354 1.968683 0.539793 0.004700 0.838099 0.078692
0.257200 0.288890 1.968751 0.539787 0.004662 0.838111 0.078605
0.256962 0.288409 1.968830 0.539796 0.004623 0.838122 0.078421
0.256718 0.287911 1.968911 0.539811 0.004569 0.838136 0.078173
0.256467 0.287401 1.968993 0.539827 0.004507 0.838152 0.077897
0.256212 0.286882 1.969077 0.539843 0.004443 0.838169 0.077611
0.255953 0.286356 1.969161 0.539858 0.004377 0.838186 0.077323
0.255692 0.285826 1.969246 0.539871 0.004311 0.838204 0.077039
0.255431 0.285290 1.969331 0.539884 0.004246 0.838221 0.076759
0.255169 0.284752 1.969416 0.539896 0.004181 0.838239 0.076483
0.254907 0.284210 1.969500 0.539908 0.004115 0.838257 0.076212
0.254647 0.283666 1.969585 0.539918 0.004051 0.838274 0.075952
0.254386 0.283121 1.969669 0.539926 0.003989 0.838291 0.075710
0.254127 0.282575 1.969753 0.539931 0.003930 0.838308 0.075490
0.253867 0.282030 1.969838 0.539934 0.003878 0.838323 0.075302
0.253607 0.281485 1.969924 0.539934 0.003832 0.838338 0.075142
0.253348 0.280941 1.970011 0.539932 0.003791 0.838351 0.075009
0.253090 0.280397 1.970098 0.539928 0.003753 0.838364 0.074900
0.252833 0.279854 1.970185 0.539923 0.003719 0.838375 0.074814
0.252577 0.279311 1.970272 0.539917 0.003689 0.838385 0.074750
0.252324 0.278767 1.970357 0.539911 0.003656 0.838393 0.074698
0.252074 0.278223 1.970440 0.539905 0.003624 0.838400 0.074660
0.251827 0.277679 1.970522 0.539899 0.003592 0.838406 0.074637
0.251581 0.277136 1.970603 0.539893 0.003562 0.838411 0.074632
0.251338 0.276593 1.970683 0.539887 0.003535 0.838414 0.074645
0.251096 0.276051 1.970763 0.539881 0.003509 0.838415 0.074675
0.250856 0.275509 1.970843 0.539875 0.003486 0.838415 0.074722
0.250616 0.274969 1.970923 0.539868 0.003470 0.838413 0.074797
0.250377 0.274430 1.971005 0.539860 0.003459 0.838409 0.074894
0.250140 0.273891 1.971085 0.539852 0.003447 0.838405 0.075003
0.249905 0.273351 1.971165 0.539845 0.003436 0.838399 0.075123
0.249672 0.272812 1.971243 0.539837 0.003426 0.838391 0.075257
0.249440 0.272274 1.971320 0.539830 0.003416 0.838383 0.075405
0.249209 0.271737 1.971399 0.539823 0.003414 0.838372 0.075577
0.248979 0.271199 1.971477 0.539815 0.003411 0.838361 0.075760
0.248751 0.270662 1.971554 0.539808 0.003408 0.838348 0.075954
0.248525 0.270125 1.971630 0.539800 0.003407 0.838334 0.076160
0.248301 0.269588 1.971706 0.539793 0.003406 0.838319 0.076378
0.248076 0.269053 1.971782 0.539783 0.003407 0.838303 0.076617
0.247854 0.268517 1.971856 0.539772 0.003403 0.838288 0.076863
0.247633 0.267981 1.971929 0.539757 0.003392 0.838274 0.077119
0.247408 0.267421 1.972007 0.539770 0.003340 0.838266 0.077114
0.247172 0.266847 1.972097 0.539796 0.003283 0.838260 0.077010
0.246926 0.266261 1.972194 0.539827 0.003223 0.838254 0.076856
0.246672 0.265665 1.972295 0.539859 0.003160 0.838250 0.076676
0.246412 0.265061 1.972400 0.539891 0.003091 0.838248 0.076481
0.246146 0.264449 1.972507 0.539922 0.003018 0.838247 0.076274
0.245880 0.263830 1.972612 0.539954 0.002934 0.838247 0.076046
0.245614 0.263205 1.972716 0.539986 0.002841 0.838249 0.075802
0.245348 0.262576 1.972818 0.540017 0.002743 0.838251 0.075557
0.245081 0.261942 1.972920 0.540047 0.002643 0.838253 0.075323
0.244815 0.261307 1.973021 0.540075 0.002542 0.838255 0.075104
0.244550 0.260670 1.973122 0.540101 0.002442 0.838257 0.074903
0.244285 0.260032 1.973221 0.540126 0.002343 0.838257 0.074723
0.244021 0.259392 1.973321 0.540150 0.002245 0.838256 0.074564
0.243759 0.258753 1.973419 0.540173 0.002150 0.838254 0.074427
0.243498 0.258112 1.973516 0.540195 0.002057 0.838250 0.074312
0.243236 0.257473 1.973615 0.540215 0.001973 0.838244 0.074234
0.242975 0.256834 1.973715 0.540233 0.001896 0.838237 0.074185
0.242714 0.256196 1.973815 0.540250 0.001822 0.838229 0.074162
0.242457 0.255556 1.973912 0.540267 0.001746 0.838218 0.074149
0.242204 0.254915 1.974006 0.540286 0.001670 0.838207 0.074152
0.241953 0.254274 1.974098 0.540304 0.001594 0.838193 0.074170
0.241705 0.253633 1.974187 0.540323 0.001519 0.838178 0.074206
0.241458 0.252992 1.974278 0.540340 0.001451 0.838161 0.074272
0.241211 0.252352 1.974369 0.540356 0.001388 0.838143 0.074364
0.240969 0.251711 1.974457 0.540372 0.001323 0.838123 0.074467
0.240728 0.251069 1.974542 0.540389 0.001257 0.838103 0.074583
0.240491 0.250427 1.974626 0.540405 0.001190 0.838081 0.074713
0.240254 0.249785 1.974710 0.540420 0.001130 0.838057 0.074872
0.240018 0.249144 1.974795 0.540434 0.001074 0.838032 0.075053
0.239786 0.248502 1.974877 0.540448 0.001015 0.838006 0.075243
0.239555 0.247859 1.974956 0.540462 0.000955 0.837979 0.075444
0.239327 0.247215 1.975034 0.540476 0.000894 0.837951 0.075656
0.239102 0.246571 1.975111 0.540489 0.000832 0.837922 0.075882
0.238878 0.245926 1.975186 0.540501 0.000770 0.837892 0.076121
0.238654 0.245282 1.975262 0.540513 0.000714 0.837861 0.076388
0.238433 0.244636 1.975337 0.540523 0.000654 0.837829 0.076663
0.238214 0.243990 1.975408 0.540531 0.000586 0.837798 0.076943
0.237996 0.243344 1.975478 0.540535 0.000510 0.837769 0.077235
0.237781 0.242697 1.975546 0.540536 0.000424 0.837741 0.077530
0.237566 0.242032 1.975623 0.540562 0.000316 0.837718 0.077595
0.237341 0.241356 1.975715 0.540600 0.000217 0.837695 0.077580
0.237107 0.240669 1.975817 0.540641 0.000120 0.837673 0.077534
0.236862 0.239973 1.975926 0.540678 0.000021 0.837654 0.077481
0.236610 0.239270 1.976041 0.540711 -0.000080 0.837637 0.077430
0.236350 0.238561 1.976160 0.540741 -0.000184 0.837622 0.077389
0.236086 0.237846 1.976281 0.540767 -0.000290 0.837607 0.077360
0.235822 0.237125 1.976400 0.540795 -0.000407 0.837593 0.077322
0.235559 0.236399 1.976516 0.540822 -0.000531 0.837579 0.077285
0.235297 0.235669 1.976630 0.540849 -0.000661 0.837564 0.077256
0.235036 0.234936 1.976742 0.540876 -0.000793 0.837548 0.077238
0.234776 0.234200 1.976852 0.540902 -0.000927 0.837531 0.077235
0.234518 0.233462 1.976960 0.540928 -0.001062 0.837513 0.077249
0.234261 0.232722 1.977067 0.540954 -0.001197 0.837493 0.077282
0.234006 0.231981 1.977171 0.540979 -0.001331 0.837472 0.077334
0.233754 0.231239 1.977273 0.541005 -0.001464 0.837449 0.077406
0.233503 0.230496 1.977373 0.541030 -0.001596 0.837424 0.077498
0.233254 0.229752 1.977471 0.541055 -0.001726 0.837397 0.077610
0.233008 0.229008 1.977567 0.541080 -0.001855 0.837368 0.077743
0.232760 0.228264 1.977664 0.541102 -0.001975 0.837337 0.077915
0.232513 0.227521 1.977761 0.541124 -0.002089 0.837304 0.078116
0.232266 0.226778 1.977857 0.541144 -0.002200 0.837270 0.078341
0.232021 0.226034 1.977951 0.541164 -0.002310 0.837234 0.078585
0.231778 0.225290 1.978043 0.541184 -0.002418 0.837196 0.078849
0.231536 0.224545 1.978133 0.541203 -0.002525 0.837157 0.079129
0.231300 0.223799 1.978217 0.541225 -0.002639 0.837116 0.079409
0.231069 0.223051 1.978297 0.541248 -0.002756 0.837073 0.079695
0.230842 0.222301 1.978373 0.541271 -0.002876 0.837030 0.079991
0.230619 0.221551 1.978446 0.541295 -0.002998 0.836984 0.080299
0.230399 0.220799 1.978515 0.541319 -0.003121 0.836938 0.080620
0.230182 0.220047 1.978582 0.541342 -0.003246 0.836889 0.080956
0.229968 0.219293 1.978646 0.541365 -0.003372 0.836840 0.081306
0.229753 0.218540 1.978710 0.541383 -0.003501 0.836792 0.081680
0.229539 0.217785 1.978771 0.541397 -0.003639 0.836744 0.082065
0.229327 0.217030 1.978831 0.541407 -0.003790 0.836699 0.082453
0.229117 0.216275 1.978888 0.541413 -0.003955 0.836657 0.082839
0.228908 0.215518 1.978942 0.541416 -0.004135 0.836616 0.083221
0.228704 0.214759 1.978993 0.541419 -0.004332 0.836576 0.083590
0.228503 0.213999 1.979040 0.541420 -0.004545 0.836538 0.083949
0.228305 0.213237 1.979085 0.541421 -0.004774 0.836501 0.084300
0.228101 0.212470 1.979155 0.541454 -0.004939 0.836452 0.084569
0.227896 0.211690 1.979229 0.541495 -0.005105 0.836404 0.084761
0.227686 0.210901 1.979306 0.541538 -0.005273 0.836359 0.084924
0.227465 0.210107 1.979392 0.541581 -0.005424 0.836311 0.085121
0.227237 0.209308 1.979482 0.541622 -0.005568 0.836260 0.085341
0.227009 0.208504 1.979568 0.541664 -0.005723 0.836211 0.085547
0.226780 0.207695 1.979652 0.541706 -0.005886 0.836162 0.085750
0.226550 0.206883 1.979733 0.541748 -0.006053 0.836113 0.085957
0.226321 0.206068 1.979812 0.541789 -0.006223 0.836062 0.086172
0.226093 0.205250 1.979888 0.541831 -0.006394 0.836011 0.086399
0.225866 0.204432 1.979962 0.541872 -0.006566 0.835957 0.086640
0.225635 0.203614 1.980038 0.541913 -0.006724 0.835900 0.086927
0.225404 0.202796 1.980112 0.541956 -0.006876 0.835837 0.087245
0.225177 0.201977 1.980181 0.542002 -0.007035 0.835774 0.087559
0.224955 0.201156 1.980246 0.542048 -0.007197 0.835709 0.087877
0.224735 0.200335 1.980305 0.542096 -0.007362 0.835642 0.088203
0.224518 0.199514 1.980361 0.542144 -0.007527 0.835574 0.088541
0.224300 0.198694 1.980416 0.542192 -0.007682 0.835501 0.088918
0.224086 0.197874 1.980467 0.542241 -0.007840 0.835427 0.089298
0.223874 0.197054 1.980513 0.542290 -0.008004 0.835353 0.089684
0.223663 0.196234 1.980558 0.542336 -0.008171 0.835277 0.090090
0.223452 0.195416 1.980599 0.542381 -0.008347 0.835202 0.090503
0.223245 0.194597 1.980635 0.542425 -0.008540 0.835128 0.090899
0.223043 0.193778 1.980666 0.542470 -0.008750 0.835056 0.091282
0.222844 0.192959 1.980692 0.542514 -0.008976 0.834984 0.091654
0.222649 0.192140 1.980715 0.542557 -0.009216 0.834913 0.092017
0.222453 0.191322 1.980736 0.542598 -0.009465 0.834843 0.092387
0.222257 0.190504 1.980756 0.542637 -0.009725 0.834774 0.092759
0.222063 0.189686 1.980772 0.542674 -0.009996 0.834705 0.093126
0.221874 0.188868 1.980784 0.542713 -0.010286 0.834638 0.093470
0.221687 0.188049 1.980791 0.542752 -0.010591 0.834572 0.093797
0.221505 0.187230 1.980795 0.542792 -0.010912 0.834507 0.094111
0.221324 0.186411 1.980796 0.542831 -0.011245 0.834443 0.094414
0.221143 0.185592 1.980795 0.542868 -0.011585 0.834378 0.094728
0.220963 0.184773 1.980793 0.542904 -0.011934 0.834314 0.095043
0.220782 0.183954 1.980789 0.542939 -0.012294 0.834250 0.095356
0.220607 0.183135 1.980780 0.542976 -0.012670 0.834188 0.095642
0.220434 0.182314 1.980767 0.543014 -0.013062 0.834126 0.095912
0.220265 0.181493 1.980751 0.543052 -0.013466 0.834065 0.096169
0.220094 0.180672 1.980734 0.543089 -0.013875 0.834004 0.096437
0.219932 0.179856 1.980744 0.543197 -0.014070 0.833889 0.096788
0.219762 0.179026 1.980767 0.543301 -0.014267 0.833785 0.097076
0.219582 0.178184 1.980799 0.543397 -0.014478 0.833689 0.097329
0.219392 0.177333 1.980836 0.543484 -0.014711 0.833602 0.097553
0.219193 0.176474 1.980877 0.543565 -0.014965 0.833521 0.097751
0.218986 0.175610 1.980921 0.543641 -0.015238 0.833446 0.097930
0.218774 0.174741 1.980966 0.543715 -0.015528 0.833373 0.098093
0.218557 0.173870 1.981010 0.543787 -0.015832 0.833303 0.098241
0.218336 0.172998 1.981053 0.543858 -0.016149 0.833234 0.098378
0.218109 0.172126 1.981098 0.543932 -0.016468 0.833163 0.098524
0.217879 0.171256 1.981141 0.544008 -0.016794 0.833089 0.098668
0.217647 0.170387 1.981183 0.544088 -0.017126 0.833014 0.098806
0.217414 0.169520 1.981222 0.544172 -0.017465 0.832937 0.098936
0.217180 0.168655 1.981258 0.544259 -0.017811 0.832858 0.099057
0.216946 0.167793 1.981290 0.544348 -0.018164 0.832779 0.099170
0.216713 0.166933 1.981318 0.544441 -0.018524 0.832697 0.099276
0.216480 0.166075 1.981342 0.544537 -0.018890 0.832615 0.099374
0.216249 0.165220 1.981362 0.544635 -0.019263 0.832531 0.099466
0.216020 0.164367 1.981378 0.544736 -0.019643 0.832446 0.099552
0.215792 0.163517 1.981390 0.544839 -0.020029 0.832360 0.099633
0.215567 0.162669 1.981397 0.544944 -0.020421 0.832272 0.099709
0.215343 0.161823 1.981401 0.545051 -0.020820 0.832184 0.099781
0.215121 0.160980 1.981400 0.545160 -0.021224 0.832094 0.099850
0.214902 0.160142 1.981395 0.545267 -0.021615 0.832002 0.099946
0.214685 0.159309 1.981388 0.545371 -0.021996 0.831908 0.100073
0.214470 0.158481 1.981377 0.545472 -0.022371 0.831814 0.100229
0.214256 0.157656 1.981363 0.545570 -0.022744 0.831718 0.100408
0.214043 0.156835 1.981346 0.545662 -0.023121 0.831624 0.100601
0.213831 0.156017 1.981325 0.545746 -0.023504 0.831533 0.100800
0.213619 0.155200 1.981300 0.545824 -0.023897 0.831446 0.101002
0.213409 0.154386 1.981272 0.545897 -0.024301 0.831363 0.101204
0.213209 0.153574 1.981238 0.545972 -0.024714 0.831280 0.101379
0.213016 0.152763 1.981198 0.546048 -0.025140 0.831198 0.101535
0.212829 0.151953 1.981153 0.546123 -0.025578 0.831118 0.101678
0.212646 0.151144 1.981104 0.546196 -0.026027 0.831039 0.101814
0.212466 0.150335 1.981051 0.546269 -0.026487 0.830961 0.101943
0.212290 0.149527 1.980995 0.546340 -0.026958 0.830884 0.102066
0.212115 0.148719 1.980935 0.546409 -0.027440 0.830808 0.102184
0.211943 0.147911 1.980873 0.546478 -0.027932 0.830733 0.102297
0.211771 0.147102 1.980808 0.546545 -0.028433 0.830659 0.102405
0.211609 0.146282 1.980754 0.546648 -0.028850 0.830573 0.102429
0.211439 0.145455 1.980709 0.546764 -0.029216 0.830479 0.102467
0.211256 0.144627 1.980677 0.546901 -0.029510 0.830361 0.102611
0.211060 0.143798 1.980650 0.547036 -0.029785 0.830240 0.102795
0.210852 0.142969 1.980625 0.547161 -0.030063 0.830123 0.102988
0.210635 0.142139 1.980600 0.547276 -0.030351 0.830013 0.103176
0.210410 0.141310 1.980576 0.547381 -0.030654 0.829911 0.103353
0.210179 0.140482 1.980551 0.547478 -0.030972 0.829815 0.103515
0.209943 0.139655 1.980525 0.547570 -0.031302 0.829724 0.103664
0.209704 0.138829 1.980498 0.547657 -0.031646 0.829636 0.103799
0.209461 0.138004 1.980468 0.547741 -0.032000 0.829552 0.103922
0.209217 0.137181 1.980437 0.547823 -0.032366 0.829469 0.104033
0.208972 0.136359 1.980403 0.547905 -0.032741 0.829388 0.104133
0.208726 0.135539 1.980366 0.547986 -0.033125 0.829308 0.104222
0.208481 0.134721 1.980327 0.548068 -0.033518 0.829228 0.104302
0.208235 0.133904 1.980284 0.548151 -0.033920 0.829148 0.104372
0.207991 0.133088 1.980238 0.548234 -0.034330 0.829068 0.104434
0.207740 0.132256 1.980191 0.548333 -0.034752 0.828970 0.104558
0.207496 0.131430 1.980140 0.548433 -0.035180 0.828876 0.104631
0.207257 0.130610 1.980084 0.548533 -0.035614 0.828786 0.104674
0.207026 0.129799 1.980024 0.548644 -0.036024 0.828688 0.104725
0.206801 0.128997 1.979959 0.548762 -0.036417 0.828585 0.104792
0.206581 0.128203 1.979889 0.548882 -0.036802 0.828477 0.104877
0.206364 0.127414 1.979815 0.549003 -0.037183 0.828368 0.104975
0.206150 0.126630 1.979737 0.549122 -0.037567 0.828259 0.105080
0.205937 0.125849 1.979656 0.549235 -0.037959 0.828152 0.105187
0.205724 0.125071 1.979572 0.549337 -0.038365 0.828052 0.105293
0.205510 0.124293 1.979485 0.549430 -0.038785 0.827958 0.105396
0.205296 0.123516 1.979397 0.549516 -0.039219 0.827868 0.105495
0.205082 0.122740 1.979306 0.549597 -0.039664 0.827781 0.105587
0.204869 0.121964 1.979214 0.549674 -0.040123 0.827697 0.105671
0.204656 0.121187 1.979119 0.549749 -0.040592 0.827615 0.105747
0.204453 0.120414 1.979018 0.549822 -0.041081 0.827540 0.105761
0.204242 0.119617 1.978918 0.549920 -0.041595 0.827438 0.105849
0.204045 0.118828 1.978812 0.550020 -0.042113 0.827346 0.105849
0.203849 0.118043 1.978704 0.550117 -0.042626 0.827254 0.105853
0.203653 0.117262 1.978594 0.550209 -0.043141 0.827166 0.105856
0.203456 0.116483 1.978481 0.550298 -0.043661 0.827079 0.105859
0.203260 0.115706 1.978366 0.550384 -0.044188 0.826994 0.105859
0.203063 0.114931 1.978249 0.550468 -0.044721 0.826910 0.105856
0.202874 0.114149 1.978152 0.550600 -0.045113 0.826796 0.105892
0.202683 0.113361 1.978064 0.550746 -0.045464 0.826675 0.105924
0.202495 0.112568 1.977978 0.550884 -0.045835 0.826570 0.105864
0.202307 0.111772 1.977892 0.551015 -0.046227 0.826477 0.105746
0.202119 0.110974 1.977804 0.551138 -0.046636 0.826391 0.105592
0.201929 0.110175 1.977716 0.551255 -0.047058 0.826311 0.105418
0.201738 0.109378 1.977627 0.551370 -0.047477 0.826234 0.105235
0.201547 0.108585 1.977538 0.551484 -0.047894 0.826158 0.105047
0.201356 0.107795 1.977445 0.551597 -0.048310 0.826082 0.104855
0.201179 0.107026 1.977353 0.551717 -0.048698 0.826010 0.104615
0.201012 0.106275 1.977259 0.551839 -0.049062 0.825941 0.104348
0.200854 0.105544 1.977163 0.551961 -0.049406 0.825875 0.104064
0.200701 0.104830 1.977063 0.552083 -0.049733 0.825810 0.103775
0.200554 0.104132 1.976961 0.552203 -0.050047 0.825747 0.103483
0.200411 0.103450 1.976856 0.552321 -0.050351 0.825686 0.103193
0.200270 0.102781 1.976749 0.552437 -0.050646 0.825626 0.102906
0.200133 0.102124 1.976638 0.552552 -0.050935 0.825567 0.102621
0.200001 0.101484 1.976530 0.552666 -0.051205 0.825510 0.102334
0.199874 0.100862 1.976423 0.552780 -0.051457 0.825453 0.102048
0.199750 0.100254 1.976315 0.552893 -0.051696 0.825397 0.101765
0.199630 0.099660 1.976208 0.553005 -0.051923 0.825343 0.101486
0.199512 0.099079 1.976100 0.553116 -0.052140 0.825288 0.101210
0.199396 0.098510 1.975991 0.553225 -0.052350 0.825235 0.100937
0.199283 0.097951 1.975881 0.553334 -0.052553 0.825182 0.100666
0.199171 0.097403 1.975771 0.553442 -0.052752 0.825130 0.100396
0.199061 0.096863 1.975660 0.553549 -0.052946 0.825079 0.100124
0.198953 0.096332 1.975549 0.553655 -0.053138 0.825028 0.099851
0.198847 0.095808 1.975436 0.553761 -0.053329 0.824979 0.099573
0.198740 0.095290 1.975323 0.553865 -0.053520 0.824930 0.099296
0.198635 0.094779 1.975210 0.553967 -0.053711 0.824883 0.099017
0.198530 0.094273 1.975096 0.554067 -0.053903 0.824837 0.098733
0.198426 0.093772 1.974981 0.554167 -0.054097 0.824792 0.098442
0.198324 0.093277 1.974866 0.554266 -0.054291 0.824748 0.098143
0.198223 0.092786 1.974750 0.554365 -0.054487 0.824705 0.097835
0.198124 0.092301 1.974633 0.554465 -0.054684 0.824663 0.097517
0.198026 0.091821 1.974515 0.554564 -0.054883 0.824622 0.097189
0.197933 0.091352 1.974401 0.554663 -0.055069 0.824583 0.096844
0.197845 0.090895 1.974290 0.554762 -0.055243 0.824547 0.096486
0.197760 0.090449 1.974180 0.554861 -0.055407 0.824512 0.096118
0.197678 0.090013 1.974070 0.554959 -0.055562 0.824480 0.095742
0.197596 0.089566 1.973973 0.555056 -0.055711 0.824457 0.095288
0.197517 0.089116 1.973881 0.555153 -0.055851 0.824440 0.094790
0.197440 0.088665 1.973793 0.555250 -0.055982 0.824426 0.094263
0.197365 0.088217 1.973705 0.555346 -0.056103 0.824415 0.093717
0.197293 0.087779 1.973622 0.555445 -0.056205 0.824405 0.093160
0.197224 0.087351 1.973541 0.555544 -0.056286 0.824396 0.092600
0.197158 0.086933 1.973461 0.555643 -0.056350 0.824386 0.092044
0.197093 0.086527 1.973382 0.555744 -0.056398 0.824377 0.091496
0.197030 0.086131 1.973304 0.555844 -0.056431 0.824366 0.090960
0.196968 0.085746 1.973225 0.555944 -0.056452 0.824354 0.090438
0.196907 0.085370 1.973146 0.556044 -0.056462 0.824342 0.089931
0.196846 0.085002 1.973066 0.556143 -0.056462 0.824328 0.089439
0.196786 0.084643 1.972986 0.556242 -0.056456 0.824314 0.088963
0.196726 0.084290 1.972905 0.556339 -0.056445 0.824298 0.088502
0.196667 0.083943 1.972823 0.556436 -0.056430 0.824282 0.088053
0.196608 0.083602 1.972741 0.556532 -0.056412 0.824265 0.087617
0.196550 0.083267 1.972658 0.556626 -0.056391 0.824248 0.087192
0.196492 0.082937 1.972574 0.556720 -0.056369 0.824230 0.086779
0.196435 0.082612 1.972491 0.556813 -0.056344 0.824211 0.086375
0.196378 0.082293 1.972408 0.556905 -0.056318 0.824192 0.085980
0.196323 0.081980 1.972325 0.556997 -0.056292 0.824172 0.085594
0.196268 0.081671 1.972242 0.557088 -0.056264 0.824152 0.085214
0.196213 0.081368 1.972160 0.557178 -0.056236 0.824131 0.084842
0.196160 0.081070 1.972078 0.557268 -0.056207 0.824110 0.084476
0.196104 0.080778 1.972001 0.557356 -0.056173 0.824088 0.084129
0.196047 0.080492 1.971927 0.557443 -0.056133 0.824066 0.083798
0.195989 0.080212 1.971856 0.557530 -0.056088 0.824042 0.083480
0.195931 0.079937 1.971787 0.557618 -0.056039 0.824017 0.083173
0.195872 0.079669 1.971720 0.557705 -0.055987 0.823992 0.082875
0.195814 0.079406 1.971654 0.557793 -0.055931 0.823965 0.082585
0.195756 0.079148 1.971589 0.557882 -0.055873 0.823937 0.082302
0.195699 0.078895 1.971525 0.557971 -0.055813 0.823909 0.082025
0.195642 0.078648 1.971462 0.558060 -0.055751 0.823880 0.081753
0.195586 0.078405 1.971400 0.558149 -0.055689 0.823850 0.081487
0.195530 0.078166 1.971338 0.558238 -0.055625 0.823819 0.081225
0.195474 0.077932 1.971277 0.558328 -0.055561 0.823788 0.080967
0.195419 0.077703 1.971216 0.558417 -0.055498 0.823757 0.080712
0.195365 0.077477 1.971156 0.558507 -0.055434 0.823725 0.080461
0.195311 0.077255 1.971097 0.558596 -0.055371 0.823693 0.080213
0.195257 0.077037 1.971039 0.558685 -0.055309 0.823661 0.079967
0.195199 0.076798 1.970984 0.558772 -0.055253 0.823636 0.079652
0.195140 0.076544 1.970929 0.558859 -0.055206 0.823616 0.079281
0.195081 0.076279 1.970873 0.558947 -0.055162 0.823598 0.078871
0.195022 0.076008 1.970815 0.559036 -0.055120 0.823583 0.078435
0.194963 0.075734 1.970756 0.559125 -0.055077 0.823568 0.077982
0.194903 0.075458 1.970697 0.559215 -0.055032 0.823553 0.077521
0.194843 0.075183 1.970636 0.559306 -0.054985 0.823538 0.077056
0.194784 0.074909 1.970575 0.559398 -0.054934 0.823523 0.076594
0.194724 0.074639 1.970513 0.559489 -0.054882 0.823506 0.076136
0.194664 0.074371 1.970451 0.559582 -0.054826 0.823489 0.075686
0.194605 0.074107 1.970388 0.559674 -0.054769 0.823470 0.075245
0.194545 0.073846 1.970325 0.559768 -0.054710 0.823450 0.074815
0.194486 0.073589 1.970262 0.559861 -0.054650 0.823429 0.074394
0.194427 0.073336 1.970199 0.559954 -0.054589 0.823406 0.073985
0.194368 0.073086 1.970135 0.560048 -0.054528 0.823382 0.073586
0.194309 0.072840 1.970072 0.560142 -0.054467 0.823357 0.073198
0.194250 0.072597 1.970009 0.560235 -0.054407 0.823331 0.072819
0.194191 0.072357 1.969946 0.560329 -0.054347 0.823304 0.072449
0.194133 0.072121 1.969883 0.560423 -0.054289 0.823275 0.072088
0.194076 0.071891 1.969823 0.560516 -0.054224 0.823247 0.071734
0.194021 0.071668 1.969765 0.560610 -0.054153 0.823218 0.071388
0.193967 0.071451 1.969708 0.560703 -0.054077 0.823189 0.071049
0.193914 0.071239 1.969653 0.560796 -0.053998 0.823159 0.070719
0.193861 0.071033 1.969600 0.560888 -0.053915 0.823129 0.070397
0.193810 0.070832 1.969547 0.560980 -0.053830 0.823099 0.070084
0.193758 0.070636 1.969494 0.561071 -0.053745 0.823068 0.069779
0.193707 0.070444 1.969443 0.561162 -0.053658 0.823037 0.069482
0.193657 0.070256 1.969392 0.561252 -0.053571 0.823006 0.069192
0.193606 0.070071 1.969343 0.561341 -0.053485 0.822974 0.068914
0.193554 0.069889 1.969294 0.561430 -0.053399 0.822942 0.068644
0.193503 0.069710 1.969246 0.561517 -0.053314 0.822909 0.068382
0.193452 0.069533 1.969198 0.561605 -0.053230 0.822876 0.068127
0.193401 0.069360 1.969151 0.561692 -0.053148 0.822843 0.067877
0.193350 0.069188 1.969104 0.561779 -0.053068 0.822809 0.067633
0.193299 0.069018 1.969058 0.561865 -0.052990 0.822775 0.067394
0.193249 0.068851 1.969012 0.561950 -0.052914 0.822741 0.067158
0.193198 0.068685 1.968966 0.562035 -0.052840 0.822706 0.066926
0.193149 0.068522 1.968921 0.562119 -0.052769 0.822672 0.066698
0.193099 0.068360 1.968876 0.562203 -0.052701 0.822637 0.066472
0.193050 0.068200 1.968831 0.562287 -0.052636 0.822602 0.066249
0.192998 0.068036 1.968787 0.562369 -0.052568 0.822571 0.065985
0.192945 0.067872 1.968740 0.562453 -0.052498 0.822542 0.065688
0.192892 0.067709 1.968690 0.562537 -0.052425 0.822515 0.065370
0.192839 0.067549 1.968639 0.562621 -0.052348 0.822489 0.065039
0.192784 0.067391 1.968587 0.562704 -0.052269 0.822463 0.064700
0.192729 0.067235 1.968535 0.562787 -0.052187 0.822438 0.064358
0.192674 0.067083 1.968482 0.562870 -0.052103 0.822414 0.064016
0.192618 0.066932 1.968430 0.562952 -0.052017 0.822389 0.063679
0.192561 0.066785 1.968379 0.563034 -0.051930 0.822365 0.063347
0.192504 0.066639 1.968327 0.563115 -0.051843 0.822340 0.063021
0.192447 0.066496 1.968276 0.563195 -0.051755 0.822315 0.062703
0.192390 0.066355 1.968225 0.563274 -0.051668 0.822289 0.062393
0.192332 0.066216 1.968175 0.563353 -0.051581 0.822263 0.062092
0.192275 0.066078 1.968125 0.563432 -0.051496 0.822237 0.061799
0.192217 0.065941 1.968075 0.563509 -0.051412 0.822211 0.061514
0.192141 0.065800 1.968029 0.563574 -0.051339 0.822195 0.061187
0.192050 0.065655 1.967985 0.563630 -0.051273 0.822187 0.060829
0.191948 0.065508 1.967944 0.563681 -0.051212 0.822184 0.060450
0.191836 0.065360 1.967905 0.563727 -0.051155 0.822185 0.060055
0.191717 0.065212 1.967868 0.563771 -0.051103 0.822188 0.059651
0.191593 0.065063 1.967831 0.563814 -0.051054 0.822191 0.059241
0.191465 0.064914 1.967795 0.563856 -0.051011 0.822194 0.058828
0.191334 0.064764 1.967759 0.563898 -0.050972 0.822197 0.058414
0.191199 0.064613 1.967724 0.563939 -0.050941 0.822200 0.058006
0.191061 0.064460 1.967689 0.563980 -0.050916 0.822202 0.057604
0.190922 0.064307 1.967654 0.564021 -0.050898 0.822202 0.057211
0.190783 0.064154 1.967620 0.564064 -0.050884 0.822201 0.056827
0.190645 0.064000 1.967586 0.564108 -0.050876 0.822196 0.056452
0.190508 0.063846 1.967551 0.564154 -0.050873 0.822190 0.056087
0.190374 0.063692 1.967517 0.564203 -0.050874 0.822181 0.055731
0.190242 0.063538 1.967482 0.564254 -0.050879 0.822169 0.055387
0.190114 0.063385 1.967446 0.564307 -0.050889 0.822154 0.055052
0.189989 0.063231 1.967411 0.564362 -0.050904 0.822137 0.054728
0.189867 0.063079 1.967375 0.564419 -0.050923 0.822117 0.054413
0.189748 0.062926 1.967338 0.564478 -0.050947 0.822096 0.054109
0.189633 0.062774 1.967301 0.564538 -0.050976 0.822072 0.053813
0.189521 0.062622 1.967264 0.564599 -0.051009 0.822047 0.053528
0.189412 0.062469 1.967227 0.564661 -0.051048 0.822020 0.053252
0.189304 0.062316 1.967189 0.564723 -0.051093 0.821992 0.052987
0.189199 0.062163 1.967151 0.564784 -0.051145 0.821963 0.052731
0.189095 0.062009 1.967109 0.564846 -0.051198 0.821934 0.052458
0.188994 0.061856 1.967064 0.564909 -0.051256 0.821905 0.052180
0.188895 0.061702 1.967016 0.564972 -0.051317 0.821876 0.051901
0.188798 0.061548 1.966967 0.565034 -0.051384 0.821846 0.051625
0.188703 0.061393 1.966917 0.565095 -0.051455 0.821816 0.051354
0.188609 0.061238 1.966867 0.565155 -0.051530 0.821787 0.051091
0.188516 0.061082 1.966816 0.565214 -0.051612 0.821757 0.050835
0.188424 0.060924 1.966765 0.565271 -0.051698 0.821728 0.050589
0.188333 0.060766 1.966714 0.565326 -0.051789 0.821699 0.050352
0.188242 0.060606 1.966663 0.565380 -0.051886 0.821669 0.050124
0.188150 0.060444 1.966613 0.565431 -0.051989 0.821641 0.049912
0.188057 0.060281 1.966563 0.565479 -0.052099 0.821613 0.049714
0.187964 0.060115 1.966513 0.565525 -0.052216 0.821585 0.049528
0.187871 0.059947 1.966464 0.565570 -0.052337 0.821557 0.049354
0.187778 0.059777 1.966415 0.565612 -0.052464 0.821529 0.049190
0.187685 0.059606 1.966367 0.565654 -0.052596 0.821502 0.049035
0.187592 0.059434 1.966318 0.565694 -0.052732 0.821474 0.048889
0.187499 0.059260 1.966270 0.565733 -0.052873 0.821446 0.048752
0.187407 0.059085 1.966222 0.565772 -0.053018 0.821418 0.048622
0.187315 0.058909 1.966174 0.565809 -0.053167 0.821390 0.048499
0.187224 0.058732 1.966126 0.565846 -0.053319 0.821361 0.048383
0.187133 0.058554 1.966079 0.565882 -0.053474 0.821333 0.048274
0.187042 0.058375 1.966031 0.565917 -0.053633 0.821304 0.048172
0.186952 0.058196 1.965984 0.565952 -0.053795 0.821275 0.048075
0.186862 0.058017 1.965938 0.565986 -0.053960 0.821246 0.047984
0.186772 0.057837 1.965891 0.566019 -0.054127 0.821218 0.047899
0.186683 0.057657 1.965845 0.566052 -0.054296 0.821189 0.047819
0.186595 0.057476 1.965799 0.566084 -0.054468 0.821159 0.047745
0.186506 0.057296 1.965753 0.566115 -0.054642 0.821130 0.047676
0.186418 0.057115 1.965708 0.566146 -0.054818 0.821101 0.047612
0.186330 0.056935 1.965663 0.566176 -0.054995 0.821072 0.047554
0.186243 0.056754 1.965618 0.566205 -0.055174 0.821043 0.047500
0.186156 0.056574 1.965574 0.566234 -0.055355 0.821014 0.047451
0.186069 0.056394 1.965530 0.566262 -0.055537 0.820985 0.047407
0.185982 0.056214 1.965486 0.566289 -0.055720 0.820956 0.047368
0.185896 0.056034 1.965443 0.566315 -0.055904 0.820927 0.047334
0.185809 0.055855 1.965401 0.566341 -0.056089 0.820898 0.047304
0.185723 0.055676 1.965358 0.566366 -0.056275 0.820870 0.047279
0.185638 0.055497 1.965317 0.566391 -0.056462 0.820841 0.047259
0.185552 0.055319 1.965275 0.566414 -0.056649 0.820813 0.047243
0.185467 0.055151 1.965224 0.566440 -0.056829 0.820785 0.047211
0.185381 0.054983 1.965171 0.566462 -0.057004 0.820760 0.047161
0.185295 0.054817 1.965115 0.566481 -0.057174 0.820739 0.047101
0.185208 0.054651 1.965058 0.566497 -0.057341 0.820720 0.047037
0.185117 0.054484 1.965001 0.566507 -0.057512 0.820704 0.046975
0.185024 0.054315 1.964943 0.566513 -0.057685 0.820692 0.046917
0.184928 0.054146 1.964886 0.566515 -0.057858 0.820681 0.046864
0.184832 0.053976 1.964829 0.566515 -0.058031 0.820671 0.046817
0.184736 0.053806 1.964772 0.566513 -0.058204 0.820663 0.046777
0.184640 0.053637 1.964716 0.566511 -0.058374 0.820654 0.046743
0.184546 0.053469 1.964660 0.566508 -0.058541 0.820646 0.046716
0.184454 0.053302 1.964604 0.566505 -0.058705 0.820637 0.046695
0.184362 0.053135 1.964548 0.566502 -0.058868 0.820628 0.046681
0.184272 0.052970 1.964493 0.566499 -0.059030 0.820619 0.046674
0.184183 0.052805 1.964438 0.566495 -0.059190 0.820610 0.046675
0.184094 0.052641 1.964383 0.566491 -0.059350 0.820601 0.046682
0.184007 0.052477 1.964328 0.566486 -0.059510 0.820592 0.046696
0.183921 0.052314 1.964274 0.566481 -0.059670 0.820583 0.046716
0.183835 0.052151 1.964220 0.566476 -0.059829 0.820573 0.046743
0.183750 0.051988 1.964166 0.566470 -0.059989 0.820564 0.046775
0.183665 0.051826 1.964112 0.566463 -0.060149 0.820555 0.046814
0.183582 0.051664 1.964059 0.566456 -0.060309 0.820545 0.046857
0.183499 0.051502 1.964006 0.566448 -0.060470 0.820536 0.046906
0.183416 0.051340 1.963954 0.566439 -0.060631 0.820527 0.046960
0.183334 0.051179 1.963901 0.566430 -0.060793 0.820518 0.047019
0.183252 0.051018 1.963850 0.566420 -0.060955 0.820510 0.047082
0.183171 0.050857 1.963798 0.566409 -0.061118 0.820501 0.047150
0.183091 0.050697 1.963747 0.566397 -0.061281 0.820493 0.047222
0.183011 0.050537 1.963696 0.566385 -0.061445 0.820485 0.047298
0.182931 0.050377 1.963646 0.566371 -0.061609 0.820477 0.047377
0.182852 0.050217 1.963596 0.566357 -0.061774 0.820470 0.047461
0.182772 0.050056 1.963545 0.566341 -0.061944 0.820463 0.047553
0.182691 0.049894 1.963495 0.566324 -0.062118 0.820456 0.047652
0.182610 0.049730 1.963444 0.566304 -0.062296 0.820450 0.047756
0.182529 0.049566 1.963395 0.566282 -0.062476 0.820445 0.047864
0.182448 0.049402 1.963346 0.566259 -0.062657 0.820441 0.047977
0.182363 0.049236 1.963298 0.566231 -0.062845 0.820439 0.048100
0.182275 0.049067 1.963251 0.566198 -0.063037 0.820439 0.048230
0.182185 0.048897 1.963206 0.566163 -0.063233 0.820440 0.048369
0.182093 0.048725 1.963162 0.566124 -0.063433 0.820443 0.048515
0.182003 0.048570 1.963104 0.566084 -0.063629 0.820446 0.048673
0.181916 0.048431 1.963038 0.566044 -0.063817 0.820449 0.048827
0.181834 0.048303 1.962968 0.566002 -0.063999 0.820455 0.048978
0.181754 0.048184 1.962895 0.565958 -0.064175 0.820463 0.049129
0.181677 0.048074 1.962820 0.565912 -0.064347 0.820472 0.049278
0.181602 0.047969 1.962745 0.565865 -0.064516 0.820483 0.049427
0.181530 0.047869 1.962671 0.565815 -0.064681 0.820495 0.049574
0.181459 0.047773 1.962597 0.565765 -0.064844 0.820508 0.049722
0.181390 0.047680 1.962525 0.565713 -0.065005 0.820522 0.049869
0.181323 0.047588 1.962454 0.565661 -0.065166 0.820536 0.050015
0.181258 0.047499 1.962383 0.565608 -0.065325 0.820552 0.050160
0.181193 0.047411 1.962315 0.565554 -0.065483 0.820567 0.050304
0.181130 0.047323 1.962247 0.565500 -0.065640 0.820583 0.050447
0.181069 0.047237 1.962180 0.565446 -0.065796 0.820599 0.050588
0.181008 0.047150 1.962115 0.565392 -0.065952 0.820615 0.050729
0.180949 0.047065 1.962051 0.565338 -0.066107 0.820631 0.050869
0.180890 0.046978 1.961987 0.565283 -0.066264 0.820647 0.051015
0.180832 0.046891 1.961924 0.565226 -0.066425 0.820664 0.051166
0.180774 0.046802 1.961861 0.565169 -0.066587 0.820681 0.051321
0.180717 0.046714 1.961800 0.565111 -0.066749 0.820698 0.051475
0.180662 0.046625 1.961739 0.565053 -0.066910 0.820714 0.051628
0.180608 0.046536 1.961679 0.564997 -0.067070 0.820731 0.051778
0.180555 0.046447 1.961620 0.564940 -0.067232 0.820747 0.051933
0.180503 0.046357 1.961561 0.564882 -0.067395 0.820763 0.052091
0.180451 0.046266 1.961502 0.564825 -0.067559 0.820779 0.052251
0.180400 0.046174 1.961443 0.564767 -0.067724 0.820795 0.052413
0.180350 0.046082 1.961385 0.564709 -0.067890 0.820811 0.052576
