x y z qx qy qz qw
-0.050191 0.379707 1.462738 0.700275 -0.016051 0.713413 0.019993
-0.050208 0.379703 1.462753 0.700277 -0.016076 0.713410 0.020007
-0.050225 0.379699 1.462769 0.700278 -0.016100 0.713407 0.020021
-0.050242 0.379695 1.462784 0.700280 -0.016124 0.713405 0.020034
-0.050259 0.379691 1.462798 0.700282 -0.016147 0.713402 0.020047
-0.050275 0.379687 1.462813 0.700283 -0.016169 0.713400 0.020059
-0.050292 0.379684 1.462827 0.700285 -0.016190 0.713397 0.020070
-0.050308 0.379681 1.462841 0.700286 -0.016211 0.713395 0.020081
-0.050324 0.379678 1.462855 0.700288 -0.016231 0.713393 0.020091
-0.050340 0.379675 1.462868 0.700289 -0.016250 0.713391 0.020100
-0.050356 0.379672 1.462882 0.700290 -0.016269 0.713389 0.020109
-0.050371 0.379670 1.462895 0.700292 -0.016287 0.713388 0.020118
-0.050386 0.379667 1.462907 0.700293 -0.016305 0.713386 0.020126
-0.050401 0.379665 1.462920 0.700294 -0.016322 0.713384 0.020134
-0.050416 0.379663 1.462932 0.700295 -0.016339 0.713382 0.020141
-0.050430 0.379660 1.462944 0.700296 -0.016355 0.713381 0.020149
-0.050444 0.379658 1.462956 0.700297 -0.016371 0.713379 0.020155
-0.050464 0.379659 1.462965 0.700286 -0.016391 0.713389 0.020172
-0.050490 0.379663 1.462979 0.700273 -0.016437 0.713401 0.020150
-0.050519 0.379672 1.462995 0.700262 -0.016483 0.713412 0.020114
-0.050553 0.379685 1.463014 0.700253 -0.016526 0.713421 0.020067
-0.050590 0.379700 1.463034 0.700246 -0.016565 0.713429 0.020013
-0.050631 0.379718 1.463056 0.700240 -0.016601 0.713435 0.019952
-0.050674 0.379738 1.463079 0.700236 -0.016632 0.713440 0.019885
-0.050719 0.379759 1.463102 0.700233 -0.016660 0.713445 0.019813
-0.050766 0.379782 1.463127 0.700231 -0.016685 0.713448 0.019738
-0.050815 0.379806 1.463151 0.700230 -0.016707 0.713451 0.019659
-0.050866 0.379832 1.463176 0.700230 -0.016726 0.713453 0.019577
-0.050918 0.379858 1.463200 0.700230 -0.016743 0.713454 0.019494
-0.050971 0.379885 1.463225 0.700231 -0.016757 0.713456 0.019408
-0.051025 0.379912 1.463250 0.700233 -0.016769 0.713456 0.019322
-0.051079 0.379940 1.463274 0.700235 -0.016779 0.713456 0.019235
-0.051134 0.379968 1.463298 0.700237 -0.016787 0.713456 0.019147
-0.051190 0.379996 1.463322 0.700240 -0.016793 0.713456 0.019058
-0.051245 0.380024 1.463345 0.700243 -0.016798 0.713455 0.018970
-0.051301 0.380053 1.463368 0.700247 -0.016801 0.713453 0.018882
-0.051357 0.380081 1.463391 0.700250 -0.016803 0.713452 0.018793
-0.051413 0.380110 1.463413 0.700254 -0.016804 0.713450 0.018706
-0.051468 0.380138 1.463435 0.700259 -0.016803 0.713448 0.018619
-0.051524 0.380166 1.463457 0.700263 -0.016802 0.713446 0.018532
-0.051579 0.380194 1.463478 0.700268 -0.016800 0.713444 0.018447
-0.051634 0.380222 1.463498 0.700273 -0.016797 0.713442 0.018362
-0.051688 0.380249 1.463519 0.700278 -0.016793 0.713439 0.018278
-0.051742 0.380277 1.463538 0.700283 -0.016789 0.713436 0.018196
-0.051796 0.380304 1.463558 0.700288 -0.016784 0.713433 0.018114
-0.051848 0.380330 1.463577 0.700293 -0.016779 0.713430 0.018033
-0.051901 0.380357 1.463595 0.700298 -0.016773 0.713427 0.017954
-0.051952 0.380382 1.463614 0.700304 -0.016767 0.713424 0.017876
-0.052003 0.380408 1.463632 0.700309 -0.016761 0.713421 0.017799
-0.052054 0.380433 1.463649 0.700315 -0.016754 0.713418 0.017723
-0.052104 0.380458 1.463666 0.700320 -0.016747 0.713414 0.017648
-0.052153 0.380483 1.463683 0.700326 -0.016740 0.713411 0.017575
-0.052201 0.380507 1.463700 0.700331 -0.016733 0.713407 0.017503
-0.052249 0.380531 1.463716 0.700336 -0.016725 0.713404 0.017432
-0.052296 0.380554 1.463732 0.700342 -0.016718 0.713401 0.017362
-0.052342 0.380577 1.463747 0.700347 -0.016710 0.713397 0.017294
-0.052387 0.380599 1.463762 0.700352 -0.016702 0.713394 0.017227
-0.052432 0.380617 1.463772 0.700352 -0.016677 0.713395 0.017222
-0.052479 0.380632 1.463770 0.700334 -0.016614 0.713412 0.017284
-0.052527 0.380646 1.463760 0.700309 -0.016536 0.713437 0.017369
-0.052576 0.380659 1.463742 0.700281 -0.016450 0.713464 0.017464
-0.052627 0.380672 1.463718 0.700251 -0.016357 0.713493 0.017562
-0.052678 0.380685 1.463689 0.700221 -0.016259 0.713523 0.017662
-0.052730 0.380698 1.463656 0.700191 -0.016157 0.713552 0.017761
-0.052782 0.380710 1.463620 0.700161 -0.016052 0.713581 0.017860
-0.052835 0.380723 1.463581 0.700131 -0.015945 0.713610 0.017957
-0.052888 0.380736 1.463540 0.700103 -0.015836 0.713638 0.018053
-0.052942 0.380749 1.463498 0.700074 -0.015726 0.713666 0.018147
-0.052996 0.380761 1.463454 0.700047 -0.015615 0.713694 0.018238
-0.053049 0.380774 1.463410 0.700019 -0.015504 0.713720 0.018328
-0.053103 0.380787 1.463365 0.699993 -0.015393 0.713746 0.018415
-0.053157 0.380800 1.463319 0.699967 -0.015282 0.713772 0.018499
-0.053210 0.380813 1.463274 0.699942 -0.015171 0.713797 0.018582
-0.053264 0.380826 1.463229 0.699917 -0.015062 0.713821 0.018662
-0.053317 0.380840 1.463184 0.699893 -0.014953 0.713845 0.018739
-0.053369 0.380853 1.463139 0.699870 -0.014846 0.713868 0.018815
-0.053421 0.380866 1.463094 0.699847 -0.014739 0.713891 0.018888
-0.053473 0.380879 1.463050 0.699825 -0.014634 0.713913 0.018958
-0.053525 0.380892 1.463006 0.699804 -0.014530 0.713934 0.019027
-0.053575 0.380905 1.462963 0.699782 -0.014428 0.713955 0.019093
-0.053626 0.380918 1.462921 0.699762 -0.014327 0.713976 0.019158
-0.053675 0.380931 1.462879 0.699742 -0.014227 0.713996 0.019220
-0.053725 0.380944 1.462838 0.699722 -0.014129 0.714015 0.019280
-0.053773 0.380957 1.462797 0.699703 -0.014033 0.714034 0.019339
-0.053821 0.380970 1.462757 0.699685 -0.013938 0.714053 0.019395
-0.053868 0.380983 1.462718 0.699666 -0.013845 0.714071 0.019450
-0.053915 0.380995 1.462679 0.699649 -0.013753 0.714088 0.019504
-0.053961 0.381008 1.462641 0.699631 -0.013663 0.714106 0.019555
-0.054006 0.381020 1.462603 0.699615 -0.013575 0.714122 0.019606
-0.054050 0.381033 1.462567 0.699598 -0.013488 0.714139 0.019654
-0.054094 0.381045 1.462531 0.699582 -0.013402 0.714155 0.019702
-0.054137 0.381057 1.462495 0.699566 -0.013319 0.714171 0.019747
-0.054180 0.381069 1.462460 0.699551 -0.013237 0.714186 0.019792
-0.054221 0.381080 1.462426 0.699536 -0.013156 0.714201 0.019835
-0.054262 0.381092 1.462392 0.699522 -0.013077 0.714215 0.019877
-0.054303 0.381103 1.462359 0.699507 -0.013000 0.714230 0.019918
-0.054342 0.381115 1.462327 0.699493 -0.012924 0.714243 0.019958
-0.054380 0.381122 1.462300 0.699488 -0.012904 0.714249 0.019968
-0.054421 0.381128 1.462274 0.699478 -0.012915 0.714258 0.019953
-0.054465 0.381134 1.462249 0.699470 -0.012929 0.714267 0.019934
-0.054512 0.381139 1.462223 0.699462 -0.012941 0.714275 0.019912
-0.054563 0.381145 1.462198 0.699455 -0.012951 0.714283 0.019888
-0.054615 0.381152 1.462172 0.699448 -0.012957 0.714290 0.019861
-0.054670 0.381160 1.462147 0.699442 -0.012960 0.714297 0.019832
-0.054727 0.381168 1.462122 0.699436 -0.012960 0.714303 0.019801
-0.054785 0.381177 1.462097 0.699431 -0.012957 0.714309 0.019767
-0.054845 0.381187 1.462072 0.699427 -0.012951 0.714314 0.019731
-0.054907 0.381198 1.462048 0.699423 -0.012942 0.714319 0.019693
-0.054969 0.381209 1.462023 0.699419 -0.012931 0.714324 0.019653
-0.055032 0.381221 1.461999 0.699416 -0.012917 0.714329 0.019612
-0.055096 0.381233 1.461976 0.699414 -0.012901 0.714333 0.019569
-0.055160 0.381246 1.461952 0.699411 -0.012883 0.714336 0.019525
-0.055224 0.381260 1.461929 0.699410 -0.012863 0.714340 0.019480
-0.055289 0.381274 1.461905 0.699408 -0.012842 0.714343 0.019435
-0.055354 0.381288 1.461883 0.699407 -0.012820 0.714346 0.019388
-0.055419 0.381303 1.461860 0.699406 -0.012796 0.714348 0.019341
-0.055483 0.381317 1.461838 0.699405 -0.012772 0.714351 0.019294
-0.055548 0.381332 1.461816 0.699405 -0.012746 0.714353 0.019246
-0.055612 0.381347 1.461794 0.699405 -0.012720 0.714355 0.019198
-0.055676 0.381362 1.461773 0.699405 -0.012693 0.714356 0.019150
-0.055739 0.381378 1.461752 0.699405 -0.012666 0.714358 0.019103
-0.055802 0.381393 1.461732 0.699406 -0.012638 0.714359 0.019055
-0.055864 0.381408 1.461711 0.699406 -0.012610 0.714360 0.019007
-0.055926 0.381423 1.461691 0.699407 -0.012581 0.714361 0.018960
-0.055987 0.381439 1.461671 0.699408 -0.012552 0.714362 0.018913
-0.056047 0.381454 1.461652 0.699409 -0.012523 0.714363 0.018866
-0.056107 0.381469 1.461633 0.699410 -0.012494 0.714363 0.018820
-0.056165 0.381484 1.461614 0.699412 -0.012465 0.714364 0.018774
-0.056224 0.381499 1.461596 0.699413 -0.012436 0.714364 0.018729
-0.056281 0.381513 1.461578 0.699414 -0.012407 0.714364 0.018684
-0.056337 0.381528 1.461560 0.699416 -0.012378 0.714364 0.018640
-0.056393 0.381542 1.461542 0.699418 -0.012350 0.714365 0.018596
-0.056448 0.381556 1.461525 0.699419 -0.012321 0.714365 0.018554
-0.056502 0.381570 1.461508 0.699421 -0.012293 0.714365 0.018511
-0.056555 0.381584 1.461492 0.699423 -0.012265 0.714364 0.018470
-0.056607 0.381598 1.461475 0.699424 -0.012237 0.714364 0.018429
-0.056659 0.381611 1.461459 0.699426 -0.012210 0.714364 0.018388
-0.056703 0.381619 1.461445 0.699426 -0.012203 0.714364 0.018397
-0.056742 0.381618 1.461426 0.699437 -0.012232 0.714351 0.018442
-0.056775 0.381612 1.461404 0.699455 -0.012285 0.714332 0.018502
-0.056805 0.381603 1.461379 0.699476 -0.012352 0.714308 0.018570
-0.056832 0.381591 1.461352 0.699498 -0.012428 0.714283 0.018643
-0.056855 0.381578 1.461325 0.699521 -0.012507 0.714257 0.018719
-0.056877 0.381564 1.461297 0.699544 -0.012589 0.714231 0.018798
-0.056896 0.381549 1.461269 0.699566 -0.012671 0.714206 0.018878
-0.056913 0.381534 1.461240 0.699587 -0.012753 0.714182 0.018958
-0.056928 0.381518 1.461211 0.699607 -0.012834 0.714159 0.019040
-0.056942 0.381501 1.461183 0.699626 -0.012914 0.714137 0.019122
-0.056954 0.381484 1.461154 0.699644 -0.012994 0.714115 0.019204
-0.056965 0.381468 1.461126 0.699661 -0.013073 0.714095 0.019286
-0.056975 0.381451 1.461098 0.699678 -0.013150 0.714075 0.019368
-0.056983 0.381434 1.461070 0.699693 -0.013226 0.714056 0.019449
-0.056991 0.381417 1.461042 0.699708 -0.013300 0.714038 0.019530
-0.056998 0.381400 1.461015 0.699723 -0.013374 0.714020 0.019610
-0.057003 0.381383 1.460989 0.699736 -0.013446 0.714003 0.019689
-0.057008 0.381367 1.460962 0.699750 -0.013517 0.713987 0.019768
-0.057013 0.381350 1.460936 0.699762 -0.013587 0.713971 0.019846
-0.057017 0.381334 1.460911 0.699775 -0.013655 0.713955 0.019922
-0.057020 0.381318 1.460885 0.699786 -0.013722 0.713940 0.019998
-0.057023 0.381302 1.460861 0.699798 -0.013788 0.713926 0.020072
-0.057025 0.381286 1.460836 0.699809 -0.013852 0.713912 0.020146
-0.057027 0.381270 1.460813 0.699819 -0.013915 0.713898 0.020218
-0.057029 0.381255 1.460789 0.699830 -0.013977 0.713885 0.020289
-0.057030 0.381240 1.460766 0.699840 -0.014038 0.713871 0.020359
-0.057031 0.381225 1.460743 0.699850 -0.014097 0.713859 0.020427
-0.057032 0.381211 1.460721 0.699859 -0.014155 0.713846 0.020494
-0.057032 0.381197 1.460699 0.699869 -0.014211 0.713834 0.020560
-0.057033 0.381183 1.460678 0.699878 -0.014267 0.713822 0.020625
-0.057033 0.381169 1.460657 0.699887 -0.014321 0.713811 0.020689
-0.057033 0.381156 1.460636 0.699895 -0.014374 0.713799 0.020751
-0.057034 0.381143 1.460616 0.699904 -0.014425 0.713788 0.020812
-0.057034 0.381130 1.460596 0.699912 -0.014476 0.713777 0.020871
-0.057033 0.381118 1.460576 0.699920 -0.014525 0.713767 0.020930
-0.057033 0.381106 1.460557 0.699928 -0.014573 0.713757 0.020987
-0.057033 0.381094 1.460538 0.699935 -0.014620 0.713746 0.021043
-0.057033 0.381082 1.460520 0.699943 -0.014666 0.713737 0.021098
-0.057033 0.381071 1.460502 0.699950 -0.014710 0.713727 0.021151
-0.057030 0.381055 1.460482 0.699925 -0.014809 0.713747 0.021239
-0.057021 0.381037 1.460465 0.699902 -0.014958 0.713764 0.021302
-0.057007 0.381017 1.460452 0.699883 -0.015123 0.713777 0.021363
-0.056990 0.380995 1.460442 0.699867 -0.015296 0.713788 0.021424
-0.056969 0.380972 1.460435 0.699851 -0.015475 0.713798 0.021487
-0.056945 0.380948 1.460430 0.699836 -0.015657 0.713807 0.021551
-0.056919 0.380924 1.460426 0.699821 -0.015841 0.713816 0.021616
-0.056890 0.380899 1.460424 0.699806 -0.016025 0.713824 0.021682
-0.056859 0.380874 1.460424 0.699791 -0.016209 0.713833 0.021749
-0.056826 0.380848 1.460424 0.699776 -0.016393 0.713841 0.021816
-0.056791 0.380823 1.460426 0.699761 -0.016575 0.713849 0.021884
-0.056755 0.380797 1.460428 0.699746 -0.016757 0.713858 0.021953
-0.056718 0.380771 1.460431 0.699731 -0.016936 0.713866 0.022022
-0.056680 0.380745 1.460434 0.699716 -0.017114 0.713874 0.022091
-0.056641 0.380718 1.460438 0.699701 -0.017290 0.713883 0.022161
-0.056601 0.380692 1.460442 0.699686 -0.017463 0.713891 0.022230
-0.056561 0.380666 1.460446 0.699672 -0.017635 0.713898 0.022299
-0.056521 0.380640 1.460450 0.699658 -0.017803 0.713906 0.022369
-0.056480 0.380614 1.460455 0.699643 -0.017970 0.713914 0.022438
-0.056439 0.380589 1.460459 0.699630 -0.018133 0.713921 0.022506
-0.056399 0.380564 1.460464 0.699616 -0.018294 0.713928 0.022574
-0.056358 0.380539 1.460469 0.699603 -0.018453 0.713935 0.022641
-0.056317 0.380514 1.460474 0.699589 -0.018608 0.713942 0.022708
-0.056276 0.380489 1.460478 0.699577 -0.018761 0.713948 0.022774
-0.056236 0.380465 1.460483 0.699564 -0.018911 0.713954 0.022840
-0.056196 0.380441 1.460488 0.699552 -0.019058 0.713960 0.022904
-0.056157 0.380418 1.460492 0.699540 -0.019202 0.713966 0.022968
-0.056117 0.380395 1.460497 0.699528 -0.019344 0.713972 0.023030
-0.056079 0.380372 1.460502 0.699517 -0.019482 0.713977 0.023092
-0.056040 0.380350 1.460506 0.699506 -0.019618 0.713982 0.023153
-0.056003 0.380328 1.460511 0.699495 -0.019751 0.713987 0.023212
-0.055966 0.380307 1.460515 0.699484 -0.019881 0.713992 0.023271
-0.055929 0.380286 1.460520 0.699474 -0.020009 0.713997 0.023328
-0.055893 0.380266 1.460524 0.699464 -0.020134 0.714001 0.023385
-0.055858 0.380246 1.460528 0.699454 -0.020256 0.714005 0.023440
-0.055823 0.380226 1.460532 0.699445 -0.020375 0.714010 0.023494
-0.055789 0.380207 1.460536 0.699436 -0.020492 0.714013 0.023547
-0.055755 0.380188 1.460540 0.699427 -0.020606 0.714017 0.023599
-0.055722 0.380170 1.460544 0.699418 -0.020718 0.714021 0.023650
-0.055690 0.380152 1.460548 0.699410 -0.020827 0.714024 0.023700
-0.055655 0.380123 1.460522 0.699360 -0.021021 0.714061 0.023882
-0.055616 0.380091 1.460466 0.699292 -0.021222 0.714113 0.024132
-0.055574 0.380060 1.460385 0.699221 -0.021413 0.714168 0.024418
-0.055530 0.380029 1.460285 0.699150 -0.021591 0.714221 0.024721
-0.055483 0.379998 1.460169 0.699080 -0.021755 0.714274 0.025034
-0.055435 0.379967 1.460040 0.699010 -0.021907 0.714326 0.025353
-0.055385 0.379936 1.459902 0.698941 -0.022046 0.714378 0.025675
-0.055333 0.379904 1.459757 0.698873 -0.022175 0.714429 0.026000
-0.055281 0.379873 1.459606 0.698804 -0.022295 0.714480 0.026325
-0.055228 0.379841 1.459451 0.698737 -0.022407 0.714531 0.026650
-0.055174 0.379809 1.459293 0.698670 -0.022513 0.714581 0.026974
-0.055120 0.379777 1.459133 0.698603 -0.022612 0.714631 0.027297
-0.055065 0.379745 1.458973 0.698538 -0.022706 0.714680 0.027618
-0.055010 0.379713 1.458812 0.698473 -0.022796 0.714728 0.027936
-0.054956 0.379681 1.458651 0.698409 -0.022882 0.714775 0.028250
-0.054901 0.379649 1.458491 0.698346 -0.022964 0.714821 0.028561
-0.054847 0.379617 1.458333 0.698284 -0.023043 0.714867 0.028867
-0.054793 0.379585 1.458175 0.698224 -0.023119 0.714911 0.029170
-0.054740 0.379554 1.458019 0.698165 -0.023192 0.714955 0.029467
-0.054688 0.379523 1.457865 0.698106 -0.023263 0.714997 0.029760
-0.054635 0.379493 1.457713 0.698050 -0.023331 0.715038 0.030048
-0.054584 0.379463 1.457563 0.697994 -0.023397 0.715078 0.030330
-0.054533 0.379433 1.457416 0.697939 -0.023461 0.715118 0.030608
-0.054483 0.379404 1.457270 0.697886 -0.023523 0.715156 0.030880
-0.054434 0.379376 1.457127 0.697834 -0.023582 0.715193 0.031147
-0.054386 0.379349 1.456986 0.697783 -0.023640 0.715229 0.031409
-0.054339 0.379322 1.456847 0.697734 -0.023696 0.715265 0.031665
-0.054293 0.379296 1.456711 0.697685 -0.023750 0.715299 0.031916
-0.054247 0.379270 1.456577 0.697638 -0.023802 0.715332 0.032161
-0.054203 0.379245 1.456446 0.697592 -0.023852 0.715365 0.032401
-0.054159 0.379221 1.456317 0.697547 -0.023901 0.715397 0.032636
-0.054117 0.379197 1.456190 0.697503 -0.023948 0.715428 0.032866
-0.054075 0.379174 1.456065 0.697460 -0.023993 0.715458 0.033091
-0.054034 0.379152 1.455943 0.697418 -0.024036 0.715487 0.033311
-0.053994 0.379130 1.455823 0.697377 -0.024079 0.715515 0.033526
-0.053956 0.379110 1.455705 0.697337 -0.024119 0.715543 0.033736
-0.053918 0.379089 1.455589 0.697298 -0.024158 0.715570 0.033941
-0.053881 0.379070 1.455476 0.697260 -0.024196 0.715596 0.034141
-0.053845 0.379051 1.455364 0.697223 -0.024232 0.715622 0.034337
-0.053809 0.379032 1.455255 0.697187 -0.024267 0.715646 0.034528
-0.053771 0.379001 1.455118 0.697132 -0.024477 0.715678 0.034811
-0.053728 0.378965 1.454964 0.697089 -0.024705 0.715695 0.035171
-0.053682 0.378929 1.454798 0.697056 -0.024947 0.715700 0.035554
-0.053634 0.378894 1.454623 0.697030 -0.025194 0.715698 0.035942
-0.053584 0.378859 1.454441 0.697009 -0.025439 0.715690 0.036329
-0.053533 0.378826 1.454256 0.696990 -0.025680 0.715680 0.036713
-0.053481 0.378793 1.454068 0.696973 -0.025913 0.715668 0.037093
-0.053428 0.378761 1.453879 0.696957 -0.026139 0.715657 0.037468
-0.053374 0.378729 1.453689 0.696940 -0.026357 0.715645 0.037838
-0.053321 0.378699 1.453500 0.696924 -0.026569 0.715634 0.038204
-0.053267 0.378668 1.453311 0.696907 -0.026773 0.715623 0.038564
-0.053213 0.378638 1.453123 0.696890 -0.026971 0.715613 0.038919
-0.053159 0.378609 1.452937 0.696872 -0.027163 0.715604 0.039269
-0.053105 0.378580 1.452753 0.696855 -0.027349 0.715595 0.039613
-0.053052 0.378552 1.452571 0.696838 -0.027529 0.715586 0.039952
-0.052999 0.378523 1.452391 0.696820 -0.027705 0.715578 0.040285
-0.052946 0.378496 1.452214 0.696803 -0.027875 0.715570 0.040613
-0.052894 0.378469 1.452039 0.696785 -0.028040 0.715562 0.040934
-0.052843 0.378443 1.451867 0.696768 -0.028201 0.715554 0.041250
-0.052792 0.378417 1.451698 0.696751 -0.028358 0.715546 0.041560
-0.052742 0.378391 1.451531 0.696735 -0.028509 0.715539 0.041864
-0.052693 0.378367 1.451367 0.696718 -0.028657 0.715531 0.042161
-0.052645 0.378343 1.451205 0.696702 -0.028801 0.715524 0.042453
-0.052597 0.378319 1.451047 0.696687 -0.028940 0.715516 0.042739
-0.052550 0.378297 1.450891 0.696671 -0.029076 0.715509 0.043020
-0.052505 0.378275 1.450737 0.696656 -0.029208 0.715502 0.043294
-0.052460 0.378253 1.450587 0.696642 -0.029336 0.715494 0.043562
-0.052416 0.378233 1.450439 0.696628 -0.029460 0.715487 0.043825
-0.052374 0.378212 1.450294 0.696614 -0.029581 0.715479 0.044082
-0.052332 0.378193 1.450151 0.696601 -0.029699 0.715472 0.044334
-0.052291 0.378174 1.450011 0.696588 -0.029813 0.715465 0.044580
-0.052251 0.378156 1.449873 0.696575 -0.029923 0.715457 0.044820
-0.052212 0.378139 1.449738 0.696563 -0.030030 0.715450 0.045055
-0.052174 0.378122 1.449606 0.696551 -0.030134 0.715442 0.045285
-0.052138 0.378106 1.449476 0.696540 -0.030235 0.715435 0.045510
-0.052102 0.378091 1.449348 0.696529 -0.030333 0.715427 0.045730
-0.052067 0.378076 1.449222 0.696518 -0.030428 0.715420 0.045944
-0.052033 0.378062 1.449099 0.696508 -0.030520 0.715412 0.046154
-0.052000 0.378049 1.448978 0.696498 -0.030609 0.715405 0.046358
-0.051968 0.378036 1.448860 0.696489 -0.030695 0.715398 0.046558
-0.051933 0.378016 1.448698 0.696431 -0.031012 0.715421 0.046846
-0.051893 0.377989 1.448503 0.696388 -0.031377 0.715423 0.047215
-0.051851 0.377960 1.448284 0.696360 -0.031761 0.715407 0.047616
-0.051805 0.377931 1.448045 0.696343 -0.032146 0.715379 0.048028
-0.051759 0.377902 1.447793 0.696332 -0.032524 0.715344 0.048444
-0.051711 0.377873 1.447530 0.696326 -0.032890 0.715305 0.048860
-0.051662 0.377846 1.447260 0.696322 -0.033241 0.715264 0.049274
-0.051612 0.377818 1.446985 0.696318 -0.033579 0.715224 0.049686
-0.051562 0.377791 1.446707 0.696314 -0.033903 0.715184 0.050095
-0.051511 0.377764 1.446427 0.696309 -0.034213 0.715145 0.050501
-0.051461 0.377737 1.446147 0.696304 -0.034512 0.715107 0.050903
-0.051410 0.377710 1.445867 0.696298 -0.034799 0.715071 0.051300
-0.051360 0.377684 1.445588 0.696292 -0.035075 0.715035 0.051693
-0.051310 0.377657 1.445312 0.696285 -0.035342 0.715000 0.052081
-0.051261 0.377631 1.445037 0.696278 -0.035599 0.714967 0.052463
-0.051212 0.377606 1.444766 0.696270 -0.035848 0.714934 0.052840
-0.051164 0.377580 1.444497 0.696263 -0.036089 0.714902 0.053211
-0.051116 0.377555 1.444232 0.696255 -0.036322 0.714870 0.053576
-0.051069 0.377531 1.443970 0.696247 -0.036547 0.714839 0.053935
-0.051023 0.377507 1.443712 0.696239 -0.036766 0.714809 0.054288
-0.050978 0.377483 1.443458 0.696231 -0.036978 0.714779 0.054634
-0.050933 0.377460 1.443208 0.696224 -0.037183 0.714750 0.054974
-0.050890 0.377438 1.442962 0.696216 -0.037382 0.714721 0.055307
-0.050848 0.377416 1.442719 0.696209 -0.037574 0.714693 0.055634
-0.050806 0.377395 1.442481 0.696202 -0.037761 0.714665 0.055954
-0.050766 0.377375 1.442247 0.696195 -0.037942 0.714637 0.056268
-0.050727 0.377356 1.442016 0.696189 -0.038118 0.714610 0.056575
-0.050688 0.377337 1.441790 0.696182 -0.038288 0.714583 0.056876
-0.050651 0.377319 1.441568 0.696176 -0.038453 0.714557 0.057170
-0.050615 0.377301 1.441349 0.696170 -0.038612 0.714531 0.057458
-0.050580 0.377285 1.441135 0.696165 -0.038767 0.714505 0.057740
-0.050546 0.377269 1.440924 0.696159 -0.038917 0.714480 0.058015
-0.050513 0.377253 1.440717 0.696154 -0.039062 0.714455 0.058285
-0.050481 0.377239 1.440514 0.696149 -0.039203 0.714431 0.058549
-0.050450 0.377225 1.440315 0.696145 -0.039339 0.714407 0.058806
-0.050420 0.377212 1.440119 0.696140 -0.039471 0.714383 0.059058
-0.050391 0.377200 1.439927 0.696136 -0.039598 0.714359 0.059304
-0.050363 0.377188 1.439738 0.696132 -0.039721 0.714336 0.059545
-0.050336 0.377177 1.439553 0.696129 -0.039841 0.714314 0.059780
-0.050310 0.377166 1.439371 0.696125 -0.039956 0.714291 0.060010
-0.050282 0.377156 1.439148 0.696033 -0.040301 0.714330 0.060388
-0.050253 0.377158 1.438887 0.695939 -0.040673 0.714358 0.060890
-0.050222 0.377176 1.438597 0.695864 -0.041050 0.714364 0.061423
-0.050191 0.377205 1.438285 0.695810 -0.041418 0.714349 0.061954
-0.050157 0.377245 1.437958 0.695772 -0.041771 0.714320 0.062473
-0.050123 0.377292 1.437621 0.695747 -0.042105 0.714281 0.062977
-0.050088 0.377344 1.437277 0.695730 -0.042422 0.714235 0.063467
-0.050051 0.377399 1.436928 0.695719 -0.042722 0.714186 0.063945
-0.050014 0.377457 1.436577 0.695711 -0.043007 0.714134 0.064413
-0.049976 0.377516 1.436226 0.695706 -0.043277 0.714081 0.064871
-0.049938 0.377575 1.435875 0.695702 -0.043535 0.714028 0.065321
-0.049899 0.377634 1.435527 0.695699 -0.043782 0.713976 0.065762
-0.049859 0.377693 1.435181 0.695697 -0.044019 0.713923 0.066196
-0.049820 0.377751 1.434838 0.695695 -0.044246 0.713871 0.066623
-0.049780 0.377808 1.434499 0.695694 -0.044466 0.713820 0.067043
-0.049741 0.377865 1.434164 0.695692 -0.044677 0.713769 0.067455
-0.049701 0.377920 1.433834 0.695691 -0.044881 0.713719 0.067860
-0.049662 0.377975 1.433508 0.695689 -0.045079 0.713670 0.068259
-0.049623 0.378028 1.433187 0.695688 -0.045270 0.713622 0.068650
-0.049585 0.378081 1.432872 0.695687 -0.045454 0.713574 0.069034
-0.049547 0.378133 1.432560 0.695685 -0.045633 0.713527 0.069411
-0.049510 0.378184 1.432254 0.695684 -0.045806 0.713481 0.069781
-0.049473 0.378234 1.431954 0.695683 -0.045974 0.713436 0.070144
-0.049436 0.378284 1.431658 0.695682 -0.046136 0.713392 0.070500
-0.049401 0.378333 1.431367 0.695681 -0.046294 0.713348 0.070849
-0.049366 0.378381 1.431081 0.695680 -0.046446 0.713305 0.071190
-0.049332 0.378428 1.430800 0.695680 -0.046593 0.713262 0.071525
-0.049298 0.378475 1.430524 0.695679 -0.046736 0.713221 0.071854
-0.049266 0.378521 1.430253 0.695679 -0.046874 0.713179 0.072175
-0.049234 0.378567 1.429987 0.695678 -0.047008 0.713139 0.072489
-0.049203 0.378613 1.429726 0.695678 -0.047137 0.713099 0.072798
-0.049173 0.378658 1.429469 0.695678 -0.047262 0.713060 0.073099
-0.049143 0.378702 1.429216 0.695678 -0.047383 0.713022 0.073394
-0.049115 0.378746 1.428969 0.695678 -0.047500 0.712984 0.073683
-0.049087 0.378789 1.428726 0.695679 -0.047613 0.712947 0.073965
-0.049060 0.378832 1.428487 0.695679 -0.047722 0.712910 0.074241
-0.049034 0.378875 1.428252 0.695680 -0.047827 0.712874 0.074512
-0.049008 0.378917 1.428022 0.695681 -0.047929 0.712839 0.074776
-0.048984 0.378959 1.427796 0.695682 -0.048027 0.712804 0.075034
-0.048960 0.379001 1.427574 0.695684 -0.048121 0.712770 0.075287
-0.048932 0.379035 1.427314 0.695614 -0.048477 0.712777 0.075629
-0.048898 0.379073 1.427021 0.695568 -0.048889 0.712749 0.076050
-0.048859 0.379119 1.426706 0.695550 -0.049325 0.712690 0.076489
-0.048816 0.379171 1.426375 0.695553 -0.049766 0.712609 0.076927
-0.048768 0.379227 1.426033 0.695572 -0.050201 0.712514 0.077356
-0.048716 0.379288 1.425684 0.695601 -0.050626 0.712409 0.077776
-0.048661 0.379350 1.425331 0.695636 -0.051038 0.712301 0.078188
-0.048604 0.379413 1.424976 0.695675 -0.051436 0.712190 0.078592
-0.048543 0.379477 1.424621 0.695714 -0.051823 0.712079 0.078991
-0.048480 0.379540 1.424267 0.695755 -0.052196 0.711968 0.079385
-0.048416 0.379602 1.423916 0.695795 -0.052559 0.711859 0.079774
-0.048349 0.379662 1.423567 0.695834 -0.052911 0.711751 0.080159
-0.048282 0.379721 1.423222 0.695872 -0.053253 0.711646 0.080540
-0.048213 0.379779 1.422880 0.695909 -0.053586 0.711542 0.080916
-0.048143 0.379835 1.422543 0.695945 -0.053910 0.711440 0.081289
-0.048073 0.379890 1.422211 0.695980 -0.054225 0.711339 0.081657
-0.048003 0.379943 1.421883 0.696014 -0.054533 0.711241 0.082021
-0.047932 0.379994 1.421560 0.696046 -0.054833 0.711145 0.082380
-0.047862 0.380044 1.421242 0.696078 -0.055125 0.711050 0.082735
-0.047791 0.380093 1.420929 0.696109 -0.055410 0.710957 0.083085
-0.047721 0.380141 1.420622 0.696139 -0.055687 0.710865 0.083429
-0.047652 0.380187 1.420319 0.696168 -0.055958 0.710775 0.083769
-0.047583 0.380233 1.420022 0.696196 -0.056222 0.710687 0.084104
-0.047515 0.380277 1.419729 0.696224 -0.056479 0.710600 0.084433
-0.047447 0.380321 1.419442 0.696252 -0.056730 0.710515 0.084756
-0.047381 0.380364 1.419160 0.696278 -0.056974 0.710431 0.085075
-0.047315 0.380406 1.418882 0.696305 -0.057212 0.710349 0.085387
-0.047250 0.380447 1.418610 0.696330 -0.057444 0.710268 0.085694
-0.047187 0.380488 1.418342 0.696356 -0.057669 0.710189 0.085996
-0.047125 0.380528 1.418080 0.696380 -0.057889 0.710111 0.086292
-0.047063 0.380568 1.417822 0.696405 -0.058102 0.710034 0.086582
-0.047003 0.380607 1.417568 0.696429 -0.058310 0.709959 0.086867
-0.046944 0.380646 1.417320 0.696452 -0.058512 0.709884 0.087146
-0.046887 0.380684 1.417076 0.696476 -0.058708 0.709812 0.087420
-0.046830 0.380722 1.416836 0.696499 -0.058899 0.709740 0.087688
-0.046775 0.380759 1.416600 0.696521 -0.059085 0.709670 0.087951
-0.046721 0.380797 1.416369 0.696544 -0.059265 0.709601 0.088208
-0.046668 0.380833 1.416143 0.696566 -0.059440 0.709534 0.088460
-0.046617 0.380870 1.415920 0.696587 -0.059610 0.709467 0.088707
-0.046567 0.380906 1.415702 0.696609 -0.059775 0.709402 0.088949
-0.046517 0.380948 1.415434 0.696567 -0.060172 0.709372 0.089246
-0.046468 0.381000 1.415126 0.696516 -0.060639 0.709341 0.089575
-0.046419 0.381064 1.414783 0.696483 -0.061103 0.709290 0.089921
-0.046370 0.381137 1.414416 0.696471 -0.061548 0.709219 0.090266
-0.046319 0.381217 1.414030 0.696477 -0.061971 0.709133 0.090605
-0.046268 0.381301 1.413630 0.696495 -0.062371 0.709038 0.090935
-0.046216 0.381387 1.413222 0.696522 -0.062749 0.708937 0.091259
-0.046163 0.381475 1.412808 0.696555 -0.063107 0.708832 0.091576
-0.046110 0.381562 1.412390 0.696591 -0.063446 0.708725 0.091889
-0.046057 0.381649 1.411971 0.696630 -0.063770 0.708618 0.092199
-0.046004 0.381735 1.411553 0.696671 -0.064079 0.708510 0.092505
-0.045950 0.381819 1.411136 0.696712 -0.064375 0.708403 0.092808
-0.045897 0.381902 1.410722 0.696753 -0.064658 0.708297 0.093108
-0.045844 0.381982 1.410311 0.696794 -0.064931 0.708193 0.093406
-0.045791 0.382061 1.409905 0.696835 -0.065194 0.708089 0.093700
-0.045739 0.382138 1.409503 0.696876 -0.065448 0.707987 0.093991
-0.045688 0.382213 1.409106 0.696916 -0.065693 0.707887 0.094279
-0.045637 0.382287 1.408715 0.696955 -0.065930 0.707788 0.094564
-0.045587 0.382359 1.408328 0.696994 -0.066159 0.707691 0.094845
-0.045537 0.382429 1.407948 0.697032 -0.066380 0.707595 0.095122
-0.045489 0.382498 1.407574 0.697070 -0.066594 0.707501 0.095395
-0.045441 0.382565 1.407205 0.697107 -0.066802 0.707409 0.095664
-0.045394 0.382631 1.406843 0.697143 -0.067003 0.707318 0.095929
-0.045348 0.382696 1.406486 0.697179 -0.067198 0.707229 0.096190
-0.045303 0.382760 1.406136 0.697214 -0.067386 0.707142 0.096446
-0.045259 0.382822 1.405791 0.697249 -0.067569 0.707056 0.096698
-0.045216 0.382884 1.405453 0.697283 -0.067745 0.706972 0.096946
-0.045174 0.382944 1.405120 0.697316 -0.067916 0.706889 0.097189
-0.045133 0.383004 1.404793 0.697349 -0.068082 0.706808 0.097428
-0.045093 0.383063 1.404472 0.697381 -0.068242 0.706728 0.097662
-0.045053 0.383121 1.404157 0.697413 -0.068397 0.706650 0.097892
-0.045015 0.383178 1.403847 0.697444 -0.068547 0.706574 0.098117
-0.044978 0.383234 1.403543 0.697474 -0.068692 0.706499 0.098339
-0.044942 0.383290 1.403245 0.697505 -0.068833 0.706425 0.098556
-0.044907 0.383345 1.402952 0.697534 -0.068968 0.706353 0.098768
-0.044872 0.383399 1.402664 0.697563 -0.069099 0.706282 0.098977
-0.044839 0.383452 1.402382 0.697592 -0.069226 0.706213 0.099181
-0.044807 0.383505 1.402104 0.697620 -0.069349 0.706145 0.099381
-0.044775 0.383557 1.401832 0.697648 -0.069467 0.706078 0.099577
-0.044744 0.383609 1.401565 0.697675 -0.069581 0.706013 0.099769
-0.044710 0.383675 1.401246 0.697694 -0.069881 0.705929 0.100020
-0.044666 0.383760 1.400883 0.697758 -0.070216 0.705795 0.100283
-0.044612 0.383859 1.400486 0.697860 -0.070555 0.705623 0.100542
-0.044548 0.383969 1.400066 0.697992 -0.070886 0.705425 0.100791
-0.044475 0.384085 1.399629 0.698142 -0.071206 0.705209 0.101032
-0.044394 0.384204 1.399182 0.698304 -0.071513 0.704984 0.101267
-0.044305 0.384323 1.398729 0.698472 -0.071808 0.704754 0.101500
-0.044210 0.384442 1.398272 0.698643 -0.072093 0.704522 0.101734
-0.044108 0.384558 1.397814 0.698813 -0.072368 0.704291 0.101970
-0.044001 0.384671 1.397357 0.698981 -0.072635 0.704062 0.102208
-0.043889 0.384781 1.396902 0.699147 -0.072895 0.703835 0.102451
-0.043773 0.384886 1.396451 0.699308 -0.073149 0.703612 0.102697
-0.043654 0.384987 1.396005 0.699466 -0.073398 0.703393 0.102947
-0.043531 0.385083 1.395563 0.699620 -0.073642 0.703178 0.103200
-0.043406 0.385176 1.395128 0.699769 -0.073883 0.702966 0.103457
-0.043279 0.385264 1.394698 0.699914 -0.074119 0.702759 0.103716
-0.043151 0.385348 1.394274 0.700055 -0.074351 0.702555 0.103977
-0.043021 0.385429 1.393857 0.700192 -0.074580 0.702356 0.104240
-0.042890 0.385507 1.393447 0.700325 -0.074805 0.702160 0.104503
-0.042759 0.385581 1.393043 0.700454 -0.075026 0.701968 0.104768
-0.042628 0.385652 1.392646 0.700579 -0.075244 0.701780 0.105032
-0.042497 0.385720 1.392256 0.700701 -0.075458 0.701596 0.105297
-0.042366 0.385786 1.391872 0.700820 -0.075668 0.701415 0.105560
-0.042235 0.385849 1.391496 0.700936 -0.075874 0.701237 0.105822
-0.042106 0.385910 1.391126 0.701048 -0.076077 0.701064 0.106083
-0.041977 0.385969 1.390763 0.701157 -0.076276 0.700893 0.106342
-0.041849 0.386026 1.390407 0.701264 -0.076471 0.700726 0.106599
-0.041722 0.386081 1.390057 0.701368 -0.076662 0.700563 0.106854
-0.041597 0.386135 1.389714 0.701469 -0.076849 0.700403 0.107107
-0.041473 0.386187 1.389377 0.701568 -0.077032 0.700245 0.107356
-0.041351 0.386237 1.389046 0.701664 -0.077211 0.700091 0.107603
-0.041230 0.386287 1.388721 0.701758 -0.077386 0.699941 0.107847
-0.041111 0.386335 1.388403 0.701849 -0.077557 0.699793 0.108087
-0.040993 0.386382 1.388091 0.701938 -0.077724 0.699648 0.108325
-0.040878 0.386427 1.387784 0.702026 -0.077887 0.699506 0.108559
-0.040764 0.386472 1.387483 0.702111 -0.078046 0.699367 0.108789
-0.040652 0.386516 1.387188 0.702194 -0.078201 0.699231 0.109016
-0.040541 0.386559 1.386898 0.702275 -0.078352 0.699098 0.109240
-0.040433 0.386601 1.386614 0.702354 -0.078499 0.698967 0.109460
-0.040327 0.386643 1.386336 0.702431 -0.078642 0.698839 0.109677
-0.040226 0.386701 1.386015 0.702447 -0.078999 0.698743 0.109934
-0.040130 0.386782 1.385663 0.702474 -0.079407 0.698627 0.110204
-0.040035 0.386883 1.385289 0.702533 -0.079817 0.698480 0.110467
-0.039941 0.386999 1.384899 0.702620 -0.080213 0.698307 0.110712
-0.039848 0.387126 1.384500 0.702731 -0.080593 0.698116 0.110937
-0.039755 0.387262 1.384095 0.702858 -0.080956 0.697914 0.111144
-0.039662 0.387402 1.383687 0.702996 -0.081303 0.697704 0.111337
-0.039569 0.387546 1.383279 0.703140 -0.081634 0.697490 0.111519
-0.039477 0.387691 1.382873 0.703289 -0.081952 0.697276 0.111694
-0.039386 0.387836 1.382470 0.703439 -0.082257 0.697062 0.111862
-0.039294 0.387981 1.382072 0.703589 -0.082551 0.696849 0.112026
-0.039204 0.388124 1.381677 0.703738 -0.082835 0.696639 0.112186
-0.039114 0.388265 1.381288 0.703886 -0.083109 0.696431 0.112344
-0.039024 0.388404 1.380905 0.704031 -0.083376 0.696227 0.112500
-0.038936 0.388541 1.380527 0.704175 -0.083634 0.696026 0.112655
-0.038848 0.388675 1.380156 0.704315 -0.083885 0.695829 0.112808
-0.038761 0.388807 1.379790 0.704453 -0.084129 0.695635 0.112960
-0.038675 0.388936 1.379431 0.704588 -0.084366 0.695445 0.113110
-0.038591 0.389063 1.379077 0.704720 -0.084597 0.695259 0.113260
-0.038507 0.389187 1.378730 0.704850 -0.084822 0.695076 0.113408
-0.038424 0.389309 1.378389 0.704977 -0.085040 0.694897 0.113555
-0.038343 0.389428 1.378054 0.705100 -0.085253 0.694721 0.113700
-0.038263 0.389546 1.377725 0.705222 -0.085460 0.694549 0.113844
-0.038184 0.389661 1.377403 0.705340 -0.085662 0.694381 0.113987
-0.038106 0.389773 1.377086 0.705456 -0.085858 0.694216 0.114128
-0.038029 0.389884 1.376774 0.705569 -0.086049 0.694054 0.114267
-0.037954 0.389993 1.376469 0.705680 -0.086235 0.693896 0.114405
-0.037880 0.390100 1.376169 0.705788 -0.086415 0.693741 0.114541
-0.037808 0.390204 1.375875 0.705894 -0.086591 0.693589 0.114676
-0.037736 0.390307 1.375586 0.705998 -0.086762 0.693440 0.114808
-0.037666 0.390408 1.375302 0.706099 -0.086928 0.693294 0.114939
-0.037598 0.390507 1.375024 0.706198 -0.087090 0.693151 0.115068
-0.037530 0.390605 1.374751 0.706295 -0.087247 0.693011 0.115196
-0.037464 0.390701 1.374483 0.706390 -0.087399 0.692875 0.115321
-0.037399 0.390795 1.374220 0.706483 -0.087548 0.692740 0.115445
-0.037336 0.390888 1.373962 0.706574 -0.087692 0.692609 0.115567
-0.037274 0.390979 1.373708 0.706663 -0.087832 0.692480 0.115687
-0.037213 0.391068 1.373460 0.706750 -0.087967 0.692355 0.115805
-0.037153 0.391156 1.373216 0.706836 -0.088099 0.692231 0.115922
-0.037094 0.391243 1.372977 0.706919 -0.088227 0.692110 0.116036
-0.037033 0.391346 1.372696 0.706925 -0.088503 0.692046 0.116176
-0.036970 0.391470 1.372383 0.706949 -0.088751 0.691956 0.116371
-0.036906 0.391611 1.372045 0.707000 -0.088981 0.691841 0.116569
-0.036839 0.391763 1.371689 0.707076 -0.089195 0.691705 0.116754
-0.036768 0.391923 1.371321 0.707172 -0.089393 0.691553 0.116925
-0.036695 0.392087 1.370946 0.707281 -0.089577 0.691390 0.117085
-0.036620 0.392253 1.370566 0.707399 -0.089750 0.691221 0.117237
-0.036542 0.392419 1.370185 0.707523 -0.089912 0.691048 0.117384
-0.036462 0.392584 1.369804 0.707650 -0.090067 0.690874 0.117528
-0.036380 0.392747 1.369425 0.707778 -0.090214 0.690699 0.117670
-0.036297 0.392906 1.369049 0.707906 -0.090356 0.690525 0.117812
-0.036212 0.393062 1.368676 0.708033 -0.090493 0.690353 0.117955
-0.036126 0.393215 1.368308 0.708158 -0.090626 0.690182 0.118098
-0.036039 0.393363 1.367944 0.708282 -0.090756 0.690014 0.118242
-0.035952 0.393508 1.367585 0.708403 -0.090882 0.689848 0.118388
-0.035865 0.393649 1.367231 0.708522 -0.091006 0.689684 0.118534
-0.035777 0.393787 1.366883 0.708639 -0.091127 0.689523 0.118681
-0.035689 0.393921 1.366541 0.708753 -0.091245 0.689365 0.118828
-0.035601 0.394051 1.366204 0.708864 -0.091361 0.689209 0.118976
-0.035514 0.394179 1.365873 0.708973 -0.091475 0.689057 0.119124
-0.035427 0.394303 1.365548 0.709079 -0.091586 0.688907 0.119272
-0.035341 0.394424 1.365228 0.709184 -0.091696 0.688759 0.119420
-0.035255 0.394542 1.364914 0.709285 -0.091803 0.688615 0.119567
-0.035170 0.394658 1.364606 0.709385 -0.091907 0.688473 0.119714
-0.035085 0.394771 1.364303 0.709482 -0.092009 0.688334 0.119860
-0.035002 0.394881 1.364006 0.709577 -0.092109 0.688197 0.120004
-0.034920 0.394989 1.363714 0.709670 -0.092207 0.688063 0.120148
-0.034838 0.395094 1.363428 0.709761 -0.092303 0.687931 0.120291
-0.034758 0.395198 1.363147 0.709850 -0.092396 0.687802 0.120432
-0.034678 0.395299 1.362871 0.709937 -0.092487 0.687676 0.120571
-0.034600 0.395398 1.362600 0.710022 -0.092575 0.687552 0.120709
-0.034523 0.395495 1.362335 0.710105 -0.092662 0.687430 0.120846
-0.034447 0.395590 1.362074 0.710187 -0.092746 0.687311 0.120981
-0.034372 0.395684 1.361818 0.710266 -0.092828 0.687194 0.121114
-0.034299 0.395775 1.361567 0.710344 -0.092907 0.687080 0.121245
-0.034227 0.395865 1.361321 0.710421 -0.092984 0.686968 0.121375
-0.034155 0.395953 1.361079 0.710495 -0.093060 0.686858 0.121502
-0.034086 0.396040 1.360842 0.710569 -0.093133 0.686750 0.121628
-0.034017 0.396125 1.360610 0.710640 -0.093203 0.686644 0.121752
-0.033950 0.396208 1.360381 0.710711 -0.093272 0.686540 0.121875
-0.033873 0.396307 1.360122 0.710672 -0.093505 0.686531 0.121973
-0.033783 0.396419 1.359838 0.710638 -0.093770 0.686514 0.122066
-0.033681 0.396539 1.359535 0.710623 -0.094033 0.686476 0.122160
-0.033567 0.396663 1.359220 0.710626 -0.094289 0.686421 0.122254
-0.033442 0.396788 1.358898 0.710642 -0.094539 0.686353 0.122349
-0.033306 0.396913 1.358570 0.710667 -0.094785 0.686276 0.122447
-0.033162 0.397034 1.358241 0.710697 -0.095028 0.686193 0.122550
-0.033009 0.397152 1.357912 0.710729 -0.095269 0.686106 0.122660
-0.032849 0.397264 1.357584 0.710763 -0.095509 0.686017 0.122776
-0.032683 0.397372 1.357259 0.710797 -0.095748 0.685926 0.122900
-0.032511 0.397474 1.356937 0.710830 -0.095987 0.685835 0.123032
-0.032334 0.397571 1.356620 0.710862 -0.096226 0.685744 0.123172
-0.032153 0.397663 1.356306 0.710891 -0.096465 0.685654 0.123318
-0.031969 0.397750 1.355998 0.710919 -0.096704 0.685564 0.123471
-0.031783 0.397833 1.355695 0.710945 -0.096943 0.685474 0.123629
-0.031594 0.397911 1.355396 0.710969 -0.097181 0.685386 0.123793
-0.031403 0.397984 1.355104 0.710991 -0.097418 0.685299 0.123962
-0.031211 0.398054 1.354816 0.711011 -0.097654 0.685214 0.124134
-0.031019 0.398120 1.354534 0.711029 -0.097889 0.685129 0.124310
-0.030826 0.398183 1.354257 0.711046 -0.098123 0.685046 0.124489
-0.030633 0.398242 1.353985 0.711062 -0.098354 0.684964 0.124669
-0.030440 0.398299 1.353718 0.711076 -0.098584 0.684883 0.124852
-0.030248 0.398353 1.353457 0.711088 -0.098811 0.684804 0.125035
-0.030057 0.398405 1.353200 0.711100 -0.099035 0.684726 0.125220
-0.029867 0.398454 1.352949 0.711110 -0.099257 0.684649 0.125404
-0.029679 0.398502 1.352702 0.711120 -0.099477 0.684573 0.125589
-0.029491 0.398547 1.352461 0.711128 -0.099693 0.684499 0.125774
-0.029306 0.398591 1.352224 0.711136 -0.099906 0.684426 0.125957
-0.029122 0.398633 1.351991 0.711143 -0.100115 0.684354 0.126140
-0.028941 0.398673 1.351764 0.711150 -0.100321 0.684284 0.126322
-0.028761 0.398713 1.351540 0.711156 -0.100524 0.684215 0.126503
-0.028583 0.398750 1.351321 0.711161 -0.100723 0.684147 0.126682
-0.028408 0.398787 1.351106 0.711166 -0.100919 0.684080 0.126859
-0.028235 0.398823 1.350896 0.711170 -0.101111 0.684015 0.127035
-0.028065 0.398858 1.350689 0.711174 -0.101299 0.683950 0.127209
-0.027897 0.398892 1.350487 0.711178 -0.101483 0.683887 0.127380
-0.027731 0.398925 1.350288 0.711181 -0.101664 0.683825 0.127550
-0.027568 0.398957 1.350093 0.711184 -0.101841 0.683764 0.127717
-0.027408 0.398988 1.349902 0.711187 -0.102014 0.683705 0.127882
-0.027250 0.399019 1.349714 0.711190 -0.102184 0.683646 0.128045
-0.027087 0.399068 1.349489 0.711106 -0.102462 0.683656 0.128231
-0.026920 0.399133 1.349231 0.711023 -0.102737 0.683656 0.128473
-0.026746 0.399211 1.348950 0.710963 -0.103001 0.683632 0.128726
-0.026565 0.399298 1.348650 0.710926 -0.103255 0.683585 0.128974
-0.026378 0.399391 1.348339 0.710909 -0.103500 0.683520 0.129213
-0.026185 0.399485 1.348020 0.710906 -0.103736 0.683443 0.129447
-0.025987 0.399580 1.347697 0.710913 -0.103966 0.683357 0.129676
-0.025784 0.399673 1.347371 0.710927 -0.104191 0.683266 0.129904
-0.025577 0.399763 1.347046 0.710944 -0.104412 0.683171 0.130132
-0.025368 0.399850 1.346722 0.710964 -0.104629 0.683073 0.130362
-0.025155 0.399934 1.346400 0.710984 -0.104844 0.682975 0.130593
-0.024940 0.400013 1.346082 0.711004 -0.105057 0.682876 0.130827
-0.024724 0.400089 1.345767 0.711024 -0.105268 0.682778 0.131063
-0.024506 0.400161 1.345456 0.711043 -0.105478 0.682680 0.131302
-0.024288 0.400229 1.345150 0.711061 -0.105686 0.682582 0.131542
-0.024070 0.400293 1.344849 0.711078 -0.105893 0.682486 0.131784
-0.023852 0.400354 1.344552 0.711094 -0.106098 0.682391 0.132027
-0.023634 0.400412 1.344261 0.711109 -0.106301 0.682296 0.132271
-0.023418 0.400467 1.343974 0.711123 -0.106503 0.682203 0.132515
-0.023202 0.400519 1.343693 0.711135 -0.106703 0.682112 0.132760
-0.022988 0.400568 1.343416 0.711147 -0.106900 0.682021 0.133003
-0.022775 0.400616 1.343145 0.711157 -0.107095 0.681932 0.133246
-0.022564 0.400661 1.342879 0.711167 -0.107288 0.681844 0.133488
-0.022356 0.400704 1.342617 0.711176 -0.107478 0.681758 0.133728
-0.022149 0.400745 1.342361 0.711185 -0.107666 0.681673 0.133967
-0.021945 0.400785 1.342109 0.711192 -0.107851 0.681589 0.134204
-0.021743 0.400823 1.341862 0.711199 -0.108033 0.681506 0.134438
-0.021543 0.400860 1.341620 0.711206 -0.108212 0.681425 0.134670
-0.021347 0.400895 1.341382 0.711213 -0.108388 0.681345 0.134900
-0.021153 0.400930 1.341149 0.711218 -0.108560 0.681266 0.135127
-0.020961 0.400963 1.340920 0.711224 -0.108730 0.681189 0.135351
-0.020773 0.400995 1.340695 0.711229 -0.108896 0.681113 0.135572
-0.020587 0.401026 1.340475 0.711235 -0.109060 0.681038 0.135790
-0.020405 0.401057 1.340259 0.711239 -0.109219 0.680964 0.136004
-0.020225 0.401087 1.340047 0.711244 -0.109376 0.680892 0.136216
-0.020048 0.401116 1.339839 0.711249 -0.109529 0.680821 0.136424
-0.019874 0.401144 1.339635 0.711253 -0.109679 0.680751 0.136629
-0.019704 0.401172 1.339435 0.711258 -0.109826 0.680682 0.136831
-0.019536 0.401200 1.339239 0.711262 -0.109969 0.680614 0.137029
-0.019371 0.401227 1.339046 0.711266 -0.110109 0.680548 0.137224
-0.019196 0.401270 1.338818 0.711220 -0.110391 0.680528 0.137339
-0.019011 0.401328 1.338560 0.711179 -0.110678 0.680501 0.137453
-0.018815 0.401397 1.338280 0.711159 -0.110948 0.680455 0.137566
-0.018609 0.401471 1.337983 0.711158 -0.111206 0.680391 0.137677
-0.018394 0.401547 1.337676 0.711172 -0.111453 0.680314 0.137788
-0.018170 0.401621 1.337361 0.711196 -0.111694 0.680226 0.137901
-0.017939 0.401693 1.337043 0.711227 -0.111930 0.680132 0.138018
-0.017702 0.401762 1.336723 0.711261 -0.112163 0.680032 0.138142
-0.017459 0.401825 1.336403 0.711297 -0.112395 0.679930 0.138272
-0.017211 0.401883 1.336084 0.711333 -0.112626 0.679826 0.138411
-0.016960 0.401937 1.335768 0.711368 -0.112857 0.679721 0.138558
-0.016705 0.401985 1.335456 0.711401 -0.113088 0.679616 0.138712
-0.016449 0.402028 1.335147 0.711433 -0.113319 0.679511 0.138874
-0.016190 0.402067 1.334843 0.711463 -0.113551 0.679407 0.139042
-0.015931 0.402101 1.334543 0.711490 -0.113782 0.679304 0.139216
-0.015671 0.402131 1.334248 0.711516 -0.114014 0.679201 0.139396
-0.015410 0.402157 1.333958 0.711539 -0.114245 0.679100 0.139580
-0.015150 0.402180 1.333673 0.711561 -0.114475 0.679000 0.139768
-0.014891 0.402200 1.333393 0.711581 -0.114704 0.678902 0.139959
-0.014633 0.402217 1.333118 0.711598 -0.114932 0.678804 0.140153
-0.014376 0.402231 1.332849 0.711615 -0.115158 0.678709 0.140349
-0.014121 0.402243 1.332585 0.711629 -0.115383 0.678614 0.140547
-0.013868 0.402253 1.332325 0.711642 -0.115605 0.678522 0.140745
-0.013617 0.402261 1.332071 0.711654 -0.115825 0.678430 0.140944
-0.013369 0.402268 1.331821 0.711665 -0.116043 0.678341 0.141144
-0.013123 0.402273 1.331577 0.711674 -0.116258 0.678252 0.141343
-0.012880 0.402277 1.331337 0.711683 -0.116471 0.678166 0.141541
-0.012639 0.402280 1.331102 0.711690 -0.116680 0.678080 0.141739
-0.012402 0.402281 1.330871 0.711697 -0.116887 0.677997 0.141935
-0.012167 0.402282 1.330645 0.711703 -0.117090 0.677915 0.142130
-0.011936 0.402282 1.330424 0.711708 -0.117289 0.677834 0.142324
-0.011708 0.402282 1.330206 0.711713 -0.117486 0.677755 0.142516
-0.011484 0.402281 1.329993 0.711717 -0.117679 0.677677 0.142705
-0.011263 0.402280 1.329784 0.711720 -0.117868 0.677601 0.142893
-0.011045 0.402278 1.329579 0.711723 -0.118054 0.677526 0.143079
-0.010830 0.402276 1.329378 0.711726 -0.118236 0.677453 0.143262
-0.010619 0.402274 1.329181 0.711728 -0.118415 0.677381 0.143444
-0.010412 0.402271 1.328988 0.711730 -0.118590 0.677310 0.143622
-0.010208 0.402268 1.328798 0.711732 -0.118762 0.677241 0.143799
-0.010007 0.402265 1.328612 0.711733 -0.118930 0.677173 0.143972
-0.009797 0.402278 1.328394 0.711706 -0.119229 0.677132 0.144055
-0.009574 0.402301 1.328153 0.711692 -0.119572 0.677070 0.144129
-0.009338 0.402329 1.327896 0.711702 -0.119924 0.676981 0.144205
-0.009092 0.402361 1.327628 0.711730 -0.120279 0.676873 0.144280
-0.008834 0.402393 1.327353 0.711771 -0.120635 0.676750 0.144359
-0.008568 0.402423 1.327075 0.711819 -0.120990 0.676618 0.144441
-0.008293 0.402451 1.326797 0.711872 -0.121345 0.676480 0.144529
-0.008011 0.402475 1.326520 0.711925 -0.121700 0.676340 0.144625
-0.007723 0.402495 1.326245 0.711977 -0.122055 0.676198 0.144730
-0.007430 0.402510 1.325973 0.712028 -0.122409 0.676057 0.144843
-0.007133 0.402521 1.325705 0.712075 -0.122764 0.675916 0.144965
-0.006832 0.402528 1.325442 0.712120 -0.123118 0.675777 0.145095
-0.006529 0.402530 1.325183 0.712161 -0.123471 0.675640 0.145233
-0.006224 0.402528 1.324929 0.712198 -0.123824 0.675505 0.145379
-0.005918 0.402522 1.324679 0.712232 -0.124175 0.675372 0.145531
-0.005612 0.402513 1.324435 0.712263 -0.124525 0.675241 0.145690
-0.005305 0.402500 1.324196 0.712290 -0.124873 0.675112 0.145853
-0.004999 0.402485 1.323961 0.712314 -0.125219 0.674986 0.146022
-0.004693 0.402467 1.323732 0.712336 -0.125562 0.674862 0.146194
-0.004389 0.402447 1.323507 0.712354 -0.125903 0.674741 0.146370
-0.004087 0.402425 1.323287 0.712371 -0.126240 0.674622 0.146549
-0.003786 0.402401 1.323072 0.712385 -0.126574 0.674505 0.146730
-0.003488 0.402375 1.322861 0.712397 -0.126903 0.674391 0.146913
-0.003193 0.402348 1.322655 0.712407 -0.127230 0.674279 0.147096
-0.002900 0.402320 1.322453 0.712415 -0.127551 0.674169 0.147281
-0.002610 0.402291 1.322256 0.712422 -0.127869 0.674061 0.147467
-0.002324 0.402262 1.322062 0.712428 -0.128182 0.673955 0.147652
-0.002041 0.402231 1.321873 0.712432 -0.128490 0.673851 0.147837
-0.001761 0.402200 1.321687 0.712434 -0.128793 0.673750 0.148022
-0.001485 0.402169 1.321505 0.712436 -0.129092 0.673650 0.148205
-0.001212 0.402137 1.321327 0.712437 -0.129386 0.673553 0.148388
-0.000944 0.402106 1.321153 0.712437 -0.129674 0.673457 0.148570
-0.000679 0.402074 1.320982 0.712436 -0.129958 0.673364 0.148750
-0.000418 0.402042 1.320815 0.712435 -0.130236 0.673272 0.148929
-0.000162 0.402011 1.320651 0.712433 -0.130509 0.673182 0.149105
0.000091 0.401979 1.320490 0.712430 -0.130777 0.673094 0.149280
0.000339 0.401948 1.320333 0.712428 -0.131039 0.673008 0.149453
0.000584 0.401917 1.320178 0.712424 -0.131296 0.672923 0.149624
0.000824 0.401886 1.320027 0.712420 -0.131549 0.672840 0.149793
0.001060 0.401856 1.319879 0.712417 -0.131796 0.672759 0.149959
0.001306 0.401850 1.319697 0.712389 -0.132102 0.672719 0.150000
0.001561 0.401861 1.319491 0.712367 -0.132342 0.672686 0.150041
0.001825 0.401882 1.319265 0.712357 -0.132540 0.672650 0.150079
0.002097 0.401906 1.319025 0.712357 -0.132710 0.672607 0.150115
0.002377 0.401931 1.318775 0.712366 -0.132864 0.672559 0.150154
0.002663 0.401953 1.318519 0.712380 -0.133008 0.672506 0.150197
0.002953 0.401972 1.318258 0.712398 -0.133147 0.672448 0.150249
0.003249 0.401986 1.317995 0.712417 -0.133284 0.672387 0.150310
0.003547 0.401994 1.317731 0.712437 -0.133421 0.672323 0.150381
0.003848 0.401997 1.317468 0.712456 -0.133560 0.672257 0.150463
0.004151 0.401995 1.317207 0.712473 -0.133700 0.672190 0.150554
0.004455 0.401988 1.316948 0.712489 -0.133842 0.672122 0.150655
0.004760 0.401976 1.316691 0.712503 -0.133987 0.672054 0.150765
0.005065 0.401959 1.316438 0.712515 -0.134134 0.671985 0.150883
0.005369 0.401939 1.316188 0.712526 -0.134283 0.671916 0.151008
0.005672 0.401915 1.315942 0.712534 -0.134434 0.671848 0.151140
0.005974 0.401888 1.315700 0.712541 -0.134586 0.671779 0.151277
0.006273 0.401858 1.315462 0.712546 -0.134740 0.671711 0.151419
0.006571 0.401825 1.315229 0.712549 -0.134894 0.671643 0.151566
0.006867 0.401791 1.314999 0.712551 -0.135048 0.671576 0.151716
0.007159 0.401754 1.314774 0.712552 -0.135203 0.671510 0.151869
0.007449 0.401716 1.314553 0.712552 -0.135358 0.671444 0.152025
0.007736 0.401677 1.314336 0.712550 -0.135513 0.671379 0.152182
0.008019 0.401636 1.314123 0.712548 -0.135667 0.671314 0.152340
0.008299 0.401595 1.313915 0.712544 -0.135820 0.671251 0.152500
0.008575 0.401553 1.313711 0.712540 -0.135972 0.671188 0.152660
0.008848 0.401510 1.313510 0.712536 -0.136122 0.671126 0.152820
0.009117 0.401467 1.313314 0.712531 -0.136272 0.671064 0.152980
0.009382 0.401424 1.313121 0.712525 -0.136419 0.671004 0.153139
0.009643 0.401381 1.312932 0.712519 -0.136565 0.670945 0.153298
0.009900 0.401338 1.312747 0.712512 -0.136709 0.670886 0.153456
0.010153 0.401294 1.312565 0.712505 -0.136851 0.670828 0.153613
0.010402 0.401251 1.312387 0.712498 -0.136991 0.670772 0.153769
0.010647 0.401208 1.312212 0.712491 -0.137129 0.670716 0.153923
0.010887 0.401166 1.312041 0.712484 -0.137264 0.670661 0.154076
0.011124 0.401124 1.311873 0.712476 -0.137398 0.670607 0.154227
0.011357 0.401082 1.311709 0.712469 -0.137528 0.670554 0.154377
0.011585 0.401041 1.311547 0.712461 -0.137657 0.670501 0.154524
0.011810 0.401000 1.311389 0.712453 -0.137783 0.670450 0.154670
0.012030 0.400960 1.311234 0.712446 -0.137907 0.670400 0.154814
0.012263 0.400945 1.311044 0.712433 -0.138135 0.670372 0.154790
0.012512 0.400936 1.310828 0.712450 -0.138368 0.670320 0.154728
0.012776 0.400929 1.310591 0.712489 -0.138592 0.670248 0.154659
0.013051 0.400919 1.310340 0.712541 -0.138810 0.670162 0.154597
0.013338 0.400904 1.310080 0.712600 -0.139024 0.670066 0.154545
0.013634 0.400883 1.309814 0.712662 -0.139238 0.669964 0.154509
0.013938 0.400854 1.309544 0.712725 -0.139453 0.669858 0.154489
0.014249 0.400819 1.309273 0.712786 -0.139671 0.669748 0.154485
0.014565 0.400776 1.309002 0.712843 -0.139892 0.669638 0.154498
0.014887 0.400726 1.308733 0.712897 -0.140116 0.669527 0.154528
0.015212 0.400669 1.308466 0.712947 -0.140344 0.669415 0.154572
0.015539 0.400607 1.308201 0.712993 -0.140576 0.669305 0.154631
0.015869 0.400539 1.307940 0.713034 -0.140810 0.669195 0.154703
0.016200 0.400466 1.307683 0.713071 -0.141047 0.669086 0.154787
0.016532 0.400389 1.307430 0.713104 -0.141286 0.668979 0.154882
0.016864 0.400308 1.307182 0.713133 -0.141526 0.668873 0.154986
0.017195 0.400224 1.306937 0.713159 -0.141768 0.668768 0.155099
0.017526 0.400137 1.306698 0.713181 -0.142011 0.668665 0.155219
0.017855 0.400047 1.306462 0.713199 -0.142254 0.668564 0.155346
0.018182 0.399956 1.306232 0.713215 -0.142497 0.668465 0.155479
0.018506 0.399862 1.306006 0.713229 -0.142739 0.668367 0.155616
0.018829 0.399768 1.305784 0.713239 -0.142981 0.668271 0.155758
0.019148 0.399673 1.305567 0.713248 -0.143221 0.668176 0.155903
0.019465 0.399576 1.305355 0.713254 -0.143459 0.668084 0.156051
0.019778 0.399480 1.305146 0.713258 -0.143696 0.667993 0.156202
0.020088 0.399383 1.304943 0.713261 -0.143931 0.667904 0.156354
0.020394 0.399286 1.304743 0.713262 -0.144163 0.667817 0.156507
0.020697 0.399190 1.304547 0.713261 -0.144393 0.667732 0.156662
0.020995 0.399093 1.304356 0.713260 -0.144620 0.667648 0.156817
0.021290 0.398998 1.304168 0.713257 -0.144844 0.667567 0.156972
0.021580 0.398902 1.303984 0.713252 -0.145065 0.667486 0.157127
0.021867 0.398808 1.303804 0.713247 -0.145283 0.667408 0.157282
0.022149 0.398714 1.303628 0.713241 -0.145497 0.667332 0.157437
0.022426 0.398621 1.303455 0.713234 -0.145708 0.667257 0.157590
0.022700 0.398530 1.303286 0.713227 -0.145916 0.667183 0.157743
0.022969 0.398439 1.303120 0.713218 -0.146120 0.667112 0.157895
0.023234 0.398349 1.302958 0.713209 -0.146320 0.667042 0.158045
0.023495 0.398260 1.302798 0.713200 -0.146517 0.666973 0.158194
0.023751 0.398173 1.302642 0.713190 -0.146709 0.666906 0.158341
0.024003 0.398087 1.302489 0.713180 -0.146899 0.666841 0.158487
0.024265 0.398034 1.302302 0.713175 -0.147149 0.666793 0.158477
0.024535 0.398000 1.302095 0.713214 -0.147369 0.666714 0.158432
0.024811 0.397976 1.301875 0.713280 -0.147572 0.666614 0.158366
0.025093 0.397957 1.301647 0.713362 -0.147763 0.666502 0.158290
0.025379 0.397942 1.301414 0.713455 -0.147947 0.666381 0.158210
0.025668 0.397927 1.301179 0.713553 -0.148127 0.666254 0.158133
0.025960 0.397911 1.300944 0.713653 -0.148305 0.666124 0.158060
0.026254 0.397893 1.300710 0.713754 -0.148482 0.665993 0.157994
0.026550 0.397873 1.300478 0.713853 -0.148659 0.665861 0.157936
0.026846 0.397850 1.300250 0.713950 -0.148837 0.665729 0.157886
0.027142 0.397823 1.300024 0.714044 -0.149016 0.665598 0.157846
0.027438 0.397794 1.299803 0.714134 -0.149196 0.665468 0.157813
0.027733 0.397762 1.299586 0.714221 -0.149377 0.665340 0.157789
0.028027 0.397728 1.299373 0.714304 -0.149559 0.665214 0.157773
0.028319 0.397691 1.299164 0.714383 -0.149742 0.665089 0.157765
0.028610 0.397652 1.298960 0.714459 -0.149925 0.664967 0.157763
0.028898 0.397611 1.298760 0.714532 -0.150109 0.664847 0.157767
0.029184 0.397568 1.298564 0.714601 -0.150292 0.664728 0.157777
0.029468 0.397524 1.298373 0.714667 -0.150475 0.664612 0.157793
0.029748 0.397478 1.298185 0.714730 -0.150657 0.664499 0.157813
0.030026 0.397432 1.298002 0.714790 -0.150838 0.664387 0.157838
0.030300 0.397384 1.297822 0.714848 -0.151019 0.664277 0.157866
0.030571 0.397336 1.297647 0.714902 -0.151198 0.664170 0.157898
0.030839 0.397287 1.297475 0.714955 -0.151375 0.664065 0.157933
0.031103 0.397238 1.297307 0.715005 -0.151551 0.663962 0.157971
0.031364 0.397189 1.297142 0.715053 -0.151725 0.663861 0.158012
0.031620 0.397139 1.296982 0.715098 -0.151897 0.663762 0.158054
0.031873 0.397089 1.296824 0.715142 -0.152067 0.663666 0.158098
0.032123 0.397040 1.296670 0.715184 -0.152234 0.663571 0.158145
0.032368 0.396990 1.296519 0.715225 -0.152399 0.663478 0.158192
0.032610 0.396940 1.296371 0.715263 -0.152562 0.663388 0.158241
0.032847 0.396891 1.296226 0.715300 -0.152722 0.663299 0.158291
0.033081 0.396842 1.296084 0.715336 -0.152880 0.663212 0.158341
0.033311 0.396794 1.295945 0.715370 -0.153035 0.663127 0.158393
0.033537 0.396746 1.295809 0.715403 -0.153187 0.663044 0.158445
0.033760 0.396698 1.295675 0.715435 -0.153337 0.662963 0.158498
0.033978 0.396651 1.295545 0.715465 -0.153484 0.662883 0.158551
0.034193 0.396604 1.295416 0.715494 -0.153628 0.662805 0.158604
0.034403 0.396558 1.295291 0.715523 -0.153770 0.662729 0.158658
0.034610 0.396512 1.295167 0.715550 -0.153909 0.662654 0.158712
0.034835 0.396496 1.295006 0.715584 -0.154101 0.662601 0.158595
0.035079 0.396497 1.294813 0.715660 -0.154283 0.662525 0.158395
0.035338 0.396506 1.294598 0.715763 -0.154442 0.662430 0.158169
0.035611 0.396516 1.294368 0.715884 -0.154586 0.662321 0.157939
0.035896 0.396523 1.294129 0.716013 -0.154721 0.662202 0.157718
0.036191 0.396525 1.293883 0.716146 -0.154854 0.662077 0.157510
0.036495 0.396519 1.293634 0.716278 -0.154988 0.661948 0.157319
0.036807 0.396506 1.293384 0.716407 -0.155126 0.661817 0.157147
0.037124 0.396486 1.293135 0.716533 -0.155270 0.661684 0.156994
0.037447 0.396457 1.292887 0.716653 -0.155419 0.661550 0.156861
0.037773 0.396421 1.292642 0.716767 -0.155575 0.661417 0.156746
0.038103 0.396378 1.292400 0.716875 -0.155736 0.661285 0.156649
0.038435 0.396329 1.292162 0.716977 -0.155903 0.661154 0.156570
0.038769 0.396274 1.291929 0.717073 -0.156076 0.661024 0.156505
0.039104 0.396213 1.291699 0.717163 -0.156253 0.660897 0.156456
0.039439 0.396148 1.291474 0.717247 -0.156434 0.660771 0.156419
0.039773 0.396078 1.291253 0.717326 -0.156620 0.660647 0.156395
0.040107 0.396005 1.291038 0.717400 -0.156808 0.660525 0.156382
0.040440 0.395928 1.290826 0.717469 -0.156998 0.660405 0.156379
0.040771 0.395849 1.290620 0.717534 -0.157191 0.660288 0.156384
0.041100 0.395768 1.290418 0.717594 -0.157385 0.660172 0.156399
0.041426 0.395684 1.290220 0.717651 -0.157581 0.660059 0.156420
0.041750 0.395599 1.290027 0.717704 -0.157776 0.659948 0.156448
0.042071 0.395512 1.289838 0.717753 -0.157972 0.659840 0.156482
0.042389 0.395425 1.289653 0.717799 -0.158168 0.659733 0.156522
0.042703 0.395337 1.289473 0.717842 -0.158363 0.659629 0.156565
0.043014 0.395248 1.289296 0.717883 -0.158558 0.659527 0.156614
0.043322 0.395158 1.289123 0.717920 -0.158751 0.659427 0.156666
0.043625 0.395069 1.288954 0.717955 -0.158943 0.659330 0.156721
0.043925 0.394979 1.288789 0.717988 -0.159133 0.659234 0.156779
0.044220 0.394890 1.288627 0.718019 -0.159322 0.659141 0.156839
0.044512 0.394801 1.288469 0.718048 -0.159509 0.659049 0.156902
0.044799 0.394713 1.288314 0.718075 -0.159693 0.658960 0.156966
0.045082 0.394624 1.288163 0.718100 -0.159875 0.658873 0.157032
0.045361 0.394537 1.288014 0.718123 -0.160055 0.658788 0.157099
0.045635 0.394450 1.287869 0.718145 -0.160232 0.658704 0.157168
0.045905 0.394364 1.287727 0.718166 -0.160407 0.658623 0.157237
0.046171 0.394279 1.287588 0.718185 -0.160579 0.658544 0.157307
0.046433 0.394194 1.287451 0.718203 -0.160748 0.658466 0.157377
0.046690 0.394111 1.287317 0.718219 -0.160914 0.658390 0.157448
0.046964 0.394053 1.287154 0.718260 -0.161072 0.658320 0.157394
0.047255 0.394011 1.286976 0.718312 -0.161190 0.658258 0.157297
0.047562 0.393975 1.286786 0.718375 -0.161276 0.658194 0.157188
0.047882 0.393941 1.286591 0.718445 -0.161346 0.658127 0.157079
0.048213 0.393903 1.286392 0.718516 -0.161409 0.658057 0.156978
0.048555 0.393861 1.286191 0.718587 -0.161473 0.657986 0.156889
0.048905 0.393813 1.285991 0.718655 -0.161542 0.657912 0.156815
0.049262 0.393758 1.285793 0.718719 -0.161618 0.657837 0.156757
0.049625 0.393696 1.285598 0.718778 -0.161701 0.657762 0.156714
0.049992 0.393628 1.285406 0.718832 -0.161794 0.657687 0.156688
0.050363 0.393553 1.285218 0.718881 -0.161895 0.657611 0.156677
0.050736 0.393473 1.285033 0.718924 -0.162005 0.657537 0.156680
0.051112 0.393387 1.284853 0.718961 -0.162122 0.657463 0.156697
0.051488 0.393296 1.284677 0.718994 -0.162247 0.657389 0.156726
0.051865 0.393201 1.284506 0.719021 -0.162379 0.657317 0.156767
0.052242 0.393102 1.284339 0.719044 -0.162516 0.657246 0.156819
0.052617 0.392999 1.284176 0.719063 -0.162659 0.657176 0.156879
0.052992 0.392894 1.284017 0.719077 -0.162806 0.657107 0.156948
0.053364 0.392786 1.283863 0.719088 -0.162957 0.657039 0.157025
0.053734 0.392676 1.283712 0.719096 -0.163112 0.656972 0.157109
0.054102 0.392565 1.283565 0.719100 -0.163269 0.656907 0.157198
0.054466 0.392452 1.283422 0.719102 -0.163429 0.656843 0.157293
0.054828 0.392338 1.283283 0.719101 -0.163590 0.656780 0.157392
0.055185 0.392223 1.283147 0.719098 -0.163753 0.656718 0.157495
0.055540 0.392108 1.283014 0.719092 -0.163917 0.656658 0.157602
0.055890 0.391992 1.282885 0.719085 -0.164081 0.656598 0.157711
0.056236 0.391877 1.282759 0.719076 -0.164246 0.656540 0.157823
0.056577 0.391761 1.282636 0.719065 -0.164410 0.656484 0.157937
0.056915 0.391646 1.282516 0.719053 -0.164574 0.656428 0.158053
0.057247 0.391531 1.282399 0.719040 -0.164737 0.656374 0.158170
0.057575 0.391417 1.282284 0.719025 -0.164899 0.656320 0.158287
0.057899 0.391303 1.282172 0.719010 -0.165060 0.656268 0.158406
0.058217 0.391191 1.282062 0.718993 -0.165220 0.656217 0.158525
0.058531 0.391079 1.281955 0.718976 -0.165378 0.656167 0.158644
0.058840 0.390968 1.281850 0.718959 -0.165535 0.656118 0.158763
0.059144 0.390859 1.281748 0.718940 -0.165690 0.656070 0.158882
0.059443 0.390750 1.281647 0.718921 -0.165843 0.656024 0.159001
0.059737 0.390643 1.281549 0.718902 -0.165994 0.655978 0.159119
0.060027 0.390537 1.281453 0.718883 -0.166143 0.655933 0.159237
0.060311 0.390432 1.281358 0.718863 -0.166289 0.655889 0.159353
0.060611 0.390355 1.281229 0.718907 -0.166425 0.655819 0.159305
0.060922 0.390292 1.281069 0.719023 -0.166489 0.655700 0.159201
0.061243 0.390234 1.280888 0.719171 -0.166522 0.655562 0.159068
0.061571 0.390175 1.280692 0.719332 -0.166537 0.655415 0.158929
0.061905 0.390112 1.280485 0.719499 -0.166544 0.655263 0.158795
0.062244 0.390042 1.280271 0.719666 -0.166547 0.655107 0.158674
0.062585 0.389966 1.280053 0.719831 -0.166552 0.654951 0.158568
0.062929 0.389883 1.279832 0.719991 -0.166560 0.654794 0.158479
0.063275 0.389792 1.279610 0.720146 -0.166573 0.654637 0.158407
0.063622 0.389695 1.279389 0.720295 -0.166592 0.654482 0.158351
0.063968 0.389591 1.279169 0.720438 -0.166618 0.654328 0.158311
0.064314 0.389482 1.278950 0.720575 -0.166650 0.654175 0.158286
0.064660 0.389368 1.278734 0.720705 -0.166688 0.654025 0.158274
0.065004 0.389250 1.278521 0.720829 -0.166732 0.653877 0.158275
0.065346 0.389127 1.278311 0.720947 -0.166781 0.653731 0.158287
0.065685 0.389001 1.278104 0.721060 -0.166836 0.653587 0.158310
0.066022 0.388873 1.277901 0.721167 -0.166895 0.653446 0.158341
0.066356 0.388742 1.277701 0.721269 -0.166958 0.653308 0.158381
0.066687 0.388610 1.277505 0.721366 -0.167025 0.653172 0.158429
0.067015 0.388476 1.277313 0.721459 -0.167095 0.653039 0.158483
0.067339 0.388342 1.277125 0.721547 -0.167167 0.652908 0.158543
0.067659 0.388206 1.276940 0.721632 -0.167243 0.652780 0.158608
0.067975 0.388070 1.276759 0.721712 -0.167320 0.652654 0.158677
0.068287 0.387935 1.276582 0.721789 -0.167399 0.652531 0.158750
0.068595 0.387799 1.276408 0.721862 -0.167480 0.652410 0.158827
0.068898 0.387664 1.276238 0.721933 -0.167561 0.652292 0.158906
0.069198 0.387529 1.276072 0.722000 -0.167644 0.652177 0.158988
0.069492 0.387396 1.275909 0.722064 -0.167727 0.652064 0.159072
0.069783 0.387263 1.275749 0.722126 -0.167811 0.651953 0.159158
0.070068 0.387131 1.275593 0.722185 -0.167894 0.651845 0.159245
0.070350 0.387000 1.275440 0.722242 -0.167978 0.651739 0.159332
0.070626 0.386871 1.275290 0.722296 -0.168062 0.651635 0.159421
0.070898 0.386742 1.275143 0.722348 -0.168145 0.651534 0.159511
0.071166 0.386616 1.274999 0.722398 -0.168228 0.651435 0.159601
0.071429 0.386491 1.274858 0.722446 -0.168310 0.651338 0.159691
0.071687 0.386367 1.274720 0.722493 -0.168392 0.651244 0.159781
0.071941 0.386245 1.274584 0.722537 -0.168473 0.651151 0.159871
0.072190 0.386124 1.274452 0.722580 -0.168553 0.651061 0.159961
0.072435 0.386006 1.274322 0.722621 -0.168632 0.650973 0.160051
0.072676 0.385888 1.274194 0.722661 -0.168710 0.650887 0.160140
0.072938 0.385805 1.274048 0.722719 -0.168776 0.650825 0.160059
0.073213 0.385736 1.273883 0.722790 -0.168821 0.650768 0.159922
0.073500 0.385675 1.273704 0.722877 -0.168840 0.650704 0.159770
0.073796 0.385615 1.273517 0.722973 -0.168844 0.650634 0.159616
0.074099 0.385553 1.273325 0.723074 -0.168843 0.650558 0.159469
0.074409 0.385488 1.273131 0.723177 -0.168842 0.650477 0.159332
0.074724 0.385418 1.272936 0.723278 -0.168846 0.650394 0.159207
0.075044 0.385342 1.272742 0.723377 -0.168857 0.650309 0.159097
0.075366 0.385261 1.272550 0.723471 -0.168875 0.650222 0.159002
0.075691 0.385174 1.272361 0.723561 -0.168901 0.650136 0.158921
0.076018 0.385082 1.272175 0.723645 -0.168936 0.650049 0.158854
0.076345 0.384986 1.271993 0.723725 -0.168978 0.649962 0.158800
0.076673 0.384885 1.271814 0.723799 -0.169028 0.649876 0.158760
0.077000 0.384780 1.271639 0.723869 -0.169085 0.649792 0.158730
0.077327 0.384672 1.271469 0.723933 -0.169148 0.649708 0.158712
0.077652 0.384561 1.271302 0.723993 -0.169217 0.649625 0.158703
0.077976 0.384448 1.271140 0.724049 -0.169291 0.649544 0.158704
0.078298 0.384333 1.270981 0.724100 -0.169370 0.649464 0.158712
0.078617 0.384216 1.270826 0.724148 -0.169453 0.649385 0.158728
0.078934 0.384097 1.270675 0.724192 -0.169539 0.649308 0.158751
0.079248 0.383978 1.270528 0.724232 -0.169629 0.649233 0.158779
0.079559 0.383858 1.270384 0.724270 -0.169721 0.649159 0.158813
0.079867 0.383737 1.270243 0.724304 -0.169815 0.649086 0.158851
0.080171 0.383616 1.270106 0.724336 -0.169912 0.649015 0.158894
0.080472 0.383495 1.269973 0.724365 -0.170009 0.648946 0.158940
0.080769 0.383375 1.269842 0.724392 -0.170108 0.648878 0.158990
0.081062 0.383254 1.269714 0.724416 -0.170208 0.648811 0.159042
0.081352 0.383134 1.269590 0.724439 -0.170308 0.648746 0.159097
0.081637 0.383015 1.269468 0.724460 -0.170408 0.648683 0.159155
0.081919 0.382897 1.269349 0.724478 -0.170509 0.648621 0.159214
0.082196 0.382779 1.269232 0.724495 -0.170609 0.648560 0.159275
0.082469 0.382662 1.269118 0.724511 -0.170710 0.648501 0.159337
0.082738 0.382547 1.269007 0.724525 -0.170809 0.648443 0.159401
0.083003 0.382432 1.268898 0.724538 -0.170908 0.648387 0.159465
0.083264 0.382319 1.268791 0.724550 -0.171007 0.648332 0.159531
0.083520 0.382206 1.268686 0.724560 -0.171104 0.648278 0.159597
0.083773 0.382096 1.268584 0.724569 -0.171201 0.648226 0.159664
0.084021 0.381986 1.268483 0.724578 -0.171297 0.648175 0.159731
0.084265 0.381877 1.268385 0.724585 -0.171391 0.648125 0.159799
0.084505 0.381770 1.268288 0.724592 -0.171484 0.648076 0.159866
0.084771 0.381700 1.268175 0.724660 -0.171489 0.648022 0.159770
0.085064 0.381650 1.268059 0.724765 -0.171427 0.647965 0.159592
0.085379 0.381610 1.267942 0.724883 -0.171329 0.647911 0.159382
0.085714 0.381572 1.267829 0.725005 -0.171216 0.647858 0.159164
0.086065 0.381532 1.267720 0.725124 -0.171103 0.647807 0.158952
0.086430 0.381486 1.267617 0.725238 -0.170999 0.647756 0.158753
0.086807 0.381433 1.267519 0.725344 -0.170909 0.647705 0.158570
0.087195 0.381373 1.267428 0.725442 -0.170836 0.647655 0.158405
0.087591 0.381305 1.267344 0.725531 -0.170780 0.647606 0.158259
0.087995 0.381230 1.267266 0.725611 -0.170742 0.647557 0.158131
0.088404 0.381148 1.267193 0.725683 -0.170721 0.647509 0.158021
0.088818 0.381058 1.267127 0.725746 -0.170717 0.647462 0.157929
0.089236 0.380963 1.267066 0.725801 -0.170728 0.647417 0.157852
0.089656 0.380862 1.267011 0.725848 -0.170753 0.647372 0.157791
0.090078 0.380755 1.266960 0.725888 -0.170791 0.647329 0.157744
0.090501 0.380644 1.266914 0.725921 -0.170841 0.647286 0.157710
0.090924 0.380528 1.266872 0.725948 -0.170902 0.647246 0.157687
0.091346 0.380409 1.266835 0.725969 -0.170973 0.647206 0.157676
0.091767 0.380287 1.266800 0.725985 -0.171052 0.647168 0.157675
0.092187 0.380161 1.266769 0.725996 -0.171140 0.647130 0.157683
0.092604 0.380034 1.266741 0.726002 -0.171234 0.647094 0.157699
0.093019 0.379904 1.266716 0.726004 -0.171334 0.647060 0.157723
0.093430 0.379772 1.266693 0.726002 -0.171440 0.647026 0.157754
0.093839 0.379640 1.266672 0.725997 -0.171551 0.646994 0.157791
0.094243 0.379506 1.266653 0.725989 -0.171665 0.646962 0.157834
0.094644 0.379371 1.266637 0.725977 -0.171783 0.646932 0.157882
0.095041 0.379235 1.266622 0.725963 -0.171905 0.646903 0.157934
0.095433 0.379100 1.266608 0.725947 -0.172028 0.646874 0.157990
0.095820 0.378964 1.266596 0.725929 -0.172154 0.646847 0.158050
0.096203 0.378828 1.266585 0.725908 -0.172281 0.646821 0.158113
0.096580 0.378693 1.266575 0.725886 -0.172409 0.646795 0.158179
0.096953 0.378557 1.266566 0.725862 -0.172539 0.646770 0.158247
0.097321 0.378423 1.266558 0.725837 -0.172668 0.646747 0.158318
0.097683 0.378289 1.266550 0.725811 -0.172799 0.646724 0.158390
0.098040 0.378155 1.266544 0.725784 -0.172929 0.646701 0.158464
0.098392 0.378023 1.266538 0.725755 -0.173059 0.646680 0.158540
0.098738 0.377892 1.266532 0.725726 -0.173189 0.646659 0.158616
0.099079 0.377761 1.266527 0.725696 -0.173318 0.646639 0.158694
0.099414 0.377632 1.266522 0.725666 -0.173447 0.646620 0.158772
0.099744 0.377504 1.266518 0.725635 -0.173574 0.646601 0.158851
0.100090 0.377406 1.266481 0.725658 -0.173641 0.646572 0.158789
0.100447 0.377323 1.266419 0.725703 -0.173672 0.646542 0.158674
0.100812 0.377245 1.266336 0.725766 -0.173670 0.646503 0.158544
0.101185 0.377168 1.266240 0.725840 -0.173651 0.646457 0.158412
0.101562 0.377087 1.266134 0.725921 -0.173623 0.646404 0.158286
0.101944 0.377002 1.266022 0.726005 -0.173595 0.646347 0.158171
0.102328 0.376910 1.265906 0.726087 -0.173571 0.646285 0.158069
0.102714 0.376811 1.265787 0.726167 -0.173552 0.646222 0.157983
0.103102 0.376706 1.265667 0.726244 -0.173541 0.646156 0.157912
0.103489 0.376594 1.265547 0.726316 -0.173538 0.646089 0.157856
0.103876 0.376477 1.265427 0.726383 -0.173543 0.646022 0.157815
0.104262 0.376353 1.265309 0.726446 -0.173556 0.645955 0.157787
0.104647 0.376226 1.265192 0.726504 -0.173576 0.645888 0.157773
0.105029 0.376093 1.265078 0.726557 -0.173604 0.645822 0.157770
0.105409 0.375958 1.264965 0.726605 -0.173639 0.645756 0.157778
0.105786 0.375819 1.264854 0.726650 -0.173680 0.645690 0.157796
0.106160 0.375677 1.264746 0.726690 -0.173727 0.645626 0.157823
0.106530 0.375533 1.264640 0.726726 -0.173779 0.645562 0.157858
0.106896 0.375388 1.264537 0.726760 -0.173835 0.645499 0.157900
0.107259 0.375241 1.264435 0.726789 -0.173896 0.645438 0.157949
0.107617 0.375093 1.264336 0.726816 -0.173960 0.645377 0.158003
0.107971 0.374945 1.264239 0.726840 -0.174027 0.645317 0.158062
0.108320 0.374797 1.264145 0.726862 -0.174098 0.645258 0.158125
0.108665 0.374648 1.264052 0.726881 -0.174170 0.645200 0.158192
0.109005 0.374500 1.263962 0.726899 -0.174245 0.645143 0.158263
0.109340 0.374352 1.263874 0.726914 -0.174321 0.645088 0.158336
0.109670 0.374205 1.263788 0.726927 -0.174399 0.645033 0.158412
0.109995 0.374059 1.263703 0.726939 -0.174478 0.644979 0.158490
0.110315 0.373914 1.263621 0.726949 -0.174558 0.644926 0.158570
0.110630 0.373770 1.263540 0.726958 -0.174638 0.644875 0.158651
0.110940 0.373627 1.263461 0.726966 -0.174719 0.644824 0.158733
0.111245 0.373485 1.263384 0.726972 -0.174800 0.644774 0.158816
0.111545 0.373345 1.263309 0.726978 -0.174881 0.644725 0.158900
0.111839 0.373207 1.263235 0.726982 -0.174963 0.644678 0.158985
0.112129 0.373070 1.263162 0.726985 -0.175043 0.644631 0.159069
0.112413 0.372935 1.263091 0.726988 -0.175124 0.644585 0.159154
0.112693 0.372801 1.263022 0.726990 -0.175204 0.644540 0.159239
0.112967 0.372669 1.262953 0.726992 -0.175284 0.644496 0.159323
0.113237 0.372539 1.262886 0.726992 -0.175363 0.644453 0.159408
0.113501 0.372411 1.262821 0.726992 -0.175441 0.644411 0.159492
0.113790 0.372318 1.262735 0.727063 -0.175427 0.644350 0.159427
0.114098 0.372250 1.262633 0.727161 -0.175343 0.644297 0.159291
0.114422 0.372194 1.262522 0.727278 -0.175214 0.644241 0.159126
0.114760 0.372144 1.262406 0.727406 -0.175062 0.644181 0.158950
0.115108 0.372093 1.262287 0.727539 -0.174905 0.644117 0.158774
0.115466 0.372040 1.262169 0.727672 -0.174753 0.644049 0.158606
0.115831 0.371981 1.262054 0.727802 -0.174610 0.643979 0.158449
0.116203 0.371916 1.261941 0.727928 -0.174481 0.643907 0.158305
0.116580 0.371845 1.261832 0.728048 -0.174366 0.643835 0.158176
0.116960 0.371768 1.261728 0.728161 -0.174267 0.643762 0.158062
0.117343 0.371684 1.261628 0.728267 -0.174182 0.643689 0.157962
0.117728 0.371595 1.261532 0.728366 -0.174111 0.643617 0.157877
0.118114 0.371500 1.261441 0.728459 -0.174055 0.643545 0.157806
0.118501 0.371400 1.261354 0.728544 -0.174011 0.643475 0.157747
0.118887 0.371295 1.261271 0.728623 -0.173979 0.643406 0.157700
0.119273 0.371187 1.261192 0.728695 -0.173958 0.643338 0.157664
0.119657 0.371075 1.261117 0.728762 -0.173947 0.643271 0.157639
0.120039 0.370960 1.261046 0.728824 -0.173945 0.643206 0.157623
0.120419 0.370842 1.260978 0.728880 -0.173951 0.643143 0.157615
0.120797 0.370722 1.260912 0.728932 -0.173965 0.643080 0.157615
0.121171 0.370600 1.260850 0.728979 -0.173986 0.643020 0.157623
0.121542 0.370476 1.260791 0.729021 -0.174013 0.642960 0.157636
0.121910 0.370351 1.260734 0.729060 -0.174045 0.642903 0.157656
0.122274 0.370225 1.260679 0.729096 -0.174083 0.642846 0.157681
0.122634 0.370099 1.260627 0.729128 -0.174125 0.642791 0.157711
0.122990 0.369971 1.260577 0.729156 -0.174171 0.642738 0.157745
0.123341 0.369844 1.260528 0.729182 -0.174220 0.642686 0.157783
0.123689 0.369716 1.260482 0.729206 -0.174272 0.642635 0.157824
0.124031 0.369589 1.260437 0.729226 -0.174327 0.642586 0.157869
0.124369 0.369462 1.260393 0.729245 -0.174384 0.642538 0.157916
0.124703 0.369335 1.260351 0.729261 -0.174444 0.642491 0.157966
0.125032 0.369208 1.260311 0.729275 -0.174505 0.642445 0.158018
0.125355 0.369083 1.260271 0.729288 -0.174567 0.642401 0.158072
0.125674 0.368958 1.260233 0.729299 -0.174630 0.642358 0.158128
0.125988 0.368833 1.260195 0.729308 -0.174695 0.642316 0.158185
0.126298 0.368710 1.260159 0.729316 -0.174760 0.642275 0.158244
0.126602 0.368588 1.260123 0.729322 -0.174826 0.642235 0.158303
0.126901 0.368466 1.260089 0.729327 -0.174892 0.642196 0.158364
0.127196 0.368346 1.260055 0.729331 -0.174959 0.642158 0.158425
0.127485 0.368227 1.260022 0.729334 -0.175025 0.642121 0.158488
0.127795 0.368135 1.259972 0.729392 -0.175017 0.642073 0.158426
0.128121 0.368053 1.259918 0.729492 -0.174939 0.642003 0.158333
0.128460 0.367976 1.259863 0.729605 -0.174839 0.641930 0.158221
0.128809 0.367898 1.259810 0.729720 -0.174733 0.641856 0.158105
0.129167 0.367817 1.259760 0.729833 -0.174632 0.641783 0.157994
0.129532 0.367731 1.259713 0.729941 -0.174540 0.641710 0.157893
0.129903 0.367640 1.259670 0.730042 -0.174460 0.641638 0.157803
0.130278 0.367543 1.259631 0.730137 -0.174394 0.641568 0.157726
0.130657 0.367440 1.259596 0.730224 -0.174342 0.641498 0.157663
0.131038 0.367332 1.259565 0.730304 -0.174303 0.641430 0.157611
0.131422 0.367218 1.259538 0.730377 -0.174278 0.641364 0.157573
0.131806 0.367100 1.259515 0.730443 -0.174265 0.641299 0.157545
0.132190 0.366978 1.259495 0.730502 -0.174263 0.641236 0.157529
0.132574 0.366851 1.259479 0.730555 -0.174272 0.641175 0.157523
0.132957 0.366722 1.259465 0.730602 -0.174291 0.641115 0.157526
0.133338 0.366589 1.259454 0.730644 -0.174319 0.641057 0.157538
0.133717 0.366454 1.259445 0.730680 -0.174355 0.641001 0.157558
0.134094 0.366317 1.259439 0.730712 -0.174398 0.640947 0.157584
0.134469 0.366178 1.259435 0.730740 -0.174447 0.640894 0.157618
0.134840 0.366038 1.259433 0.730763 -0.174503 0.640842 0.157657
0.135208 0.365896 1.259432 0.730783 -0.174564 0.640792 0.157701
0.135573 0.365754 1.259433 0.730799 -0.174629 0.640744 0.157750
0.135933 0.365611 1.259435 0.730812 -0.174699 0.640697 0.157803
0.136290 0.365468 1.259439 0.730822 -0.174772 0.640651 0.157861
0.136642 0.365324 1.259443 0.730830 -0.174848 0.640607 0.157921
0.136990 0.365181 1.259448 0.730835 -0.174927 0.640564 0.157985
0.137334 0.365038 1.259454 0.730837 -0.175008 0.640522 0.158051
0.137673 0.364895 1.259461 0.730838 -0.175092 0.640482 0.158119
0.138007 0.364753 1.259468 0.730837 -0.175177 0.640443 0.158189
0.138337 0.364612 1.259475 0.730834 -0.175263 0.640405 0.158261
0.138662 0.364472 1.259483 0.730830 -0.175350 0.640368 0.158335
0.138982 0.364332 1.259492 0.730824 -0.175438 0.640332 0.158410
0.139297 0.364194 1.259500 0.730817 -0.175527 0.640297 0.158486
0.139606 0.364057 1.259509 0.730808 -0.175616 0.640263 0.158562
0.139911 0.363921 1.259518 0.730799 -0.175705 0.640230 0.158639
0.140211 0.363786 1.259527 0.730789 -0.175794 0.640197 0.158717
0.140507 0.363653 1.259536 0.730778 -0.175884 0.640166 0.158795
0.140797 0.363521 1.259545 0.730766 -0.175973 0.640136 0.158874
0.141082 0.363391 1.259554 0.730754 -0.176061 0.640106 0.158952
0.141362 0.363262 1.259562 0.730741 -0.176150 0.640077 0.159030
0.141664 0.363166 1.259546 0.730755 -0.176158 0.640073 0.158971
0.141985 0.363087 1.259511 0.730801 -0.176116 0.640065 0.158838
0.142321 0.363012 1.259464 0.730867 -0.176037 0.640051 0.158680
0.142670 0.362937 1.259410 0.730943 -0.175942 0.640031 0.158517
0.143029 0.362856 1.259351 0.731021 -0.175845 0.640007 0.158361
0.143397 0.362768 1.259291 0.731099 -0.175752 0.639979 0.158218
0.143771 0.362672 1.259230 0.731173 -0.175669 0.639949 0.158090
0.144152 0.362568 1.259170 0.731242 -0.175598 0.639916 0.157979
0.144536 0.362455 1.259111 0.731305 -0.175541 0.639883 0.157886
0.144924 0.362334 1.259055 0.731362 -0.175498 0.639849 0.157810
0.145315 0.362205 1.259000 0.731412 -0.175469 0.639814 0.157751
0.145707 0.362069 1.258949 0.731455 -0.175452 0.639780 0.157707
0.146099 0.361927 1.258900 0.731492 -0.175448 0.639746 0.157679
0.146492 0.361780 1.258854 0.731524 -0.175456 0.639711 0.157663
0.146884 0.361628 1.258811 0.731549 -0.175474 0.639678 0.157661
0.147274 0.361471 1.258770 0.731569 -0.175502 0.639645 0.157670
0.147664 0.361311 1.258731 0.731585 -0.175539 0.639612 0.157689
0.148051 0.361148 1.258695 0.731596 -0.175584 0.639580 0.157717
0.148435 0.360982 1.258660 0.731603 -0.175636 0.639549 0.157755
0.148816 0.360814 1.258628 0.731606 -0.175694 0.639519 0.157799
0.149195 0.360644 1.258598 0.731605 -0.175759 0.639489 0.157851
0.149569 0.360473 1.258570 0.731602 -0.175829 0.639459 0.157909
0.149940 0.360301 1.258543 0.731595 -0.175903 0.639430 0.157972
0.150307 0.360129 1.258518 0.731587 -0.175981 0.639402 0.158040
0.150670 0.359957 1.258494 0.731575 -0.176063 0.639375 0.158112
0.151028 0.359784 1.258471 0.731562 -0.176148 0.639347 0.158188
0.151381 0.359612 1.258450 0.731547 -0.176236 0.639321 0.158267
0.151730 0.359441 1.258430 0.731530 -0.176326 0.639295 0.158349
0.152075 0.359270 1.258411 0.731512 -0.176418 0.639270 0.158433
0.152414 0.359100 1.258392 0.731493 -0.176511 0.639245 0.158520
0.152748 0.358932 1.258375 0.731472 -0.176606 0.639220 0.158608
0.153077 0.358764 1.258358 0.731450 -0.176701 0.639196 0.158697
0.153402 0.358598 1.258342 0.731428 -0.176798 0.639173 0.158788
0.153721 0.358434 1.258327 0.731405 -0.176894 0.639150 0.158879
0.154035 0.358271 1.258312 0.731381 -0.176991 0.639128 0.158971
0.154343 0.358110 1.258298 0.731357 -0.177088 0.639106 0.159063
0.154647 0.357950 1.258284 0.731332 -0.177185 0.639084 0.159156
0.154946 0.357793 1.258271 0.731307 -0.177282 0.639063 0.159249
0.155239 0.357638 1.258258 0.731281 -0.177378 0.639042 0.159341
0.155527 0.357484 1.258245 0.731256 -0.177474 0.639022 0.159434
0.155835 0.357359 1.258217 0.731273 -0.177458 0.639003 0.159448
0.156159 0.357253 1.258180 0.731309 -0.177364 0.638991 0.159435
0.156495 0.357157 1.258139 0.731358 -0.177230 0.638979 0.159406
0.156842 0.357064 1.258096 0.731415 -0.177082 0.638965 0.159370
0.157198 0.356970 1.258055 0.731474 -0.176932 0.638947 0.159333
0.157561 0.356874 1.258015 0.731534 -0.176790 0.638927 0.159300
0.157929 0.356774 1.257979 0.731590 -0.176660 0.638904 0.159273
0.158302 0.356670 1.257946 0.731643 -0.176544 0.638880 0.159255
0.158678 0.356561 1.257917 0.731691 -0.176442 0.638856 0.159245
0.159057 0.356447 1.257892 0.731734 -0.176355 0.638831 0.159246
0.159437 0.356328 1.257871 0.731772 -0.176282 0.638806 0.159256
0.159817 0.356205 1.257853 0.731804 -0.176222 0.638781 0.159275
0.160198 0.356078 1.257839 0.731830 -0.176175 0.638756 0.159302
0.160578 0.355948 1.257828 0.731852 -0.176140 0.638732 0.159338
0.160957 0.355814 1.257820 0.731869 -0.176115 0.638708 0.159382
0.161334 0.355678 1.257815 0.731882 -0.176101 0.638685 0.159432
0.161709 0.355539 1.257812 0.731890 -0.176095 0.638663 0.159489
0.162082 0.355398 1.257812 0.731895 -0.176098 0.638641 0.159551
0.162452 0.355256 1.257813 0.731896 -0.176108 0.638620 0.159619
0.162819 0.355112 1.257816 0.731894 -0.176125 0.638600 0.159691
0.163183 0.354967 1.257821 0.731889 -0.176149 0.638580 0.159767
0.163543 0.354822 1.257827 0.731881 -0.176177 0.638561 0.159847
0.163899 0.354676 1.257834 0.731871 -0.176211 0.638543 0.159930
0.164251 0.354529 1.257843 0.731859 -0.176249 0.638525 0.160016
0.164599 0.354383 1.257852 0.731844 -0.176291 0.638507 0.160105
0.164942 0.354236 1.257862 0.731828 -0.176336 0.638491 0.160195
0.165281 0.354090 1.257873 0.731810 -0.176385 0.638474 0.160288
0.165616 0.353945 1.257884 0.731791 -0.176436 0.638459 0.160382
0.165945 0.353800 1.257896 0.731771 -0.176490 0.638444 0.160477
0.166271 0.353656 1.257908 0.731749 -0.176546 0.638429 0.160573
0.166591 0.353513 1.257920 0.731726 -0.176603 0.638415 0.160670
0.166906 0.353370 1.257932 0.731703 -0.176662 0.638401 0.160767
0.167217 0.353229 1.257945 0.731679 -0.176722 0.638387 0.160865
0.167523 0.353089 1.257957 0.731654 -0.176784 0.638374 0.160963
0.167824 0.352951 1.257970 0.731628 -0.176846 0.638361 0.161061
0.168120 0.352813 1.257982 0.731602 -0.176908 0.638349 0.161159
0.168411 0.352677 1.257995 0.731576 -0.176972 0.638337 0.161256
0.168697 0.352543 1.258007 0.731550 -0.177036 0.638325 0.161354
0.168978 0.352410 1.258019 0.731523 -0.177100 0.638313 0.161451
0.169254 0.352279 1.258031 0.731496 -0.177164 0.638302 0.161547
0.169549 0.352166 1.258027 0.731540 -0.177168 0.638256 0.161524
0.169858 0.352056 1.258008 0.731614 -0.177125 0.638193 0.161484
0.170180 0.351943 1.257977 0.731700 -0.177065 0.638122 0.161439
0.170512 0.351822 1.257939 0.731790 -0.177001 0.638047 0.161400
0.170853 0.351693 1.257897 0.731879 -0.176942 0.637968 0.161372
0.171201 0.351554 1.257853 0.731964 -0.176891 0.637888 0.161359
0.171555 0.351405 1.257807 0.732043 -0.176851 0.637808 0.161363
0.171913 0.351247 1.257762 0.732115 -0.176823 0.637728 0.161383
0.172275 0.351081 1.257717 0.732180 -0.176808 0.637648 0.161419
0.172639 0.350906 1.257674 0.732238 -0.176806 0.637569 0.161471
0.173005 0.350723 1.257632 0.732288 -0.176815 0.637492 0.161537
0.173371 0.350534 1.257591 0.732332 -0.176835 0.637416 0.161617
0.173738 0.350340 1.257553 0.732369 -0.176866 0.637342 0.161709
0.174105 0.350140 1.257516 0.732400 -0.176907 0.637269 0.161812
0.174471 0.349936 1.257481 0.732425 -0.176956 0.637197 0.161924
0.174835 0.349728 1.257448 0.732445 -0.177014 0.637128 0.162046
0.175198 0.349518 1.257417 0.732460 -0.177079 0.637059 0.162176
0.175558 0.349305 1.257388 0.732470 -0.177151 0.636993 0.162312
0.175916 0.349091 1.257360 0.732476 -0.177228 0.636928 0.162455
0.176271 0.348875 1.257334 0.732479 -0.177311 0.636864 0.162602
0.176622 0.348658 1.257309 0.732478 -0.177399 0.636802 0.162754
0.176971 0.348441 1.257286 0.732474 -0.177491 0.636741 0.162910
0.177315 0.348224 1.257264 0.732467 -0.177586 0.636682 0.163068
0.177656 0.348007 1.257243 0.732458 -0.177684 0.636624 0.163229
0.177992 0.347791 1.257223 0.732446 -0.177785 0.636568 0.163392
0.178325 0.347576 1.257204 0.732432 -0.177889 0.636512 0.163556
0.178653 0.347362 1.257187 0.732417 -0.177994 0.636458 0.163721
0.178976 0.347150 1.257170 0.732400 -0.178100 0.636405 0.163887
0.179295 0.346939 1.257154 0.732381 -0.178208 0.636354 0.164053
0.179610 0.346730 1.257139 0.732361 -0.178316 0.636303 0.164219
0.179919 0.346523 1.257125 0.732340 -0.178426 0.636254 0.164385
0.180224 0.346317 1.257111 0.732319 -0.178535 0.636206 0.164550
0.180524 0.346115 1.257097 0.732296 -0.178645 0.636159 0.164714
0.180820 0.345914 1.257085 0.732272 -0.178754 0.636113 0.164877
0.181110 0.345716 1.257072 0.732248 -0.178863 0.636068 0.165039
0.181396 0.345520 1.257061 0.732224 -0.178972 0.636024 0.165200
0.181677 0.345327 1.257049 0.732199 -0.179081 0.635981 0.165359
0.181953 0.345137 1.257038 0.732174 -0.179188 0.635939 0.165516
0.182224 0.344949 1.257027 0.732148 -0.179295 0.635897 0.165672
0.182491 0.344764 1.257017 0.732122 -0.179400 0.635857 0.165826
0.182770 0.344602 1.257004 0.732148 -0.179450 0.635805 0.165857
0.183060 0.344453 1.256983 0.732214 -0.179444 0.635731 0.165856
0.183358 0.344311 1.256958 0.732296 -0.179417 0.635651 0.165833
0.183663 0.344172 1.256930 0.732384 -0.179385 0.635566 0.165801
0.183973 0.344032 1.256902 0.732475 -0.179353 0.635480 0.165767
0.184287 0.343891 1.256876 0.732564 -0.179327 0.635392 0.165735
0.184604 0.343747 1.256851 0.732650 -0.179308 0.635305 0.165710
0.184922 0.343601 1.256829 0.732732 -0.179298 0.635219 0.165691
0.185242 0.343451 1.256808 0.732809 -0.179297 0.635133 0.165680
0.185562 0.343298 1.256791 0.732880 -0.179305 0.635049 0.165676
0.185883 0.343143 1.256776 0.732946 -0.179322 0.634967 0.165681
0.186202 0.342984 1.256764 0.733007 -0.179348 0.634886 0.165693
0.186521 0.342824 1.256754 0.733063 -0.179381 0.634808 0.165712
0.186838 0.342662 1.256746 0.733114 -0.179421 0.634731 0.165737
0.187153 0.342499 1.256741 0.733160 -0.179468 0.634656 0.165769
0.187466 0.342334 1.256737 0.733202 -0.179520 0.634583 0.165806
0.187777 0.342168 1.256735 0.733240 -0.179578 0.634512 0.165848
0.188085 0.342002 1.256734 0.733274 -0.179640 0.634442 0.165895
0.188390 0.341836 1.256735 0.733305 -0.179707 0.634375 0.165946
0.188692 0.341669 1.256738 0.733332 -0.179777 0.634309 0.166000
0.188990 0.341503 1.256741 0.733356 -0.179851 0.634245 0.166058
0.189285 0.341337 1.256745 0.733378 -0.179927 0.634183 0.166119
0.189576 0.341171 1.256751 0.733397 -0.180006 0.634122 0.166183
0.189863 0.341007 1.256757 0.733413 -0.180086 0.634063 0.166249
0.190147 0.340843 1.256763 0.733427 -0.180169 0.634005 0.166316
0.190427 0.340680 1.256771 0.733440 -0.180253 0.633949 0.166386
0.190703 0.340519 1.256778 0.733450 -0.180338 0.633894 0.166456
0.190974 0.340359 1.256787 0.733458 -0.180424 0.633841 0.166528
0.191242 0.340201 1.256795 0.733466 -0.180510 0.633789 0.166601
0.191505 0.340044 1.256804 0.733471 -0.180597 0.633738 0.166675
0.191764 0.339888 1.256813 0.733476 -0.180684 0.633689 0.166749
0.192019 0.339734 1.256822 0.733479 -0.180772 0.633641 0.166823
0.192270 0.339583 1.256831 0.733481 -0.180859 0.633594 0.166898
0.192517 0.339432 1.256840 0.733482 -0.180946 0.633548 0.166974
0.192759 0.339284 1.256849 0.733482 -0.181033 0.633503 0.167049
0.192998 0.339138 1.256859 0.733481 -0.181119 0.633459 0.167124
0.193232 0.338994 1.256868 0.733480 -0.181204 0.633417 0.167198
0.193462 0.338851 1.256877 0.733478 -0.181290 0.633375 0.167273
0.193688 0.338711 1.256886 0.733475 -0.181374 0.633334 0.167347
0.193909 0.338573 1.256895 0.733472 -0.181458 0.633294 0.167421
0.194142 0.338447 1.256917 0.733494 -0.181466 0.633276 0.167384
0.194382 0.338322 1.256943 0.733534 -0.181418 0.633252 0.167354
0.194627 0.338192 1.256972 0.733573 -0.181354 0.633232 0.167326
0.194877 0.338059 1.257005 0.733608 -0.181289 0.633216 0.167305
0.195131 0.337920 1.257040 0.733637 -0.181227 0.633203 0.167294
0.195388 0.337777 1.257078 0.733660 -0.181174 0.633192 0.167292
0.195647 0.337629 1.257118 0.733678 -0.181129 0.633182 0.167300
0.195908 0.337477 1.257161 0.733690 -0.181094 0.633174 0.167318
0.196169 0.337321 1.257205 0.733697 -0.181068 0.633166 0.167345
0.196432 0.337162 1.257251 0.733698 -0.181052 0.633160 0.167380
0.196694 0.337000 1.257298 0.733696 -0.181044 0.633154 0.167422
0.196956 0.336836 1.257346 0.733689 -0.181045 0.633148 0.167471
0.197218 0.336670 1.257395 0.733678 -0.181053 0.633144 0.167526
0.197478 0.336502 1.257446 0.733664 -0.181067 0.633140 0.167587
0.197737 0.336334 1.257496 0.733648 -0.181088 0.633136 0.167652
0.197994 0.336164 1.257548 0.733628 -0.181115 0.633133 0.167722
0.198249 0.335994 1.257600 0.733605 -0.181146 0.633130 0.167796
0.198502 0.335823 1.257652 0.733581 -0.181182 0.633128 0.167873
0.198753 0.335653 1.257704 0.733555 -0.181222 0.633126 0.167953
0.199001 0.335483 1.257756 0.733526 -0.181266 0.633124 0.168036
0.199246 0.335314 1.257809 0.733496 -0.181313 0.633122 0.168121
0.199489 0.335145 1.257861 0.733465 -0.181363 0.633121 0.168207
0.199729 0.334977 1.257913 0.733433 -0.181415 0.633120 0.168296
0.199965 0.334811 1.257964 0.733400 -0.181469 0.633120 0.168385
0.200192 0.334658 1.258016 0.733372 -0.181500 0.633123 0.168460
0.200409 0.334517 1.258069 0.733348 -0.181515 0.633129 0.168523
0.200618 0.334387 1.258122 0.733329 -0.181518 0.633137 0.168576
0.200818 0.334266 1.258176 0.733312 -0.181515 0.633146 0.168619
0.201012 0.334155 1.258229 0.733306 -0.181503 0.633150 0.168645
0.201199 0.334053 1.258279 0.733306 -0.181486 0.633151 0.168659
0.201381 0.333958 1.258327 0.733310 -0.181467 0.633150 0.168664
0.201556 0.333868 1.258373 0.733317 -0.181448 0.633147 0.168662
0.201727 0.333782 1.258418 0.733327 -0.181428 0.633143 0.168656
0.201896 0.333691 1.258461 0.733332 -0.181429 0.633136 0.168658
0.202063 0.333596 1.258502 0.733333 -0.181446 0.633128 0.168669
0.202226 0.333507 1.258542 0.733338 -0.181446 0.633120 0.168673
0.202384 0.333424 1.258580 0.733347 -0.181436 0.633114 0.168671
0.202538 0.333346 1.258617 0.733358 -0.181421 0.633107 0.168664
0.202688 0.333271 1.258654 0.733370 -0.181402 0.633101 0.168654
0.202834 0.333200 1.258689 0.733383 -0.181381 0.633096 0.168642
0.202993 0.333137 1.258747 0.733426 -0.181260 0.633123 0.168482
0.203164 0.333073 1.258831 0.733484 -0.181047 0.633164 0.168303
0.203347 0.333005 1.258934 0.733537 -0.180795 0.633224 0.168118
0.203538 0.332933 1.259053 0.733579 -0.180531 0.633299 0.167939
0.203740 0.332850 1.259187 0.733602 -0.180279 0.633385 0.167782
0.203952 0.332758 1.259333 0.733610 -0.180046 0.633479 0.167646
0.204168 0.332663 1.259487 0.733612 -0.179819 0.633575 0.167514
0.204390 0.332567 1.259648 0.733608 -0.179605 0.633674 0.167390
0.204615 0.332467 1.259814 0.733597 -0.179406 0.633773 0.167274
0.204844 0.332365 1.259985 0.733580 -0.179222 0.633873 0.167166
0.205076 0.332260 1.260161 0.733557 -0.179055 0.633973 0.167067
0.205310 0.332154 1.260339 0.733529 -0.178900 0.634074 0.166974
0.205545 0.332045 1.260521 0.733496 -0.178758 0.634174 0.166889
0.205782 0.331935 1.260705 0.733459 -0.178629 0.634274 0.166810
0.206020 0.331822 1.260891 0.733417 -0.178513 0.634374 0.166738
0.206258 0.331720 1.261078 0.733386 -0.178413 0.634470 0.166618
0.206493 0.331624 1.261267 0.733354 -0.178317 0.634568 0.166488
0.206729 0.331527 1.261455 0.733323 -0.178251 0.634658 0.166353
0.206965 0.331432 1.261644 0.733298 -0.178194 0.634741 0.166209
0.207200 0.331339 1.261831 0.733275 -0.178146 0.634819 0.166063
0.207435 0.331246 1.262018 0.733252 -0.178107 0.634894 0.165921
0.207669 0.331153 1.262204 0.733225 -0.178066 0.634969 0.165792
0.207902 0.331043 1.262384 0.733187 -0.178102 0.635035 0.165673
0.208135 0.330922 1.262557 0.733140 -0.178184 0.635093 0.165569
0.208366 0.330790 1.262725 0.733088 -0.178294 0.635147 0.165477
0.208596 0.330652 1.262887 0.733031 -0.178421 0.635197 0.165397
0.208824 0.330508 1.263044 0.732971 -0.178555 0.635247 0.165328
0.209050 0.330361 1.263196 0.732909 -0.178690 0.635295 0.165270
0.209275 0.330211 1.263345 0.732844 -0.178826 0.635344 0.165221
0.209497 0.330058 1.263490 0.732778 -0.178960 0.635393 0.165183
0.209717 0.329904 1.263632 0.732710 -0.179090 0.635442 0.165153
0.209935 0.329749 1.263771 0.732641 -0.179216 0.635492 0.165132
0.210151 0.329593 1.263907 0.732570 -0.179338 0.635542 0.165120
0.210364 0.329436 1.264041 0.732498 -0.179455 0.635593 0.165117
0.210575 0.329279 1.264172 0.732425 -0.179569 0.635645 0.165121
0.210784 0.329122 1.264301 0.732350 -0.179679 0.635696 0.165132
0.210990 0.328965 1.264428 0.732275 -0.179787 0.635748 0.165149
0.211193 0.328809 1.264553 0.732199 -0.179893 0.635800 0.165172
0.211394 0.328652 1.264676 0.732122 -0.179997 0.635851 0.165200
0.211592 0.328496 1.264797 0.732045 -0.180099 0.635903 0.165233
0.211799 0.328333 1.264936 0.731998 -0.180094 0.635971 0.165183
0.212014 0.328171 1.265087 0.731964 -0.180052 0.636050 0.165077
0.212235 0.328010 1.265245 0.731936 -0.179991 0.636135 0.164943
0.212461 0.327850 1.265409 0.731909 -0.179924 0.636223 0.164796
0.212691 0.327690 1.265579 0.731881 -0.179858 0.636313 0.164642
0.212924 0.327530 1.265752 0.731850 -0.179798 0.636405 0.164488
0.213159 0.327371 1.265929 0.731816 -0.179749 0.636498 0.164335
0.213396 0.327211 1.266109 0.731777 -0.179709 0.636592 0.164187
0.213635 0.327051 1.266292 0.731735 -0.179681 0.636686 0.164043
0.213874 0.326890 1.266477 0.731688 -0.179664 0.636780 0.163906
0.214114 0.326728 1.266664 0.731637 -0.179657 0.636874 0.163776
0.214353 0.326566 1.266852 0.731583 -0.179660 0.636967 0.163653
0.214592 0.326404 1.267041 0.731525 -0.179671 0.637060 0.163537
0.214831 0.326241 1.267230 0.731464 -0.179691 0.637152 0.163427
0.215069 0.326078 1.267420 0.731401 -0.179718 0.637244 0.163325
0.215305 0.325915 1.267609 0.731334 -0.179751 0.637335 0.163229
0.215540 0.325751 1.267797 0.731266 -0.179790 0.637425 0.163139
0.215774 0.325588 1.267984 0.731196 -0.179835 0.637515 0.163055
0.216006 0.325425 1.268171 0.731123 -0.179884 0.637604 0.162976
0.216235 0.325263 1.268356 0.731050 -0.179937 0.637692 0.162903
0.216463 0.325101 1.268540 0.730975 -0.179994 0.637780 0.162834
0.216688 0.324944 1.268722 0.730904 -0.180043 0.637864 0.162767
0.216911 0.324789 1.268902 0.730837 -0.180087 0.637945 0.162703
0.217130 0.324637 1.269081 0.730769 -0.180128 0.638026 0.162643
0.217347 0.324487 1.269258 0.730703 -0.180168 0.638105 0.162588
0.217560 0.324338 1.269432 0.730635 -0.180208 0.638184 0.162539
0.217770 0.324191 1.269605 0.730566 -0.180249 0.638263 0.162495
0.217977 0.324045 1.269775 0.730496 -0.180291 0.638341 0.162456
0.218182 0.323899 1.269944 0.730425 -0.180335 0.638418 0.162423
0.218383 0.323755 1.270110 0.730352 -0.180380 0.638496 0.162395
0.218581 0.323610 1.270273 0.730276 -0.180433 0.638574 0.162373
0.218776 0.323464 1.270435 0.730197 -0.180487 0.638652 0.162360
0.218968 0.323318 1.270594 0.730117 -0.180543 0.638729 0.162353
0.219158 0.323172 1.270750 0.730035 -0.180600 0.638807 0.162352
0.219345 0.323027 1.270905 0.729952 -0.180660 0.638884 0.162354
0.219530 0.322881 1.271056 0.729869 -0.180721 0.638960 0.162360
0.219712 0.322737 1.271205 0.729786 -0.180787 0.639035 0.162363
0.219891 0.322595 1.271351 0.729704 -0.180858 0.639109 0.162365
0.220067 0.322455 1.271494 0.729626 -0.180925 0.639179 0.162364
0.220240 0.322319 1.271635 0.729551 -0.180989 0.639248 0.162361
0.220418 0.322166 1.271812 0.729519 -0.180929 0.639321 0.162282
0.220597 0.322008 1.272011 0.729501 -0.180788 0.639412 0.162159
0.220776 0.321848 1.272224 0.729486 -0.180595 0.639518 0.162023
0.220954 0.321687 1.272447 0.729467 -0.180369 0.639638 0.161889
0.221133 0.321525 1.272678 0.729441 -0.180130 0.639767 0.161763
0.221312 0.321363 1.272915 0.729406 -0.179890 0.639904 0.161646
0.221491 0.321200 1.273156 0.729364 -0.179655 0.640045 0.161541
0.221670 0.321035 1.273401 0.729313 -0.179430 0.640189 0.161446
0.221849 0.320870 1.273648 0.729256 -0.179217 0.640336 0.161361
0.222028 0.320704 1.273897 0.729192 -0.179018 0.640483 0.161285
0.222207 0.320537 1.274147 0.729123 -0.178832 0.640631 0.161217
0.222386 0.320370 1.274397 0.729050 -0.178659 0.640778 0.161157
0.222565 0.320202 1.274647 0.728972 -0.178498 0.640925 0.161103
0.222743 0.320034 1.274896 0.728891 -0.178349 0.641070 0.161056
0.222920 0.319865 1.275144 0.728807 -0.178215 0.641213 0.161012
0.223097 0.319697 1.275389 0.728722 -0.178093 0.641355 0.160971
0.223272 0.319529 1.275632 0.728635 -0.177981 0.641494 0.160933
0.223447 0.319361 1.275874 0.728547 -0.177877 0.641631 0.160899
0.223620 0.319194 1.276112 0.728458 -0.177784 0.641767 0.160867
0.223791 0.319028 1.276348 0.728368 -0.177698 0.641900 0.160837
0.223961 0.318863 1.276580 0.728278 -0.177619 0.642031 0.160810
0.224129 0.318700 1.276810 0.728187 -0.177544 0.642160 0.160786
0.224295 0.318538 1.277038 0.728096 -0.177475 0.642288 0.160765
0.224459 0.318377 1.277262 0.728005 -0.177409 0.642414 0.160747
0.224622 0.318218 1.277483 0.727914 -0.177346 0.642538 0.160731
0.224782 0.318060 1.277702 0.727823 -0.177287 0.642660 0.160719
0.224940 0.317904 1.277917 0.727732 -0.177231 0.642781 0.160709
0.225096 0.317749 1.278130 0.727641 -0.177178 0.642901 0.160702
0.225250 0.317597 1.278339 0.727550 -0.177127 0.643019 0.160697
0.225402 0.317445 1.278545 0.727460 -0.177079 0.643135 0.160694
0.225551 0.317296 1.278748 0.727370 -0.177034 0.643249 0.160693
0.225699 0.317148 1.278948 0.727281 -0.176991 0.643361 0.160694
0.225844 0.317002 1.279145 0.727192 -0.176950 0.643472 0.160697
0.225986 0.316858 1.279339 0.727104 -0.176912 0.643581 0.160702
0.226127 0.316716 1.279529 0.727016 -0.176875 0.643689 0.160708
0.226265 0.316575 1.279717 0.726930 -0.176841 0.643794 0.160716
0.226401 0.316436 1.279901 0.726844 -0.176808 0.643898 0.160725
0.226534 0.316299 1.280082 0.726758 -0.176777 0.644000 0.160735
0.226666 0.316163 1.280260 0.726674 -0.176748 0.644101 0.160746
0.226795 0.316030 1.280435 0.726590 -0.176720 0.644200 0.160758
0.226932 0.315880 1.280655 0.726549 -0.176565 0.644303 0.160702
0.227076 0.315725 1.280904 0.726530 -0.176327 0.644408 0.160630
0.227225 0.315566 1.281173 0.726515 -0.176032 0.644521 0.160566
0.227379 0.315403 1.281456 0.726495 -0.175707 0.644644 0.160519
0.227537 0.315237 1.281750 0.726465 -0.175373 0.644775 0.160491
0.227698 0.315068 1.282052 0.726424 -0.175041 0.644914 0.160482
0.227863 0.314894 1.282361 0.726370 -0.174721 0.645059 0.160491
0.228032 0.314716 1.282675 0.726304 -0.174417 0.645210 0.160514
0.228204 0.314534 1.282994 0.726228 -0.174132 0.645364 0.160551
0.228379 0.314349 1.283315 0.726141 -0.173867 0.645521 0.160599
0.228557 0.314160 1.283639 0.726046 -0.173622 0.645680 0.160656
0.228737 0.313968 1.283964 0.725943 -0.173396 0.645840 0.160722
0.228920 0.313774 1.284289 0.725834 -0.173188 0.646001 0.160794
0.229104 0.313577 1.284615 0.725718 -0.172999 0.646161 0.160872
0.229289 0.313379 1.284940 0.725599 -0.172825 0.646321 0.160955
0.229476 0.313179 1.285263 0.725475 -0.172666 0.646481 0.161043
0.229663 0.312977 1.285585 0.725348 -0.172521 0.646639 0.161134
0.229851 0.312776 1.285905 0.725218 -0.172389 0.646797 0.161229
0.230039 0.312573 1.286222 0.725086 -0.172269 0.646953 0.161326
0.230226 0.312370 1.286537 0.724952 -0.172159 0.647107 0.161426
0.230414 0.312167 1.286848 0.724817 -0.172059 0.647260 0.161528
0.230600 0.311965 1.287157 0.724680 -0.171968 0.647411 0.161632
0.230786 0.311762 1.287461 0.724543 -0.171885 0.647560 0.161738
0.230970 0.311561 1.287763 0.724405 -0.171809 0.647707 0.161846
0.231153 0.311360 1.288060 0.724267 -0.171741 0.647853 0.161955
0.231335 0.311159 1.288353 0.724129 -0.171679 0.647996 0.162066
0.231515 0.310960 1.288643 0.723990 -0.171623 0.648138 0.162177
0.231693 0.310762 1.288928 0.723852 -0.171572 0.648277 0.162289
0.231870 0.310565 1.289209 0.723715 -0.171526 0.648414 0.162403
0.232044 0.310370 1.289486 0.723578 -0.171485 0.648550 0.162516
0.232217 0.310176 1.289759 0.723441 -0.171448 0.648683 0.162631
0.232387 0.309984 1.290028 0.723306 -0.171414 0.648814 0.162745
0.232555 0.309793 1.290292 0.723171 -0.171384 0.648944 0.162860
0.232721 0.309604 1.290552 0.723037 -0.171358 0.649071 0.162976
0.232885 0.309417 1.290807 0.722905 -0.171337 0.649195 0.163089
0.233046 0.309232 1.291058 0.722774 -0.171320 0.649317 0.163201
0.233204 0.309049 1.291304 0.722645 -0.171306 0.649437 0.163311
0.233360 0.308867 1.291546 0.722517 -0.171294 0.649555 0.163421
0.233514 0.308688 1.291784 0.722390 -0.171284 0.649671 0.163531
0.233665 0.308512 1.292017 0.722265 -0.171276 0.649784 0.163640
0.233823 0.308327 1.292294 0.722164 -0.171089 0.649936 0.163680
0.233985 0.308144 1.292595 0.722064 -0.170797 0.650119 0.163699
0.234153 0.307961 1.292915 0.721960 -0.170451 0.650323 0.163708
0.234324 0.307779 1.293250 0.721850 -0.170084 0.650539 0.163715
0.234500 0.307597 1.293597 0.721732 -0.169714 0.650764 0.163724
0.234679 0.307415 1.293952 0.721607 -0.169354 0.650994 0.163737
0.234862 0.307232 1.294316 0.721473 -0.169009 0.651227 0.163755
0.235048 0.307049 1.294685 0.721332 -0.168683 0.651461 0.163779
0.235237 0.306864 1.295059 0.721185 -0.168377 0.651696 0.163808
0.235428 0.306679 1.295436 0.721033 -0.168092 0.651930 0.163843
0.235620 0.306493 1.295815 0.720875 -0.167826 0.652162 0.163883
0.235815 0.306305 1.296196 0.720713 -0.167579 0.652394 0.163928
0.236010 0.306117 1.296576 0.720548 -0.167350 0.652623 0.163977
0.236206 0.305929 1.296956 0.720379 -0.167137 0.652850 0.164031
0.236402 0.305739 1.297334 0.720208 -0.166939 0.653075 0.164089
0.236599 0.305550 1.297711 0.720035 -0.166755 0.653297 0.164150
0.236795 0.305360 1.298086 0.719861 -0.166584 0.653516 0.164215
0.236991 0.305170 1.298457 0.719685 -0.166426 0.653733 0.164283
0.237185 0.304980 1.298825 0.719509 -0.166278 0.653946 0.164354
0.237380 0.304791 1.299190 0.719332 -0.166141 0.654157 0.164428
0.237572 0.304602 1.299551 0.719156 -0.166013 0.654365 0.164504
0.237764 0.304413 1.299908 0.718978 -0.165893 0.654570 0.164584
0.237954 0.304225 1.300262 0.718801 -0.165780 0.654772 0.164667
0.238142 0.304038 1.300611 0.718625 -0.165675 0.654971 0.164751
0.238328 0.303851 1.300955 0.718449 -0.165576 0.655167 0.164838
0.238513 0.303666 1.301295 0.718274 -0.165485 0.655360 0.164925
0.238695 0.303482 1.301630 0.718100 -0.165400 0.655550 0.165014
0.238876 0.303298 1.301959 0.717927 -0.165321 0.655736 0.165103
0.239054 0.303116 1.302284 0.717756 -0.165247 0.655920 0.165193
0.239230 0.302936 1.302604 0.717587 -0.165179 0.656100 0.165284
0.239403 0.302757 1.302919 0.717419 -0.165115 0.656276 0.165375
0.239574 0.302579 1.303229 0.717252 -0.165057 0.656450 0.165466
0.239743 0.302403 1.303533 0.717088 -0.165002 0.656620 0.165558
0.239909 0.302229 1.303832 0.716926 -0.164951 0.656787 0.165649
0.240072 0.302056 1.304127 0.716765 -0.164904 0.656951 0.165741
0.240233 0.301886 1.304416 0.716607 -0.164860 0.657112 0.165832
0.240391 0.301717 1.304699 0.716451 -0.164822 0.657269 0.165921
0.240546 0.301549 1.304977 0.716297 -0.164788 0.657423 0.166009
0.240699 0.301384 1.305250 0.716146 -0.164757 0.657573 0.166096
0.240849 0.301221 1.305518 0.715997 -0.164728 0.657721 0.166183
0.241011 0.301061 1.305827 0.715865 -0.164463 0.657924 0.166210
0.241181 0.300903 1.306162 0.715730 -0.164061 0.658170 0.166214
0.241359 0.300745 1.306520 0.715588 -0.163576 0.658444 0.166218
0.241544 0.300587 1.306898 0.715438 -0.163058 0.658734 0.166223
0.241737 0.300427 1.307291 0.715280 -0.162536 0.659033 0.166231
0.241936 0.300264 1.307697 0.715112 -0.162026 0.659337 0.166245
0.242141 0.300099 1.308115 0.714936 -0.161538 0.659642 0.166266
0.242351 0.299931 1.308541 0.714752 -0.161077 0.659948 0.166292
0.242566 0.299760 1.308973 0.714560 -0.160643 0.660252 0.166326
0.242784 0.299586 1.309411 0.714362 -0.160237 0.660555 0.166367
0.243006 0.299408 1.309852 0.714158 -0.159859 0.660855 0.166414
0.243230 0.299227 1.310295 0.713949 -0.159506 0.661152 0.166468
0.243456 0.299044 1.310740 0.713736 -0.159177 0.661446 0.166528
0.243684 0.298858 1.311184 0.713520 -0.158871 0.661737 0.166595
0.243913 0.298669 1.311628 0.713300 -0.158586 0.662024 0.166667
0.244142 0.298478 1.312070 0.713078 -0.158321 0.662307 0.166745
0.244372 0.298286 1.312510 0.712854 -0.158073 0.662586 0.166828
0.244602 0.298091 1.312947 0.712629 -0.157842 0.662861 0.166916
0.244831 0.297895 1.313380 0.712402 -0.157626 0.663133 0.167010
0.245059 0.297698 1.313811 0.712175 -0.157423 0.663400 0.167109
0.245286 0.297500 1.314236 0.711947 -0.157234 0.663663 0.167211
0.245512 0.297301 1.314658 0.711720 -0.157057 0.663922 0.167317
0.245737 0.297102 1.315075 0.711493 -0.156892 0.664177 0.167427
0.245959 0.296902 1.315486 0.711267 -0.156737 0.664427 0.167538
0.246180 0.296702 1.315893 0.711042 -0.156594 0.664673 0.167653
0.246399 0.296502 1.316294 0.710818 -0.156459 0.664915 0.167769
0.246615 0.296303 1.316689 0.710596 -0.156334 0.665152 0.167887
0.246829 0.296104 1.317078 0.710375 -0.156217 0.665385 0.168007
0.247041 0.295905 1.317462 0.710157 -0.156108 0.665613 0.168128
0.247250 0.295707 1.317839 0.709940 -0.156011 0.665836 0.168248
0.247456 0.295510 1.318210 0.709726 -0.155921 0.666055 0.168367
0.247659 0.295314 1.318575 0.709515 -0.155839 0.666269 0.168487
0.247860 0.295119 1.318933 0.709306 -0.155763 0.666479 0.168606
0.248057 0.294926 1.319286 0.709100 -0.155692 0.666685 0.168726
0.248251 0.294734 1.319632 0.708897 -0.155626 0.666886 0.168845
0.248442 0.294544 1.319973 0.708696 -0.155563 0.667083 0.168966
0.248630 0.294355 1.320307 0.708498 -0.155504 0.667277 0.169086
0.248816 0.294168 1.320636 0.708303 -0.155449 0.667467 0.169207
0.248997 0.293984 1.320958 0.708110 -0.155397 0.667652 0.169328
0.249176 0.293801 1.321275 0.707920 -0.155348 0.667834 0.169449
0.249374 0.293645 1.321621 0.707737 -0.155063 0.668087 0.169479
0.249588 0.293503 1.321993 0.707547 -0.154632 0.668380 0.169508
0.249817 0.293371 1.322391 0.707352 -0.154133 0.668696 0.169535
0.250059 0.293243 1.322813 0.707151 -0.153598 0.669023 0.169565
0.250313 0.293118 1.323256 0.706945 -0.153061 0.669357 0.169596
0.250576 0.292994 1.323717 0.706732 -0.152541 0.669692 0.169627
0.250848 0.292868 1.324193 0.706512 -0.152048 0.670028 0.169658
0.251128 0.292741 1.324681 0.706286 -0.151587 0.670363 0.169689
0.251412 0.292611 1.325180 0.706054 -0.151158 0.670696 0.169721
0.251702 0.292477 1.325687 0.705816 -0.150763 0.671027 0.169754
0.251995 0.292341 1.326200 0.705573 -0.150399 0.671355 0.169790
0.252291 0.292202 1.326717 0.705326 -0.150066 0.671680 0.169828
0.252589 0.292059 1.327236 0.705074 -0.149761 0.672002 0.169869
0.252889 0.291913 1.327758 0.704819 -0.149482 0.672320 0.169913
0.253188 0.291764 1.328280 0.704561 -0.149227 0.672635 0.169961
0.253488 0.291613 1.328801 0.704301 -0.148995 0.672946 0.170011
0.253788 0.291459 1.329320 0.704039 -0.148784 0.673253 0.170065
0.254086 0.291302 1.329837 0.703776 -0.148592 0.673556 0.170122
0.254383 0.291144 1.330350 0.703513 -0.148418 0.673855 0.170181
0.254679 0.290983 1.330859 0.703250 -0.148260 0.674148 0.170244
0.254972 0.290821 1.331364 0.702987 -0.148117 0.674438 0.170309
0.255264 0.290656 1.331863 0.702725 -0.147994 0.674721 0.170374
0.255552 0.290491 1.332356 0.702464 -0.147888 0.675000 0.170439
0.255837 0.290324 1.332844 0.702205 -0.147794 0.675273 0.170505
0.256120 0.290157 1.333324 0.701947 -0.147711 0.675541 0.170573
0.256399 0.289989 1.333798 0.701692 -0.147637 0.675805 0.170643
0.256674 0.289821 1.334266 0.701440 -0.147572 0.676063 0.170716
0.256946 0.289653 1.334727 0.701189 -0.147513 0.676317 0.170790
0.257214 0.289485 1.335180 0.700941 -0.147460 0.676566 0.170867
0.257479 0.289317 1.335627 0.700696 -0.147413 0.676810 0.170946
0.257739 0.289149 1.336067 0.700454 -0.147372 0.677049 0.171027
0.257996 0.288982 1.336500 0.700214 -0.147335 0.677284 0.171111
0.258248 0.288815 1.336926 0.699977 -0.147302 0.677514 0.171196
0.258497 0.288649 1.337345 0.699744 -0.147274 0.677740 0.171282
0.258742 0.288484 1.337756 0.699513 -0.147250 0.677961 0.171370
0.258983 0.288319 1.338161 0.699285 -0.147229 0.678178 0.171459
0.259219 0.288156 1.338559 0.699061 -0.147211 0.678391 0.171549
0.259452 0.287994 1.338950 0.698839 -0.147197 0.678599 0.171641
0.259681 0.287832 1.339334 0.698621 -0.147186 0.678802 0.171733
0.259906 0.287672 1.339711 0.698406 -0.147177 0.679002 0.171825
0.260152 0.287560 1.340095 0.698193 -0.146913 0.679295 0.171761
0.260421 0.287469 1.340491 0.697991 -0.146469 0.679618 0.171682
0.260710 0.287388 1.340905 0.697798 -0.145931 0.679953 0.171601
0.261016 0.287313 1.341336 0.697609 -0.145357 0.680291 0.171513
0.261337 0.287240 1.341785 0.697422 -0.144781 0.680629 0.171419
0.261669 0.287166 1.342251 0.697235 -0.144213 0.680965 0.171327
0.262012 0.287090 1.342730 0.697045 -0.143667 0.681298 0.171237
0.262362 0.287009 1.343221 0.696851 -0.143151 0.681627 0.171149
0.262718 0.286924 1.343722 0.696652 -0.142670 0.681952 0.171064
0.263079 0.286834 1.344231 0.696448 -0.142224 0.682273 0.170983
0.263444 0.286737 1.344745 0.696240 -0.141812 0.682591 0.170906
0.263810 0.286636 1.345264 0.696026 -0.141434 0.682906 0.170834
0.264178 0.286529 1.345786 0.695808 -0.141087 0.683216 0.170766
0.264546 0.286416 1.346309 0.695586 -0.140771 0.683523 0.170704
0.264914 0.286298 1.346833 0.695360 -0.140483 0.683826 0.170647
0.265281 0.286176 1.347356 0.695132 -0.140221 0.684125 0.170596
0.265647 0.286048 1.347876 0.694902 -0.139990 0.684418 0.170546
0.266011 0.285917 1.348393 0.694671 -0.139784 0.684707 0.170498
0.266372 0.285782 1.348907 0.694439 -0.139600 0.684991 0.170454
0.266730 0.285643 1.349416 0.694206 -0.139435 0.685270 0.170415
0.267086 0.285502 1.349920 0.693973 -0.139287 0.685544 0.170381
0.267437 0.285357 1.350420 0.693740 -0.139153 0.685814 0.170352
0.267785 0.285210 1.350913 0.693508 -0.139033 0.686079 0.170330
0.268130 0.285061 1.351401 0.693276 -0.138924 0.686339 0.170313
0.268470 0.284910 1.351883 0.693046 -0.138826 0.686595 0.170302
0.268806 0.284758 1.352359 0.692816 -0.138738 0.686846 0.170296
0.269137 0.284604 1.352828 0.692588 -0.138660 0.687092 0.170295
0.269465 0.284448 1.353290 0.692361 -0.138589 0.687333 0.170300
0.269787 0.284292 1.353746 0.692136 -0.138527 0.687570 0.170309
0.270105 0.284134 1.354195 0.691913 -0.138472 0.687802 0.170324
0.270418 0.283977 1.354638 0.691692 -0.138423 0.688030 0.170342
0.270727 0.283818 1.355073 0.691473 -0.138380 0.688253 0.170364
0.271031 0.283660 1.355501 0.691257 -0.138343 0.688471 0.170390
0.271330 0.283501 1.355922 0.691042 -0.138311 0.688685 0.170420
0.271624 0.283343 1.356337 0.690831 -0.138284 0.688895 0.170453
0.271913 0.283184 1.356744 0.690622 -0.138262 0.689100 0.170489
0.272198 0.283027 1.357144 0.690415 -0.138243 0.689301 0.170527
0.272477 0.282869 1.357538 0.690212 -0.138228 0.689498 0.170569
0.272752 0.282712 1.357924 0.690011 -0.138217 0.689690 0.170613
0.273022 0.282556 1.358304 0.689813 -0.138209 0.689879 0.170658
0.273316 0.282457 1.358673 0.689604 -0.138033 0.690162 0.170497
0.273630 0.282378 1.359047 0.689401 -0.137759 0.690478 0.170261
0.273965 0.282305 1.359430 0.689203 -0.137436 0.690802 0.170008
0.274318 0.282232 1.359826 0.689009 -0.137092 0.691126 0.169755
0.274684 0.282156 1.360233 0.688816 -0.136745 0.691448 0.169506
0.275062 0.282077 1.360651 0.688622 -0.136401 0.691769 0.169263
0.275448 0.281994 1.361080 0.688426 -0.136066 0.692088 0.169029
0.275842 0.281907 1.361519 0.688225 -0.135741 0.692405 0.168807
0.276239 0.281816 1.361964 0.688019 -0.135426 0.692722 0.168598
0.276640 0.281719 1.362416 0.687809 -0.135121 0.693038 0.168405
0.277043 0.281617 1.362873 0.687591 -0.134821 0.693353 0.168236
0.277446 0.281510 1.363333 0.687367 -0.134526 0.693668 0.168089
0.277849 0.281398 1.363794 0.687137 -0.134236 0.693983 0.167963
0.278251 0.281280 1.364257 0.686901 -0.133952 0.694296 0.167859
0.278652 0.281156 1.364718 0.686661 -0.133670 0.694608 0.167776
0.279050 0.281028 1.365178 0.686417 -0.133393 0.694918 0.167713
0.279445 0.280894 1.365635 0.686170 -0.133128 0.695224 0.167665
0.279838 0.280756 1.366090 0.685921 -0.132878 0.695526 0.167627
0.280227 0.280613 1.366542 0.685672 -0.132644 0.695823 0.167599
0.280613 0.280466 1.366991 0.685423 -0.132427 0.696114 0.167579
0.280996 0.280315 1.367435 0.685175 -0.132226 0.696400 0.167567
0.281374 0.280161 1.367875 0.684927 -0.132039 0.696680 0.167562
0.281748 0.280003 1.368310 0.684681 -0.131866 0.696955 0.167563
0.282117 0.279843 1.368740 0.684436 -0.131707 0.697224 0.167571
0.282482 0.279681 1.369164 0.684192 -0.131559 0.697487 0.167584
0.282842 0.279516 1.369582 0.683951 -0.131423 0.697745 0.167604
0.283198 0.279350 1.369995 0.683712 -0.131297 0.697997 0.167628
0.283548 0.279182 1.370402 0.683475 -0.131180 0.698244 0.167658
0.283893 0.279014 1.370802 0.683241 -0.131073 0.698485 0.167693
0.284234 0.278844 1.371197 0.683009 -0.130974 0.698721 0.167732
0.284569 0.278673 1.371585 0.682780 -0.130883 0.698951 0.167775
0.284899 0.278502 1.371967 0.682553 -0.130799 0.699177 0.167822
0.285224 0.278331 1.372343 0.682330 -0.130722 0.699397 0.167873
0.285543 0.278160 1.372712 0.682110 -0.130651 0.699612 0.167927
0.285857 0.277989 1.373075 0.681892 -0.130586 0.699822 0.167985
0.286167 0.277818 1.373432 0.681678 -0.130526 0.700028 0.168045
0.286470 0.277648 1.373783 0.681467 -0.130471 0.700228 0.168108
0.286769 0.277478 1.374128 0.681260 -0.130421 0.700424 0.168173
0.287063 0.277309 1.374466 0.681055 -0.130376 0.700615 0.168240
0.287351 0.277141 1.374799 0.680854 -0.130334 0.700802 0.168309
0.287671 0.277031 1.375108 0.680644 -0.130168 0.701062 0.168203
0.288019 0.276952 1.375407 0.680446 -0.129956 0.701338 0.168015
0.288391 0.276888 1.375707 0.680260 -0.129747 0.701616 0.167773
0.288782 0.276830 1.376010 0.680087 -0.129529 0.701884 0.167519
0.289188 0.276770 1.376313 0.679922 -0.129366 0.702142 0.167234
0.289604 0.276708 1.376615 0.679767 -0.129224 0.702389 0.166939
0.290027 0.276643 1.376915 0.679620 -0.129082 0.702626 0.166646
0.290453 0.276574 1.377214 0.679480 -0.128931 0.702856 0.166363
0.290881 0.276506 1.377511 0.679348 -0.128772 0.703080 0.166080
0.291308 0.276437 1.377808 0.679220 -0.128605 0.703300 0.165801
0.291734 0.276366 1.378104 0.679095 -0.128429 0.703517 0.165530
0.292158 0.276294 1.378399 0.678972 -0.128247 0.703730 0.165269
0.292578 0.276221 1.378693 0.678849 -0.128058 0.703941 0.165022
0.292996 0.276145 1.378985 0.678725 -0.127863 0.704150 0.164791
0.293409 0.276066 1.379276 0.678600 -0.127662 0.704357 0.164578
0.293818 0.275985 1.379564 0.678473 -0.127453 0.704562 0.164384
0.294222 0.275900 1.379850 0.678344 -0.127238 0.704765 0.164211
0.294622 0.275813 1.380134 0.678213 -0.127014 0.704967 0.164060
0.295016 0.275723 1.380414 0.678080 -0.126782 0.705167 0.163932
0.295405 0.275630 1.380691 0.677945 -0.126540 0.705364 0.163827
0.295789 0.275534 1.380964 0.677807 -0.126290 0.705560 0.163746
0.296167 0.275434 1.381233 0.677668 -0.126030 0.705754 0.163688
0.296539 0.275332 1.381497 0.677526 -0.125760 0.705946 0.163654
0.296906 0.275227 1.381758 0.677383 -0.125480 0.706136 0.163642
0.297267 0.275119 1.382013 0.677238 -0.125189 0.706324 0.163652
0.297623 0.275008 1.382264 0.677093 -0.124892 0.706509 0.163682
0.297974 0.274894 1.382512 0.676947 -0.124596 0.706691 0.163727
0.298319 0.274778 1.382756 0.676801 -0.124303 0.706869 0.163784
0.298659 0.274659 1.382996 0.676656 -0.124017 0.707042 0.163852
0.298994 0.274538 1.383233 0.676512 -0.123737 0.707212 0.163928
0.299324 0.274414 1.383467 0.676368 -0.123465 0.707377 0.164013
0.299650 0.274289 1.383696 0.676226 -0.123201 0.707538 0.164105
0.299970 0.274161 1.383923 0.676084 -0.122945 0.707695 0.164205
0.300285 0.274032 1.384145 0.675943 -0.122696 0.707848 0.164311
0.300596 0.273902 1.384364 0.675804 -0.122456 0.707997 0.164422
0.300901 0.273770 1.384579 0.675665 -0.122223 0.708142 0.164539
0.301202 0.273637 1.384791 0.675528 -0.121997 0.708283 0.164663
0.301498 0.273502 1.384999 0.675392 -0.121777 0.708421 0.164793
0.301790 0.273367 1.385203 0.675256 -0.121564 0.708555 0.164927
0.302077 0.273230 1.385405 0.675122 -0.121359 0.708686 0.165064
0.302401 0.273157 1.385595 0.674963 -0.121365 0.708921 0.164704
0.302757 0.273100 1.385798 0.674810 -0.121367 0.709161 0.164294
0.303136 0.273051 1.386015 0.674672 -0.121358 0.709393 0.163865
0.303534 0.273007 1.386245 0.674545 -0.121338 0.709617 0.163430
0.303947 0.272963 1.386489 0.674426 -0.121310 0.709835 0.162998
0.304370 0.272918 1.386746 0.674310 -0.121274 0.710049 0.162574
0.304801 0.272871 1.387015 0.674192 -0.121233 0.710261 0.162165
0.305237 0.272822 1.387297 0.674074 -0.121191 0.710472 0.161760
0.305677 0.272772 1.387590 0.673952 -0.121149 0.710685 0.161366
0.306119 0.272718 1.387892 0.673825 -0.121103 0.710897 0.160992
0.306561 0.272659 1.388202 0.673692 -0.121054 0.711111 0.160642
0.307003 0.272595 1.388519 0.673552 -0.121003 0.711326 0.160317
0.307444 0.272525 1.388842 0.673402 -0.120945 0.711544 0.160025
0.307884 0.272449 1.389170 0.673243 -0.120882 0.711764 0.159763
0.308321 0.272366 1.389502 0.673075 -0.120815 0.711986 0.159530
0.308756 0.272277 1.389836 0.672900 -0.120746 0.712209 0.159325
0.309188 0.272182 1.390171 0.672718 -0.120674 0.712433 0.159146
0.309616 0.272081 1.390506 0.672529 -0.120597 0.712658 0.158993
0.310040 0.271973 1.390841 0.672336 -0.120517 0.712883 0.158865
0.310460 0.271861 1.391174 0.672138 -0.120430 0.713108 0.158762
0.310875 0.271743 1.391503 0.671937 -0.120342 0.713330 0.158676
0.311286 0.271620 1.391827 0.671735 -0.120250 0.713551 0.158608
0.311691 0.271493 1.392147 0.671532 -0.120151 0.713769 0.158561
0.312091 0.271362 1.392463 0.671328 -0.120042 0.713986 0.158533
0.312486 0.271229 1.392773 0.671124 -0.119924 0.714199 0.158526
0.312875 0.271092 1.393079 0.670920 -0.119794 0.714410 0.158538
0.313258 0.270953 1.393379 0.670716 -0.119653 0.714618 0.158570
0.313636 0.270811 1.393675 0.670512 -0.119500 0.714824 0.158621
0.314008 0.270667 1.393964 0.670309 -0.119336 0.715026 0.158691
0.314373 0.270522 1.394248 0.670106 -0.119159 0.715226 0.158779
0.314733 0.270376 1.394528 0.669905 -0.118975 0.715423 0.158877
0.315087 0.270229 1.394801 0.669706 -0.118783 0.715617 0.158985
0.315434 0.270082 1.395069 0.669509 -0.118581 0.715808 0.159105
0.315776 0.269935 1.395331 0.669315 -0.118370 0.715996 0.159236
0.316111 0.269788 1.395588 0.669123 -0.118147 0.716180 0.159381
0.316441 0.269641 1.395838 0.668933 -0.117912 0.716361 0.159539
0.316764 0.269494 1.396082 0.668746 -0.117664 0.716538 0.159710
0.317081 0.269347 1.396321 0.668561 -0.117403 0.716712 0.159896
0.317392 0.269201 1.396553 0.668379 -0.117129 0.716882 0.160095
0.317697 0.269054 1.396779 0.668199 -0.116842 0.717049 0.160309
0.318049 0.268969 1.396971 0.668020 -0.116784 0.717273 0.160096
0.318439 0.268915 1.397159 0.667865 -0.116763 0.717491 0.159775
0.318857 0.268879 1.397349 0.667735 -0.116763 0.717698 0.159396
0.319297 0.268853 1.397543 0.667626 -0.116765 0.717891 0.158979
0.319754 0.268831 1.397740 0.667532 -0.116778 0.718075 0.158534
0.320222 0.268808 1.397942 0.667446 -0.116806 0.718252 0.158069
0.320698 0.268782 1.398147 0.667364 -0.116849 0.718426 0.157593
0.321178 0.268750 1.398355 0.667282 -0.116908 0.718599 0.157110
0.321662 0.268710 1.398564 0.667196 -0.116993 0.718771 0.156621
0.322146 0.268662 1.398775 0.667105 -0.117097 0.718945 0.156133
0.322629 0.268606 1.398986 0.667009 -0.117213 0.719120 0.155649
0.323111 0.268542 1.399196 0.666906 -0.117340 0.719297 0.155173
0.323590 0.268471 1.399406 0.666799 -0.117474 0.719476 0.154708
0.324066 0.268391 1.399615 0.666687 -0.117609 0.719653 0.154260
0.324538 0.268304 1.399822 0.666574 -0.117738 0.719828 0.153833
0.325006 0.268211 1.400026 0.666459 -0.117859 0.720000 0.153431
0.325470 0.268111 1.400230 0.666341 -0.117959 0.720171 0.153069
0.325929 0.268005 1.400431 0.666219 -0.118042 0.720339 0.152740
0.326382 0.267893 1.400630 0.666096 -0.118108 0.720505 0.152444
0.326830 0.267776 1.400827 0.665970 -0.118158 0.720669 0.152179
0.327272 0.267653 1.401020 0.665843 -0.118202 0.720831 0.151932
0.327708 0.267527 1.401210 0.665717 -0.118237 0.720990 0.151705
0.328138 0.267397 1.401395 0.665591 -0.118259 0.721146 0.151499
0.328561 0.267263 1.401576 0.665465 -0.118269 0.721299 0.151315
0.328979 0.267127 1.401754 0.665338 -0.118253 0.721450 0.151169
0.329390 0.266987 1.401929 0.665211 -0.118225 0.721598 0.151042
0.329794 0.266845 1.402099 0.665086 -0.118186 0.721743 0.150933
0.330192 0.266701 1.402264 0.664961 -0.118132 0.721885 0.150844
0.330583 0.266555 1.402426 0.664838 -0.118065 0.722024 0.150774
0.330968 0.266407 1.402585 0.664714 -0.117971 0.722160 0.150742
0.331346 0.266257 1.402739 0.664591 -0.117866 0.722295 0.150723
0.331718 0.266106 1.402889 0.664469 -0.117749 0.722426 0.150721
0.332083 0.265955 1.403035 0.664350 -0.117619 0.722554 0.150734
0.332441 0.265802 1.403176 0.664232 -0.117476 0.722679 0.150764
0.332793 0.265650 1.403313 0.664117 -0.117319 0.722801 0.150809
0.333139 0.265496 1.403445 0.664004 -0.117147 0.722920 0.150872
0.333478 0.265343 1.403573 0.663892 -0.116960 0.723036 0.150951
0.333811 0.265190 1.403698 0.663782 -0.116759 0.723150 0.151045
0.334137 0.265037 1.403818 0.663675 -0.116543 0.723260 0.151156
0.334457 0.264883 1.403934 0.663569 -0.116313 0.723368 0.151282
0.334824 0.264794 1.404014 0.663455 -0.116222 0.723519 0.151130
0.335228 0.264748 1.404083 0.663354 -0.116158 0.723670 0.150902
0.335659 0.264730 1.404149 0.663272 -0.116098 0.723810 0.150633
0.336109 0.264730 1.404216 0.663207 -0.116052 0.723941 0.150325
0.336574 0.264740 1.404284 0.663158 -0.116021 0.724063 0.149981
0.337048 0.264754 1.404354 0.663118 -0.116017 0.724177 0.149604
0.337528 0.264769 1.404426 0.663086 -0.116031 0.724287 0.149203
0.338010 0.264783 1.404499 0.663059 -0.116056 0.724394 0.148787
0.338493 0.264795 1.404573 0.663035 -0.116092 0.724498 0.148359
0.338974 0.264802 1.404647 0.663011 -0.116138 0.724601 0.147924
0.339453 0.264804 1.404720 0.662987 -0.116189 0.724703 0.147489
0.339928 0.264801 1.404793 0.662962 -0.116243 0.724806 0.147057
0.340398 0.264792 1.404866 0.662933 -0.116301 0.724910 0.146629
0.340863 0.264776 1.404937 0.662900 -0.116362 0.725015 0.146208
0.341323 0.264756 1.405008 0.662863 -0.116426 0.725122 0.145792
0.341778 0.264729 1.405078 0.662821 -0.116494 0.725232 0.145384
0.342226 0.264697 1.405147 0.662774 -0.116564 0.725343 0.144982
0.342669 0.264659 1.405214 0.662725 -0.116637 0.725456 0.144588
0.343106 0.264618 1.405280 0.662675 -0.116707 0.725566 0.144203
0.343536 0.264574 1.405344 0.662625 -0.116771 0.725675 0.143833
0.343960 0.264526 1.405406 0.662577 -0.116824 0.725781 0.143478
0.344377 0.264476 1.405466 0.662530 -0.116863 0.725883 0.143144
0.344788 0.264423 1.405524 0.662485 -0.116885 0.725983 0.142832
0.345191 0.264369 1.405580 0.662440 -0.116889 0.726080 0.142541
0.345588 0.264312 1.405634 0.662397 -0.116876 0.726173 0.142274
0.345977 0.264253 1.405686 0.662355 -0.116844 0.726265 0.142030
0.346360 0.264193 1.405735 0.662314 -0.116794 0.726353 0.141808
0.346736 0.264131 1.405782 0.662274 -0.116725 0.726440 0.141610
0.347105 0.264066 1.405829 0.662232 -0.116626 0.726524 0.141453
0.347467 0.263998 1.405874 0.662189 -0.116500 0.726608 0.141330
0.347823 0.263927 1.405918 0.662144 -0.116354 0.726691 0.141237
0.348172 0.263855 1.405960 0.662100 -0.116201 0.726771 0.141152
0.348515 0.263781 1.405998 0.662058 -0.116040 0.726850 0.141079
0.348851 0.263705 1.406034 0.662018 -0.115869 0.726925 0.141018
0.349181 0.263629 1.406067 0.661980 -0.115685 0.726998 0.140971
0.349504 0.263552 1.406097 0.661944 -0.115488 0.727068 0.140939
0.349821 0.263474 1.406124 0.661911 -0.115277 0.727135 0.140923
0.350132 0.263395 1.406149 0.661879 -0.115051 0.727200 0.140922
0.350436 0.263316 1.406171 0.661850 -0.114811 0.727262 0.140937
0.350735 0.263237 1.406191 0.661822 -0.114556 0.727322 0.140969
0.351077 0.263222 1.406175 0.661797 -0.114366 0.727407 0.140795
0.351456 0.263234 1.406155 0.661765 -0.114220 0.727503 0.140569
0.351862 0.263259 1.406140 0.661729 -0.114113 0.727603 0.140314
0.352290 0.263290 1.406133 0.661691 -0.114042 0.727702 0.140033
0.352734 0.263320 1.406133 0.661653 -0.114003 0.727801 0.139729
0.353189 0.263347 1.406142 0.661616 -0.113993 0.727898 0.139406
0.353653 0.263369 1.406158 0.661580 -0.114008 0.727994 0.139066
0.354124 0.263383 1.406179 0.661544 -0.114044 0.728088 0.138714
0.354600 0.263389 1.406205 0.661509 -0.114099 0.728180 0.138353
0.355079 0.263386 1.406235 0.661472 -0.114170 0.728272 0.137987
0.355559 0.263373 1.406268 0.661432 -0.114255 0.728364 0.137619
0.356039 0.263351 1.406304 0.661388 -0.114355 0.728458 0.137250
0.356517 0.263318 1.406342 0.661340 -0.114466 0.728554 0.136883
0.356992 0.263277 1.406381 0.661286 -0.114588 0.728652 0.136519
0.357465 0.263226 1.406422 0.661226 -0.114720 0.728752 0.136159
0.357934 0.263167 1.406464 0.661161 -0.114860 0.728856 0.135804
0.358398 0.263100 1.406507 0.661089 -0.115008 0.728963 0.135453
0.358858 0.263025 1.406550 0.661012 -0.115163 0.729072 0.135108
0.359313 0.262943 1.406594 0.660930 -0.115323 0.729184 0.134768
0.359763 0.262854 1.406637 0.660842 -0.115487 0.729299 0.134435
0.360207 0.262759 1.406680 0.660750 -0.115655 0.729417 0.134107
0.360646 0.262659 1.406722 0.660653 -0.115826 0.729536 0.133785
0.361079 0.262553 1.406764 0.660555 -0.115996 0.729656 0.133471
0.361506 0.262445 1.406804 0.660458 -0.116160 0.729772 0.133169
0.361928 0.262333 1.406843 0.660363 -0.116312 0.729886 0.132883
0.362343 0.262218 1.406880 0.660271 -0.116450 0.729997 0.132615
0.362751 0.262101 1.406915 0.660181 -0.116570 0.730104 0.132368
0.363153 0.261982 1.406948 0.660093 -0.116669 0.730207 0.132144
0.363548 0.261861 1.406979 0.660008 -0.116748 0.730308 0.131944
0.363937 0.261739 1.407009 0.659925 -0.116806 0.730406 0.131768
0.364318 0.261614 1.407036 0.659844 -0.116842 0.730501 0.131616
0.364693 0.261488 1.407062 0.659764 -0.116857 0.730594 0.131488
0.365062 0.261360 1.407087 0.659685 -0.116851 0.730684 0.131385
0.365424 0.261231 1.407110 0.659607 -0.116823 0.730773 0.131308
0.365779 0.261100 1.407131 0.659530 -0.116774 0.730860 0.131255
0.366129 0.260967 1.407152 0.659453 -0.116704 0.730945 0.131226
0.366471 0.260833 1.407171 0.659378 -0.116616 0.731029 0.131219
0.366808 0.260698 1.407189 0.659303 -0.116509 0.731110 0.131233
0.367138 0.260561 1.407205 0.659230 -0.116385 0.731190 0.131267
0.367462 0.260423 1.407220 0.659158 -0.116244 0.731268 0.131321
0.367835 0.260363 1.407186 0.659083 -0.116101 0.731373 0.131239
0.368249 0.260348 1.407138 0.658996 -0.115952 0.731493 0.131139
0.368693 0.260359 1.407089 0.658899 -0.115830 0.731622 0.131011
0.369157 0.260385 1.407045 0.658799 -0.115744 0.731755 0.130852
0.369636 0.260420 1.407006 0.658698 -0.115692 0.731888 0.130661
0.370125 0.260459 1.406974 0.658600 -0.115668 0.732019 0.130442
0.370621 0.260498 1.406947 0.658506 -0.115667 0.732147 0.130199
0.371120 0.260534 1.406924 0.658417 -0.115693 0.732270 0.129929
0.371622 0.260567 1.406903 0.658335 -0.115737 0.732389 0.129639
0.372124 0.260594 1.406883 0.658260 -0.115794 0.732502 0.129335
0.372627 0.260615 1.406864 0.658189 -0.115860 0.732610 0.129021
0.373129 0.260629 1.406844 0.658124 -0.115933 0.732713 0.128700
0.373631 0.260635 1.406825 0.658063 -0.116014 0.732813 0.128373
0.374131 0.260632 1.406805 0.658003 -0.116103 0.732910 0.128044
0.374628 0.260621 1.406786 0.657945 -0.116199 0.733005 0.127713
0.375121 0.260602 1.406766 0.657885 -0.116301 0.733099 0.127383
0.375610 0.260574 1.406747 0.657824 -0.116410 0.733194 0.127054
0.376094 0.260538 1.406727 0.657761 -0.116524 0.733289 0.126726
0.376573 0.260495 1.406707 0.657695 -0.116643 0.733385 0.126402
0.377046 0.260444 1.406687 0.657627 -0.116766 0.733483 0.126080
0.377513 0.260387 1.406667 0.657555 -0.116893 0.733581 0.125762
0.377973 0.260323 1.406646 0.657481 -0.117022 0.733681 0.125447
0.378428 0.260253 1.406625 0.657404 -0.117154 0.733782 0.125136
0.378876 0.260178 1.406604 0.657324 -0.117288 0.733884 0.124829
0.379318 0.260099 1.406583 0.657245 -0.117420 0.733985 0.124529
0.379753 0.260015 1.406560 0.657167 -0.117547 0.734083 0.124238
0.380182 0.259930 1.406537 0.657094 -0.117662 0.734178 0.123962
0.380604 0.259842 1.406513 0.657023 -0.117770 0.734269 0.123692
0.381019 0.259754 1.406488 0.656956 -0.117867 0.734357 0.123434
0.381426 0.259665 1.406462 0.656893 -0.117949 0.734441 0.123190
0.381827 0.259573 1.406434 0.656835 -0.118005 0.734520 0.122973
0.382220 0.259480 1.406404 0.656781 -0.118033 0.734595 0.122786
0.382605 0.259384 1.406373 0.656730 -0.118036 0.734668 0.122626
0.382984 0.259287 1.406341 0.656680 -0.118014 0.734737 0.122493
0.383355 0.259187 1.406308 0.656632 -0.117969 0.734805 0.122386
0.383720 0.259085 1.406275 0.656585 -0.117901 0.734872 0.122306
0.384078 0.258980 1.406241 0.656538 -0.117812 0.734937 0.122251
0.384429 0.258874 1.406207 0.656491 -0.117702 0.735002 0.122220
0.384774 0.258766 1.406173 0.656445 -0.117573 0.735065 0.122212
0.385113 0.258656 1.406139 0.656400 -0.117426 0.735127 0.122223
0.385497 0.258615 1.406056 0.656346 -0.117263 0.735217 0.122127
0.385920 0.258616 1.405962 0.656271 -0.117083 0.735330 0.122022
0.386373 0.258644 1.405869 0.656179 -0.116925 0.735458 0.121896
0.386848 0.258689 1.405780 0.656075 -0.116799 0.735596 0.121745
0.387337 0.258746 1.405698 0.655964 -0.116704 0.735740 0.121569
0.387837 0.258809 1.405623 0.655850 -0.116638 0.735885 0.121366
0.388343 0.258873 1.405556 0.655734 -0.116599 0.736032 0.121140
0.388853 0.258937 1.405495 0.655620 -0.116581 0.736176 0.120894
0.389365 0.258998 1.405440 0.655510 -0.116580 0.736318 0.120632
0.389878 0.259054 1.405388 0.655404 -0.116603 0.736455 0.120347
0.390389 0.259105 1.405339 0.655306 -0.116642 0.736586 0.120045
0.390900 0.259148 1.405290 0.655213 -0.116691 0.736711 0.119732
0.391409 0.259185 1.405242 0.655126 -0.116749 0.736832 0.119411
0.391915 0.259214 1.405196 0.655042 -0.116813 0.736949 0.119086
0.392417 0.259236 1.405149 0.654961 -0.116884 0.737063 0.118756
0.392914 0.259249 1.405104 0.654880 -0.116960 0.737175 0.118425
0.393406 0.259255 1.405059 0.654800 -0.117041 0.737287 0.118093
0.393892 0.259253 1.405014 0.654718 -0.117127 0.737399 0.117761
0.394372 0.259245 1.404970 0.654637 -0.117216 0.737510 0.117431
0.394846 0.259231 1.404927 0.654557 -0.117305 0.737618 0.117105
0.395314 0.259212 1.404883 0.654481 -0.117389 0.737723 0.116789
0.395775 0.259189 1.404839 0.654408 -0.117465 0.737824 0.116485
0.396229 0.259162 1.404795 0.654338 -0.117527 0.737921 0.116197
0.396675 0.259131 1.404750 0.654273 -0.117573 0.738014 0.115927
0.397115 0.259097 1.404705 0.654211 -0.117601 0.738103 0.115678
0.397547 0.259059 1.404659 0.654152 -0.117610 0.738189 0.115451
0.397972 0.259017 1.404613 0.654096 -0.117600 0.738273 0.115247
0.398390 0.258973 1.404567 0.654042 -0.117569 0.738354 0.115065
0.398800 0.258925 1.404520 0.653989 -0.117519 0.738433 0.114906
0.399203 0.258874 1.404473 0.653939 -0.117449 0.738510 0.114769
0.399599 0.258820 1.404427 0.653889 -0.117358 0.738586 0.114658
0.399988 0.258763 1.404381 0.653840 -0.117247 0.738661 0.114570
0.400370 0.258703 1.404335 0.653792 -0.117118 0.738734 0.114504
0.400745 0.258640 1.404290 0.653745 -0.116970 0.738806 0.114459
0.401113 0.258575 1.404244 0.653699 -0.116805 0.738877 0.114434
0.401474 0.258507 1.404198 0.653654 -0.116623 0.738946 0.114429
0.401829 0.258436 1.404153 0.653611 -0.116426 0.739014 0.114442
0.402178 0.258363 1.404107 0.653568 -0.116213 0.739080 0.114472
0.402519 0.258289 1.404062 0.653528 -0.115984 0.739144 0.114520
0.402855 0.258212 1.404016 0.653489 -0.115742 0.739207 0.114583
0.403232 0.258190 1.403918 0.653436 -0.115535 0.739302 0.114480
0.403644 0.258197 1.403800 0.653357 -0.115338 0.739422 0.114356
0.404084 0.258219 1.403673 0.653255 -0.115174 0.739559 0.114216
0.404543 0.258249 1.403543 0.653139 -0.115046 0.739706 0.114058
0.405017 0.258282 1.403411 0.653016 -0.114951 0.739857 0.113882
0.405501 0.258317 1.403277 0.652890 -0.114881 0.740008 0.113689
0.405991 0.258350 1.403143 0.652766 -0.114830 0.740157 0.113483
0.406487 0.258382 1.403008 0.652646 -0.114794 0.740302 0.113264
0.406986 0.258413 1.402871 0.652533 -0.114768 0.740441 0.113036
0.407487 0.258440 1.402732 0.652426 -0.114750 0.740573 0.112798
0.407987 0.258462 1.402591 0.652330 -0.114751 0.740697 0.112542
0.408487 0.258478 1.402448 0.652244 -0.114765 0.740811 0.112272
0.408985 0.258488 1.402303 0.652171 -0.114787 0.740914 0.111995
0.409481 0.258490 1.402155 0.652112 -0.114811 0.741005 0.111717
0.409974 0.258486 1.402005 0.652066 -0.114833 0.741083 0.111442
0.410464 0.258475 1.401854 0.652032 -0.114850 0.741151 0.111176
0.410948 0.258457 1.401700 0.652008 -0.114857 0.741208 0.110921
0.411427 0.258432 1.401546 0.651993 -0.114853 0.741258 0.110681
0.411900 0.258400 1.401390 0.651986 -0.114836 0.741300 0.110457
0.412366 0.258362 1.401234 0.651986 -0.114804 0.741336 0.110252
0.412825 0.258318 1.401077 0.651991 -0.114758 0.741366 0.110065
0.413277 0.258268 1.400920 0.652000 -0.114694 0.741393 0.109899
0.413722 0.258213 1.400764 0.652012 -0.114613 0.741416 0.109757
0.414160 0.258152 1.400608 0.652027 -0.114514 0.741436 0.109637
0.414591 0.258086 1.400453 0.652043 -0.114397 0.741454 0.109539
0.415015 0.258015 1.400298 0.652060 -0.114264 0.741471 0.109464
0.415432 0.257939 1.400145 0.652078 -0.114114 0.741486 0.109409
0.415842 0.257859 1.399993 0.652098 -0.113949 0.741499 0.109374
0.416245 0.257774 1.399842 0.652118 -0.113768 0.741512 0.109359
0.416642 0.257686 1.399692 0.652139 -0.113571 0.741523 0.109363
0.417031 0.257594 1.399544 0.652161 -0.113360 0.741533 0.109385
0.417414 0.257499 1.399397 0.652183 -0.113135 0.741542 0.109425
0.417790 0.257401 1.399251 0.652206 -0.112895 0.741550 0.109481
0.418159 0.257300 1.399106 0.652230 -0.112641 0.741557 0.109555
0.418522 0.257196 1.398963 0.652254 -0.112374 0.741562 0.109643
0.418878 0.257090 1.398821 0.652279 -0.112094 0.741567 0.109748
0.419228 0.256982 1.398681 0.652305 -0.111800 0.741571 0.109867
0.419572 0.256871 1.398541 0.652332 -0.111494 0.741574 0.110000
0.419909 0.256759 1.398403 0.652360 -0.111175 0.741576 0.110147
0.420240 0.256645 1.398267 0.652388 -0.110844 0.741577 0.110307
0.420608 0.256582 1.398087 0.652399 -0.110584 0.741615 0.110243
0.421011 0.256544 1.397890 0.652378 -0.110373 0.741684 0.110115
0.421439 0.256520 1.397690 0.652330 -0.110198 0.741774 0.109966
0.421888 0.256504 1.397489 0.652265 -0.110054 0.741877 0.109806
0.422351 0.256490 1.397292 0.652186 -0.109923 0.741988 0.109651
0.422825 0.256478 1.397098 0.652101 -0.109801 0.742103 0.109503
0.423307 0.256465 1.396908 0.652015 -0.109681 0.742217 0.109362
0.423793 0.256450 1.396720 0.651931 -0.109559 0.742329 0.109232
0.424282 0.256435 1.396535 0.651849 -0.109430 0.742436 0.109112
0.424771 0.256419 1.396350 0.651776 -0.109304 0.742537 0.108989
0.425258 0.256404 1.396164 0.651711 -0.109175 0.742632 0.108868
0.425742 0.256391 1.395978 0.651654 -0.109035 0.742719 0.108751
0.426223 0.256379 1.395791 0.651605 -0.108881 0.742800 0.108643
0.426699 0.256371 1.395603 0.651564 -0.108712 0.742876 0.108543
0.427170 0.256366 1.395414 0.651530 -0.108524 0.742946 0.108454
0.427634 0.256363 1.395225 0.651502 -0.108322 0.743012 0.108374
0.428092 0.256361 1.395037 0.651480 -0.108106 0.743073 0.108304
0.428541 0.256359 1.394850 0.651464 -0.107877 0.743129 0.108244
0.428983 0.256357 1.394665 0.651453 -0.107634 0.743181 0.108194
0.429416 0.256355 1.394482 0.651446 -0.107377 0.743230 0.108156
0.429840 0.256351 1.394301 0.651445 -0.107107 0.743274 0.108129
0.430256 0.256347 1.394121 0.651448 -0.106823 0.743314 0.108114
0.430663 0.256343 1.393943 0.651455 -0.106525 0.743351 0.108110
0.431062 0.256337 1.393767 0.651466 -0.106213 0.743385 0.108117
0.431453 0.256330 1.393592 0.651481 -0.105888 0.743416 0.108136
0.431835 0.256322 1.393419 0.651499 -0.105549 0.743444 0.108166
0.432209 0.256314 1.393247 0.651520 -0.105197 0.743469 0.108208
0.432576 0.256304 1.393077 0.651545 -0.104832 0.743491 0.108261
0.432934 0.256294 1.392909 0.651572 -0.104455 0.743511 0.108325
0.433285 0.256282 1.392742 0.651602 -0.104065 0.743528 0.108399
0.433628 0.256270 1.392577 0.651635 -0.103663 0.743543 0.108485
0.433964 0.256257 1.392413 0.651670 -0.103250 0.743556 0.108580
0.434292 0.256243 1.392251 0.651707 -0.102824 0.743568 0.108686
0.434614 0.256228 1.392090 0.651746 -0.102388 0.743576 0.108802
0.434928 0.256212 1.391931 0.651787 -0.101940 0.743584 0.108928
0.435236 0.256195 1.391773 0.651830 -0.101482 0.743589 0.109063
0.435537 0.256178 1.391617 0.651875 -0.101014 0.743592 0.109208
0.435831 0.256160 1.391462 0.651921 -0.100535 0.743594 0.109363
0.436119 0.256140 1.391308 0.651969 -0.100046 0.743594 0.109526
0.436400 0.256120 1.391157 0.652018 -0.099547 0.743592 0.109698
0.436725 0.256137 1.390964 0.652062 -0.099062 0.743612 0.109743
0.437087 0.256171 1.390756 0.652082 -0.098589 0.743653 0.109772
0.437477 0.256212 1.390543 0.652078 -0.098142 0.743712 0.109792
0.437888 0.256255 1.390329 0.652055 -0.097725 0.743785 0.109807
0.438316 0.256295 1.390118 0.652019 -0.097332 0.743866 0.109821
0.438756 0.256332 1.389910 0.651973 -0.096958 0.743953 0.109837
0.439205 0.256363 1.389705 0.651922 -0.096598 0.744042 0.109855
0.439660 0.256388 1.389503 0.651868 -0.096248 0.744131 0.109877
0.440119 0.256409 1.389306 0.651811 -0.095893 0.744222 0.109916
0.440580 0.256425 1.389111 0.651754 -0.095541 0.744310 0.109960
0.441041 0.256437 1.388918 0.651699 -0.095188 0.744396 0.110010
0.441502 0.256446 1.388727 0.651647 -0.094829 0.744479 0.110067
0.441960 0.256454 1.388537 0.651598 -0.094464 0.744559 0.110132
0.442416 0.256462 1.388348 0.651553 -0.094089 0.744635 0.110206
0.442868 0.256469 1.388159 0.651511 -0.093703 0.744708 0.110288
0.443316 0.256477 1.387970 0.651474 -0.093300 0.744777 0.110383
0.443760 0.256486 1.387781 0.651440 -0.092879 0.744843 0.110491
0.444199 0.256497 1.387593 0.651409 -0.092444 0.744906 0.110610
0.444633 0.256507 1.387407 0.651381 -0.091997 0.744967 0.110738
0.445059 0.256517 1.387223 0.651355 -0.091540 0.745026 0.110874
0.445479 0.256525 1.387042 0.651331 -0.091076 0.745083 0.111019
0.445891 0.256532 1.386863 0.651309 -0.090603 0.745136 0.111171
0.446295 0.256538 1.386688 0.651291 -0.090122 0.745187 0.111331
0.446692 0.256541 1.386515 0.651274 -0.089634 0.745235 0.111498
0.447081 0.256543 1.386344 0.651261 -0.089137 0.745280 0.111672
0.447463 0.256543 1.386176 0.651251 -0.088633 0.745323 0.111852
0.447837 0.256541 1.386011 0.651243 -0.088120 0.745362 0.112040
0.448203 0.256538 1.385847 0.651239 -0.087599 0.745398 0.112235
0.448562 0.256534 1.385685 0.651237 -0.087071 0.745431 0.112436
0.448913 0.256528 1.385526 0.651238 -0.086535 0.745462 0.112643
0.449258 0.256521 1.385368 0.651241 -0.085990 0.745489 0.112857
0.449595 0.256512 1.385212 0.651246 -0.085439 0.745515 0.113077
0.449925 0.256502 1.385058 0.651255 -0.084881 0.745537 0.113302
0.450248 0.256492 1.384905 0.651266 -0.084316 0.745556 0.113531
0.450564 0.256480 1.384753 0.651279 -0.083745 0.745573 0.113766
0.450873 0.256467 1.384604 0.651294 -0.083167 0.745588 0.114006
0.451176 0.256454 1.384455 0.651312 -0.082582 0.745600 0.114252
0.451473 0.256439 1.384308 0.651331 -0.081991 0.745610 0.114504
0.451763 0.256424 1.384163 0.651352 -0.081391 0.745618 0.114761
0.452046 0.256408 1.384019 0.651374 -0.080785 0.745624 0.115025
0.452372 0.256421 1.383833 0.651399 -0.080164 0.745642 0.115201
0.452731 0.256448 1.383629 0.651402 -0.079561 0.745682 0.115340
0.453117 0.256480 1.383419 0.651381 -0.078987 0.745743 0.115466
0.453524 0.256510 1.383208 0.651337 -0.078445 0.745820 0.115581
0.453948 0.256536 1.383000 0.651276 -0.077933 0.745910 0.115690
0.454383 0.256556 1.382794 0.651204 -0.077447 0.746007 0.115795
0.454829 0.256569 1.382592 0.651125 -0.076982 0.746108 0.115898
0.455282 0.256576 1.382393 0.651043 -0.076531 0.746210 0.116003
0.455742 0.256575 1.382196 0.650961 -0.076091 0.746310 0.116109
0.456206 0.256569 1.382001 0.650881 -0.075657 0.746407 0.116220
0.456673 0.256556 1.381808 0.650804 -0.075225 0.746499 0.116336
0.457142 0.256538 1.381616 0.650732 -0.074793 0.746587 0.116459
0.457610 0.256515 1.381426 0.650663 -0.074359 0.746670 0.116587
0.458078 0.256489 1.381236 0.650598 -0.073921 0.746749 0.116722
0.458542 0.256458 1.381048 0.650537 -0.073480 0.746823 0.116864
0.459003 0.256423 1.380863 0.650479 -0.073039 0.746894 0.117012
0.459459 0.256381 1.380680 0.650423 -0.072598 0.746961 0.117167
0.459910 0.256335 1.380502 0.650369 -0.072164 0.747025 0.117325
0.460356 0.256284 1.380328 0.650317 -0.071740 0.747087 0.117484
0.460797 0.256229 1.380157 0.650267 -0.071327 0.747145 0.117644
0.461231 0.256170 1.379991 0.650218 -0.070926 0.747200 0.117804
0.461660 0.256106 1.379828 0.650172 -0.070529 0.747252 0.117970
0.462083 0.256038 1.379668 0.650128 -0.070138 0.747300 0.118140
0.462499 0.255966 1.379511 0.650084 -0.069755 0.747346 0.118313
0.462910 0.255891 1.379359 0.650042 -0.069379 0.747390 0.118488
0.463315 0.255812 1.379209 0.650000 -0.069011 0.747433 0.118664
0.463714 0.255732 1.379063 0.649959 -0.068651 0.747474 0.118839
0.464107 0.255649 1.378920 0.649918 -0.068301 0.747514 0.119014
0.464495 0.255564 1.378781 0.649878 -0.067959 0.747552 0.119189
0.464877 0.255477 1.378644 0.649837 -0.067624 0.747590 0.119364
0.465253 0.255389 1.378511 0.649796 -0.067298 0.747627 0.119537
0.465624 0.255300 1.378381 0.649756 -0.066981 0.747664 0.119709
0.465988 0.255210 1.378254 0.649716 -0.066673 0.747699 0.119877
0.466348 0.255120 1.378130 0.649677 -0.066374 0.747733 0.120041
0.466702 0.255029 1.378008 0.649639 -0.066084 0.747766 0.120202
0.467050 0.254938 1.377888 0.649601 -0.065803 0.747798 0.120359
0.467392 0.254847 1.377771 0.649565 -0.065530 0.747829 0.120513
0.467729 0.254757 1.377657 0.649529 -0.065265 0.747859 0.120664
0.468061 0.254667 1.377544 0.649494 -0.065007 0.747888 0.120812
0.468387 0.254577 1.377434 0.649460 -0.064755 0.747916 0.120957
0.468749 0.254519 1.377263 0.649453 -0.064333 0.747929 0.121139
0.469140 0.254480 1.377061 0.649447 -0.063856 0.747944 0.121329
0.469552 0.254450 1.376843 0.649433 -0.063373 0.747967 0.121519
0.469980 0.254423 1.376617 0.649406 -0.062905 0.748000 0.121702
0.470418 0.254397 1.376388 0.649368 -0.062463 0.748041 0.121876
0.470863 0.254370 1.376158 0.649323 -0.062048 0.748088 0.122041
0.471312 0.254341 1.375928 0.649273 -0.061657 0.748138 0.122198
0.471763 0.254310 1.375698 0.649223 -0.061288 0.748188 0.122346
0.472214 0.254278 1.375468 0.649174 -0.060936 0.748236 0.122486
0.472664 0.254245 1.375239 0.649129 -0.060600 0.748281 0.122619
0.473111 0.254213 1.375010 0.649089 -0.060276 0.748321 0.122745
0.473555 0.254182 1.374781 0.649055 -0.059962 0.748356 0.122864
0.473996 0.254153 1.374552 0.649028 -0.059657 0.748385 0.122976
0.474433 0.254127 1.374322 0.649008 -0.059357 0.748409 0.123080
0.474865 0.254104 1.374091 0.648995 -0.059063 0.748427 0.123178
0.475292 0.254086 1.373861 0.648989 -0.058773 0.748441 0.123268
0.475714 0.254073 1.373630 0.648990 -0.058486 0.748449 0.123351
0.476131 0.254066 1.373398 0.648996 -0.058201 0.748453 0.123427
0.476541 0.254064 1.373167 0.649008 -0.057921 0.748453 0.123494
0.476945 0.254067 1.372937 0.649025 -0.057648 0.748450 0.123553
0.477342 0.254073 1.372710 0.649046 -0.057383 0.748444 0.123602
0.477731 0.254082 1.372485 0.649071 -0.057128 0.748435 0.123644
0.478113 0.254094 1.372263 0.649100 -0.056881 0.748423 0.123678
0.478486 0.254108 1.372043 0.649133 -0.056643 0.748409 0.123704
0.478852 0.254125 1.371826 0.649169 -0.056412 0.748391 0.123724
0.479209 0.254143 1.371612 0.649210 -0.056188 0.748371 0.123738
0.479559 0.254164 1.371400 0.649254 -0.055970 0.748347 0.123746
0.479901 0.254186 1.371191 0.649301 -0.055758 0.748322 0.123749
0.480236 0.254210 1.370985 0.649352 -0.055550 0.748293 0.123748
0.480563 0.254235 1.370780 0.649405 -0.055346 0.748263 0.123743
0.480883 0.254262 1.370579 0.649461 -0.055147 0.748231 0.123735
0.481196 0.254291 1.370380 0.649519 -0.054953 0.748197 0.123722
0.481502 0.254322 1.370183 0.649578 -0.054763 0.748162 0.123705
0.481801 0.254354 1.369989 0.649640 -0.054578 0.748125 0.123685
0.482094 0.254387 1.369798 0.649703 -0.054397 0.748088 0.123661
0.482380 0.254422 1.369609 0.649767 -0.054220 0.748049 0.123633
0.482660 0.254459 1.369422 0.649833 -0.054047 0.748010 0.123603
0.482933 0.254497 1.369238 0.649899 -0.053878 0.747970 0.123569
0.483201 0.254536 1.369057 0.649966 -0.053713 0.747930 0.123532
0.483463 0.254577 1.368878 0.650034 -0.053552 0.747889 0.123492
0.483762 0.254646 1.368645 0.650118 -0.053280 0.747837 0.123483
0.484087 0.254726 1.368379 0.650186 -0.052943 0.747798 0.123502
0.484430 0.254809 1.368095 0.650230 -0.052590 0.747779 0.123537
0.484787 0.254891 1.367803 0.650249 -0.052243 0.747780 0.123579
0.485153 0.254969 1.367506 0.650246 -0.051912 0.747798 0.123626
0.485525 0.255042 1.367209 0.650226 -0.051599 0.747829 0.123675
0.485901 0.255110 1.366913 0.650196 -0.051304 0.747867 0.123724
0.486280 0.255173 1.366618 0.650159 -0.051027 0.747910 0.123772
0.486659 0.255233 1.366325 0.650121 -0.050763 0.747954 0.123817
0.487037 0.255290 1.366033 0.650085 -0.050512 0.747995 0.123860
0.487414 0.255345 1.365743 0.650052 -0.050272 0.748034 0.123898
0.487789 0.255400 1.365454 0.650025 -0.050040 0.748067 0.123932
0.488161 0.255454 1.365166 0.650004 -0.049814 0.748095 0.123961
0.488529 0.255509 1.364880 0.649991 -0.049598 0.748118 0.123984
0.488892 0.255562 1.364597 0.649983 -0.049392 0.748135 0.124000
0.489250 0.255615 1.364316 0.649982 -0.049196 0.748147 0.124010
0.489602 0.255665 1.364039 0.649988 -0.049012 0.748154 0.124014
0.489948 0.255714 1.363766 0.650000 -0.048839 0.748155 0.124011
0.490288 0.255762 1.363495 0.650020 -0.048676 0.748150 0.124003
0.490620 0.255808 1.363228 0.650045 -0.048522 0.748140 0.123988
0.490946 0.255853 1.362964 0.650077 -0.048376 0.748125 0.123968
0.491266 0.255896 1.362702 0.650115 -0.048238 0.748105 0.123944
0.491579 0.255939 1.362444 0.650158 -0.048107 0.748081 0.123915
0.491886 0.255981 1.362189 0.650206 -0.047981 0.748053 0.123882
0.492186 0.256022 1.361936 0.650258 -0.047861 0.748021 0.123846
0.492480 0.256063 1.361687 0.650314 -0.047745 0.747987 0.123806
0.492768 0.256104 1.361441 0.650373 -0.047634 0.747949 0.123764
0.493049 0.256143 1.361197 0.650436 -0.047524 0.747909 0.123723
0.493325 0.256182 1.360956 0.650500 -0.047415 0.747866 0.123682
0.493595 0.256220 1.360718 0.650567 -0.047308 0.747822 0.123641
0.493860 0.256257 1.360484 0.650635 -0.047202 0.747776 0.123600
0.494119 0.256294 1.360252 0.650704 -0.047099 0.747729 0.123558
0.494372 0.256331 1.360024 0.650774 -0.046997 0.747682 0.123515
0.494621 0.256368 1.359799 0.650845 -0.046899 0.747634 0.123471
0.494864 0.256404 1.359578 0.650915 -0.046802 0.747586 0.123426
0.495102 0.256441 1.359360 0.650986 -0.046711 0.747538 0.123378
0.495336 0.256478 1.359145 0.651057 -0.046625 0.747490 0.123325
0.495565 0.256515 1.358933 0.651128 -0.046543 0.747443 0.123269
0.495789 0.256553 1.358725 0.651200 -0.046465 0.747395 0.123211
0.496008 0.256592 1.358520 0.651272 -0.046390 0.747347 0.123151
0.496270 0.256672 1.358262 0.651372 -0.046240 0.747278 0.123094
0.496563 0.256775 1.357977 0.651476 -0.046051 0.747207 0.123044
0.496878 0.256888 1.357680 0.651571 -0.045847 0.747144 0.123001
0.497208 0.257003 1.357379 0.651651 -0.045643 0.747093 0.122965
0.497548 0.257117 1.357078 0.651715 -0.045444 0.747053 0.122934
0.497895 0.257227 1.356780 0.651767 -0.045255 0.747025 0.122908
0.498248 0.257332 1.356487 0.651807 -0.045077 0.747004 0.122884
0.498603 0.257434 1.356199 0.651839 -0.044909 0.746990 0.122860
0.498959 0.257530 1.355917 0.651865 -0.044756 0.746981 0.122836
0.499314 0.257619 1.355642 0.651887 -0.044619 0.746974 0.122810
0.499668 0.257701 1.355373 0.651907 -0.044498 0.746969 0.122782
0.500018 0.257777 1.355111 0.651926 -0.044392 0.746963 0.122752
0.500366 0.257846 1.354855 0.651945 -0.044300 0.746957 0.122719
0.500709 0.257908 1.354605 0.651967 -0.044221 0.746948 0.122683
0.501049 0.257965 1.354360 0.651992 -0.044154 0.746937 0.122645
0.501384 0.258016 1.354120 0.652019 -0.044097 0.746923 0.122604
0.501714 0.258062 1.353885 0.652050 -0.044049 0.746906 0.122562
0.502039 0.258103 1.353653 0.652084 -0.044010 0.746886 0.122517
0.502360 0.258140 1.353426 0.652121 -0.043978 0.746863 0.122470
0.502676 0.258173 1.353202 0.652162 -0.043952 0.746837 0.122421
0.502986 0.258203 1.352982 0.652205 -0.043932 0.746809 0.122372
0.503292 0.258230 1.352766 0.652250 -0.043917 0.746779 0.122321
0.503593 0.258253 1.352553 0.652298 -0.043906 0.746747 0.122269
0.503888 0.258274 1.352343 0.652347 -0.043898 0.746713 0.122217
0.504179 0.258293 1.352136 0.652397 -0.043894 0.746677 0.122165
0.504465 0.258309 1.351932 0.652449 -0.043892 0.746641 0.122112
0.504746 0.258323 1.351732 0.652501 -0.043892 0.746604 0.122060
0.505022 0.258336 1.351535 0.652554 -0.043894 0.746566 0.122009
0.505293 0.258346 1.351340 0.652607 -0.043897 0.746528 0.121957
0.505560 0.258355 1.351149 0.652661 -0.043902 0.746489 0.121907
0.505822 0.258363 1.350961 0.652714 -0.043907 0.746450 0.121857
0.506079 0.258370 1.350776 0.652767 -0.043913 0.746411 0.121808
0.506332 0.258375 1.350594 0.652820 -0.043919 0.746372 0.121760
0.506580 0.258380 1.350415 0.652873 -0.043925 0.746333 0.121714
0.506824 0.258383 1.350239 0.652926 -0.043931 0.746294 0.121668
0.507064 0.258386 1.350066 0.652977 -0.043937 0.746256 0.121623
0.507299 0.258388 1.349895 0.653029 -0.043943 0.746218 0.121580
0.507529 0.258389 1.349728 0.653080 -0.043949 0.746180 0.121537
0.507756 0.258389 1.349563 0.653130 -0.043954 0.746142 0.121496
0.507979 0.258389 1.349401 0.653179 -0.043959 0.746105 0.121455
0.508240 0.258437 1.349171 0.653249 -0.043864 0.746054 0.121427
0.508529 0.258510 1.348905 0.653320 -0.043721 0.746004 0.121404
0.508836 0.258595 1.348619 0.653377 -0.043559 0.745966 0.121388
0.509156 0.258685 1.348324 0.653419 -0.043393 0.745941 0.121378
0.509483 0.258774 1.348024 0.653445 -0.043233 0.745929 0.121372
0.509814 0.258862 1.347724 0.653460 -0.043081 0.745925 0.121368
0.510148 0.258948 1.347424 0.653467 -0.042941 0.745927 0.121363
0.510483 0.259031 1.347126 0.653472 -0.042812 0.745932 0.121357
0.510816 0.259109 1.346831 0.653475 -0.042698 0.745937 0.121346
0.511146 0.259183 1.346541 0.653480 -0.042600 0.745941 0.121332
0.511472 0.259251 1.346255 0.653488 -0.042517 0.745941 0.121314
0.511794 0.259314 1.345973 0.653502 -0.042448 0.745937 0.121290
0.512111 0.259372 1.345694 0.653524 -0.042393 0.745926 0.121262
0.512423 0.259425 1.345419 0.653552 -0.042349 0.745909 0.121228
0.512729 0.259474 1.345147 0.653589 -0.042316 0.745884 0.121189
0.513030 0.259519 1.344878 0.653634 -0.042293 0.745853 0.121145
0.513325 0.259560 1.344612 0.653687 -0.042278 0.745816 0.121097
0.513615 0.259599 1.344348 0.653748 -0.042271 0.745772 0.121044
0.513899 0.259634 1.344087 0.653815 -0.042270 0.745722 0.120986
0.514177 0.259668 1.343828 0.653889 -0.042275 0.745667 0.120925
0.514450 0.259699 1.343571 0.653968 -0.042285 0.745607 0.120861
0.514717 0.259728 1.343317 0.654053 -0.042300 0.745543 0.120793
0.514979 0.259756 1.343066 0.654141 -0.042318 0.745476 0.120723
0.515235 0.259782 1.342817 0.654234 -0.042340 0.745405 0.120651
0.515487 0.259807 1.342571 0.654329 -0.042364 0.745332 0.120576
0.515733 0.259831 1.342328 0.654427 -0.042390 0.745257 0.120500
0.515974 0.259853 1.342088 0.654528 -0.042418 0.745180 0.120423
0.516210 0.259876 1.341850 0.654629 -0.042447 0.745101 0.120344
0.516441 0.259897 1.341616 0.654733 -0.042477 0.745022 0.120265
0.516667 0.259918 1.341384 0.654836 -0.042508 0.744941 0.120186
0.516889 0.259938 1.341155 0.654941 -0.042539 0.744861 0.120106
0.517106 0.259958 1.340929 0.655046 -0.042570 0.744780 0.120026
0.517318 0.259978 1.340707 0.655151 -0.042601 0.744698 0.119947
0.517526 0.259997 1.340487 0.655255 -0.042632 0.744617 0.119867
0.517730 0.260016 1.340271 0.655359 -0.042662 0.744537 0.119788
0.517930 0.260035 1.340058 0.655463 -0.042692 0.744456 0.119709
0.518125 0.260053 1.339848 0.655566 -0.042721 0.744376 0.119632
0.518317 0.260072 1.339641 0.655668 -0.042749 0.744297 0.119555
0.518504 0.260090 1.339437 0.655770 -0.042776 0.744218 0.119478
0.518688 0.260109 1.339237 0.655870 -0.042802 0.744141 0.119403
0.518909 0.260175 1.338964 0.655984 -0.042726 0.744054 0.119342
0.519156 0.260267 1.338649 0.656091 -0.042600 0.743974 0.119299
0.519420 0.260371 1.338311 0.656180 -0.042445 0.743908 0.119276
0.519694 0.260477 1.337960 0.656248 -0.042275 0.743859 0.119273
0.519975 0.260581 1.337602 0.656297 -0.042099 0.743823 0.119287
0.520259 0.260682 1.337243 0.656332 -0.041923 0.743798 0.119313
0.520545 0.260777 1.336883 0.656358 -0.041750 0.743779 0.119348
0.520830 0.260867 1.336526 0.656379 -0.041584 0.743764 0.119389
0.521114 0.260951 1.336172 0.656398 -0.041430 0.743748 0.119432
0.521396 0.261027 1.335823 0.656420 -0.041290 0.743730 0.119474
0.521673 0.261096 1.335478 0.656446 -0.041164 0.743708 0.119514
0.521947 0.261158 1.335137 0.656478 -0.041053 0.743679 0.119550
0.522216 0.261214 1.334800 0.656519 -0.040955 0.743643 0.119582
0.522481 0.261264 1.334467 0.656569 -0.040870 0.743599 0.119608
0.522741 0.261309 1.334138 0.656629 -0.040798 0.743548 0.119629
0.522996 0.261349 1.333812 0.656698 -0.040737 0.743488 0.119643
0.523247 0.261384 1.333489 0.656776 -0.040686 0.743420 0.119652
0.523492 0.261416 1.333170 0.656863 -0.040645 0.743346 0.119654
0.523733 0.261445 1.332853 0.656958 -0.040614 0.743264 0.119649
0.523969 0.261471 1.332540 0.657060 -0.040591 0.743176 0.119639
0.524200 0.261494 1.332229 0.657169 -0.040575 0.743083 0.119622
0.524426 0.261515 1.331922 0.657284 -0.040567 0.742986 0.119601
0.524647 0.261535 1.331618 0.657404 -0.040564 0.742884 0.119574
0.524864 0.261553 1.331318 0.657528 -0.040567 0.742779 0.119543
0.525076 0.261569 1.331021 0.657656 -0.040574 0.742671 0.119508
0.525284 0.261585 1.330727 0.657787 -0.040586 0.742561 0.119470
0.525487 0.261599 1.330437 0.657919 -0.040601 0.742449 0.119428
0.525686 0.261613 1.330150 0.658054 -0.040619 0.742336 0.119383
0.525881 0.261626 1.329868 0.658190 -0.040639 0.742222 0.119337
0.526072 0.261639 1.329589 0.658326 -0.040662 0.742107 0.119288
0.526258 0.261651 1.329314 0.658463 -0.040685 0.741993 0.119237
0.526441 0.261663 1.329042 0.658600 -0.040710 0.741878 0.119185
0.526619 0.261674 1.328775 0.658737 -0.040736 0.741764 0.119132
0.526794 0.261686 1.328512 0.658873 -0.040762 0.741650 0.119078
0.526966 0.261697 1.328252 0.659008 -0.040788 0.741537 0.119024
0.527133 0.261708 1.327996 0.659143 -0.040814 0.741425 0.118970
0.527297 0.261720 1.327745 0.659276 -0.040840 0.741314 0.118915
0.527457 0.261731 1.327497 0.659407 -0.040865 0.741205 0.118860
0.527615 0.261742 1.327253 0.659538 -0.040890 0.741096 0.118805
0.527768 0.261753 1.327014 0.659666 -0.040914 0.740989 0.118751
0.527958 0.261813 1.326704 0.659805 -0.040841 0.740877 0.118701
0.528171 0.261896 1.326353 0.659928 -0.040709 0.740781 0.118667
0.528398 0.261989 1.325980 0.660022 -0.040548 0.740709 0.118651
0.528636 0.262084 1.325597 0.660086 -0.040377 0.740660 0.118651
0.528878 0.262176 1.325213 0.660125 -0.040211 0.740633 0.118663
0.529124 0.262261 1.324831 0.660143 -0.040057 0.740621 0.118685
0.529370 0.262338 1.324455 0.660149 -0.039920 0.740620 0.118712
0.529615 0.262407 1.324085 0.660147 -0.039799 0.740623 0.118743
0.529858 0.262468 1.323722 0.660144 -0.039696 0.740626 0.118775
0.530099 0.262521 1.323364 0.660144 -0.039608 0.740626 0.118806
0.530337 0.262567 1.323012 0.660149 -0.039535 0.740620 0.118836
0.530571 0.262605 1.322666 0.660163 -0.039476 0.740607 0.118863
0.530802 0.262638 1.322324 0.660185 -0.039429 0.740586 0.118886
0.531029 0.262665 1.321987 0.660218 -0.039393 0.740556 0.118904
0.531253 0.262687 1.321654 0.660260 -0.039368 0.740517 0.118917
0.531472 0.262705 1.321326 0.660313 -0.039353 0.740470 0.118926
0.531687 0.262718 1.321001 0.660374 -0.039346 0.740415 0.118929
0.531899 0.262729 1.320680 0.660444 -0.039347 0.740352 0.118927
0.532106 0.262736 1.320362 0.660522 -0.039355 0.740284 0.118920
0.532309 0.262741 1.320049 0.660607 -0.039370 0.740209 0.118910
0.532508 0.262743 1.319739 0.660697 -0.039390 0.740130 0.118894
0.532704 0.262744 1.319434 0.660793 -0.039415 0.740046 0.118876
0.532896 0.262743 1.319132 0.660893 -0.039445 0.739959 0.118853
0.533083 0.262740 1.318834 0.660996 -0.039478 0.739868 0.118828
0.533268 0.262736 1.318540 0.661103 -0.039515 0.739776 0.118800
0.533448 0.262731 1.318251 0.661212 -0.039554 0.739682 0.118769
0.533625 0.262726 1.317965 0.661322 -0.039595 0.739586 0.118736
0.533798 0.262719 1.317684 0.661433 -0.039638 0.739490 0.118702
0.533968 0.262712 1.317407 0.661545 -0.039683 0.739393 0.118666
0.534135 0.262704 1.317134 0.661657 -0.039729 0.739296 0.118629
0.534298 0.262696 1.316865 0.661770 -0.039775 0.739199 0.118591
0.534458 0.262688 1.316601 0.661882 -0.039821 0.739102 0.118553
0.534615 0.262679 1.316340 0.661993 -0.039868 0.739006 0.118514
0.534769 0.262671 1.316084 0.662103 -0.039914 0.738911 0.118475
0.534920 0.262662 1.315832 0.662213 -0.039959 0.738817 0.118436
0.535068 0.262653 1.315585 0.662321 -0.040004 0.738724 0.118397
0.535212 0.262644 1.315341 0.662428 -0.040049 0.738632 0.118358
0.535354 0.262635 1.315102 0.662533 -0.040092 0.738541 0.118319
0.535494 0.262626 1.314867 0.662637 -0.040134 0.738451 0.118281
0.535630 0.262618 1.314635 0.662740 -0.040175 0.738363 0.118244
0.535803 0.262664 1.314333 0.662862 -0.040122 0.738264 0.118201
0.536001 0.262735 1.313993 0.662974 -0.040011 0.738175 0.118162
0.536215 0.262817 1.313635 0.663062 -0.039875 0.738108 0.118131
0.536439 0.262903 1.313272 0.663124 -0.039731 0.738064 0.118110
0.536670 0.262988 1.312910 0.663163 -0.039593 0.738039 0.118094
0.536907 0.263071 1.312552 0.663184 -0.039465 0.738029 0.118080
0.537146 0.263150 1.312201 0.663192 -0.039353 0.738029 0.118067
0.537385 0.263224 1.311858 0.663194 -0.039259 0.738036 0.118052
0.537624 0.263292 1.311524 0.663192 -0.039184 0.738044 0.118035
0.537861 0.263355 1.311197 0.663191 -0.039127 0.738051 0.118014
0.538097 0.263412 1.310879 0.663194 -0.039086 0.738055 0.117988
0.538329 0.263465 1.310567 0.663204 -0.039061 0.738052 0.117957
0.538558 0.263513 1.310261 0.663221 -0.039049 0.738044 0.117921
0.538784 0.263556 1.309962 0.663246 -0.039048 0.738028 0.117879
0.539006 0.263597 1.309667 0.663279 -0.039059 0.738005 0.117832
0.539224 0.263633 1.309377 0.663321 -0.039078 0.737974 0.117780
0.539439 0.263667 1.309092 0.663370 -0.039105 0.737938 0.117723
0.539649 0.263698 1.308812 0.663426 -0.039140 0.737895 0.117663
0.539856 0.263726 1.308535 0.663489 -0.039180 0.737847 0.117598
0.540059 0.263753 1.308263 0.663557 -0.039225 0.737794 0.117529
0.540258 0.263778 1.307995 0.663630 -0.039274 0.737738 0.117458
0.540454 0.263801 1.307731 0.663706 -0.039327 0.737678 0.117384
0.540645 0.263824 1.307471 0.663786 -0.039383 0.737615 0.117307
0.540833 0.263844 1.307215 0.663869 -0.039442 0.737550 0.117229
0.541017 0.263864 1.306963 0.663954 -0.039502 0.737483 0.117149
0.541198 0.263883 1.306715 0.664040 -0.039564 0.737415 0.117068
0.541375 0.263902 1.306470 0.664128 -0.039627 0.737346 0.116985
0.541549 0.263919 1.306230 0.664216 -0.039691 0.737276 0.116902
0.541719 0.263937 1.305994 0.664304 -0.039755 0.737206 0.116819
0.541886 0.263953 1.305762 0.664392 -0.039819 0.737137 0.116735
0.542049 0.263970 1.305534 0.664480 -0.039884 0.737067 0.116652
0.542209 0.263985 1.305309 0.664568 -0.039947 0.736998 0.116569
0.542366 0.264001 1.305088 0.664655 -0.040010 0.736929 0.116486
0.542520 0.264017 1.304872 0.664740 -0.040072 0.736861 0.116403
0.542671 0.264032 1.304659 0.664825 -0.040133 0.736794 0.116322
0.542819 0.264047 1.304449 0.664909 -0.040193 0.736728 0.116241
0.542964 0.264062 1.304244 0.664992 -0.040251 0.736663 0.116161
0.543107 0.264076 1.304042 0.665073 -0.040308 0.736599 0.116083
0.543246 0.264091 1.303843 0.665154 -0.040364 0.736535 0.116005
0.543382 0.264106 1.303648 0.665232 -0.040418 0.736473 0.115928
0.543549 0.264170 1.303374 0.665327 -0.040356 0.736403 0.115859
0.543734 0.264256 1.303060 0.665397 -0.040243 0.736352 0.115811
0.543930 0.264347 1.302727 0.665434 -0.040100 0.736330 0.115793
0.544132 0.264435 1.302387 0.665436 -0.039943 0.736335 0.115803
0.544337 0.264516 1.302048 0.665409 -0.039783 0.736362 0.115837
0.544544 0.264586 1.301714 0.665362 -0.039629 0.736405 0.115891
0.544752 0.264647 1.301386 0.665300 -0.039485 0.736458 0.115959
0.544959 0.264697 1.301064 0.665232 -0.039352 0.736514 0.116038
0.545165 0.264738 1.300750 0.665162 -0.039233 0.736570 0.116122
0.545370 0.264770 1.300442 0.665096 -0.039127 0.736622 0.116209
0.545573 0.264793 1.300140 0.665037 -0.039035 0.736667 0.116296
0.545774 0.264810 1.299844 0.664986 -0.038955 0.736703 0.116380
0.545973 0.264820 1.299554 0.664945 -0.038889 0.736731 0.116462
0.546169 0.264823 1.299268 0.664914 -0.038835 0.736750 0.116539
0.546363 0.264822 1.298986 0.664894 -0.038792 0.736759 0.116612
0.546554 0.264816 1.298710 0.664883 -0.038761 0.736759 0.116679
0.546743 0.264805 1.298437 0.664883 -0.038739 0.736751 0.116740
0.546929 0.264791 1.298168 0.664891 -0.038727 0.736735 0.116795
0.547112 0.264774 1.297904 0.664908 -0.038724 0.736712 0.116844
0.547292 0.264754 1.297643 0.664932 -0.038729 0.736683 0.116888
0.547470 0.264732 1.297386 0.664963 -0.038741 0.736649 0.116926
0.547644 0.264707 1.297134 0.664999 -0.038761 0.736610 0.116959
0.547816 0.264681 1.296885 0.665040 -0.038786 0.736567 0.116987
0.547985 0.264654 1.296640 0.665085 -0.038816 0.736521 0.117011
0.548152 0.264625 1.296399 0.665134 -0.038851 0.736472 0.117031
0.548315 0.264595 1.296162 0.665185 -0.038889 0.736421 0.117048
0.548476 0.264565 1.295929 0.665239 -0.038931 0.736369 0.117061
0.548634 0.264534 1.295699 0.665294 -0.038975 0.736315 0.117072
0.548790 0.264502 1.295474 0.665350 -0.039022 0.736260 0.117080
0.548943 0.264471 1.295253 0.665407 -0.039070 0.736205 0.117086
0.549093 0.264438 1.295035 0.665465 -0.039119 0.736149 0.117091
0.549240 0.264406 1.294821 0.665523 -0.039170 0.736094 0.117094
0.549385 0.264374 1.294611 0.665581 -0.039221 0.736038 0.117096
0.549528 0.264341 1.294405 0.665638 -0.039271 0.735984 0.117097
0.549668 0.264309 1.294202 0.665695 -0.039322 0.735929 0.117097
0.549805 0.264277 1.294003 0.665752 -0.039373 0.735876 0.117097
0.549940 0.264244 1.293807 0.665807 -0.039423 0.735823 0.117096
0.550073 0.264212 1.293615 0.665862 -0.039472 0.735771 0.117095
0.550203 0.264181 1.293426 0.665916 -0.039520 0.735719 0.117094
0.550331 0.264149 1.293241 0.665969 -0.039567 0.735669 0.117092
0.550486 0.264170 1.292970 0.666048 -0.039476 0.735606 0.117075
0.550659 0.264215 1.292645 0.666110 -0.039284 0.735559 0.117078
0.550841 0.264268 1.292292 0.666138 -0.039036 0.735542 0.117106
0.551028 0.264318 1.291930 0.666132 -0.038768 0.735554 0.117156
0.551219 0.264363 1.291567 0.666096 -0.038499 0.735590 0.117223
0.551412 0.264399 1.291208 0.666039 -0.038245 0.735643 0.117301
0.551605 0.264426 1.290854 0.665970 -0.038009 0.735703 0.117386
0.551797 0.264445 1.290508 0.665898 -0.037795 0.735766 0.117473
0.551988 0.264456 1.290169 0.665828 -0.037603 0.735825 0.117561
0.552177 0.264460 1.289836 0.665766 -0.037432 0.735876 0.117646
0.552364 0.264457 1.289508 0.665715 -0.037281 0.735917 0.117727
0.552548 0.264449 1.289186 0.665677 -0.037148 0.735946 0.117802
0.552729 0.264436 1.288868 0.665653 -0.037031 0.735963 0.117872
0.552908 0.264418 1.288555 0.665643 -0.036929 0.735967 0.117935
0.553083 0.264396 1.288246 0.665647 -0.036840 0.735958 0.117991
0.553255 0.264370 1.287941 0.665665 -0.036765 0.735939 0.118040
0.553424 0.264342 1.287640 0.665694 -0.036701 0.735908 0.118082
0.553590 0.264311 1.287343 0.665735 -0.036648 0.735868 0.118118
0.553759 0.264276 1.287068 0.665769 -0.036614 0.735833 0.118159
0.553931 0.264237 1.286814 0.665797 -0.036590 0.735801 0.118204
0.554104 0.264196 1.286577 0.665821 -0.036569 0.735772 0.118254
0.554279 0.264155 1.286356 0.665841 -0.036549 0.735747 0.118305
0.554455 0.264112 1.286149 0.665857 -0.036528 0.735725 0.118358
0.554631 0.264070 1.285954 0.665870 -0.036504 0.735706 0.118411
0.554808 0.264029 1.285770 0.665878 -0.036478 0.735692 0.118464
0.554984 0.263988 1.285595 0.665882 -0.036449 0.735681 0.118517
0.555160 0.263948 1.285430 0.665882 -0.036417 0.735674 0.118570
0.555335 0.263909 1.285272 0.665879 -0.036387 0.735669 0.118625
0.555508 0.263871 1.285122 0.665875 -0.036357 0.735666 0.118679
0.555678 0.263829 1.284970 0.665871 -0.036306 0.735660 0.118753
0.555847 0.263788 1.284826 0.665865 -0.036264 0.735657 0.118814
0.556013 0.263750 1.284686 0.665859 -0.036227 0.735657 0.118868
0.556177 0.263715 1.284552 0.665851 -0.036196 0.735658 0.118912
0.556338 0.263682 1.284420 0.665843 -0.036173 0.735661 0.118945
0.556497 0.263651 1.284293 0.665834 -0.036154 0.735666 0.118971
0.556652 0.263623 1.284168 0.665823 -0.036139 0.735673 0.118993
0.556806 0.263596 1.284046 0.665811 -0.036127 0.735682 0.119011
0.556956 0.263569 1.283925 0.665795 -0.036103 0.735693 0.119037
0.557103 0.263542 1.283805 0.665777 -0.036074 0.735705 0.119068
0.557248 0.263515 1.283686 0.665758 -0.036040 0.735719 0.119101
0.557414 0.263532 1.283511 0.665773 -0.035902 0.735711 0.119106
0.557590 0.263567 1.283296 0.665775 -0.035725 0.735721 0.119083
0.557771 0.263609 1.283060 0.665752 -0.035547 0.735756 0.119050
0.557949 0.263656 1.282816 0.665715 -0.035380 0.735804 0.119014
0.558125 0.263700 1.282565 0.665664 -0.035214 0.735861 0.118996
0.558297 0.263740 1.282311 0.665605 -0.035057 0.735923 0.118986
0.558469 0.263770 1.282052 0.665510 -0.034873 0.736013 0.119018
0.558636 0.263789 1.281787 0.665406 -0.034692 0.736107 0.119067
0.558799 0.263800 1.281517 0.665307 -0.034523 0.736196 0.119121
0.558957 0.263804 1.281244 0.665219 -0.034368 0.736274 0.119177
0.559110 0.263801 1.280968 0.665143 -0.034227 0.736341 0.119231
0.559259 0.263787 1.280690 0.665089 -0.034122 0.736386 0.119279
0.559404 0.263764 1.280413 0.665055 -0.034040 0.736414 0.119321
0.559548 0.263739 1.280137 0.665019 -0.033950 0.736443 0.119367
0.559689 0.263711 1.279864 0.664988 -0.033861 0.736468 0.119414
0.559828 0.263683 1.279594 0.664963 -0.033778 0.736486 0.119459
0.559963 0.263645 1.279327 0.664961 -0.033733 0.736486 0.119492
0.560097 0.263602 1.279063 0.664975 -0.033710 0.736470 0.119515
0.560229 0.263554 1.278802 0.665002 -0.033697 0.736443 0.119534
0.560361 0.263508 1.278548 0.665013 -0.033662 0.736430 0.119565
0.560493 0.263463 1.278302 0.665018 -0.033621 0.736422 0.119601
0.560623 0.263418 1.278062 0.665020 -0.033581 0.736415 0.119637
0.560751 0.263375 1.277830 0.665022 -0.033544 0.736409 0.119671
0.560877 0.263333 1.277604 0.665025 -0.033511 0.736403 0.119703
0.561001 0.263285 1.277380 0.665056 -0.033530 0.736374 0.119705
0.561122 0.263234 1.277158 0.665107 -0.033574 0.736328 0.119691
0.561241 0.263180 1.276937 0.665173 -0.033628 0.736270 0.119669
0.561363 0.263129 1.276726 0.665206 -0.033636 0.736238 0.119679
0.561484 0.263081 1.276524 0.665224 -0.033628 0.736219 0.119700
0.561604 0.263034 1.276330 0.665233 -0.033615 0.736207 0.119726
0.561720 0.262984 1.276136 0.665271 -0.033655 0.736173 0.119714
0.561836 0.262937 1.275949 0.665290 -0.033662 0.736154 0.119727
0.561949 0.262888 1.275762 0.665336 -0.033715 0.736113 0.119705
0.562062 0.262841 1.275584 0.665358 -0.033727 0.736091 0.119713
0.562175 0.262797 1.275413 0.665367 -0.033724 0.736080 0.119732
0.562286 0.262755 1.275248 0.665369 -0.033717 0.736075 0.119753
0.562393 0.262710 1.275079 0.665407 -0.033776 0.736043 0.119724
0.562494 0.262664 1.274907 0.665475 -0.033868 0.735987 0.119665
0.562598 0.262621 1.274744 0.665507 -0.033893 0.735957 0.119661
0.562696 0.262587 1.274580 0.665564 -0.033925 0.735910 0.119627
0.562824 0.262600 1.274380 0.665578 -0.033818 0.735907 0.119599
0.562961 0.262608 1.274155 0.665604 -0.033753 0.735896 0.119538
0.563099 0.262606 1.273909 0.665642 -0.033695 0.735873 0.119484
0.563237 0.262592 1.273650 0.665687 -0.033635 0.735841 0.119444
0.563374 0.262566 1.273382 0.665731 -0.033570 0.735808 0.119425
0.563512 0.262540 1.273120 0.665764 -0.033530 0.735787 0.119382
0.563650 0.262518 1.272866 0.665789 -0.033496 0.735773 0.119335
0.563788 0.262498 1.272619 0.665808 -0.033455 0.735765 0.119294
0.563924 0.262479 1.272382 0.665819 -0.033411 0.735761 0.119261
0.564059 0.262461 1.272152 0.665824 -0.033369 0.735763 0.119235
0.564194 0.262440 1.271931 0.665823 -0.033327 0.735769 0.119217
0.564327 0.262418 1.271718 0.665816 -0.033289 0.735779 0.119205
0.564460 0.262394 1.271512 0.665804 -0.033253 0.735793 0.119199
0.564593 0.262367 1.271313 0.665789 -0.033220 0.735808 0.119199
0.564725 0.262328 1.271118 0.665758 -0.033166 0.735831 0.119240
0.564858 0.262281 1.270927 0.665721 -0.033110 0.735859 0.119295
0.564990 0.262227 1.270740 0.665681 -0.033059 0.735887 0.119358
0.565122 0.262165 1.270556 0.665641 -0.033013 0.735915 0.119425
0.565253 0.262099 1.270375 0.665602 -0.032973 0.735940 0.119494
0.565385 0.262027 1.270197 0.665564 -0.032939 0.735964 0.119566
0.565515 0.261952 1.270023 0.665528 -0.032911 0.735986 0.119638
0.565643 0.261881 1.269850 0.665521 -0.032914 0.735988 0.119669
0.565768 0.261816 1.269681 0.665533 -0.032931 0.735974 0.119678
0.565891 0.261754 1.269515 0.665558 -0.032952 0.735951 0.119677
0.566012 0.261694 1.269352 0.665582 -0.032956 0.735927 0.119687
0.566131 0.261636 1.269194 0.665611 -0.032969 0.735900 0.119690
0.566251 0.261571 1.269043 0.665612 -0.032960 0.735894 0.119729
0.566372 0.261500 1.268898 0.665596 -0.032949 0.735900 0.119782
0.566494 0.261425 1.268758 0.665571 -0.032938 0.735913 0.119842
0.566615 0.261346 1.268621 0.665542 -0.032931 0.735929 0.119907
0.566735 0.261265 1.268488 0.665510 -0.032926 0.735948 0.119974
0.566851 0.261190 1.268352 0.665512 -0.032945 0.735940 0.120003
0.566963 0.261121 1.268216 0.665538 -0.032971 0.735914 0.120012
0.567076 0.261046 1.268087 0.665537 -0.032976 0.735908 0.120054
0.567190 0.260968 1.267963 0.665520 -0.032977 0.735914 0.120109
0.567304 0.260887 1.267842 0.665495 -0.032979 0.735926 0.120171
0.567412 0.260813 1.267718 0.665507 -0.032999 0.735911 0.120196
0.567516 0.260744 1.267592 0.665543 -0.033024 0.735876 0.120203
0.567621 0.260671 1.267474 0.665547 -0.033030 0.735865 0.120242
0.567727 0.260594 1.267360 0.665534 -0.033032 0.735868 0.120294
0.567856 0.260547 1.267218 0.665459 -0.032899 0.735928 0.120383
0.567990 0.260504 1.267050 0.665370 -0.032750 0.736004 0.120452
0.568122 0.260457 1.266859 0.665296 -0.032608 0.736067 0.120516
0.568248 0.260402 1.266651 0.665245 -0.032484 0.736108 0.120576
0.568369 0.260339 1.266428 0.665218 -0.032377 0.736128 0.120632
0.568484 0.260268 1.266194 0.665213 -0.032286 0.736128 0.120684
0.568593 0.260190 1.265950 0.665228 -0.032209 0.736110 0.120734
0.568699 0.260105 1.265701 0.665259 -0.032145 0.736076 0.120782
0.568800 0.260014 1.265447 0.665305 -0.032092 0.736030 0.120829
0.568892 0.259937 1.265184 0.665415 -0.032051 0.735933 0.120828
0.568977 0.259869 1.264919 0.665562 -0.032010 0.735804 0.120805
0.569063 0.259792 1.264660 0.665682 -0.031971 0.735697 0.120810
0.569148 0.259709 1.264405 0.665787 -0.031941 0.735600 0.120827
0.569233 0.259620 1.264155 0.665886 -0.031921 0.735509 0.120850
0.569317 0.259527 1.263909 0.665981 -0.031910 0.735419 0.120876
0.569401 0.259431 1.263667 0.666075 -0.031907 0.735329 0.120904
0.569482 0.259346 1.263427 0.666203 -0.031948 0.735216 0.120873
0.569558 0.259264 1.263186 0.666361 -0.031998 0.735078 0.120829
0.569632 0.259191 1.262951 0.666533 -0.032059 0.734930 0.120762
0.569703 0.259124 1.262721 0.666710 -0.032121 0.734779 0.120687
0.569773 0.259062 1.262498 0.666888 -0.032179 0.734627 0.120611
0.569846 0.258993 1.262286 0.667023 -0.032203 0.734508 0.120591
0.569921 0.258919 1.262082 0.667131 -0.032219 0.734409 0.120591
0.569996 0.258841 1.261886 0.667224 -0.032236 0.734322 0.120601
0.570072 0.258760 1.261695 0.667308 -0.032255 0.734242 0.120617
0.570148 0.258678 1.261509 0.667385 -0.032277 0.734167 0.120637
0.570224 0.258594 1.261328 0.667459 -0.032301 0.734096 0.120659
0.570300 0.258509 1.261152 0.667529 -0.032328 0.734027 0.120682
0.570376 0.258424 1.260980 0.667597 -0.032356 0.733960 0.120706
0.570447 0.258350 1.260805 0.667706 -0.032389 0.733862 0.120695
0.570513 0.258285 1.260629 0.667847 -0.032426 0.733738 0.120658
0.570575 0.258228 1.260454 0.668005 -0.032459 0.733600 0.120610
0.570633 0.258177 1.260281 0.668170 -0.032487 0.733457 0.120558
0.570696 0.258119 1.260119 0.668285 -0.032505 0.733354 0.120540
0.570761 0.258056 1.259965 0.668370 -0.032524 0.733276 0.120539
0.570826 0.257991 1.259818 0.668438 -0.032545 0.733212 0.120547
0.570893 0.257923 1.259675 0.668495 -0.032568 0.733157 0.120562
0.570959 0.257853 1.259536 0.668544 -0.032594 0.733108 0.120580
0.571025 0.257782 1.259400 0.668589 -0.032621 0.733062 0.120600
0.571091 0.257710 1.259267 0.668631 -0.032650 0.733019 0.120622
0.571163 0.257656 1.259117 0.668654 -0.032583 0.732993 0.120670
0.571233 0.257609 1.258955 0.668667 -0.032493 0.732976 0.120725
0.571297 0.257567 1.258781 0.668687 -0.032402 0.732954 0.120778
0.571354 0.257527 1.258597 0.668717 -0.032316 0.732922 0.120824
0.571405 0.257489 1.258405 0.668760 -0.032237 0.732880 0.120864
0.571449 0.257453 1.258206 0.668815 -0.032165 0.732827 0.120898
0.571482 0.257434 1.257995 0.668928 -0.032107 0.732730 0.120879
0.571505 0.257422 1.257774 0.669082 -0.032062 0.732598 0.120837
0.571519 0.257421 1.257547 0.669267 -0.032022 0.732442 0.120768
0.571533 0.257418 1.257325 0.669414 -0.031962 0.732315 0.120738
0.571546 0.257412 1.257107 0.669542 -0.031902 0.732204 0.120721
0.571556 0.257407 1.256892 0.669659 -0.031844 0.732101 0.120709
0.571564 0.257402 1.256679 0.669772 -0.031791 0.732002 0.120699
0.571569 0.257398 1.256468 0.669884 -0.031742 0.731904 0.120688
0.571573 0.257396 1.256259 0.669995 -0.031697 0.731805 0.120675
0.571575 0.257395 1.256052 0.670108 -0.031655 0.731707 0.120660
0.571576 0.257397 1.255848 0.670221 -0.031618 0.731608 0.120642
0.571575 0.257400 1.255648 0.670334 -0.031583 0.731508 0.120622
0.571573 0.257405 1.255451 0.670449 -0.031551 0.731409 0.120599
0.571569 0.257413 1.255257 0.670563 -0.031521 0.731310 0.120574
0.571565 0.257422 1.255067 0.670677 -0.031493 0.731211 0.120546
0.571560 0.257433 1.254880 0.670791 -0.031468 0.731113 0.120516
0.571555 0.257447 1.254698 0.670903 -0.031444 0.731015 0.120484
0.571549 0.257462 1.254519 0.671015 -0.031422 0.730919 0.120450
0.571543 0.257478 1.254345 0.671125 -0.031402 0.730825 0.120415
0.571536 0.257497 1.254174 0.671234 -0.031383 0.730732 0.120378
0.571529 0.257517 1.254007 0.671342 -0.031365 0.730640 0.120339
0.571522 0.257539 1.253845 0.671447 -0.031347 0.730551 0.120300
0.571514 0.257562 1.253686 0.671551 -0.031331 0.730463 0.120258
0.571506 0.257586 1.253531 0.671653 -0.031315 0.730377 0.120216
0.571498 0.257612 1.253379 0.671752 -0.031301 0.730293 0.120174
0.571490 0.257639 1.253231 0.671850 -0.031286 0.730211 0.120130
0.571482 0.257667 1.253086 0.671946 -0.031272 0.730130 0.120085
0.571474 0.257696 1.252945 0.672039 -0.031259 0.730052 0.120040
0.571466 0.257726 1.252807 0.672131 -0.031246 0.729976 0.119995
0.571457 0.257756 1.252672 0.672221 -0.031233 0.729901 0.119949
0.571448 0.257788 1.252540 0.672308 -0.031220 0.729829 0.119903
0.571440 0.257820 1.252411 0.672394 -0.031207 0.729758 0.119856
0.571431 0.257852 1.252284 0.672478 -0.031195 0.729689 0.119810
0.571422 0.257885 1.252160 0.672560 -0.031183 0.729621 0.119763
0.571401 0.257912 1.252028 0.672676 -0.031174 0.729528 0.119685
0.571370 0.257929 1.251883 0.672826 -0.031172 0.729406 0.119585
0.571332 0.257941 1.251728 0.672995 -0.031161 0.729267 0.119486
0.571290 0.257947 1.251566 0.673176 -0.031141 0.729116 0.119392
0.571244 0.257950 1.251397 0.673365 -0.031116 0.728958 0.119301
0.571196 0.257950 1.251223 0.673559 -0.031089 0.728793 0.119215
0.571146 0.257947 1.251045 0.673757 -0.031062 0.728625 0.119131
0.571094 0.257941 1.250864 0.673958 -0.031035 0.728453 0.119050
0.571041 0.257932 1.250680 0.674161 -0.031009 0.728280 0.118972
0.570988 0.257922 1.250495 0.674365 -0.030985 0.728104 0.118896
0.570934 0.257909 1.250309 0.674570 -0.030962 0.727927 0.118822
0.570879 0.257895 1.250123 0.674774 -0.030942 0.727750 0.118750
0.570825 0.257880 1.249937 0.674978 -0.030924 0.727573 0.118680
0.570770 0.257863 1.249752 0.675182 -0.030907 0.727396 0.118612
0.570716 0.257845 1.249568 0.675384 -0.030893 0.727220 0.118546
0.570662 0.257826 1.249386 0.675584 -0.030880 0.727045 0.118481
0.570609 0.257806 1.249205 0.675782 -0.030870 0.726872 0.118418
0.570556 0.257786 1.249027 0.675978 -0.030861 0.726700 0.118357
0.570504 0.257765 1.248851 0.676172 -0.030854 0.726530 0.118297
0.570453 0.257744 1.248678 0.676362 -0.030848 0.726362 0.118238
0.570403 0.257722 1.248507 0.676550 -0.030844 0.726197 0.118181
0.570354 0.257701 1.248340 0.676735 -0.030842 0.726034 0.118125
0.570305 0.257679 1.248175 0.676916 -0.030841 0.725874 0.118070
0.570258 0.257657 1.248014 0.677095 -0.030840 0.725716 0.118017
0.570212 0.257635 1.247856 0.677270 -0.030842 0.725561 0.117965
0.570167 0.257613 1.247701 0.677441 -0.030844 0.725409 0.117914
0.570123 0.257591 1.247549 0.677609 -0.030846 0.725261 0.117864
0.570080 0.257569 1.247401 0.677773 -0.030850 0.725115 0.117816
0.570038 0.257547 1.247256 0.677933 -0.030855 0.724972 0.117769
0.569997 0.257526 1.247114 0.678090 -0.030860 0.724833 0.117722
0.569958 0.257505 1.246975 0.678244 -0.030866 0.724696 0.117677
0.569919 0.257484 1.246839 0.678393 -0.030872 0.724563 0.117634
0.569882 0.257463 1.246707 0.678539 -0.030879 0.724433 0.117591
0.569845 0.257442 1.246577 0.678682 -0.030886 0.724306 0.117549
0.569810 0.257422 1.246451 0.678821 -0.030894 0.724182 0.117509
0.569775 0.257402 1.246327 0.678957 -0.030901 0.724060 0.117469
0.569742 0.257382 1.246206 0.679089 -0.030909 0.723942 0.117431
0.569709 0.257362 1.246088 0.679218 -0.030918 0.723827 0.117393
0.569677 0.257343 1.245973 0.679344 -0.030926 0.723714 0.117357
0.569646 0.257324 1.245860 0.679467 -0.030934 0.723604 0.117322
0.569575 0.257268 1.245760 0.679652 -0.031058 0.723438 0.117244
0.569487 0.257201 1.245671 0.679852 -0.031185 0.723257 0.117166
0.569391 0.257135 1.245588 0.680047 -0.031283 0.723080 0.117100
0.569292 0.257073 1.245511 0.680232 -0.031354 0.722912 0.117045
0.569191 0.257019 1.245437 0.680407 -0.031404 0.722753 0.116996
0.569088 0.256972 1.245366 0.680572 -0.031439 0.722603 0.116950
0.568984 0.256932 1.245297 0.680731 -0.031462 0.722460 0.116905
0.568879 0.256899 1.245229 0.680883 -0.031477 0.722323 0.116859
0.568774 0.256874 1.245162 0.681030 -0.031484 0.722192 0.116813
0.568667 0.256854 1.245095 0.681173 -0.031486 0.722065 0.116766
0.568560 0.256840 1.245027 0.681312 -0.031482 0.721942 0.116717
0.568452 0.256831 1.244960 0.681447 -0.031474 0.721823 0.116668
0.568343 0.256828 1.244891 0.681580 -0.031462 0.721706 0.116617
0.568233 0.256828 1.244822 0.681709 -0.031446 0.721593 0.116566
0.568123 0.256833 1.244753 0.681837 -0.031426 0.721481 0.116514
0.568012 0.256842 1.244682 0.681963 -0.031404 0.721372 0.116460
0.567900 0.256854 1.244610 0.682087 -0.031380 0.721264 0.116407
0.567788 0.256869 1.244538 0.682210 -0.031353 0.721158 0.116352
0.567676 0.256888 1.244465 0.682331 -0.031324 0.721054 0.116297
0.567563 0.256908 1.244391 0.682451 -0.031294 0.720950 0.116242
0.567451 0.256932 1.244316 0.682570 -0.031262 0.720848 0.116185
0.567338 0.256958 1.244241 0.682688 -0.031230 0.720746 0.116129
0.567225 0.256985 1.244166 0.682806 -0.031197 0.720646 0.116072
0.567112 0.257015 1.244090 0.682922 -0.031163 0.720546 0.116014
0.567000 0.257047 1.244015 0.683037 -0.031129 0.720448 0.115957
0.566888 0.257080 1.243939 0.683152 -0.031094 0.720350 0.115899
0.566776 0.257115 1.243864 0.683265 -0.031060 0.720253 0.115840
0.566665 0.257151 1.243790 0.683378 -0.031025 0.720157 0.115782
0.566555 0.257189 1.243716 0.683489 -0.030991 0.720063 0.115723
0.566446 0.257228 1.243642 0.683599 -0.030957 0.719969 0.115664
0.566337 0.257268 1.243570 0.683708 -0.030923 0.719877 0.115605
0.566229 0.257309 1.243498 0.683816 -0.030889 0.719785 0.115546
0.566123 0.257352 1.243428 0.683922 -0.030856 0.719695 0.115487
0.566017 0.257395 1.243358 0.684026 -0.030824 0.719607 0.115428
0.565913 0.257439 1.243290 0.684129 -0.030791 0.719520 0.115369
0.565810 0.257483 1.243223 0.684231 -0.030759 0.719434 0.115310
0.565708 0.257528 1.243158 0.684330 -0.030727 0.719350 0.115252
0.565607 0.257574 1.243093 0.684428 -0.030696 0.719268 0.115194
0.565508 0.257620 1.243031 0.684524 -0.030666 0.719187 0.115136
0.565410 0.257667 1.242969 0.684619 -0.030635 0.719107 0.115079
0.565240 0.257641 1.242926 0.684815 -0.030845 0.718933 0.114940
0.565034 0.257585 1.242894 0.685034 -0.031098 0.718737 0.114802
0.564808 0.257525 1.242866 0.685242 -0.031315 0.718546 0.114691
0.564571 0.257470 1.242839 0.685436 -0.031490 0.718368 0.114601
0.564327 0.257425 1.242808 0.685619 -0.031629 0.718200 0.114523
0.564077 0.257393 1.242774 0.685794 -0.031741 0.718040 0.114450
0.563823 0.257373 1.242735 0.685964 -0.031834 0.717884 0.114377
0.563564 0.257365 1.242691 0.686133 -0.031911 0.717731 0.114302
0.563301 0.257369 1.242643 0.686301 -0.031976 0.717581 0.114223
0.563035 0.257385 1.242589 0.686469 -0.032030 0.717431 0.114140
0.562767 0.257411 1.242532 0.686637 -0.032076 0.717282 0.114052
0.562495 0.257446 1.242469 0.686806 -0.032113 0.717132 0.113960
0.562222 0.257491 1.242403 0.686976 -0.032143 0.716983 0.113864
0.561947 0.257545 1.242333 0.687147 -0.032166 0.716834 0.113764
0.561671 0.257606 1.242260 0.687319 -0.032184 0.716685 0.113661
0.561393 0.257674 1.242184 0.687492 -0.032197 0.716536 0.113554
0.561115 0.257749 1.242105 0.687665 -0.032204 0.716387 0.113444
0.560837 0.257831 1.242024 0.687839 -0.032207 0.716238 0.113331
0.560558 0.257918 1.241941 0.688013 -0.032207 0.716089 0.113216
0.560280 0.258010 1.241856 0.688187 -0.032203 0.715940 0.113099
0.560002 0.258108 1.241771 0.688361 -0.032196 0.715792 0.112979
0.559725 0.258210 1.241684 0.688534 -0.032185 0.715645 0.112858
0.559449 0.258315 1.241597 0.688707 -0.032173 0.715498 0.112735
0.559175 0.258425 1.241509 0.688880 -0.032158 0.715353 0.112610
0.558902 0.258538 1.241422 0.689051 -0.032142 0.715208 0.112485
0.558631 0.258654 1.241335 0.689221 -0.032123 0.715065 0.112358
0.558362 0.258773 1.241248 0.689390 -0.032103 0.714923 0.112231
0.558095 0.258895 1.241162 0.689557 -0.032081 0.714783 0.112103
0.557830 0.259018 1.241077 0.689722 -0.032058 0.714645 0.111975
0.557568 0.259144 1.240993 0.689886 -0.032034 0.714508 0.111847
0.557308 0.259271 1.240910 0.690047 -0.032009 0.714374 0.111718
0.557051 0.259399 1.240829 0.690206 -0.031983 0.714241 0.111590
0.556798 0.259529 1.240749 0.690362 -0.031955 0.714111 0.111463
0.556547 0.259660 1.240670 0.690516 -0.031927 0.713983 0.111335
0.556299 0.259792 1.240593 0.690668 -0.031899 0.713858 0.111209
0.556054 0.259924 1.240518 0.690817 -0.031869 0.713735 0.111083
0.555813 0.260056 1.240445 0.690962 -0.031839 0.713614 0.110958
0.555575 0.260189 1.240373 0.691106 -0.031808 0.713496 0.110834
0.555340 0.260322 1.240303 0.691246 -0.031777 0.713381 0.110711
0.555108 0.260454 1.240235 0.691383 -0.031745 0.713268 0.110590
0.554800 0.260504 1.240195 0.691612 -0.031957 0.713069 0.110381
0.554455 0.260523 1.240170 0.691860 -0.032203 0.712849 0.110177
0.554091 0.260533 1.240151 0.692097 -0.032409 0.712636 0.110005
0.553716 0.260544 1.240133 0.692319 -0.032567 0.712436 0.109861
0.553336 0.260564 1.240114 0.692527 -0.032684 0.712248 0.109733
0.552952 0.260593 1.240092 0.692726 -0.032772 0.712069 0.109614
0.552564 0.260633 1.240066 0.692918 -0.032837 0.711896 0.109498
0.552175 0.260684 1.240036 0.693107 -0.032885 0.711728 0.109382
0.551785 0.260746 1.240000 0.693293 -0.032919 0.711563 0.109264
0.551393 0.260817 1.239961 0.693479 -0.032943 0.711400 0.109144
0.551000 0.260897 1.239917 0.693664 -0.032957 0.711238 0.109020
0.550607 0.260985 1.239868 0.693848 -0.032963 0.711077 0.108894
0.550215 0.261081 1.239816 0.694032 -0.032962 0.710917 0.108765
0.549822 0.261184 1.239760 0.694217 -0.032955 0.710757 0.108634
0.549431 0.261293 1.239700 0.694401 -0.032942 0.710598 0.108500
0.549041 0.261408 1.239638 0.694585 -0.032924 0.710440 0.108364
0.548651 0.261528 1.239573 0.694769 -0.032902 0.710282 0.108227
0.548264 0.261653 1.239506 0.694953 -0.032875 0.710124 0.108088
0.547879 0.261782 1.239436 0.695136 -0.032845 0.709968 0.107948
0.547496 0.261915 1.239365 0.695319 -0.032812 0.709812 0.107806
0.547115 0.262051 1.239293 0.695501 -0.032776 0.709657 0.107664
0.546737 0.262190 1.239220 0.695682 -0.032738 0.709503 0.107522
0.546363 0.262331 1.239146 0.695862 -0.032698 0.709350 0.107379
0.545991 0.262475 1.239071 0.696040 -0.032656 0.709198 0.107236
0.545623 0.262621 1.238997 0.696217 -0.032613 0.709048 0.107093
0.545259 0.262768 1.238923 0.696392 -0.032568 0.708900 0.106950
0.544898 0.262916 1.238849 0.696566 -0.032523 0.708753 0.106808
0.544542 0.263066 1.238776 0.696737 -0.032476 0.708608 0.106666
0.544189 0.263217 1.238704 0.696906 -0.032429 0.708465 0.106524
0.543841 0.263368 1.238632 0.697073 -0.032381 0.708324 0.106384
0.543498 0.263519 1.238562 0.697237 -0.032332 0.708186 0.106244
0.543159 0.263671 1.238493 0.697399 -0.032284 0.708050 0.106106
0.542824 0.263822 1.238426 0.697558 -0.032234 0.707916 0.105969
0.542495 0.263974 1.238360 0.697713 -0.032185 0.707785 0.105833
0.542170 0.264125 1.238296 0.697866 -0.032135 0.707656 0.105699
0.541849 0.264275 1.238234 0.698016 -0.032086 0.707531 0.105566
0.541534 0.264425 1.238173 0.698163 -0.032036 0.707408 0.105435
0.541224 0.264573 1.238114 0.698306 -0.031987 0.707288 0.105306
0.540919 0.264721 1.238057 0.698446 -0.031937 0.707171 0.105179
0.540618 0.264868 1.238002 0.698583 -0.031887 0.707056 0.105054
0.540257 0.264952 1.237976 0.698790 -0.032046 0.706879 0.104822
0.539870 0.265014 1.237974 0.699002 -0.032238 0.706695 0.104588
0.539470 0.265071 1.237987 0.699197 -0.032396 0.706526 0.104382
0.539064 0.265129 1.238011 0.699371 -0.032514 0.706374 0.104201
0.538654 0.265193 1.238043 0.699527 -0.032598 0.706240 0.104039
0.538241 0.265264 1.238080 0.699666 -0.032655 0.706122 0.103891
0.537826 0.265342 1.238122 0.699792 -0.032690 0.706016 0.103752
0.537409 0.265427 1.238167 0.699907 -0.032709 0.705920 0.103621
0.536989 0.265519 1.238214 0.700012 -0.032713 0.705834 0.103496
0.536567 0.265616 1.238263 0.700109 -0.032704 0.705756 0.103378
0.536143 0.265719 1.238312 0.700199 -0.032684 0.705684 0.103263
0.535718 0.265827 1.238360 0.700284 -0.032655 0.705617 0.103153
0.535293 0.265937 1.238408 0.700365 -0.032618 0.705554 0.103047
0.534867 0.266050 1.238453 0.700444 -0.032575 0.705492 0.102945
0.534442 0.266163 1.238496 0.700521 -0.032528 0.705432 0.102847
0.534018 0.266276 1.238537 0.700597 -0.032477 0.705373 0.102753
0.533594 0.266387 1.238576 0.700672 -0.032424 0.705314 0.102665
0.533173 0.266495 1.238612 0.700745 -0.032369 0.705255 0.102582
0.532753 0.266600 1.238646 0.700819 -0.032313 0.705196 0.102505
0.532336 0.266700 1.238677 0.700892 -0.032257 0.705136 0.102435
0.531921 0.266795 1.238707 0.700965 -0.032202 0.705075 0.102371
0.531511 0.266886 1.238734 0.701038 -0.032146 0.705014 0.102313
0.531105 0.266974 1.238759 0.701110 -0.032088 0.704953 0.102260
0.530704 0.267060 1.238782 0.701180 -0.032027 0.704893 0.102210
0.530309 0.267143 1.238802 0.701249 -0.031965 0.704834 0.102163
0.529919 0.267224 1.238820 0.701318 -0.031901 0.704775 0.102119
0.529535 0.267304 1.238837 0.701385 -0.031836 0.704717 0.102077
0.529156 0.267381 1.238852 0.701452 -0.031771 0.704659 0.102038
0.528784 0.267456 1.238865 0.701517 -0.031706 0.704602 0.102001
0.528417 0.267528 1.238878 0.701581 -0.031641 0.704546 0.101966
0.528057 0.267599 1.238889 0.701645 -0.031576 0.704491 0.101933
0.527702 0.267667 1.238899 0.701707 -0.031511 0.704436 0.101903
0.527353 0.267733 1.238908 0.701767 -0.031447 0.704383 0.101875
0.527010 0.267797 1.238917 0.701827 -0.031384 0.704330 0.101848
0.526673 0.267859 1.238925 0.701885 -0.031321 0.704279 0.101824
0.526342 0.267918 1.238933 0.701941 -0.031259 0.704228 0.101802
0.526017 0.267976 1.238940 0.701997 -0.031198 0.704179 0.101782
0.525698 0.268031 1.238948 0.702050 -0.031138 0.704131 0.101763
0.525384 0.268083 1.238955 0.702102 -0.031079 0.704084 0.101747
0.525077 0.268134 1.238963 0.702153 -0.031021 0.704038 0.101733
0.524720 0.268151 1.238989 0.702278 -0.031134 0.703928 0.101594
0.524336 0.268161 1.239026 0.702439 -0.031279 0.703784 0.101437
0.523937 0.268174 1.239073 0.702612 -0.031408 0.703627 0.101285
0.523528 0.268196 1.239129 0.702788 -0.031515 0.703467 0.101140
0.523114 0.268230 1.239193 0.702962 -0.031603 0.703310 0.100999
0.522696 0.268276 1.239265 0.703131 -0.031676 0.703157 0.100861
0.522274 0.268334 1.239344 0.703295 -0.031737 0.703011 0.100722
0.521849 0.268405 1.239430 0.703453 -0.031788 0.702871 0.100583
0.521423 0.268486 1.239523 0.703603 -0.031832 0.702738 0.100444
0.520994 0.268578 1.239622 0.703748 -0.031868 0.702611 0.100304
0.520564 0.268681 1.239726 0.703885 -0.031899 0.702492 0.100163
0.520131 0.268793 1.239837 0.704016 -0.031924 0.702380 0.100022
0.519698 0.268913 1.239952 0.704140 -0.031943 0.702275 0.099881
0.519263 0.269042 1.240073 0.704258 -0.031957 0.702176 0.099741
0.518826 0.269178 1.240198 0.704370 -0.031965 0.702083 0.099601
0.518388 0.269322 1.240327 0.704476 -0.031968 0.701997 0.099462
0.517949 0.269472 1.240460 0.704575 -0.031967 0.701916 0.099323
0.517509 0.269628 1.240596 0.704669 -0.031960 0.701842 0.099187
0.517067 0.269789 1.240736 0.704758 -0.031949 0.701772 0.099051
0.516625 0.269956 1.240879 0.704841 -0.031932 0.701709 0.098917
0.516181 0.270128 1.241025 0.704919 -0.031911 0.701650 0.098786
0.515736 0.270304 1.241173 0.704991 -0.031885 0.701597 0.098656
0.515291 0.270484 1.241324 0.705059 -0.031855 0.701548 0.098528
0.514844 0.270667 1.241477 0.705122 -0.031820 0.701504 0.098403
0.514396 0.270854 1.241631 0.705180 -0.031780 0.701465 0.098280
0.513947 0.271043 1.241787 0.705233 -0.031736 0.701429 0.098160
0.513499 0.271236 1.241945 0.705284 -0.031689 0.701397 0.098042
0.513050 0.271429 1.242102 0.705332 -0.031641 0.701367 0.097926
0.512603 0.271624 1.242260 0.705380 -0.031592 0.701337 0.097811
0.512158 0.271819 1.242417 0.705427 -0.031545 0.701308 0.097697
0.511715 0.272012 1.242574 0.705474 -0.031499 0.701278 0.097586
0.511275 0.272203 1.242731 0.705521 -0.031456 0.701249 0.097477
0.510838 0.272391 1.242888 0.705567 -0.031415 0.701219 0.097371
0.510404 0.272575 1.243045 0.705612 -0.031377 0.701188 0.097269
0.509975 0.272756 1.243201 0.705657 -0.031340 0.701159 0.097170
0.509551 0.272934 1.243355 0.705699 -0.031302 0.701131 0.097074
0.509133 0.273111 1.243509 0.705740 -0.031262 0.701105 0.096980
0.508722 0.273286 1.243660 0.705779 -0.031221 0.701080 0.096887
0.508316 0.273460 1.243811 0.705817 -0.031179 0.701057 0.096796
0.507917 0.273633 1.243959 0.705853 -0.031138 0.701035 0.096706
0.507493 0.273795 1.244119 0.705946 -0.031225 0.700969 0.096481
0.507053 0.273958 1.244286 0.706078 -0.031337 0.700865 0.096233
0.506605 0.274127 1.244460 0.706230 -0.031446 0.700741 0.095980
0.506152 0.274304 1.244644 0.706391 -0.031546 0.700609 0.095726
0.505698 0.274490 1.244836 0.706553 -0.031638 0.700476 0.095473
0.505242 0.274685 1.245038 0.706711 -0.031723 0.700347 0.095219
0.504786 0.274887 1.245248 0.706864 -0.031801 0.700224 0.094965
0.504331 0.275098 1.245467 0.707009 -0.031874 0.700109 0.094712
0.503876 0.275316 1.245694 0.707146 -0.031942 0.700001 0.094460
0.503421 0.275541 1.245928 0.707274 -0.032005 0.699903 0.094210
0.502967 0.275772 1.246169 0.707393 -0.032064 0.699813 0.093961
0.502513 0.276008 1.246416 0.707504 -0.032119 0.699731 0.093714
0.502059 0.276249 1.246668 0.707607 -0.032169 0.699658 0.093469
0.501606 0.276496 1.246925 0.707702 -0.032215 0.699592 0.093226
0.501153 0.276746 1.247187 0.707789 -0.032257 0.699534 0.092987
0.500699 0.276999 1.247452 0.707868 -0.032295 0.699483 0.092750
0.500246 0.277256 1.247720 0.707941 -0.032328 0.699439 0.092516
0.499792 0.277516 1.247992 0.708007 -0.032357 0.699402 0.092285
0.499338 0.277778 1.248265 0.708067 -0.032381 0.699370 0.092058
0.498884 0.278042 1.248541 0.708120 -0.032402 0.699344 0.091834
0.498429 0.278308 1.248818 0.708168 -0.032417 0.699324 0.091614
0.497974 0.278575 1.249096 0.708210 -0.032428 0.699309 0.091398
0.497519 0.278844 1.249375 0.708247 -0.032435 0.699299 0.091186
0.497063 0.279113 1.249655 0.708280 -0.032437 0.699293 0.090977
0.496606 0.279382 1.249935 0.708307 -0.032435 0.699292 0.090773
0.496148 0.279652 1.250215 0.708330 -0.032429 0.699295 0.090574
0.495690 0.279922 1.250494 0.708349 -0.032418 0.699302 0.090378
0.495231 0.280192 1.250773 0.708363 -0.032402 0.699312 0.090187
0.494772 0.280461 1.251051 0.708374 -0.032383 0.699326 0.090000
0.494311 0.280730 1.251328 0.708382 -0.032359 0.699343 0.089818
0.493850 0.280997 1.251604 0.708385 -0.032330 0.699364 0.089640
0.493388 0.281265 1.251879 0.708386 -0.032297 0.699387 0.089467
0.492926 0.281530 1.252151 0.708384 -0.032261 0.699413 0.089298
0.492463 0.281795 1.252422 0.708380 -0.032221 0.699439 0.089133
0.492002 0.282057 1.252689 0.708376 -0.032182 0.699465 0.088971
0.491542 0.282315 1.252954 0.708373 -0.032142 0.699490 0.088813
0.491084 0.282570 1.253215 0.708371 -0.032105 0.699514 0.088658
0.490628 0.282821 1.253472 0.708370 -0.032069 0.699535 0.088507
0.490176 0.283065 1.253727 0.708371 -0.032036 0.699555 0.088361
0.489727 0.283303 1.253978 0.708372 -0.032007 0.699573 0.088219
0.489263 0.283542 1.254238 0.708431 -0.032056 0.699544 0.087959
0.488797 0.283783 1.254512 0.708505 -0.032085 0.699502 0.087680
0.488332 0.284029 1.254802 0.708584 -0.032090 0.699457 0.087407
0.487870 0.284280 1.255107 0.708658 -0.032080 0.699415 0.087139
0.487411 0.284536 1.255427 0.708724 -0.032062 0.699382 0.086875
0.486955 0.284797 1.255760 0.708780 -0.032039 0.699359 0.086614
0.486503 0.285063 1.256106 0.708825 -0.032015 0.699346 0.086356
0.486055 0.285333 1.256463 0.708860 -0.031990 0.699344 0.086099
0.485610 0.285606 1.256830 0.708883 -0.031965 0.699352 0.085845
0.485168 0.285884 1.257206 0.708896 -0.031940 0.699372 0.085593
0.484728 0.286164 1.257591 0.708898 -0.031915 0.699400 0.085343
0.484290 0.286446 1.257982 0.708892 -0.031890 0.699438 0.085096
0.483855 0.286731 1.258380 0.708876 -0.031866 0.699485 0.084851
0.483421 0.287018 1.258783 0.708852 -0.031841 0.699540 0.084609
0.482988 0.287306 1.259190 0.708821 -0.031815 0.699602 0.084370
0.482556 0.287596 1.259601 0.708782 -0.031789 0.699670 0.084134
0.482125 0.287886 1.260015 0.708737 -0.031761 0.699745 0.083901
0.481695 0.288176 1.260431 0.708686 -0.031733 0.699826 0.083672
0.481265 0.288467 1.260848 0.708630 -0.031703 0.699911 0.083446
0.480835 0.288758 1.261267 0.708568 -0.031671 0.700002 0.083224
0.480405 0.289048 1.261685 0.708501 -0.031638 0.700096 0.083005
0.479974 0.289338 1.262104 0.708431 -0.031603 0.700195 0.082790
0.479543 0.289627 1.262522 0.708356 -0.031566 0.700297 0.082580
0.479112 0.289916 1.262939 0.708278 -0.031527 0.700402 0.082373
0.478680 0.290203 1.263355 0.708197 -0.031485 0.700510 0.082170
0.478247 0.290488 1.263769 0.708112 -0.031442 0.700620 0.081972
0.477814 0.290772 1.264181 0.708026 -0.031396 0.700733 0.081778
0.477379 0.291054 1.264591 0.707936 -0.031347 0.700847 0.081587
0.476943 0.291335 1.264997 0.707845 -0.031296 0.700964 0.081402
0.476507 0.291613 1.265401 0.707752 -0.031242 0.701081 0.081220
0.476069 0.291889 1.265802 0.707657 -0.031186 0.701200 0.081043
0.475629 0.292163 1.266199 0.707560 -0.031127 0.701320 0.080871
0.475189 0.292435 1.266592 0.707462 -0.031065 0.701441 0.080703
0.474747 0.292704 1.266982 0.707363 -0.031000 0.701562 0.080539
0.474304 0.292970 1.267368 0.707263 -0.030933 0.701684 0.080380
0.473859 0.293234 1.267750 0.707163 -0.030862 0.701807 0.080225
0.473413 0.293495 1.268128 0.707061 -0.030789 0.701929 0.080075
0.472966 0.293754 1.268501 0.706959 -0.030713 0.702052 0.079929
0.472517 0.294009 1.268870 0.706856 -0.030634 0.702175 0.079788
0.472067 0.294262 1.269235 0.706753 -0.030552 0.702298 0.079651
0.471596 0.294517 1.269590 0.706755 -0.030506 0.702323 0.079428
0.471110 0.294778 1.269941 0.706831 -0.030430 0.702275 0.079215
0.470617 0.295044 1.270294 0.706950 -0.030346 0.702183 0.078995
0.470119 0.295316 1.270650 0.707093 -0.030260 0.702068 0.078767
0.469620 0.295594 1.271013 0.707248 -0.030174 0.701942 0.078534
0.469122 0.295877 1.271384 0.707405 -0.030090 0.701814 0.078296
0.468624 0.296165 1.271762 0.707558 -0.030007 0.701690 0.078055
0.468127 0.296457 1.272147 0.707706 -0.029927 0.701571 0.077812
0.467632 0.296753 1.272538 0.707845 -0.029849 0.701461 0.077569
0.467138 0.297051 1.272936 0.707976 -0.029773 0.701359 0.077325
0.466646 0.297352 1.273339 0.708097 -0.029698 0.701267 0.077082
0.466154 0.297655 1.273746 0.708208 -0.029625 0.701184 0.076839
0.465664 0.297959 1.274158 0.708311 -0.029554 0.701110 0.076598
0.465175 0.298264 1.274572 0.708404 -0.029483 0.701045 0.076358
0.464687 0.298570 1.274989 0.708489 -0.029412 0.700988 0.076120
0.464199 0.298876 1.275407 0.708565 -0.029342 0.700940 0.075884
0.463711 0.299182 1.275827 0.708634 -0.029272 0.700898 0.075651
0.463224 0.299488 1.276247 0.708695 -0.029202 0.700864 0.075420
0.462737 0.299792 1.276667 0.708750 -0.029132 0.700836 0.075192
0.462250 0.300096 1.277087 0.708798 -0.029061 0.700815 0.074967
0.461763 0.300399 1.277506 0.708840 -0.028990 0.700799 0.074746
0.461275 0.300699 1.277923 0.708876 -0.028917 0.700788 0.074528
0.460788 0.300998 1.278338 0.708907 -0.028844 0.700782 0.074313
0.460300 0.301295 1.278752 0.708933 -0.028770 0.700781 0.074102
0.459811 0.301590 1.279163 0.708955 -0.028694 0.700785 0.073895
0.459322 0.301882 1.279570 0.708972 -0.028617 0.700792 0.073692
0.458832 0.302172 1.279975 0.708985 -0.028538 0.700803 0.073494
0.458342 0.302459 1.280377 0.708994 -0.028458 0.700818 0.073299
0.457850 0.302743 1.280775 0.708999 -0.028376 0.700835 0.073108
0.457358 0.303024 1.281169 0.709001 -0.028293 0.700856 0.072922
0.456866 0.303302 1.281559 0.709000 -0.028207 0.700879 0.072740
0.456372 0.303577 1.281946 0.708996 -0.028120 0.700905 0.072562
0.455878 0.303848 1.282328 0.708990 -0.028031 0.700934 0.072389
0.455383 0.304116 1.282705 0.708980 -0.027939 0.700964 0.072220
0.454886 0.304381 1.283078 0.708968 -0.027846 0.700997 0.072056
0.454389 0.304641 1.283447 0.708954 -0.027751 0.701031 0.071896
0.453891 0.304899 1.283811 0.708938 -0.027653 0.701068 0.071741
0.453393 0.305152 1.284170 0.708919 -0.027554 0.701106 0.071590
0.452893 0.305402 1.284524 0.708899 -0.027452 0.701145 0.071444
0.452392 0.305648 1.284874 0.708877 -0.027349 0.701186 0.071302
0.451875 0.305896 1.285224 0.708955 -0.027201 0.701134 0.071091
0.451347 0.306147 1.285578 0.709097 -0.026996 0.701018 0.070897
0.450817 0.306402 1.285939 0.709270 -0.026766 0.700871 0.070705
0.450285 0.306660 1.286308 0.709457 -0.026526 0.700711 0.070513
0.449755 0.306921 1.286688 0.709645 -0.026286 0.700549 0.070319
0.449228 0.307184 1.287077 0.709829 -0.026049 0.700390 0.070125
0.448703 0.307450 1.287476 0.710005 -0.025817 0.700240 0.069929
0.448182 0.307718 1.287884 0.710170 -0.025591 0.700100 0.069732
0.447664 0.307987 1.288300 0.710325 -0.025371 0.699971 0.069535
0.447149 0.308258 1.288723 0.710467 -0.025158 0.699854 0.069338
0.446637 0.308529 1.289152 0.710598 -0.024952 0.699748 0.069141
0.446127 0.308801 1.289587 0.710717 -0.024751 0.699653 0.068945
0.445619 0.309073 1.290026 0.710826 -0.024555 0.699569 0.068750
0.445114 0.309344 1.290468 0.710924 -0.024365 0.699495 0.068556
0.444610 0.309615 1.290913 0.711012 -0.024179 0.699431 0.068363
0.444108 0.309885 1.291360 0.711091 -0.023998 0.699375 0.068173
0.443606 0.310154 1.291808 0.711161 -0.023820 0.699329 0.067984
0.443106 0.310421 1.292257 0.711223 -0.023646 0.699290 0.067797
0.442607 0.310686 1.292705 0.711278 -0.023475 0.699258 0.067613
0.442109 0.310950 1.293153 0.711325 -0.023307 0.699233 0.067432
0.441611 0.311211 1.293600 0.711365 -0.023142 0.699215 0.067253
0.441113 0.311470 1.294045 0.711400 -0.022979 0.699202 0.067077
0.440615 0.311727 1.294488 0.711428 -0.022817 0.699195 0.066904
0.440118 0.311981 1.294928 0.711451 -0.022658 0.699193 0.066734
0.439620 0.312232 1.295366 0.711469 -0.022501 0.699195 0.066568
0.439123 0.312480 1.295801 0.711482 -0.022344 0.699202 0.066404
0.438625 0.312725 1.296232 0.711491 -0.022189 0.699213 0.066245
0.438127 0.312967 1.296659 0.711496 -0.022035 0.699228 0.066089
0.437628 0.313205 1.297082 0.711497 -0.021881 0.699246 0.065936
0.437129 0.313440 1.297501 0.711495 -0.021729 0.699267 0.065787
0.436630 0.313672 1.297916 0.711489 -0.021576 0.699292 0.065642
0.436130 0.313900 1.298326 0.711480 -0.021425 0.699319 0.065501
0.435629 0.314124 1.298731 0.711469 -0.021273 0.699348 0.065363
0.435128 0.314345 1.299132 0.711454 -0.021121 0.699380 0.065230
0.434626 0.314562 1.299527 0.711437 -0.020970 0.699414 0.065100
0.434123 0.314775 1.299918 0.711418 -0.020819 0.699449 0.064974
0.433619 0.314985 1.300303 0.711397 -0.020667 0.699487 0.064852
0.433115 0.315190 1.300684 0.711373 -0.020515 0.699526 0.064734
0.432610 0.315392 1.301059 0.711348 -0.020363 0.699567 0.064619
0.432105 0.315590 1.301429 0.711321 -0.020210 0.699609 0.064509
0.431581 0.315789 1.301803 0.711400 -0.019938 0.699547 0.064390
0.431050 0.315989 1.302193 0.711529 -0.019604 0.699436 0.064269
0.430517 0.316193 1.302602 0.711682 -0.019234 0.699302 0.064154
0.429988 0.316402 1.303031 0.711840 -0.018851 0.699161 0.064042
0.429462 0.316614 1.303480 0.711995 -0.018470 0.699024 0.063928
0.428942 0.316832 1.303948 0.712140 -0.018097 0.698897 0.063811
0.428427 0.317053 1.304433 0.712272 -0.017735 0.698784 0.063689
0.427918 0.317279 1.304935 0.712388 -0.017386 0.698685 0.063562
0.427415 0.317508 1.305451 0.712490 -0.017052 0.698601 0.063432
0.426916 0.317740 1.305980 0.712576 -0.016731 0.698533 0.063297
0.426423 0.317974 1.306520 0.712647 -0.016423 0.698481 0.063158
0.425933 0.318210 1.307070 0.712704 -0.016127 0.698442 0.063017
0.425447 0.318448 1.307627 0.712748 -0.015844 0.698417 0.062873
0.424964 0.318686 1.308191 0.712780 -0.015571 0.698404 0.062727
0.424484 0.318925 1.308761 0.712799 -0.015309 0.698403 0.062579
0.424006 0.319165 1.309335 0.712808 -0.015056 0.698412 0.062430
0.423530 0.319404 1.309911 0.712808 -0.014812 0.698432 0.062279
0.423056 0.319642 1.310490 0.712798 -0.014577 0.698460 0.062129
0.422582 0.319880 1.311070 0.712780 -0.014349 0.698497 0.061978
0.422110 0.320116 1.311649 0.712755 -0.014128 0.698540 0.061827
0.421639 0.320350 1.312228 0.712722 -0.013914 0.698591 0.061677
0.421168 0.320583 1.312805 0.712684 -0.013706 0.698648 0.061527
0.420697 0.320814 1.313380 0.712639 -0.013504 0.698710 0.061378
0.420227 0.321042 1.313952 0.712590 -0.013307 0.698777 0.061231
0.419756 0.321268 1.314521 0.712536 -0.013114 0.698848 0.061085
0.419285 0.321491 1.315085 0.712478 -0.012926 0.698923 0.060941
0.418813 0.321711 1.315646 0.712416 -0.012742 0.699002 0.060798
0.418341 0.321929 1.316201 0.712351 -0.012561 0.699084 0.060658
0.417868 0.322143 1.316751 0.712283 -0.012384 0.699168 0.060519
0.417394 0.322353 1.317296 0.712213 -0.012210 0.699255 0.060383
0.416919 0.322560 1.317835 0.712140 -0.012038 0.699344 0.060250
0.416443 0.322764 1.318368 0.712065 -0.011869 0.699434 0.060119
0.415966 0.322964 1.318894 0.711989 -0.011702 0.699526 0.059991
0.415489 0.323161 1.319414 0.711910 -0.011538 0.699619 0.059866
0.415009 0.323353 1.319927 0.711831 -0.011375 0.699713 0.059743
0.414529 0.323542 1.320433 0.711750 -0.011214 0.699808 0.059624
0.414048 0.323727 1.320932 0.711669 -0.011054 0.699903 0.059507
0.413565 0.323908 1.321424 0.711587 -0.010895 0.699998 0.059394
0.413081 0.324085 1.321909 0.711504 -0.010738 0.700094 0.059284
0.412595 0.324257 1.322387 0.711421 -0.010581 0.700190 0.059177
0.412091 0.324433 1.322864 0.711458 -0.010266 0.700161 0.059140
0.411580 0.324611 1.323349 0.711550 -0.009894 0.700075 0.059108
0.411068 0.324790 1.323843 0.711662 -0.009495 0.699969 0.059080
0.410558 0.324969 1.324347 0.711778 -0.009089 0.699859 0.059052
0.410049 0.325149 1.324860 0.711890 -0.008684 0.699752 0.059024
0.409544 0.325329 1.325383 0.711994 -0.008286 0.699654 0.058993
0.409041 0.325510 1.325913 0.712087 -0.007899 0.699567 0.058959
0.408542 0.325691 1.326450 0.712169 -0.007523 0.699491 0.058922
0.408046 0.325872 1.326993 0.712240 -0.007160 0.699426 0.058882
0.407553 0.326052 1.327540 0.712299 -0.006808 0.699372 0.058839
0.407062 0.326232 1.328091 0.712348 -0.006468 0.699330 0.058793
0.406573 0.326410 1.328645 0.712387 -0.006139 0.699297 0.058744
0.406085 0.326587 1.329199 0.712416 -0.005821 0.699275 0.058694
0.405600 0.326763 1.329755 0.712436 -0.005512 0.699261 0.058642
0.405115 0.326937 1.330310 0.712448 -0.005213 0.699255 0.058588
0.404632 0.327109 1.330864 0.712453 -0.004923 0.699257 0.058534
0.404149 0.327279 1.331416 0.712450 -0.004640 0.699266 0.058478
0.403667 0.327447 1.331966 0.712441 -0.004366 0.699282 0.058422
0.403186 0.327612 1.332513 0.712427 -0.004098 0.699303 0.058366
0.402704 0.327774 1.333056 0.712407 -0.003837 0.699330 0.058309
0.402222 0.327934 1.333596 0.712382 -0.003583 0.699361 0.058253
0.401741 0.328090 1.334131 0.712352 -0.003334 0.699397 0.058197
0.401258 0.328244 1.334661 0.712319 -0.003091 0.699436 0.058142
0.400776 0.328394 1.335186 0.712282 -0.002853 0.699480 0.058087
0.400293 0.328541 1.335706 0.712242 -0.002620 0.699526 0.058033
0.399809 0.328685 1.336220 0.712199 -0.002392 0.699575 0.057980
0.399325 0.328825 1.336727 0.712153 -0.002168 0.699627 0.057928
0.398840 0.328962 1.337229 0.712104 -0.001947 0.699681 0.057877
0.398354 0.329095 1.337724 0.712054 -0.001731 0.699738 0.057828
0.397868 0.329225 1.338213 0.712001 -0.001517 0.699795 0.057780
0.397380 0.329352 1.338695 0.711947 -0.001307 0.699855 0.057734
0.396891 0.329474 1.339171 0.711891 -0.001100 0.699916 0.057689
0.396402 0.329593 1.339640 0.711834 -0.000896 0.699978 0.057646
0.395911 0.329708 1.340101 0.711775 -0.000695 0.700041 0.057604
0.395419 0.329820 1.340556 0.711716 -0.000495 0.700105 0.057565
0.394927 0.329928 1.341004 0.711656 -0.000299 0.700169 0.057527
0.394433 0.330032 1.341445 0.711594 -0.000104 0.700234 0.057491
0.393938 0.330133 1.341878 0.711532 0.000089 0.700300 0.057457
0.393442 0.330230 1.342305 0.711470 0.000280 0.700366 0.057425
0.392945 0.330323 1.342725 0.711407 0.000469 0.700433 0.057395
0.392435 0.330422 1.343157 0.711445 0.000818 0.700386 0.057484
0.391922 0.330524 1.343605 0.711510 0.001188 0.700313 0.057565
0.391410 0.330628 1.344069 0.711583 0.001566 0.700232 0.057641
0.390902 0.330735 1.344549 0.711652 0.001942 0.700155 0.057712
0.390397 0.330845 1.345044 0.711712 0.002308 0.700087 0.057776
0.389896 0.330957 1.345552 0.711762 0.002662 0.700031 0.057833
0.389400 0.331070 1.346072 0.711800 0.003003 0.699987 0.057882
0.388906 0.331186 1.346601 0.711826 0.003330 0.699956 0.057924
0.388417 0.331302 1.347140 0.711839 0.003644 0.699937 0.057959
0.387930 0.331420 1.347685 0.711842 0.003944 0.699931 0.057987
0.387446 0.331538 1.348236 0.711834 0.004232 0.699936 0.058010
0.386965 0.331656 1.348792 0.711815 0.004508 0.699951 0.058027
0.386485 0.331774 1.349351 0.711788 0.004773 0.699976 0.058039
0.386007 0.331891 1.349911 0.711753 0.005028 0.700010 0.058047
0.385530 0.332008 1.350473 0.711709 0.005274 0.700051 0.058051
0.385055 0.332123 1.351035 0.711659 0.005510 0.700101 0.058051
0.384580 0.332237 1.351596 0.711603 0.005739 0.700156 0.058048
0.384105 0.332350 1.352155 0.711541 0.005959 0.700218 0.058043
0.383631 0.332460 1.352712 0.711474 0.006173 0.700284 0.058035
0.383158 0.332569 1.353266 0.711403 0.006380 0.700355 0.058025
0.382684 0.332675 1.353816 0.711328 0.006580 0.700431 0.058013
0.382209 0.332779 1.354363 0.711250 0.006775 0.700510 0.058000
0.381735 0.332880 1.354904 0.711168 0.006965 0.700592 0.057985
0.381260 0.332979 1.355441 0.711084 0.007150 0.700677 0.057970
0.380784 0.333075 1.355972 0.710998 0.007331 0.700764 0.057954
0.380307 0.333168 1.356498 0.710910 0.007507 0.700853 0.057938
0.379830 0.333257 1.357018 0.710820 0.007680 0.700943 0.057921
0.379352 0.333344 1.357531 0.710729 0.007849 0.701035 0.057904
0.378873 0.333428 1.358038 0.710636 0.008015 0.701128 0.057887
0.378392 0.333509 1.358538 0.710543 0.008178 0.701222 0.057870
0.377911 0.333586 1.359032 0.710449 0.008338 0.701317 0.057854
0.377429 0.333660 1.359518 0.710355 0.008496 0.701412 0.057838
0.376946 0.333731 1.359998 0.710260 0.008651 0.701507 0.057823
0.376461 0.333798 1.360470 0.710166 0.008804 0.701602 0.057808
0.375975 0.333862 1.360935 0.710071 0.008956 0.701697 0.057794
0.375488 0.333922 1.361393 0.709976 0.009105 0.701792 0.057781
0.375000 0.333980 1.361843 0.709882 0.009253 0.701887 0.057769
0.374511 0.334033 1.362287 0.709787 0.009400 0.701981 0.057758
0.374020 0.334084 1.362723 0.709694 0.009545 0.702075 0.057748
0.373529 0.334131 1.363151 0.709600 0.009689 0.702168 0.057739
0.373028 0.334191 1.363602 0.709608 0.010020 0.702140 0.057928
0.372526 0.334259 1.364070 0.709645 0.010341 0.702083 0.058106
0.372025 0.334332 1.364556 0.709691 0.010642 0.702019 0.058262
0.371528 0.334409 1.365058 0.709735 0.010924 0.701958 0.058400
0.371033 0.334491 1.365574 0.709773 0.011189 0.701907 0.058522
0.370542 0.334576 1.366104 0.709800 0.011438 0.701866 0.058631
0.370054 0.334664 1.366646 0.709817 0.011671 0.701837 0.058726
0.369569 0.334754 1.367198 0.709823 0.011890 0.701820 0.058810
0.369087 0.334845 1.367758 0.709817 0.012097 0.701816 0.058884
0.368607 0.334938 1.368324 0.709802 0.012291 0.701823 0.058949
0.368129 0.335032 1.368897 0.709777 0.012474 0.701840 0.059005
0.367654 0.335125 1.369472 0.709742 0.012646 0.701868 0.059054
0.367179 0.335219 1.370051 0.709700 0.012810 0.701904 0.059096
0.366706 0.335311 1.370631 0.709650 0.012964 0.701949 0.059131
0.366233 0.335403 1.371212 0.709593 0.013111 0.702001 0.059161
0.365761 0.335494 1.371791 0.709530 0.013250 0.702060 0.059186
0.365289 0.335583 1.372370 0.709462 0.013383 0.702125 0.059206
0.364818 0.335670 1.372945 0.709389 0.013510 0.702194 0.059222
0.364346 0.335754 1.373518 0.709312 0.013631 0.702269 0.059235
0.363874 0.335837 1.374087 0.709232 0.013747 0.702347 0.059245
0.363402 0.335917 1.374652 0.709148 0.013859 0.702429 0.059251
0.362929 0.335994 1.375211 0.709062 0.013968 0.702513 0.059256
0.362456 0.336069 1.375766 0.708973 0.014072 0.702600 0.059258
0.361982 0.336140 1.376314 0.708883 0.014173 0.702689 0.059259
0.361507 0.336209 1.376857 0.708791 0.014272 0.702780 0.059258
0.361031 0.336274 1.377393 0.708698 0.014367 0.702872 0.059256
0.360554 0.336336 1.377922 0.708604 0.014461 0.702966 0.059253
0.360076 0.336394 1.378445 0.708509 0.014553 0.703060 0.059249
0.359597 0.336449 1.378960 0.708414 0.014643 0.703154 0.059245
0.359117 0.336500 1.379468 0.708318 0.014731 0.703249 0.059240
0.358635 0.336548 1.379968 0.708222 0.014818 0.703344 0.059235
0.358153 0.336593 1.380461 0.708127 0.014904 0.703439 0.059230
0.357669 0.336633 1.380946 0.708031 0.014989 0.703534 0.059225
0.357184 0.336671 1.381423 0.707936 0.015073 0.703628 0.059220
0.356698 0.336704 1.381893 0.707842 0.015157 0.703722 0.059215
0.356211 0.336734 1.382355 0.707748 0.015240 0.703815 0.059211
0.355722 0.336760 1.382809 0.707654 0.015323 0.703907 0.059208
0.355232 0.336783 1.383255 0.707561 0.015406 0.703999 0.059205
0.354741 0.336801 1.383693 0.707469 0.015488 0.704090 0.059202
0.354249 0.336817 1.384124 0.707378 0.015571 0.704180 0.059201
0.353756 0.336849 1.384588 0.707360 0.015858 0.704172 0.059439
0.353270 0.336892 1.385082 0.707348 0.016101 0.704161 0.059642
0.352792 0.336940 1.385602 0.707321 0.016307 0.704168 0.059815
0.352323 0.336993 1.386145 0.707274 0.016488 0.704198 0.059968
0.351860 0.337048 1.386706 0.707207 0.016648 0.704250 0.060105
0.351404 0.337105 1.387283 0.707122 0.016790 0.704322 0.060229
0.350952 0.337164 1.387873 0.707021 0.016916 0.704410 0.060342
0.350505 0.337223 1.388474 0.706906 0.017028 0.704514 0.060444
0.350061 0.337283 1.389082 0.706780 0.017127 0.704631 0.060537
0.349620 0.337341 1.389697 0.706643 0.017214 0.704759 0.060621
0.349181 0.337399 1.390317 0.706497 0.017291 0.704897 0.060698
0.348744 0.337456 1.390939 0.706343 0.017358 0.705043 0.060768
0.348308 0.337510 1.391564 0.706184 0.017417 0.705196 0.060831
0.347873 0.337563 1.392188 0.706019 0.017469 0.705355 0.060888
0.347438 0.337614 1.392811 0.705849 0.017514 0.705519 0.060941
0.347004 0.337662 1.393433 0.705676 0.017554 0.705687 0.060989
0.346570 0.337707 1.394052 0.705500 0.017588 0.705858 0.061032
0.346135 0.337750 1.394667 0.705322 0.017618 0.706032 0.061072
0.345700 0.337789 1.395278 0.705142 0.017643 0.706207 0.061108
0.345264 0.337826 1.395884 0.704961 0.017666 0.706384 0.061142
0.344828 0.337859 1.396484 0.704780 0.017685 0.706562 0.061173
0.344390 0.337889 1.397078 0.704598 0.017702 0.706741 0.061201
0.343951 0.337915 1.397665 0.704417 0.017717 0.706919 0.061228
0.343511 0.337938 1.398246 0.704236 0.017730 0.707097 0.061252
0.343070 0.337957 1.398819 0.704055 0.017742 0.707274 0.061275
0.342628 0.337973 1.399385 0.703876 0.017753 0.707450 0.061297
0.342183 0.337985 1.399942 0.703698 0.017763 0.707625 0.061318
0.341738 0.337993 1.400492 0.703522 0.017772 0.707799 0.061337
0.341290 0.337998 1.401034 0.703347 0.017781 0.707970 0.061356
0.340842 0.337999 1.401567 0.703174 0.017791 0.708140 0.061374
0.340391 0.337996 1.402092 0.703003 0.017800 0.708308 0.061392
0.339939 0.337989 1.402609 0.702834 0.017809 0.708474 0.061409
0.339485 0.337979 1.403117 0.702668 0.017819 0.708638 0.061426
0.339030 0.337966 1.403616 0.702503 0.017830 0.708799 0.061443
0.338573 0.337948 1.404107 0.702341 0.017841 0.708958 0.061460
0.338114 0.337927 1.404589 0.702181 0.017853 0.709115 0.061476
0.337654 0.337902 1.405063 0.702024 0.017866 0.709269 0.061493
0.337192 0.337874 1.405528 0.701869 0.017879 0.709420 0.061510
0.336728 0.337842 1.405984 0.701716 0.017894 0.709569 0.061528
0.336263 0.337807 1.406432 0.701566 0.017910 0.709716 0.061545
0.335796 0.337791 1.406909 0.701489 0.018161 0.709758 0.061854
0.335329 0.337785 1.407411 0.701444 0.018426 0.709768 0.062174
0.334866 0.337786 1.407934 0.701401 0.018668 0.709778 0.062466
0.334406 0.337792 1.408476 0.701351 0.018886 0.709799 0.062733
0.333951 0.337801 1.409035 0.701290 0.019083 0.709833 0.062980
0.333500 0.337813 1.409608 0.701216 0.019261 0.709880 0.063209
0.333051 0.337826 1.410193 0.701131 0.019421 0.709941 0.063421
0.332605 0.337840 1.410787 0.701035 0.019566 0.710014 0.063620
0.332162 0.337855 1.411388 0.700930 0.019696 0.710098 0.063805
0.331720 0.337869 1.411994 0.700816 0.019812 0.710191 0.063978
0.331280 0.337883 1.412605 0.700694 0.019917 0.710294 0.064140
0.330840 0.337895 1.413217 0.700566 0.020011 0.710404 0.064292
0.330402 0.337907 1.413831 0.700432 0.020096 0.710520 0.064435
0.329963 0.337916 1.414444 0.700294 0.020171 0.710642 0.064570
0.329525 0.337924 1.415055 0.700152 0.020239 0.710769 0.064697
0.329086 0.337929 1.415664 0.700006 0.020300 0.710899 0.064816
0.328648 0.337931 1.416269 0.699859 0.020355 0.711033 0.064929
0.328208 0.337931 1.416870 0.699709 0.020404 0.711169 0.065037
0.327768 0.337928 1.417466 0.699558 0.020448 0.711307 0.065138
0.327327 0.337922 1.418057 0.699406 0.020489 0.711447 0.065235
0.326885 0.337912 1.418641 0.699253 0.020525 0.711587 0.065327
0.326442 0.337900 1.419219 0.699101 0.020558 0.711728 0.065415
0.325998 0.337884 1.419790 0.698948 0.020588 0.711869 0.065500
0.325552 0.337864 1.420353 0.698797 0.020616 0.712009 0.065580
0.325105 0.337841 1.420908 0.698646 0.020642 0.712149 0.065658
0.324657 0.337815 1.421456 0.698496 0.020666 0.712289 0.065733
0.324208 0.337785 1.421996 0.698348 0.020689 0.712427 0.065804
0.323757 0.337751 1.422527 0.698201 0.020710 0.712564 0.065874
0.323304 0.337714 1.423050 0.698055 0.020731 0.712700 0.065941
0.322851 0.337673 1.423564 0.697912 0.020751 0.712834 0.066006
0.322395 0.337628 1.424070 0.697770 0.020770 0.712966 0.066070
0.321938 0.337580 1.424567 0.697630 0.020789 0.713097 0.066131
0.321480 0.337528 1.425055 0.697492 0.020808 0.713226 0.066191
0.321020 0.337473 1.425534 0.697356 0.020827 0.713352 0.066250
0.320559 0.337414 1.426005 0.697223 0.020846 0.713477 0.066307
0.320096 0.337351 1.426467 0.697091 0.020866 0.713600 0.066363
0.319632 0.337285 1.426921 0.696962 0.020886 0.713720 0.066418
0.319166 0.337216 1.427366 0.696835 0.020906 0.713839 0.066472
0.318699 0.337143 1.427802 0.696710 0.020927 0.713955 0.066525
0.318231 0.337066 1.428231 0.696588 0.020948 0.714069 0.066578
0.317765 0.337011 1.428692 0.696525 0.021164 0.714094 0.066887
0.317305 0.336967 1.429173 0.696469 0.021354 0.714115 0.067187
0.316851 0.336928 1.429671 0.696399 0.021504 0.714154 0.067455
0.316403 0.336891 1.430179 0.696311 0.021626 0.714213 0.067699
0.315959 0.336856 1.430696 0.696207 0.021727 0.714289 0.067926
0.315519 0.336821 1.431218 0.696090 0.021812 0.714380 0.068140
0.315081 0.336785 1.431744 0.695963 0.021884 0.714483 0.068343
0.314645 0.336747 1.432273 0.695827 0.021946 0.714595 0.068537
0.314210 0.336708 1.432801 0.695684 0.021998 0.714715 0.068721
0.313776 0.336666 1.433329 0.695537 0.022043 0.714840 0.068898
0.313341 0.336622 1.433856 0.695385 0.022081 0.714969 0.069067
0.312907 0.336575 1.434379 0.695231 0.022114 0.715102 0.069230
0.312473 0.336525 1.434899 0.695076 0.022141 0.715238 0.069386
0.312038 0.336472 1.435415 0.694918 0.022165 0.715375 0.069536
0.311602 0.336416 1.435926 0.694761 0.022185 0.715514 0.069681
0.311166 0.336356 1.436432 0.694602 0.022201 0.715653 0.069821
0.310728 0.336294 1.436932 0.694445 0.022216 0.715793 0.069957
0.310290 0.336228 1.437426 0.694287 0.022228 0.715932 0.070088
0.309851 0.336158 1.437914 0.694131 0.022238 0.716071 0.070215
0.309410 0.336085 1.438395 0.693975 0.022247 0.716209 0.070339
0.308968 0.336009 1.438869 0.693821 0.022255 0.716347 0.070458
0.308525 0.335929 1.439336 0.693668 0.022262 0.716483 0.070575
0.308081 0.335846 1.439796 0.693517 0.022269 0.716618 0.070688
0.307636 0.335760 1.440249 0.693368 0.022275 0.716751 0.070798
0.307189 0.335670 1.440694 0.693220 0.022281 0.716883 0.070906
0.306741 0.335576 1.441132 0.693075 0.022286 0.717013 0.071011
0.306291 0.335480 1.441562 0.692931 0.022292 0.717142 0.071113
0.305840 0.335380 1.441985 0.692790 0.022298 0.717268 0.071214
0.305388 0.335276 1.442401 0.692650 0.022305 0.717393 0.071311
0.304935 0.335170 1.442809 0.692513 0.022312 0.717516 0.071407
0.304480 0.335060 1.443210 0.692378 0.022319 0.717636 0.071501
0.304024 0.334947 1.443603 0.692245 0.022327 0.717755 0.071593
0.303567 0.334831 1.443989 0.692115 0.022336 0.717872 0.071683
0.303109 0.334712 1.444368 0.691987 0.022346 0.717986 0.071772
0.302649 0.334590 1.444739 0.691860 0.022356 0.718099 0.071858
0.302188 0.334465 1.445104 0.691737 0.022367 0.718209 0.071944
0.301726 0.334337 1.445461 0.691615 0.022379 0.718318 0.072027
0.301263 0.334206 1.445811 0.691495 0.022393 0.718424 0.072110
0.300799 0.334072 1.446155 0.691378 0.022407 0.718528 0.072190
0.300333 0.333935 1.446492 0.691263 0.022422 0.718631 0.072270
0.299867 0.333821 1.446872 0.691225 0.022675 0.718624 0.072615
0.299406 0.333717 1.447290 0.691188 0.022941 0.718615 0.072978
0.298952 0.333620 1.447738 0.691132 0.023176 0.718627 0.073313
0.298505 0.333526 1.448213 0.691056 0.023379 0.718661 0.073625
0.298064 0.333436 1.448709 0.690960 0.023556 0.718718 0.073915
0.297627 0.333347 1.449223 0.690847 0.023707 0.718794 0.074188
0.297195 0.333259 1.449751 0.690719 0.023835 0.718886 0.074444
0.296766 0.333172 1.450291 0.690579 0.023944 0.718992 0.074686
0.296340 0.333084 1.450839 0.690428 0.024034 0.719110 0.074914
0.295915 0.332995 1.451394 0.690269 0.024109 0.719238 0.075129
0.295492 0.332906 1.451953 0.690103 0.024170 0.719374 0.075333
0.295071 0.332815 1.452514 0.689931 0.024218 0.719517 0.075526
0.294650 0.332721 1.453077 0.689755 0.024255 0.719665 0.075710
0.294229 0.332626 1.453639 0.689576 0.024282 0.719817 0.075884
0.293809 0.332529 1.454200 0.689394 0.024301 0.719973 0.076051
0.293388 0.332428 1.454757 0.689211 0.024312 0.720131 0.076210
0.292967 0.332326 1.455312 0.689027 0.024317 0.720291 0.076362
0.292546 0.332220 1.455861 0.688843 0.024317 0.720452 0.076508
0.292124 0.332111 1.456406 0.688659 0.024311 0.720613 0.076648
0.291701 0.332000 1.456945 0.688475 0.024301 0.720774 0.076782
0.291278 0.331885 1.457478 0.688293 0.024288 0.720935 0.076911
0.290853 0.331767 1.458004 0.688112 0.024272 0.721095 0.077036
0.290427 0.331646 1.458523 0.687933 0.024253 0.721254 0.077156
0.290000 0.331522 1.459034 0.687755 0.024232 0.721411 0.077272
0.289572 0.331395 1.459538 0.687580 0.024210 0.721567 0.077384
0.289143 0.331264 1.460034 0.687407 0.024186 0.721721 0.077492
0.288712 0.331130 1.460522 0.687237 0.024161 0.721873 0.077597
0.288280 0.330993 1.461002 0.687069 0.024136 0.722022 0.077699
0.287847 0.330853 1.461474 0.686905 0.024110 0.722169 0.077798
0.287413 0.330709 1.461937 0.686742 0.024084 0.722314 0.077894
0.286977 0.330563 1.462392 0.686583 0.024058 0.722456 0.077987
0.286540 0.330413 1.462839 0.686427 0.024032 0.722595 0.078078
0.286101 0.330260 1.463277 0.686274 0.024007 0.722732 0.078167
0.285661 0.330104 1.463707 0.686123 0.023982 0.722867 0.078253
0.285220 0.329946 1.464129 0.685976 0.023957 0.722998 0.078337
0.284778 0.329784 1.464542 0.685832 0.023934 0.723127 0.078419
0.284335 0.329619 1.464947 0.685690 0.023911 0.723253 0.078500
0.283890 0.329452 1.465345 0.685552 0.023888 0.723376 0.078578
0.283444 0.329281 1.465734 0.685416 0.023867 0.723497 0.078654
0.282997 0.329108 1.466115 0.685284 0.023847 0.723615 0.078729
0.282546 0.328960 1.466536 0.685247 0.024049 0.723612 0.079021
0.282100 0.328821 1.466988 0.685210 0.024213 0.723614 0.079266
0.281661 0.328689 1.467462 0.685154 0.024340 0.723641 0.079477
0.281229 0.328558 1.467955 0.685073 0.024439 0.723692 0.079668
0.280802 0.328430 1.468461 0.684972 0.024515 0.723766 0.079844
0.280378 0.328301 1.468978 0.684853 0.024571 0.723859 0.080009
0.279958 0.328172 1.469501 0.684719 0.024611 0.723966 0.080164
0.279540 0.328041 1.470029 0.684575 0.024635 0.724086 0.080310
0.279124 0.327909 1.470559 0.684423 0.024647 0.724214 0.080448
0.278709 0.327775 1.471090 0.684265 0.024649 0.724349 0.080577
0.278294 0.327638 1.471620 0.684102 0.024641 0.724490 0.080700
0.277880 0.327499 1.472148 0.683935 0.024626 0.724634 0.080817
0.277466 0.327357 1.472673 0.683767 0.024603 0.724782 0.080927
0.277052 0.327213 1.473194 0.683597 0.024576 0.724931 0.081032
0.276637 0.327065 1.473711 0.683427 0.024543 0.725082 0.081133
0.276221 0.326915 1.474222 0.683256 0.024507 0.725233 0.081228
0.275805 0.326761 1.474727 0.683086 0.024467 0.725384 0.081319
0.275388 0.326605 1.475226 0.682917 0.024425 0.725534 0.081407
0.274970 0.326445 1.475718 0.682750 0.024380 0.725684 0.081490
0.274551 0.326282 1.476203 0.682584 0.024334 0.725833 0.081571
0.274132 0.326116 1.476681 0.682419 0.024287 0.725980 0.081648
0.273711 0.325947 1.477152 0.682257 0.024238 0.726126 0.081722
0.273288 0.325776 1.477615 0.682097 0.024189 0.726270 0.081794
0.272865 0.325601 1.478070 0.681939 0.024140 0.726412 0.081862
0.272441 0.325422 1.478517 0.681784 0.024091 0.726552 0.081929
0.272015 0.325242 1.478956 0.681631 0.024042 0.726690 0.081993
0.271589 0.325058 1.479388 0.681480 0.023993 0.726826 0.082055
0.271161 0.324871 1.479812 0.681333 0.023945 0.726959 0.082115
0.270732 0.324681 1.480227 0.681188 0.023897 0.727090 0.082174
0.270301 0.324488 1.480635 0.681045 0.023850 0.727218 0.082230
0.269870 0.324293 1.481035 0.680906 0.023803 0.727344 0.082285
0.269438 0.324095 1.481427 0.680769 0.023758 0.727468 0.082338
0.269004 0.323894 1.481812 0.680635 0.023714 0.727589 0.082389
0.268570 0.323690 1.482189 0.680503 0.023671 0.727708 0.082439
0.268134 0.323484 1.482558 0.680375 0.023628 0.727824 0.082488
0.267698 0.323275 1.482920 0.680249 0.023587 0.727938 0.082535
0.267260 0.323064 1.483274 0.680125 0.023547 0.728049 0.082581
0.266821 0.322850 1.483622 0.680004 0.023509 0.728158 0.082626
0.266382 0.322634 1.483962 0.679886 0.023471 0.728265 0.082670
0.265942 0.322415 1.484295 0.679771 0.023435 0.728369 0.082713
0.265493 0.322221 1.484671 0.679758 0.023679 0.728342 0.082989
0.265046 0.322036 1.485077 0.679759 0.023900 0.728308 0.083217
0.264603 0.321857 1.485507 0.679749 0.024092 0.728288 0.083412
0.264165 0.321682 1.485956 0.679723 0.024257 0.728287 0.083585
0.263730 0.321508 1.486420 0.679679 0.024397 0.728305 0.083740
0.263298 0.321334 1.486896 0.679621 0.024515 0.728339 0.083882
0.262870 0.321161 1.487381 0.679550 0.024613 0.728387 0.084012
0.262443 0.320987 1.487872 0.679468 0.024693 0.728447 0.084132
0.262018 0.320812 1.488367 0.679378 0.024757 0.728516 0.084241
0.261593 0.320636 1.488863 0.679282 0.024807 0.728593 0.084341
0.261170 0.320458 1.489360 0.679179 0.024846 0.728676 0.084434
0.260747 0.320278 1.489856 0.679073 0.024874 0.728764 0.084519
0.260325 0.320096 1.490349 0.678964 0.024894 0.728857 0.084598
0.259902 0.319912 1.490840 0.678852 0.024905 0.728952 0.084671
0.259480 0.319725 1.491326 0.678738 0.024910 0.729049 0.084738
0.259057 0.319535 1.491808 0.678624 0.024909 0.729149 0.084801
0.258634 0.319343 1.492284 0.678509 0.024903 0.729249 0.084859
0.258211 0.319148 1.492755 0.678394 0.024893 0.729350 0.084913
0.257787 0.318951 1.493219 0.678279 0.024879 0.729451 0.084964
0.257362 0.318750 1.493676 0.678165 0.024862 0.729552 0.085011
0.256937 0.318547 1.494127 0.678052 0.024843 0.729653 0.085055
0.256511 0.318341 1.494570 0.677940 0.024822 0.729753 0.085096
0.256085 0.318132 1.495007 0.677829 0.024798 0.729852 0.085135
0.255657 0.317920 1.495435 0.677720 0.024774 0.729951 0.085171
0.255230 0.317708 1.495857 0.677610 0.024752 0.730049 0.085206
0.254802 0.317497 1.496270 0.677500 0.024736 0.730148 0.085241
0.254374 0.317288 1.496676 0.677388 0.024727 0.730248 0.085275
0.253946 0.317084 1.497074 0.677275 0.024725 0.730349 0.085306
0.253517 0.316886 1.497465 0.677163 0.024730 0.730450 0.085333
0.253087 0.316693 1.497849 0.677050 0.024742 0.730552 0.085355
0.252656 0.316507 1.498225 0.676937 0.024761 0.730654 0.085371
0.252224 0.316329 1.498594 0.676824 0.024787 0.730756 0.085380
0.251791 0.316158 1.498956 0.676712 0.024819 0.730859 0.085381
0.251356 0.315996 1.499311 0.676601 0.024858 0.730961 0.085375
0.250919 0.315842 1.499660 0.676491 0.024904 0.731063 0.085360
0.250480 0.315697 1.500001 0.676382 0.024956 0.731165 0.085336
0.250039 0.315561 1.500336 0.676274 0.025016 0.731266 0.085303
0.249596 0.315434 1.500664 0.676168 0.025082 0.731368 0.085260
0.249150 0.315316 1.500986 0.676063 0.025155 0.731468 0.085208
0.248701 0.315208 1.501302 0.675959 0.025236 0.731569 0.085146
0.248235 0.315109 1.501661 0.675978 0.025568 0.731528 0.085242
0.247765 0.315015 1.502054 0.676012 0.025951 0.731472 0.085338
0.247299 0.314923 1.502474 0.676025 0.026334 0.731437 0.085418
0.246836 0.314835 1.502915 0.676008 0.026706 0.731432 0.085488
0.246379 0.314750 1.503375 0.675961 0.027064 0.731454 0.085551
0.245925 0.314670 1.503849 0.675889 0.027407 0.731501 0.085606
0.245475 0.314595 1.504335 0.675797 0.027736 0.731569 0.085650
0.245027 0.314526 1.504832 0.675687 0.028050 0.731655 0.085682
0.244581 0.314463 1.505337 0.675563 0.028351 0.731756 0.085701
0.244136 0.314407 1.505849 0.675427 0.028639 0.731869 0.085706
0.243693 0.314359 1.506368 0.675281 0.028916 0.731995 0.085696
0.243250 0.314318 1.506892 0.675126 0.029182 0.732129 0.085671
0.242807 0.314284 1.507422 0.674964 0.029438 0.732273 0.085630
0.242364 0.314258 1.507955 0.674796 0.029686 0.732425 0.085573
0.241920 0.314241 1.508493 0.674623 0.029925 0.732583 0.085501
0.241475 0.314231 1.509032 0.674443 0.030157 0.732749 0.085414
0.241030 0.314229 1.509572 0.674258 0.030381 0.732922 0.085314
0.240583 0.314234 1.510110 0.674070 0.030599 0.733099 0.085201
0.240135 0.314247 1.510646 0.673878 0.030812 0.733281 0.085076
0.239685 0.314267 1.511178 0.673684 0.031022 0.733466 0.084938
0.239232 0.314295 1.511706 0.673489 0.031229 0.733654 0.084789
0.238778 0.314331 1.512228 0.673294 0.031434 0.733843 0.084628
0.238320 0.314374 1.512745 0.673098 0.031639 0.734033 0.084455
0.237860 0.314424 1.513256 0.672904 0.031844 0.734224 0.084271
0.237397 0.314481 1.513760 0.672710 0.032049 0.734415 0.084077
0.236931 0.314546 1.514256 0.672517 0.032257 0.734605 0.083872
0.236462 0.314617 1.514746 0.672327 0.032466 0.734795 0.083657
0.235990 0.314696 1.515228 0.672138 0.032677 0.734984 0.083432
0.235515 0.314781 1.515703 0.671951 0.032891 0.735172 0.083197
0.235036 0.314874 1.516170 0.671766 0.033109 0.735359 0.082952
0.234554 0.314973 1.516629 0.671584 0.033329 0.735544 0.082698
0.234069 0.315079 1.517080 0.671404 0.033553 0.735728 0.082435
0.233580 0.315191 1.517524 0.671227 0.033781 0.735910 0.082162
0.233089 0.315310 1.517960 0.671052 0.034013 0.736090 0.081881
0.232594 0.315435 1.518388 0.670879 0.034249 0.736268 0.081592
0.232095 0.315567 1.518808 0.670710 0.034489 0.736444 0.081294
0.231594 0.315704 1.519221 0.670542 0.034734 0.736619 0.080987
0.231089 0.315848 1.519626 0.670378 0.034983 0.736791 0.080673
0.230581 0.315998 1.520023 0.670216 0.035236 0.736962 0.080351
0.230069 0.316154 1.520413 0.670056 0.035493 0.737130 0.080021
0.229535 0.316303 1.520826 0.670016 0.035936 0.737175 0.079756
0.228992 0.316444 1.521257 0.670003 0.036413 0.737192 0.079487
0.228449 0.316576 1.521703 0.669986 0.036887 0.737213 0.079210
0.227907 0.316702 1.522162 0.669954 0.037354 0.737249 0.078931
0.227367 0.316823 1.522630 0.669904 0.037811 0.737301 0.078654
0.226829 0.316942 1.523108 0.669838 0.038256 0.737367 0.078376
0.226294 0.317059 1.523593 0.669758 0.038690 0.737448 0.078097
0.225761 0.317177 1.524085 0.669664 0.039111 0.737540 0.077813
0.225230 0.317296 1.524582 0.669560 0.039520 0.737643 0.077524
0.224700 0.317416 1.525085 0.669447 0.039918 0.737755 0.077229
0.224171 0.317538 1.525592 0.669325 0.040304 0.737877 0.076926
0.223644 0.317663 1.526102 0.669196 0.040680 0.738006 0.076614
0.223116 0.317792 1.526617 0.669060 0.041046 0.738142 0.076293
0.222590 0.317924 1.527135 0.668917 0.041402 0.738285 0.075963
0.222063 0.318059 1.527656 0.668770 0.041749 0.738435 0.075623
0.221536 0.318199 1.528180 0.668617 0.042087 0.738590 0.075272
0.221009 0.318343 1.528707 0.668459 0.042417 0.738750 0.074912
0.220481 0.318491 1.529237 0.668297 0.042739 0.738915 0.074542
0.219953 0.318643 1.529767 0.668130 0.043053 0.739086 0.074162
0.219424 0.318800 1.530297 0.667959 0.043360 0.739262 0.073774
0.218895 0.318960 1.530825 0.667784 0.043660 0.739442 0.073379
0.218364 0.319125 1.531350 0.667606 0.043955 0.739625 0.072977
0.217834 0.319293 1.531870 0.667428 0.044246 0.739808 0.072568
0.217305 0.319466 1.532385 0.667251 0.044533 0.739991 0.072153
0.216777 0.319642 1.532894 0.667076 0.044816 0.740173 0.071732
0.216252 0.319821 1.533396 0.666904 0.045095 0.740352 0.071305
0.215730 0.320003 1.533891 0.666735 0.045371 0.740529 0.070874
0.215212 0.320186 1.534379 0.666570 0.045642 0.740702 0.070440
0.214699 0.320371 1.534859 0.666408 0.045910 0.740873 0.070004
0.214190 0.320556 1.535331 0.666250 0.046174 0.741040 0.069565
0.213686 0.320742 1.535795 0.666095 0.046433 0.741204 0.069127
0.213187 0.320927 1.536251 0.665944 0.046688 0.741364 0.068688
0.212694 0.321112 1.536700 0.665796 0.046939 0.741522 0.068250
0.212207 0.321296 1.537140 0.665651 0.047186 0.741676 0.067814
0.211726 0.321478 1.537573 0.665510 0.047429 0.741827 0.067380
0.211252 0.321659 1.537998 0.665371 0.047667 0.741975 0.066949
0.210784 0.321837 1.538415 0.665235 0.047900 0.742120 0.066520
0.210322 0.322014 1.538825 0.665102 0.048130 0.742263 0.066096
0.209867 0.322188 1.539227 0.664972 0.048355 0.742402 0.065676
0.209420 0.322359 1.539622 0.664844 0.048575 0.742539 0.065260
0.208946 0.322516 1.540033 0.664821 0.048999 0.742564 0.064884
0.208465 0.322663 1.540452 0.664832 0.049488 0.742556 0.064501
0.207983 0.322800 1.540879 0.664844 0.050004 0.742543 0.064126
0.207504 0.322929 1.541312 0.664848 0.050526 0.742535 0.063760
0.207031 0.323051 1.541751 0.664841 0.051044 0.742537 0.063404
0.206564 0.323168 1.542196 0.664823 0.051551 0.742548 0.063054
0.206104 0.323281 1.542645 0.664795 0.052043 0.742568 0.062709
0.205652 0.323389 1.543098 0.664758 0.052518 0.742596 0.062368
0.205208 0.323495 1.543555 0.664712 0.052977 0.742633 0.062027
0.204772 0.323597 1.544016 0.664660 0.053417 0.742677 0.061688
0.204343 0.323696 1.544481 0.664601 0.053838 0.742727 0.061349
0.203922 0.323793 1.544949 0.664535 0.054242 0.742784 0.061010
0.203510 0.323888 1.545421 0.664464 0.054627 0.742847 0.060671
0.203105 0.323980 1.545895 0.664388 0.054995 0.742916 0.060331
0.202708 0.324069 1.546373 0.664306 0.055344 0.742991 0.059991
0.202319 0.324157 1.546854 0.664220 0.055676 0.743071 0.059651
0.201938 0.324242 1.547338 0.664128 0.055991 0.743156 0.059310
0.201564 0.324324 1.547825 0.664032 0.056288 0.743246 0.058969
0.201198 0.324405 1.548315 0.663932 0.056569 0.743342 0.058628
0.200840 0.324483 1.548808 0.663828 0.056834 0.743442 0.058286
0.200489 0.324559 1.549303 0.663719 0.057082 0.743547 0.057945
0.200145 0.324632 1.549798 0.663605 0.057314 0.743657 0.057606
0.199809 0.324703 1.550293 0.663487 0.057530 0.743771 0.057271
0.199480 0.324771 1.550785 0.663366 0.057732 0.743889 0.056938
0.199158 0.324837 1.551274 0.663241 0.057921 0.744010 0.056609
0.198843 0.324900 1.551760 0.663115 0.058097 0.744134 0.056284
0.198535 0.324961 1.552240 0.662987 0.058263 0.744259 0.055964
0.198233 0.325019 1.552716 0.662859 0.058419 0.744385 0.055647
0.197937 0.325075 1.553186 0.662729 0.058566 0.744512 0.055336
0.197648 0.325128 1.553650 0.662599 0.058705 0.744639 0.055029
0.197364 0.325180 1.554107 0.662470 0.058836 0.744767 0.054727
0.197086 0.325228 1.554559 0.662340 0.058960 0.744894 0.054430
0.196814 0.325275 1.555003 0.662211 0.059078 0.745020 0.054138
0.196547 0.325319 1.555441 0.662083 0.059189 0.745146 0.053851
0.196286 0.325362 1.555871 0.661955 0.059295 0.745271 0.053569
0.196030 0.325402 1.556295 0.661829 0.059396 0.745396 0.053292
0.195780 0.325440 1.556712 0.661703 0.059492 0.745519 0.053021
0.195534 0.325476 1.557122 0.661578 0.059584 0.745641 0.052754
0.195293 0.325510 1.557525 0.661455 0.059671 0.745762 0.052493
0.195057 0.325542 1.557921 0.661333 0.059754 0.745882 0.052236
0.194797 0.325553 1.558327 0.661311 0.060049 0.745894 0.051995
0.194533 0.325541 1.558737 0.661336 0.060415 0.745860 0.051753
0.194274 0.325508 1.559150 0.661366 0.060804 0.745816 0.051528
0.194024 0.325457 1.559566 0.661387 0.061197 0.745779 0.051330
0.193784 0.325389 1.559985 0.661394 0.061583 0.745753 0.051158
0.193556 0.325309 1.560407 0.661387 0.061955 0.745739 0.051008
0.193337 0.325217 1.560831 0.661366 0.062311 0.745737 0.050877
0.193129 0.325116 1.561259 0.661334 0.062647 0.745745 0.050761
0.192931 0.325007 1.561689 0.661291 0.062964 0.745763 0.050657
0.192742 0.324892 1.562122 0.661239 0.063262 0.745791 0.050562
0.192561 0.324771 1.562558 0.661179 0.063540 0.745826 0.050474
0.192388 0.324645 1.562998 0.661111 0.063798 0.745870 0.050393
0.192223 0.324515 1.563440 0.661036 0.064037 0.745921 0.050315
0.192065 0.324382 1.563886 0.660955 0.064258 0.745979 0.050241
0.191914 0.324247 1.564335 0.660867 0.064460 0.746044 0.050169
0.191769 0.324109 1.564787 0.660774 0.064644 0.746116 0.050098
0.191630 0.323970 1.565242 0.660675 0.064811 0.746194 0.050027
0.191496 0.323829 1.565701 0.660571 0.064961 0.746277 0.049956
0.191367 0.323687 1.566163 0.660462 0.065094 0.746367 0.049885
0.191244 0.323545 1.566628 0.660349 0.065212 0.746462 0.049813
0.191124 0.323402 1.567096 0.660231 0.065314 0.746562 0.049739
0.191010 0.323260 1.567567 0.660109 0.065401 0.746668 0.049663
0.190899 0.323117 1.568041 0.659983 0.065473 0.746778 0.049584
0.190791 0.322974 1.568518 0.659853 0.065532 0.746893 0.049504
0.190688 0.322832 1.568998 0.659719 0.065576 0.747013 0.049420
0.190587 0.322691 1.569481 0.659581 0.065608 0.747137 0.049334
0.190490 0.322550 1.569966 0.659441 0.065626 0.747266 0.049244
0.190396 0.322410 1.570455 0.659297 0.065632 0.747398 0.049151
0.190304 0.322271 1.570946 0.659150 0.065626 0.747535 0.049055
0.190215 0.322133 1.571439 0.659000 0.065609 0.747675 0.048955
0.190128 0.321996 1.571935 0.658847 0.065580 0.747819 0.048852
0.190044 0.321861 1.572433 0.658691 0.065540 0.747967 0.048745
0.189962 0.321726 1.572933 0.658532 0.065489 0.748118 0.048635
0.189883 0.321593 1.573431 0.658370 0.065427 0.748273 0.048525
0.189806 0.321461 1.573928 0.658206 0.065356 0.748431 0.048414
0.189731 0.321331 1.574421 0.658040 0.065277 0.748591 0.048302
0.189658 0.321201 1.574910 0.657873 0.065191 0.748753 0.048191
0.189587 0.321074 1.575395 0.657706 0.065098 0.748915 0.048079
0.189518 0.320947 1.575874 0.657539 0.065001 0.749077 0.047968
0.189450 0.320822 1.576348 0.657372 0.064900 0.749239 0.047858
0.189357 0.320686 1.576809 0.657286 0.064991 0.749315 0.047728
0.189254 0.320541 1.577263 0.657208 0.065182 0.749374 0.047621
0.189146 0.320391 1.577710 0.657123 0.065432 0.749431 0.047550
0.189038 0.320237 1.578153 0.657028 0.065710 0.749493 0.047507
0.188930 0.320080 1.578592 0.656924 0.066000 0.749560 0.047482
0.188822 0.319921 1.579029 0.656811 0.066290 0.749635 0.047469
0.188716 0.319761 1.579464 0.656691 0.066576 0.749715 0.047463
0.188612 0.319602 1.579897 0.656565 0.066854 0.749800 0.047460
0.188509 0.319442 1.580331 0.656435 0.067122 0.749890 0.047458
0.188407 0.319284 1.580764 0.656302 0.067378 0.749984 0.047456
0.188308 0.319127 1.581198 0.656164 0.067622 0.750083 0.047451
0.188209 0.318972 1.581633 0.656024 0.067854 0.750185 0.047444
0.188112 0.318818 1.582069 0.655881 0.068072 0.750291 0.047432
0.188017 0.318666 1.582507 0.655735 0.068277 0.750401 0.047417
0.187923 0.318516 1.582948 0.655586 0.068469 0.750515 0.047397
0.187830 0.318368 1.583390 0.655435 0.068647 0.750632 0.047371
0.187739 0.318222 1.583836 0.655281 0.068811 0.750753 0.047341
0.187649 0.318078 1.584283 0.655125 0.068962 0.750878 0.047305
0.187560 0.317936 1.584734 0.654966 0.069100 0.751007 0.047263
0.187472 0.317796 1.585187 0.654804 0.069224 0.751139 0.047216
0.187386 0.317658 1.585643 0.654641 0.069335 0.751275 0.047164
0.187301 0.317522 1.586101 0.654474 0.069434 0.751414 0.047105
0.187216 0.317389 1.586563 0.654306 0.069519 0.751557 0.047041
0.187133 0.317257 1.587027 0.654135 0.069593 0.751704 0.046972
0.187051 0.317128 1.587495 0.653962 0.069654 0.751853 0.046897
0.186970 0.317000 1.587965 0.653786 0.069704 0.752006 0.046816
0.186889 0.316875 1.588438 0.653608 0.069742 0.752162 0.046730
0.186810 0.316751 1.588913 0.653429 0.069768 0.752322 0.046638
0.186731 0.316629 1.589392 0.653247 0.069784 0.752484 0.046541
0.186653 0.316510 1.589873 0.653063 0.069789 0.752650 0.046438
0.186576 0.316392 1.590356 0.652877 0.069783 0.752818 0.046331
0.186499 0.316276 1.590842 0.652690 0.069766 0.752989 0.046218
0.186423 0.316161 1.591331 0.652500 0.069740 0.753163 0.046100
0.186348 0.316049 1.591822 0.652309 0.069704 0.753340 0.045977
0.186274 0.315938 1.592314 0.652115 0.069658 0.753519 0.045851
0.186201 0.315829 1.592805 0.651919 0.069602 0.753702 0.045723
0.186129 0.315721 1.593295 0.651722 0.069538 0.753886 0.045593
0.186058 0.315616 1.593781 0.651524 0.069467 0.754072 0.045462
0.185988 0.315512 1.594263 0.651325 0.069389 0.754259 0.045330
0.185919 0.315410 1.594740 0.651127 0.069307 0.754445 0.045198
0.185829 0.315294 1.595197 0.651055 0.069375 0.754514 0.044975
0.185736 0.315163 1.595644 0.651008 0.069558 0.754549 0.044797
0.185646 0.315019 1.596082 0.650958 0.069790 0.754578 0.044663
0.185564 0.314862 1.596513 0.650898 0.070041 0.754613 0.044567
0.185489 0.314694 1.596939 0.650824 0.070296 0.754656 0.044504
0.185422 0.314518 1.597360 0.650739 0.070547 0.754709 0.044467
0.185361 0.314334 1.597778 0.650643 0.070789 0.754769 0.044451
0.185307 0.314145 1.598194 0.650540 0.071020 0.754837 0.044451
0.185259 0.313950 1.598607 0.650429 0.071238 0.754911 0.044463
0.185216 0.313751 1.599021 0.650312 0.071441 0.754991 0.044485
0.185178 0.313548 1.599434 0.650189 0.071631 0.755077 0.044514
0.185143 0.313343 1.599848 0.650062 0.071806 0.755168 0.044549
0.185112 0.313137 1.600263 0.649930 0.071966 0.755264 0.044586
0.185085 0.312929 1.600679 0.649794 0.072112 0.755365 0.044625
0.185059 0.312720 1.601098 0.649654 0.072243 0.755470 0.044665
0.185036 0.312511 1.601519 0.649510 0.072359 0.755580 0.044705
0.185015 0.312302 1.601942 0.649363 0.072462 0.755695 0.044743
0.184996 0.312093 1.602368 0.649212 0.072550 0.755814 0.044779
0.184978 0.311885 1.602797 0.649057 0.072625 0.755938 0.044813
0.184962 0.311678 1.603228 0.648899 0.072687 0.756066 0.044844
0.184946 0.311472 1.603663 0.648737 0.072735 0.756198 0.044871
0.184931 0.311267 1.604101 0.648573 0.072771 0.756335 0.044894
0.184916 0.311065 1.604541 0.648405 0.072794 0.756475 0.044912
0.184902 0.310863 1.604985 0.648234 0.072806 0.756620 0.044926
0.184887 0.310664 1.605432 0.648061 0.072805 0.756768 0.044935
0.184873 0.310467 1.605882 0.647884 0.072794 0.756920 0.044939
0.184859 0.310272 1.606335 0.647705 0.072771 0.757076 0.044937
0.184844 0.310080 1.606791 0.647523 0.072738 0.757235 0.044930
0.184830 0.309889 1.607250 0.647338 0.072695 0.757397 0.044917
0.184814 0.309701 1.607712 0.647152 0.072641 0.757563 0.044899
0.184798 0.309516 1.608177 0.646962 0.072578 0.757733 0.044875
0.184782 0.309333 1.608644 0.646770 0.072506 0.757905 0.044845
0.184766 0.309152 1.609112 0.646576 0.072424 0.758081 0.044811
0.184749 0.308974 1.609579 0.646379 0.072333 0.758260 0.044774
0.184733 0.308799 1.610044 0.646180 0.072235 0.758441 0.044735
0.184716 0.308627 1.610506 0.645980 0.072130 0.758623 0.044693
0.184699 0.308457 1.610964 0.645780 0.072020 0.758807 0.044650
0.184683 0.308290 1.611417 0.645580 0.071906 0.758991 0.044605
0.184666 0.308127 1.611866 0.645380 0.071789 0.759174 0.044559
0.184648 0.307966 1.612309 0.645182 0.071669 0.759357 0.044511
0.184610 0.307799 1.612730 0.645129 0.071641 0.759418 0.044283
0.184571 0.307624 1.613139 0.645109 0.071755 0.759433 0.044121
0.184540 0.307439 1.613541 0.645092 0.071931 0.759437 0.044015
0.184520 0.307244 1.613937 0.645067 0.072130 0.759443 0.043953
0.184510 0.307039 1.614328 0.645030 0.072332 0.759457 0.043926
0.184509 0.306827 1.614715 0.644982 0.072526 0.759479 0.043927
0.184518 0.306607 1.615101 0.644924 0.072708 0.759509 0.043949
0.184534 0.306381 1.615485 0.644857 0.072875 0.759548 0.043989
0.184556 0.306149 1.615869 0.644782 0.073027 0.759594 0.044043
0.184585 0.305913 1.616253 0.644700 0.073164 0.759647 0.044108
0.184617 0.305672 1.616638 0.644611 0.073284 0.759706 0.044182
0.184654 0.305429 1.617024 0.644516 0.073389 0.759772 0.044262
0.184694 0.305183 1.617412 0.644416 0.073478 0.759844 0.044346
0.184736 0.304935 1.617802 0.644310 0.073553 0.759921 0.044434
0.184780 0.304687 1.618195 0.644200 0.073613 0.760004 0.044523
0.184826 0.304437 1.618590 0.644084 0.073659 0.760092 0.044613
0.184872 0.304188 1.618988 0.643963 0.073692 0.760186 0.044703
0.184919 0.303938 1.619390 0.643838 0.073711 0.760285 0.044791
0.184967 0.303690 1.619795 0.643708 0.073717 0.760389 0.044877
0.185014 0.303442 1.620203 0.643574 0.073711 0.760498 0.044960
0.185061 0.303196 1.620614 0.643436 0.073693 0.760612 0.045040
0.185108 0.302951 1.621029 0.643293 0.073663 0.760731 0.045116
0.185153 0.302708 1.621447 0.643147 0.073622 0.760855 0.045187
0.185198 0.302467 1.621869 0.642997 0.073570 0.760983 0.045253
0.185241 0.302229 1.622294 0.642843 0.073508 0.761115 0.045315
0.185282 0.301993 1.622722 0.642685 0.073436 0.761252 0.045370
0.185323 0.301760 1.623154 0.642524 0.073355 0.761393 0.045420
0.185361 0.301529 1.623589 0.642360 0.073264 0.761538 0.045464
0.185398 0.301301 1.624027 0.642192 0.073165 0.761687 0.045502
0.185433 0.301076 1.624468 0.642021 0.073057 0.761839 0.045534
0.185465 0.300854 1.624913 0.641846 0.072940 0.761996 0.045559
0.185496 0.300635 1.625360 0.641669 0.072816 0.762156 0.045577
0.185525 0.300420 1.625811 0.641489 0.072684 0.762319 0.045589
0.185551 0.300207 1.626264 0.641306 0.072545 0.762486 0.045594
0.185576 0.299997 1.626721 0.641120 0.072398 0.762657 0.045593
0.185598 0.299791 1.627180 0.640932 0.072245 0.762830 0.045585
0.185618 0.299588 1.627640 0.640740 0.072085 0.763007 0.045572
0.185637 0.299388 1.628100 0.640545 0.071918 0.763187 0.045555
0.185655 0.299192 1.628558 0.640348 0.071746 0.763370 0.045534
0.185671 0.298999 1.629013 0.640150 0.071570 0.763554 0.045511
0.185660 0.298810 1.629448 0.640114 0.071439 0.763612 0.045241
0.185647 0.298625 1.629867 0.640124 0.071376 0.763627 0.044950
0.185639 0.298439 1.630275 0.640144 0.071358 0.763628 0.044685
0.185638 0.298252 1.630674 0.640160 0.071362 0.763628 0.044451
0.185644 0.298064 1.631066 0.640168 0.071372 0.763632 0.044242
0.185657 0.297872 1.631453 0.640167 0.071382 0.763642 0.044055
0.185676 0.297679 1.631836 0.640158 0.071387 0.763660 0.043887
0.185699 0.297482 1.632216 0.640140 0.071385 0.763684 0.043734
0.185726 0.297284 1.632595 0.640114 0.071375 0.763714 0.043595
0.185756 0.297084 1.632973 0.640081 0.071356 0.763751 0.043466
0.185789 0.296882 1.633351 0.640041 0.071329 0.763793 0.043346
0.185823 0.296679 1.633730 0.639995 0.071293 0.763842 0.043234
0.185858 0.296475 1.634110 0.639942 0.071248 0.763897 0.043128
0.185894 0.296270 1.634492 0.639883 0.071194 0.763957 0.043027
0.185930 0.296066 1.634876 0.639817 0.071132 0.764023 0.042930
0.185966 0.295861 1.635263 0.639746 0.071060 0.764095 0.042836
0.186002 0.295657 1.635652 0.639669 0.070981 0.764172 0.042743
0.186036 0.295454 1.636044 0.639585 0.070893 0.764255 0.042652
0.186070 0.295251 1.636439 0.639496 0.070796 0.764343 0.042561
0.186103 0.295050 1.636838 0.639402 0.070692 0.764437 0.042470
0.186134 0.294850 1.637240 0.639302 0.070580 0.764536 0.042379
0.186164 0.294652 1.637645 0.639196 0.070461 0.764641 0.042286
0.186192 0.294455 1.638053 0.639085 0.070335 0.764750 0.042192
0.186218 0.294261 1.638465 0.638969 0.070201 0.764865 0.042096
0.186243 0.294068 1.638880 0.638848 0.070061 0.764984 0.041998
0.186265 0.293877 1.639298 0.638722 0.069915 0.765109 0.041898
0.186285 0.293689 1.639720 0.638591 0.069762 0.765238 0.041794
0.186303 0.293503 1.640145 0.638455 0.069603 0.765371 0.041688
0.186318 0.293319 1.640574 0.638314 0.069438 0.765509 0.041578
0.186332 0.293138 1.641005 0.638169 0.069268 0.765652 0.041466
0.186342 0.292959 1.641440 0.638020 0.069092 0.765798 0.041349
0.186351 0.292782 1.641877 0.637866 0.068911 0.765949 0.041230
0.186358 0.292609 1.642315 0.637708 0.068724 0.766104 0.041109
0.186364 0.292438 1.642753 0.637546 0.068533 0.766263 0.040987
0.186368 0.292270 1.643188 0.637380 0.068339 0.766425 0.040864
0.186371 0.292105 1.643621 0.637211 0.068142 0.766589 0.040741
0.186373 0.291943 1.644051 0.637041 0.067943 0.766754 0.040618
0.186373 0.291785 1.644476 0.636870 0.067744 0.766921 0.040496
0.186373 0.291629 1.644897 0.636698 0.067545 0.767087 0.040374
0.186371 0.291477 1.645312 0.636526 0.067347 0.767254 0.040253
0.186337 0.291339 1.645740 0.636509 0.067291 0.767287 0.039997
0.186296 0.291203 1.646169 0.636553 0.067183 0.767281 0.039575
0.186260 0.291062 1.646597 0.636608 0.067044 0.767272 0.039100
0.186232 0.290915 1.647023 0.636652 0.066886 0.767273 0.038621
0.186214 0.290762 1.647446 0.636681 0.066716 0.767288 0.038159
0.186205 0.290602 1.647867 0.636693 0.066536 0.767315 0.037721
0.186204 0.290436 1.648285 0.636689 0.066349 0.767354 0.037307
0.186209 0.290264 1.648701 0.636672 0.066155 0.767404 0.036915
0.186219 0.290086 1.649116 0.636643 0.065955 0.767463 0.036546
0.186233 0.289904 1.649530 0.636603 0.065751 0.767531 0.036195
0.186251 0.289718 1.649944 0.636553 0.065541 0.767606 0.035861
0.186272 0.289529 1.650358 0.636494 0.065326 0.767688 0.035542
0.186294 0.289337 1.650773 0.636426 0.065107 0.767777 0.035236
0.186318 0.289142 1.651188 0.636351 0.064883 0.767872 0.034942
0.186342 0.288946 1.651605 0.636267 0.064655 0.767973 0.034657
0.186367 0.288748 1.652024 0.636177 0.064423 0.768080 0.034382
0.186391 0.288549 1.652444 0.636079 0.064187 0.768193 0.034115
0.186415 0.288349 1.652866 0.635974 0.063947 0.768311 0.033854
0.186438 0.288149 1.653291 0.635862 0.063703 0.768435 0.033599
0.186460 0.287949 1.653717 0.635744 0.063456 0.768564 0.033348
0.186480 0.287749 1.654146 0.635620 0.063206 0.768698 0.033102
0.186499 0.287550 1.654578 0.635489 0.062952 0.768837 0.032860
0.186516 0.287352 1.655012 0.635353 0.062695 0.768981 0.032621
0.186531 0.287154 1.655448 0.635211 0.062436 0.769130 0.032384
0.186544 0.286958 1.655887 0.635063 0.062173 0.769283 0.032148
0.186555 0.286764 1.656328 0.634909 0.061908 0.769441 0.031915
0.186564 0.286571 1.656772 0.634751 0.061641 0.769603 0.031682
0.186570 0.286379 1.657217 0.634586 0.061371 0.769769 0.031451
0.186575 0.286190 1.657661 0.634417 0.061098 0.769940 0.031222
0.186578 0.286003 1.658105 0.634243 0.060824 0.770114 0.030996
0.186581 0.285819 1.658545 0.634066 0.060550 0.770290 0.030774
0.186582 0.285637 1.658983 0.633886 0.060275 0.770469 0.030554
0.186582 0.285458 1.659416 0.633704 0.060002 0.770648 0.030338
0.186581 0.285282 1.659844 0.633521 0.059730 0.770828 0.030126
0.186578 0.285108 1.660267 0.633337 0.059462 0.771008 0.029917
0.186575 0.284938 1.660685 0.633152 0.059196 0.771188 0.029711
0.186571 0.284770 1.661096 0.632968 0.058933 0.771367 0.029510
0.186566 0.284606 1.661502 0.632784 0.058675 0.771545 0.029312
0.186560 0.284444 1.661902 0.632601 0.058420 0.771723 0.029118
0.186554 0.284286 1.662296 0.632418 0.058169 0.771898 0.028928
0.186528 0.284139 1.662736 0.632268 0.058285 0.772009 0.029018
0.186503 0.283989 1.663201 0.632131 0.058326 0.772119 0.028993
0.186484 0.283829 1.663680 0.631988 0.058289 0.772242 0.028894
0.186475 0.283662 1.664169 0.631833 0.058200 0.772381 0.028766
0.186474 0.283487 1.664662 0.631662 0.058077 0.772535 0.028634
0.186482 0.283306 1.665159 0.631478 0.057930 0.772701 0.028508
0.186496 0.283120 1.665656 0.631283 0.057768 0.772877 0.028393
0.186517 0.282930 1.666153 0.631077 0.057594 0.773061 0.028291
0.186542 0.282738 1.666648 0.630864 0.057412 0.773253 0.028200
0.186578 0.282545 1.667135 0.630665 0.057213 0.773433 0.028110
0.186620 0.282352 1.667614 0.630485 0.057000 0.773599 0.028014
0.186669 0.282159 1.668086 0.630324 0.056776 0.773750 0.027911
0.186723 0.281966 1.668553 0.630182 0.056544 0.773886 0.027801
0.186781 0.281774 1.669014 0.630057 0.056304 0.774010 0.027683
0.186843 0.281582 1.669470 0.629947 0.056058 0.774122 0.027560
0.186908 0.281391 1.669922 0.629848 0.055807 0.774225 0.027431
0.186975 0.281200 1.670371 0.629759 0.055552 0.774320 0.027300
0.187045 0.281010 1.670815 0.629680 0.055285 0.774409 0.027155
0.187117 0.280822 1.671257 0.629608 0.054999 0.774494 0.026989
0.187191 0.280634 1.671694 0.629543 0.054695 0.774575 0.026801
0.187266 0.280448 1.672129 0.629483 0.054373 0.774654 0.026591
0.187342 0.280264 1.672561 0.629426 0.054034 0.774731 0.026362
0.187418 0.280082 1.672990 0.629373 0.053679 0.774807 0.026114
0.187495 0.279903 1.673416 0.629321 0.053310 0.774884 0.025847
0.187572 0.279726 1.673839 0.629271 0.052927 0.774960 0.025562
0.187649 0.279551 1.674258 0.629221 0.052534 0.775037 0.025266
0.187725 0.279378 1.674673 0.629171 0.052137 0.775114 0.024966
0.187802 0.279205 1.675083 0.629121 0.051739 0.775191 0.024666
0.187878 0.279034 1.675488 0.629071 0.051341 0.775268 0.024368
0.187954 0.278863 1.675887 0.629021 0.050946 0.775344 0.024075
0.188028 0.278694 1.676280 0.628970 0.050555 0.775419 0.023788
0.188102 0.278525 1.676667 0.628920 0.050167 0.775494 0.023506
0.188176 0.278356 1.677048 0.628869 0.049783 0.775568 0.023231
0.188248 0.278188 1.677422 0.628818 0.049404 0.775642 0.022962
0.188319 0.278021 1.677791 0.628766 0.049030 0.775715 0.022701
0.188390 0.277855 1.678153 0.628714 0.048662 0.775788 0.022446
0.188459 0.277690 1.678509 0.628662 0.048299 0.775860 0.022198
0.188528 0.277525 1.678858 0.628609 0.047941 0.775932 0.021957
0.188595 0.277362 1.679201 0.628556 0.047589 0.776003 0.021723
0.188661 0.277200 1.679538 0.628503 0.047243 0.776074 0.021496
0.188715 0.277013 1.679885 0.628533 0.047061 0.776065 0.021324
0.188772 0.276798 1.680234 0.628605 0.046843 0.776026 0.021082
0.188837 0.276556 1.680585 0.628692 0.046586 0.775978 0.020819
0.188912 0.276291 1.680936 0.628779 0.046301 0.775932 0.020566
0.188997 0.276005 1.681287 0.628856 0.045997 0.775893 0.020340
0.189093 0.275703 1.681637 0.628923 0.045678 0.775863 0.020145
0.189198 0.275387 1.681987 0.628977 0.045347 0.775843 0.019983
0.189311 0.275060 1.682335 0.629018 0.045008 0.775833 0.019851
0.189431 0.274725 1.682681 0.629047 0.044662 0.775832 0.019748
0.189556 0.274383 1.683025 0.629064 0.044313 0.775840 0.019670
0.189687 0.274037 1.683366 0.629072 0.043960 0.775856 0.019615
0.189822 0.273687 1.683706 0.629069 0.043607 0.775878 0.019580
0.189960 0.273336 1.684042 0.629057 0.043254 0.775908 0.019564
0.190101 0.272985 1.684375 0.629037 0.042902 0.775944 0.019564
0.190243 0.272634 1.684706 0.629010 0.042553 0.775985 0.019578
0.190387 0.272284 1.685034 0.628975 0.042208 0.776031 0.019604
0.190531 0.271938 1.685359 0.628933 0.041867 0.776082 0.019642
0.190675 0.271594 1.685681 0.628886 0.041531 0.776138 0.019689
0.190819 0.271253 1.686000 0.628833 0.041201 0.776197 0.019745
0.190962 0.270917 1.686317 0.628774 0.040876 0.776260 0.019808
0.191104 0.270586 1.686631 0.628711 0.040558 0.776326 0.019877
0.191245 0.270259 1.686942 0.628643 0.040247 0.776396 0.019952
0.191384 0.269938 1.687251 0.628570 0.039943 0.776468 0.020031
0.191522 0.269622 1.687558 0.628494 0.039646 0.776543 0.020114
0.191657 0.269312 1.687862 0.628413 0.039356 0.776621 0.020201
0.191790 0.269008 1.688163 0.628328 0.039074 0.776701 0.020290
0.191921 0.268711 1.688463 0.628240 0.038800 0.776784 0.020382
0.192049 0.268419 1.688760 0.628149 0.038533 0.776869 0.020475
0.192175 0.268134 1.689055 0.628054 0.038275 0.776955 0.020569
0.192298 0.267856 1.689349 0.627957 0.038024 0.777044 0.020665
0.192419 0.267584 1.689640 0.627856 0.037781 0.777135 0.020761
0.192536 0.267318 1.689930 0.627752 0.037545 0.777227 0.020857
0.192651 0.267060 1.690217 0.627646 0.037318 0.777322 0.020954
0.192763 0.266807 1.690503 0.627537 0.037098 0.777418 0.021050
0.192873 0.266562 1.690788 0.627425 0.036886 0.777515 0.021146
0.192979 0.266322 1.691071 0.627311 0.036681 0.777614 0.021242
0.193082 0.266090 1.691352 0.627195 0.036484 0.777715 0.021337
0.193183 0.265864 1.691631 0.627076 0.036295 0.777817 0.021431
0.193281 0.265644 1.691910 0.626955 0.036112 0.777920 0.021524
0.193376 0.265430 1.692186 0.626832 0.035938 0.778025 0.021617
0.193459 0.265210 1.692452 0.626805 0.035799 0.778054 0.021579
0.193540 0.264979 1.692711 0.626824 0.035672 0.778047 0.021485
0.193624 0.264738 1.692966 0.626864 0.035549 0.778023 0.021377
0.193711 0.264487 1.693217 0.626910 0.035424 0.777995 0.021276
0.193804 0.264228 1.693466 0.626954 0.035297 0.777968 0.021191
0.193902 0.263962 1.693713 0.626992 0.035166 0.777945 0.021126
0.194004 0.263690 1.693958 0.627023 0.035031 0.777927 0.021081
0.194110 0.263415 1.694203 0.627046 0.034894 0.777915 0.021054
0.194219 0.263138 1.694445 0.627061 0.034753 0.777910 0.021045
0.194331 0.262858 1.694687 0.627068 0.034612 0.777910 0.021052
0.194445 0.262579 1.694927 0.627068 0.034469 0.777916 0.021072
0.194560 0.262299 1.695167 0.627060 0.034326 0.777928 0.021106
0.194676 0.262021 1.695405 0.627044 0.034184 0.777946 0.021151
0.194793 0.261744 1.695642 0.627023 0.034043 0.777968 0.021205
0.194909 0.261470 1.695879 0.626994 0.033904 0.777995 0.021268
0.195026 0.261199 1.696114 0.626960 0.033767 0.778026 0.021339
0.195142 0.260930 1.696349 0.626920 0.033633 0.778062 0.021417
0.195257 0.260666 1.696583 0.626875 0.033502 0.778102 0.021500
0.195371 0.260406 1.696816 0.626824 0.033374 0.778146 0.021588
0.195484 0.260149 1.697049 0.626769 0.033250 0.778194 0.021681
0.195595 0.259898 1.697281 0.626708 0.033130 0.778245 0.021777
0.195704 0.259651 1.697512 0.626643 0.033014 0.778300 0.021876
0.195812 0.259408 1.697743 0.626573 0.032903 0.778357 0.021978
0.195917 0.259171 1.697974 0.626499 0.032796 0.778419 0.022082
0.196021 0.258939 1.698204 0.626421 0.032693 0.778483 0.022187
0.196123 0.258712 1.698434 0.626339 0.032595 0.778550 0.022294
0.196222 0.258491 1.698663 0.626253 0.032502 0.778620 0.022402
0.196319 0.258275 1.698892 0.626164 0.032413 0.778692 0.022511
0.196414 0.258064 1.699121 0.626070 0.032330 0.778768 0.022620
0.196506 0.257858 1.699349 0.625974 0.032251 0.778845 0.022730
0.196596 0.257658 1.699578 0.625873 0.032177 0.778926 0.022840
0.196684 0.257463 1.699806 0.625770 0.032107 0.779009 0.022950
0.196769 0.257274 1.700034 0.625663 0.032043 0.779094 0.023059
0.196852 0.257090 1.700262 0.625554 0.031983 0.779181 0.023168
0.196932 0.256911 1.700490 0.625441 0.031928 0.779271 0.023277
0.197010 0.256737 1.700717 0.625325 0.031878 0.779362 0.023386
0.197086 0.256569 1.700944 0.625206 0.031832 0.779456 0.023494
0.197159 0.256405 1.701172 0.625085 0.031792 0.779552 0.023601
0.197230 0.256247 1.701399 0.624960 0.031755 0.779650 0.023707
0.197298 0.256094 1.701626 0.624834 0.031723 0.779750 0.023813
0.197360 0.255945 1.701838 0.624819 0.031784 0.779761 0.023768
0.197424 0.255792 1.702039 0.624859 0.031883 0.779728 0.023656
0.197496 0.255631 1.702235 0.624923 0.031996 0.779675 0.023527
0.197577 0.255462 1.702425 0.624995 0.032110 0.779617 0.023404
0.197668 0.255284 1.702613 0.625065 0.032219 0.779559 0.023299
0.197767 0.255098 1.702799 0.625129 0.032320 0.779506 0.023217
0.197874 0.254905 1.702982 0.625186 0.032412 0.779459 0.023159
0.197987 0.254705 1.703164 0.625233 0.032495 0.779418 0.023124
0.198106 0.254500 1.703345 0.625272 0.032569 0.779385 0.023111
0.198229 0.254290 1.703525 0.625301 0.032636 0.779358 0.023119
0.198356 0.254078 1.703705 0.625322 0.032697 0.779338 0.023145
0.198486 0.253862 1.703883 0.625334 0.032752 0.779325 0.023187
0.198618 0.253645 1.704062 0.625338 0.032803 0.779318 0.023245
0.198751 0.253428 1.704240 0.625335 0.032850 0.779316 0.023315
0.198886 0.253210 1.704418 0.625324 0.032893 0.779321 0.023398
0.199021 0.252992 1.704596 0.625306 0.032934 0.779331 0.023491
0.199156 0.252775 1.704775 0.625281 0.032974 0.779346 0.023594
0.199290 0.252560 1.704953 0.625250 0.033012 0.779366 0.023704
0.199424 0.252346 1.705132 0.625212 0.033049 0.779391 0.023822
0.199557 0.252135 1.705312 0.625168 0.033086 0.779421 0.023946
0.199688 0.251927 1.705491 0.625119 0.033123 0.779455 0.024075
0.199818 0.251721 1.705672 0.625064 0.033160 0.779493 0.024209
0.199946 0.251518 1.705853 0.625003 0.033198 0.779536 0.024347
0.200073 0.251319 1.706035 0.624938 0.033237 0.779582 0.024488
0.200197 0.251123 1.706217 0.624867 0.033276 0.779633 0.024632
0.200320 0.250931 1.706400 0.624791 0.033317 0.779687 0.024779
0.200440 0.250743 1.706584 0.624711 0.033360 0.779745 0.024927
0.200558 0.250559 1.706769 0.624625 0.033404 0.779807 0.025077
0.200673 0.250378 1.706954 0.624536 0.033450 0.779872 0.025228
0.200786 0.250202 1.707140 0.624442 0.033497 0.779940 0.025380
0.200897 0.250030 1.707328 0.624343 0.033547 0.780012 0.025533
0.201005 0.249862 1.707516 0.624241 0.033599 0.780086 0.025686
0.201110 0.249698 1.707705 0.624134 0.033652 0.780164 0.025840
0.201213 0.249539 1.707894 0.624024 0.033708 0.780245 0.025994
0.201313 0.249384 1.708085 0.623909 0.033766 0.780329 0.026147
0.201410 0.249233 1.708276 0.623791 0.033827 0.780416 0.026300
0.201505 0.249086 1.708469 0.623669 0.033889 0.780505 0.026453
0.201598 0.248944 1.708662 0.623544 0.033954 0.780597 0.026606
0.201687 0.248806 1.708856 0.623415 0.034022 0.780692 0.026758
0.201774 0.248671 1.709050 0.623283 0.034091 0.780790 0.026909
0.201868 0.248545 1.709242 0.623230 0.034262 0.780823 0.026952
0.201976 0.248416 1.709434 0.623212 0.034468 0.780828 0.026950
0.202099 0.248279 1.709627 0.623205 0.034677 0.780825 0.026937
0.202237 0.248133 1.709822 0.623197 0.034873 0.780823 0.026935
0.202389 0.247976 1.710018 0.623182 0.035051 0.780826 0.026951
0.202553 0.247808 1.710215 0.623157 0.035209 0.780837 0.026991
0.202726 0.247631 1.710413 0.623123 0.035347 0.780856 0.027056
0.202909 0.247444 1.710610 0.623079 0.035468 0.780883 0.027145
0.203098 0.247250 1.710808 0.623026 0.035573 0.780917 0.027258
0.203292 0.247048 1.711005 0.622964 0.035664 0.780957 0.027392
0.203491 0.246841 1.711202 0.622894 0.035743 0.781004 0.027545
0.203692 0.246630 1.711399 0.622816 0.035812 0.781056 0.027717
0.203896 0.246414 1.711595 0.622732 0.035873 0.781114 0.027904
0.204101 0.246196 1.711791 0.622641 0.035927 0.781177 0.028106
0.204307 0.245976 1.711986 0.622545 0.035976 0.781244 0.028320
0.204513 0.245755 1.712181 0.622442 0.036019 0.781315 0.028545
0.204718 0.245533 1.712376 0.622334 0.036060 0.781391 0.028779
0.204922 0.245311 1.712570 0.622221 0.036097 0.781470 0.029022
0.205124 0.245090 1.712765 0.622104 0.036132 0.781553 0.029272
0.205325 0.244871 1.712959 0.621982 0.036167 0.781639 0.029527
0.205523 0.244652 1.713154 0.621855 0.036200 0.781728 0.029788
0.205719 0.244436 1.713349 0.621724 0.036233 0.781820 0.030053
0.205913 0.244222 1.713544 0.621589 0.036265 0.781916 0.030321
0.206103 0.244011 1.713739 0.621451 0.036299 0.782014 0.030592
0.206291 0.243803 1.713935 0.621308 0.036333 0.782115 0.030864
0.206475 0.243598 1.714131 0.621162 0.036368 0.782218 0.031139
0.206657 0.243396 1.714328 0.621013 0.036404 0.782324 0.031414
0.206834 0.243198 1.714525 0.620860 0.036442 0.782433 0.031689
0.207009 0.243004 1.714722 0.620703 0.036481 0.782544 0.031965
0.207180 0.242813 1.714920 0.620544 0.036523 0.782657 0.032240
0.207347 0.242626 1.715119 0.620381 0.036566 0.782773 0.032515
0.207510 0.242443 1.715318 0.620215 0.036611 0.782890 0.032789
0.207671 0.242264 1.715518 0.620046 0.036659 0.783010 0.033062
0.207827 0.242090 1.715719 0.619875 0.036709 0.783133 0.033334
0.207980 0.241919 1.715920 0.619700 0.036761 0.783257 0.033605
0.208129 0.241752 1.716122 0.619523 0.036816 0.783383 0.033874
0.208274 0.241590 1.716324 0.619343 0.036873 0.783511 0.034141
0.208416 0.241432 1.716528 0.619160 0.036932 0.783641 0.034406
0.208554 0.241277 1.716731 0.618974 0.036994 0.783773 0.034670
0.208689 0.241127 1.716936 0.618786 0.037059 0.783907 0.034932
0.208817 0.240993 1.717153 0.618655 0.037252 0.783994 0.035112
0.208946 0.240866 1.717386 0.618541 0.037497 0.784065 0.035247
0.209077 0.240740 1.717634 0.618427 0.037752 0.784138 0.035359
0.209211 0.240612 1.717893 0.618304 0.037998 0.784218 0.035461
0.209349 0.240483 1.718163 0.618169 0.038228 0.784309 0.035561
0.209491 0.240350 1.718440 0.618021 0.038440 0.784411 0.035663
0.209634 0.240215 1.718724 0.617861 0.038633 0.784522 0.035772
0.209779 0.240077 1.719012 0.617690 0.038811 0.784643 0.035888
0.209925 0.239938 1.719303 0.617508 0.038974 0.784773 0.036012
0.210071 0.239796 1.719597 0.617317 0.039126 0.784909 0.036144
0.210217 0.239654 1.719892 0.617119 0.039268 0.785052 0.036283
0.210361 0.239511 1.720188 0.616913 0.039403 0.785200 0.036431
0.210505 0.239369 1.720484 0.616701 0.039532 0.785353 0.036585
0.210648 0.239226 1.720781 0.616483 0.039655 0.785510 0.036746
0.210788 0.239084 1.721077 0.616260 0.039775 0.785671 0.036912
0.210927 0.238944 1.721373 0.616033 0.039891 0.785835 0.037083
0.211063 0.238804 1.721668 0.615801 0.040006 0.786002 0.037260
0.211197 0.238666 1.721962 0.615566 0.040119 0.786172 0.037440
0.211328 0.238531 1.722256 0.615327 0.040231 0.786345 0.037624
0.211457 0.238397 1.722549 0.615085 0.040342 0.786519 0.037811
0.211583 0.238265 1.722841 0.614840 0.040453 0.786696 0.038000
0.211707 0.238136 1.723132 0.614593 0.040564 0.786875 0.038192
0.211827 0.238009 1.723422 0.614342 0.040675 0.787055 0.038386
0.211945 0.237885 1.723711 0.614089 0.040787 0.787237 0.038582
0.212060 0.237764 1.724000 0.613834 0.040900 0.787420 0.038779
0.212171 0.237645 1.724288 0.613577 0.041013 0.787605 0.038977
0.212280 0.237529 1.724574 0.613317 0.041127 0.787792 0.039176
0.212386 0.237416 1.724860 0.613056 0.041243 0.787979 0.039376
0.212490 0.237305 1.725146 0.612792 0.041359 0.788168 0.039576
0.212590 0.237198 1.725430 0.612527 0.041476 0.788358 0.039776
0.212687 0.237093 1.725714 0.612259 0.041595 0.788550 0.039977
0.212781 0.236991 1.725997 0.611990 0.041715 0.788742 0.040178
0.212873 0.236893 1.726279 0.611719 0.041836 0.788935 0.040379
0.212962 0.236796 1.726560 0.611447 0.041958 0.789129 0.040580
0.213047 0.236703 1.726841 0.611173 0.042082 0.789325 0.040781
0.213130 0.236613 1.727122 0.610897 0.042207 0.789521 0.040981
0.213211 0.236525 1.727401 0.610620 0.042333 0.789718 0.041181
0.213288 0.236440 1.727680 0.610342 0.042460 0.789916 0.041381
0.213363 0.236358 1.727959 0.610062 0.042589 0.790115 0.041581
0.213435 0.236279 1.728236 0.609780 0.042719 0.790315 0.041780
0.213518 0.236219 1.728510 0.609536 0.042955 0.790483 0.041925
0.213615 0.236169 1.728782 0.609306 0.043238 0.790638 0.042046
0.213724 0.236122 1.729053 0.609081 0.043536 0.790789 0.042160
0.213844 0.236073 1.729324 0.608854 0.043833 0.790941 0.042278
0.213974 0.236022 1.729593 0.608625 0.044121 0.791095 0.042406
0.214111 0.235967 1.729862 0.608391 0.044398 0.791252 0.042547
0.214256 0.235906 1.730128 0.608153 0.044663 0.791411 0.042701
0.214405 0.235842 1.730393 0.607912 0.044916 0.791573 0.042870
0.214558 0.235772 1.730657 0.607668 0.045158 0.791737 0.043053
0.214714 0.235698 1.730918 0.607420 0.045389 0.791903 0.043250
0.214871 0.235621 1.731178 0.607169 0.045612 0.792071 0.043458
0.215030 0.235540 1.731436 0.606916 0.045827 0.792240 0.043678
0.215190 0.235456 1.731693 0.606661 0.046035 0.792411 0.043909
0.215349 0.235370 1.731948 0.606403 0.046236 0.792584 0.044148
0.215507 0.235282 1.732202 0.606143 0.046432 0.792757 0.044396
0.215665 0.235192 1.732454 0.605881 0.046624 0.792932 0.044651
0.215821 0.235101 1.732706 0.605617 0.046811 0.793108 0.044912
0.215976 0.235010 1.732956 0.605351 0.046994 0.793285 0.045179
0.216129 0.234918 1.733206 0.605083 0.047175 0.793463 0.045451
0.216280 0.234825 1.733455 0.604813 0.047352 0.793642 0.045727
0.216428 0.234734 1.733703 0.604541 0.047527 0.793823 0.046007
0.216574 0.234642 1.733950 0.604268 0.047701 0.794004 0.046290
0.216717 0.234551 1.734197 0.603993 0.047872 0.794186 0.046575
0.216857 0.234461 1.734443 0.603716 0.048042 0.794370 0.046862
0.216995 0.234372 1.734689 0.603437 0.048211 0.794554 0.047151
0.217130 0.234285 1.734934 0.603157 0.048379 0.794740 0.047441
0.217262 0.234199 1.735179 0.602875 0.048545 0.794926 0.047732
0.217390 0.234114 1.735424 0.602591 0.048712 0.795113 0.048023
0.217516 0.234030 1.735669 0.602306 0.048877 0.795302 0.048315
0.217639 0.233949 1.735913 0.602019 0.049043 0.795491 0.048607
0.217758 0.233869 1.736157 0.601731 0.049206 0.795681 0.048898
0.217875 0.233791 1.736401 0.601443 0.049355 0.795872 0.049168
0.217988 0.233715 1.736644 0.601156 0.049487 0.796066 0.049416
0.218099 0.233640 1.736887 0.600869 0.049603 0.796261 0.049642
0.218207 0.233568 1.737130 0.600583 0.049703 0.796458 0.049846
0.218311 0.233497 1.737373 0.600297 0.049788 0.796657 0.050028
0.218413 0.233428 1.737615 0.600011 0.049857 0.796857 0.050188
0.218511 0.233361 1.737858 0.599726 0.049912 0.797060 0.050328
0.218607 0.233296 1.738100 0.599440 0.049952 0.797265 0.050447
0.218699 0.233233 1.738343 0.599154 0.049978 0.797472 0.050546
0.218797 0.233184 1.738589 0.598890 0.050170 0.797653 0.050636
0.218905 0.233140 1.738838 0.598635 0.050407 0.797825 0.050689
0.219024 0.233093 1.739091 0.598383 0.050644 0.797998 0.050714
0.219153 0.233042 1.739347 0.598128 0.050861 0.798175 0.050724
0.219292 0.232983 1.739604 0.597870 0.051049 0.798356 0.050725
0.219438 0.232917 1.739863 0.597609 0.051206 0.798542 0.050720
0.219591 0.232844 1.740121 0.597344 0.051332 0.798732 0.050713
0.219749 0.232763 1.740379 0.597077 0.051428 0.798926 0.050703
0.219911 0.232676 1.740637 0.596808 0.051496 0.799124 0.050692
0.220076 0.232583 1.740893 0.596537 0.051537 0.799325 0.050678
0.220243 0.232485 1.741149 0.596264 0.051555 0.799528 0.050660
0.220411 0.232383 1.741403 0.595990 0.051549 0.799734 0.050639
0.220579 0.232276 1.741656 0.595716 0.051523 0.799942 0.050612
0.220748 0.232166 1.741908 0.595440 0.051477 0.800152 0.050580
0.220916 0.232054 1.742158 0.595164 0.051414 0.800364 0.050542
0.221083 0.231940 1.742408 0.594888 0.051333 0.800577 0.050497
0.221248 0.231824 1.742656 0.594610 0.051236 0.800793 0.050443
0.221412 0.231707 1.742904 0.594333 0.051125 0.801010 0.050382
0.221574 0.231589 1.743150 0.594054 0.051000 0.801229 0.050312
0.221733 0.231471 1.743396 0.593776 0.050862 0.801449 0.050232
0.221890 0.231353 1.743641 0.593496 0.050711 0.801671 0.050143
0.222045 0.231235 1.743886 0.593217 0.050548 0.801894 0.050044
0.222196 0.231118 1.744130 0.592936 0.050375 0.802120 0.049935
0.222345 0.231002 1.744373 0.592655 0.050190 0.802346 0.049815
0.222491 0.230886 1.744616 0.592374 0.049996 0.802574 0.049685
0.222634 0.230772 1.744859 0.592091 0.049793 0.802804 0.049544
0.222773 0.230660 1.745101 0.591809 0.049580 0.803035 0.049392
0.222909 0.230549 1.745343 0.591525 0.049359 0.803267 0.049230
0.223042 0.230439 1.745585 0.591241 0.049129 0.803501 0.049056
0.223171 0.230331 1.745826 0.590956 0.048892 0.803736 0.048872
0.223298 0.230226 1.746068 0.590671 0.048647 0.803973 0.048677
0.223420 0.230122 1.746309 0.590385 0.048395 0.804211 0.048471
0.223540 0.230020 1.746550 0.590098 0.048135 0.804450 0.048254
0.223656 0.229920 1.746791 0.589810 0.047870 0.804690 0.048026
0.223769 0.229822 1.747032 0.589522 0.047598 0.804931 0.047788
0.223878 0.229726 1.747272 0.589233 0.047319 0.805174 0.047539
0.223984 0.229633 1.747513 0.588943 0.047035 0.805418 0.047280
0.224086 0.229541 1.747754 0.588653 0.046745 0.805663 0.047010
0.224185 0.229452 1.747994 0.588361 0.046450 0.805909 0.046730
0.224281 0.229365 1.748235 0.588069 0.046149 0.806156 0.046440
0.224398 0.229309 1.748479 0.587799 0.045985 0.806379 0.046154
0.224532 0.229269 1.748727 0.587539 0.045869 0.806593 0.045845
0.224682 0.229238 1.748979 0.587284 0.045764 0.806804 0.045515
0.224844 0.229210 1.749234 0.587030 0.045652 0.807014 0.045168
0.225016 0.229181 1.749491 0.586776 0.045523 0.807226 0.044812
0.225196 0.229149 1.749750 0.586521 0.045374 0.807439 0.044448
0.225381 0.229113 1.750010 0.586266 0.045206 0.807654 0.044082
0.225570 0.229072 1.750270 0.586009 0.045017 0.807871 0.043714
0.225762 0.229027 1.750531 0.585752 0.044809 0.808089 0.043345
0.225956 0.228978 1.750791 0.585493 0.044584 0.808309 0.042976
0.226151 0.228923 1.751051 0.585234 0.044342 0.808530 0.042608
0.226345 0.228865 1.751311 0.584973 0.044086 0.808751 0.042239
0.226539 0.228803 1.751570 0.584712 0.043815 0.808974 0.041869
0.226733 0.228737 1.751828 0.584450 0.043532 0.809198 0.041499
0.226924 0.228669 1.752085 0.584187 0.043237 0.809422 0.041127
0.227114 0.228598 1.752342 0.583923 0.042931 0.809648 0.040754
0.227301 0.228525 1.752598 0.583659 0.042615 0.809874 0.040378
0.227486 0.228451 1.752853 0.583393 0.042290 0.810101 0.040000
0.227668 0.228375 1.753108 0.583127 0.041957 0.810329 0.039619
0.227847 0.228298 1.753362 0.582859 0.041616 0.810558 0.039234
0.228024 0.228220 1.753615 0.582591 0.041268 0.810787 0.038846
0.228196 0.228142 1.753868 0.582321 0.040913 0.811018 0.038454
0.228366 0.228064 1.754121 0.582050 0.040552 0.811249 0.038057
0.228532 0.227985 1.754372 0.581780 0.040189 0.811479 0.037661
0.228696 0.227907 1.754620 0.581511 0.039825 0.811708 0.037270
0.228857 0.227828 1.754865 0.581246 0.039465 0.811933 0.036886
0.229015 0.227750 1.755107 0.580984 0.039108 0.812154 0.036511
0.229170 0.227672 1.755345 0.580727 0.038757 0.812372 0.036145
0.229323 0.227595 1.755578 0.580474 0.038411 0.812585 0.035788
0.229473 0.227518 1.755807 0.580225 0.038071 0.812793 0.035442
0.229621 0.227441 1.756032 0.579982 0.037738 0.812997 0.035105
0.229767 0.227365 1.756251 0.579743 0.037411 0.813196 0.034778
0.229910 0.227289 1.756467 0.579510 0.037091 0.813391 0.034460
0.230051 0.227214 1.756677 0.579281 0.036778 0.813581 0.034152
0.230189 0.227140 1.756883 0.579058 0.036471 0.813766 0.033853
0.230325 0.227066 1.757084 0.578839 0.036172 0.813947 0.033563
0.230459 0.226993 1.757280 0.578625 0.035879 0.814124 0.033281
0.230591 0.226920 1.757472 0.578417 0.035592 0.814296 0.033009
0.230721 0.226849 1.757659 0.578212 0.035312 0.814464 0.032745
0.230848 0.226778 1.757842 0.578013 0.035039 0.814627 0.032489
0.230993 0.226733 1.758025 0.577830 0.034879 0.814775 0.032216
0.231154 0.226703 1.758209 0.577658 0.034767 0.814913 0.031921
0.231329 0.226680 1.758392 0.577494 0.034672 0.815045 0.031615
0.231514 0.226658 1.758573 0.577335 0.034580 0.815174 0.031306
0.231709 0.226635 1.758753 0.577181 0.034485 0.815299 0.031003
0.231912 0.226608 1.758930 0.577031 0.034384 0.815420 0.030710
0.232120 0.226577 1.759104 0.576885 0.034275 0.815538 0.030429
0.232332 0.226542 1.759274 0.576744 0.034159 0.815653 0.030162
0.232547 0.226501 1.759440 0.576607 0.034035 0.815765 0.029911
0.232765 0.226454 1.759602 0.576474 0.033906 0.815872 0.029674
0.232984 0.226403 1.759760 0.576345 0.033772 0.815977 0.029452
0.233205 0.226348 1.759914 0.576221 0.033633 0.816078 0.029244
0.233425 0.226288 1.760064 0.576102 0.033491 0.816175 0.029050
0.233645 0.226225 1.760209 0.575986 0.033346 0.816269 0.028868
0.233865 0.226158 1.760351 0.575875 0.033199 0.816359 0.028700
0.234084 0.226088 1.760488 0.575767 0.033050 0.816447 0.028542
0.234302 0.226015 1.760622 0.575663 0.032900 0.816531 0.028396
0.234519 0.225940 1.760752 0.575563 0.032749 0.816613 0.028260
0.234733 0.225863 1.760878 0.575467 0.032598 0.816691 0.028134
0.234947 0.225785 1.761001 0.575373 0.032448 0.816767 0.028016
0.235158 0.225704 1.761120 0.575284 0.032298 0.816840 0.027907
0.235367 0.225623 1.761236 0.575197 0.032148 0.816910 0.027806
0.235574 0.225541 1.761348 0.575113 0.031999 0.816978 0.027712
0.235778 0.225458 1.761457 0.575032 0.031852 0.817044 0.027625
0.235981 0.225375 1.761564 0.574954 0.031706 0.817107 0.027544
0.236180 0.225291 1.761667 0.574879 0.031562 0.817168 0.027469
0.236378 0.225207 1.761768 0.574806 0.031419 0.817227 0.027399
0.236572 0.225123 1.761866 0.574736 0.031278 0.817284 0.027335
0.236765 0.225039 1.761962 0.574667 0.031138 0.817339 0.027276
0.236954 0.224956 1.762054 0.574601 0.031001 0.817393 0.027221
0.237141 0.224873 1.762145 0.574538 0.030866 0.817444 0.027171
0.237325 0.224790 1.762233 0.574476 0.030733 0.817494 0.027124
0.237506 0.224708 1.762319 0.574416 0.030602 0.817543 0.027081
0.237685 0.224626 1.762402 0.574359 0.030473 0.817589 0.027042
0.237861 0.224546 1.762483 0.574303 0.030346 0.817635 0.027006
0.238034 0.224465 1.762562 0.574248 0.030222 0.817678 0.026973
0.238205 0.224386 1.762640 0.574196 0.030099 0.817721 0.026942
0.238373 0.224308 1.762715 0.574145 0.029980 0.817762 0.026915
0.238538 0.224230 1.762788 0.574096 0.029862 0.817802 0.026890
0.238700 0.224154 1.762860 0.574048 0.029747 0.817840 0.026867
0.238895 0.224105 1.762920 0.574046 0.029646 0.817850 0.026716
0.239116 0.224070 1.762975 0.574068 0.029578 0.817843 0.026538
0.239356 0.224041 1.763024 0.574106 0.029528 0.817824 0.026355
0.239612 0.224013 1.763070 0.574155 0.029482 0.817797 0.026176
0.239880 0.223981 1.763113 0.574211 0.029432 0.817765 0.026007
0.240157 0.223943 1.763153 0.574272 0.029376 0.817729 0.025852
0.240442 0.223900 1.763190 0.574338 0.029310 0.817690 0.025711
0.240732 0.223849 1.763224 0.574406 0.029236 0.817648 0.025586
0.241026 0.223792 1.763255 0.574477 0.029153 0.817604 0.025477
0.241323 0.223728 1.763284 0.574551 0.029061 0.817559 0.025384
0.241621 0.223657 1.763310 0.574626 0.028962 0.817512 0.025305
0.241920 0.223581 1.763333 0.574703 0.028856 0.817463 0.025239
0.242219 0.223499 1.763355 0.574782 0.028744 0.817414 0.025187
0.242518 0.223413 1.763374 0.574861 0.028626 0.817363 0.025147
0.242815 0.223322 1.763392 0.574942 0.028505 0.817312 0.025117
0.243111 0.223227 1.763408 0.575023 0.028379 0.817260 0.025098
0.243405 0.223129 1.763422 0.575104 0.028250 0.817207 0.025087
0.243697 0.223029 1.763434 0.575187 0.028119 0.817154 0.025085
0.243986 0.222926 1.763445 0.575269 0.027986 0.817100 0.025090
0.244273 0.222821 1.763455 0.575351 0.027851 0.817047 0.025101
0.244556 0.222714 1.763464 0.575433 0.027715 0.816993 0.025119
0.244837 0.222606 1.763471 0.575516 0.027578 0.816939 0.025142
0.245114 0.222497 1.763478 0.575597 0.027441 0.816885 0.025170
0.245388 0.222388 1.763484 0.575679 0.027303 0.816831 0.025202
0.245658 0.222278 1.763489 0.575759 0.027166 0.816778 0.025237
0.245924 0.222167 1.763493 0.575840 0.027029 0.816725 0.025276
0.246187 0.222057 1.763497 0.575919 0.026893 0.816672 0.025318
0.246447 0.221947 1.763500 0.575998 0.026757 0.816619 0.025363
0.246702 0.221838 1.763502 0.576076 0.026623 0.816567 0.025409
0.246954 0.221729 1.763504 0.576153 0.026489 0.816515 0.025458
0.247201 0.221621 1.763506 0.576230 0.026357 0.816464 0.025508
0.247445 0.221513 1.763507 0.576305 0.026227 0.816414 0.025559
0.247685 0.221407 1.763508 0.576379 0.026098 0.816364 0.025611
0.247921 0.221301 1.763508 0.576453 0.025970 0.816314 0.025665
0.248153 0.221197 1.763509 0.576525 0.025845 0.816265 0.025719
0.248381 0.221094 1.763509 0.576597 0.025721 0.816217 0.025773
0.248606 0.220992 1.763509 0.576667 0.025599 0.816170 0.025828
0.248826 0.220891 1.763509 0.576736 0.025478 0.816123 0.025884
0.249043 0.220792 1.763508 0.576804 0.025360 0.816076 0.025939
0.249256 0.220694 1.763507 0.576872 0.025244 0.816031 0.025994
0.249507 0.220631 1.763495 0.576991 0.025152 0.815952 0.025907
0.249785 0.220586 1.763477 0.577134 0.025116 0.815855 0.025806
0.250086 0.220549 1.763455 0.577289 0.025108 0.815749 0.025706
0.250404 0.220513 1.763430 0.577453 0.025110 0.815636 0.025612
0.250736 0.220474 1.763402 0.577621 0.025110 0.815520 0.025530
0.251078 0.220430 1.763373 0.577791 0.025103 0.815401 0.025461
0.251427 0.220378 1.763341 0.577963 0.025087 0.815281 0.025406
0.251781 0.220320 1.763307 0.578137 0.025059 0.815160 0.025368
0.252140 0.220253 1.763271 0.578311 0.025021 0.815039 0.025344
0.252500 0.220180 1.763234 0.578485 0.024974 0.814917 0.025336
0.252862 0.220099 1.763194 0.578659 0.024917 0.814795 0.025342
0.253225 0.220012 1.763154 0.578833 0.024851 0.814673 0.025362
0.253586 0.219919 1.763112 0.579007 0.024778 0.814551 0.025393
0.253947 0.219821 1.763069 0.579180 0.024698 0.814429 0.025436
0.254305 0.219718 1.763025 0.579352 0.024612 0.814307 0.025488
0.254661 0.219610 1.762980 0.579522 0.024521 0.814186 0.025550
0.255015 0.219499 1.762935 0.579692 0.024425 0.814066 0.025620
0.255365 0.219385 1.762889 0.579861 0.024325 0.813947 0.025696
0.255712 0.219268 1.762843 0.580027 0.024222 0.813829 0.025779
0.256056 0.219149 1.762797 0.580192 0.024116 0.813711 0.025868
0.256395 0.219028 1.762751 0.580355 0.024008 0.813595 0.025961
0.256730 0.218906 1.762705 0.580517 0.023898 0.813480 0.026058
0.257061 0.218783 1.762659 0.580676 0.023786 0.813367 0.026158
0.257388 0.218658 1.762614 0.580833 0.023673 0.813255 0.026262
0.257710 0.218534 1.762569 0.580988 0.023559 0.813144 0.026367
0.258028 0.218409 1.762524 0.581141 0.023445 0.813034 0.026475
0.258341 0.218284 1.762479 0.581291 0.023330 0.812927 0.026584
0.258649 0.218160 1.762436 0.581439 0.023216 0.812821 0.026694
0.258953 0.218036 1.762392 0.581584 0.023102 0.812716 0.026804
0.259252 0.217913 1.762350 0.581728 0.022988 0.812613 0.026916
0.259546 0.217790 1.762308 0.581868 0.022874 0.812512 0.027027
0.259835 0.217669 1.762266 0.582007 0.022761 0.812412 0.027138
0.260119 0.217548 1.762226 0.582142 0.022650 0.812314 0.027249
0.260399 0.217429 1.762186 0.582276 0.022539 0.812218 0.027359
0.260674 0.217311 1.762146 0.582407 0.022429 0.812124 0.027469
0.260944 0.217195 1.762108 0.582535 0.022321 0.812031 0.027577
0.261209 0.217079 1.762070 0.582661 0.022214 0.811940 0.027685
0.261470 0.216966 1.762033 0.582785 0.022108 0.811850 0.027792
0.261726 0.216854 1.761997 0.582906 0.022003 0.811762 0.027897
0.261977 0.216743 1.761961 0.583025 0.021900 0.811676 0.028002
0.262269 0.216673 1.761911 0.583209 0.021796 0.811548 0.027961
0.262588 0.216626 1.761853 0.583424 0.021743 0.811397 0.027905
0.262927 0.216591 1.761793 0.583654 0.021720 0.811234 0.027846
0.263280 0.216563 1.761730 0.583893 0.021711 0.811064 0.027789
0.263642 0.216536 1.761667 0.584136 0.021704 0.810891 0.027734
0.264011 0.216507 1.761602 0.584380 0.021696 0.810718 0.027686
0.264384 0.216475 1.761538 0.584622 0.021683 0.810544 0.027645
0.264758 0.216439 1.761473 0.584864 0.021663 0.810372 0.027612
0.265134 0.216399 1.761407 0.585103 0.021637 0.810200 0.027588
0.265509 0.216354 1.761342 0.585340 0.021603 0.810031 0.027574
0.265883 0.216304 1.761277 0.585575 0.021564 0.809863 0.027568
0.266254 0.216249 1.761212 0.585806 0.021518 0.809696 0.027571
0.266623 0.216191 1.761147 0.586035 0.021467 0.809532 0.027582
0.266989 0.216128 1.761082 0.586260 0.021411 0.809369 0.027600
0.267351 0.216063 1.761018 0.586483 0.021351 0.809209 0.027625
0.267710 0.215994 1.760954 0.586702 0.021287 0.809050 0.027656
0.268064 0.215922 1.760890 0.586918 0.021219 0.808894 0.027692
0.268414 0.215849 1.760828 0.587131 0.021149 0.808740 0.027733
0.268760 0.215773 1.760765 0.587341 0.021076 0.808588 0.027779
0.269101 0.215696 1.760704 0.587547 0.021002 0.808439 0.027828
0.269438 0.215617 1.760643 0.587750 0.020925 0.808291 0.027880
0.269769 0.215537 1.760583 0.587949 0.020847 0.808146 0.027935
0.270096 0.215456 1.760524 0.588146 0.020768 0.808004 0.027992
0.270418 0.215375 1.760466 0.588338 0.020689 0.807863 0.028052
0.270734 0.215293 1.760409 0.588527 0.020608 0.807725 0.028113
0.271046 0.215211 1.760353 0.588713 0.020527 0.807590 0.028175
0.271353 0.215130 1.760297 0.588896 0.020446 0.807457 0.028239
0.271655 0.215048 1.760243 0.589075 0.020365 0.807326 0.028303
0.271952 0.214966 1.760190 0.589250 0.020284 0.807198 0.028368
0.272243 0.214885 1.760138 0.589423 0.020204 0.807071 0.028433
0.272530 0.214805 1.760087 0.589592 0.020123 0.806948 0.028498
0.272812 0.214725 1.760036 0.589757 0.020044 0.806826 0.028563
0.273089 0.214646 1.759987 0.589920 0.019965 0.806707 0.028628
0.273361 0.214567 1.759939 0.590079 0.019886 0.806590 0.028693
0.273629 0.214490 1.759892 0.590235 0.019809 0.806476 0.028757
0.273891 0.214413 1.759846 0.590388 0.019732 0.806364 0.028821
0.274149 0.214338 1.759801 0.590537 0.019656 0.806254 0.028884
0.274402 0.214263 1.759757 0.590684 0.019582 0.806146 0.028947
0.274651 0.214190 1.759714 0.590828 0.019508 0.806040 0.029009
0.274895 0.214118 1.759672 0.590969 0.019436 0.805936 0.029070
0.275175 0.214073 1.759608 0.591165 0.019307 0.805799 0.028977
0.275481 0.214044 1.759529 0.591390 0.019208 0.805640 0.028877
0.275805 0.214023 1.759440 0.591631 0.019132 0.805468 0.028786
0.276141 0.214006 1.759343 0.591882 0.019072 0.805287 0.028707
0.276486 0.213989 1.759239 0.592139 0.019019 0.805102 0.028640
0.276837 0.213969 1.759131 0.592400 0.018970 0.804913 0.028587
0.277192 0.213946 1.759018 0.592662 0.018921 0.804722 0.028547
0.277548 0.213920 1.758902 0.592925 0.018872 0.804531 0.028521
0.277905 0.213889 1.758784 0.593188 0.018821 0.804339 0.028506
0.278262 0.213853 1.758663 0.593449 0.018769 0.804147 0.028504
0.278618 0.213813 1.758541 0.593709 0.018714 0.803956 0.028513
0.278972 0.213769 1.758419 0.593968 0.018657 0.803766 0.028532
0.279323 0.213722 1.758295 0.594223 0.018598 0.803578 0.028560
0.279672 0.213670 1.758172 0.594477 0.018537 0.803390 0.028596
0.280017 0.213616 1.758048 0.594727 0.018474 0.803205 0.028639
0.280358 0.213559 1.757925 0.594975 0.018409 0.803021 0.028689
0.280696 0.213500 1.757803 0.595220 0.018343 0.802839 0.028745
0.281030 0.213438 1.757681 0.595461 0.018276 0.802660 0.028805
0.281360 0.213374 1.757561 0.595698 0.018207 0.802483 0.028870
0.281685 0.213309 1.757442 0.595933 0.018137 0.802308 0.028938
0.282005 0.213243 1.757324 0.596163 0.018067 0.802136 0.029009
0.282321 0.213175 1.757207 0.596390 0.017995 0.801966 0.029083
0.282633 0.213107 1.757093 0.596613 0.017924 0.801799 0.029159
0.282939 0.213038 1.756979 0.596833 0.017852 0.801634 0.029236
0.283241 0.212969 1.756868 0.597048 0.017780 0.801472 0.029315
0.283538 0.212899 1.756758 0.597260 0.017708 0.801313 0.029394
0.283831 0.212830 1.756650 0.597468 0.017636 0.801157 0.029475
0.284118 0.212760 1.756544 0.597672 0.017564 0.801004 0.029555
0.284401 0.212691 1.756440 0.597872 0.017493 0.800853 0.029636
0.284679 0.212622 1.756337 0.598068 0.017422 0.800705 0.029717
0.284952 0.212553 1.756237 0.598261 0.017351 0.800559 0.029797
0.285221 0.212485 1.756138 0.598449 0.017281 0.800417 0.029877
0.285484 0.212418 1.756041 0.598635 0.017212 0.800277 0.029956
0.285743 0.212351 1.755946 0.598816 0.017144 0.800140 0.030035
0.285998 0.212286 1.755853 0.598994 0.017077 0.800005 0.030113
0.286248 0.212220 1.755762 0.599168 0.017010 0.799873 0.030190
0.286493 0.212156 1.755673 0.599339 0.016944 0.799744 0.030266
0.286734 0.212093 1.755585 0.599506 0.016879 0.799617 0.030340
0.286970 0.212031 1.755500 0.599670 0.016815 0.799493 0.030414
0.287202 0.211969 1.755416 0.599830 0.016753 0.799371 0.030486
0.287458 0.211935 1.755325 0.600022 0.016669 0.799234 0.030355
0.287733 0.211915 1.755232 0.600225 0.016621 0.799089 0.030177
0.288024 0.211901 1.755137 0.600432 0.016594 0.798941 0.029986
0.288326 0.211886 1.755041 0.600641 0.016575 0.798792 0.029794
0.288637 0.211868 1.754945 0.600850 0.016554 0.798642 0.029608
0.288955 0.211845 1.754847 0.601057 0.016529 0.798493 0.029434
0.289278 0.211816 1.754749 0.601264 0.016497 0.798344 0.029272
0.289604 0.211780 1.754650 0.601469 0.016457 0.798196 0.029125
0.289932 0.211737 1.754551 0.601672 0.016409 0.798048 0.028993
0.290261 0.211688 1.754450 0.601874 0.016354 0.797901 0.028876
0.290590 0.211632 1.754350 0.602074 0.016292 0.797755 0.028773
0.290918 0.211570 1.754249 0.602272 0.016224 0.797610 0.028683
0.291245 0.211504 1.754149 0.602469 0.016151 0.797466 0.028605
0.291570 0.211432 1.754048 0.602664 0.016073 0.797323 0.028539
0.291892 0.211356 1.753948 0.602856 0.015990 0.797181 0.028484
0.292212 0.211277 1.753848 0.603047 0.015904 0.797040 0.028438
0.292529 0.211194 1.753748 0.603235 0.015815 0.796901 0.028401
0.292843 0.211108 1.753650 0.603421 0.015723 0.796763 0.028373
0.293154 0.211019 1.753552 0.603605 0.015629 0.796626 0.028351
0.293461 0.210929 1.753455 0.603786 0.015532 0.796491 0.028337
0.293764 0.210836 1.753359 0.603965 0.015435 0.796358 0.028328
0.294063 0.210742 1.753264 0.604141 0.015336 0.796227 0.028325
0.294359 0.210647 1.753171 0.604314 0.015236 0.796097 0.028326
0.294650 0.210551 1.753078 0.604485 0.015135 0.795969 0.028332
0.294937 0.210455 1.752987 0.604652 0.015035 0.795843 0.028342
0.295220 0.210358 1.752897 0.604817 0.014934 0.795719 0.028355
0.295498 0.210261 1.752809 0.604980 0.014833 0.795597 0.028371
0.295773 0.210165 1.752722 0.605139 0.014732 0.795477 0.028389
0.296043 0.210068 1.752636 0.605296 0.014632 0.795359 0.028411
0.296309 0.209972 1.752552 0.605450 0.014532 0.795243 0.028434
0.296570 0.209876 1.752469 0.605601 0.014433 0.795128 0.028458
0.296827 0.209781 1.752388 0.605749 0.014335 0.795016 0.028485
0.297080 0.209686 1.752308 0.605895 0.014238 0.794906 0.028513
0.297329 0.209593 1.752230 0.606038 0.014141 0.794798 0.028541
0.297573 0.209501 1.752153 0.606178 0.014046 0.794692 0.028571
0.297813 0.209409 1.752077 0.606315 0.013953 0.794588 0.028602
0.298049 0.209319 1.752003 0.606450 0.013860 0.794485 0.028633
0.298280 0.209229 1.751930 0.606582 0.013768 0.794385 0.028664
0.298508 0.209141 1.751859 0.606711 0.013679 0.794286 0.028696
0.298731 0.209055 1.751789 0.606838 0.013590 0.794190 0.028729
0.298993 0.208988 1.751701 0.607016 0.013404 0.794063 0.028560
0.299281 0.208932 1.751601 0.607220 0.013224 0.793917 0.028360
0.299588 0.208879 1.751492 0.607440 0.013054 0.793759 0.028160
0.299909 0.208824 1.751378 0.607670 0.012889 0.793592 0.027968
0.300240 0.208764 1.751260 0.607905 0.012725 0.793421 0.027790
0.300579 0.208700 1.751138 0.608143 0.012558 0.793247 0.027627
0.300922 0.208628 1.751013 0.608382 0.012388 0.793071 0.027481
0.301268 0.208550 1.750886 0.608622 0.012213 0.792895 0.027352
0.301616 0.208464 1.750757 0.608862 0.012035 0.792717 0.027240
0.301965 0.208373 1.750628 0.609100 0.011853 0.792540 0.027143
0.302313 0.208275 1.750497 0.609337 0.011668 0.792363 0.027061
0.302660 0.208172 1.750366 0.609573 0.011479 0.792187 0.026993
0.303005 0.208064 1.750235 0.609806 0.011288 0.792012 0.026938
0.303348 0.207951 1.750104 0.610037 0.011095 0.791838 0.026894
0.303689 0.207835 1.749973 0.610266 0.010900 0.791666 0.026861
0.304026 0.207715 1.749843 0.610493 0.010704 0.791495 0.026838
0.304360 0.207592 1.749714 0.610716 0.010507 0.791325 0.026824
0.304691 0.207467 1.749585 0.610937 0.010310 0.791158 0.026818
0.305018 0.207340 1.749458 0.611155 0.010113 0.790992 0.026818
0.305341 0.207212 1.749332 0.611370 0.009917 0.790828 0.026825
0.305659 0.207082 1.749207 0.611582 0.009721 0.790666 0.026838
0.305974 0.206951 1.749084 0.611790 0.009526 0.790507 0.026855
0.306284 0.206820 1.748962 0.611996 0.009332 0.790349 0.026877
0.306589 0.206689 1.748842 0.612198 0.009140 0.790194 0.026903
0.306890 0.206557 1.748723 0.612396 0.008949 0.790041 0.026932
0.307187 0.206426 1.748606 0.612592 0.008760 0.789891 0.026964
0.307479 0.206296 1.748491 0.612784 0.008573 0.789743 0.026999
0.307766 0.206166 1.748378 0.612972 0.008388 0.789597 0.027036
0.308049 0.206036 1.748266 0.613157 0.008206 0.789454 0.027075
0.308327 0.205908 1.748157 0.613339 0.008026 0.789313 0.027115
0.308600 0.205781 1.748049 0.613518 0.007848 0.789175 0.027156
0.308869 0.205656 1.747943 0.613693 0.007673 0.789039 0.027199
0.309133 0.205531 1.747839 0.613865 0.007501 0.788905 0.027242
0.309393 0.205408 1.747737 0.614034 0.007331 0.788774 0.027286
0.309648 0.205287 1.747637 0.614199 0.007164 0.788645 0.027330
0.309898 0.205167 1.747538 0.614361 0.007000 0.788519 0.027374
0.310144 0.205050 1.747442 0.614520 0.006838 0.788395 0.027419
0.310385 0.204933 1.747347 0.614676 0.006680 0.788273 0.027463
0.310623 0.204819 1.747254 0.614829 0.006524 0.788153 0.027508
0.310855 0.204706 1.747163 0.614979 0.006372 0.788036 0.027552
0.311115 0.204626 1.747057 0.615155 0.006231 0.787901 0.027513
0.311392 0.204568 1.746942 0.615343 0.006136 0.787757 0.027467
0.311683 0.204525 1.746818 0.615536 0.006071 0.787608 0.027422
0.311982 0.204490 1.746688 0.615732 0.006027 0.787457 0.027379
0.312286 0.204461 1.746552 0.615929 0.005995 0.787304 0.027341
0.312595 0.204435 1.746412 0.616127 0.005973 0.787151 0.027310
0.312904 0.204411 1.746267 0.616325 0.005957 0.786996 0.027285
0.313214 0.204388 1.746119 0.616524 0.005946 0.786842 0.027268
0.313524 0.204364 1.745968 0.616722 0.005939 0.786687 0.027259
0.313832 0.204340 1.745814 0.616919 0.005934 0.786532 0.027258
0.314137 0.204315 1.745660 0.617116 0.005931 0.786377 0.027264
0.314440 0.204289 1.745504 0.617312 0.005931 0.786223 0.027276
0.314740 0.204262 1.745347 0.617507 0.005932 0.786070 0.027295
0.315037 0.204235 1.745190 0.617700 0.005933 0.785917 0.027319
0.315330 0.204206 1.745033 0.617892 0.005936 0.785765 0.027348
0.315619 0.204176 1.744877 0.618081 0.005939 0.785615 0.027382
0.315904 0.204146 1.744722 0.618269 0.005943 0.785466 0.027419
0.316186 0.204114 1.744567 0.618455 0.005947 0.785318 0.027460
0.316463 0.204082 1.744414 0.618638 0.005951 0.785172 0.027504
0.316736 0.204050 1.744262 0.618819 0.005955 0.785028 0.027550
0.317005 0.204017 1.744112 0.618997 0.005960 0.784885 0.027599
0.317270 0.203984 1.743964 0.619173 0.005964 0.784745 0.027649
0.317530 0.203951 1.743817 0.619346 0.005968 0.784607 0.027701
0.317786 0.203917 1.743673 0.619516 0.005972 0.784470 0.027753
0.318038 0.203884 1.743530 0.619684 0.005976 0.784336 0.027807
0.318286 0.203850 1.743390 0.619849 0.005980 0.784204 0.027861
0.318529 0.203817 1.743252 0.620010 0.005984 0.784074 0.027916
0.318769 0.203783 1.743116 0.620169 0.005987 0.783946 0.027971
0.319004 0.203750 1.742982 0.620326 0.005991 0.783821 0.028026
0.319235 0.203717 1.742850 0.620479 0.005994 0.783697 0.028082
0.319462 0.203685 1.742721 0.620629 0.005997 0.783576 0.028137
0.319685 0.203652 1.742594 0.620777 0.006001 0.783457 0.028192
0.319904 0.203620 1.742470 0.620922 0.006004 0.783341 0.028246
0.320119 0.203589 1.742347 0.621063 0.006007 0.783226 0.028300
0.320330 0.203558 1.742227 0.621203 0.006010 0.783114 0.028354
0.320538 0.203528 1.742109 0.621339 0.006013 0.783004 0.028407
0.320741 0.203498 1.741993 0.621473 0.006016 0.782896 0.028459
0.320941 0.203468 1.741880 0.621604 0.006019 0.782790 0.028511
0.321137 0.203439 1.741768 0.621732 0.006022 0.782686 0.028562
0.321330 0.203411 1.741659 0.621858 0.006025 0.782584 0.028612
0.321558 0.203411 1.741531 0.622019 0.005961 0.782463 0.028444
0.321812 0.203426 1.741391 0.622200 0.005909 0.782327 0.028217
0.322092 0.203444 1.741242 0.622386 0.005843 0.782188 0.027998
0.322391 0.203459 1.741087 0.622575 0.005765 0.782045 0.027795
0.322703 0.203468 1.740927 0.622765 0.005677 0.781901 0.027613
0.323026 0.203471 1.740763 0.622955 0.005578 0.781756 0.027454
0.323355 0.203466 1.740595 0.623146 0.005470 0.781609 0.027317
0.323690 0.203452 1.740424 0.623336 0.005354 0.781462 0.027202
0.324027 0.203431 1.740251 0.623527 0.005231 0.781314 0.027108
0.324367 0.203402 1.740075 0.623717 0.005102 0.781166 0.027034
0.324707 0.203365 1.739898 0.623906 0.004968 0.781018 0.026977
0.325046 0.203322 1.739721 0.624095 0.004828 0.780869 0.026937
0.325385 0.203272 1.739542 0.624282 0.004686 0.780721 0.026911
0.325722 0.203216 1.739363 0.624469 0.004540 0.780573 0.026900
0.326058 0.203155 1.739185 0.624655 0.004391 0.780425 0.026900
0.326390 0.203089 1.739006 0.624840 0.004241 0.780278 0.026911
0.326720 0.203020 1.738829 0.625023 0.004090 0.780131 0.026932
0.327046 0.202946 1.738652 0.625204 0.003937 0.779985 0.026961
0.327369 0.202869 1.738477 0.625384 0.003785 0.779841 0.026998
0.327689 0.202790 1.738303 0.625562 0.003632 0.779697 0.027041
0.328004 0.202708 1.738130 0.625738 0.003479 0.779555 0.027090
0.328316 0.202624 1.737959 0.625913 0.003327 0.779414 0.027144
0.328623 0.202539 1.737790 0.626085 0.003177 0.779274 0.027202
0.328926 0.202453 1.737623 0.626255 0.003027 0.779136 0.027263
0.329225 0.202365 1.737458 0.626423 0.002879 0.778999 0.027328
0.329519 0.202277 1.737295 0.626588 0.002732 0.778864 0.027395
0.329809 0.202188 1.737134 0.626751 0.002587 0.778731 0.027464
0.330094 0.202099 1.736975 0.626912 0.002445 0.778599 0.027534
0.330374 0.202010 1.736819 0.627071 0.002304 0.778469 0.027606
0.330650 0.201921 1.736664 0.627227 0.002165 0.778341 0.027679
0.330922 0.201833 1.736512 0.627381 0.002029 0.778215 0.027752
0.331189 0.201745 1.736363 0.627532 0.001896 0.778091 0.027826
0.331451 0.201658 1.736216 0.627681 0.001764 0.777968 0.027900
0.331709 0.201571 1.736071 0.627828 0.001636 0.777848 0.027974
0.331962 0.201486 1.735928 0.627972 0.001509 0.777729 0.028047
0.332211 0.201401 1.735788 0.628114 0.001386 0.777612 0.028120
0.332456 0.201317 1.735650 0.628253 0.001265 0.777497 0.028193
0.332695 0.201235 1.735514 0.628390 0.001146 0.777384 0.028264
0.332931 0.201153 1.735381 0.628525 0.001030 0.777273 0.028335
0.333162 0.201073 1.735250 0.628657 0.000917 0.777163 0.028405
0.333432 0.201021 1.735114 0.628802 0.000749 0.777048 0.028357
0.333728 0.200986 1.734975 0.628949 0.000579 0.776932 0.028279
0.334043 0.200960 1.734835 0.629097 0.000411 0.776816 0.028191
0.334370 0.200940 1.734694 0.629242 0.000245 0.776701 0.028099
0.334704 0.200922 1.734550 0.629387 0.000081 0.776587 0.028008
0.335043 0.200904 1.734406 0.629531 -0.000082 0.776474 0.027920
0.335385 0.200884 1.734259 0.629673 -0.000243 0.776361 0.027838
0.335727 0.200862 1.734112 0.629815 -0.000402 0.776248 0.027762
0.336068 0.200838 1.733963 0.629958 -0.000558 0.776135 0.027694
0.336407 0.200811 1.733813 0.630099 -0.000713 0.776022 0.027633
0.336744 0.200781 1.733663 0.630241 -0.000864 0.775909 0.027580
0.337078 0.200749 1.733512 0.630383 -0.001012 0.775795 0.027534
0.337409 0.200714 1.733360 0.630524 -0.001158 0.775682 0.027494
0.337736 0.200677 1.733209 0.630665 -0.001301 0.775568 0.027461
0.338059 0.200638 1.733058 0.630806 -0.001440 0.775454 0.027433
0.338378 0.200597 1.732907 0.630947 -0.001577 0.775340 0.027411
0.338692 0.200554 1.732757 0.631086 -0.001711 0.775227 0.027394
0.339002 0.200510 1.732608 0.631225 -0.001842 0.775114 0.027382
0.339307 0.200465 1.732460 0.631363 -0.001970 0.775002 0.027373
0.339608 0.200419 1.732312 0.631500 -0.002095 0.774890 0.027368
0.339904 0.200372 1.732166 0.631636 -0.002218 0.774779 0.027366
0.340196 0.200325 1.732022 0.631770 -0.002338 0.774669 0.027367
0.340483 0.200277 1.731879 0.631903 -0.002454 0.774560 0.027371
0.340765 0.200228 1.731737 0.632035 -0.002569 0.774452 0.027377
0.341042 0.200180 1.731598 0.632165 -0.002680 0.774345 0.027385
0.341315 0.200131 1.731460 0.632294 -0.002789 0.774239 0.027395
0.341583 0.200082 1.731323 0.632421 -0.002896 0.774135 0.027407
0.341847 0.200034 1.731189 0.632546 -0.003000 0.774031 0.027420
0.342106 0.199986 1.731056 0.632670 -0.003101 0.773929 0.027434
0.342360 0.199938 1.730925 0.632791 -0.003200 0.773829 0.027449
0.342610 0.199890 1.730797 0.632912 -0.003297 0.773730 0.027466
0.342856 0.199843 1.730670 0.633030 -0.003391 0.773632 0.027482
0.343097 0.199797 1.730545 0.633146 -0.003483 0.773536 0.027500
0.343334 0.199751 1.730422 0.633261 -0.003573 0.773441 0.027518
0.343566 0.199706 1.730301 0.633374 -0.003660 0.773347 0.027537
0.343795 0.199661 1.730182 0.633485 -0.003745 0.773255 0.027556
0.344019 0.199617 1.730065 0.633594 -0.003829 0.773165 0.027575
0.344239 0.199574 1.729950 0.633701 -0.003910 0.773076 0.027595
0.344455 0.199531 1.729836 0.633807 -0.003989 0.772988 0.027614
0.344667 0.199490 1.729725 0.633910 -0.004066 0.772902 0.027634
0.344911 0.199467 1.729605 0.634024 -0.004232 0.772812 0.027509
0.345177 0.199454 1.729478 0.634141 -0.004408 0.772721 0.027356
0.345460 0.199445 1.729347 0.634258 -0.004584 0.772629 0.027199
0.345753 0.199438 1.729210 0.634377 -0.004758 0.772536 0.027046
0.346053 0.199430 1.729070 0.634497 -0.004930 0.772441 0.026900
0.346358 0.199420 1.728925 0.634618 -0.005099 0.772345 0.026764
0.346666 0.199407 1.728777 0.634741 -0.005266 0.772248 0.026637
0.346974 0.199389 1.728625 0.634864 -0.005430 0.772149 0.026523
0.347283 0.199369 1.728471 0.634990 -0.005590 0.772048 0.026419
0.347590 0.199344 1.728315 0.635116 -0.005747 0.771946 0.026326
0.347895 0.199316 1.728157 0.635244 -0.005902 0.771843 0.026243
0.348199 0.199285 1.727997 0.635373 -0.006053 0.771738 0.026170
0.348499 0.199250 1.727837 0.635503 -0.006201 0.771632 0.026106
0.348797 0.199212 1.727676 0.635633 -0.006345 0.771526 0.026050
0.349091 0.199172 1.727514 0.635764 -0.006487 0.771419 0.026002
0.349382 0.199130 1.727353 0.635894 -0.006626 0.771311 0.025962
0.349670 0.199086 1.727192 0.636025 -0.006761 0.771203 0.025927
0.349953 0.199039 1.727031 0.636155 -0.006894 0.771095 0.025898
0.350233 0.198991 1.726872 0.636285 -0.007024 0.770988 0.025875
0.350508 0.198942 1.726713 0.636415 -0.007151 0.770881 0.025857
0.350780 0.198892 1.726555 0.636543 -0.007275 0.770774 0.025843
0.351048 0.198841 1.726399 0.636671 -0.007397 0.770667 0.025832
0.351311 0.198790 1.726244 0.636797 -0.007516 0.770562 0.025825
0.351570 0.198737 1.726091 0.636923 -0.007632 0.770457 0.025822
0.351826 0.198685 1.725940 0.637047 -0.007745 0.770354 0.025821
0.352077 0.198632 1.725790 0.637170 -0.007856 0.770251 0.025822
0.352324 0.198579 1.725642 0.637291 -0.007965 0.770149 0.025826
0.352567 0.198526 1.725496 0.637411 -0.008071 0.770049 0.025831
0.352805 0.198473 1.725353 0.637529 -0.008175 0.769949 0.025839
0.353040 0.198421 1.725211 0.637646 -0.008276 0.769851 0.025848
0.353271 0.198368 1.725071 0.637761 -0.008375 0.769754 0.025858
0.353497 0.198316 1.724933 0.637875 -0.008472 0.769659 0.025870
0.353720 0.198265 1.724797 0.637987 -0.008566 0.769565 0.025882
0.353939 0.198214 1.724664 0.638097 -0.008658 0.769472 0.025895
0.354153 0.198164 1.724532 0.638205 -0.008748 0.769380 0.025910
0.354364 0.198114 1.724403 0.638312 -0.008836 0.769290 0.025924
0.354572 0.198065 1.724276 0.638417 -0.008921 0.769202 0.025940
0.354775 0.198017 1.724151 0.638520 -0.009005 0.769115 0.025956
0.354975 0.197969 1.724028 0.638622 -0.009087 0.769029 0.025972
0.355171 0.197923 1.723907 0.638722 -0.009166 0.768944 0.025989
0.355410 0.197905 1.723767 0.638836 -0.009321 0.768852 0.025854
0.355680 0.197905 1.723611 0.638959 -0.009490 0.768753 0.025669
0.355971 0.197916 1.723441 0.639091 -0.009659 0.768648 0.025469
0.356278 0.197932 1.723260 0.639230 -0.009825 0.768538 0.025267
0.356595 0.197950 1.723069 0.639374 -0.009984 0.768422 0.025072
0.356918 0.197968 1.722869 0.639523 -0.010136 0.768303 0.024889
0.357245 0.197984 1.722662 0.639676 -0.010283 0.768178 0.024720
0.357574 0.197998 1.722448 0.639833 -0.010423 0.768051 0.024566
0.357904 0.198008 1.722229 0.639994 -0.010557 0.767919 0.024426
0.358234 0.198015 1.722005 0.640157 -0.010686 0.767785 0.024300
0.358562 0.198018 1.721777 0.640323 -0.010810 0.767648 0.024187
0.358888 0.198018 1.721547 0.640492 -0.010930 0.767509 0.024088
0.359211 0.198015 1.721315 0.640662 -0.011045 0.767369 0.024000
0.359531 0.198008 1.721081 0.640833 -0.011156 0.767226 0.023923
0.359848 0.197999 1.720846 0.641005 -0.011263 0.767083 0.023856
0.360162 0.197987 1.720611 0.641178 -0.011367 0.766939 0.023797
0.360471 0.197972 1.720376 0.641351 -0.011467 0.766794 0.023747
0.360777 0.197955 1.720142 0.641524 -0.011564 0.766650 0.023705
0.361078 0.197936 1.719908 0.641696 -0.011659 0.766505 0.023669
0.361375 0.197915 1.719676 0.641868 -0.011750 0.766361 0.023639
0.361668 0.197893 1.719446 0.642039 -0.011839 0.766217 0.023615
0.361957 0.197869 1.719217 0.642209 -0.011925 0.766074 0.023595
0.362241 0.197844 1.718991 0.642377 -0.012009 0.765932 0.023579
0.362521 0.197818 1.718766 0.642544 -0.012091 0.765790 0.023568
0.362796 0.197791 1.718544 0.642710 -0.012170 0.765651 0.023560
0.363067 0.197763 1.718325 0.642874 -0.012247 0.765512 0.023555
0.363334 0.197735 1.718108 0.643036 -0.012323 0.765374 0.023552
0.363596 0.197706 1.717894 0.643196 -0.012396 0.765239 0.023552
0.363853 0.197677 1.717683 0.643355 -0.012467 0.765104 0.023554
0.364106 0.197648 1.717474 0.643511 -0.012536 0.764972 0.023558
0.364355 0.197618 1.717269 0.643665 -0.012604 0.764841 0.023563
0.364600 0.197588 1.717067 0.643817 -0.012669 0.764711 0.023570
0.364840 0.197559 1.716867 0.643967 -0.012733 0.764584 0.023578
0.365076 0.197529 1.716671 0.644115 -0.012795 0.764458 0.023587
0.365307 0.197500 1.716478 0.644260 -0.012856 0.764334 0.023597
0.365535 0.197471 1.716288 0.644403 -0.012915 0.764212 0.023608
0.365758 0.197442 1.716100 0.644544 -0.012972 0.764092 0.023619
0.365978 0.197413 1.715916 0.644683 -0.013027 0.763973 0.023631
0.366193 0.197385 1.715735 0.644820 -0.013081 0.763857 0.023643
0.366405 0.197357 1.715557 0.644954 -0.013134 0.763742 0.023656
0.366660 0.197348 1.715369 0.645095 -0.013185 0.763623 0.023637
0.366947 0.197350 1.715172 0.645239 -0.013237 0.763501 0.023598
0.367257 0.197354 1.714966 0.645386 -0.013293 0.763378 0.023552
0.367581 0.197358 1.714754 0.645535 -0.013350 0.763252 0.023506
0.367916 0.197358 1.714534 0.645686 -0.013408 0.763125 0.023465
0.368258 0.197353 1.714309 0.645840 -0.013467 0.762994 0.023434
0.368604 0.197341 1.714078 0.645997 -0.013527 0.762861 0.023413
0.368953 0.197324 1.713842 0.646157 -0.013586 0.762724 0.023403
0.369303 0.197299 1.713602 0.646320 -0.013645 0.762585 0.023405
0.369652 0.197269 1.713359 0.646485 -0.013703 0.762444 0.023418
0.370000 0.197232 1.713114 0.646653 -0.013761 0.762300 0.023442
0.370346 0.197190 1.712866 0.646823 -0.013818 0.762153 0.023477
0.370690 0.197142 1.712617 0.646995 -0.013874 0.762005 0.023520
0.371030 0.197090 1.712367 0.647168 -0.013930 0.761855 0.023573
0.371368 0.197033 1.712116 0.647342 -0.013984 0.761705 0.023633
0.371702 0.196973 1.711866 0.647517 -0.014038 0.761553 0.023699
0.372032 0.196909 1.711616 0.647692 -0.014091 0.761401 0.023772
0.372358 0.196842 1.711367 0.647868 -0.014144 0.761248 0.023850
0.372680 0.196772 1.711119 0.648043 -0.014195 0.761096 0.023933
0.372997 0.196700 1.710873 0.648217 -0.014246 0.760943 0.024020
0.373310 0.196626 1.710629 0.648391 -0.014296 0.760792 0.024110
0.373619 0.196550 1.710386 0.648563 -0.014346 0.760640 0.024203
0.373923 0.196473 1.710146 0.648735 -0.014395 0.760490 0.024298
0.374223 0.196395 1.709909 0.648905 -0.014443 0.760341 0.024396
0.374518 0.196316 1.709674 0.649074 -0.014490 0.760193 0.024495
0.374809 0.196236 1.709441 0.649241 -0.014537 0.760046 0.024595
0.375094 0.196156 1.709212 0.649406 -0.014583 0.759901 0.024695
0.375376 0.196076 1.708986 0.649569 -0.014629 0.759757 0.024797
0.375652 0.195995 1.708762 0.649731 -0.014674 0.759615 0.024898
0.375924 0.195915 1.708542 0.649890 -0.014718 0.759474 0.025000
0.376191 0.195835 1.708325 0.650047 -0.014761 0.759336 0.025102
0.376454 0.195755 1.708111 0.650202 -0.014804 0.759199 0.025203
0.376713 0.195676 1.707900 0.650355 -0.014846 0.759064 0.025304
0.376966 0.195597 1.707693 0.650505 -0.014888 0.758931 0.025404
0.377216 0.195519 1.707489 0.650654 -0.014928 0.758799 0.025503
0.377461 0.195442 1.707288 0.650800 -0.014968 0.758670 0.025601
0.377701 0.195365 1.707090 0.650943 -0.015008 0.758543 0.025698
0.377938 0.195290 1.706896 0.651085 -0.015046 0.758417 0.025795
0.378170 0.195215 1.706705 0.651224 -0.015084 0.758294 0.025889
0.378397 0.195142 1.706517 0.651361 -0.015122 0.758173 0.025983
0.378658 0.195096 1.706322 0.651517 -0.015192 0.758037 0.025982
0.378941 0.195069 1.706124 0.651681 -0.015264 0.757896 0.025947
0.379238 0.195052 1.705925 0.651846 -0.015335 0.757754 0.025894
0.379544 0.195042 1.705726 0.652012 -0.015407 0.757612 0.025832
0.379854 0.195036 1.705528 0.652175 -0.015479 0.757472 0.025764
0.380166 0.195031 1.705331 0.652336 -0.015551 0.757335 0.025694
0.380478 0.195026 1.705135 0.652495 -0.015624 0.757199 0.025625
0.380789 0.195021 1.704940 0.652651 -0.015697 0.757065 0.025559
0.381098 0.195014 1.704746 0.652806 -0.015769 0.756932 0.025496
0.381404 0.195007 1.704554 0.652958 -0.015841 0.756801 0.025436
0.381707 0.194998 1.704363 0.653109 -0.015913 0.756671 0.025381
0.382006 0.194987 1.704174 0.653259 -0.015983 0.756542 0.025330
0.382301 0.194975 1.703986 0.653406 -0.016053 0.756415 0.025283
0.382591 0.194961 1.703799 0.653553 -0.016121 0.756288 0.025240
0.382878 0.194947 1.703615 0.653697 -0.016188 0.756163 0.025201
0.383160 0.194931 1.703432 0.653840 -0.016254 0.756039 0.025165
0.383438 0.194914 1.703252 0.653982 -0.016318 0.755916 0.025133
0.383711 0.194896 1.703073 0.654122 -0.016381 0.755795 0.025103
0.383980 0.194878 1.702897 0.654260 -0.016443 0.755675 0.025076
0.384244 0.194858 1.702723 0.654397 -0.016503 0.755556 0.025052
0.384504 0.194839 1.702551 0.654532 -0.016562 0.755438 0.025030
0.384759 0.194818 1.702381 0.654665 -0.016620 0.755322 0.025010
0.385011 0.194798 1.702214 0.654796 -0.016676 0.755208 0.024993
0.385257 0.194777 1.702049 0.654926 -0.016730 0.755095 0.024976
0.385500 0.194756 1.701886 0.655054 -0.016784 0.754983 0.024961
0.385738 0.194735 1.701726 0.655180 -0.016836 0.754873 0.024948
0.385972 0.194714 1.701568 0.655304 -0.016886 0.754764 0.024936
0.386201 0.194692 1.701413 0.655427 -0.016936 0.754657 0.024925
0.386427 0.194671 1.701260 0.655548 -0.016984 0.754552 0.024915
0.386649 0.194651 1.701109 0.655666 -0.017030 0.754448 0.024906
0.386866 0.194630 1.700961 0.655783 -0.017075 0.754345 0.024897
0.387080 0.194609 1.700815 0.655898 -0.017119 0.754244 0.024889
0.387289 0.194589 1.700672 0.656012 -0.017162 0.754145 0.024882
0.387495 0.194569 1.700531 0.656123 -0.017203 0.754047 0.024875
0.387697 0.194550 1.700392 0.656233 -0.017244 0.753951 0.024869
0.387895 0.194530 1.700256 0.656341 -0.017283 0.753857 0.024863
0.388090 0.194511 1.700122 0.656447 -0.017320 0.753763 0.024858
0.388280 0.194493 1.699990 0.656551 -0.017357 0.753672 0.024853
0.388468 0.194475 1.699861 0.656654 -0.017393 0.753582 0.024848
0.388652 0.194457 1.699734 0.656755 -0.017427 0.753493 0.024843
0.388871 0.194457 1.699596 0.656844 -0.017515 0.753417 0.024742
0.389116 0.194466 1.699447 0.656928 -0.017619 0.753346 0.024606
0.389379 0.194479 1.699287 0.657010 -0.017726 0.753277 0.024458
0.389655 0.194493 1.699116 0.657093 -0.017833 0.753206 0.024310
0.389939 0.194504 1.698935 0.657180 -0.017938 0.753133 0.024169
0.390229 0.194513 1.698744 0.657270 -0.018038 0.753056 0.024039
0.390523 0.194517 1.698544 0.657366 -0.018133 0.752974 0.023922
0.390819 0.194517 1.698336 0.657466 -0.018223 0.752887 0.023818
0.391116 0.194512 1.698121 0.657572 -0.018309 0.752795 0.023729
0.391412 0.194502 1.697901 0.657682 -0.018390 0.752699 0.023654
0.391707 0.194488 1.697675 0.657797 -0.018466 0.752599 0.023592
0.392000 0.194469 1.697445 0.657916 -0.018539 0.752495 0.023542
0.392292 0.194447 1.697212 0.658038 -0.018607 0.752388 0.023503
0.392581 0.194420 1.696976 0.658163 -0.018672 0.752278 0.023475
0.392867 0.194390 1.696739 0.658291 -0.018734 0.752165 0.023457
0.393150 0.194356 1.696500 0.658421 -0.018793 0.752050 0.023448
0.393430 0.194320 1.696260 0.658552 -0.018849 0.751933 0.023446
0.393707 0.194281 1.696021 0.658685 -0.018903 0.751815 0.023452
0.393980 0.194239 1.695781 0.658819 -0.018955 0.751696 0.023464
0.394250 0.194196 1.695543 0.658954 -0.019004 0.751577 0.023482
0.394515 0.194151 1.695305 0.659089 -0.019052 0.751456 0.023505
0.394778 0.194104 1.695069 0.659224 -0.019098 0.751336 0.023532
0.395036 0.194056 1.694834 0.659358 -0.019142 0.751216 0.023564
0.395290 0.194006 1.694601 0.659492 -0.019185 0.751096 0.023599
0.395541 0.193956 1.694371 0.659626 -0.019227 0.750976 0.023637
0.395788 0.193905 1.694142 0.659759 -0.019267 0.750857 0.023678
0.396031 0.193853 1.693916 0.659891 -0.019306 0.750739 0.023721
0.396270 0.193801 1.693693 0.660022 -0.019344 0.750621 0.023766
0.396505 0.193748 1.693472 0.660151 -0.019381 0.750505 0.023812
0.396736 0.193695 1.693255 0.660280 -0.019416 0.750389 0.023860
0.396963 0.193642 1.693040 0.660407 -0.019451 0.750275 0.023909
0.397187 0.193589 1.692828 0.660532 -0.019485 0.750162 0.023960
0.397407 0.193537 1.692619 0.660656 -0.019518 0.750050 0.024010
0.397623 0.193484 1.692413 0.660779 -0.019550 0.749940 0.024062
0.397835 0.193432 1.692210 0.660900 -0.019581 0.749831 0.024114
0.398043 0.193380 1.692010 0.661019 -0.019612 0.749724 0.024166
0.398248 0.193328 1.691814 0.661136 -0.019641 0.749618 0.024218
0.398449 0.193277 1.691620 0.661252 -0.019670 0.749513 0.024270
0.398647 0.193227 1.691430 0.661366 -0.019698 0.749410 0.024322
0.398841 0.193177 1.691243 0.661478 -0.019725 0.749309 0.024374
0.399058 0.193145 1.691043 0.661621 -0.019787 0.749182 0.024350
0.399291 0.193124 1.690839 0.661778 -0.019842 0.749043 0.024315
0.399532 0.193109 1.690633 0.661941 -0.019891 0.748899 0.024277
0.399779 0.193096 1.690427 0.662106 -0.019939 0.748753 0.024239
0.400028 0.193085 1.690221 0.662270 -0.019987 0.748607 0.024201
0.400279 0.193073 1.690017 0.662433 -0.020035 0.748463 0.024165
0.400528 0.193059 1.689814 0.662595 -0.020084 0.748320 0.024131
0.400777 0.193045 1.689613 0.662754 -0.020134 0.748179 0.024100
0.401023 0.193028 1.689414 0.662911 -0.020185 0.748039 0.024073
0.401267 0.193010 1.689218 0.663066 -0.020236 0.747901 0.024049
0.401508 0.192991 1.689023 0.663218 -0.020287 0.747765 0.024029
0.401746 0.192970 1.688831 0.663369 -0.020339 0.747631 0.024012
0.401980 0.192947 1.688640 0.663517 -0.020390 0.747498 0.023998
0.402212 0.192923 1.688453 0.663664 -0.020441 0.747367 0.023987
0.402440 0.192898 1.688268 0.663808 -0.020491 0.747238 0.023979
0.402664 0.192872 1.688085 0.663950 -0.020541 0.747110 0.023973
0.402885 0.192845 1.687904 0.664090 -0.020590 0.746984 0.023970
0.403103 0.192817 1.687727 0.664228 -0.020639 0.746860 0.023968
0.403317 0.192788 1.687551 0.664364 -0.020687 0.746738 0.023969
0.403527 0.192759 1.687379 0.664498 -0.020734 0.746617 0.023971
0.403734 0.192730 1.687209 0.664630 -0.020780 0.746498 0.023974
0.403937 0.192701 1.687042 0.664760 -0.020825 0.746381 0.023978
0.404137 0.192671 1.686877 0.664888 -0.020869 0.746266 0.023984
0.404333 0.192641 1.686715 0.665014 -0.020913 0.746153 0.023990
0.404526 0.192611 1.686556 0.665138 -0.020955 0.746041 0.023998
0.404716 0.192581 1.686399 0.665259 -0.020997 0.745931 0.024005
0.404902 0.192552 1.686245 0.665379 -0.021037 0.745823 0.024014
0.405085 0.192522 1.686094 0.665497 -0.021077 0.745716 0.024022
0.405264 0.192493 1.685945 0.665612 -0.021115 0.745612 0.024031
0.405440 0.192465 1.685798 0.665726 -0.021153 0.745509 0.024040
0.405613 0.192436 1.685655 0.665838 -0.021189 0.745408 0.024050
0.405783 0.192408 1.685513 0.665948 -0.021225 0.745308 0.024059
0.405950 0.192380 1.685375 0.666055 -0.021259 0.745211 0.024068
0.406113 0.192353 1.685239 0.666161 -0.021293 0.745115 0.024078
0.406274 0.192326 1.685105 0.666265 -0.021325 0.745020 0.024087
0.406432 0.192300 1.684974 0.666368 -0.021357 0.744928 0.024097
0.406586 0.192274 1.684845 0.666468 -0.021388 0.744837 0.024106
0.406738 0.192249 1.684718 0.666566 -0.021418 0.744748 0.024115
0.406887 0.192225 1.684594 0.666663 -0.021446 0.744660 0.024123
0.407033 0.192201 1.684472 0.666758 -0.021475 0.744574 0.024132
0.407203 0.192189 1.684349 0.666856 -0.021513 0.744486 0.024104
0.407389 0.192185 1.684226 0.666953 -0.021552 0.744400 0.024064
0.407586 0.192182 1.684105 0.667046 -0.021594 0.744316 0.024016
0.407790 0.192179 1.683984 0.667136 -0.021640 0.744236 0.023963
0.407998 0.192175 1.683864 0.667224 -0.021688 0.744157 0.023910
0.408209 0.192168 1.683744 0.667309 -0.021740 0.744081 0.023857
0.408420 0.192158 1.683625 0.667393 -0.021795 0.744006 0.023806
0.408631 0.192144 1.683506 0.667476 -0.021851 0.743931 0.023759
0.408842 0.192127 1.683387 0.667558 -0.021908 0.743858 0.023716
0.409051 0.192107 1.683268 0.667639 -0.021967 0.743784 0.023677
0.409258 0.192084 1.683150 0.667720 -0.022026 0.743711 0.023643
0.409464 0.192058 1.683033 0.667801 -0.022084 0.743637 0.023613
0.409667 0.192030 1.682915 0.667882 -0.022143 0.743564 0.023587
0.409868 0.191999 1.682799 0.667962 -0.022202 0.743491 0.023566
0.410066 0.191965 1.682683 0.668042 -0.022260 0.743418 0.023548
0.410262 0.191930 1.682568 0.668121 -0.022317 0.743345 0.023533
0.410455 0.191894 1.682453 0.668201 -0.022374 0.743272 0.023522
0.410646 0.191855 1.682340 0.668280 -0.022431 0.743200 0.023514
0.410834 0.191816 1.682227 0.668358 -0.022486 0.743128 0.023509
0.411018 0.191775 1.682116 0.668436 -0.022541 0.743056 0.023505
0.411201 0.191734 1.682006 0.668513 -0.022595 0.742985 0.023505
0.411380 0.191692 1.681897 0.668590 -0.022648 0.742914 0.023506
0.411556 0.191649 1.681790 0.668666 -0.022700 0.742844 0.023509
0.411730 0.191606 1.681683 0.668741 -0.022751 0.742775 0.023513
0.411901 0.191562 1.681578 0.668816 -0.022801 0.742706 0.023519
0.412069 0.191519 1.681475 0.668889 -0.022850 0.742638 0.023527
0.412234 0.191475 1.681372 0.668962 -0.022898 0.742571 0.023535
0.412396 0.191431 1.681272 0.669034 -0.022945 0.742504 0.023544
0.412556 0.191387 1.681172 0.669105 -0.022991 0.742439 0.023554
0.412713 0.191344 1.681074 0.669175 -0.023036 0.742374 0.023565
0.412867 0.191301 1.680978 0.669244 -0.023081 0.742310 0.023577
0.413018 0.191258 1.680883 0.669312 -0.023124 0.742246 0.023589
0.413167 0.191215 1.680790 0.669380 -0.023166 0.742184 0.023601
0.413314 0.191173 1.680698 0.669446 -0.023207 0.742123 0.023614
0.413457 0.191131 1.680607 0.669511 -0.023248 0.742062 0.023628
0.413598 0.191090 1.680518 0.669575 -0.023287 0.742003 0.023641
0.413737 0.191050 1.680431 0.669638 -0.023325 0.741944 0.023655
0.413873 0.191010 1.680345 0.669701 -0.023363 0.741886 0.023668
0.414007 0.190970 1.680260 0.669762 -0.023399 0.741829 0.023682
0.414138 0.190931 1.680177 0.669822 -0.023435 0.741773 0.023696
0.414282 0.190906 1.680087 0.669884 -0.023573 0.741717 0.023565
0.414437 0.190888 1.679993 0.669945 -0.023722 0.741662 0.023407
0.414597 0.190876 1.679895 0.670006 -0.023869 0.741608 0.023243
0.414761 0.190866 1.679794 0.670066 -0.024012 0.741554 0.023078
0.414927 0.190859 1.679690 0.670126 -0.024151 0.741500 0.022916
0.415093 0.190852 1.679583 0.670187 -0.024285 0.741446 0.022758
0.415260 0.190846 1.679474 0.670248 -0.024415 0.741391 0.022606
0.415426 0.190839 1.679363 0.670310 -0.024540 0.741335 0.022459
0.415590 0.190833 1.679250 0.670373 -0.024660 0.741278 0.022320
0.415753 0.190826 1.679136 0.670437 -0.024776 0.741221 0.022186
0.415914 0.190818 1.679021 0.670501 -0.024888 0.741162 0.022060
0.416074 0.190810 1.678905 0.670567 -0.024996 0.741104 0.021939
0.416231 0.190801 1.678789 0.670632 -0.025100 0.741044 0.021824
0.416386 0.190792 1.678672 0.670698 -0.025200 0.740984 0.021715
0.416539 0.190783 1.678555 0.670765 -0.025297 0.740924 0.021612
0.416690 0.190773 1.678439 0.670831 -0.025391 0.740863 0.021513
0.416838 0.190762 1.678322 0.670897 -0.025481 0.740803 0.021419
0.416985 0.190752 1.678207 0.670964 -0.025568 0.740742 0.021330
0.417129 0.190740 1.678092 0.671030 -0.025653 0.740682 0.021244
0.417270 0.190729 1.677978 0.671096 -0.025735 0.740621 0.021163
0.417410 0.190718 1.677865 0.671162 -0.025814 0.740561 0.021085
0.417547 0.190706 1.677752 0.671227 -0.025891 0.740502 0.021011
0.417681 0.190694 1.677641 0.671292 -0.025965 0.740442 0.020940
0.417814 0.190683 1.677532 0.671356 -0.026037 0.740384 0.020872
0.417944 0.190671 1.677423 0.671419 -0.026107 0.740326 0.020806
0.418072 0.190659 1.677316 0.671482 -0.026174 0.740268 0.020744
0.418198 0.190647 1.677210 0.671544 -0.026240 0.740211 0.020683
0.418321 0.190635 1.677106 0.671605 -0.026304 0.740155 0.020625
0.418443 0.190624 1.677003 0.671666 -0.026365 0.740099 0.020570
0.418562 0.190612 1.676902 0.671726 -0.026425 0.740044 0.020516
0.418679 0.190600 1.676802 0.671785 -0.026483 0.739990 0.020464
0.418794 0.190589 1.676704 0.671843 -0.026540 0.739937 0.020415
0.418900 0.190611 1.676620 0.671886 -0.026585 0.739899 0.020305
0.418996 0.190661 1.676549 0.671917 -0.026615 0.739874 0.020155
0.419084 0.190732 1.676487 0.671939 -0.026630 0.739858 0.019976
0.419163 0.190821 1.676433 0.671956 -0.026632 0.739848 0.019777
0.419237 0.190923 1.676385 0.671967 -0.026625 0.739844 0.019564
0.419304 0.191035 1.676341 0.671975 -0.026609 0.739843 0.019342
0.419367 0.191154 1.676301 0.671980 -0.026588 0.739845 0.019117
0.419426 0.191276 1.676264 0.671984 -0.026563 0.739848 0.018890
0.419490 0.191424 1.676211 0.672015 -0.026701 0.739827 0.018428
0.419559 0.191578 1.676153 0.672052 -0.026861 0.739799 0.017936
0.419633 0.191732 1.676093 0.672091 -0.027022 0.739769 0.017451
0.419709 0.191884 1.676031 0.672132 -0.027181 0.739737 0.016980
0.419787 0.192032 1.675967 0.672174 -0.027340 0.739703 0.016525
0.419867 0.192176 1.675901 0.672217 -0.027497 0.739669 0.016087
0.419949 0.192313 1.675834 0.672260 -0.027652 0.739633 0.015668
0.420032 0.192445 1.675766 0.672303 -0.027806 0.739596 0.015267
0.420115 0.192572 1.675698 0.672346 -0.027959 0.739559 0.014883
0.420201 0.192682 1.675618 0.672403 -0.028106 0.739509 0.014543
0.420291 0.192777 1.675530 0.672470 -0.028250 0.739448 0.014241
0.420382 0.192859 1.675436 0.672543 -0.028393 0.739381 0.013969
0.420477 0.192928 1.675336 0.672622 -0.028536 0.739309 0.013725
0.420573 0.192986 1.675232 0.672704 -0.028680 0.739233 0.013503
0.420667 0.193047 1.675138 0.672771 -0.028829 0.739170 0.013269
0.420758 0.193112 1.675051 0.672828 -0.028978 0.739117 0.013023
0.420847 0.193182 1.674971 0.672877 -0.029125 0.739070 0.012769
0.420934 0.193255 1.674896 0.672920 -0.029270 0.739030 0.012511
0.421017 0.193330 1.674825 0.672959 -0.029412 0.738993 0.012250
0.421099 0.193407 1.674757 0.672995 -0.029550 0.738959 0.011990
0.421178 0.193485 1.674693 0.673028 -0.029683 0.738928 0.011731
0.421256 0.193563 1.674630 0.673060 -0.029814 0.738898 0.011476
0.421332 0.193641 1.674570 0.673090 -0.029940 0.738869 0.011224
0.421406 0.193718 1.674511 0.673120 -0.030062 0.738840 0.010978
0.421477 0.193768 1.674456 0.673144 -0.030189 0.738816 0.010781
0.421545 0.193797 1.674407 0.673163 -0.030324 0.738796 0.010619
0.421610 0.193810 1.674363 0.673177 -0.030465 0.738779 0.010478
0.421672 0.193813 1.674327 0.673188 -0.030611 0.738765 0.010351
0.421731 0.193806 1.674295 0.673195 -0.030762 0.738754 0.010233
0.421789 0.193793 1.674267 0.673201 -0.030917 0.738744 0.010119
0.421847 0.193777 1.674243 0.673206 -0.031075 0.738734 0.010008
0.421904 0.193757 1.674221 0.673209 -0.031235 0.738726 0.009897
0.421961 0.193735 1.674201 0.673213 -0.031396 0.738717 0.009787
0.422018 0.193712 1.674181 0.673217 -0.031556 0.738708 0.009675
0.422076 0.193689 1.674162 0.673221 -0.031716 0.738699 0.009563
0.422134 0.193666 1.674143 0.673226 -0.031874 0.738689 0.009450
0.422192 0.193643 1.674124 0.673233 -0.032030 0.738678 0.009336
0.422251 0.193622 1.674104 0.673240 -0.032182 0.738666 0.009222
0.422311 0.193602 1.674083 0.673248 -0.032331 0.738653 0.009108
0.422370 0.193583 1.674061 0.673258 -0.032475 0.738640 0.008995
0.422443 0.193550 1.674060 0.673267 -0.032788 0.738621 0.008732
0.422527 0.193519 1.674065 0.673281 -0.033143 0.738596 0.008413
0.422619 0.193494 1.674071 0.673301 -0.033508 0.738565 0.008068
0.422717 0.193475 1.674075 0.673326 -0.033871 0.738529 0.007708
0.422822 0.193471 1.674072 0.673365 -0.034219 0.738481 0.007334
0.422937 0.193461 1.674049 0.673435 -0.034539 0.738406 0.007006
0.423058 0.193443 1.674011 0.673523 -0.034839 0.738314 0.006714
0.423183 0.193417 1.673963 0.673623 -0.035127 0.738211 0.006451
0.423311 0.193383 1.673907 0.673732 -0.035408 0.738101 0.006213
0.423441 0.193341 1.673844 0.673846 -0.035682 0.737986 0.005996
0.423569 0.193308 1.673786 0.673948 -0.035952 0.737881 0.005765
0.423693 0.193283 1.673733 0.674040 -0.036217 0.737786 0.005519
0.423814 0.193266 1.673685 0.674124 -0.036476 0.737698 0.005262
0.423932 0.193256 1.673639 0.674202 -0.036728 0.737617 0.004997
0.424046 0.193252 1.673596 0.674275 -0.036972 0.737539 0.004728
0.424157 0.193253 1.673554 0.674344 -0.037209 0.737465 0.004457
0.424266 0.193258 1.673514 0.674411 -0.037438 0.737394 0.004187
0.424371 0.193265 1.673476 0.674476 -0.037659 0.737325 0.003920
0.424479 0.193261 1.673426 0.674557 -0.037866 0.737241 0.003695
0.424587 0.193246 1.673368 0.674650 -0.038064 0.737148 0.003503
0.424696 0.193221 1.673304 0.674749 -0.038258 0.737047 0.003337
0.424802 0.193202 1.673248 0.674836 -0.038451 0.736958 0.003159
0.424905 0.193189 1.673197 0.674913 -0.038643 0.736878 0.002968
0.425004 0.193182 1.673152 0.674983 -0.038832 0.736806 0.002766
0.425100 0.193181 1.673110 0.675046 -0.039017 0.736739 0.002557
0.425193 0.193184 1.673072 0.675104 -0.039197 0.736676 0.002345
0.425284 0.193191 1.673037 0.675159 -0.039373 0.736618 0.002130
0.425372 0.193201 1.673003 0.675211 -0.039543 0.736561 0.001916
0.425454 0.193204 1.672975 0.675257 -0.039713 0.736510 0.001717
0.425533 0.193200 1.672951 0.675299 -0.039884 0.736463 0.001530
0.425609 0.193191 1.672930 0.675337 -0.040056 0.736420 0.001352
0.425683 0.193177 1.672913 0.675371 -0.040229 0.736379 0.001181
0.425754 0.193161 1.672899 0.675403 -0.040401 0.736341 0.001018
0.425824 0.193142 1.672887 0.675431 -0.040572 0.736305 0.000860
0.425892 0.193121 1.672877 0.675459 -0.040742 0.736271 0.000707
0.425959 0.193099 1.672869 0.675484 -0.040909 0.736239 0.000559
0.426025 0.193076 1.672861 0.675509 -0.041075 0.736207 0.000416
0.426090 0.193052 1.672855 0.675532 -0.041238 0.736177 0.000275
0.426156 0.193029 1.672849 0.675554 -0.041398 0.736147 0.000136
0.426221 0.193006 1.672844 0.675575 -0.041556 0.736119 0.000000
0.426300 0.192972 1.672868 0.675589 -0.041975 0.736083 -0.000374
0.426391 0.192940 1.672901 0.675601 -0.042448 0.736044 -0.000810
0.426492 0.192914 1.672937 0.675614 -0.042930 0.736004 -0.001267
0.426609 0.192888 1.672952 0.675669 -0.043399 0.735925 -0.001706
0.426736 0.192858 1.672953 0.675747 -0.043843 0.735825 -0.002109
0.426871 0.192822 1.672945 0.675839 -0.044272 0.735714 -0.002483
0.427006 0.192794 1.672939 0.675926 -0.044690 0.735608 -0.002862
0.427141 0.192773 1.672936 0.676006 -0.045099 0.735508 -0.003247
0.427274 0.192759 1.672936 0.676080 -0.045497 0.735413 -0.003637
0.427404 0.192751 1.672938 0.676149 -0.045885 0.735323 -0.004028
0.427532 0.192748 1.672941 0.676215 -0.046262 0.735237 -0.004418
0.427661 0.192733 1.672936 0.676292 -0.046629 0.735141 -0.004770
0.427792 0.192707 1.672925 0.676376 -0.046987 0.735039 -0.005091
0.427920 0.192686 1.672918 0.676452 -0.047337 0.734944 -0.005414
0.428044 0.192670 1.672914 0.676521 -0.047680 0.734856 -0.005742
0.428165 0.192660 1.672913 0.676583 -0.048015 0.734774 -0.006074
0.428282 0.192655 1.672914 0.676640 -0.048341 0.734697 -0.006408
0.428396 0.192654 1.672918 0.676694 -0.048658 0.734624 -0.006741
0.428507 0.192657 1.672924 0.676744 -0.048966 0.734554 -0.007073
0.428616 0.192662 1.672930 0.676791 -0.049266 0.734487 -0.007400
0.428722 0.192670 1.672938 0.676837 -0.049557 0.734422 -0.007723
0.428825 0.192679 1.672946 0.676881 -0.049840 0.734359 -0.008040
0.428926 0.192689 1.672955 0.676923 -0.050116 0.734298 -0.008350
0.429029 0.192687 1.672955 0.676979 -0.050382 0.734226 -0.008623
0.429133 0.192672 1.672949 0.677042 -0.050642 0.734147 -0.008865
0.429233 0.192653 1.672946 0.677097 -0.050904 0.734075 -0.009098
0.429329 0.192630 1.672946 0.677144 -0.051164 0.734010 -0.009327
0.429422 0.192607 1.672949 0.677185 -0.051423 0.733951 -0.009553
0.429512 0.192584 1.672954 0.677222 -0.051678 0.733897 -0.009776
0.429600 0.192561 1.672961 0.677254 -0.051928 0.733846 -0.009996
0.429686 0.192539 1.672970 0.677284 -0.052174 0.733799 -0.010214
0.429769 0.192518 1.672980 0.677310 -0.052415 0.733754 -0.010429
0.429851 0.192498 1.672992 0.677335 -0.052650 0.733711 -0.010641
0.429931 0.192478 1.673004 0.677358 -0.052881 0.733670 -0.010850
0.430010 0.192460 1.673018 0.677380 -0.053107 0.733630 -0.011055
0.430088 0.192442 1.673031 0.677401 -0.053327 0.733592 -0.011256
0.430164 0.192424 1.673046 0.677421 -0.053542 0.733555 -0.011454
0.430239 0.192407 1.673061 0.677440 -0.053753 0.733519 -0.011647
0.430312 0.192390 1.673076 0.677459 -0.053958 0.733483 -0.011835
0.430385 0.192374 1.673091 0.677477 -0.054159 0.733448 -0.012020
0.430455 0.192354 1.673130 0.677506 -0.054691 0.733375 -0.012514
0.430521 0.192374 1.673157 0.677562 -0.055321 0.733264 -0.013198
0.430586 0.192409 1.673186 0.677629 -0.055968 0.733138 -0.013926
0.430666 0.192411 1.673201 0.677713 -0.056660 0.732997 -0.014525
0.430754 0.192387 1.673209 0.677805 -0.057379 0.732845 -0.015049
0.430845 0.192347 1.673207 0.677915 -0.058095 0.732676 -0.015533
0.430937 0.192294 1.673199 0.678035 -0.058815 0.732499 -0.015993
0.431023 0.192245 1.673203 0.678137 -0.059544 0.732333 -0.016501
0.431103 0.192205 1.673215 0.678230 -0.060273 0.732175 -0.017064
0.431171 0.192168 1.673234 0.678315 -0.060993 0.732022 -0.017666
0.431230 0.192136 1.673258 0.678396 -0.061693 0.731873 -0.018288
0.431278 0.192109 1.673287 0.678473 -0.062369 0.731728 -0.018923
0.431319 0.192089 1.673318 0.678548 -0.063022 0.731586 -0.019565
0.431352 0.192074 1.673353 0.678620 -0.063652 0.731447 -0.020210
0.431378 0.192065 1.673390 0.678691 -0.064259 0.731310 -0.020854
0.431399 0.192062 1.673429 0.678760 -0.064844 0.731176 -0.021495
0.431416 0.192065 1.673469 0.678827 -0.065409 0.731044 -0.022132
0.431429 0.192073 1.673511 0.678893 -0.065954 0.730915 -0.022761
0.431438 0.192086 1.673553 0.678958 -0.066480 0.730787 -0.023383
0.431446 0.192096 1.673594 0.679018 -0.067006 0.730664 -0.023991
0.431450 0.192104 1.673632 0.679074 -0.067526 0.730544 -0.024583
0.431453 0.192111 1.673669 0.679126 -0.068039 0.730428 -0.025156
0.431456 0.192118 1.673705 0.679175 -0.068542 0.730317 -0.025713
0.431457 0.192124 1.673741 0.679221 -0.069034 0.730208 -0.026252
0.431458 0.192130 1.673776 0.679264 -0.069517 0.730103 -0.026776
0.431459 0.192137 1.673812 0.679306 -0.069989 0.730001 -0.027286
0.431459 0.192143 1.673847 0.679345 -0.070450 0.729901 -0.027781
0.431458 0.192151 1.673882 0.679382 -0.070901 0.729804 -0.028263
0.431458 0.192159 1.673918 0.679418 -0.071340 0.729710 -0.028732
0.431457 0.192167 1.673953 0.679453 -0.071768 0.729617 -0.029189
0.431457 0.192177 1.673988 0.679487 -0.072186 0.729527 -0.029634
0.431456 0.192188 1.674023 0.679519 -0.072593 0.729438 -0.030069
0.431455 0.192200 1.674058 0.679551 -0.072989 0.729351 -0.030492
0.431454 0.192212 1.674093 0.679582 -0.073374 0.729266 -0.030905
0.431454 0.192226 1.674128 0.679613 -0.073750 0.729182 -0.031309
0.431453 0.192240 1.674163 0.679643 -0.074115 0.729100 -0.031703
0.431453 0.192256 1.674197 0.679673 -0.074471 0.729020 -0.032087
0.431453 0.192272 1.674231 0.679702 -0.074817 0.728940 -0.032463
0.431452 0.192289 1.674265 0.679730 -0.075153 0.728863 -0.032830
0.431452 0.192307 1.674298 0.679759 -0.075481 0.728786 -0.033189
0.431444 0.192327 1.674373 0.679779 -0.075996 0.728691 -0.033687
0.431433 0.192359 1.674459 0.679804 -0.076549 0.728586 -0.034194
0.431421 0.192399 1.674548 0.679835 -0.077106 0.728476 -0.034680
0.431410 0.192445 1.674636 0.679871 -0.077661 0.728360 -0.035142
0.431401 0.192494 1.674722 0.679913 -0.078214 0.728241 -0.035583
0.431392 0.192545 1.674806 0.679958 -0.078767 0.728118 -0.036008
0.431386 0.192597 1.674887 0.680006 -0.079320 0.727993 -0.036420
0.431381 0.192648 1.674965 0.680056 -0.079875 0.727866 -0.036824
0.431378 0.192697 1.675040 0.680106 -0.080432 0.727737 -0.037222
0.431376 0.192746 1.675113 0.680157 -0.080991 0.727607 -0.037619
0.431376 0.192792 1.675183 0.680208 -0.081553 0.727476 -0.038016
0.431377 0.192837 1.675251 0.680258 -0.082117 0.727344 -0.038416
0.431379 0.192880 1.675317 0.680308 -0.082684 0.727212 -0.038819
0.431381 0.192921 1.675381 0.680377 -0.083207 0.727067 -0.039193
0.431382 0.192958 1.675443 0.680459 -0.083715 0.726913 -0.039564
0.431385 0.192993 1.675504 0.680548 -0.084215 0.726751 -0.039940
0.431387 0.193026 1.675562 0.680641 -0.084712 0.726585 -0.040324
0.431390 0.193061 1.675619 0.680727 -0.085229 0.726421 -0.040742
0.431393 0.193098 1.675674 0.680806 -0.085757 0.726259 -0.041180
0.431397 0.193137 1.675727 0.680880 -0.086290 0.726101 -0.041635
0.431401 0.193178 1.675778 0.680949 -0.086828 0.725946 -0.042103
0.431404 0.193216 1.675827 0.681009 -0.087383 0.725795 -0.042581
0.431408 0.193252 1.675872 0.681062 -0.087950 0.725648 -0.043064
0.431411 0.193286 1.675915 0.681109 -0.088525 0.725505 -0.043551
0.431415 0.193318 1.675957 0.681150 -0.089107 0.725365 -0.044043
0.431418 0.193348 1.675998 0.681186 -0.089694 0.725229 -0.044538
0.431422 0.193377 1.676037 0.681218 -0.090286 0.725095 -0.045038
0.431424 0.193404 1.676076 0.681246 -0.090882 0.724962 -0.045542
0.431426 0.193430 1.676114 0.681270 -0.091481 0.724832 -0.046052
0.431429 0.193455 1.676152 0.681291 -0.092082 0.724703 -0.046565
0.431431 0.193480 1.676188 0.681309 -0.092685 0.724576 -0.047082
0.431433 0.193504 1.676224 0.681325 -0.093282 0.724451 -0.047594
0.431436 0.193528 1.676258 0.681339 -0.093869 0.724328 -0.048101
0.431438 0.193552 1.676291 0.681352 -0.094447 0.724208 -0.048601
0.431440 0.193576 1.676323 0.681364 -0.095014 0.724090 -0.049093
0.431442 0.193600 1.676354 0.681374 -0.095572 0.723973 -0.049579
0.431444 0.193623 1.676385 0.681383 -0.096119 0.723859 -0.050057
0.431446 0.193646 1.676415 0.681391 -0.096656 0.723747 -0.050528
0.431448 0.193670 1.676444 0.681399 -0.097183 0.723637 -0.050993
0.431449 0.193692 1.676473 0.681406 -0.097699 0.723529 -0.051450
0.431440 0.193732 1.676535 0.681413 -0.098305 0.723404 -0.051947
0.431424 0.193786 1.676612 0.681427 -0.098936 0.723271 -0.052423
0.431405 0.193849 1.676696 0.681449 -0.099572 0.723131 -0.052862
0.431385 0.193918 1.676783 0.681476 -0.100209 0.722988 -0.053265
0.431365 0.193989 1.676872 0.681508 -0.100847 0.722842 -0.053636
0.431346 0.194054 1.676960 0.681553 -0.101466 0.722689 -0.053951
0.431329 0.194111 1.677048 0.681608 -0.102080 0.722530 -0.054233
0.431313 0.194162 1.677133 0.681668 -0.102693 0.722366 -0.054497
0.431300 0.194207 1.677217 0.681734 -0.103305 0.722198 -0.054749
0.431288 0.194249 1.677299 0.681817 -0.103886 0.722018 -0.054986
0.431278 0.194289 1.677380 0.681909 -0.104455 0.721830 -0.055226
0.431269 0.194327 1.677458 0.682008 -0.105019 0.721636 -0.055474
0.431262 0.194363 1.677534 0.682110 -0.105581 0.721438 -0.055733
0.431256 0.194397 1.677607 0.682213 -0.106142 0.721236 -0.056004
0.431251 0.194430 1.677677 0.682317 -0.106703 0.721033 -0.056288
0.431247 0.194461 1.677745 0.682421 -0.107266 0.720829 -0.056585
0.431243 0.194495 1.677810 0.682511 -0.107852 0.720630 -0.056917
0.431241 0.194531 1.677874 0.682591 -0.108449 0.720436 -0.057273
0.431238 0.194571 1.677935 0.682662 -0.109054 0.720248 -0.057647
0.431236 0.194612 1.677995 0.682725 -0.109664 0.720064 -0.058034
0.431235 0.194655 1.678053 0.682781 -0.110278 0.719885 -0.058433
0.431233 0.194700 1.678110 0.682830 -0.110895 0.719710 -0.058843
0.431232 0.194740 1.678164 0.682871 -0.111527 0.719539 -0.059258
0.431231 0.194778 1.678214 0.682905 -0.112169 0.719373 -0.059677
0.431230 0.194813 1.678262 0.682931 -0.112818 0.719212 -0.060097
0.431229 0.194845 1.678307 0.682952 -0.113473 0.719053 -0.060520
0.431228 0.194874 1.678351 0.682968 -0.114131 0.718898 -0.060946
0.431227 0.194902 1.678394 0.682979 -0.114793 0.718746 -0.061376
0.431227 0.194928 1.678436 0.682985 -0.115458 0.718596 -0.061810
0.431226 0.194952 1.678477 0.682988 -0.116125 0.718448 -0.062249
0.431225 0.194974 1.678517 0.682988 -0.116793 0.718301 -0.062694
0.431224 0.194995 1.678556 0.682985 -0.117462 0.718156 -0.063145
0.431223 0.195015 1.678595 0.682978 -0.118133 0.718011 -0.063602
0.431222 0.195034 1.678633 0.682969 -0.118803 0.717868 -0.064065
0.431221 0.195052 1.678671 0.682958 -0.119475 0.717725 -0.064534
0.431219 0.195069 1.678708 0.682945 -0.120146 0.717583 -0.065009
0.431217 0.195086 1.678744 0.682929 -0.120818 0.717442 -0.065490
0.431216 0.195102 1.678780 0.682911 -0.121489 0.717300 -0.065978
0.431214 0.195117 1.678815 0.682891 -0.122160 0.717160 -0.066472
0.431212 0.195132 1.678850 0.682870 -0.122831 0.717019 -0.066971
0.431195 0.195173 1.678901 0.682856 -0.123551 0.716862 -0.067463
0.431169 0.195230 1.678962 0.682850 -0.124291 0.716697 -0.067914
0.431138 0.195298 1.679027 0.682851 -0.125037 0.716529 -0.068313
0.431104 0.195371 1.679095 0.682857 -0.125784 0.716359 -0.068660
0.431070 0.195444 1.679162 0.682867 -0.126530 0.716189 -0.068960
0.431035 0.195508 1.679227 0.682890 -0.127260 0.716016 -0.069192
0.431002 0.195561 1.679289 0.682920 -0.127983 0.715840 -0.069382
0.430970 0.195605 1.679348 0.682955 -0.128705 0.715661 -0.069545
0.430940 0.195641 1.679405 0.682993 -0.129428 0.715480 -0.069692
0.430913 0.195668 1.679458 0.683033 -0.130151 0.715297 -0.069831
0.430887 0.195690 1.679508 0.683085 -0.130854 0.715107 -0.069962
0.430863 0.195708 1.679554 0.683143 -0.131549 0.714910 -0.070096
0.430841 0.195726 1.679600 0.683191 -0.132264 0.714716 -0.070265
0.430822 0.195745 1.679644 0.683231 -0.132988 0.714525 -0.070458
0.430805 0.195765 1.679686 0.683263 -0.133717 0.714337 -0.070670
0.430790 0.195785 1.679728 0.683289 -0.134449 0.714152 -0.070899
0.430776 0.195806 1.679768 0.683309 -0.135183 0.713970 -0.071142
0.430763 0.195827 1.679806 0.683323 -0.135918 0.713791 -0.071397
0.430750 0.195848 1.679844 0.683333 -0.136653 0.713614 -0.071666
0.430739 0.195868 1.679881 0.683339 -0.137388 0.713440 -0.071946
0.430728 0.195888 1.679916 0.683341 -0.138123 0.713267 -0.072237
0.430717 0.195908 1.679950 0.683338 -0.138858 0.713095 -0.072539
0.430707 0.195927 1.679984 0.683333 -0.139593 0.712926 -0.072852
0.430697 0.195945 1.680017 0.683324 -0.140326 0.712757 -0.073175
0.430687 0.195963 1.680048 0.683312 -0.141059 0.712590 -0.073507
0.430678 0.195979 1.680079 0.683297 -0.141792 0.712423 -0.073850
0.430668 0.195996 1.680109 0.683279 -0.142523 0.712258 -0.074202
0.430659 0.196011 1.680138 0.683258 -0.143254 0.712094 -0.074563
0.430650 0.196026 1.680166 0.683235 -0.143984 0.711930 -0.074933
0.430640 0.196040 1.680194 0.683209 -0.144712 0.711767 -0.075311
0.430631 0.196054 1.680221 0.683181 -0.145440 0.711605 -0.075698
0.430622 0.196067 1.680247 0.683150 -0.146166 0.711443 -0.076094
0.430613 0.196079 1.680272 0.683117 -0.146892 0.711282 -0.076497
0.430604 0.196087 1.680295 0.683081 -0.147622 0.711122 -0.076901
0.430595 0.196091 1.680316 0.683042 -0.148355 0.710963 -0.077307
0.430587 0.196092 1.680334 0.683001 -0.149090 0.710804 -0.077715
0.430578 0.196090 1.680351 0.682956 -0.149825 0.710647 -0.078126
0.430570 0.196085 1.680367 0.682910 -0.150561 0.710491 -0.078541
0.430562 0.196078 1.680381 0.682861 -0.151297 0.710335 -0.078961
0.430553 0.196070 1.680395 0.682810 -0.152033 0.710179 -0.079385
0.430534 0.196086 1.680435 0.682772 -0.152801 0.710004 -0.079806
0.430509 0.196117 1.680490 0.682744 -0.153581 0.709818 -0.080197
0.430481 0.196159 1.680553 0.682725 -0.154362 0.709627 -0.080552
0.430452 0.196205 1.680621 0.682712 -0.155140 0.709434 -0.080868
0.430424 0.196251 1.680691 0.682704 -0.155916 0.709239 -0.081153
0.430398 0.196295 1.680761 0.682697 -0.156689 0.709046 -0.081410
0.430376 0.196336 1.680831 0.682691 -0.157460 0.708853 -0.081648
0.430356 0.196372 1.680901 0.682686 -0.158230 0.708661 -0.081874
0.430338 0.196402 1.680969 0.682679 -0.159001 0.708469 -0.082093
0.430322 0.196418 1.681034 0.682682 -0.159755 0.708276 -0.082277
0.430309 0.196430 1.681098 0.682681 -0.160516 0.708080 -0.082478
0.430297 0.196440 1.681160 0.682679 -0.161282 0.707884 -0.082695
0.430286 0.196447 1.681221 0.682673 -0.162049 0.707687 -0.082926
0.430276 0.196452 1.681281 0.682666 -0.162816 0.707489 -0.083172
0.430266 0.196456 1.681338 0.682656 -0.163582 0.707291 -0.083433
0.430257 0.196460 1.681395 0.682647 -0.164340 0.707092 -0.083707
0.430247 0.196465 1.681452 0.682638 -0.165092 0.706891 -0.083997
0.430238 0.196470 1.681508 0.682628 -0.165840 0.706689 -0.084302
0.430229 0.196475 1.681564 0.682618 -0.166585 0.706485 -0.084623
0.430220 0.196481 1.681619 0.682606 -0.167326 0.706281 -0.084959
0.430211 0.196487 1.681673 0.682592 -0.168064 0.706077 -0.085309
0.430202 0.196494 1.681726 0.682577 -0.168800 0.705872 -0.085672
0.430192 0.196502 1.681778 0.682560 -0.169534 0.705667 -0.086048
0.430183 0.196510 1.681830 0.682541 -0.170265 0.705462 -0.086437
0.430174 0.196519 1.681880 0.682519 -0.170994 0.705257 -0.086836
0.430164 0.196529 1.681930 0.682495 -0.171722 0.705053 -0.087247
0.430155 0.196539 1.681979 0.682469 -0.172447 0.704849 -0.087667
0.430145 0.196549 1.682026 0.682440 -0.173171 0.704646 -0.088097
0.430136 0.196556 1.682071 0.682408 -0.173900 0.704444 -0.088531
0.430127 0.196561 1.682112 0.682372 -0.174632 0.704242 -0.088968
0.430117 0.196563 1.682151 0.682332 -0.175365 0.704043 -0.089408
0.430109 0.196564 1.682188 0.682290 -0.176099 0.703844 -0.089851
0.430100 0.196563 1.682222 0.682244 -0.176833 0.703647 -0.090299
0.430091 0.196561 1.682256 0.682196 -0.177566 0.703451 -0.090751
0.430083 0.196558 1.682288 0.682144 -0.178299 0.703257 -0.091208
0.430074 0.196554 1.682319 0.682091 -0.179031 0.703063 -0.091670
0.430066 0.196549 1.682350 0.682034 -0.179762 0.702869 -0.092138
0.430058 0.196544 1.682379 0.681976 -0.180492 0.702677 -0.092612
0.430049 0.196538 1.682408 0.681915 -0.181221 0.702484 -0.093092
0.430041 0.196532 1.682437 0.681852 -0.181949 0.702293 -0.093578
0.430019 0.196545 1.682478 0.681803 -0.182713 0.702077 -0.094063
0.429988 0.196570 1.682527 0.681765 -0.183492 0.701850 -0.094521
0.429952 0.196601 1.682580 0.681734 -0.184280 0.701616 -0.094946
0.429914 0.196632 1.682635 0.681708 -0.185071 0.701380 -0.095336
0.429875 0.196660 1.682689 0.681685 -0.185865 0.701143 -0.095696
0.429837 0.196683 1.682742 0.681664 -0.186664 0.700906 -0.096033
0.429800 0.196699 1.682794 0.681643 -0.187467 0.700667 -0.096354
0.429764 0.196709 1.682846 0.681622 -0.188276 0.700428 -0.096665
0.429729 0.196712 1.682897 0.681599 -0.189091 0.700188 -0.096972
0.429696 0.196708 1.682947 0.681575 -0.189912 0.699947 -0.097280
0.429665 0.196698 1.682998 0.681551 -0.190736 0.699703 -0.097593
0.429635 0.196683 1.683050 0.681525 -0.191562 0.699457 -0.097913
0.429605 0.196663 1.683102 0.681499 -0.192388 0.699210 -0.098240
0.429577 0.196640 1.683153 0.681472 -0.193213 0.698962 -0.098575
0.429550 0.196612 1.683205 0.681443 -0.194038 0.698713 -0.098919
0.429523 0.196581 1.683256 0.681413 -0.194861 0.698463 -0.099273
0.429498 0.196548 1.683307 0.681381 -0.195683 0.698213 -0.099635
0.429472 0.196512 1.683357 0.681347 -0.196504 0.697962 -0.100008
0.429448 0.196475 1.683406 0.681311 -0.197322 0.697711 -0.100390
0.429424 0.196437 1.683454 0.681273 -0.198139 0.697460 -0.100782
0.429400 0.196397 1.683501 0.681234 -0.198953 0.697209 -0.101183
0.429377 0.196357 1.683547 0.681192 -0.199765 0.696958 -0.101593
0.429354 0.196316 1.683592 0.681148 -0.200575 0.696707 -0.102011
0.429332 0.196275 1.683636 0.681101 -0.201383 0.696457 -0.102438
0.429310 0.196233 1.683679 0.681053 -0.202188 0.696207 -0.102874
0.429288 0.196191 1.683720 0.681002 -0.202992 0.695957 -0.103316
0.429267 0.196149 1.683761 0.680949 -0.203792 0.695708 -0.103767
0.429246 0.196108 1.683800 0.680894 -0.204591 0.695459 -0.104224
0.429226 0.196066 1.683837 0.680837 -0.205387 0.695211 -0.104688
0.429206 0.196024 1.683874 0.680777 -0.206181 0.694963 -0.105159
0.429186 0.195983 1.683909 0.680715 -0.206972 0.694716 -0.105635
0.429166 0.195942 1.683944 0.680651 -0.207762 0.694470 -0.106119
0.429147 0.195901 1.683977 0.680585 -0.208549 0.694224 -0.106607
0.429128 0.195860 1.684009 0.680516 -0.209333 0.693979 -0.107102
0.429110 0.195820 1.684039 0.680445 -0.210116 0.693734 -0.107601
0.429092 0.195779 1.684069 0.680373 -0.210896 0.693490 -0.108106
0.429073 0.195740 1.684098 0.680298 -0.211674 0.693247 -0.108616
0.429056 0.195700 1.684125 0.680221 -0.212450 0.693005 -0.109130
0.429038 0.195660 1.684152 0.680142 -0.213223 0.692763 -0.109650
0.429021 0.195621 1.684177 0.680061 -0.213995 0.692521 -0.110173
0.428991 0.195607 1.684209 0.680003 -0.214765 0.692262 -0.110656
0.428954 0.195607 1.684244 0.679960 -0.215530 0.691998 -0.111089
0.428912 0.195614 1.684280 0.679925 -0.216291 0.691733 -0.111473
0.428869 0.195623 1.684314 0.679894 -0.217049 0.691470 -0.111817
0.428825 0.195630 1.684346 0.679865 -0.217808 0.691210 -0.112128
0.428781 0.195633 1.684377 0.679836 -0.218570 0.690951 -0.112416
0.428738 0.195629 1.684405 0.679806 -0.219336 0.690693 -0.112689
0.428695 0.195620 1.684432 0.679775 -0.220108 0.690435 -0.112954
0.428653 0.195604 1.684458 0.679741 -0.220888 0.690176 -0.113219
0.428604 0.195615 1.684483 0.679713 -0.221702 0.689873 -0.113637
0.428563 0.195587 1.684496 0.679670 -0.222565 0.689579 -0.113994
0.428528 0.195526 1.684500 0.679620 -0.223455 0.689289 -0.114303
0.428495 0.195459 1.684510 0.679557 -0.224364 0.688999 -0.114646
0.428465 0.195394 1.684527 0.679484 -0.225286 0.688706 -0.115031
0.428435 0.195333 1.684550 0.679404 -0.226217 0.688408 -0.115458
0.428405 0.195278 1.684580 0.679318 -0.227152 0.688107 -0.115924
0.428376 0.195229 1.684613 0.679227 -0.228087 0.687803 -0.116421
0.428346 0.195185 1.684651 0.679133 -0.229020 0.687497 -0.116944
0.428315 0.195148 1.684691 0.679035 -0.229949 0.687190 -0.117489
0.428284 0.195115 1.684732 0.678936 -0.230874 0.686882 -0.118052
0.428253 0.195086 1.684775 0.678833 -0.231794 0.686574 -0.118630
0.428221 0.195061 1.684818 0.678729 -0.232708 0.686265 -0.119221
0.428188 0.195039 1.684862 0.678623 -0.233618 0.685956 -0.119822
0.428155 0.195019 1.684904 0.678516 -0.234523 0.685647 -0.120431
0.428122 0.195000 1.684946 0.678406 -0.235424 0.685338 -0.121047
0.428088 0.194982 1.684987 0.678295 -0.236320 0.685029 -0.121670
0.428054 0.194966 1.685027 0.678183 -0.237213 0.684720 -0.122297
0.428021 0.194949 1.685065 0.678069 -0.238102 0.684411 -0.122929
0.427987 0.194932 1.685103 0.677953 -0.238987 0.684103 -0.123565
0.427953 0.194916 1.685139 0.677835 -0.239869 0.683795 -0.124204
0.427920 0.194898 1.685173 0.677716 -0.240748 0.683487 -0.124847
0.427887 0.194881 1.685207 0.677595 -0.241624 0.683180 -0.125493
0.427854 0.194862 1.685239 0.677472 -0.242498 0.682872 -0.126142
0.427821 0.194844 1.685269 0.677347 -0.243369 0.682566 -0.126794
0.427790 0.194819 1.685296 0.677220 -0.244235 0.682264 -0.127427
0.427761 0.194790 1.685320 0.677091 -0.245097 0.681968 -0.128045
0.427734 0.194757 1.685342 0.676959 -0.245955 0.681675 -0.128654
0.427707 0.194721 1.685363 0.676825 -0.246809 0.681386 -0.129257
0.427681 0.194683 1.685381 0.676688 -0.247659 0.681099 -0.129855
0.427656 0.194643 1.685399 0.676550 -0.248506 0.680814 -0.130452
0.427628 0.194624 1.685408 0.676411 -0.249409 0.680501 -0.131077
0.427597 0.194617 1.685410 0.676276 -0.250338 0.680173 -0.131703
0.427563 0.194616 1.685407 0.676144 -0.251281 0.679838 -0.132318
0.427528 0.194617 1.685400 0.676014 -0.252230 0.679498 -0.132919
0.427491 0.194618 1.685389 0.675883 -0.253184 0.679158 -0.133507
0.427454 0.194616 1.685374 0.675752 -0.254142 0.678817 -0.134082
0.427412 0.194629 1.685357 0.675624 -0.255115 0.678453 -0.134719
0.427370 0.194646 1.685338 0.675495 -0.256096 0.678082 -0.135376
0.427328 0.194663 1.685318 0.675362 -0.257084 0.677707 -0.136040
0.427286 0.194677 1.685298 0.675224 -0.258078 0.677333 -0.136707
0.427245 0.194688 1.685277 0.675081 -0.259078 0.676958 -0.137375
0.427205 0.194695 1.685257 0.674934 -0.260083 0.676582 -0.138045
0.427166 0.194698 1.685238 0.674783 -0.261094 0.676206 -0.138719
0.427128 0.194698 1.685220 0.674627 -0.262109 0.675829 -0.139399
0.427091 0.194696 1.685204 0.674468 -0.263129 0.675450 -0.140087
0.427055 0.194691 1.685190 0.674304 -0.264153 0.675069 -0.140782
0.427020 0.194684 1.685177 0.674137 -0.265180 0.674685 -0.141486
0.426986 0.194676 1.685167 0.673967 -0.266211 0.674299 -0.142200
0.426953 0.194667 1.685158 0.673794 -0.267245 0.673910 -0.142925
0.426920 0.194657 1.685152 0.673618 -0.268282 0.673517 -0.143661
0.426888 0.194647 1.685148 0.673439 -0.269320 0.673122 -0.144407
0.426857 0.194637 1.685147 0.673258 -0.270360 0.672723 -0.145165
0.426826 0.194627 1.685148 0.673075 -0.271403 0.672320 -0.145934
0.426796 0.194618 1.685152 0.672889 -0.272447 0.671914 -0.146714
0.426766 0.194608 1.685158 0.672701 -0.273492 0.671505 -0.147505
0.426737 0.194600 1.685166 0.672510 -0.274538 0.671092 -0.148307
0.426707 0.194591 1.685177 0.672318 -0.275585 0.670675 -0.149120
0.426679 0.194583 1.685190 0.672123 -0.276634 0.670255 -0.149943
0.426650 0.194576 1.685206 0.671926 -0.277683 0.669831 -0.150775
0.426622 0.194569 1.685224 0.671727 -0.278733 0.669404 -0.151618
0.426594 0.194563 1.685244 0.671527 -0.279785 0.668974 -0.152470
0.426566 0.194557 1.685267 0.671324 -0.280836 0.668540 -0.153330
0.426538 0.194551 1.685291 0.671120 -0.281886 0.668103 -0.154197
0.426511 0.194540 1.685316 0.670912 -0.282929 0.667675 -0.155043
0.426486 0.194523 1.685341 0.670702 -0.283963 0.667254 -0.155871
0.426462 0.194501 1.685367 0.670491 -0.284990 0.666838 -0.156685
0.426438 0.194477 1.685393 0.670277 -0.286008 0.666427 -0.157487
0.426416 0.194450 1.685419 0.670062 -0.287018 0.666021 -0.158281
0.426394 0.194422 1.685445 0.669846 -0.288019 0.665619 -0.159067
0.426372 0.194393 1.685471 0.669629 -0.289012 0.665220 -0.159848
0.426341 0.194368 1.685479 0.669344 -0.290152 0.664789 -0.160765
0.426298 0.194367 1.685476 0.669039 -0.291369 0.664307 -0.161824
0.426246 0.194384 1.685465 0.668729 -0.292620 0.663792 -0.162959
0.426191 0.194399 1.685449 0.668412 -0.293877 0.663280 -0.164078
0.426134 0.194413 1.685430 0.668093 -0.295132 0.662771 -0.165178
0.426075 0.194426 1.685407 0.667772 -0.296380 0.662267 -0.166258
0.426015 0.194438 1.685383 0.667451 -0.297622 0.661766 -0.167319
0.425955 0.194448 1.685358 0.667130 -0.298855 0.661270 -0.168363
0.425895 0.194457 1.685332 0.666808 -0.300081 0.660776 -0.169390
0.425830 0.194494 1.685306 0.666495 -0.301318 0.660239 -0.170519
0.425762 0.194543 1.685280 0.666184 -0.302556 0.659685 -0.171681
0.425696 0.194584 1.685254 0.665866 -0.303786 0.659149 -0.172798
0.425633 0.194616 1.685228 0.665544 -0.305010 0.658624 -0.173879
0.425571 0.194640 1.685202 0.665219 -0.306227 0.658109 -0.174933
0.425512 0.194659 1.685177 0.664891 -0.307440 0.657600 -0.175964
0.425454 0.194672 1.685153 0.664561 -0.308647 0.657096 -0.176978
0.425392 0.194707 1.685131 0.664237 -0.309865 0.656552 -0.178082
0.425333 0.194733 1.685111 0.663908 -0.311076 0.656021 -0.179150
0.425276 0.194752 1.685091 0.663575 -0.312281 0.655499 -0.180191
0.425217 0.194787 1.685074 0.663247 -0.313494 0.654946 -0.181301
0.425160 0.194813 1.685059 0.662914 -0.314701 0.654406 -0.182374
0.425106 0.194831 1.685044 0.662578 -0.315901 0.653876 -0.183420
0.425049 0.194863 1.685033 0.662246 -0.317108 0.653317 -0.184527
0.424995 0.194886 1.685023 0.661908 -0.318309 0.652771 -0.185599
0.424943 0.194901 1.685014 0.661568 -0.319503 0.652234 -0.186644
0.424889 0.194929 1.685008 0.661231 -0.320704 0.651669 -0.187748
0.424838 0.194948 1.685004 0.660890 -0.321898 0.651117 -0.188818
0.424790 0.194960 1.685002 0.660546 -0.323086 0.650574 -0.189862
0.424743 0.194966 1.685001 0.660202 -0.324267 0.650036 -0.190887
0.424693 0.194988 1.685004 0.659860 -0.325456 0.649466 -0.191984
0.424643 0.195017 1.685010 0.659516 -0.326649 0.648882 -0.193108
0.424595 0.195038 1.685018 0.659169 -0.327833 0.648313 -0.194195
0.424550 0.195050 1.685027 0.658820 -0.329010 0.647753 -0.195254
0.424507 0.195056 1.685037 0.658470 -0.330181 0.647201 -0.196290
0.424466 0.195056 1.685048 0.658118 -0.331345 0.646653 -0.197307
0.424428 0.195051 1.685060 0.657767 -0.332504 0.646109 -0.198310
0.424391 0.195045 1.685076 0.657414 -0.333660 0.645562 -0.199317
0.424356 0.195038 1.685094 0.657061 -0.334814 0.645010 -0.200328
0.424322 0.195030 1.685114 0.656708 -0.335967 0.644454 -0.201344
0.424288 0.195022 1.685136 0.656356 -0.337116 0.643894 -0.202363
0.424243 0.195003 1.685138 0.655882 -0.338485 0.643268 -0.203601
0.424188 0.194980 1.685125 0.655361 -0.339950 0.642598 -0.204950
0.424118 0.194985 1.685109 0.654822 -0.341473 0.641856 -0.206461
0.424044 0.194988 1.685086 0.654276 -0.343001 0.641112 -0.207964
0.423969 0.194990 1.685059 0.653732 -0.344521 0.640367 -0.209451
0.423892 0.194993 1.685028 0.653191 -0.346030 0.639624 -0.210919
0.423807 0.195022 1.684997 0.652658 -0.347538 0.638838 -0.212463
0.423723 0.195046 1.684963 0.652126 -0.349030 0.638068 -0.213961
0.423641 0.195068 1.684928 0.651596 -0.350506 0.637308 -0.215422
0.423559 0.195085 1.684892 0.651068 -0.351968 0.636557 -0.216851
0.423478 0.195100 1.684854 0.650543 -0.353418 0.635811 -0.218254
0.423399 0.195112 1.684816 0.650020 -0.354856 0.635068 -0.219635
0.423321 0.195122 1.684778 0.649500 -0.356285 0.634328 -0.220998
0.423236 0.195155 1.684742 0.648985 -0.357715 0.633546 -0.222435
0.423150 0.195200 1.684706 0.648472 -0.359143 0.632749 -0.223893
0.423066 0.195236 1.684670 0.647955 -0.360560 0.631973 -0.225303
0.422985 0.195265 1.684634 0.647436 -0.361966 0.631210 -0.226673
0.422907 0.195287 1.684598 0.646915 -0.363364 0.630458 -0.228013
0.422831 0.195304 1.684563 0.646394 -0.364754 0.629712 -0.229329
0.422757 0.195316 1.684529 0.645873 -0.366136 0.628971 -0.230625
0.422680 0.195347 1.684505 0.645350 -0.367519 0.628200 -0.231988
0.422607 0.195374 1.684488 0.644821 -0.368891 0.627443 -0.233325
0.422537 0.195399 1.684478 0.644289 -0.370251 0.626698 -0.234641
0.422470 0.195420 1.684475 0.643755 -0.371598 0.625960 -0.235941
0.422405 0.195441 1.684477 0.643222 -0.372934 0.625227 -0.237229
0.422341 0.195461 1.684487 0.642689 -0.374257 0.624498 -0.238507
0.422280 0.195480 1.684502 0.642157 -0.375569 0.623770 -0.239777
0.422220 0.195500 1.684523 0.641627 -0.376869 0.623044 -0.241041
0.422162 0.195521 1.684550 0.641099 -0.378157 0.622318 -0.242300
0.422105 0.195543 1.684581 0.640573 -0.379434 0.621593 -0.243554
0.422049 0.195566 1.684618 0.640049 -0.380700 0.620867 -0.244804
0.421993 0.195590 1.684659 0.639527 -0.381954 0.620141 -0.246049
0.421939 0.195617 1.684704 0.639008 -0.383199 0.619415 -0.247290
0.421885 0.195644 1.684753 0.638492 -0.384433 0.618688 -0.248526
0.421833 0.195673 1.684806 0.637977 -0.385657 0.617960 -0.249758
0.421780 0.195703 1.684861 0.637465 -0.386873 0.617231 -0.250985
0.421729 0.195735 1.684919 0.636955 -0.388079 0.616502 -0.252207
0.421677 0.195767 1.684979 0.636447 -0.389277 0.615771 -0.253425
0.421626 0.195800 1.685041 0.635941 -0.390466 0.615041 -0.254636
0.421576 0.195834 1.685105 0.635439 -0.391643 0.614313 -0.255838
0.421521 0.195860 1.685150 0.634829 -0.392988 0.613515 -0.257202
0.421463 0.195882 1.685184 0.634172 -0.394407 0.612674 -0.258650
0.421402 0.195905 1.685215 0.633494 -0.395855 0.611811 -0.260140
0.421340 0.195931 1.685245 0.632805 -0.397309 0.610937 -0.261647
0.421278 0.195959 1.685277 0.632112 -0.398757 0.610061 -0.263159
0.421206 0.196032 1.685317 0.631419 -0.400212 0.609110 -0.264814
0.421136 0.196100 1.685357 0.630722 -0.401650 0.608185 -0.266418
0.421068 0.196163 1.685397 0.630026 -0.403071 0.607280 -0.267979
0.421002 0.196222 1.685438 0.629331 -0.404475 0.606391 -0.269503
0.420939 0.196275 1.685480 0.628640 -0.405862 0.605517 -0.270994
0.420878 0.196325 1.685523 0.627952 -0.407233 0.604653 -0.272456
0.420819 0.196371 1.685567 0.627270 -0.408584 0.603801 -0.273889
0.420761 0.196414 1.685614 0.626596 -0.409916 0.602959 -0.275294
0.420705 0.196455 1.685662 0.625930 -0.411228 0.602126 -0.276673
0.420651 0.196495 1.685712 0.625272 -0.412520 0.601302 -0.278026
0.420598 0.196532 1.685764 0.624622 -0.413792 0.600486 -0.279356
0.420546 0.196569 1.685819 0.623981 -0.415046 0.599678 -0.280662
0.420495 0.196605 1.685875 0.623349 -0.416281 0.598876 -0.281947
0.420445 0.196640 1.685933 0.622724 -0.417498 0.598081 -0.283212
0.420397 0.196674 1.685992 0.622106 -0.418699 0.597293 -0.284457
0.420348 0.196709 1.686053 0.621496 -0.419884 0.596511 -0.285683
0.420301 0.196742 1.686116 0.620893 -0.421052 0.595735 -0.286890
0.420255 0.196776 1.686180 0.620296 -0.422205 0.594969 -0.288075
0.420210 0.196810 1.686244 0.619705 -0.423343 0.594213 -0.289236
0.420165 0.196843 1.686310 0.619121 -0.424463 0.593467 -0.290374
0.420122 0.196875 1.686376 0.618543 -0.425568 0.592732 -0.291488
0.420080 0.196906 1.686443 0.617972 -0.426656 0.592007 -0.292579
0.420039 0.196937 1.686512 0.617408 -0.427729 0.591292 -0.293648
0.419998 0.196966 1.686581 0.616851 -0.428785 0.590587 -0.294693
0.419959 0.196993 1.686651 0.616302 -0.429827 0.589892 -0.295717
0.419921 0.197020 1.686722 0.615759 -0.430853 0.589206 -0.296720
0.419883 0.197045 1.686794 0.615224 -0.431864 0.588529 -0.297701
0.419847 0.197069 1.686866 0.614697 -0.432860 0.587861 -0.298662
0.419811 0.197091 1.686940 0.614177 -0.433842 0.587202 -0.299603
0.419777 0.197112 1.687014 0.613664 -0.434810 0.586551 -0.300525
0.419744 0.197131 1.687089 0.613159 -0.435761 0.585910 -0.301426
0.419711 0.197148 1.687165 0.612663 -0.436695 0.585281 -0.302305
0.419679 0.197164 1.687241 0.612177 -0.437609 0.584663 -0.303162
0.419647 0.197178 1.687316 0.611700 -0.438504 0.584058 -0.303997
0.419617 0.197190 1.687391 0.611232 -0.439379 0.583465 -0.304810
0.419575 0.197228 1.687458 0.610657 -0.440426 0.582697 -0.305920
0.419532 0.197255 1.687510 0.610035 -0.441551 0.581879 -0.307095
0.419491 0.197276 1.687554 0.609389 -0.442710 0.581041 -0.308293
0.419451 0.197294 1.687594 0.608731 -0.443881 0.580200 -0.309491
0.419413 0.197309 1.687632 0.608069 -0.445050 0.579361 -0.310681
0.419377 0.197322 1.687669 0.607407 -0.446212 0.578530 -0.311856
0.419343 0.197334 1.687706 0.606747 -0.447364 0.577707 -0.313015
0.419311 0.197344 1.687745 0.606090 -0.448503 0.576893 -0.314158
0.419281 0.197355 1.687785 0.605436 -0.449628 0.576088 -0.315284
0.419252 0.197364 1.687826 0.604788 -0.450739 0.575291 -0.316395
0.419225 0.197374 1.687870 0.604145 -0.451836 0.574503 -0.317489
0.419199 0.197382 1.687915 0.603509 -0.452918 0.573723 -0.318567
0.419174 0.197391 1.687963 0.602881 -0.453980 0.572954 -0.319624
0.419150 0.197401 1.688013 0.602264 -0.455023 0.572197 -0.320660
0.419127 0.197410 1.688065 0.601658 -0.456046 0.571451 -0.321674
0.419105 0.197420 1.688120 0.601063 -0.457049 0.570717 -0.322665
0.419083 0.197430 1.688177 0.600479 -0.458032 0.569993 -0.323635
0.419062 0.197439 1.688236 0.599906 -0.458997 0.569280 -0.324583
0.419042 0.197449 1.688296 0.599345 -0.459944 0.568578 -0.325510
0.419022 0.197458 1.688358 0.598795 -0.460873 0.567885 -0.326416
0.419002 0.197467 1.688421 0.598255 -0.461786 0.567202 -0.327301
0.418983 0.197475 1.688486 0.597728 -0.462678 0.566532 -0.328164
0.418965 0.197482 1.688550 0.597214 -0.463550 0.565874 -0.329004
0.418946 0.197488 1.688615 0.596712 -0.464401 0.565230 -0.329821
0.418928 0.197493 1.688679 0.596223 -0.465231 0.564600 -0.330615
0.418910 0.197498 1.688743 0.595746 -0.466041 0.563982 -0.331387
0.418893 0.197501 1.688806 0.595281 -0.466831 0.563378 -0.332138
0.418875 0.197503 1.688869 0.594828 -0.467601 0.562785 -0.332869
0.418858 0.197504 1.688930 0.594386 -0.468353 0.562205 -0.333580
0.418840 0.197504 1.688991 0.593955 -0.469087 0.561637 -0.334272
0.418823 0.197503 1.689051 0.593535 -0.469804 0.561081 -0.334946
0.418806 0.197502 1.689110 0.593125 -0.470503 0.560535 -0.335603
0.418789 0.197499 1.689168 0.592725 -0.471186 0.560001 -0.336243
0.418772 0.197496 1.689224 0.592335 -0.471854 0.559477 -0.336866
0.418755 0.197492 1.689280 0.591955 -0.472505 0.558963 -0.337474
0.418738 0.197487 1.689335 0.591584 -0.473143 0.558459 -0.338066
0.418722 0.197481 1.689388 0.591221 -0.473765 0.557964 -0.338644
0.418705 0.197475 1.689440 0.590867 -0.474374 0.557479 -0.339208
0.418689 0.197468 1.689491 0.590522 -0.474970 0.557003 -0.339757
0.418672 0.197460 1.689541 0.590185 -0.475552 0.556536 -0.340294
0.418657 0.197438 1.689578 0.589729 -0.476318 0.555917 -0.341025
0.418645 0.197409 1.689611 0.589210 -0.477177 0.555219 -0.341858
0.418634 0.197377 1.689645 0.588657 -0.478080 0.554481 -0.342744
0.418626 0.197345 1.689680 0.588087 -0.479002 0.553724 -0.343658
0.418619 0.197313 1.689719 0.587509 -0.479927 0.552962 -0.344582
0.418609 0.197313 1.689779 0.586911 -0.480847 0.552155 -0.345610
0.418599 0.197308 1.689838 0.586322 -0.481753 0.551366 -0.346608
0.418591 0.197299 1.689896 0.585741 -0.482645 0.550591 -0.347578
0.418583 0.197285 1.689951 0.585168 -0.483524 0.549831 -0.348523
0.418576 0.197267 1.690005 0.584603 -0.484389 0.549085 -0.349448
0.418570 0.197246 1.690058 0.584045 -0.485239 0.548350 -0.350353
0.418564 0.197222 1.690110 0.583494 -0.486076 0.547627 -0.351240
0.418558 0.197196 1.690160 0.582950 -0.486899 0.546916 -0.352111
0.418553 0.197169 1.690210 0.582415 -0.487704 0.546217 -0.352964
0.418547 0.197141 1.690259 0.581891 -0.488491 0.545532 -0.353798
0.418542 0.197113 1.690309 0.581379 -0.489259 0.544862 -0.354612
0.418537 0.197084 1.690358 0.580878 -0.490008 0.544206 -0.355406
0.418532 0.197055 1.690407 0.580388 -0.490737 0.543564 -0.356180
0.418527 0.197027 1.690456 0.579911 -0.491448 0.542936 -0.356936
0.418522 0.196998 1.690505 0.579444 -0.492141 0.542321 -0.357673
0.418517 0.196970 1.690554 0.578989 -0.492816 0.541719 -0.358392
0.418512 0.196942 1.690602 0.578545 -0.493475 0.541129 -0.359093
0.418507 0.196914 1.690649 0.578111 -0.494117 0.540552 -0.359777
0.418502 0.196886 1.690696 0.577688 -0.494744 0.539986 -0.360445
0.418497 0.196858 1.690742 0.577274 -0.495355 0.539432 -0.361096
0.418492 0.196830 1.690787 0.576871 -0.495953 0.538889 -0.361732
0.418486 0.196802 1.690832 0.576477 -0.496536 0.538357 -0.362352
0.418481 0.196774 1.690875 0.576092 -0.497106 0.537835 -0.362957
0.418476 0.196746 1.690918 0.575715 -0.497663 0.537323 -0.363548
0.418470 0.196718 1.690959 0.575348 -0.498208 0.536821 -0.364125
0.418465 0.196690 1.691000 0.574988 -0.498741 0.536328 -0.364688
0.418460 0.196661 1.691039 0.574637 -0.499263 0.535845 -0.365238
0.418454 0.196633 1.691078 0.574293 -0.499774 0.535371 -0.365776
0.418449 0.196604 1.691115 0.573956 -0.500274 0.534905 -0.366301
0.418444 0.196575 1.691151 0.573627 -0.500764 0.534448 -0.366814
0.418438 0.196546 1.691186 0.573304 -0.501245 0.533999 -0.367316
0.418433 0.196517 1.691220 0.572989 -0.501715 0.533558 -0.367806
0.418428 0.196488 1.691252 0.572679 -0.502177 0.533124 -0.368287
0.418422 0.196459 1.691284 0.572376 -0.502630 0.532699 -0.368756
0.418417 0.196429 1.691315 0.572079 -0.503074 0.532280 -0.369216
0.418415 0.196389 1.691328 0.571648 -0.503699 0.531702 -0.369862
0.418416 0.196344 1.691333 0.571149 -0.504412 0.531047 -0.370603
0.418419 0.196298 1.691335 0.570615 -0.505164 0.530355 -0.371391
0.418424 0.196253 1.691338 0.570064 -0.505929 0.529651 -0.372200
0.418430 0.196209 1.691342 0.569507 -0.506694 0.528943 -0.373017
0.418437 0.196168 1.691348 0.568949 -0.507452 0.528240 -0.373834
0.418445 0.196128 1.691356 0.568393 -0.508199 0.527543 -0.374649
0.418452 0.196091 1.691366 0.567841 -0.508933 0.526855 -0.375457
0.418459 0.196054 1.691378 0.567294 -0.509653 0.526175 -0.376259
0.418466 0.196020 1.691392 0.566757 -0.510356 0.525508 -0.377048
0.418473 0.195988 1.691408 0.566229 -0.511040 0.524854 -0.377823
0.418480 0.195958 1.691426 0.565714 -0.511706 0.524214 -0.378583
0.418486 0.195929 1.691445 0.565210 -0.512353 0.523589 -0.379325
0.418492 0.195901 1.691465 0.564718 -0.512982 0.522977 -0.380051
0.418497 0.195875 1.691486 0.564239 -0.513593 0.522379 -0.380759
0.418503 0.195849 1.691508 0.563772 -0.514187 0.521794 -0.381449
0.418508 0.195825 1.691529 0.563316 -0.514766 0.521223 -0.382123
0.418513 0.195800 1.691551 0.562872 -0.515329 0.520664 -0.382779
0.418517 0.195776 1.691572 0.562440 -0.515877 0.520118 -0.383419
0.418522 0.195753 1.691593 0.562018 -0.516411 0.519583 -0.384042
0.418526 0.195729 1.691613 0.561607 -0.516931 0.519060 -0.384650
0.418530 0.195705 1.691633 0.561207 -0.517439 0.518549 -0.385242
0.418534 0.195682 1.691652 0.560816 -0.517935 0.518047 -0.385818
0.418538 0.195658 1.691670 0.560435 -0.518419 0.517557 -0.386380
0.418542 0.195635 1.691687 0.560063 -0.518891 0.517077 -0.386928
0.418545 0.195611 1.691703 0.559700 -0.519353 0.516606 -0.387462
0.418549 0.195587 1.691719 0.559345 -0.519804 0.516145 -0.387983
0.418552 0.195563 1.691733 0.558999 -0.520246 0.515692 -0.388491
0.418556 0.195539 1.691746 0.558661 -0.520678 0.515249 -0.388987
0.418559 0.195515 1.691759 0.558330 -0.521101 0.514814 -0.389471
0.418562 0.195491 1.691771 0.558007 -0.521515 0.514387 -0.389943
0.418565 0.195467 1.691781 0.557690 -0.521921 0.513968 -0.390405
0.418568 0.195442 1.691791 0.557381 -0.522319 0.513557 -0.390856
0.418571 0.195418 1.691800 0.557078 -0.522709 0.513153 -0.391297
0.418574 0.195394 1.691809 0.556781 -0.523091 0.512756 -0.391729
0.418577 0.195369 1.691816 0.556491 -0.523466 0.512366 -0.392151
0.418579 0.195345 1.691823 0.556206 -0.523834 0.511983 -0.392564
0.418582 0.195321 1.691829 0.555927 -0.524195 0.511606 -0.392968
0.418584 0.195297 1.691834 0.555654 -0.524549 0.511236 -0.393364
0.418587 0.195274 1.691839 0.555386 -0.524897 0.510871 -0.393752
0.418593 0.195241 1.691829 0.554998 -0.525385 0.510383 -0.394280
0.418601 0.195204 1.691814 0.554552 -0.525936 0.509836 -0.394880
0.418612 0.195167 1.691798 0.554081 -0.526511 0.509265 -0.395512
0.418624 0.195130 1.691785 0.553600 -0.527090 0.508689 -0.396155
0.418637 0.195095 1.691774 0.553119 -0.527663 0.508116 -0.396798
0.418650 0.195062 1.691766 0.552643 -0.528224 0.507552 -0.397437
0.418664 0.195031 1.691761 0.552174 -0.528771 0.506999 -0.398066
0.418677 0.195001 1.691759 0.551715 -0.529303 0.506457 -0.398685
0.418691 0.194973 1.691759 0.551267 -0.529819 0.505928 -0.399292
0.418704 0.194947 1.691761 0.550829 -0.530320 0.505410 -0.399886
0.418716 0.194922 1.691766 0.550402 -0.530806 0.504905 -0.400467
0.418729 0.194898 1.691771 0.549986 -0.531278 0.504410 -0.401035
0.418741 0.194875 1.691778 0.549581 -0.531735 0.503928 -0.401590
0.418752 0.194852 1.691785 0.549187 -0.532180 0.503456 -0.402132
0.418764 0.194830 1.691793 0.548803 -0.532613 0.502995 -0.402660
0.418775 0.194809 1.691801 0.548429 -0.533033 0.502545 -0.403175
0.418786 0.194788 1.691809 0.548065 -0.533442 0.502104 -0.403677
0.418796 0.194768 1.691818 0.547710 -0.533841 0.501674 -0.404167
0.418807 0.194747 1.691826 0.547365 -0.534229 0.501252 -0.404644
0.418817 0.194727 1.691833 0.547028 -0.534608 0.500840 -0.405109
0.418828 0.194707 1.691841 0.546700 -0.534977 0.500437 -0.405563
0.418838 0.194687 1.691847 0.546380 -0.535338 0.500042 -0.406005
0.418847 0.194667 1.691854 0.546068 -0.535690 0.499656 -0.406436
0.418857 0.194648 1.691859 0.545764 -0.536034 0.499277 -0.406856
0.418867 0.194628 1.691864 0.545467 -0.536370 0.498906 -0.407266
0.418876 0.194608 1.691869 0.545177 -0.536699 0.498542 -0.407666
0.418886 0.194588 1.691873 0.544893 -0.537021 0.498186 -0.408057
0.418895 0.194569 1.691876 0.544616 -0.537337 0.497836 -0.408438
0.418904 0.194549 1.691879 0.544345 -0.537646 0.497493 -0.408811
0.418913 0.194529 1.691881 0.544080 -0.537949 0.497156 -0.409175
0.418922 0.194510 1.691882 0.543821 -0.538246 0.496825 -0.409531
0.418930 0.194490 1.691883 0.543567 -0.538536 0.496500 -0.409879
0.418939 0.194471 1.691884 0.543318 -0.538822 0.496181 -0.410220
0.418947 0.194452 1.691884 0.543075 -0.539102 0.495867 -0.410553
0.418956 0.194433 1.691883 0.542836 -0.539378 0.495559 -0.410880
0.418964 0.194414 1.691882 0.542602 -0.539648 0.495256 -0.411199
0.418972 0.194395 1.691880 0.542372 -0.539913 0.494958 -0.411513
0.418979 0.194376 1.691878 0.542147 -0.540174 0.494665 -0.411819
0.418987 0.194358 1.691876 0.541926 -0.540431 0.494376 -0.412120
0.418994 0.194340 1.691873 0.541709 -0.540683 0.494092 -0.412415
0.419000 0.194312 1.691859 0.541391 -0.541049 0.493692 -0.412833
0.419005 0.194279 1.691842 -0.541023 0.541468 -0.493236 0.413310
0.419010 0.194245 1.691826 -0.540632 0.541907 -0.492757 0.413816
0.419014 0.194210 1.691811 -0.540234 0.542351 -0.492272 0.414333
0.419017 0.194176 1.691800 -0.539834 0.542792 -0.491787 0.414851
0.419021 0.194144 1.691791 -0.539439 0.543224 -0.491309 0.415366
0.419023 0.194112 1.691786 -0.539049 0.543647 -0.490839 0.415874
0.419026 0.194082 1.691782 -0.538667 0.544059 -0.490377 0.416375
0.419028 0.194053 1.691781 -0.538293 0.544460 -0.489925 0.416866
0.419031 0.194024 1.691781 -0.537928 0.544850 -0.489483 0.417348
0.419032 0.193997 1.691783 -0.537571 0.545229 -0.489050 0.417820
0.419034 0.193970 1.691786 -0.537222 0.545599 -0.488626 0.418282
0.419036 0.193944 1.691789 -0.536881 0.545958 -0.488211 0.418733
0.419037 0.193919 1.691794 -0.536549 0.546309 -0.487805 0.419175
0.419039 0.193894 1.691799 -0.536225 0.546650 -0.487408 0.419606
0.419040 0.193869 1.691804 -0.535909 0.546983 -0.487019 0.420027
0.419041 0.193845 1.691809 -0.535600 0.547308 -0.486639 0.420439
0.419042 0.193821 1.691814 -0.535299 0.547625 -0.486267 0.420840
0.419043 0.193797 1.691819 -0.535005 0.547934 -0.485902 0.421233
0.419044 0.193773 1.691824 -0.534718 0.548237 -0.485545 0.421615
0.419045 0.193750 1.691828 -0.534438 0.548532 -0.485195 0.421989
0.419046 0.193727 1.691832 -0.534165 0.548821 -0.484852 0.422354
0.419047 0.193704 1.691836 -0.533897 0.549104 -0.484515 0.422710
0.419048 0.193681 1.691840 -0.533636 0.549380 -0.484186 0.423058
0.419049 0.193658 1.691843 -0.533381 0.549651 -0.483863 0.423398
0.419049 0.193635 1.691845 -0.533131 0.549916 -0.483546 0.423730
0.419050 0.193613 1.691848 -0.532887 0.550176 -0.483235 0.424055
0.419051 0.193591 1.691849 -0.532648 0.550430 -0.482930 0.424372
0.419052 0.193569 1.691850 -0.532414 0.550680 -0.482630 0.424682
0.419053 0.193547 1.691851 -0.532185 0.550925 -0.482336 0.424985
0.419053 0.193525 1.691852 -0.531961 0.551165 -0.482048 0.425282
0.419054 0.193504 1.691852 -0.531742 0.551400 -0.481764 0.425572
0.419055 0.193482 1.691851 -0.531527 0.551632 -0.481485 0.425856
0.419055 0.193461 1.691850 -0.531316 0.551859 -0.481212 0.426134
0.419056 0.193440 1.691849 -0.531110 0.552081 -0.480943 0.426407
0.419057 0.193419 1.691848 -0.530907 0.552300 -0.480678 0.426673
0.419057 0.193399 1.691846 -0.530709 0.552516 -0.480418 0.426935
0.419058 0.193378 1.691844 -0.530514 0.552727 -0.480162 0.427191
0.419058 0.193358 1.691841 -0.530323 0.552935 -0.479911 0.427442
0.419059 0.193338 1.691838 -0.530136 0.553139 -0.479663 0.427687
0.419066 0.193315 1.691828 -0.529864 0.553435 -0.479328 0.428016
0.419078 0.193290 1.691817 -0.529554 0.553774 -0.478949 0.428387
0.419092 0.193264 1.691808 -0.529225 0.554129 -0.478553 0.428776
0.419109 0.193240 1.691801 -0.528891 0.554489 -0.478151 0.429171
0.419128 0.193216 1.691796 -0.528558 0.554846 -0.477752 0.429565
0.419147 0.193193 1.691793 -0.528228 0.555197 -0.477358 0.429955
0.419167 0.193171 1.691793 -0.527904 0.555541 -0.476971 0.430338
0.419187 0.193150 1.691795 -0.527586 0.555876 -0.476591 0.430715
0.419208 0.193130 1.691798 -0.527275 0.556203 -0.476220 0.431085
0.419228 0.193110 1.691802 -0.526972 0.556521 -0.475856 0.431446
0.419248 0.193091 1.691807 -0.526676 0.556832 -0.475500 0.431800
0.419268 0.193071 1.691813 -0.526386 0.557134 -0.475152 0.432146
0.419288 0.193053 1.691820 -0.526105 0.557428 -0.474811 0.432484
0.419308 0.193034 1.691827 -0.525830 0.557715 -0.474478 0.432814
0.419328 0.193016 1.691834 -0.525562 0.557995 -0.474152 0.433136
0.419347 0.192999 1.691841 -0.525300 0.558268 -0.473833 0.433450
0.419366 0.192981 1.691849 -0.525045 0.558534 -0.473521 0.433757
0.419385 0.192963 1.691856 -0.524796 0.558794 -0.473215 0.434057
0.419404 0.192946 1.691863 -0.524554 0.559048 -0.472916 0.434349
0.419423 0.192929 1.691870 -0.524317 0.559296 -0.472624 0.434634
0.419441 0.192911 1.691877 -0.524086 0.559539 -0.472337 0.434912
0.419459 0.192894 1.691883 -0.523860 0.559776 -0.472056 0.435184
0.419477 0.192877 1.691890 -0.523640 0.560008 -0.471781 0.435448
0.419495 0.192860 1.691895 -0.523424 0.560235 -0.471511 0.435707
0.419513 0.192843 1.691901 -0.523214 0.560458 -0.471247 0.435959
0.419531 0.192827 1.691905 -0.523009 0.560676 -0.470988 0.436205
0.419548 0.192810 1.691910 -0.522808 0.560889 -0.470734 0.436445
0.419565 0.192793 1.691914 -0.522612 0.561099 -0.470485 0.436679
0.419582 0.192777 1.691918 -0.522420 0.561304 -0.470241 0.436907
0.419599 0.192760 1.691921 -0.522233 0.561505 -0.470002 0.437131
0.419616 0.192744 1.691924 -0.522049 0.561703 -0.469767 0.437349
0.419633 0.192727 1.691926 -0.521870 0.561896 -0.469536 0.437561
0.419649 0.192711 1.691928 -0.521694 0.562087 -0.469310 0.437769
0.419666 0.192694 1.691930 -0.521522 0.562273 -0.469089 0.437972
0.419682 0.192678 1.691931 -0.521354 0.562457 -0.468871 0.438170
0.419698 0.192661 1.691931 -0.521189 0.562637 -0.468657 0.438364
0.419713 0.192644 1.691932 -0.521027 0.562814 -0.468447 0.438553
0.419729 0.192628 1.691932 -0.520869 0.562987 -0.468241 0.438738
0.419745 0.192611 1.691932 -0.520714 0.563158 -0.468039 0.438918
0.419760 0.192594 1.691931 -0.520563 0.563326 -0.467840 0.439094
0.419780 0.192579 1.691924 -0.520383 0.563524 -0.467634 0.439272
0.419803 0.192564 1.691915 -0.520195 0.563731 -0.467426 0.439452
0.419827 0.192551 1.691906 -0.520007 0.563937 -0.467218 0.439631
0.419850 0.192539 1.691896 -0.519821 0.564138 -0.467012 0.439810
0.419874 0.192528 1.691887 -0.519641 0.564334 -0.466810 0.439987
0.419898 0.192517 1.691878 -0.519465 0.564526 -0.466615 0.440155
0.419923 0.192506 1.691869 -0.519294 0.564713 -0.466426 0.440318
0.419949 0.192496 1.691861 -0.519126 0.564895 -0.466242 0.440477
0.419974 0.192486 1.691854 -0.518963 0.565072 -0.466063 0.440632
0.419999 0.192477 1.691848 -0.518804 0.565244 -0.465888 0.440784
0.420023 0.192468 1.691842 -0.518651 0.565409 -0.465717 0.440932
0.420045 0.192460 1.691835 -0.518505 0.565568 -0.465549 0.441077
0.420067 0.192453 1.691829 -0.518365 0.565721 -0.465385 0.441219
0.420088 0.192446 1.691822 -0.518229 0.565870 -0.465224 0.441357
0.420108 0.192440 1.691815 -0.518099 0.566014 -0.465066 0.441492
0.420128 0.192434 1.691808 -0.517972 0.566155 -0.464911 0.441623
0.420148 0.192428 1.691801 -0.517850 0.566291 -0.464760 0.441751
0.420167 0.192422 1.691794 -0.517731 0.566424 -0.464613 0.441875
0.420186 0.192416 1.691786 -0.517616 0.566554 -0.464468 0.441995
0.420205 0.192410 1.691779 -0.517504 0.566681 -0.464327 0.442111
0.420223 0.192404 1.691771 -0.517396 0.566805 -0.464189 0.442224
0.420242 0.192398 1.691763 -0.517290 0.566927 -0.464054 0.442333
0.420260 0.192392 1.691754 -0.517187 0.567046 -0.463922 0.442439
0.420279 0.192385 1.691747 -0.517085 0.567164 -0.463794 0.442542
0.420298 0.192378 1.691739 -0.516983 0.567282 -0.463668 0.442642
0.420318 0.192371 1.691732 -0.516881 0.567398 -0.463544 0.442741
0.420337 0.192365 1.691726 -0.516781 0.567514 -0.463422 0.442838
0.420355 0.192358 1.691718 -0.516685 0.567626 -0.463300 0.442935
0.420373 0.192351 1.691710 -0.516592 0.567736 -0.463177 0.443031
0.420390 0.192344 1.691700 -0.516501 0.567845 -0.463056 0.443123
0.420407 0.192336 1.691690 -0.516413 0.567952 -0.462937 0.443213
0.420423 0.192329 1.691679 -0.516326 0.568059 -0.462820 0.443299
0.420440 0.192322 1.691669 -0.516237 0.568166 -0.462704 0.443387
0.420457 0.192315 1.691658 -0.516151 0.568272 -0.462591 0.443469
0.420474 0.192308 1.691648 -0.516063 0.568377 -0.462480 0.443553
0.420491 0.192301 1.691639 -0.515974 0.568483 -0.462370 0.443635
0.420508 0.192293 1.691628 -0.515890 0.568586 -0.462265 0.443709
0.420525 0.192285 1.691615 -0.515810 0.568689 -0.462163 0.443778
0.420542 0.192275 1.691602 -0.515732 0.568790 -0.462065 0.443841
0.420559 0.192267 1.691590 -0.515652 0.568890 -0.461967 0.443908
0.420584 0.192250 1.691568 -0.515559 0.569001 -0.461907 0.443935
0.420611 0.192229 1.691539 -0.515467 0.569108 -0.461865 0.443948
0.420640 0.192208 1.691508 -0.515378 0.569206 -0.461832 0.443961
0.420668 0.192186 1.691476 -0.515294 0.569293 -0.461804 0.443976
0.420696 0.192164 1.691445 -0.515215 0.569371 -0.461779 0.443995
0.420723 0.192144 1.691414 -0.515140 0.569439 -0.461755 0.444018
0.420749 0.192124 1.691385 -0.515070 0.569500 -0.461732 0.444045
0.420774 0.192106 1.691357 -0.515004 0.569553 -0.461709 0.444077
0.420798 0.192089 1.691332 -0.514942 0.569601 -0.461685 0.444113
0.420821 0.192074 1.691307 -0.514882 0.569644 -0.461662 0.444151
0.420843 0.192059 1.691285 -0.514826 0.569682 -0.461638 0.444193
0.420865 0.192046 1.691264 -0.514772 0.569717 -0.461614 0.444236
0.420886 0.192035 1.691244 -0.514720 0.569749 -0.461589 0.444281
0.420906 0.192024 1.691224 -0.514670 0.569779 -0.461564 0.444326
0.420926 0.192014 1.691206 -0.514622 0.569807 -0.461540 0.444371
0.420946 0.192003 1.691184 -0.514582 0.569834 -0.461521 0.444402
0.420965 0.191991 1.691159 -0.514547 0.569861 -0.461506 0.444424
0.420985 0.191979 1.691133 -0.514517 0.569886 -0.461493 0.444439
0.421004 0.191967 1.691105 -0.514490 0.569910 -0.461482 0.444451
0.421022 0.191956 1.691077 -0.514466 0.569933 -0.461472 0.444460
0.421041 0.191945 1.691048 -0.514443 0.569955 -0.461462 0.444469
0.421058 0.191934 1.691020 -0.514421 0.569976 -0.461452 0.444477
0.421076 0.191924 1.690991 -0.514400 0.569997 -0.461442 0.444485
0.421093 0.191915 1.690963 -0.514380 0.570017 -0.461431 0.444494
0.421109 0.191909 1.690940 -0.514353 0.570036 -0.461414 0.444519
0.421125 0.191904 1.690920 -0.514323 0.570056 -0.461393 0.444551
0.421141 0.191899 1.690898 -0.514296 0.570076 -0.461375 0.444573
0.421157 0.191892 1.690874 -0.514271 0.570098 -0.461360 0.444590
0.421173 0.191886 1.690849 -0.514248 0.570121 -0.461347 0.444601
0.421189 0.191878 1.690823 -0.514226 0.570144 -0.461335 0.444609
0.421205 0.191873 1.690800 -0.514200 0.570168 -0.461318 0.444627
0.421220 0.191867 1.690778 -0.514171 0.570192 -0.461300 0.444648
0.421236 0.191861 1.690755 -0.514145 0.570217 -0.461285 0.444661
0.421252 0.191854 1.690730 -0.514121 0.570244 -0.461272 0.444668
0.421267 0.191847 1.690706 -0.514094 0.570271 -0.461257 0.444680
0.421283 0.191839 1.690681 -0.514069 0.570299 -0.461244 0.444686
0.421298 0.191832 1.690657 -0.514043 0.570327 -0.461230 0.444695
0.421313 0.191825 1.690635 -0.514014 0.570356 -0.461215 0.444706
0.421329 0.191816 1.690610 -0.513989 0.570386 -0.461203 0.444709
0.421344 0.191808 1.690586 -0.513962 0.570417 -0.461190 0.444715
0.421369 0.191792 1.690561 -0.513990 0.570435 -0.461299 0.444547
0.421394 0.191780 1.690541 -0.514048 0.570436 -0.461449 0.444322
0.421417 0.191772 1.690527 -0.514123 0.570424 -0.461613 0.444081
0.421438 0.191770 1.690519 -0.514208 0.570401 -0.461777 0.443841
0.421456 0.191772 1.690515 -0.514297 0.570373 -0.461937 0.443608
0.421473 0.191778 1.690514 -0.514390 0.570340 -0.462091 0.443381
0.421489 0.191786 1.690516 -0.514483 0.570306 -0.462240 0.443162
0.421504 0.191795 1.690519 -0.514576 0.570271 -0.462383 0.442949
0.421517 0.191806 1.690523 -0.514669 0.570236 -0.462521 0.442742
0.421530 0.191818 1.690527 -0.514761 0.570203 -0.462655 0.442539
0.421542 0.191831 1.690530 -0.514851 0.570171 -0.462785 0.442340
0.421554 0.191843 1.690533 -0.514939 0.570141 -0.462911 0.442144
0.421566 0.191855 1.690536 -0.515025 0.570113 -0.463033 0.441952
0.421577 0.191868 1.690538 -0.515109 0.570087 -0.463153 0.441762
0.421588 0.191878 1.690535 -0.515197 0.570063 -0.463274 0.441562
0.421600 0.191887 1.690528 -0.515289 0.570039 -0.463396 0.441357
0.421611 0.191896 1.690519 -0.515382 0.570016 -0.463518 0.441151
0.421622 0.191903 1.690508 -0.515476 0.569994 -0.463637 0.440945
0.421633 0.191913 1.690500 -0.515561 0.569972 -0.463747 0.440757
0.421643 0.191923 1.690493 -0.515641 0.569952 -0.463852 0.440579
0.421653 0.191931 1.690484 -0.515722 0.569934 -0.463958 0.440396
0.421662 0.191940 1.690477 -0.515798 0.569918 -0.464059 0.440223
0.421672 0.191948 1.690468 -0.515874 0.569903 -0.464160 0.440045
0.421681 0.191957 1.690460 -0.515945 0.569889 -0.464256 0.439879
0.421691 0.191964 1.690449 -0.516017 0.569877 -0.464353 0.439708
0.421700 0.191971 1.690441 -0.516084 0.569866 -0.464444 0.439547
0.421709 0.191979 1.690434 -0.516145 0.569857 -0.464532 0.439394
0.421718 0.191985 1.690424 -0.516209 0.569849 -0.464622 0.439234
0.421727 0.191992 1.690416 -0.516268 0.569843 -0.464707 0.439084
0.421736 0.191997 1.690405 -0.516329 0.569837 -0.464793 0.438928
0.421745 0.192003 1.690397 -0.516384 0.569833 -0.464874 0.438782
0.421754 0.192008 1.690389 -0.516435 0.569831 -0.464952 0.438643
0.421763 0.192013 1.690378 -0.516489 0.569829 -0.465032 0.438497
0.421771 0.192017 1.690370 -0.516538 0.569829 -0.465107 0.438360
0.421780 0.192021 1.690358 -0.516589 0.569829 -0.465184 0.438218
0.421789 0.192024 1.690349 -0.516635 0.569830 -0.465256 0.438086
0.421797 0.192028 1.690341 -0.516677 0.569832 -0.465325 0.437959
0.421805 0.192031 1.690330 -0.516722 0.569835 -0.465397 0.437826
0.421814 0.192033 1.690321 -0.516763 0.569839 -0.465464 0.437702
0.421822 0.192035 1.690310 -0.516806 0.569844 -0.465532 0.437572
0.421859 0.191996 1.690296 -0.516938 0.569809 -0.465921 0.437047
0.421893 0.191963 1.690275 -0.517137 0.569726 -0.466403 0.436405
0.421921 0.191943 1.690253 -0.517380 0.569601 -0.466915 0.435733
0.421941 0.191936 1.690234 -0.517650 0.569443 -0.467431 0.435064
0.421955 0.191944 1.690218 -0.517938 0.569261 -0.467941 0.434412
0.421962 0.191963 1.690204 -0.518236 0.569061 -0.468438 0.433781
0.421965 0.191994 1.690193 -0.518542 0.568849 -0.468920 0.433174
0.421964 0.192034 1.690185 -0.518849 0.568627 -0.469387 0.432590
0.421958 0.192083 1.690178 -0.519157 0.568401 -0.469839 0.432029
0.421950 0.192140 1.690173 -0.519462 0.568172 -0.470275 0.431487
0.421939 0.192202 1.690168 -0.519763 0.567944 -0.470697 0.430965
0.421926 0.192270 1.690164 -0.520059 0.567718 -0.471106 0.430458
0.421911 0.192342 1.690159 -0.520350 0.567495 -0.471502 0.429966
0.421894 0.192418 1.690154 -0.520633 0.567278 -0.471887 0.429487
0.421877 0.192496 1.690148 -0.520910 0.567066 -0.472261 0.429020
0.421859 0.192577 1.690140 -0.521180 0.566861 -0.472624 0.428562
0.421841 0.192658 1.690132 -0.521443 0.566663 -0.472978 0.428114
0.421822 0.192741 1.690121 -0.521698 0.566472 -0.473323 0.427674
0.421803 0.192823 1.690110 -0.521946 0.566288 -0.473660 0.427243
0.421783 0.192906 1.690096 -0.522186 0.566112 -0.473989 0.426818
0.421764 0.192988 1.690081 -0.522420 0.565942 -0.474309 0.426401
0.421745 0.193070 1.690065 -0.522647 0.565779 -0.474623 0.425990
0.421726 0.193150 1.690047 -0.522867 0.565623 -0.474929 0.425585
0.421707 0.193230 1.690028 -0.523081 0.565473 -0.475229 0.425188
0.421689 0.193308 1.690007 -0.523288 0.565329 -0.475522 0.424796
0.421697 0.193340 1.689946 -0.523346 0.565397 -0.475817 0.424304
0.421706 0.193361 1.689878 -0.523420 0.565452 -0.476131 0.423786
0.421714 0.193379 1.689812 -0.523508 0.565486 -0.476447 0.423276
0.421720 0.193397 1.689750 -0.523607 0.565499 -0.476756 0.422789
0.421723 0.193417 1.689695 -0.523713 0.565490 -0.477056 0.422330
0.421725 0.193440 1.689649 -0.523826 0.565462 -0.477347 0.421899
0.421724 0.193466 1.689610 -0.523943 0.565418 -0.477627 0.421496
0.421721 0.193496 1.689578 -0.524063 0.565360 -0.477897 0.421118
0.421716 0.193528 1.689554 -0.524185 0.565291 -0.478157 0.420764
0.421710 0.193563 1.689536 -0.524309 0.565212 -0.478407 0.420431
0.421703 0.193601 1.689522 -0.524433 0.565126 -0.478649 0.420116
0.421694 0.193642 1.689513 -0.524558 0.565035 -0.478881 0.419818
0.421684 0.193685 1.689508 -0.524683 0.564939 -0.479106 0.419535
0.421673 0.193729 1.689505 -0.524807 0.564841 -0.479322 0.419264
0.421662 0.193775 1.689504 -0.524929 0.564743 -0.479532 0.419004
0.421681 0.193741 1.689525 -0.525143 0.564568 -0.480182 0.418225
0.421693 0.193703 1.689541 -0.525457 0.564308 -0.480969 0.417278
0.421694 0.193676 1.689555 -0.525832 0.563982 -0.481798 0.416287
0.421684 0.193664 1.689569 -0.526249 0.563609 -0.482633 0.415298
0.421663 0.193668 1.689581 -0.526695 0.563200 -0.483455 0.414331
0.421634 0.193689 1.689594 -0.527159 0.562765 -0.484256 0.413394
0.421597 0.193725 1.689607 -0.527633 0.562313 -0.485034 0.412492
0.421553 0.193776 1.689621 -0.528111 0.561851 -0.485786 0.411623
0.421505 0.193839 1.689635 -0.528587 0.561385 -0.486515 0.410785
0.421452 0.193912 1.689650 -0.529059 0.560919 -0.487222 0.409977
0.421396 0.193994 1.689663 -0.529525 0.560456 -0.487906 0.409194
0.421338 0.194083 1.689677 -0.529982 0.559999 -0.488571 0.408434
0.421278 0.194178 1.689689 -0.530430 0.559550 -0.489216 0.407695
0.421216 0.194277 1.689699 -0.530868 0.559110 -0.489844 0.406974
0.421178 0.194334 1.689684 -0.531135 0.558884 -0.490461 0.406192
0.421155 0.194359 1.689650 -0.531329 0.558761 -0.491090 0.405348
0.421132 0.194382 1.689610 -0.531550 0.558610 -0.491722 0.404497
0.421105 0.194407 1.689570 -0.531793 0.558431 -0.492343 0.403670
0.421074 0.194437 1.689534 -0.532052 0.558224 -0.492948 0.402875
0.421040 0.194474 1.689502 -0.532324 0.557995 -0.493534 0.402115
0.421003 0.194516 1.689474 -0.532604 0.557747 -0.494103 0.401389
0.420963 0.194564 1.689451 -0.532891 0.557485 -0.494654 0.400694
0.420921 0.194617 1.689433 -0.533180 0.557211 -0.495187 0.400030
0.420877 0.194675 1.689419 -0.533471 0.556930 -0.495705 0.399393
0.420832 0.194738 1.689408 -0.533761 0.556643 -0.496206 0.398781
0.420785 0.194804 1.689400 -0.534050 0.556355 -0.496693 0.398192
0.420737 0.194874 1.689394 -0.534336 0.556065 -0.497165 0.397623
0.420689 0.194946 1.689389 -0.534618 0.555777 -0.497624 0.397072
0.420639 0.195020 1.689386 -0.534895 0.555492 -0.498070 0.396538
0.420590 0.195095 1.689383 -0.535168 0.555211 -0.498504 0.396018
0.420540 0.195172 1.689380 -0.535435 0.554934 -0.498926 0.395513
0.420510 0.195212 1.689355 -0.535572 0.554827 -0.499341 0.394952
0.420481 0.195245 1.689326 -0.535723 0.554711 -0.499765 0.394374
0.420451 0.195277 1.689296 -0.535886 0.554581 -0.500184 0.393805
0.420420 0.195311 1.689268 -0.536057 0.554435 -0.500594 0.393255
0.420388 0.195346 1.689243 -0.536235 0.554277 -0.500993 0.392727
0.420355 0.195384 1.689220 -0.536418 0.554109 -0.501381 0.392220
0.420320 0.195424 1.689201 -0.536604 0.553932 -0.501757 0.391734
0.420285 0.195467 1.689184 -0.536792 0.553748 -0.502123 0.391267
0.420248 0.195511 1.689170 -0.536980 0.553561 -0.502479 0.390817
0.420239 0.195481 1.689187 -0.537297 0.553215 -0.503320 0.389787
0.420226 0.195447 1.689206 -0.537719 0.552743 -0.504341 0.388553
0.420202 0.195422 1.689225 -0.538201 0.552191 -0.505429 0.387256
0.420168 0.195415 1.689240 -0.538720 0.551582 -0.506535 0.385953
0.420124 0.195426 1.689253 -0.539268 0.550934 -0.507640 0.384661
0.420072 0.195456 1.689261 -0.539837 0.550255 -0.508734 0.383386
0.420014 0.195503 1.689264 -0.540423 0.549555 -0.509813 0.382129
0.419961 0.195543 1.689255 -0.540940 0.548939 -0.510876 0.380861
0.419911 0.195581 1.689237 -0.541423 0.548366 -0.511924 0.379591
0.419860 0.195621 1.689210 -0.541887 0.547819 -0.512954 0.378328
0.419809 0.195663 1.689176 -0.542337 0.547288 -0.513963 0.377079
0.419757 0.195709 1.689136 -0.542780 0.546768 -0.514950 0.375848
0.419698 0.195768 1.689096 -0.543242 0.546219 -0.515914 0.374654
0.419634 0.195839 1.689059 -0.543719 0.545645 -0.516852 0.373505
0.419572 0.195910 1.689015 -0.544163 0.545112 -0.517762 0.372374
0.419505 0.195990 1.688974 0.544617 -0.544561 0.518652 -0.371275
0.419440 0.196070 1.688927 0.545046 -0.544043 0.519518 -0.370193
0.419372 0.196156 1.688883 0.545482 -0.543510 0.520365 -0.369143
0.419304 0.196242 1.688835 0.545895 -0.543007 0.521189 -0.368109
0.419238 0.196328 1.688783 0.546296 -0.542519 0.521995 -0.367089
0.419168 0.196420 1.688735 0.546703 -0.542017 0.522783 -0.366103
0.419100 0.196511 1.688684 0.547091 -0.541538 0.523550 -0.365133
0.419029 0.196606 1.688638 0.547483 -0.541049 0.524300 -0.364196
0.418960 0.196701 1.688588 0.547856 -0.540582 0.525030 -0.363273
0.418891 0.196795 1.688537 0.548221 -0.540129 0.525744 -0.362365
0.418823 0.196889 1.688483 0.548578 -0.539684 0.526441 -0.361473
0.418753 0.196985 1.688435 0.548935 -0.539231 0.527123 -0.360613
0.418683 0.197081 1.688385 0.549279 -0.538796 0.527786 -0.359768
0.418615 0.197177 1.688334 0.549615 -0.538371 0.528435 -0.358938
0.418547 0.197272 1.688281 0.549944 -0.537954 0.529069 -0.358124
0.418479 0.197367 1.688229 0.550267 -0.537544 0.529689 -0.357327
0.418411 0.197463 1.688182 0.550587 -0.537129 0.530294 -0.356559
0.418343 0.197558 1.688134 0.550896 -0.536728 0.530884 -0.355807
0.418276 0.197653 1.688085 0.551198 -0.536337 0.531460 -0.355068
0.418210 0.197747 1.688037 0.551494 -0.535953 0.532023 -0.354344
0.418144 0.197840 1.687988 0.551784 -0.535576 0.532573 -0.353636
0.418079 0.197932 1.687939 0.552068 -0.535206 0.533111 -0.352943
0.418014 0.198023 1.687891 0.552346 -0.534842 0.533636 -0.352265
0.417950 0.198114 1.687844 0.552618 -0.534484 0.534150 -0.351603
0.417886 0.198204 1.687797 0.552884 -0.534132 0.534651 -0.350956
0.417810 0.198221 1.687809 0.553249 -0.533582 0.535541 -0.349859
0.417713 0.198219 1.687841 0.553685 -0.532906 0.536584 -0.348599
0.417602 0.198211 1.687883 0.554127 -0.532192 0.537684 -0.347292
0.417481 0.198204 1.687932 0.554566 -0.531460 0.538802 -0.345975
0.417353 0.198203 1.687984 0.555004 -0.530716 0.539922 -0.344666
0.417219 0.198210 1.688037 0.555444 -0.529963 0.541035 -0.343369
0.417082 0.198226 1.688090 0.555890 -0.529200 0.542134 -0.342089
0.416941 0.198252 1.688142 0.556341 -0.528427 0.543219 -0.340826
0.416798 0.198287 1.688194 0.556799 -0.527645 0.544288 -0.339582
0.416653 0.198332 1.688244 0.557266 -0.526855 0.545340 -0.338355
0.416506 0.198385 1.688293 0.557740 -0.526055 0.546375 -0.337145
0.416358 0.198447 1.688342 0.558221 -0.525248 0.547394 -0.335952
0.416209 0.198516 1.688389 0.558710 -0.524433 0.548396 -0.334776
0.416059 0.198592 1.688435 0.559206 -0.523611 0.549382 -0.333616
0.415908 0.198674 1.688480 0.559708 -0.522782 0.550353 -0.332471
0.415758 0.198762 1.688525 0.560216 -0.521948 0.551309 -0.331341
0.415607 0.198855 1.688569 0.560729 -0.521108 0.552250 -0.330225
0.415456 0.198953 1.688613 0.561248 -0.520264 0.553177 -0.329123
0.415306 0.199056 1.688656 0.561771 -0.519415 0.554090 -0.328034
0.415155 0.199161 1.688698 0.562288 -0.518573 0.554983 -0.326968
0.415006 0.199271 1.688740 0.562796 -0.517742 0.555855 -0.325929
0.414857 0.199383 1.688782 0.563294 -0.516923 0.556705 -0.324916
0.414708 0.199498 1.688823 0.563781 -0.516117 0.557534 -0.323930
0.414561 0.199615 1.688863 0.564257 -0.515323 0.558343 -0.322969
0.414415 0.199733 1.688904 0.564723 -0.514543 0.559132 -0.322034
0.414269 0.199854 1.688944 0.565178 -0.513775 0.559902 -0.321123
0.414125 0.199975 1.688984 0.565622 -0.513020 0.560653 -0.320235
0.413982 0.200098 1.689024 0.566057 -0.512278 0.561385 -0.319371
0.413840 0.200221 1.689064 0.566481 -0.511548 0.562101 -0.318529
0.413700 0.200345 1.689104 0.566895 -0.510832 0.562799 -0.317709
0.413561 0.200469 1.689143 0.567299 -0.510128 0.563480 -0.316911
0.413423 0.200593 1.689183 0.567693 -0.509436 0.564145 -0.316132
0.413287 0.200717 1.689222 0.568078 -0.508757 0.564795 -0.315374
0.413152 0.200840 1.689261 0.568453 -0.508091 0.565429 -0.314636
0.413019 0.200964 1.689301 0.568818 -0.507436 0.566048 -0.313916
0.412888 0.201086 1.689340 0.569175 -0.506794 0.566653 -0.313215
0.412758 0.201209 1.689379 0.569523 -0.506164 0.567244 -0.312532
0.412630 0.201330 1.689417 0.569862 -0.505546 0.567821 -0.311866
0.412504 0.201450 1.689456 0.570192 -0.504939 0.568385 -0.311217
0.412379 0.201570 1.689495 0.570514 -0.504344 0.568935 -0.310585
0.412208 0.201643 1.689575 0.570964 -0.503484 0.569770 -0.309623
0.412008 0.201695 1.689677 0.571406 -0.502562 0.570714 -0.308565
0.411788 0.201741 1.689790 0.571829 -0.501620 0.571708 -0.307472
0.411555 0.201790 1.689906 0.572242 -0.500667 0.572721 -0.306370
0.411313 0.201846 1.690023 0.572651 -0.499706 0.573738 -0.305270
0.411066 0.201912 1.690139 0.573062 -0.498737 0.574750 -0.304178
0.410813 0.201991 1.690251 0.573478 -0.497759 0.575753 -0.303097
0.410558 0.202083 1.690359 0.573903 -0.496772 0.576742 -0.302029
0.410300 0.202187 1.690464 0.574338 -0.495775 0.577717 -0.300975
0.410041 0.202302 1.690565 0.574782 -0.494770 0.578677 -0.299934
0.409781 0.202429 1.690662 0.575237 -0.493756 0.579622 -0.298907
0.409521 0.202565 1.690756 0.575700 -0.492735 0.580552 -0.297893
0.409260 0.202712 1.690847 0.576173 -0.491706 0.581468 -0.296892
0.408999 0.202866 1.690934 0.576654 -0.490672 0.582368 -0.295904
0.408739 0.203029 1.691020 0.577142 -0.489631 0.583255 -0.294928
0.408480 0.203198 1.691102 0.577637 -0.488586 0.584128 -0.293963
0.408222 0.203373 1.691182 0.578138 -0.487537 0.584987 -0.293009
0.407965 0.203554 1.691261 0.578645 -0.486485 0.585833 -0.292065
0.407710 0.203739 1.691337 0.579156 -0.485430 0.586667 -0.291131
0.407456 0.203928 1.691411 0.579672 -0.484373 0.587488 -0.290207
0.407204 0.204120 1.691484 0.580184 -0.483324 0.588293 -0.289301
0.406954 0.204316 1.691555 0.580687 -0.482289 0.589079 -0.288418
0.406707 0.204513 1.691625 0.581180 -0.481269 0.589847 -0.287559
0.406461 0.204713 1.691693 0.581663 -0.480265 0.590595 -0.286724
0.406218 0.204914 1.691761 0.582136 -0.479277 0.591326 -0.285912
0.405977 0.205115 1.691827 0.582598 -0.478305 0.592039 -0.285121
0.405739 0.205317 1.691891 0.583049 -0.477349 0.592735 -0.284353
0.405503 0.205520 1.691955 0.583491 -0.476409 0.593415 -0.283605
0.405271 0.205722 1.692018 0.583922 -0.475485 0.594079 -0.282877
0.405041 0.205924 1.692081 0.584342 -0.474578 0.594727 -0.282170
0.404813 0.206125 1.692142 0.584753 -0.473687 0.595360 -0.281481
0.404589 0.206325 1.692203 0.585153 -0.472811 0.595978 -0.280811
0.404368 0.206524 1.692262 0.585544 -0.471952 0.596583 -0.280158
0.404149 0.206721 1.692322 0.585925 -0.471108 0.597173 -0.279524
0.403934 0.206917 1.692380 0.586296 -0.470280 0.597750 -0.278905
0.403721 0.207111 1.692438 0.586658 -0.469468 0.598313 -0.278304
0.403512 0.207303 1.692495 0.587011 -0.468671 0.598864 -0.277718
0.403306 0.207494 1.692552 0.587354 -0.467890 0.599403 -0.277147
0.403102 0.207682 1.692608 0.587689 -0.467123 0.599929 -0.276591
0.402902 0.207867 1.692664 0.588014 -0.466372 0.600444 -0.276050
0.402646 0.207996 1.692777 0.588422 -0.465347 0.601240 -0.275177
0.402355 0.208095 1.692923 0.588799 -0.464259 0.602156 -0.274202
0.402042 0.208180 1.693087 0.589143 -0.463155 0.603130 -0.273189
0.401715 0.208262 1.693262 0.589465 -0.462045 0.604130 -0.272164
0.401378 0.208347 1.693441 0.589774 -0.460934 0.605138 -0.271138
0.401036 0.208440 1.693622 0.590078 -0.459820 0.606143 -0.270119
0.400691 0.208542 1.693802 0.590383 -0.458702 0.607141 -0.269111
0.400343 0.208655 1.693981 0.590692 -0.457580 0.608127 -0.268115
0.399995 0.208779 1.694156 0.591006 -0.456454 0.609099 -0.267131
0.399646 0.208912 1.694329 0.591328 -0.455322 0.610058 -0.266161
0.399298 0.209055 1.694499 0.591658 -0.454186 0.611001 -0.265205
0.398952 0.209207 1.694666 0.591995 -0.453046 0.611930 -0.264260
0.398606 0.209368 1.694830 0.592339 -0.451901 0.612844 -0.263328
0.398262 0.209536 1.694992 0.592691 -0.450754 0.613743 -0.262408
0.397920 0.209710 1.695150 0.593049 -0.449604 0.614629 -0.261498
0.397581 0.209890 1.695306 0.593412 -0.448452 0.615500 -0.260599
0.397244 0.210075 1.695459 0.593782 -0.447299 0.616358 -0.259710
0.396909 0.210265 1.695610 0.594156 -0.446145 0.617203 -0.258830
0.396578 0.210459 1.695758 0.594536 -0.444992 0.618035 -0.257958
0.396250 0.210655 1.695904 0.594919 -0.443839 0.618855 -0.257094
0.395925 0.210854 1.696048 0.595306 -0.442687 0.619663 -0.256237
0.395603 0.211056 1.696189 0.595696 -0.441536 0.620459 -0.255388
0.395284 0.211258 1.696329 0.596089 -0.440387 0.621244 -0.254544
0.394970 0.211462 1.696466 0.596485 -0.439241 0.622018 -0.253707
0.394658 0.211667 1.696601 0.596876 -0.438107 0.622777 -0.252884
0.394351 0.211871 1.696735 0.597258 -0.436991 0.623519 -0.252083
0.394047 0.212076 1.696866 0.597631 -0.435895 0.624244 -0.251303
0.393747 0.212281 1.696995 0.597993 -0.434818 0.624952 -0.250544
0.393452 0.212484 1.697123 0.598345 -0.433761 0.625645 -0.249806
0.393160 0.212687 1.697248 0.598688 -0.432724 0.626321 -0.249088
0.392872 0.212889 1.697372 0.599021 -0.431706 0.626982 -0.248388
0.392588 0.213089 1.697494 0.599345 -0.430708 0.627629 -0.247708
0.392308 0.213287 1.697615 0.599659 -0.429728 0.628260 -0.247046
0.392032 0.213484 1.697733 0.599964 -0.428768 0.628878 -0.246401
0.391760 0.213679 1.697851 0.600260 -0.427827 0.629482 -0.245773
0.391492 0.213871 1.697966 0.600547 -0.426904 0.630073 -0.245162
0.391228 0.214062 1.698080 0.600826 -0.425999 0.630650 -0.244567
0.390968 0.214249 1.698193 0.601096 -0.425113 0.631215 -0.243987
0.390713 0.214435 1.698304 0.601358 -0.424244 0.631768 -0.243422
0.390461 0.214618 1.698413 0.601612 -0.423394 0.632308 -0.242872
0.390147 0.214763 1.698576 0.601922 -0.422267 0.633079 -0.242055
0.389793 0.214892 1.698768 0.602207 -0.421059 0.633954 -0.241160
0.389413 0.215017 1.698975 0.602466 -0.419820 0.634880 -0.240236
0.389016 0.215148 1.699190 0.602710 -0.418565 0.635829 -0.239305
0.388608 0.215290 1.699406 0.602946 -0.417299 0.636785 -0.238376
0.388191 0.215445 1.699622 0.603183 -0.416024 0.637738 -0.237456
0.387770 0.215615 1.699835 0.603424 -0.414740 0.638683 -0.236547
0.387345 0.215800 1.700044 0.603672 -0.413447 0.639617 -0.235652
0.386918 0.215999 1.700248 0.603929 -0.412146 0.640537 -0.234770
0.386490 0.216213 1.700448 0.604196 -0.410837 0.641444 -0.233903
0.386062 0.216439 1.700643 0.604472 -0.409520 0.642336 -0.233048
0.385634 0.216677 1.700834 0.604757 -0.408197 0.643214 -0.232207
0.385207 0.216926 1.701021 0.605051 -0.406870 0.644077 -0.231377
0.384782 0.217184 1.701203 0.605353 -0.405537 0.644926 -0.230559
0.384359 0.217450 1.701382 0.605662 -0.404202 0.645762 -0.229752
0.383938 0.217724 1.701557 0.605979 -0.402864 0.646584 -0.228955
0.383520 0.218004 1.701728 0.606301 -0.401525 0.647392 -0.228166
0.383105 0.218289 1.701896 0.606629 -0.400186 0.648189 -0.227386
0.382693 0.218578 1.702060 0.606962 -0.398847 0.648972 -0.226613
0.382285 0.218871 1.702222 0.607299 -0.397509 0.649744 -0.225848
0.381880 0.219167 1.702381 0.607639 -0.396174 0.650504 -0.225088
0.381479 0.219464 1.702536 0.607983 -0.394841 0.651253 -0.224334
0.381082 0.219763 1.702689 0.608330 -0.393512 0.651992 -0.223585
0.380690 0.220063 1.702840 0.608679 -0.392186 0.652719 -0.222840
0.380301 0.220362 1.702988 0.609031 -0.390865 0.653436 -0.222099
0.379917 0.220662 1.703133 0.609384 -0.389548 0.654143 -0.221361
0.379538 0.220960 1.703276 0.609738 -0.388237 0.654840 -0.220626
0.379164 0.221258 1.703417 0.610093 -0.386932 0.655528 -0.219894
0.378794 0.221554 1.703555 0.610442 -0.385644 0.656202 -0.219175
0.378429 0.221847 1.703691 0.610782 -0.384378 0.656862 -0.218476
0.378069 0.222139 1.703825 0.611112 -0.383135 0.657507 -0.217795
0.377714 0.222428 1.703956 0.611432 -0.381915 0.658137 -0.217133
0.377364 0.222714 1.704086 0.611743 -0.380718 0.658754 -0.216489
0.377019 0.222997 1.704213 0.612044 -0.379545 0.659357 -0.215863
0.376678 0.223277 1.704339 0.612336 -0.378394 0.659946 -0.215253
0.376343 0.223553 1.704462 0.612618 -0.377266 0.660523 -0.214661
0.376013 0.223826 1.704584 0.612891 -0.376160 0.661087 -0.214084
0.375689 0.224095 1.704704 0.613156 -0.375077 0.661639 -0.213522
0.375369 0.224360 1.704822 0.613412 -0.374015 0.662179 -0.212975
0.375054 0.224620 1.704938 0.613659 -0.372975 0.662707 -0.212442
0.374674 0.224827 1.705097 0.613901 -0.371776 0.663378 -0.211750
0.374254 0.225002 1.705279 0.614097 -0.370554 0.664115 -0.211012
0.373810 0.225160 1.705471 0.614260 -0.369330 0.664887 -0.210249
0.373350 0.225310 1.705667 0.614404 -0.368109 0.665676 -0.209470
0.372881 0.225460 1.705863 0.614540 -0.366890 0.666472 -0.208681
0.372408 0.225612 1.706057 0.614673 -0.365671 0.667267 -0.207888
0.371932 0.225770 1.706247 0.614808 -0.364450 0.668056 -0.207094
0.371456 0.225934 1.706433 0.614948 -0.363228 0.668838 -0.206302
0.370981 0.226105 1.706615 0.615094 -0.362002 0.669610 -0.205514
0.370507 0.226282 1.706793 0.615247 -0.360773 0.670372 -0.204731
0.370036 0.226466 1.706967 0.615408 -0.359542 0.671123 -0.203952
0.369569 0.226656 1.707137 0.615575 -0.358309 0.671863 -0.203179
0.369105 0.226851 1.707303 0.615749 -0.357075 0.672593 -0.202411
0.368645 0.227051 1.707466 0.615929 -0.355839 0.673311 -0.201648
0.368189 0.227255 1.707625 0.616115 -0.354604 0.674020 -0.200889
0.367738 0.227462 1.707781 0.616306 -0.353369 0.674717 -0.200135
0.367292 0.227672 1.707934 0.616503 -0.352135 0.675405 -0.199385
0.366851 0.227884 1.708084 0.616703 -0.350903 0.676082 -0.198638
0.366414 0.228098 1.708232 0.616908 -0.349673 0.676750 -0.197894
0.365983 0.228313 1.708377 0.617117 -0.348446 0.677409 -0.197153
0.365558 0.228528 1.708520 0.617329 -0.347222 0.678058 -0.196414
0.365138 0.228743 1.708660 0.617544 -0.346002 0.678699 -0.195677
0.364723 0.228959 1.708798 0.617762 -0.344786 0.679331 -0.194941
0.364314 0.229173 1.708933 0.617983 -0.343575 0.679954 -0.194207
0.363911 0.229387 1.709067 0.618205 -0.342369 0.680569 -0.193474
0.363513 0.229599 1.709198 0.618430 -0.341168 0.681175 -0.192741
0.363121 0.229810 1.709328 0.618656 -0.339972 0.681774 -0.192008
0.362735 0.230019 1.709456 0.618885 -0.338782 0.682365 -0.191275
0.362355 0.230226 1.709581 0.619114 -0.337598 0.682949 -0.190542
0.361980 0.230430 1.709705 0.619345 -0.336420 0.683524 -0.189809
0.361611 0.230632 1.709827 0.619573 -0.335257 0.684090 -0.189085
0.361248 0.230832 1.709947 0.619793 -0.334116 0.684644 -0.188377
0.360891 0.231029 1.710065 0.620005 -0.332998 0.685186 -0.187686
0.360540 0.231223 1.710181 0.620209 -0.331903 0.685716 -0.187013
0.360194 0.231414 1.710296 0.620406 -0.330831 0.686235 -0.186356
0.359854 0.231602 1.710409 0.620595 -0.329782 0.686742 -0.185716
0.359519 0.231787 1.710520 0.620777 -0.328755 0.687239 -0.185092
0.359190 0.231969 1.710630 0.620952 -0.327750 0.687724 -0.184484
0.358867 0.232147 1.710738 0.621119 -0.326767 0.688199 -0.183890
0.358549 0.232322 1.710844 0.621280 -0.325805 0.688664 -0.183311
0.358172 0.232453 1.710988 0.621427 -0.324709 0.689237 -0.182605
0.357757 0.232558 1.711153 0.621534 -0.323592 0.689862 -0.181865
0.357319 0.232650 1.711329 0.621612 -0.322475 0.690513 -0.181108
0.356867 0.232737 1.711510 0.621674 -0.321360 0.691178 -0.180340
0.356405 0.232824 1.711693 0.621728 -0.320245 0.691848 -0.179567
0.355939 0.232915 1.711876 0.621780 -0.319129 0.692517 -0.178792
0.355470 0.233012 1.712058 0.621833 -0.318011 0.693182 -0.178020
0.355000 0.233116 1.712238 0.621891 -0.316891 0.693840 -0.177251
0.354532 0.233227 1.712415 0.621954 -0.315766 0.694491 -0.176487
0.354065 0.233345 1.712590 0.622023 -0.314639 0.695133 -0.175729
0.353600 0.233470 1.712762 0.622098 -0.313508 0.695766 -0.174977
0.353139 0.233601 1.712931 0.622179 -0.312374 0.696390 -0.174230
0.352681 0.233738 1.713097 0.622266 -0.311239 0.697006 -0.173489
0.352227 0.233880 1.713261 0.622359 -0.310101 0.697612 -0.172752
0.351778 0.234026 1.713422 0.622458 -0.308962 0.698210 -0.172020
0.351333 0.234176 1.713581 0.622562 -0.307823 0.698799 -0.171293
0.350893 0.234330 1.713738 0.622670 -0.306685 0.699380 -0.170568
0.350458 0.234486 1.713892 0.622784 -0.305547 0.699953 -0.169847
0.350028 0.234644 1.714044 0.622901 -0.304410 0.700518 -0.169128
0.349603 0.234803 1.714193 0.623022 -0.303275 0.701075 -0.168411
0.349184 0.234964 1.714340 0.623147 -0.302142 0.701624 -0.167695
0.348770 0.235126 1.714485 0.623275 -0.301012 0.702166 -0.166981
0.348361 0.235288 1.714628 0.623407 -0.299885 0.702701 -0.166267
0.347958 0.235450 1.714769 0.623541 -0.298762 0.703228 -0.165554
0.347561 0.235611 1.714908 0.623678 -0.297642 0.703749 -0.164841
0.347170 0.235772 1.715044 0.623818 -0.296526 0.704262 -0.164127
0.346784 0.235932 1.715179 0.623960 -0.295415 0.704769 -0.163413
0.346404 0.236091 1.715312 0.624105 -0.294308 0.705270 -0.162698
0.346030 0.236248 1.715442 0.624251 -0.293205 0.705764 -0.161982
0.345662 0.236404 1.715571 0.624400 -0.292107 0.706252 -0.161264
0.345299 0.236558 1.715697 0.624544 -0.291029 0.706730 -0.160561
0.344943 0.236711 1.715822 0.624682 -0.289972 0.707198 -0.159874
0.344592 0.236861 1.715944 0.624814 -0.288937 0.707656 -0.159205
0.344246 0.237009 1.716065 0.624940 -0.287924 0.708103 -0.158553
0.343907 0.237155 1.716184 0.625061 -0.286933 0.708541 -0.157917
0.343573 0.237298 1.716301 0.625176 -0.285964 0.708970 -0.157297
0.343245 0.237439 1.716416 0.625285 -0.285015 0.709389 -0.156693
0.342922 0.237578 1.716529 0.625389 -0.284087 0.709799 -0.156104
0.342605 0.237713 1.716640 0.625488 -0.283180 0.710200 -0.155530
0.342293 0.237847 1.716750 0.625582 -0.282293 0.710592 -0.154970
0.341917 0.237931 1.716889 0.625667 -0.281252 0.711084 -0.154268
0.341500 0.237986 1.717041 0.625718 -0.280181 0.711622 -0.153523
0.341058 0.238023 1.717199 0.625746 -0.279104 0.712187 -0.152750
0.340601 0.238052 1.717359 0.625760 -0.278027 0.712765 -0.151958
0.340134 0.238079 1.717517 0.625769 -0.276949 0.713348 -0.151153
0.339662 0.238106 1.717673 0.625777 -0.275869 0.713931 -0.150340
0.339189 0.238138 1.717826 0.625787 -0.274788 0.714511 -0.149523
0.338715 0.238175 1.717975 0.625801 -0.273703 0.715085 -0.148705
0.338243 0.238218 1.718120 0.625820 -0.272615 0.715653 -0.147888
0.337772 0.238268 1.718262 0.625845 -0.271524 0.716213 -0.147074
0.337305 0.238323 1.718401 0.625876 -0.270430 0.716766 -0.146263
0.336842 0.238384 1.718537 0.625913 -0.269333 0.717311 -0.145455
0.336383 0.238450 1.718670 0.625955 -0.268235 0.717849 -0.144651
0.335928 0.238521 1.718800 0.626002 -0.267135 0.718378 -0.143851
0.335479 0.238596 1.718928 0.626055 -0.266034 0.718900 -0.143054
0.335034 0.238676 1.719053 0.626112 -0.264934 0.719414 -0.142260
0.334594 0.238758 1.719176 0.626173 -0.263833 0.719920 -0.141469
0.334160 0.238843 1.719297 0.626239 -0.262734 0.720420 -0.140681
0.333732 0.238931 1.719416 0.626308 -0.261636 0.720912 -0.139895
0.333309 0.239021 1.719534 0.626380 -0.260541 0.721398 -0.139111
0.332892 0.239112 1.719649 0.626456 -0.259447 0.721876 -0.138328
0.332481 0.239204 1.719762 0.626535 -0.258357 0.722348 -0.137546
0.332076 0.239297 1.719874 0.626617 -0.257270 0.722813 -0.136766
0.331676 0.239391 1.719985 0.626700 -0.256189 0.723271 -0.135989
0.331283 0.239485 1.720093 0.626779 -0.255127 0.723720 -0.135230
0.330895 0.239579 1.720200 0.626855 -0.254086 0.724159 -0.134491
0.330514 0.239673 1.720305 0.626925 -0.253066 0.724588 -0.133770
0.330138 0.239766 1.720408 0.626992 -0.252068 0.725008 -0.133069
0.329769 0.239859 1.720510 0.627054 -0.251090 0.725418 -0.132386
0.329405 0.239950 1.720611 0.627111 -0.250133 0.725820 -0.131721
0.329048 0.240041 1.720710 0.627165 -0.249196 0.726213 -0.131073
0.328696 0.240131 1.720808 0.627215 -0.248280 0.726597 -0.130442
0.328350 0.240219 1.720904 0.627260 -0.247384 0.726973 -0.129827
0.328010 0.240306 1.720999 0.627302 -0.246508 0.727342 -0.129228
0.327676 0.240392 1.721093 0.627341 -0.245651 0.727702 -0.128644
0.327347 0.240476 1.721185 0.627376 -0.244813 0.728054 -0.128075
0.327024 0.240558 1.721277 0.627407 -0.243994 0.728399 -0.127520
0.326707 0.240639 1.721366 0.627435 -0.243193 0.728737 -0.126980
0.326395 0.240718 1.721455 0.627460 -0.242411 0.729068 -0.126452
0.326089 0.240796 1.721542 0.627483 -0.241647 0.729392 -0.125938
0.325726 0.240844 1.721652 0.627539 -0.240636 0.729803 -0.125209
0.325326 0.240876 1.721773 0.627582 -0.239568 0.730249 -0.124435
0.324903 0.240901 1.721899 0.627612 -0.238480 0.730714 -0.123643
0.324465 0.240925 1.722027 0.627634 -0.237382 0.731187 -0.122842
0.324017 0.240952 1.722156 0.627653 -0.236278 0.731663 -0.122038
0.323564 0.240984 1.722284 0.627671 -0.235169 0.732138 -0.121234
0.323108 0.241023 1.722410 0.627692 -0.234055 0.732610 -0.120433
0.322650 0.241070 1.722536 0.627715 -0.232937 0.733077 -0.119636
0.322193 0.241124 1.722659 0.627742 -0.231814 0.733538 -0.118845
0.321737 0.241186 1.722781 0.627772 -0.230688 0.733994 -0.118060
0.321283 0.241255 1.722901 0.627807 -0.229559 0.734443 -0.117281
0.320832 0.241331 1.723020 0.627845 -0.228427 0.734886 -0.116508
0.320385 0.241413 1.723137 0.627887 -0.227293 0.735323 -0.115740
0.319941 0.241500 1.723253 0.627932 -0.226159 0.735754 -0.114978
0.319501 0.241592 1.723367 0.627981 -0.225024 0.736178 -0.114220
0.319066 0.241688 1.723479 0.628032 -0.223889 0.736597 -0.113466
0.318635 0.241788 1.723590 0.628087 -0.222755 0.737009 -0.112716
0.318210 0.241891 1.723700 0.628144 -0.221623 0.737416 -0.111969
0.317789 0.241997 1.723808 0.628203 -0.220493 0.737816 -0.111224
0.317374 0.242104 1.723915 0.628265 -0.219365 0.738212 -0.110481
0.316964 0.242214 1.724021 0.628328 -0.218240 0.738601 -0.109739
0.316560 0.242324 1.724126 0.628394 -0.217119 0.738986 -0.108999
0.316161 0.242435 1.724229 0.628461 -0.216001 0.739365 -0.108259
0.315767 0.242547 1.724330 0.628530 -0.214888 0.739738 -0.107519
0.315380 0.242659 1.724431 0.628599 -0.213784 0.740106 -0.106785
0.314998 0.242770 1.724530 0.628664 -0.212701 0.740466 -0.106069
0.314622 0.242882 1.724627 0.628724 -0.211639 0.740818 -0.105372
0.314252 0.242992 1.724723 0.628781 -0.210600 0.741162 -0.104694
0.313887 0.243102 1.724818 0.628833 -0.209582 0.741499 -0.104034
0.313529 0.243211 1.724911 0.628881 -0.208586 0.741829 -0.103392
0.313176 0.243318 1.725003 0.628926 -0.207611 0.742151 -0.102768
0.312829 0.243424 1.725094 0.628966 -0.206658 0.742467 -0.102160
0.312488 0.243529 1.725183 0.629003 -0.205726 0.742776 -0.101568
0.312152 0.243632 1.725272 0.629037 -0.204814 0.743078 -0.100991
0.311822 0.243734 1.725359 0.629067 -0.203923 0.743374 -0.100430
0.311498 0.243833 1.725444 0.629093 -0.203051 0.743663 -0.099883
0.311180 0.243931 1.725529 0.629117 -0.202200 0.743947 -0.099350
0.310867 0.244027 1.725612 0.629138 -0.201367 0.744224 -0.098831
0.310559 0.244121 1.725694 0.629156 -0.200554 0.744496 -0.098325
0.310257 0.244213 1.725775 0.629171 -0.199760 0.744761 -0.097831
0.309895 0.244278 1.725863 0.629218 -0.198742 0.745081 -0.097159
0.309493 0.244330 1.725950 0.629261 -0.197671 0.745422 -0.096455
0.309066 0.244377 1.726034 0.629299 -0.196576 0.745772 -0.095736
0.308622 0.244426 1.726113 0.629336 -0.195464 0.746125 -0.095007
0.308166 0.244479 1.726188 0.629375 -0.194338 0.746480 -0.094271
0.307703 0.244540 1.726258 0.629418 -0.193199 0.746833 -0.093533
0.307236 0.244610 1.726325 0.629464 -0.192050 0.747183 -0.092794
0.306767 0.244688 1.726388 0.629514 -0.190890 0.747529 -0.092057
0.306297 0.244776 1.726448 0.629568 -0.189721 0.747870 -0.091324
0.305827 0.244872 1.726506 0.629626 -0.188545 0.748208 -0.090595
0.305359 0.244977 1.726561 0.629688 -0.187362 0.748540 -0.089870
0.304893 0.245089 1.726615 0.629752 -0.186174 0.748868 -0.089150
0.304430 0.245207 1.726668 0.629819 -0.184983 0.749192 -0.088435
0.303971 0.245331 1.726719 0.629889 -0.183788 0.749511 -0.087724
0.303515 0.245461 1.726769 0.629961 -0.182592 0.749825 -0.087016
0.303064 0.245595 1.726817 0.630034 -0.181395 0.750135 -0.086312
0.302617 0.245732 1.726866 0.630109 -0.180198 0.750441 -0.085610
0.302175 0.245873 1.726913 0.630185 -0.179003 0.750743 -0.084910
0.301738 0.246016 1.726960 0.630262 -0.177810 0.751040 -0.084212
0.301306 0.246160 1.727006 0.630340 -0.176620 0.751334 -0.083517
0.300880 0.246307 1.727052 0.630414 -0.175448 0.751621 -0.082839
0.300459 0.246454 1.727097 0.630484 -0.174297 0.751902 -0.082182
0.300044 0.246601 1.727141 0.630550 -0.173167 0.752177 -0.081545
0.299635 0.246748 1.727185 0.630611 -0.172059 0.752447 -0.080927
0.299232 0.246896 1.727229 0.630669 -0.170972 0.752710 -0.080328
0.298834 0.247042 1.727272 0.630723 -0.169907 0.752968 -0.079747
0.298443 0.247187 1.727315 0.630773 -0.168864 0.753220 -0.079183
0.298058 0.247331 1.727357 0.630819 -0.167842 0.753467 -0.078636
0.297678 0.247474 1.727399 0.630861 -0.166841 0.753709 -0.078105
0.297305 0.247615 1.727441 0.630900 -0.165862 0.753946 -0.077589
0.296938 0.247755 1.727482 0.630936 -0.164903 0.754178 -0.077087
0.296577 0.247892 1.727523 0.630968 -0.163965 0.754405 -0.076600
0.296222 0.248027 1.727563 0.630997 -0.163048 0.754628 -0.076126
0.295873 0.248160 1.727604 0.631023 -0.162151 0.754845 -0.075666
0.295530 0.248290 1.727644 0.631047 -0.161273 0.755059 -0.075218
0.295193 0.248418 1.727683 0.631067 -0.160416 0.755267 -0.074782
0.294861 0.248544 1.727722 0.631085 -0.159577 0.755472 -0.074358
0.294536 0.248667 1.727761 0.631100 -0.158758 0.755673 -0.073944
0.294217 0.248788 1.727800 0.631113 -0.157958 0.755869 -0.073542
0.293903 0.248905 1.727838 0.631123 -0.157176 0.756061 -0.073150
0.293533 0.248999 1.727905 0.631156 -0.156106 0.756315 -0.072527
0.293128 0.249079 1.727991 0.631174 -0.154978 0.756594 -0.071877
0.292699 0.249151 1.728090 0.631176 -0.153833 0.756887 -0.071227
0.292255 0.249220 1.728199 0.631167 -0.152685 0.757188 -0.070583
0.291801 0.249291 1.728316 0.631149 -0.151539 0.757492 -0.069946
0.291340 0.249365 1.728440 0.631126 -0.150395 0.757797 -0.069317
0.290876 0.249443 1.728568 0.631098 -0.149254 0.758102 -0.068696
0.290410 0.249526 1.728700 0.631068 -0.148115 0.758406 -0.068084
0.289944 0.249614 1.728835 0.631037 -0.146979 0.758707 -0.067480
0.289479 0.249707 1.728973 0.631004 -0.145845 0.759006 -0.066883
0.289015 0.249805 1.729112 0.630971 -0.144713 0.759302 -0.066292
0.288555 0.249908 1.729252 0.630938 -0.143584 0.759594 -0.065707
0.288098 0.250014 1.729393 0.630905 -0.142457 0.759884 -0.065126
0.287644 0.250124 1.729535 0.630872 -0.141333 0.760171 -0.064549
0.287195 0.250237 1.729676 0.630839 -0.140212 0.760454 -0.063974
0.286750 0.250353 1.729818 0.630807 -0.139096 0.760733 -0.063402
0.286310 0.250471 1.729958 0.630772 -0.137998 0.761008 -0.062849
0.285875 0.250590 1.730098 0.630734 -0.136921 0.761278 -0.062316
0.285445 0.250710 1.730236 0.630694 -0.135864 0.761542 -0.061803
0.285021 0.250831 1.730374 0.630651 -0.134829 0.761802 -0.061308
0.284603 0.250952 1.730510 0.630605 -0.133815 0.762056 -0.060832
0.284190 0.251074 1.730644 0.630558 -0.132822 0.762306 -0.060372
0.283783 0.251195 1.730778 0.630508 -0.131849 0.762551 -0.059929
0.283382 0.251315 1.730909 0.630456 -0.130897 0.762791 -0.059501
0.282987 0.251435 1.731039 0.630403 -0.129965 0.763027 -0.059087
0.282598 0.251554 1.731168 0.630348 -0.129054 0.763258 -0.058687
0.282216 0.251671 1.731294 0.630291 -0.128162 0.763484 -0.058300
0.281839 0.251787 1.731419 0.630233 -0.127290 0.763707 -0.057925
0.281468 0.251901 1.731542 0.630174 -0.126437 0.763925 -0.057562
0.281104 0.252014 1.731663 0.630114 -0.125603 0.764138 -0.057211
0.280746 0.252125 1.731783 0.630053 -0.124788 0.764348 -0.056870
0.280394 0.252234 1.731900 0.629991 -0.123991 0.764553 -0.056539
0.280048 0.252341 1.732016 0.629928 -0.123212 0.764755 -0.056217
0.279707 0.252446 1.732130 0.629864 -0.122452 0.764952 -0.055905
0.279373 0.252548 1.732242 0.629800 -0.121709 0.765146 -0.055602
0.279045 0.252649 1.732352 0.629735 -0.120983 0.765335 -0.055308
0.278723 0.252747 1.732460 0.629669 -0.120274 0.765522 -0.055021
0.278407 0.252843 1.732567 0.629604 -0.119582 0.765704 -0.054742
0.278096 0.252936 1.732672 0.629538 -0.118906 0.765883 -0.054471
0.277792 0.253027 1.732775 0.629471 -0.118246 0.766058 -0.054207
0.277448 0.253107 1.732877 0.629457 -0.117240 0.766265 -0.053635
0.277082 0.253181 1.732974 0.629453 -0.116145 0.766479 -0.053007
0.276700 0.253253 1.733066 0.629453 -0.115013 0.766693 -0.052362
0.276308 0.253326 1.733155 0.629456 -0.113862 0.766907 -0.051709
0.275910 0.253400 1.733240 0.629461 -0.112698 0.767119 -0.051050
0.275510 0.253478 1.733323 0.629467 -0.111528 0.767329 -0.050390
0.275108 0.253560 1.733403 0.629475 -0.110354 0.767535 -0.049728
0.274706 0.253646 1.733482 0.629483 -0.109177 0.767740 -0.049066
0.274305 0.253736 1.733558 0.629490 -0.108008 0.767941 -0.048416
0.273906 0.253830 1.733634 0.629495 -0.106854 0.768137 -0.047786
0.273510 0.253927 1.733708 0.629497 -0.105719 0.768330 -0.047178
0.273117 0.254028 1.733781 0.629497 -0.104602 0.768519 -0.046591
0.272728 0.254130 1.733852 0.629493 -0.103504 0.768705 -0.046024
0.272342 0.254235 1.733923 0.629488 -0.102425 0.768886 -0.045478
0.271961 0.254342 1.733993 0.629480 -0.101365 0.769064 -0.044950
0.271584 0.254451 1.734062 0.629469 -0.100326 0.769239 -0.044442
0.271212 0.254560 1.734131 0.629456 -0.099306 0.769410 -0.043950
0.270845 0.254670 1.734198 0.629440 -0.098306 0.769578 -0.043476
0.270482 0.254780 1.734265 0.629423 -0.097325 0.769743 -0.043017
0.270125 0.254890 1.734331 0.629403 -0.096365 0.769905 -0.042574
0.269773 0.255000 1.734397 0.629381 -0.095424 0.770063 -0.042145
0.269426 0.255109 1.734461 0.629358 -0.094502 0.770219 -0.041730
0.269084 0.255217 1.734525 0.629332 -0.093600 0.770371 -0.041328
0.268748 0.255325 1.734588 0.629305 -0.092718 0.770521 -0.040939
0.268417 0.255431 1.734651 0.629277 -0.091854 0.770667 -0.040562
0.268091 0.255536 1.734712 0.629247 -0.091010 0.770811 -0.040197
0.267771 0.255639 1.734773 0.629215 -0.090184 0.770952 -0.039842
0.267456 0.255741 1.734833 0.629182 -0.089376 0.771091 -0.039499
0.267147 0.255841 1.734892 0.629149 -0.088587 0.771227 -0.039165
0.266843 0.255939 1.734951 0.629113 -0.087816 0.771360 -0.038841
0.266544 0.256036 1.735009 0.629077 -0.087062 0.771490 -0.038526
0.266250 0.256130 1.735066 0.629040 -0.086326 0.771618 -0.038220
0.265962 0.256223 1.735122 0.629003 -0.085607 0.771744 -0.037923
0.265679 0.256313 1.735177 0.628964 -0.084905 0.771867 -0.037634
0.265401 0.256402 1.735232 0.628925 -0.084219 0.771988 -0.037353
0.265129 0.256488 1.735286 0.628885 -0.083550 0.772106 -0.037079
0.264861 0.256573 1.735339 0.628845 -0.082896 0.772222 -0.036813
0.264599 0.256655 1.735392 0.628804 -0.082258 0.772336 -0.036553
0.264341 0.256735 1.735443 0.628762 -0.081636 0.772448 -0.036301
0.264088 0.256812 1.735494 0.628721 -0.081028 0.772557 -0.036055
0.263801 0.256876 1.735555 0.628720 -0.080025 0.772690 -0.035467
0.263495 0.256930 1.735620 0.628726 -0.078937 0.772825 -0.034838
0.263177 0.256976 1.735689 0.628733 -0.077825 0.772960 -0.034204
0.262853 0.257017 1.735762 0.628739 -0.076706 0.773095 -0.033569
0.262525 0.257054 1.735838 0.628744 -0.075590 0.773229 -0.032935
0.262196 0.257090 1.735916 0.628746 -0.074482 0.773361 -0.032304
0.261868 0.257124 1.735998 0.628744 -0.073396 0.773492 -0.031692
0.261541 0.257158 1.736081 0.628739 -0.072335 0.773620 -0.031101
0.261216 0.257191 1.736165 0.628729 -0.071300 0.773746 -0.030531
0.260894 0.257224 1.736252 0.628717 -0.070290 0.773871 -0.029981
0.260576 0.257258 1.736339 0.628700 -0.069303 0.773993 -0.029450
0.260261 0.257292 1.736427 0.628681 -0.068341 0.774114 -0.028938
0.259950 0.257325 1.736516 0.628659 -0.067402 0.774232 -0.028444
0.259643 0.257359 1.736605 0.628634 -0.066486 0.774349 -0.027966
0.259341 0.257393 1.736694 0.628607 -0.065591 0.774464 -0.027505
0.259043 0.257427 1.736783 0.628578 -0.064718 0.774577 -0.027059
0.258749 0.257460 1.736871 0.628546 -0.063866 0.774688 -0.026628
0.258460 0.257493 1.736959 0.628513 -0.063035 0.774797 -0.026211
0.258176 0.257526 1.737047 0.628479 -0.062224 0.774904 -0.025806
0.257896 0.257559 1.737134 0.628442 -0.061432 0.775010 -0.025415
0.257621 0.257591 1.737220 0.628405 -0.060660 0.775113 -0.025035
0.257351 0.257622 1.737305 0.628366 -0.059906 0.775215 -0.024667
0.257085 0.257652 1.737390 0.628327 -0.059171 0.775315 -0.024310
0.256824 0.257682 1.737473 0.628286 -0.058454 0.775413 -0.023963
0.256568 0.257711 1.737555 0.628245 -0.057754 0.775509 -0.023626
0.256316 0.257739 1.737637 0.628203 -0.057071 0.775604 -0.023299
0.256069 0.257767 1.737717 0.628160 -0.056405 0.775696 -0.022981
0.255826 0.257793 1.737796 0.628117 -0.055756 0.775787 -0.022672
0.255588 0.257819 1.737874 0.628074 -0.055123 0.775877 -0.022371
0.255355 0.257843 1.737951 0.628030 -0.054505 0.775964 -0.022078
0.255125 0.257866 1.738026 0.627986 -0.053903 0.776050 -0.021793
0.254901 0.257889 1.738101 0.627941 -0.053315 0.776134 -0.021516
0.254680 0.257910 1.738174 0.627897 -0.052743 0.776217 -0.021246
0.254464 0.257931 1.738246 0.627853 -0.052185 0.776297 -0.020983
0.254252 0.257950 1.738317 0.627808 -0.051640 0.776377 -0.020726
0.254044 0.257969 1.738387 0.627763 -0.051110 0.776455 -0.020477
0.253840 0.257986 1.738455 0.627719 -0.050593 0.776531 -0.020233
0.253640 0.258003 1.738523 0.627674 -0.050089 0.776606 -0.019996
0.253445 0.258018 1.738589 0.627630 -0.049598 0.776679 -0.019765
0.253253 0.258032 1.738654 0.627586 -0.049119 0.776751 -0.019539
0.253046 0.258046 1.738725 0.627556 -0.048335 0.776836 -0.019025
0.252831 0.258059 1.738798 0.627528 -0.047490 0.776925 -0.018480
0.252612 0.258073 1.738873 0.627497 -0.046636 0.777014 -0.017942
0.252390 0.258086 1.738949 0.627463 -0.045789 0.777103 -0.017421
0.252169 0.258099 1.739026 0.627428 -0.044955 0.777192 -0.016917
0.251948 0.258113 1.739103 0.627391 -0.044137 0.777279 -0.016430
0.251728 0.258127 1.739181 0.627351 -0.043337 0.777366 -0.015960
0.251510 0.258142 1.739260 0.627310 -0.042555 0.777452 -0.015506
0.251294 0.258157 1.739339 0.627267 -0.041791 0.777536 -0.015068
0.251081 0.258173 1.739418 0.627223 -0.041044 0.777620 -0.014644
0.250870 0.258189 1.739497 0.627178 -0.040315 0.777702 -0.014234
0.250661 0.258206 1.739575 0.627131 -0.039604 0.777783 -0.013837
0.250456 0.258223 1.739653 0.627084 -0.038909 0.777863 -0.013453
0.250254 0.258240 1.739731 0.627036 -0.038230 0.777942 -0.013082
0.250054 0.258257 1.739808 0.626987 -0.037568 0.778019 -0.012721
0.249858 0.258275 1.739884 0.626938 -0.036922 0.778096 -0.012372
0.249665 0.258292 1.739960 0.626888 -0.036290 0.778171 -0.012034
0.249475 0.258309 1.740035 0.626838 -0.035675 0.778245 -0.011705
0.249288 0.258326 1.740109 0.626787 -0.035073 0.778317 -0.011387
0.249104 0.258343 1.740182 0.626737 -0.034487 0.778389 -0.011077
0.248923 0.258359 1.740254 0.626686 -0.033914 0.778459 -0.010776
0.248746 0.258376 1.740325 0.626635 -0.033356 0.778528 -0.010484
0.248571 0.258391 1.740396 0.626584 -0.032811 0.778596 -0.010200
0.248400 0.258407 1.740465 0.626533 -0.032279 0.778663 -0.009924
0.248232 0.258422 1.740533 0.626483 -0.031761 0.778728 -0.009655
0.248067 0.258436 1.740601 0.626432 -0.031255 0.778792 -0.009394
0.247905 0.258450 1.740667 0.626382 -0.030761 0.778855 -0.009140
0.247746 0.258463 1.740732 0.626332 -0.030280 0.778917 -0.008892
0.247590 0.258476 1.740797 0.626282 -0.029811 0.778978 -0.008651
0.247437 0.258488 1.740860 0.626233 -0.029353 0.779038 -0.008416
0.247287 0.258500 1.740922 0.626184 -0.028907 0.779096 -0.008188
0.247140 0.258511 1.740983 0.626135 -0.028472 0.779154 -0.007965
0.246996 0.258521 1.741044 0.626087 -0.028048 0.779210 -0.007748
0.246855 0.258531 1.741103 0.626039 -0.027634 0.779266 -0.007536
0.246716 0.258540 1.741161 0.625991 -0.027231 0.779320 -0.007330
0.246580 0.258549 1.741218 0.625944 -0.026838 0.779373 -0.007129
0.246447 0.258557 1.741275 0.625898 -0.026455 0.779426 -0.006933
0.246316 0.258564 1.741330 0.625852 -0.026082 0.779477 -0.006742
0.246189 0.258571 1.741385 0.625806 -0.025718 0.779527 -0.006555
0.246063 0.258577 1.741438 0.625761 -0.025364 0.779576 -0.006373
0.245950 0.258596 1.741488 0.625742 -0.024775 0.779614 -0.005986
0.245849 0.258621 1.741534 0.625737 -0.024129 0.779641 -0.005571
0.245758 0.258647 1.741577 0.625740 -0.023472 0.779661 -0.005158
0.245676 0.258671 1.741620 0.625749 -0.022822 0.779676 -0.004752
0.245602 0.258692 1.741662 0.625760 -0.022186 0.779688 -0.004354
0.245535 0.258709 1.741703 0.625773 -0.021568 0.779697 -0.003963
0.245474 0.258721 1.741744 0.625787 -0.020971 0.779704 -0.003579
0.245418 0.258728 1.741785 0.625801 -0.020394 0.779710 -0.003200
0.245368 0.258730 1.741826 0.625815 -0.019838 0.779714 -0.002826
0.245322 0.258728 1.741866 0.625829 -0.019302 0.779717 -0.002458
0.245281 0.258722 1.741905 0.625843 -0.018786 0.779720 -0.002094
0.245243 0.258711 1.741945 0.625857 -0.018289 0.779721 -0.001735
0.245208 0.258697 1.741983 0.625871 -0.017809 0.779722 -0.001381
0.245177 0.258679 1.742021 0.625884 -0.017347 0.779722 -0.001032
0.245148 0.258658 1.742059 0.625897 -0.016900 0.779722 -0.000687
0.245122 0.258635 1.742096 0.625910 -0.016470 0.779721 -0.000348
0.245099 0.258609 1.742132 0.625922 -0.016054 0.779720 -0.000014
0.245078 0.258580 1.742168 0.625935 -0.015652 0.779718 0.000315
0.245058 0.258550 1.742203 0.625947 -0.015264 0.779716 0.000639
0.245041 0.258518 1.742237 0.625958 -0.014888 0.779714 0.000958
0.245025 0.258484 1.742271 0.625970 -0.014525 0.779711 0.001271
0.245011 0.258449 1.742305 0.625981 -0.014174 0.779708 0.001579
0.244998 0.258412 1.742337 0.625992 -0.013834 0.779705 0.001881
0.244986 0.258375 1.742369 0.626002 -0.013505 0.779701 0.002178
0.244976 0.258337 1.742401 0.626013 -0.013186 0.779697 0.002470
0.244967 0.258297 1.742432 0.626023 -0.012878 0.779693 0.002756
0.244958 0.258258 1.742463 0.626033 -0.012578 0.779689 0.003037
0.244951 0.258217 1.742493 0.626042 -0.012288 0.779685 0.003312
0.244944 0.258177 1.742522 0.626052 -0.012007 0.779681 0.003582
0.244939 0.258136 1.742551 0.626061 -0.011735 0.779676 0.003846
0.244934 0.258095 1.742580 0.626070 -0.011470 0.779672 0.004105
0.244929 0.258053 1.742608 0.626078 -0.011214 0.779667 0.004359
0.244925 0.258012 1.742635 0.626087 -0.010965 0.779663 0.004607
0.244922 0.257971 1.742663 0.626095 -0.010723 0.779658 0.004851
0.244919 0.257929 1.742689 0.626103 -0.010489 0.779654 0.005089
0.244917 0.257888 1.742716 0.626110 -0.010261 0.779649 0.005322
0.244915 0.257847 1.742741 0.626117 -0.010040 0.779644 0.005550
0.244913 0.257806 1.742767 0.626125 -0.009826 0.779640 0.005773
0.244912 0.257765 1.742792 0.626131 -0.009617 0.779635 0.005991
0.244911 0.257725 1.742817 0.626138 -0.009414 0.779631 0.006204
0.244934 0.257720 1.742844 0.626145 -0.009124 0.779626 0.006477
0.244973 0.257742 1.742873 0.626151 -0.008810 0.779623 0.006740
0.245024 0.257780 1.742902 0.626156 -0.008487 0.779621 0.006986
0.245084 0.257831 1.742931 0.626158 -0.008163 0.779620 0.007216
0.245148 0.257890 1.742960 0.626159 -0.007840 0.779620 0.007432
0.245217 0.257954 1.742988 0.626160 -0.007521 0.779621 0.007638
0.245288 0.258021 1.743015 0.626159 -0.007205 0.779623 0.007835
0.245362 0.258089 1.743041 0.626158 -0.006896 0.779625 0.008026
0.245436 0.258158 1.743066 0.626156 -0.006592 0.779627 0.008211
0.245511 0.258227 1.743090 0.626154 -0.006294 0.779629 0.008393
0.245586 0.258295 1.743113 0.626152 -0.006002 0.779631 0.008570
0.245661 0.258362 1.743135 0.626150 -0.005717 0.779632 0.008744
0.245736 0.258428 1.743156 0.626148 -0.005439 0.779634 0.008915
0.245810 0.258493 1.743175 0.626147 -0.005166 0.779635 0.009083
0.245884 0.258557 1.743194 0.626145 -0.004900 0.779636 0.009249
0.245958 0.258619 1.743212 0.626144 -0.004640 0.779637 0.009411
0.246030 0.258679 1.743229 0.626143 -0.004386 0.779637 0.009571
0.246102 0.258738 1.743246 0.626142 -0.004139 0.779638 0.009729
0.246173 0.258795 1.743261 0.626141 -0.003897 0.779638 0.009883
0.246243 0.258852 1.743277 0.626140 -0.003660 0.779637 0.010035
0.246313 0.258906 1.743291 0.626139 -0.003430 0.779637 0.010185
0.246381 0.258960 1.743305 0.626139 -0.003205 0.779637 0.010331
0.246449 0.259012 1.743319 0.626138 -0.002986 0.779636 0.010476
0.246516 0.259062 1.743332 0.626138 -0.002771 0.779635 0.010617
0.246581 0.259112 1.743344 0.626138 -0.002562 0.779634 0.010756
0.246646 0.259160 1.743356 0.626137 -0.002358 0.779633 0.010892
0.246710 0.259208 1.743368 0.626137 -0.002159 0.779632 0.011025
0.246773 0.259254 1.743380 0.626137 -0.001965 0.779631 0.011156
0.246835 0.259299 1.743391 0.626137 -0.001775 0.779629 0.011285
0.246896 0.259343 1.743402 0.626137 -0.001590 0.779628 0.011410
0.246956 0.259386 1.743412 0.626137 -0.001410 0.779627 0.011534
0.247015 0.259428 1.743422 0.626137 -0.001233 0.779625 0.011654
0.247073 0.259469 1.743432 0.626137 -0.001061 0.779624 0.011773
0.247131 0.259509 1.743442 0.626137 -0.000893 0.779622 0.011888
0.247187 0.259548 1.743451 0.626137 -0.000729 0.779621 0.012002
0.247243 0.259587 1.743461 0.626137 -0.000569 0.779619 0.012113
0.247297 0.259624 1.743470 0.626137 -0.000413 0.779617 0.012222
0.247351 0.259661 1.743478 0.626137 -0.000260 0.779616 0.012328
0.247404 0.259697 1.743487 0.626137 -0.000111 0.779614 0.012432
0.247456 0.259733 1.743495 0.626136 0.000034 0.779613 0.012534
0.247545 0.259812 1.743518 0.626143 0.000329 0.779604 0.012759
0.247660 0.259919 1.743552 0.626152 0.000652 0.779593 0.012976
0.247793 0.260043 1.743596 0.626161 0.000975 0.779582 0.013166
0.247939 0.260177 1.743649 0.626167 0.001288 0.779574 0.013330
0.248094 0.260315 1.743708 0.626170 0.001587 0.779568 0.013474
0.248255 0.260453 1.743773 0.626171 0.001871 0.779565 0.013601
0.248421 0.260589 1.743842 0.626170 0.002138 0.779563 0.013717
0.248589 0.260722 1.743913 0.626167 0.002390 0.779562 0.013825
0.248760 0.260851 1.743987 0.626163 0.002627 0.779563 0.013927
0.248932 0.260975 1.744062 0.626158 0.002850 0.779565 0.014025
0.249104 0.261094 1.744138 0.626152 0.003060 0.779567 0.014120
0.249276 0.261208 1.744215 0.626146 0.003259 0.779570 0.014213
0.249447 0.261317 1.744291 0.626139 0.003446 0.779573 0.014305
0.249618 0.261421 1.744367 0.626132 0.003623 0.779576 0.014396
0.249788 0.261520 1.744442 0.626126 0.003791 0.779578 0.014487
0.249957 0.261616 1.744517 0.626119 0.003950 0.779581 0.014578
0.250125 0.261707 1.744590 0.626113 0.004101 0.779584 0.014668
0.250291 0.261794 1.744663 0.626107 0.004245 0.779586 0.014758
0.250455 0.261877 1.744734 0.626102 0.004382 0.779588 0.014849
0.250618 0.261957 1.744805 0.626097 0.004513 0.779589 0.014938
0.250779 0.262034 1.744874 0.626092 0.004639 0.779591 0.015028
0.250938 0.262108 1.744941 0.626088 0.004759 0.779592 0.015117
0.251095 0.262178 1.745008 0.626084 0.004874 0.779592 0.015206
0.251250 0.262247 1.745073 0.626080 0.004985 0.779593 0.015295
0.251404 0.262312 1.745136 0.626077 0.005091 0.779593 0.015382
0.251555 0.262376 1.745199 0.626074 0.005194 0.779593 0.015469
0.251704 0.262437 1.745260 0.626072 0.005292 0.779592 0.015556
0.251851 0.262496 1.745320 0.626069 0.005388 0.779592 0.015642
0.251996 0.262553 1.745378 0.626068 0.005480 0.779591 0.015726
0.252139 0.262608 1.745435 0.626066 0.005568 0.779590 0.015810
0.252280 0.262662 1.745491 0.626065 0.005654 0.779588 0.015893
0.252419 0.262714 1.745546 0.626064 0.005738 0.779587 0.015976
0.252555 0.262765 1.745599 0.626063 0.005818 0.779585 0.016056
0.252690 0.262814 1.745652 0.626063 0.005897 0.779583 0.016136
0.252822 0.262861 1.745703 0.626062 0.005972 0.779581 0.016215
0.252952 0.262908 1.745753 0.626062 0.006046 0.779579 0.016293
0.253080 0.262953 1.745802 0.626063 0.006118 0.779577 0.016370
0.253206 0.262997 1.745849 0.626063 0.006188 0.779575 0.016445
0.253330 0.263040 1.745896 0.626063 0.006256 0.779572 0.016519
0.253452 0.263082 1.745942 0.626064 0.006322 0.779570 0.016592
0.253609 0.263173 1.745980 0.626084 0.006461 0.779552 0.016625
0.253792 0.263296 1.746014 0.626114 0.006641 0.779526 0.016626
0.253994 0.263437 1.746043 0.626152 0.006844 0.779494 0.016606
0.254208 0.263589 1.746069 0.626194 0.007058 0.779459 0.016574
0.254433 0.263745 1.746092 0.626239 0.007275 0.779422 0.016535
0.254664 0.263903 1.746112 0.626286 0.007490 0.779383 0.016495
0.254901 0.264058 1.746130 0.626334 0.007702 0.779343 0.016456
0.255140 0.264210 1.746145 0.626383 0.007907 0.779302 0.016422
0.255382 0.264357 1.746157 0.626434 0.008106 0.779260 0.016394
0.255625 0.264499 1.746167 0.626485 0.008297 0.779218 0.016371
0.255869 0.264635 1.746175 0.626536 0.008481 0.779175 0.016355
0.256112 0.264766 1.746181 0.626588 0.008657 0.779131 0.016345
0.256355 0.264891 1.746186 0.626641 0.008827 0.779087 0.016341
0.256597 0.265010 1.746188 0.626694 0.008989 0.779042 0.016343
0.256837 0.265125 1.746190 0.626748 0.009145 0.778997 0.016350
0.257075 0.265234 1.746190 0.626802 0.009295 0.778951 0.016362
0.257312 0.265339 1.746188 0.626856 0.009438 0.778906 0.016379
0.257546 0.265439 1.746186 0.626910 0.009576 0.778860 0.016400
0.257779 0.265534 1.746183 0.626964 0.009708 0.778815 0.016424
0.258008 0.265626 1.746178 0.627018 0.009835 0.778769 0.016452
0.258236 0.265713 1.746173 0.627072 0.009957 0.778724 0.016483
0.258460 0.265798 1.746168 0.627125 0.010074 0.778678 0.016517
0.258682 0.265879 1.746161 0.627179 0.010187 0.778633 0.016553
0.258901 0.265956 1.746155 0.627232 0.010296 0.778588 0.016590
0.259118 0.266031 1.746148 0.627284 0.010401 0.778543 0.016630
0.259331 0.266103 1.746140 0.627337 0.010502 0.778499 0.016671
0.259541 0.266172 1.746132 0.627388 0.010600 0.778455 0.016713
0.259749 0.266239 1.746124 0.627440 0.010694 0.778411 0.016756
0.259953 0.266304 1.746115 0.627490 0.010785 0.778368 0.016800
0.260155 0.266366 1.746107 0.627541 0.010873 0.778325 0.016845
0.260353 0.266427 1.746098 0.627590 0.010959 0.778283 0.016890
0.260548 0.266485 1.746089 0.627640 0.011041 0.778242 0.016935
0.260741 0.266542 1.746080 0.627688 0.011121 0.778200 0.016981
0.260930 0.266597 1.746071 0.627736 0.011199 0.778160 0.017027
0.261116 0.266650 1.746061 0.627783 0.011274 0.778119 0.017073
0.261300 0.266702 1.746052 0.627830 0.011347 0.778080 0.017119
0.261480 0.266753 1.746043 0.627876 0.011418 0.778041 0.017165
0.261658 0.266802 1.746033 0.627921 0.011487 0.778002 0.017211
0.261832 0.266850 1.746024 0.627966 0.011555 0.777964 0.017256
0.262003 0.266896 1.746015 0.628010 0.011620 0.777927 0.017301
0.262230 0.267005 1.746010 0.628067 0.011682 0.777880 0.017262
0.262495 0.267155 1.746010 0.628129 0.011755 0.777831 0.017180
0.262786 0.267328 1.746015 0.628192 0.011835 0.777781 0.017067
0.263096 0.267515 1.746023 0.628254 0.011914 0.777732 0.016934
0.263418 0.267708 1.746033 0.628315 0.011990 0.777685 0.016790
0.263748 0.267902 1.746044 0.628375 0.012059 0.777639 0.016641
0.264085 0.268093 1.746056 0.628434 0.012121 0.777594 0.016492
0.264425 0.268280 1.746068 0.628492 0.012175 0.777549 0.016346
0.264767 0.268461 1.746079 0.628549 0.012222 0.777505 0.016206
0.265109 0.268635 1.746090 0.628607 0.012261 0.777461 0.016073
0.265452 0.268802 1.746099 0.628664 0.012293 0.777416 0.015948
0.265793 0.268962 1.746108 0.628721 0.012318 0.777372 0.015831
0.266133 0.269115 1.746116 0.628779 0.012337 0.777327 0.015723
0.266471 0.269261 1.746122 0.628837 0.012351 0.777282 0.015623
0.266806 0.269400 1.746127 0.628894 0.012360 0.777237 0.015531
0.267138 0.269533 1.746132 0.628953 0.012364 0.777192 0.015446
0.267467 0.269659 1.746135 0.629011 0.012364 0.777146 0.015369
0.267793 0.269780 1.746137 0.629069 0.012361 0.777100 0.015298
0.268116 0.269896 1.746138 0.629128 0.012354 0.777054 0.015234
0.268434 0.270006 1.746138 0.629186 0.012345 0.777008 0.015176
0.268749 0.270111 1.746138 0.629244 0.012333 0.776962 0.015123
0.269060 0.270213 1.746136 0.629303 0.012319 0.776916 0.015075
0.269367 0.270310 1.746134 0.629361 0.012303 0.776871 0.015031
0.269670 0.270403 1.746132 0.629419 0.012286 0.776825 0.014993
0.269969 0.270492 1.746128 0.629476 0.012267 0.776779 0.014958
0.270264 0.270578 1.746125 0.629533 0.012247 0.776734 0.014926
0.270554 0.270661 1.746120 0.629590 0.012226 0.776688 0.014898
0.270840 0.270740 1.746115 0.629646 0.012204 0.776644 0.014873
0.271122 0.270817 1.746110 0.629702 0.012181 0.776599 0.014851
0.271400 0.270892 1.746104 0.629758 0.012159 0.776555 0.014831
0.271673 0.270964 1.746098 0.629813 0.012135 0.776511 0.014814
0.271942 0.271033 1.746092 0.629867 0.012112 0.776467 0.014799
0.272207 0.271100 1.746085 0.629921 0.012088 0.776424 0.014786
0.272467 0.271166 1.746078 0.629974 0.012065 0.776382 0.014775
0.272723 0.271229 1.746071 0.630027 0.012041 0.776340 0.014765
0.272975 0.271291 1.746064 0.630079 0.012018 0.776298 0.014757
0.273223 0.271350 1.746056 0.630130 0.011995 0.776257 0.014750
0.273467 0.271409 1.746048 0.630181 0.011972 0.776216 0.014745
0.273706 0.271465 1.746041 0.630231 0.011950 0.776176 0.014740
0.273942 0.271521 1.746032 0.630280 0.011928 0.776136 0.014737
0.274230 0.271643 1.746013 0.630362 0.011894 0.776073 0.014562
0.274555 0.271807 1.745985 0.630463 0.011886 0.775996 0.014316
0.274906 0.271997 1.745952 0.630574 0.011900 0.775911 0.014034
0.275276 0.272201 1.745913 0.630692 0.011927 0.775820 0.013736
0.275657 0.272410 1.745870 0.630813 0.011962 0.775726 0.013432
0.276048 0.272620 1.745824 0.630938 0.011999 0.775630 0.013132
0.276444 0.272826 1.745774 0.631064 0.012037 0.775531 0.012840
0.276844 0.273027 1.745720 0.631191 0.012072 0.775432 0.012559
0.277245 0.273222 1.745665 0.631318 0.012104 0.775332 0.012291
0.277647 0.273408 1.745606 0.631447 0.012131 0.775231 0.012037
0.278048 0.273587 1.745545 0.631575 0.012155 0.775129 0.011798
0.278448 0.273758 1.745482 0.631704 0.012173 0.775027 0.011573
0.278846 0.273920 1.745418 0.631833 0.012188 0.774925 0.011361
0.279242 0.274075 1.745352 0.631962 0.012198 0.774823 0.011162
0.279634 0.274223 1.745285 0.632091 0.012204 0.774720 0.010976
0.280023 0.274363 1.745217 0.632220 0.012206 0.774618 0.010801
0.280408 0.274497 1.745148 0.632348 0.012205 0.774515 0.010637
0.280790 0.274624 1.745078 0.632475 0.012201 0.774414 0.010484
0.281167 0.274745 1.745008 0.632602 0.012193 0.774312 0.010340
0.281540 0.274861 1.744938 0.632728 0.012183 0.774211 0.010205
0.281909 0.274971 1.744867 0.632853 0.012171 0.774111 0.010078
0.282273 0.275076 1.744797 0.632976 0.012156 0.774012 0.009959
0.282632 0.275177 1.744727 0.633099 0.012140 0.773913 0.009847
0.282987 0.275273 1.744657 0.633221 0.012122 0.773815 0.009742
0.283336 0.275365 1.744587 0.633341 0.012102 0.773718 0.009643
0.283681 0.275453 1.744518 0.633460 0.012081 0.773622 0.009549
0.284021 0.275538 1.744449 0.633578 0.012059 0.773527 0.009461
0.284355 0.275619 1.744381 0.633694 0.012036 0.773433 0.009377
0.284685 0.275697 1.744313 0.633809 0.012013 0.773340 0.009298
0.285010 0.275773 1.744246 0.633922 0.011988 0.773249 0.009223
0.285330 0.275845 1.744179 0.634034 0.011963 0.773158 0.009152
0.285644 0.275915 1.744113 0.634144 0.011938 0.773069 0.009085
0.285954 0.275983 1.744048 0.634253 0.011912 0.772981 0.009021
0.286259 0.276048 1.743984 0.634361 0.011886 0.772894 0.008961
0.286559 0.276111 1.743921 0.634466 0.011861 0.772808 0.008903
0.286853 0.276172 1.743858 0.634570 0.011835 0.772724 0.008848
0.287143 0.276232 1.743796 0.634673 0.011809 0.772641 0.008795
0.287428 0.276289 1.743735 0.634774 0.011783 0.772559 0.008745
0.287708 0.276345 1.743675 0.634873 0.011758 0.772478 0.008697
0.287984 0.276400 1.743615 0.634971 0.011733 0.772398 0.008651
0.288307 0.276508 1.743556 0.635074 0.011672 0.772317 0.008466
0.288664 0.276649 1.743497 0.635176 0.011622 0.772236 0.008235
0.289044 0.276809 1.743437 0.635277 0.011582 0.772157 0.007981
0.289441 0.276978 1.743377 0.635375 0.011546 0.772078 0.007717
0.289848 0.277149 1.743315 0.635473 0.011511 0.772001 0.007453
0.290264 0.277319 1.743250 0.635570 0.011474 0.771925 0.007194
0.290684 0.277484 1.743184 0.635666 0.011435 0.771848 0.006944
0.291107 0.277643 1.743115 0.635763 0.011392 0.771771 0.006707
0.291531 0.277795 1.743043 0.635860 0.011345 0.771694 0.006483
0.291955 0.277939 1.742970 0.635958 0.011294 0.771616 0.006273
0.292379 0.278075 1.742894 0.636056 0.011240 0.771537 0.006077
0.292800 0.278203 1.742816 0.636155 0.011183 0.771457 0.005896
0.293220 0.278324 1.742737 0.636255 0.011122 0.771378 0.005728
0.293636 0.278437 1.742656 0.636355 0.011059 0.771297 0.005572
0.294049 0.278543 1.742575 0.636455 0.010993 0.771216 0.005429
0.294459 0.278642 1.742492 0.636556 0.010925 0.771135 0.005298
0.294864 0.278735 1.742409 0.636657 0.010855 0.771054 0.005177
0.295266 0.278822 1.742325 0.636757 0.010783 0.770972 0.005065
0.295662 0.278904 1.742241 0.636858 0.010710 0.770891 0.004963
0.296055 0.278981 1.742156 0.636958 0.010636 0.770809 0.004869
0.296442 0.279053 1.742072 0.637058 0.010561 0.770728 0.004783
0.296825 0.279120 1.741988 0.637158 0.010486 0.770648 0.004704
0.297203 0.279184 1.741904 0.637257 0.010410 0.770567 0.004632
0.297575 0.279243 1.741820 0.637355 0.010334 0.770488 0.004566
0.297943 0.279299 1.741737 0.637452 0.010257 0.770408 0.004506
0.298305 0.279353 1.741655 0.637549 0.010181 0.770330 0.004450
0.298662 0.279402 1.741573 0.637644 0.010105 0.770252 0.004399
0.299014 0.279450 1.741491 0.637739 0.010030 0.770175 0.004353
0.299360 0.279494 1.741411 0.637833 0.009955 0.770099 0.004310
0.299701 0.279537 1.741331 0.637925 0.009881 0.770023 0.004272
0.300037 0.279577 1.741252 0.638017 0.009807 0.769948 0.004236
0.300367 0.279615 1.741174 0.638107 0.009734 0.769875 0.004204
0.300692 0.279651 1.741097 0.638196 0.009663 0.769802 0.004174
0.301012 0.279686 1.741021 0.638284 0.009592 0.769730 0.004147
0.301327 0.279719 1.740945 0.638371 0.009522 0.769659 0.004122
0.301636 0.279751 1.740871 0.638457 0.009454 0.769589 0.004099
0.301940 0.279781 1.740798 0.638541 0.009387 0.769519 0.004079
0.302239 0.279810 1.740725 0.638625 0.009320 0.769451 0.004060
0.302533 0.279839 1.740654 0.638706 0.009256 0.769384 0.004043
0.302822 0.279866 1.740583 0.638787 0.009192 0.769318 0.004027
0.303149 0.279937 1.740506 0.638871 0.009103 0.769250 0.003884
0.303503 0.280035 1.740422 0.638956 0.009024 0.769181 0.003695
0.303877 0.280149 1.740332 0.639042 0.008956 0.769112 0.003486
0.304264 0.280270 1.740234 0.639129 0.008897 0.769042 0.003273
0.304661 0.280394 1.740130 0.639217 0.008844 0.768970 0.003064
0.305063 0.280516 1.740020 0.639307 0.008794 0.768896 0.002865
0.305470 0.280634 1.739904 0.639399 0.008747 0.768821 0.002679
0.305879 0.280748 1.739782 0.639493 0.008701 0.768744 0.002507
0.306288 0.280856 1.739656 0.639589 0.008656 0.768664 0.002351
0.306697 0.280957 1.739526 0.639688 0.008611 0.768583 0.002211
0.307105 0.281052 1.739392 0.639788 0.008566 0.768501 0.002085
0.307511 0.281141 1.739255 0.639890 0.008521 0.768417 0.001974
0.307915 0.281223 1.739116 0.639993 0.008475 0.768331 0.001876
0.308315 0.281300 1.738974 0.640098 0.008430 0.768245 0.001791
0.308713 0.281371 1.738831 0.640204 0.008383 0.768158 0.001717
0.309106 0.281436 1.738687 0.640310 0.008337 0.768069 0.001654
0.309496 0.281497 1.738543 0.640417 0.008290 0.767981 0.001601
0.309882 0.281553 1.738398 0.640524 0.008243 0.767892 0.001557
0.310263 0.281605 1.738252 0.640632 0.008195 0.767803 0.001521
0.310640 0.281652 1.738107 0.640739 0.008147 0.767714 0.001492
0.311012 0.281696 1.737963 0.640846 0.008099 0.767625 0.001470
0.311379 0.281736 1.737819 0.640953 0.008051 0.767537 0.001454
0.311741 0.281774 1.737675 0.641059 0.008003 0.767449 0.001444
0.312098 0.281808 1.737533 0.641164 0.007955 0.767361 0.001438
0.312451 0.281840 1.737392 0.641269 0.007908 0.767274 0.001437
0.312798 0.281869 1.737253 0.641373 0.007860 0.767188 0.001439
0.313140 0.281896 1.737114 0.641476 0.007813 0.767102 0.001446
0.313477 0.281920 1.736977 0.641578 0.007766 0.767017 0.001455
0.313809 0.281943 1.736842 0.641679 0.007719 0.766933 0.001467
0.314135 0.281964 1.736708 0.641779 0.007673 0.766850 0.001481
0.314457 0.281984 1.736576 0.641877 0.007628 0.766768 0.001498
0.314773 0.282002 1.736446 0.641974 0.007583 0.766687 0.001517
0.315084 0.282019 1.736317 0.642071 0.007538 0.766607 0.001537
0.315390 0.282035 1.736190 0.642165 0.007495 0.766528 0.001558
0.315691 0.282050 1.736065 0.642259 0.007452 0.766450 0.001581
0.315986 0.282063 1.735942 0.642351 0.007410 0.766373 0.001605
0.316277 0.282076 1.735821 0.642442 0.007369 0.766297 0.001630
0.316563 0.282088 1.735701 0.642531 0.007328 0.766223 0.001656
0.316843 0.282100 1.735583 0.642620 0.007289 0.766149 0.001682
0.317119 0.282111 1.735468 0.642706 0.007250 0.766076 0.001708
0.317436 0.282174 1.735350 0.642802 0.007206 0.765997 0.001580
0.317782 0.282268 1.735233 0.642901 0.007185 0.765914 0.001389
0.318149 0.282378 1.735115 0.643000 0.007179 0.765832 0.001165
0.318529 0.282496 1.734997 0.643098 0.007180 0.765749 0.000926
0.318920 0.282615 1.734879 0.643197 0.007182 0.765667 0.000683
0.319317 0.282731 1.734759 0.643294 0.007182 0.765585 0.000444
0.319718 0.282843 1.734639 0.643392 0.007177 0.765503 0.000212
0.320122 0.282947 1.734517 0.643490 0.007168 0.765421 -0.000008
0.320527 0.283043 1.734395 0.643588 0.007153 0.765339 -0.000215
0.320932 0.283132 1.734271 0.643686 0.007133 0.765256 -0.000408
0.321337 0.283213 1.734147 0.643785 0.007107 0.765173 -0.000588
0.321739 0.283286 1.734022 0.643885 0.007077 0.765090 -0.000754
0.322140 0.283352 1.733897 0.643984 0.007042 0.765006 -0.000907
0.322538 0.283411 1.733772 0.644084 0.007002 0.764922 -0.001047
0.322933 0.283463 1.733647 0.644184 0.006959 0.764838 -0.001175
0.323325 0.283509 1.733521 0.644284 0.006912 0.764754 -0.001293
0.323713 0.283549 1.733397 0.644384 0.006863 0.764670 -0.001400
0.324097 0.283584 1.733272 0.644484 0.006810 0.764586 -0.001497
0.324478 0.283613 1.733149 0.644584 0.006755 0.764502 -0.001585
0.324854 0.283638 1.733026 0.644683 0.006698 0.764419 -0.001665
0.325225 0.283659 1.732904 0.644782 0.006639 0.764336 -0.001738
0.325592 0.283677 1.732783 0.644879 0.006579 0.764254 -0.001803
0.325955 0.283690 1.732663 0.644977 0.006518 0.764172 -0.001862
0.326312 0.283701 1.732545 0.645073 0.006455 0.764091 -0.001915
0.326665 0.283708 1.732427 0.645169 0.006391 0.764011 -0.001963
0.327013 0.283713 1.732311 0.645264 0.006328 0.763931 -0.002005
0.327356 0.283716 1.732196 0.645358 0.006263 0.763852 -0.002043
0.327694 0.283716 1.732083 0.645450 0.006198 0.763774 -0.002077
0.328027 0.283715 1.731971 0.645542 0.006133 0.763697 -0.002107
0.328355 0.283712 1.731861 0.645633 0.006069 0.763621 -0.002133
0.328678 0.283707 1.731752 0.645722 0.006004 0.763546 -0.002156
0.328995 0.283701 1.731644 0.645811 0.005940 0.763471 -0.002177
0.329308 0.283694 1.731539 0.645898 0.005876 0.763398 -0.002194
0.329616 0.283686 1.731434 0.645984 0.005813 0.763326 -0.002210
0.329919 0.283677 1.731332 0.646068 0.005750 0.763255 -0.002223
0.330216 0.283667 1.731230 0.646152 0.005688 0.763184 -0.002234
0.330509 0.283656 1.731131 0.646234 0.005627 0.763115 -0.002243
0.330797 0.283645 1.731033 0.646315 0.005567 0.763047 -0.002251
0.331080 0.283634 1.730936 0.646395 0.005508 0.762980 -0.002257
0.331358 0.283622 1.730841 0.646474 0.005449 0.762913 -0.002262
0.331673 0.283655 1.730746 0.646551 0.005374 0.762848 -0.002393
0.332014 0.283715 1.730650 0.646625 0.005303 0.762785 -0.002585
0.332372 0.283791 1.730553 0.646697 0.005237 0.762723 -0.002807
0.332743 0.283875 1.730453 0.646768 0.005175 0.762663 -0.003043
0.333121 0.283962 1.730350 0.646838 0.005114 0.762603 -0.003281
0.333504 0.284047 1.730244 0.646908 0.005054 0.762543 -0.003515
0.333890 0.284130 1.730135 0.646978 0.004993 0.762483 -0.003740
0.334278 0.284207 1.730022 0.647049 0.004932 0.762422 -0.003954
0.334665 0.284280 1.729908 0.647122 0.004870 0.762360 -0.004155
0.335052 0.284347 1.729790 0.647195 0.004808 0.762297 -0.004343
0.335436 0.284408 1.729671 0.647270 0.004744 0.762233 -0.004518
0.335819 0.284464 1.729549 0.647346 0.004679 0.762168 -0.004679
0.336199 0.284514 1.729426 0.647423 0.004614 0.762102 -0.004829
0.336576 0.284559 1.729302 0.647501 0.004547 0.762035 -0.004966
0.336949 0.284599 1.729177 0.647580 0.004481 0.761967 -0.005092
0.337319 0.284634 1.729051 0.647660 0.004413 0.761899 -0.005208
0.337684 0.284665 1.728925 0.647740 0.004345 0.761830 -0.005314
0.338046 0.284692 1.728799 0.647821 0.004278 0.761762 -0.005411
0.338403 0.284715 1.728673 0.647902 0.004210 0.761693 -0.005500
0.338757 0.284735 1.728547 0.647982 0.004142 0.761624 -0.005581
0.339105 0.284752 1.728422 0.648063 0.004074 0.761555 -0.005655
0.339449 0.284765 1.728297 0.648144 0.004006 0.761486 -0.005722
0.339788 0.284777 1.728173 0.648225 0.003939 0.761417 -0.005783
0.340123 0.284785 1.728050 0.648305 0.003872 0.761349 -0.005839
0.340453 0.284792 1.727927 0.648385 0.003805 0.761281 -0.005889
0.340778 0.284797 1.727806 0.648464 0.003739 0.761213 -0.005935
0.341098 0.284800 1.727686 0.648543 0.003674 0.761146 -0.005977
0.341414 0.284801 1.727568 0.648621 0.003609 0.761080 -0.006015
0.341724 0.284801 1.727450 0.648698 0.003545 0.761014 -0.006049
0.342030 0.284800 1.727334 0.648774 0.003483 0.760949 -0.006080
0.342330 0.284797 1.727220 0.648850 0.003420 0.760884 -0.006108
0.342626 0.284794 1.727107 0.648925 0.003359 0.760820 -0.006133
0.342918 0.284789 1.726995 0.648999 0.003299 0.760757 -0.006155
0.343204 0.284784 1.726885 0.649072 0.003240 0.760695 -0.006175
0.343485 0.284779 1.726776 0.649145 0.003182 0.760633 -0.006194
0.343762 0.284772 1.726669 0.649216 0.003125 0.760572 -0.006210
0.344034 0.284766 1.726563 0.649287 0.003070 0.760512 -0.006225
0.344301 0.284759 1.726459 0.649356 0.003015 0.760453 -0.006237
0.344564 0.284752 1.726357 0.649424 0.002962 0.760395 -0.006249
0.344822 0.284744 1.726256 0.649492 0.002910 0.760337 -0.006259
0.345116 0.284773 1.726166 0.649543 0.002812 0.760292 -0.006403
0.345435 0.284822 1.726084 0.649582 0.002707 0.760258 -0.006602
0.345772 0.284882 1.726006 0.649610 0.002597 0.760233 -0.006829
0.346120 0.284944 1.725932 0.649632 0.002482 0.760212 -0.007068
0.346477 0.285006 1.725859 0.649650 0.002361 0.760195 -0.007310
0.346839 0.285063 1.725786 0.649665 0.002235 0.760180 -0.007547
0.347205 0.285115 1.725714 0.649680 0.002103 0.760165 -0.007777
0.347573 0.285161 1.725640 0.649694 0.001967 0.760151 -0.007995
0.347942 0.285199 1.725565 0.649710 0.001826 0.760136 -0.008201
0.348310 0.285230 1.725489 0.649726 0.001683 0.760120 -0.008394
0.348678 0.285255 1.725412 0.649744 0.001536 0.760104 -0.008573
0.349044 0.285272 1.725334 0.649762 0.001387 0.760086 -0.008739
0.349408 0.285284 1.725255 0.649783 0.001236 0.760067 -0.008893
0.349770 0.285289 1.725176 0.649805 0.001084 0.760047 -0.009034
0.350129 0.285289 1.725095 0.649828 0.000931 0.760026 -0.009164
0.350485 0.285284 1.725014 0.649852 0.000777 0.760003 -0.009283
0.350837 0.285274 1.724933 0.649878 0.000624 0.759980 -0.009392
0.351187 0.285260 1.724852 0.649905 0.000470 0.759956 -0.009492
0.351532 0.285241 1.724770 0.649932 0.000316 0.759932 -0.009582
0.351874 0.285220 1.724689 0.649961 0.000163 0.759906 -0.009665
0.352212 0.285195 1.724607 0.649990 0.000011 0.759880 -0.009740
0.352545 0.285168 1.724526 0.650020 -0.000140 0.759854 -0.009808
0.352875 0.285137 1.724445 0.650051 -0.000290 0.759827 -0.009869
0.353200 0.285105 1.724364 0.650081 -0.000439 0.759800 -0.009924
0.353521 0.285071 1.724284 0.650113 -0.000586 0.759772 -0.009974
0.353837 0.285035 1.724205 0.650144 -0.000732 0.759744 -0.010019
0.354149 0.284997 1.724126 0.650176 -0.000875 0.759716 -0.010059
0.354457 0.284958 1.724047 0.650208 -0.001017 0.759688 -0.010095
0.354760 0.284918 1.723970 0.650240 -0.001157 0.759660 -0.010126
0.355058 0.284877 1.723893 0.650273 -0.001295 0.759632 -0.010155
0.355352 0.284836 1.723817 0.650305 -0.001430 0.759604 -0.010179
0.355641 0.284794 1.723742 0.650337 -0.001563 0.759576 -0.010201
0.355926 0.284751 1.723667 0.650369 -0.001694 0.759548 -0.010220
0.356206 0.284708 1.723593 0.650401 -0.001823 0.759520 -0.010236
0.356482 0.284665 1.723521 0.650433 -0.001949 0.759492 -0.010250
0.356753 0.284622 1.723449 0.650465 -0.002073 0.759464 -0.010262
0.357019 0.284579 1.723378 0.650497 -0.002194 0.759437 -0.010271
0.357281 0.284536 1.723308 0.650528 -0.002313 0.759409 -0.010279
0.357539 0.284493 1.723238 0.650559 -0.002430 0.759382 -0.010286
0.357792 0.284451 1.723170 0.650590 -0.002543 0.759355 -0.010290
0.358075 0.284447 1.723095 0.650635 -0.002527 0.759316 -0.010329
0.358381 0.284465 1.723014 0.650689 -0.002465 0.759269 -0.010417
0.358703 0.284491 1.722929 0.650748 -0.002382 0.759217 -0.010534
0.359037 0.284520 1.722840 0.650811 -0.002291 0.759161 -0.010664
0.359380 0.284544 1.722747 0.650877 -0.002201 0.759103 -0.010795
0.359730 0.284563 1.722652 0.650945 -0.002115 0.759044 -0.010920
0.360085 0.284573 1.722554 0.651014 -0.002037 0.758983 -0.011034
0.360443 0.284575 1.722453 0.651085 -0.001967 0.758920 -0.011136
0.360803 0.284568 1.722350 0.651158 -0.001905 0.758857 -0.011225
0.361164 0.284553 1.722246 0.651232 -0.001853 0.758792 -0.011299
0.361526 0.284528 1.722140 0.651307 -0.001809 0.758727 -0.011360
0.361887 0.284496 1.722033 0.651384 -0.001774 0.758661 -0.011407
0.362247 0.284456 1.721924 0.651461 -0.001747 0.758594 -0.011442
0.362607 0.284409 1.721815 0.651540 -0.001727 0.758526 -0.011465
0.362964 0.284356 1.721706 0.651619 -0.001714 0.758458 -0.011477
0.363319 0.284297 1.721596 0.651698 -0.001707 0.758390 -0.011480
0.363672 0.284233 1.721486 0.651778 -0.001706 0.758321 -0.011473
0.364022 0.284164 1.721377 0.651858 -0.001711 0.758253 -0.011457
0.364369 0.284091 1.721268 0.651938 -0.001720 0.758184 -0.011435
0.364713 0.284013 1.721159 0.652018 -0.001734 0.758115 -0.011405
0.365054 0.283933 1.721051 0.652098 -0.001752 0.758047 -0.011369
0.365391 0.283849 1.720943 0.652178 -0.001774 0.757979 -0.011327
0.365724 0.283763 1.720836 0.652257 -0.001799 0.757911 -0.011281
0.366054 0.283674 1.720731 0.652336 -0.001827 0.757844 -0.011230
0.366379 0.283584 1.720626 0.652415 -0.001858 0.757777 -0.011176
0.366700 0.283492 1.720522 0.652493 -0.001891 0.757711 -0.011118
0.367017 0.283399 1.720420 0.652570 -0.001927 0.757646 -0.011057
0.367330 0.283305 1.720319 0.652646 -0.001964 0.757581 -0.010993
0.367639 0.283210 1.720219 0.652722 -0.002003 0.757516 -0.010927
0.367943 0.283114 1.720120 0.652796 -0.002044 0.757453 -0.010860
0.368243 0.283018 1.720023 0.652870 -0.002085 0.757390 -0.010791
0.368538 0.282922 1.719927 0.652944 -0.002128 0.757328 -0.010720
0.368829 0.282826 1.719832 0.653016 -0.002172 0.757266 -0.010649
0.369116 0.282730 1.719739 0.653087 -0.002216 0.757206 -0.010577
0.369398 0.282635 1.719647 0.653157 -0.002261 0.757146 -0.010504
0.369675 0.282539 1.719556 0.653226 -0.002306 0.757087 -0.010431
0.369948 0.282445 1.719467 0.653295 -0.002351 0.757029 -0.010358
0.370217 0.282351 1.719380 0.653362 -0.002397 0.756972 -0.010285
0.370481 0.282258 1.719294 0.653428 -0.002442 0.756916 -0.010212
0.370740 0.282166 1.719209 0.653494 -0.002487 0.756860 -0.010139
0.371031 0.282122 1.719142 0.653539 -0.002463 0.756822 -0.010064
0.371341 0.282108 1.719091 0.653565 -0.002405 0.756800 -0.010009
0.371661 0.282114 1.719053 0.653576 -0.002335 0.756792 -0.009979
0.371986 0.282131 1.719024 0.653575 -0.002263 0.756793 -0.009972
0.372314 0.282154 1.719003 0.653565 -0.002194 0.756801 -0.009984
0.372641 0.282181 1.718987 0.653548 -0.002130 0.756816 -0.010010
0.372967 0.282208 1.718976 0.653527 -0.002071 0.756834 -0.010044
0.373291 0.282236 1.718967 0.653503 -0.002018 0.756854 -0.010083
0.373612 0.282263 1.718962 0.653476 -0.001970 0.756877 -0.010126
0.373929 0.282289 1.718957 0.653449 -0.001926 0.756900 -0.010169
0.374242 0.282313 1.718955 0.653420 -0.001886 0.756924 -0.010213
0.374550 0.282335 1.718953 0.653391 -0.001850 0.756949 -0.010255
0.374855 0.282355 1.718952 0.653362 -0.001817 0.756973 -0.010296
0.375155 0.282373 1.718951 0.653333 -0.001787 0.756998 -0.010336
0.375451 0.282390 1.718951 0.653305 -0.001759 0.757022 -0.010373
0.375742 0.282405 1.718951 0.653277 -0.001733 0.757045 -0.010409
0.376028 0.282418 1.718951 0.653250 -0.001709 0.757068 -0.010442
0.376311 0.282430 1.718951 0.653223 -0.001686 0.757091 -0.010473
0.376588 0.282440 1.718952 0.653197 -0.001665 0.757113 -0.010503
0.376861 0.282450 1.718952 0.653171 -0.001646 0.757135 -0.010530
0.377130 0.282458 1.718952 0.653146 -0.001627 0.757156 -0.010556
0.377394 0.282466 1.718952 0.653122 -0.001609 0.757177 -0.010579
0.377654 0.282472 1.718952 0.653098 -0.001592 0.757197 -0.010602
0.377909 0.282478 1.718952 0.653075 -0.001575 0.757217 -0.010622
0.378160 0.282483 1.718952 0.653053 -0.001559 0.757236 -0.010641
0.378407 0.282488 1.718952 0.653031 -0.001544 0.757254 -0.010659
0.378649 0.282492 1.718951 0.653010 -0.001529 0.757272 -0.010676
0.378887 0.282495 1.718950 0.652990 -0.001514 0.757290 -0.010691
0.379121 0.282499 1.718949 0.652970 -0.001499 0.757307 -0.010705
0.379351 0.282501 1.718948 0.652951 -0.001485 0.757323 -0.010718
0.379577 0.282504 1.718947 0.652932 -0.001470 0.757339 -0.010730
0.379799 0.282507 1.718946 0.652913 -0.001456 0.757355 -0.010741
0.380017 0.282509 1.718944 0.652896 -0.001441 0.757370 -0.010751
0.380231 0.282511 1.718942 0.652879 -0.001427 0.757385 -0.010761
0.380441 0.282513 1.718940 0.652862 -0.001413 0.757399 -0.010770
0.380648 0.282515 1.718938 0.652846 -0.001398 0.757413 -0.010778
0.380850 0.282518 1.718936 0.652830 -0.001383 0.757427 -0.010785
0.381049 0.282520 1.718933 0.652815 -0.001368 0.757440 -0.010792
0.381245 0.282522 1.718930 0.652800 -0.001353 0.757452 -0.010799
0.381436 0.282524 1.718927 0.652785 -0.001338 0.757465 -0.010805
0.381656 0.282568 1.718928 0.652776 -0.001315 0.757472 -0.010887
0.381892 0.282639 1.718934 0.652766 -0.001275 0.757479 -0.011010
0.382138 0.282725 1.718944 0.652752 -0.001226 0.757488 -0.011162
0.382388 0.282821 1.718957 0.652736 -0.001173 0.757500 -0.011334
0.382640 0.282922 1.718974 0.652716 -0.001119 0.757514 -0.011519
0.382893 0.283025 1.718993 0.652695 -0.001066 0.757530 -0.011712
0.383144 0.283128 1.719013 0.652671 -0.001015 0.757547 -0.011909
0.383393 0.283231 1.719034 0.652646 -0.000965 0.757565 -0.012106
0.383639 0.283331 1.719056 0.652621 -0.000919 0.757584 -0.012302
0.383883 0.283430 1.719079 0.652595 -0.000874 0.757603 -0.012496
0.384123 0.283526 1.719101 0.652569 -0.000831 0.757622 -0.012686
0.384360 0.283620 1.719123 0.652544 -0.000791 0.757641 -0.012872
0.384594 0.283711 1.719145 0.652518 -0.000752 0.757660 -0.013054
0.384824 0.283799 1.719167 0.652493 -0.000714 0.757679 -0.013231
0.385050 0.283885 1.719189 0.652469 -0.000678 0.757697 -0.013403
0.385273 0.283969 1.719210 0.652445 -0.000644 0.757715 -0.013570
0.385493 0.284050 1.719230 0.652421 -0.000610 0.757732 -0.013733
0.385709 0.284129 1.719250 0.652399 -0.000577 0.757749 -0.013892
0.385922 0.284206 1.719270 0.652376 -0.000546 0.757765 -0.014046
0.386131 0.284281 1.719289 0.652355 -0.000515 0.757781 -0.014195
0.386337 0.284354 1.719307 0.652334 -0.000485 0.757796 -0.014340
0.386539 0.284425 1.719325 0.652314 -0.000455 0.757811 -0.014482
0.386738 0.284494 1.719343 0.652294 -0.000426 0.757825 -0.014619
0.386933 0.284562 1.719359 0.652275 -0.000397 0.757839 -0.014752
0.387126 0.284628 1.719376 0.652256 -0.000369 0.757852 -0.014882
0.387315 0.284692 1.719391 0.652239 -0.000342 0.757865 -0.015008
0.387500 0.284755 1.719407 0.652221 -0.000314 0.757878 -0.015130
0.387683 0.284817 1.719421 0.652204 -0.000287 0.757890 -0.015249
0.387862 0.284877 1.719435 0.652188 -0.000260 0.757901 -0.015365
0.388039 0.284936 1.719449 0.652172 -0.000234 0.757913 -0.015478
0.388212 0.284994 1.719462 0.652157 -0.000207 0.757924 -0.015588
0.388382 0.285050 1.719475 0.652142 -0.000181 0.757934 -0.015695
0.388549 0.285106 1.719487 0.652128 -0.000155 0.757944 -0.015798
0.388714 0.285160 1.719499 0.652114 -0.000129 0.757954 -0.015900
0.388875 0.285213 1.719510 0.652101 -0.000103 0.757963 -0.015998
0.389033 0.285265 1.719521 0.652088 -0.000077 0.757972 -0.016094
0.389189 0.285317 1.719531 0.652076 -0.000051 0.757981 -0.016187
0.389342 0.285367 1.719541 0.652064 -0.000026 0.757990 -0.016278
0.389492 0.285416 1.719551 0.652052 0.000000 0.757998 -0.016367
0.389639 0.285465 1.719560 0.652041 0.000026 0.758006 -0.016453
0.389815 0.285543 1.719564 0.652029 0.000092 0.758014 -0.016540
0.390008 0.285639 1.719564 0.652015 0.000179 0.758023 -0.016634
0.390212 0.285745 1.719559 0.652001 0.000277 0.758034 -0.016734
0.390424 0.285855 1.719548 0.651986 0.000380 0.758044 -0.016837
0.390640 0.285966 1.719532 0.651972 0.000485 0.758053 -0.016940
0.390859 0.286076 1.719510 0.651960 0.000591 0.758061 -0.017040
0.391080 0.286183 1.719483 0.651950 0.000697 0.758068 -0.017135
0.391301 0.286287 1.719450 0.651943 0.000802 0.758072 -0.017222
0.391523 0.286388 1.719413 0.651938 0.000906 0.758074 -0.017301
0.391743 0.286485 1.719372 0.651936 0.001009 0.758074 -0.017373
0.391963 0.286578 1.719326 0.651936 0.001112 0.758072 -0.017437
0.392181 0.286668 1.719277 0.651939 0.001213 0.758068 -0.017493
0.392398 0.286753 1.719225 0.651945 0.001313 0.758063 -0.017542
0.392613 0.286836 1.719169 0.651952 0.001412 0.758055 -0.017584
0.392826 0.286914 1.719112 0.651962 0.001510 0.758046 -0.017619
0.393037 0.286989 1.719052 0.651973 0.001606 0.758035 -0.017648
0.393246 0.287062 1.718990 0.651986 0.001700 0.758023 -0.017672
0.393452 0.287131 1.718927 0.652000 0.001794 0.758010 -0.017691
0.393656 0.287197 1.718863 0.652016 0.001886 0.757996 -0.017706
0.393858 0.287261 1.718797 0.652033 0.001976 0.757981 -0.017716
0.394057 0.287322 1.718731 0.652051 0.002065 0.757965 -0.017722
0.394254 0.287381 1.718664 0.652070 0.002153 0.757949 -0.017725
0.394448 0.287438 1.718597 0.652089 0.002239 0.757932 -0.017725
0.394639 0.287493 1.718529 0.652109 0.002323 0.757914 -0.017722
0.394828 0.287545 1.718461 0.652130 0.002407 0.757896 -0.017717
0.395014 0.287596 1.718393 0.652151 0.002488 0.757878 -0.017709
0.395197 0.287645 1.718325 0.652173 0.002569 0.757859 -0.017699
0.395377 0.287693 1.718257 0.652195 0.002648 0.757840 -0.017688
0.395555 0.287739 1.718190 0.652217 0.002725 0.757821 -0.017675
0.395730 0.287783 1.718123 0.652239 0.002802 0.757802 -0.017660
0.395903 0.287826 1.718056 0.652261 0.002876 0.757783 -0.017645
0.396073 0.287868 1.717990 0.652284 0.002950 0.757764 -0.017628
0.396239 0.287909 1.717925 0.652306 0.003023 0.757745 -0.017611
0.396404 0.287948 1.717860 0.652329 0.003094 0.757726 -0.017592
0.396565 0.287987 1.717796 0.652351 0.003164 0.757706 -0.017573
0.396724 0.288024 1.717732 0.652373 0.003232 0.757687 -0.017554
0.396881 0.288061 1.717669 0.652396 0.003300 0.757669 -0.017534
0.397034 0.288096 1.717607 0.652418 0.003366 0.757650 -0.017514
0.397185 0.288131 1.717546 0.652439 0.003432 0.757631 -0.017493
0.397334 0.288165 1.717485 0.652461 0.003496 0.757613 -0.017473
0.397496 0.288220 1.717430 0.652483 0.003533 0.757592 -0.017541
0.397668 0.288287 1.717382 0.652501 0.003583 0.757574 -0.017633
0.397843 0.288358 1.717341 0.652515 0.003639 0.757559 -0.017737
0.398022 0.288432 1.717305 0.652524 0.003697 0.757548 -0.017851
0.398201 0.288504 1.717273 0.652530 0.003753 0.757540 -0.017971
0.398381 0.288575 1.717246 0.652533 0.003804 0.757535 -0.018093
0.398560 0.288643 1.717223 0.652533 0.003850 0.757531 -0.018216
0.398738 0.288707 1.717202 0.652532 0.003892 0.757529 -0.018339
0.398915 0.288768 1.717184 0.652529 0.003928 0.757529 -0.018459
0.399090 0.288826 1.717168 0.652525 0.003960 0.757529 -0.018577
0.399264 0.288880 1.717154 0.652520 0.003988 0.757530 -0.018691
0.399436 0.288931 1.717142 0.652515 0.004012 0.757532 -0.018802
0.399606 0.288978 1.717132 0.652509 0.004032 0.757534 -0.018909
0.399774 0.289023 1.717122 0.652502 0.004049 0.757537 -0.019013
0.399941 0.289064 1.717114 0.652496 0.004064 0.757540 -0.019113
0.400105 0.289103 1.717107 0.652489 0.004075 0.757544 -0.019210
0.400267 0.289140 1.717101 0.652482 0.004084 0.757548 -0.019303
0.400427 0.289174 1.717095 0.652474 0.004091 0.757552 -0.019392
0.400585 0.289206 1.717090 0.652467 0.004097 0.757556 -0.019479
0.400740 0.289235 1.717086 0.652460 0.004100 0.757560 -0.019562
0.400894 0.289263 1.717083 0.652452 0.004102 0.757564 -0.019642
0.401045 0.289289 1.717080 0.652445 0.004103 0.757569 -0.019719
0.401194 0.289314 1.717077 0.652437 0.004102 0.757573 -0.019794
0.401341 0.289337 1.717075 0.652430 0.004101 0.757577 -0.019866
0.401486 0.289358 1.717073 0.652423 0.004099 0.757582 -0.019935
0.401629 0.289379 1.717071 0.652416 0.004096 0.757586 -0.020001
0.401758 0.289413 1.717069 0.652408 0.004139 0.757590 -0.020111
0.401875 0.289461 1.717067 0.652400 0.004218 0.757592 -0.020253
0.401981 0.289522 1.717065 0.652391 0.004326 0.757595 -0.020422
0.402077 0.289593 1.717063 0.652382 0.004458 0.757597 -0.020611
0.402164 0.289675 1.717061 0.652372 0.004607 0.757599 -0.020817
0.402244 0.289766 1.717060 0.652360 0.004770 0.757602 -0.021033
0.402316 0.289864 1.717059 0.652349 0.004942 0.757605 -0.021257
0.402384 0.289968 1.717058 0.652336 0.005119 0.757608 -0.021486
0.402446 0.290077 1.717058 0.652323 0.005300 0.757611 -0.021715
0.402504 0.290190 1.717058 0.652310 0.005482 0.757615 -0.021944
0.402559 0.290305 1.717058 0.652296 0.005663 0.757619 -0.022170
0.402610 0.290423 1.717058 0.652282 0.005842 0.757623 -0.022393
0.402660 0.290541 1.717058 0.652268 0.006018 0.757627 -0.022610
0.402707 0.290660 1.717058 0.652254 0.006190 0.757631 -0.022822
0.402766 0.290802 1.717054 0.652253 0.006357 0.757625 -0.023026
0.402832 0.290955 1.717049 0.652255 0.006507 0.757616 -0.023226
0.402902 0.291117 1.717046 0.652258 0.006640 0.757606 -0.023423
0.402973 0.291282 1.717043 0.652260 0.006760 0.757597 -0.023618
0.403046 0.291450 1.717041 0.652261 0.006868 0.757589 -0.023809
0.403118 0.291619 1.717039 0.652261 0.006968 0.757582 -0.023997
0.403189 0.291787 1.717038 0.652260 0.007061 0.757577 -0.024181
0.403259 0.291955 1.717036 0.652258 0.007148 0.757572 -0.024362
0.403331 0.292104 1.717034 0.652257 0.007200 0.757567 -0.024511
0.403406 0.292236 1.717032 0.652257 0.007222 0.757563 -0.024633
0.403482 0.292351 1.717029 0.652256 0.007219 0.757560 -0.024728
0.403562 0.292452 1.717026 0.652257 0.007193 0.757558 -0.024803
0.403643 0.292541 1.717023 0.652257 0.007151 0.757556 -0.024860
0.403727 0.292620 1.717020 0.652258 0.007098 0.757554 -0.024904
0.403812 0.292690 1.717017 0.652260 0.007036 0.757552 -0.024939
0.403897 0.292753 1.717014 0.652261 0.006971 0.757551 -0.024966
0.403983 0.292811 1.717011 0.652263 0.006903 0.757549 -0.024989
0.404069 0.292864 1.717009 0.652265 0.006837 0.757547 -0.025011
0.404154 0.292915 1.717007 0.652267 0.006773 0.757545 -0.025033
0.404238 0.292965 1.717005 0.652269 0.006713 0.757543 -0.025057
0.404322 0.293014 1.717004 0.652271 0.006657 0.757542 -0.025083
0.404404 0.293063 1.717003 0.652273 0.006606 0.757540 -0.025111
0.404485 0.293112 1.717002 0.652274 0.006559 0.757537 -0.025143
0.404564 0.293161 1.717001 0.652276 0.006517 0.757535 -0.025177
0.404642 0.293211 1.717000 0.652277 0.006479 0.757533 -0.025215
0.404719 0.293263 1.717000 0.652279 0.006445 0.757531 -0.025254
0.404794 0.293314 1.717000 0.652280 0.006414 0.757529 -0.025296
0.404867 0.293367 1.717000 0.652281 0.006387 0.757527 -0.025340
0.404940 0.293421 1.717000 0.652282 0.006363 0.757525 -0.025386
0.405010 0.293475 1.717000 0.652282 0.006341 0.757523 -0.025432
0.405079 0.293529 1.717000 0.652283 0.006322 0.757521 -0.025480
0.405147 0.293585 1.717001 0.652284 0.006305 0.757519 -0.025529
0.405214 0.293641 1.717001 0.652284 0.006289 0.757517 -0.025578
0.405279 0.293697 1.717001 0.652284 0.006276 0.757515 -0.025628
0.405343 0.293753 1.717002 0.652284 0.006264 0.757513 -0.025677
0.405407 0.293810 1.717002 0.652285 0.006253 0.757512 -0.025728
0.405470 0.293868 1.717003 0.652285 0.006244 0.757510 -0.025778
0.405531 0.293925 1.717003 0.652285 0.006235 0.757508 -0.025828
0.405592 0.293982 1.717003 0.652285 0.006228 0.757507 -0.025879
0.405651 0.294039 1.717004 0.652284 0.006222 0.757505 -0.025929
0.405727 0.294117 1.717002 0.652300 0.006213 0.757491 -0.025952
0.405814 0.294209 1.716999 0.652322 0.006190 0.757471 -0.025971
0.405907 0.294309 1.716995 0.652349 0.006154 0.757448 -0.025993
0.406002 0.294412 1.716992 0.652375 0.006107 0.757425 -0.026017
0.406097 0.294518 1.716988 0.652400 0.006051 0.757403 -0.026043
0.406193 0.294625 1.716985 0.652425 0.005989 0.757381 -0.026072
0.406288 0.294733 1.716982 0.652448 0.005924 0.757361 -0.026103
0.406382 0.294841 1.716978 0.652470 0.005856 0.757341 -0.026136
0.406475 0.294948 1.716974 0.652492 0.005787 0.757321 -0.026171
0.406566 0.295056 1.716970 0.652513 0.005718 0.757302 -0.026208
0.406655 0.295163 1.716966 0.652533 0.005650 0.757284 -0.026247
0.406743 0.295269 1.716961 0.652553 0.005582 0.757266 -0.026288
0.406829 0.295374 1.716957 0.652572 0.005515 0.757249 -0.026330
0.406913 0.295479 1.716952 0.652590 0.005451 0.757233 -0.026374
0.406995 0.295584 1.716946 0.652608 0.005388 0.757216 -0.026421
0.407075 0.295687 1.716941 0.652625 0.005327 0.757200 -0.026468
0.407153 0.295790 1.716936 0.652641 0.005269 0.757185 -0.026517
0.407229 0.295892 1.716930 0.652657 0.005213 0.757169 -0.026567
0.407303 0.295993 1.716924 0.652673 0.005159 0.757155 -0.026619
0.407376 0.296094 1.716918 0.652688 0.005108 0.757140 -0.026672
0.407447 0.296194 1.716912 0.652703 0.005060 0.757126 -0.026725
0.407516 0.296293 1.716906 0.652717 0.005013 0.757112 -0.026780
0.407583 0.296391 1.716900 0.652731 0.004969 0.757098 -0.026835
0.407648 0.296489 1.716894 0.652745 0.004928 0.757084 -0.026891
0.407712 0.296585 1.716888 0.652758 0.004889 0.757071 -0.026948
0.407774 0.296681 1.716881 0.652772 0.004852 0.757058 -0.027005
0.407834 0.296777 1.716874 0.652785 0.004817 0.757045 -0.027063
0.407893 0.296871 1.716868 0.652797 0.004785 0.757032 -0.027121
0.407950 0.296965 1.716861 0.652810 0.004755 0.757019 -0.027179
0.408006 0.297057 1.716854 0.652822 0.004726 0.757007 -0.027237
0.408060 0.297149 1.716847 0.652834 0.004700 0.756995 -0.027296
0.408113 0.297240 1.716840 0.652846 0.004676 0.756983 -0.027354
0.408165 0.297331 1.716833 0.652857 0.004654 0.756971 -0.027413
0.408215 0.297420 1.716825 0.652869 0.004633 0.756959 -0.027471
0.408264 0.297508 1.716818 0.652880 0.004614 0.756947 -0.027529
0.408311 0.297596 1.716810 0.652891 0.004597 0.756936 -0.027587
0.408358 0.297683 1.716802 0.652902 0.004582 0.756924 -0.027644
0.408403 0.297769 1.716795 0.652913 0.004568 0.756913 -0.027702
0.408447 0.297854 1.716787 0.652923 0.004556 0.756902 -0.027759
0.408490 0.297938 1.716779 0.652934 0.004545 0.756891 -0.027815
0.408531 0.298041 1.716768 0.652954 0.004568 0.756875 -0.027762
0.408569 0.298157 1.716754 0.652980 0.004584 0.756856 -0.027668
0.408605 0.298282 1.716738 0.653008 0.004577 0.756835 -0.027565
0.408637 0.298411 1.716722 0.653037 0.004546 0.756814 -0.027463
0.408667 0.298545 1.716705 0.653066 0.004490 0.756793 -0.027369
0.408694 0.298680 1.716687 0.653094 0.004414 0.756773 -0.027282
0.408720 0.298817 1.716669 0.653120 0.004320 0.756754 -0.027204
0.408744 0.298954 1.716650 0.653144 0.004212 0.756735 -0.027132
0.408767 0.299092 1.716632 0.653167 0.004093 0.756718 -0.027068
0.408788 0.299229 1.716613 0.653189 0.003967 0.756703 -0.027011
0.408808 0.299365 1.716595 0.653209 0.003834 0.756688 -0.026961
0.408826 0.299501 1.716577 0.653227 0.003697 0.756674 -0.026916
0.408843 0.299636 1.716558 0.653244 0.003558 0.756662 -0.026878
0.408859 0.299770 1.716540 0.653260 0.003417 0.756650 -0.026845
0.408874 0.299904 1.716522 0.653274 0.003276 0.756640 -0.026818
0.408888 0.300036 1.716505 0.653287 0.003136 0.756630 -0.026796
0.408901 0.300168 1.716487 0.653298 0.002997 0.756621 -0.026778
0.408912 0.300299 1.716470 0.653309 0.002860 0.756612 -0.026764
0.408923 0.300429 1.716453 0.653319 0.002726 0.756605 -0.026755
0.408933 0.300557 1.716436 0.653328 0.002594 0.756598 -0.026750
0.408942 0.300685 1.716420 0.653336 0.002466 0.756591 -0.026748
0.408950 0.300812 1.716403 0.653344 0.002341 0.756585 -0.026749
0.408957 0.300938 1.716387 0.653351 0.002219 0.756579 -0.026753
0.408963 0.301063 1.716371 0.653357 0.002101 0.756574 -0.026760
0.408969 0.301187 1.716356 0.653363 0.001988 0.756569 -0.026770
0.408974 0.301310 1.716340 0.653368 0.001877 0.756564 -0.026782
0.408978 0.301432 1.716325 0.653373 0.001771 0.756559 -0.026796
0.408981 0.301553 1.716310 0.653378 0.001669 0.756555 -0.026813
0.408984 0.301673 1.716295 0.653382 0.001570 0.756551 -0.026831
0.408986 0.301792 1.716280 0.653386 0.001476 0.756547 -0.026850
0.408987 0.301909 1.716266 0.653389 0.001385 0.756544 -0.026872
0.408988 0.302026 1.716251 0.653393 0.001297 0.756540 -0.026894
0.408988 0.302142 1.716237 0.653396 0.001213 0.756537 -0.026918
0.408988 0.302256 1.716223 0.653398 0.001133 0.756534 -0.026943
0.408987 0.302369 1.716209 0.653401 0.001056 0.756531 -0.026969
0.408986 0.302481 1.716195 0.653403 0.000982 0.756528 -0.026995
0.408984 0.302592 1.716181 0.653406 0.000912 0.756525 -0.027023
0.408982 0.302702 1.716167 0.653408 0.000845 0.756522 -0.027051
0.408979 0.302811 1.716153 0.653410 0.000783 0.756519 -0.027079
0.408976 0.302919 1.716139 0.653413 0.000725 0.756516 -0.027108
0.408976 0.303041 1.716128 0.653427 0.000640 0.756504 -0.027121
0.408976 0.303171 1.716121 0.653447 0.000531 0.756486 -0.027127
0.408977 0.303307 1.716117 0.653471 0.000403 0.756465 -0.027131
0.408977 0.303446 1.716116 0.653498 0.000259 0.756442 -0.027133
0.408976 0.303586 1.716116 0.653525 0.000104 0.756418 -0.027137
0.408975 0.303727 1.716117 0.653553 -0.000060 0.756394 -0.027141
0.408972 0.303868 1.716120 0.653581 -0.000229 0.756370 -0.027147
0.408969 0.304008 1.716123 0.653608 -0.000402 0.756346 -0.027156
0.408964 0.304148 1.716127 0.653634 -0.000577 0.756323 -0.027168
0.408959 0.304287 1.716132 0.653660 -0.000752 0.756300 -0.027182
0.408953 0.304424 1.716136 0.653684 -0.000927 0.756278 -0.027198
0.408946 0.304561 1.716141 0.653708 -0.001101 0.756256 -0.027218
0.408939 0.304696 1.716147 0.653731 -0.001273 0.756236 -0.027240
0.408931 0.304830 1.716152 0.653753 -0.001442 0.756216 -0.027265
0.408922 0.304962 1.716158 0.653774 -0.001609 0.756196 -0.027293
0.408912 0.305094 1.716163 0.653794 -0.001772 0.756177 -0.027323
0.408903 0.305224 1.716169 0.653813 -0.001931 0.756159 -0.027355
0.408892 0.305353 1.716175 0.653832 -0.002086 0.756141 -0.027390
0.408881 0.305481 1.716181 0.653850 -0.002237 0.756124 -0.027427
0.408869 0.305607 1.716187 0.653867 -0.002385 0.756107 -0.027466
0.408857 0.305732 1.716193 0.653884 -0.002527 0.756091 -0.027507
0.408845 0.305856 1.716199 0.653900 -0.002666 0.756075 -0.027549
0.408832 0.305979 1.716204 0.653916 -0.002800 0.756059 -0.027594
0.408819 0.306101 1.716210 0.653931 -0.002930 0.756044 -0.027640
0.408805 0.306222 1.716216 0.653945 -0.003056 0.756029 -0.027687
0.408791 0.306341 1.716222 0.653959 -0.003177 0.756015 -0.027736
0.408777 0.306459 1.716228 0.653973 -0.003295 0.756000 -0.027786
0.408762 0.306576 1.716233 0.653986 -0.003408 0.755986 -0.027838
0.408747 0.306691 1.716239 0.653999 -0.003518 0.755973 -0.027890
0.408731 0.306806 1.716245 0.654011 -0.003624 0.755960 -0.027943
0.408716 0.306919 1.716250 0.654024 -0.003726 0.755947 -0.027997
0.408700 0.307031 1.716256 0.654035 -0.003824 0.755934 -0.028052
0.408683 0.307142 1.716261 0.654047 -0.003919 0.755922 -0.028107
0.408667 0.307251 1.716266 0.654058 -0.004011 0.755909 -0.028163
0.408651 0.307360 1.716271 0.654069 -0.004099 0.755897 -0.028219
0.408634 0.307467 1.716276 0.654079 -0.004184 0.755886 -0.028276
0.408617 0.307573 1.716281 0.654090 -0.004266 0.755874 -0.028333
0.408600 0.307677 1.716286 0.654100 -0.004345 0.755863 -0.028390
0.408583 0.307780 1.716291 0.654109 -0.004421 0.755852 -0.028448
0.408565 0.307883 1.716296 0.654119 -0.004494 0.755841 -0.028505
0.408550 0.308005 1.716296 0.654142 -0.004587 0.755820 -0.028517
0.408536 0.308140 1.716294 0.654172 -0.004705 0.755794 -0.028507
0.408521 0.308284 1.716289 0.654208 -0.004847 0.755763 -0.028485
0.408505 0.308434 1.716282 0.654245 -0.005008 0.755730 -0.028458
0.408489 0.308587 1.716274 0.654283 -0.005185 0.755697 -0.028428
0.408471 0.308743 1.716265 0.654321 -0.005374 0.755665 -0.028398
0.408452 0.308901 1.716255 0.654357 -0.005571 0.755633 -0.028368
0.408432 0.309059 1.716244 0.654392 -0.005775 0.755602 -0.028338
0.408411 0.309217 1.716233 0.654426 -0.005983 0.755572 -0.028311
0.408389 0.309374 1.716221 0.654458 -0.006193 0.755543 -0.028285
0.408366 0.309531 1.716209 0.654489 -0.006404 0.755516 -0.028261
0.408343 0.309687 1.716197 0.654519 -0.006615 0.755489 -0.028239
0.408319 0.309842 1.716184 0.654547 -0.006824 0.755463 -0.028220
0.408295 0.309995 1.716172 0.654575 -0.007031 0.755438 -0.028204
0.408270 0.310147 1.716159 0.654601 -0.007235 0.755414 -0.028190
0.408245 0.310298 1.716146 0.654626 -0.007435 0.755391 -0.028179
0.408219 0.310448 1.716133 0.654651 -0.007631 0.755368 -0.028171
0.408193 0.310597 1.716119 0.654674 -0.007822 0.755346 -0.028165
0.408166 0.310743 1.716106 0.654697 -0.008008 0.755324 -0.028163
0.408139 0.310889 1.716093 0.654720 -0.008190 0.755303 -0.028163
0.408112 0.311034 1.716080 0.654741 -0.008366 0.755282 -0.028166
0.408084 0.311177 1.716066 0.654763 -0.008537 0.755261 -0.028172
0.408056 0.311318 1.716053 0.654783 -0.008703 0.755241 -0.028181
0.408028 0.311459 1.716040 0.654804 -0.008863 0.755221 -0.028192
0.407999 0.311598 1.716027 0.654824 -0.009018 0.755201 -0.028205
0.407970 0.311736 1.716013 0.654843 -0.009168 0.755182 -0.028221
0.407941 0.311873 1.716000 0.654862 -0.009313 0.755163 -0.028240
0.407911 0.312008 1.715987 0.654881 -0.009453 0.755144 -0.028260
0.407882 0.312142 1.715974 0.654900 -0.009587 0.755126 -0.028282
0.407852 0.312274 1.715961 0.654918 -0.009717 0.755107 -0.028307
0.407822 0.312406 1.715947 0.654936 -0.009842 0.755089 -0.028333
0.407792 0.312536 1.715934 0.654953 -0.009963 0.755071 -0.028360
0.407761 0.312664 1.715921 0.654971 -0.010079 0.755054 -0.028389
0.407731 0.312791 1.715908 0.654988 -0.010191 0.755036 -0.028420
0.407700 0.312917 1.715895 0.655005 -0.010299 0.755019 -0.028451
0.407670 0.313042 1.715882 0.655021 -0.010403 0.755002 -0.028484
0.407639 0.313164 1.715869 0.655038 -0.010502 0.754985 -0.028518
0.407609 0.313284 1.715856 0.655053 -0.010604 0.754969 -0.028548
0.407580 0.313399 1.715843 0.655069 -0.010706 0.754953 -0.028574
0.407552 0.313511 1.715830 0.655083 -0.010810 0.754938 -0.028596
0.407516 0.313641 1.715818 0.655096 -0.010930 0.754926 -0.028581
0.407475 0.313785 1.715806 0.655107 -0.011067 0.754916 -0.028540
0.407430 0.313938 1.715793 0.655115 -0.011221 0.754909 -0.028477
0.407381 0.314098 1.715779 0.655122 -0.011390 0.754903 -0.028396
0.407329 0.314262 1.715765 0.655128 -0.011573 0.754899 -0.028300
0.407276 0.314428 1.715751 0.655131 -0.011766 0.754897 -0.028192
0.407221 0.314595 1.715735 0.655133 -0.011969 0.754897 -0.028073
0.407166 0.314761 1.715720 0.655134 -0.012179 0.754898 -0.027946
0.407110 0.314927 1.715704 0.655133 -0.012394 0.754900 -0.027811
0.407054 0.315090 1.715687 0.655131 -0.012613 0.754903 -0.027670
0.406998 0.315251 1.715671 0.655128 -0.012834 0.754907 -0.027524
0.406943 0.315409 1.715654 0.655125 -0.013056 0.754912 -0.027373
0.406888 0.315565 1.715638 0.655121 -0.013277 0.754917 -0.027220
0.406834 0.315718 1.715621 0.655117 -0.013497 0.754922 -0.027064
0.406781 0.315868 1.715604 0.655112 -0.013714 0.754927 -0.026909
0.406728 0.316015 1.715588 0.655108 -0.013928 0.754933 -0.026753
0.406676 0.316160 1.715571 0.655103 -0.014137 0.754939 -0.026599
0.406624 0.316302 1.715555 0.655098 -0.014342 0.754945 -0.026446
0.406573 0.316441 1.715539 0.655093 -0.014542 0.754951 -0.026297
0.406522 0.316579 1.715523 0.655087 -0.014737 0.754957 -0.026150
0.406472 0.316714 1.715508 0.655082 -0.014925 0.754962 -0.026007
0.406421 0.316847 1.715493 0.655077 -0.015108 0.754968 -0.025868
0.406371 0.316979 1.715478 0.655073 -0.015285 0.754973 -0.025733
0.406321 0.317109 1.715463 0.655068 -0.015455 0.754978 -0.025603
0.406271 0.317237 1.715449 0.655063 -0.015620 0.754983 -0.025477
0.406221 0.317364 1.715435 0.655059 -0.015778 0.754988 -0.025360
0.406170 0.317490 1.715421 0.655054 -0.015932 0.754992 -0.025250
0.406119 0.317616 1.715407 0.655048 -0.016080 0.754997 -0.025147
0.406068 0.317740 1.715394 0.655043 -0.016223 0.755002 -0.025051
0.406017 0.317863 1.715381 0.655038 -0.016362 0.755007 -0.024962
0.405965 0.317986 1.715369 0.655032 -0.016496 0.755011 -0.024878
0.405915 0.318107 1.715356 0.655028 -0.016625 0.755015 -0.024795
0.405864 0.318226 1.715344 0.655023 -0.016750 0.755019 -0.024715
0.405815 0.318344 1.715331 0.655020 -0.016870 0.755022 -0.024637
0.405765 0.318461 1.715319 0.655016 -0.016984 0.755025 -0.024561
0.405716 0.318576 1.715307 0.655013 -0.017095 0.755027 -0.024487
0.405668 0.318690 1.715295 0.655010 -0.017200 0.755030 -0.024416
0.405619 0.318802 1.715284 0.655008 -0.017301 0.755032 -0.024348
0.405571 0.318913 1.715272 0.655005 -0.017398 0.755034 -0.024282
0.405524 0.319023 1.715261 0.655003 -0.017491 0.755035 -0.024219
0.405480 0.319153 1.715255 0.655005 -0.017626 0.755033 -0.024153
0.405438 0.319296 1.715253 0.655009 -0.017787 0.755028 -0.024081
0.405397 0.319448 1.715252 0.655015 -0.017966 0.755021 -0.023999
0.405357 0.319606 1.715252 0.655023 -0.018156 0.755012 -0.023908
0.405316 0.319768 1.715252 0.655033 -0.018352 0.755002 -0.023809
0.405276 0.319931 1.715252 0.655043 -0.018553 0.754992 -0.023702
0.405236 0.320094 1.715251 0.655054 -0.018756 0.754981 -0.023589
0.405196 0.320257 1.715249 0.655066 -0.018959 0.754969 -0.023471
0.405156 0.320418 1.715247 0.655078 -0.019161 0.754958 -0.023350
0.405115 0.320577 1.715243 0.655090 -0.019362 0.754946 -0.023226
0.405075 0.320734 1.715240 0.655102 -0.019561 0.754934 -0.023101
0.405035 0.320890 1.715236 0.655114 -0.019756 0.754922 -0.022976
0.404996 0.321042 1.715231 0.655126 -0.019948 0.754910 -0.022851
0.404956 0.321193 1.715226 0.655139 -0.020135 0.754898 -0.022727
0.404916 0.321341 1.715220 0.655151 -0.020319 0.754886 -0.022605
0.404877 0.321488 1.715215 0.655163 -0.020497 0.754875 -0.022486
0.404837 0.321632 1.715209 0.655175 -0.020671 0.754863 -0.022369
0.404798 0.321774 1.715203 0.655188 -0.020839 0.754851 -0.022256
0.404758 0.321915 1.715197 0.655200 -0.021001 0.754839 -0.022147
0.404719 0.322053 1.715190 0.655212 -0.021159 0.754827 -0.022041
0.404679 0.322190 1.715184 0.655225 -0.021310 0.754815 -0.021939
0.404640 0.322325 1.715177 0.655237 -0.021456 0.754802 -0.021842
0.404600 0.322459 1.715171 0.655250 -0.021596 0.754790 -0.021748
0.404560 0.322592 1.715164 0.655262 -0.021731 0.754778 -0.021659
0.404520 0.322722 1.715157 0.655275 -0.021861 0.754766 -0.021573
0.404480 0.322852 1.715150 0.655288 -0.021985 0.754753 -0.021492
0.404440 0.322980 1.715144 0.655301 -0.022103 0.754741 -0.021414
0.404400 0.323107 1.715137 0.655314 -0.022217 0.754728 -0.021340
0.404360 0.323232 1.715130 0.655327 -0.022326 0.754716 -0.021270
0.404320 0.323356 1.715123 0.655340 -0.022430 0.754703 -0.021203
0.404280 0.323479 1.715115 0.655353 -0.022530 0.754690 -0.021140
0.404240 0.323601 1.715108 0.655367 -0.022625 0.754678 -0.021080
0.404200 0.323721 1.715101 0.655380 -0.022715 0.754665 -0.021023
0.404160 0.323840 1.715093 0.655393 -0.022802 0.754653 -0.020970
0.404120 0.323958 1.715086 0.655406 -0.022884 0.754640 -0.020919
0.404080 0.324075 1.715079 0.655420 -0.022963 0.754627 -0.020871
0.404040 0.324190 1.715071 0.655433 -0.023038 0.754615 -0.020825
0.404000 0.324304 1.715064 0.655446 -0.023109 0.754602 -0.020782
0.403960 0.324417 1.715056 0.655459 -0.023177 0.754590 -0.020742
0.403921 0.324529 1.715048 0.655472 -0.023241 0.754577 -0.020704
0.403884 0.324672 1.715045 0.655484 -0.023376 0.754564 -0.020682
0.403847 0.324837 1.715043 0.655494 -0.023551 0.754550 -0.020656
0.403809 0.325019 1.715041 0.655503 -0.023751 0.754537 -0.020617
0.403770 0.325211 1.715040 0.655511 -0.023967 0.754525 -0.020562
0.403730 0.325410 1.715038 0.655518 -0.024192 0.754513 -0.020490
0.403689 0.325613 1.715034 0.655525 -0.024422 0.754503 -0.020403
0.403647 0.325819 1.715030 0.655531 -0.024656 0.754492 -0.020303
0.403604 0.326025 1.715025 0.655537 -0.024890 0.754483 -0.020190
0.403560 0.326230 1.715019 0.655541 -0.025125 0.754474 -0.020069
0.403515 0.326433 1.715013 0.655545 -0.025361 0.754467 -0.019942
0.403470 0.326635 1.715007 0.655548 -0.025596 0.754460 -0.019810
0.403425 0.326834 1.715001 0.655549 -0.025830 0.754454 -0.019677
0.403379 0.327030 1.714995 0.655550 -0.026062 0.754448 -0.019543
0.403332 0.327223 1.714989 0.655551 -0.026291 0.754444 -0.019409
0.403286 0.327415 1.714983 0.655551 -0.026515 0.754439 -0.019277
0.403239 0.327604 1.714977 0.655552 -0.026731 0.754434 -0.019145
0.403192 0.327791 1.714970 0.655553 -0.026939 0.754429 -0.019014
0.403145 0.327975 1.714963 0.655555 -0.027139 0.754423 -0.018886
0.403098 0.328158 1.714955 0.655558 -0.027331 0.754417 -0.018760
0.403050 0.328339 1.714947 0.655560 -0.027514 0.754411 -0.018638
0.403002 0.328518 1.714939 0.655564 -0.027690 0.754405 -0.018519
0.402954 0.328695 1.714931 0.655567 -0.027857 0.754398 -0.018405
0.402905 0.328870 1.714922 0.655571 -0.028017 0.754391 -0.018295
0.402856 0.329044 1.714914 0.655576 -0.028170 0.754384 -0.018190
0.402807 0.329216 1.714905 0.655581 -0.028315 0.754377 -0.018090
0.402757 0.329387 1.714896 0.655586 -0.028453 0.754370 -0.017994
0.402707 0.329556 1.714886 0.655592 -0.028585 0.754362 -0.017903
0.402657 0.329724 1.714877 0.655597 -0.028709 0.754354 -0.017817
0.402606 0.329890 1.714868 0.655604 -0.028828 0.754346 -0.017736
0.402555 0.330054 1.714858 0.655610 -0.028941 0.754338 -0.017658
0.402504 0.330218 1.714848 0.655617 -0.029046 0.754330 -0.017585
0.402453 0.330380 1.714838 0.655624 -0.029145 0.754322 -0.017515
0.402402 0.330541 1.714827 0.655631 -0.029238 0.754314 -0.017448
0.402350 0.330700 1.714816 0.655638 -0.029325 0.754305 -0.017386
0.402299 0.330858 1.714805 0.655646 -0.029407 0.754297 -0.017326
0.402248 0.331014 1.714794 0.655653 -0.029485 0.754288 -0.017270
0.402196 0.331169 1.714782 0.655661 -0.029557 0.754280 -0.017218
0.402145 0.331323 1.714771 0.655669 -0.029626 0.754271 -0.017168
0.402093 0.331475 1.714759 0.655677 -0.029690 0.754263 -0.017121
0.402042 0.331625 1.714747 0.655686 -0.029750 0.754254 -0.017077
0.401994 0.331787 1.714743 0.655694 -0.029861 0.754243 -0.017062
0.401947 0.331958 1.714743 0.655702 -0.029993 0.754231 -0.017048
0.401901 0.332135 1.714747 0.655711 -0.030131 0.754219 -0.017024
0.401854 0.332314 1.714754 0.655719 -0.030268 0.754206 -0.016988
0.401808 0.332495 1.714762 0.655729 -0.030402 0.754194 -0.016938
0.401761 0.332676 1.714771 0.655738 -0.030532 0.754182 -0.016875
0.401713 0.332855 1.714782 0.655747 -0.030657 0.754171 -0.016802
0.401666 0.333032 1.714794 0.655757 -0.030778 0.754159 -0.016721
0.401617 0.333208 1.714807 0.655766 -0.030895 0.754148 -0.016635
0.401569 0.333380 1.714821 0.655775 -0.031008 0.754138 -0.016546
0.401520 0.333551 1.714836 0.655784 -0.031118 0.754128 -0.016455
0.401471 0.333719 1.714851 0.655792 -0.031223 0.754118 -0.016363
0.401423 0.333886 1.714866 0.655801 -0.031321 0.754108 -0.016269
0.401374 0.334050 1.714881 0.655811 -0.031412 0.754098 -0.016174
0.401326 0.334212 1.714895 0.655822 -0.031496 0.754087 -0.016079
0.401277 0.334373 1.714909 0.655832 -0.031574 0.754077 -0.015984
0.401229 0.334531 1.714922 0.655844 -0.031646 0.754066 -0.015891
0.401180 0.334687 1.714935 0.655855 -0.031712 0.754055 -0.015799
0.401132 0.334842 1.714949 0.655866 -0.031773 0.754044 -0.015711
0.401081 0.334997 1.714963 0.655879 -0.031835 0.754032 -0.015649
0.401029 0.335151 1.714979 0.655894 -0.031895 0.754018 -0.015608
0.400976 0.335306 1.714995 0.655908 -0.031952 0.754003 -0.015583
0.400922 0.335460 1.715011 0.655924 -0.032006 0.753988 -0.015570
0.400867 0.335615 1.715028 0.655939 -0.032058 0.753972 -0.015568
0.400812 0.335769 1.715044 0.655954 -0.032106 0.753957 -0.015574
0.400756 0.335922 1.715061 0.655969 -0.032152 0.753941 -0.015587
0.400699 0.336076 1.715077 0.655984 -0.032194 0.753926 -0.015607
0.400642 0.336228 1.715093 0.655999 -0.032235 0.753911 -0.015631
0.400585 0.336379 1.715109 0.656013 -0.032273 0.753897 -0.015660
0.400528 0.336530 1.715125 0.656027 -0.032308 0.753882 -0.015693
0.400470 0.336679 1.715140 0.656041 -0.032342 0.753868 -0.015729
0.400412 0.336827 1.715157 0.656053 -0.032378 0.753855 -0.015775
0.400354 0.336975 1.715175 0.656063 -0.032417 0.753843 -0.015830
0.400295 0.337121 1.715193 0.656073 -0.032456 0.753832 -0.015890
0.400236 0.337266 1.715211 0.656081 -0.032495 0.753821 -0.015954
0.400177 0.337409 1.715230 0.656089 -0.032533 0.753812 -0.016021
0.400118 0.337552 1.715249 0.656097 -0.032569 0.753802 -0.016090
0.400059 0.337694 1.715267 0.656104 -0.032603 0.753793 -0.016162
0.400001 0.337834 1.715285 0.656111 -0.032636 0.753784 -0.016235
0.399942 0.337973 1.715303 0.656117 -0.032666 0.753775 -0.016308
0.399898 0.338131 1.715324 0.656123 -0.032798 0.753763 -0.016399
0.399859 0.338306 1.715346 0.656127 -0.032976 0.753749 -0.016493
0.399823 0.338492 1.715365 0.656132 -0.033173 0.753734 -0.016577
0.399788 0.338686 1.715384 0.656137 -0.033378 0.753720 -0.016648
0.399752 0.338886 1.715401 0.656141 -0.033585 0.753706 -0.016709
0.399714 0.339088 1.715418 0.656144 -0.033793 0.753693 -0.016762
0.399675 0.339293 1.715434 0.656146 -0.034001 0.753680 -0.016810
0.399635 0.339498 1.715450 0.656147 -0.034207 0.753669 -0.016854
0.399594 0.339702 1.715466 0.656148 -0.034411 0.753658 -0.016895
0.399551 0.339906 1.715482 0.656149 -0.034613 0.753647 -0.016935
0.399507 0.340109 1.715497 0.656148 -0.034813 0.753637 -0.016975
0.399462 0.340311 1.715513 0.656148 -0.035009 0.753628 -0.017016
0.399416 0.340511 1.715528 0.656147 -0.035202 0.753618 -0.017057
0.399370 0.340710 1.715543 0.656146 -0.035390 0.753609 -0.017099
0.399323 0.340907 1.715558 0.656145 -0.035574 0.753601 -0.017143
0.399276 0.341102 1.715571 0.656146 -0.035747 0.753591 -0.017179
0.399229 0.341295 1.715581 0.656148 -0.035910 0.753580 -0.017212
0.399182 0.341487 1.715591 0.656152 -0.036064 0.753570 -0.017242
0.399135 0.341677 1.715599 0.656156 -0.036210 0.753558 -0.017271
0.399088 0.341866 1.715606 0.656161 -0.036348 0.753547 -0.017301
0.399040 0.342052 1.715612 0.656166 -0.036478 0.753535 -0.017332
0.398992 0.342237 1.715618 0.656172 -0.036602 0.753523 -0.017364
0.398944 0.342420 1.715623 0.656178 -0.036720 0.753511 -0.017398
0.398895 0.342602 1.715628 0.656185 -0.036832 0.753499 -0.017434
0.398846 0.342782 1.715632 0.656191 -0.036937 0.753487 -0.017473
0.398797 0.342960 1.715636 0.656198 -0.037038 0.753476 -0.017514
0.398747 0.343137 1.715640 0.656205 -0.037133 0.753464 -0.017557
0.398697 0.343313 1.715643 0.656212 -0.037223 0.753452 -0.017602
0.398647 0.343487 1.715646 0.656219 -0.037308 0.753441 -0.017650
0.398596 0.343659 1.715650 0.656224 -0.037393 0.753431 -0.017708
0.398544 0.343830 1.715656 0.656229 -0.037478 0.753421 -0.017772
0.398492 0.343999 1.715662 0.656232 -0.037560 0.753412 -0.017840
0.398440 0.344167 1.715668 0.656236 -0.037638 0.753404 -0.017912
0.398387 0.344334 1.715674 0.656239 -0.037714 0.753396 -0.017986
0.398334 0.344499 1.715679 0.656242 -0.037785 0.753388 -0.018061
0.398281 0.344663 1.715685 0.656245 -0.037852 0.753380 -0.018138
0.398228 0.344826 1.715690 0.656248 -0.037914 0.753372 -0.018215
0.398174 0.344987 1.715695 0.656251 -0.037972 0.753364 -0.018293
0.398121 0.345147 1.715700 0.656255 -0.038025 0.753357 -0.018371
0.398068 0.345304 1.715706 0.656256 -0.038088 0.753351 -0.018451
0.398034 0.345473 1.715710 0.656259 -0.038171 0.753344 -0.018449
0.398008 0.345653 1.715713 0.656262 -0.038261 0.753338 -0.018407
0.397986 0.345839 1.715716 0.656264 -0.038355 0.753333 -0.018341
0.397966 0.346029 1.715719 0.656266 -0.038449 0.753328 -0.018262
0.397946 0.346220 1.715724 0.656266 -0.038543 0.753325 -0.018176
0.397926 0.346412 1.715730 0.656265 -0.038638 0.753324 -0.018087
0.397905 0.346603 1.715737 0.656262 -0.038732 0.753323 -0.017999
0.397883 0.346793 1.715746 0.656258 -0.038825 0.753324 -0.017913
0.397860 0.346982 1.715756 0.656254 -0.038918 0.753325 -0.017830
0.397836 0.347169 1.715767 0.656248 -0.039010 0.753327 -0.017750
0.397813 0.347355 1.715777 0.656244 -0.039097 0.753328 -0.017666
0.397789 0.347538 1.715787 0.656241 -0.039178 0.753329 -0.017581
0.397765 0.347719 1.715797 0.656238 -0.039255 0.753329 -0.017497
0.397741 0.347897 1.715806 0.656235 -0.039327 0.753330 -0.017413
0.397717 0.348074 1.715815 0.656233 -0.039396 0.753330 -0.017332
0.397692 0.348248 1.715823 0.656231 -0.039461 0.753330 -0.017254
0.397667 0.348420 1.715832 0.656230 -0.039522 0.753330 -0.017179
0.397642 0.348590 1.715841 0.656228 -0.039580 0.753330 -0.017107
0.397616 0.348758 1.715849 0.656227 -0.039634 0.753330 -0.017039
0.397591 0.348922 1.715858 0.656224 -0.039691 0.753330 -0.016970
0.397567 0.349083 1.715866 0.656222 -0.039751 0.753331 -0.016901
0.397543 0.349241 1.715875 0.656219 -0.039812 0.753331 -0.016833
0.397520 0.349395 1.715883 0.656216 -0.039874 0.753332 -0.016766
0.397498 0.349546 1.715892 0.656212 -0.039935 0.753334 -0.016701
0.397475 0.349695 1.715900 0.656209 -0.039995 0.753335 -0.016637
0.397453 0.349840 1.715907 0.656206 -0.040053 0.753336 -0.016575
0.397432 0.349983 1.715915 0.656203 -0.040109 0.753337 -0.016515
0.397410 0.350124 1.715922 0.656199 -0.040163 0.753338 -0.016456
0.397389 0.350262 1.715929 0.656196 -0.040214 0.753339 -0.016399
0.397367 0.350398 1.715936 0.656193 -0.040262 0.753341 -0.016344
0.397346 0.350533 1.715942 0.656191 -0.040307 0.753342 -0.016291
0.397325 0.350665 1.715948 0.656188 -0.040349 0.753343 -0.016240
0.397304 0.350795 1.715954 0.656185 -0.040388 0.753344 -0.016190
0.397283 0.350923 1.715960 0.656183 -0.040424 0.753345 -0.016142
0.397262 0.351050 1.715965 0.656181 -0.040457 0.753346 -0.016095
0.397240 0.351175 1.715970 0.656179 -0.040486 0.753347 -0.016050
0.397219 0.351298 1.715974 0.656177 -0.040513 0.753348 -0.016007
0.397198 0.351420 1.715978 0.656176 -0.040536 0.753349 -0.015965
0.397177 0.351540 1.715982 0.656174 -0.040557 0.753350 -0.015924
0.397156 0.351659 1.715986 0.656173 -0.040575 0.753351 -0.015884
0.397151 0.351805 1.715987 0.656175 -0.040645 0.753347 -0.015817
0.397154 0.351971 1.715987 0.656179 -0.040737 0.753341 -0.015719
0.397162 0.352150 1.715983 0.656185 -0.040836 0.753333 -0.015587
0.397172 0.352336 1.715978 0.656191 -0.040940 0.753325 -0.015437
0.397182 0.352526 1.715975 0.656196 -0.041049 0.753318 -0.015277
0.397191 0.352719 1.715972 0.656199 -0.041164 0.753313 -0.015113
0.397199 0.352912 1.715972 0.656199 -0.041283 0.753309 -0.014948
0.397205 0.353104 1.715973 0.656198 -0.041406 0.753307 -0.014783
0.397211 0.353295 1.715975 0.656195 -0.041533 0.753305 -0.014620
0.397215 0.353483 1.715979 0.656191 -0.041663 0.753305 -0.014458
0.397218 0.353669 1.715984 0.656186 -0.041795 0.753305 -0.014299
0.397221 0.353852 1.715990 0.656180 -0.041928 0.753306 -0.014143
0.397223 0.354033 1.715996 0.656174 -0.042060 0.753307 -0.013989
0.397224 0.354210 1.716002 0.656168 -0.042192 0.753308 -0.013837
0.397225 0.354385 1.716009 0.656161 -0.042321 0.753309 -0.013688
0.397225 0.354556 1.716015 0.656155 -0.042448 0.753310 -0.013542
0.397225 0.354725 1.716022 0.656148 -0.042571 0.753311 -0.013398
0.397224 0.354892 1.716028 0.656142 -0.042690 0.753312 -0.013256
0.397223 0.355055 1.716034 0.656137 -0.042804 0.753313 -0.013117
0.397222 0.355216 1.716040 0.656132 -0.042912 0.753314 -0.012980
0.397220 0.355376 1.716045 0.656127 -0.043016 0.753314 -0.012846
0.397217 0.355532 1.716049 0.656123 -0.043113 0.753314 -0.012715
0.397214 0.355687 1.716054 0.656119 -0.043205 0.753314 -0.012586
0.397211 0.355840 1.716057 0.656116 -0.043291 0.753314 -0.012461
0.397207 0.355991 1.716060 0.656114 -0.043370 0.753314 -0.012335
0.397203 0.356140 1.716062 0.656112 -0.043441 0.753313 -0.012211
0.397199 0.356287 1.716063 0.656112 -0.043506 0.753312 -0.012089
0.397195 0.356433 1.716063 0.656111 -0.043566 0.753310 -0.011969
0.397190 0.356576 1.716063 0.656112 -0.043620 0.753309 -0.011851
0.397185 0.356719 1.716062 0.656112 -0.043669 0.753307 -0.011734
0.397179 0.356859 1.716061 0.656114 -0.043715 0.753305 -0.011619
0.397174 0.356999 1.716059 0.656115 -0.043757 0.753303 -0.011506
0.397168 0.357136 1.716057 0.656117 -0.043797 0.753301 -0.011393
0.397161 0.357273 1.716054 0.656120 -0.043833 0.753298 -0.011281
0.397155 0.357408 1.716051 0.656122 -0.043868 0.753296 -0.011169
0.397148 0.357542 1.716048 0.656125 -0.043901 0.753293 -0.011058
0.397141 0.357674 1.716045 0.656128 -0.043932 0.753290 -0.010948
0.397133 0.357805 1.716041 0.656132 -0.043962 0.753287 -0.010838
0.397126 0.357935 1.716037 0.656135 -0.043990 0.753284 -0.010729
0.397118 0.358063 1.716032 0.656139 -0.044017 0.753280 -0.010620
0.397123 0.358208 1.716022 0.656154 -0.044073 0.753266 -0.010474
0.397134 0.358366 1.716009 0.656174 -0.044144 0.753247 -0.010306
0.397148 0.358531 1.715998 0.656195 -0.044224 0.753227 -0.010123
0.397163 0.358701 1.715989 0.656214 -0.044311 0.753207 -0.009934
0.397177 0.358873 1.715982 0.656231 -0.044403 0.753189 -0.009742
0.397190 0.359045 1.715980 0.656245 -0.044500 0.753174 -0.009552
0.397202 0.359216 1.715980 0.656257 -0.044602 0.753160 -0.009366
0.397212 0.359386 1.715983 0.656266 -0.044707 0.753148 -0.009184
0.397221 0.359554 1.715989 0.656274 -0.044815 0.753137 -0.009006
0.397229 0.359720 1.715996 0.656280 -0.044924 0.753127 -0.008832
0.397237 0.359884 1.716005 0.656285 -0.045034 0.753118 -0.008662
0.397243 0.360045 1.716015 0.656290 -0.045142 0.753109 -0.008496
0.397248 0.360204 1.716026 0.656294 -0.045249 0.753101 -0.008332
0.397252 0.360360 1.716037 0.656298 -0.045354 0.753093 -0.008172
0.397256 0.360514 1.716048 0.656302 -0.045456 0.753085 -0.008014
0.397259 0.360667 1.716060 0.656306 -0.045555 0.753078 -0.007859
0.397262 0.360818 1.716071 0.656311 -0.045651 0.753069 -0.007702
0.397265 0.360967 1.716081 0.656317 -0.045743 0.753060 -0.007546
0.397268 0.361115 1.716091 0.656324 -0.045832 0.753050 -0.007391
0.397269 0.361262 1.716100 0.656331 -0.045918 0.753040 -0.007237
0.397271 0.361407 1.716109 0.656338 -0.046002 0.753030 -0.007085
0.397272 0.361550 1.716117 0.656346 -0.046083 0.753019 -0.006935
0.397272 0.361692 1.716125 0.656355 -0.046162 0.753008 -0.006787
0.397272 0.361833 1.716133 0.656363 -0.046238 0.752998 -0.006640
0.397271 0.361973 1.716140 0.656372 -0.046312 0.752987 -0.006495
0.397270 0.362112 1.716146 0.656381 -0.046385 0.752976 -0.006352
0.397268 0.362249 1.716153 0.656390 -0.046455 0.752965 -0.006211
0.397266 0.362385 1.716158 0.656399 -0.046523 0.752953 -0.006071
0.397263 0.362520 1.716164 0.656409 -0.046589 0.752942 -0.005933
0.397259 0.362654 1.716169 0.656418 -0.046654 0.752931 -0.005797
0.397255 0.362788 1.716173 0.656428 -0.046715 0.752919 -0.005664
0.397250 0.362921 1.716177 0.656439 -0.046772 0.752907 -0.005535
0.397244 0.363053 1.716180 0.656451 -0.046826 0.752895 -0.005408
0.397237 0.363185 1.716183 0.656463 -0.046877 0.752882 -0.005284
0.397230 0.363316 1.716186 0.656475 -0.046925 0.752869 -0.005162
0.397221 0.363446 1.716188 0.656487 -0.046972 0.752857 -0.005042
0.397213 0.363576 1.716189 0.656499 -0.047016 0.752844 -0.004924
0.397203 0.363705 1.716190 0.656512 -0.047058 0.752831 -0.004807
0.397193 0.363833 1.716191 0.656524 -0.047099 0.752819 -0.004692
0.397182 0.363961 1.716191 0.656537 -0.047137 0.752806 -0.004579
0.397184 0.364098 1.716177 0.656573 -0.047159 0.752774 -0.004406
0.397189 0.364244 1.716159 0.656617 -0.047185 0.752735 -0.004217
0.397196 0.364396 1.716141 0.656661 -0.047217 0.752696 -0.004025
0.397203 0.364552 1.716127 0.656702 -0.047257 0.752658 -0.003834
0.397209 0.364711 1.716117 0.656740 -0.047303 0.752623 -0.003649
0.397213 0.364871 1.716110 0.656774 -0.047354 0.752591 -0.003468
0.397215 0.365031 1.716107 0.656806 -0.047411 0.752561 -0.003293
0.397216 0.365192 1.716106 0.656835 -0.047471 0.752532 -0.003122
0.397215 0.365352 1.716107 0.656862 -0.047534 0.752505 -0.002954
0.397213 0.365511 1.716110 0.656887 -0.047600 0.752479 -0.002789
0.397209 0.365669 1.716114 0.656912 -0.047667 0.752454 -0.002627
0.397205 0.365826 1.716119 0.656936 -0.047736 0.752430 -0.002467
0.397199 0.365981 1.716124 0.656959 -0.047805 0.752405 -0.002309
0.397193 0.366136 1.716130 0.656982 -0.047874 0.752381 -0.002153
0.397185 0.366289 1.716136 0.657005 -0.047943 0.752358 -0.002000
0.397177 0.366441 1.716143 0.657027 -0.048012 0.752334 -0.001848
0.397168 0.366591 1.716149 0.657049 -0.048080 0.752311 -0.001698
0.397159 0.366740 1.716155 0.657071 -0.048147 0.752288 -0.001550
0.397149 0.366888 1.716161 0.657093 -0.048213 0.752265 -0.001404
0.397138 0.367035 1.716167 0.657115 -0.048277 0.752242 -0.001259
0.397126 0.367180 1.716172 0.657137 -0.048341 0.752219 -0.001116
0.397114 0.367325 1.716177 0.657159 -0.048402 0.752196 -0.000975
0.397101 0.367468 1.716181 0.657181 -0.048462 0.752173 -0.000836
0.397089 0.367610 1.716185 0.657203 -0.048520 0.752150 -0.000698
0.397076 0.367751 1.716188 0.657226 -0.048578 0.752126 -0.000561
0.397063 0.367891 1.716190 0.657249 -0.048633 0.752102 -0.000426
0.397049 0.368030 1.716192 0.657273 -0.048688 0.752079 -0.000293
0.397035 0.368167 1.716192 0.657296 -0.048740 0.752055 -0.000161
0.397021 0.368304 1.716193 0.657319 -0.048791 0.752031 -0.000031
0.397007 0.368439 1.716193 0.657343 -0.048840 0.752007 0.000097
0.396992 0.368573 1.716192 0.657366 -0.048887 0.751984 0.000223
0.396976 0.368706 1.716190 0.657390 -0.048932 0.751960 0.000348
0.396961 0.368839 1.716188 0.657413 -0.048976 0.751937 0.000471
0.396945 0.368970 1.716186 0.657436 -0.049019 0.751914 0.000593
0.396928 0.369100 1.716183 0.657460 -0.049059 0.751891 0.000713
0.396911 0.369229 1.716179 0.657483 -0.049098 0.751868 0.000832
0.396894 0.369358 1.716175 0.657506 -0.049136 0.751845 0.000949
0.396876 0.369485 1.716171 0.657529 -0.049172 0.751822 0.001064
0.396858 0.369612 1.716166 0.657552 -0.049206 0.751800 0.001178
0.396839 0.369738 1.716161 0.657574 -0.049239 0.751778 0.001291
0.396834 0.369886 1.716143 0.657623 -0.049240 0.751735 0.001474
0.396836 0.370048 1.716127 0.657675 -0.049251 0.751688 0.001673
0.396841 0.370219 1.716116 0.657724 -0.049276 0.751643 0.001872
0.396846 0.370394 1.716110 0.657768 -0.049317 0.751601 0.002068
0.396851 0.370572 1.716110 0.657807 -0.049370 0.751563 0.002258
0.396854 0.370751 1.716113 0.657842 -0.049431 0.751528 0.002445
0.396857 0.370930 1.716121 0.657873 -0.049499 0.751495 0.002628
0.396858 0.371107 1.716131 0.657903 -0.049574 0.751464 0.002808
0.396858 0.371283 1.716143 0.657930 -0.049653 0.751434 0.002987
0.396858 0.371458 1.716157 0.657956 -0.049736 0.751405 0.003163
0.396856 0.371630 1.716173 0.657981 -0.049821 0.751377 0.003337
0.396853 0.371801 1.716189 0.658005 -0.049908 0.751349 0.003509
0.396849 0.371970 1.716206 0.658029 -0.049997 0.751322 0.003680
0.396845 0.372137 1.716224 0.658052 -0.050085 0.751295 0.003849
0.396840 0.372302 1.716241 0.658075 -0.050173 0.751268 0.004016
0.396833 0.372466 1.716259 0.658097 -0.050261 0.751242 0.004181
0.396827 0.372628 1.716277 0.658120 -0.050349 0.751215 0.004344
0.396820 0.372788 1.716294 0.658143 -0.050435 0.751188 0.004507
0.396812 0.372946 1.716311 0.658166 -0.050520 0.751161 0.004668
0.396805 0.373103 1.716327 0.658190 -0.050603 0.751134 0.004828
0.396797 0.373259 1.716342 0.658213 -0.050686 0.751107 0.004986
0.396789 0.373413 1.716356 0.658237 -0.050767 0.751079 0.005142
0.396780 0.373565 1.716370 0.658261 -0.050847 0.751052 0.005296
0.396771 0.373716 1.716384 0.658284 -0.050925 0.751025 0.005448
0.396761 0.373865 1.716396 0.658308 -0.051001 0.750998 0.005597
0.396751 0.374013 1.716408 0.658333 -0.051075 0.750970 0.005747
0.396742 0.374160 1.716418 0.658357 -0.051146 0.750943 0.005897
0.396732 0.374305 1.716427 0.658382 -0.051216 0.750915 0.006046
0.396722 0.374449 1.716435 0.658407 -0.051283 0.750887 0.006193
0.396711 0.374593 1.716442 0.658434 -0.051350 0.750858 0.006330
0.396700 0.374736 1.716449 0.658460 -0.051415 0.750829 0.006460
0.396687 0.374878 1.716454 0.658488 -0.051478 0.750800 0.006584
0.396674 0.375020 1.716459 0.658515 -0.051540 0.750771 0.006703
0.396661 0.375161 1.716464 0.658543 -0.051601 0.750741 0.006819
0.396647 0.375301 1.716469 0.658570 -0.051660 0.750712 0.006931
0.396632 0.375441 1.716473 0.658598 -0.051719 0.750683 0.007041
0.396617 0.375579 1.716477 0.658625 -0.051775 0.750654 0.007148
0.396601 0.375717 1.716481 0.658652 -0.051831 0.750625 0.007253
0.396584 0.375854 1.716484 0.658680 -0.051884 0.750596 0.007356
0.396566 0.375989 1.716486 0.658706 -0.051936 0.750568 0.007458
0.396560 0.376141 1.716476 0.658762 -0.051963 0.750517 0.007572
0.396560 0.376305 1.716462 0.658826 -0.051984 0.750458 0.007697
0.396563 0.376476 1.716447 0.658891 -0.052008 0.750398 0.007830
0.396569 0.376650 1.716433 0.658952 -0.052038 0.750340 0.007970
0.396576 0.376826 1.716423 0.659010 -0.052074 0.750286 0.008114
0.396582 0.377002 1.716415 0.659063 -0.052115 0.750234 0.008258
0.396588 0.377177 1.716410 0.659113 -0.052160 0.750186 0.008404
0.396594 0.377350 1.716406 0.659160 -0.052208 0.750140 0.008550
0.396599 0.377521 1.716404 0.659204 -0.052257 0.750095 0.008697
0.396603 0.377690 1.716403 0.659247 -0.052307 0.750052 0.008843
0.396606 0.377858 1.716403 0.659289 -0.052357 0.750011 0.008989
0.396609 0.378023 1.716403 0.659330 -0.052407 0.749970 0.009134
0.396610 0.378187 1.716404 0.659369 -0.052456 0.749929 0.009279
0.396612 0.378348 1.716404 0.659409 -0.052505 0.749890 0.009421
0.396612 0.378508 1.716405 0.659447 -0.052552 0.749851 0.009562
0.396612 0.378667 1.716406 0.659485 -0.052599 0.749812 0.009702
0.396610 0.378823 1.716407 0.659523 -0.052644 0.749774 0.009839
0.396609 0.378979 1.716407 0.659560 -0.052687 0.749737 0.009974
0.396606 0.379133 1.716408 0.659597 -0.052730 0.749700 0.010107
0.396603 0.379285 1.716408 0.659633 -0.052770 0.749663 0.010238
0.396599 0.379437 1.716407 0.659671 -0.052808 0.749626 0.010369
0.396595 0.379587 1.716405 0.659708 -0.052845 0.749588 0.010499
0.396591 0.379735 1.716403 0.659746 -0.052881 0.749550 0.010628
0.396587 0.379882 1.716400 0.659784 -0.052915 0.749513 0.010756
0.396582 0.380028 1.716397 0.659821 -0.052948 0.749476 0.010882
0.396576 0.380172 1.716393 0.659859 -0.052979 0.749439 0.011006
0.396570 0.380315 1.716389 0.659896 -0.053009 0.749402 0.011128
0.396564 0.380457 1.716385 0.659933 -0.053039 0.749366 0.011248
0.396558 0.380597 1.716380 0.659970 -0.053069 0.749330 0.011366
0.396552 0.380736 1.716374 0.660006 -0.053098 0.749294 0.011482
0.396545 0.380874 1.716368 0.660042 -0.053125 0.749258 0.011595
0.396538 0.381010 1.716362 0.660078 -0.053152 0.749223 0.011707
0.396530 0.381145 1.716355 0.660113 -0.053177 0.749188 0.011816
0.396522 0.381279 1.716348 0.660149 -0.053202 0.749153 0.011923
0.396513 0.381412 1.716340 0.660184 -0.053225 0.749119 0.012028
0.396504 0.381543 1.716332 0.660219 -0.053247 0.749085 0.012131
0.396495 0.381674 1.716323 0.660253 -0.053268 0.749052 0.012231
0.396484 0.381804 1.716314 0.660287 -0.053286 0.749019 0.012330
0.396473 0.381933 1.716304 0.660321 -0.053303 0.748986 0.012426
0.396461 0.382062 1.716295 0.660355 -0.053319 0.748953 0.012520
0.396444 0.382194 1.716283 0.660412 -0.053336 0.748901 0.012577
0.396423 0.382331 1.716272 0.660478 -0.053350 0.748841 0.012629
0.396398 0.382472 1.716265 0.660547 -0.053360 0.748779 0.012689
0.396371 0.382616 1.716262 0.660616 -0.053367 0.748716 0.012760
0.396340 0.382762 1.716264 0.660681 -0.053374 0.748657 0.012839
0.396307 0.382908 1.716271 0.660743 -0.053383 0.748600 0.012922
0.396271 0.383054 1.716283 0.660802 -0.053395 0.748546 0.013009
0.396233 0.383200 1.716298 0.660858 -0.053410 0.748494 0.013097
0.396194 0.383345 1.716316 0.660911 -0.053426 0.748444 0.013185
0.396152 0.383489 1.716337 0.660963 -0.053445 0.748395 0.013274
0.396110 0.383632 1.716359 0.661013 -0.053466 0.748348 0.013363
0.396066 0.383774 1.716384 0.661062 -0.053488 0.748302 0.013450
0.396022 0.383915 1.716409 0.661109 -0.053512 0.748257 0.013537
0.395976 0.384055 1.716436 0.661155 -0.053536 0.748212 0.013622
0.395930 0.384194 1.716463 0.661201 -0.053560 0.748169 0.013705
0.395884 0.384333 1.716491 0.661246 -0.053585 0.748126 0.013786
0.395838 0.384470 1.716518 0.661290 -0.053607 0.748084 0.013869
0.395792 0.384605 1.716543 0.661335 -0.053627 0.748041 0.013954
0.395747 0.384740 1.716569 0.661379 -0.053645 0.747999 0.014038
0.395702 0.384874 1.716593 0.661423 -0.053661 0.747958 0.014122
0.395657 0.385006 1.716617 0.661466 -0.053676 0.747917 0.014204
0.395612 0.385137 1.716639 0.661509 -0.053691 0.747876 0.014285
0.395568 0.385267 1.716662 0.661551 -0.053704 0.747837 0.014364
0.395523 0.385397 1.716683 0.661593 -0.053716 0.747797 0.014441
0.395478 0.385525 1.716704 0.661634 -0.053727 0.747759 0.014516
0.395434 0.385652 1.716725 0.661675 -0.053737 0.747720 0.014589
0.395389 0.385779 1.716745 0.661715 -0.053747 0.747683 0.014660
0.395345 0.385904 1.716764 0.661755 -0.053755 0.747646 0.014729
0.395300 0.386029 1.716783 0.661794 -0.053763 0.747609 0.014796
0.395255 0.386153 1.716801 0.661833 -0.053770 0.747573 0.014860
0.395210 0.386276 1.716818 0.661871 -0.053777 0.747537 0.014923
0.395165 0.386398 1.716835 0.661909 -0.053783 0.747502 0.014983
0.395120 0.386520 1.716851 0.661947 -0.053788 0.747467 0.015042
0.395075 0.386641 1.716867 0.661984 -0.053792 0.747433 0.015098
0.395030 0.386761 1.716883 0.662021 -0.053796 0.747399 0.015153
0.394985 0.386881 1.716898 0.662057 -0.053800 0.747366 0.015205
0.394939 0.387000 1.716912 0.662092 -0.053803 0.747333 0.015255
0.394894 0.387118 1.716926 0.662128 -0.053806 0.747300 0.015303
0.394848 0.387235 1.716940 0.662163 -0.053809 0.747268 0.015349
0.394803 0.387352 1.716953 0.662197 -0.053811 0.747236 0.015393
0.394761 0.387472 1.716958 0.662276 -0.053857 0.747163 0.015373
0.394719 0.387598 1.716962 0.662359 -0.053914 0.747087 0.015345
0.394677 0.387730 1.716967 0.662435 -0.053970 0.747015 0.015325
0.394634 0.387865 1.716973 0.662505 -0.054020 0.746950 0.015318
0.394590 0.388003 1.716979 0.662567 -0.054062 0.746891 0.015324
0.394544 0.388141 1.716985 0.662625 -0.054097 0.746837 0.015343
0.394498 0.388280 1.716992 0.662679 -0.054125 0.746787 0.015372
0.394451 0.388419 1.716999 0.662729 -0.054146 0.746740 0.015411
0.394403 0.388558 1.717006 0.662776 -0.054161 0.746696 0.015458
0.394354 0.388696 1.717013 0.662821 -0.054171 0.746655 0.015511
0.394305 0.388833 1.717020 0.662864 -0.054177 0.746615 0.015569
0.394255 0.388969 1.717027 0.662905 -0.054178 0.746577 0.015631
0.394205 0.389104 1.717033 0.662945 -0.054177 0.746540 0.015696
0.394155 0.389239 1.717040 0.662984 -0.054173 0.746505 0.015763
0.394105 0.389372 1.717046 0.663021 -0.054166 0.746470 0.015831
0.394054 0.389504 1.717052 0.663058 -0.054157 0.746437 0.015899
0.394003 0.389636 1.717058 0.663094 -0.054146 0.746404 0.015968
0.393952 0.389766 1.717064 0.663130 -0.054134 0.746372 0.016036
0.393901 0.389896 1.717069 0.663164 -0.054120 0.746341 0.016103
0.393850 0.390025 1.717074 0.663198 -0.054105 0.746310 0.016170
0.393798 0.390153 1.717079 0.663232 -0.054089 0.746280 0.016234
0.393746 0.390281 1.717083 0.663264 -0.054069 0.746252 0.016296
0.393693 0.390409 1.717087 0.663296 -0.054049 0.746223 0.016356
0.393641 0.390536 1.717091 0.663328 -0.054028 0.746195 0.016415
0.393588 0.390662 1.717094 0.663360 -0.054006 0.746167 0.016473
0.393536 0.390787 1.717097 0.663391 -0.053984 0.746140 0.016528
0.393484 0.390912 1.717099 0.663422 -0.053961 0.746112 0.016582
0.393431 0.391036 1.717101 0.663453 -0.053938 0.746086 0.016634
0.393380 0.391154 1.717105 0.663483 -0.053935 0.746058 0.016684
0.393331 0.391264 1.717111 0.663513 -0.053952 0.746030 0.016732
0.393283 0.391367 1.717119 0.663542 -0.053987 0.746000 0.016780
0.393237 0.391465 1.717129 0.663572 -0.054035 0.745969 0.016827
0.393192 0.391558 1.717139 0.663602 -0.054096 0.745937 0.016873
0.393150 0.391646 1.717150 0.663632 -0.054167 0.745904 0.016920
0.393109 0.391730 1.717162 0.663662 -0.054248 0.745870 0.016965
0.393070 0.391810 1.717175 0.663693 -0.054336 0.745835 0.017009
0.393032 0.391887 1.717188 0.663723 -0.054432 0.745800 0.017052
0.392996 0.391960 1.717202 0.663754 -0.054534 0.745764 0.017093
0.392962 0.392030 1.717216 0.663785 -0.054642 0.745728 0.017133
0.392928 0.392097 1.717231 0.663817 -0.054755 0.745691 0.017170
0.392897 0.392153 1.717234 0.663923 -0.054943 0.745584 0.017102
0.392866 0.392210 1.717238 0.664040 -0.055135 0.745467 0.017029
0.392833 0.392269 1.717245 0.664151 -0.055312 0.745356 0.016974
0.392798 0.392330 1.717256 0.664253 -0.055473 0.745254 0.016944
0.392763 0.392392 1.717269 0.664347 -0.055616 0.745159 0.016938
0.392726 0.392454 1.717286 0.664435 -0.055745 0.745072 0.016953
0.392689 0.392516 1.717304 0.664516 -0.055861 0.744989 0.016988
0.392652 0.392576 1.717325 0.664593 -0.055966 0.744912 0.017038
0.392614 0.392636 1.717347 0.664665 -0.056062 0.744839 0.017102
0.392576 0.392695 1.717371 0.664733 -0.056151 0.744770 0.017177
0.392538 0.392752 1.717396 0.664798 -0.056233 0.744703 0.017261
0.392501 0.392807 1.717422 0.664861 -0.056312 0.744639 0.017352
0.392463 0.392862 1.717450 0.664921 -0.056387 0.744578 0.017448
0.392426 0.392915 1.717478 0.664979 -0.056459 0.744518 0.017548
0.392390 0.392967 1.717506 0.665035 -0.056530 0.744460 0.017652
0.392354 0.393017 1.717535 0.665089 -0.056599 0.744404 0.017757
0.392318 0.393067 1.717565 0.665142 -0.056667 0.744349 0.017864
0.392283 0.393115 1.717594 0.665194 -0.056734 0.744295 0.017971
0.392248 0.393163 1.717624 0.665244 -0.056802 0.744243 0.018078
0.392214 0.393210 1.717654 0.665293 -0.056869 0.744191 0.018184
0.392180 0.393255 1.717684 0.665342 -0.056937 0.744140 0.018288
0.392146 0.393300 1.717714 0.665389 -0.057005 0.744090 0.018392
0.392113 0.393345 1.717743 0.665434 -0.057070 0.744042 0.018494
0.392080 0.393389 1.717771 0.665479 -0.057134 0.743995 0.018594
0.392048 0.393434 1.717799 0.665522 -0.057197 0.743949 0.018691
0.392015 0.393477 1.717826 0.665565 -0.057259 0.743903 0.018785
0.391984 0.393521 1.717852 0.665606 -0.057321 0.743859 0.018877
0.391952 0.393564 1.717878 0.665648 -0.057383 0.743815 0.018966
0.391921 0.393607 1.717903 0.665688 -0.057446 0.743772 0.019053
0.391890 0.393650 1.717928 0.665728 -0.057510 0.743729 0.019137
0.391860 0.393692 1.717952 0.665768 -0.057574 0.743686 0.019219
0.391829 0.393734 1.717975 0.665807 -0.057639 0.743644 0.019298
0.391799 0.393775 1.717998 0.665845 -0.057704 0.743602 0.019375
0.391770 0.393816 1.718021 0.665884 -0.057771 0.743561 0.019450
0.391740 0.393857 1.718043 0.665921 -0.057839 0.743520 0.019523
0.391711 0.393897 1.718065 0.665959 -0.057907 0.743480 0.019593
0.391682 0.393937 1.718086 0.665996 -0.057977 0.743439 0.019662
0.391654 0.393976 1.718107 0.666032 -0.058048 0.743399 0.019729
0.391625 0.394015 1.718128 0.666068 -0.058119 0.743359 0.019794
0.391597 0.394054 1.718148 0.666104 -0.058192 0.743320 0.019857
0.391560 0.394079 1.718164 0.666178 -0.058311 0.743246 0.019808
0.391517 0.394103 1.718181 0.666262 -0.058436 0.743163 0.019734
0.391469 0.394130 1.718201 0.666345 -0.058554 0.743081 0.019663
0.391418 0.394159 1.718223 0.666425 -0.058663 0.743002 0.019607
0.391365 0.394191 1.718248 0.666500 -0.058762 0.742928 0.019567
0.391309 0.394224 1.718276 0.666571 -0.058852 0.742858 0.019542
0.391252 0.394259 1.718305 0.666639 -0.058936 0.742790 0.019532
0.391193 0.394294 1.718337 0.666705 -0.059015 0.742725 0.019535
0.391134 0.394329 1.718370 0.666767 -0.059090 0.742662 0.019548
0.391073 0.394364 1.718405 0.666827 -0.059161 0.742602 0.019571
0.391013 0.394398 1.718441 0.666885 -0.059230 0.742544 0.019600
0.390952 0.394433 1.718478 0.666941 -0.059297 0.742488 0.019635
0.390892 0.394466 1.718516 0.666995 -0.059363 0.742433 0.019674
0.390831 0.394500 1.718555 0.667047 -0.059429 0.742380 0.019715
0.390771 0.394533 1.718594 0.667098 -0.059493 0.742327 0.019759
0.390712 0.394565 1.718633 0.667148 -0.059558 0.742276 0.019804
0.390652 0.394597 1.718672 0.667197 -0.059622 0.742226 0.019850
0.390593 0.394629 1.718712 0.667244 -0.059687 0.742177 0.019896
0.390535 0.394661 1.718752 0.667291 -0.059752 0.742129 0.019941
0.390477 0.394692 1.718791 0.667336 -0.059817 0.742081 0.019986
0.390420 0.394723 1.718830 0.667381 -0.059882 0.742035 0.020029
0.390363 0.394754 1.718869 0.667425 -0.059948 0.741988 0.020072
0.390307 0.394785 1.718908 0.667469 -0.060015 0.741943 0.020112
0.390251 0.394816 1.718946 0.667511 -0.060082 0.741898 0.020151
0.390196 0.394846 1.718984 0.667554 -0.060150 0.741853 0.020188
0.390141 0.394877 1.719021 0.667595 -0.060218 0.741809 0.020224
0.390087 0.394907 1.719058 0.667636 -0.060287 0.741766 0.020258
0.390033 0.394938 1.719094 0.667677 -0.060356 0.741723 0.020289
0.389980 0.394969 1.719129 0.667717 -0.060426 0.741680 0.020319
0.389927 0.394999 1.719165 0.667757 -0.060496 0.741638 0.020348
0.389875 0.395030 1.719199 0.667796 -0.060567 0.741596 0.020374
0.389824 0.395060 1.719232 0.667834 -0.060637 0.741556 0.020399
0.389773 0.395091 1.719265 0.667872 -0.060706 0.741516 0.020421
0.389722 0.395123 1.719296 0.667909 -0.060774 0.741476 0.020442
0.389673 0.395154 1.719327 0.667945 -0.060843 0.741437 0.020460
0.389623 0.395185 1.719357 0.667981 -0.060912 0.741398 0.020477
0.389574 0.395217 1.719386 0.668017 -0.060981 0.741360 0.020491
0.389526 0.395248 1.719414 0.668052 -0.061050 0.741322 0.020504
0.389478 0.395279 1.719441 0.668087 -0.061119 0.741285 0.020515
0.389431 0.395311 1.719468 0.668122 -0.061189 0.741248 0.020525
0.389370 0.395315 1.719494 0.668193 -0.061306 0.741178 0.020386
0.389301 0.395313 1.719518 0.668277 -0.061415 0.741097 0.020216
0.389228 0.395313 1.719541 0.668364 -0.061501 0.741016 0.020058
0.389152 0.395317 1.719565 0.668454 -0.061562 0.740933 0.019932
0.389075 0.395324 1.719591 0.668539 -0.061598 0.740856 0.019839
0.388995 0.395333 1.719618 0.668618 -0.061615 0.740785 0.019774
0.388915 0.395344 1.719648 0.668691 -0.061616 0.740720 0.019733
0.388833 0.395355 1.719680 0.668759 -0.061603 0.740660 0.019712
0.388751 0.395367 1.719713 0.668823 -0.061580 0.740605 0.019707
0.388669 0.395379 1.719747 0.668882 -0.061549 0.740554 0.019715
0.388588 0.395391 1.719783 0.668938 -0.061512 0.740506 0.019733
0.388506 0.395403 1.719820 0.668990 -0.061470 0.740461 0.019759
0.388426 0.395415 1.719857 0.669040 -0.061425 0.740419 0.019791
0.388346 0.395427 1.719896 0.669088 -0.061378 0.740379 0.019827
0.388267 0.395438 1.719934 0.669133 -0.061330 0.740341 0.019867
0.388188 0.395449 1.719974 0.669176 -0.061281 0.740305 0.019909
0.388111 0.395460 1.720013 0.669218 -0.061232 0.740270 0.019952
0.388035 0.395470 1.720053 0.669258 -0.061183 0.740237 0.019995
0.387959 0.395481 1.720092 0.669296 -0.061135 0.740205 0.020038
0.387884 0.395491 1.720132 0.669334 -0.061088 0.740174 0.020080
0.387811 0.395501 1.720172 0.669370 -0.061043 0.740144 0.020122
0.387738 0.395511 1.720211 0.669404 -0.060999 0.740115 0.020161
0.387666 0.395521 1.720251 0.669438 -0.060956 0.740087 0.020200
0.387596 0.395531 1.720290 0.669471 -0.060916 0.740059 0.020236
0.387526 0.395541 1.720329 0.669504 -0.060877 0.740033 0.020271
0.387457 0.395551 1.720367 0.669535 -0.060840 0.740006 0.020304
0.387388 0.395563 1.720405 0.669566 -0.060805 0.739980 0.020333
0.387320 0.395575 1.720442 0.669597 -0.060772 0.739954 0.020359
0.387252 0.395588 1.720478 0.669627 -0.060742 0.739929 0.020382
0.387185 0.395601 1.720514 0.669658 -0.060714 0.739903 0.020402
0.387118 0.395615 1.720549 0.669688 -0.060689 0.739877 0.020419
0.387052 0.395629 1.720584 0.669717 -0.060666 0.739852 0.020434
0.386987 0.395644 1.720618 0.669746 -0.060645 0.739827 0.020447
0.386922 0.395659 1.720651 0.669775 -0.060626 0.739802 0.020459
0.386858 0.395674 1.720684 0.669804 -0.060610 0.739777 0.020468
0.386794 0.395689 1.720715 0.669832 -0.060595 0.739753 0.020476
0.386731 0.395704 1.720747 0.669860 -0.060583 0.739728 0.020483
0.386669 0.395719 1.720777 0.669888 -0.060572 0.739704 0.020489
0.386608 0.395735 1.720807 0.669915 -0.060563 0.739680 0.020493
0.386548 0.395750 1.720837 0.669942 -0.060555 0.739656 0.020496
0.386464 0.395725 1.720851 0.670076 -0.060572 0.739536 0.020383
0.386360 0.395694 1.720867 0.670219 -0.060565 0.739410 0.020252
0.386241 0.395664 1.720889 0.670352 -0.060528 0.739296 0.020133
0.386111 0.395640 1.720918 0.670473 -0.060467 0.739194 0.020030
0.385973 0.395620 1.720952 0.670583 -0.060388 0.739103 0.019943
0.385828 0.395605 1.720993 0.670684 -0.060298 0.739021 0.019869
0.385678 0.395593 1.721038 0.670777 -0.060199 0.738947 0.019807
0.385525 0.395585 1.721087 0.670863 -0.060094 0.738878 0.019756
0.385370 0.395580 1.721139 0.670945 -0.059985 0.738814 0.019714
0.385213 0.395577 1.721194 0.671022 -0.059876 0.738754 0.019678
0.385056 0.395576 1.721252 0.671095 -0.059766 0.738697 0.019647
0.384898 0.395576 1.721311 0.671165 -0.059658 0.738643 0.019620
0.384741 0.395577 1.721372 0.671233 -0.059552 0.738591 0.019595
0.384584 0.395579 1.721434 0.671298 -0.059448 0.738540 0.019572
0.384428 0.395582 1.721498 0.671361 -0.059347 0.738492 0.019550
0.384274 0.395585 1.721561 0.671422 -0.059250 0.738445 0.019527
0.384120 0.395589 1.721625 0.671481 -0.059155 0.738400 0.019504
0.383968 0.395593 1.721690 0.671538 -0.059064 0.738356 0.019481
0.383818 0.395597 1.721754 0.671593 -0.058975 0.738313 0.019456
0.383670 0.395602 1.721818 0.671647 -0.058890 0.738271 0.019430
0.383523 0.395607 1.721882 0.671700 -0.058808 0.738231 0.019403
0.383378 0.395612 1.721946 0.671751 -0.058728 0.738191 0.019374
0.383235 0.395618 1.722009 0.671800 -0.058651 0.738153 0.019343
0.383094 0.395623 1.722072 0.671849 -0.058577 0.738116 0.019311
0.382955 0.395629 1.722135 0.671895 -0.058505 0.738080 0.019276
0.382818 0.395635 1.722197 0.671941 -0.058436 0.738045 0.019240
0.382683 0.395641 1.722258 0.671985 -0.058369 0.738011 0.019202
0.382550 0.395647 1.722319 0.672027 -0.058304 0.737979 0.019162
0.382418 0.395654 1.722379 0.672069 -0.058241 0.737947 0.019120
0.382289 0.395661 1.722439 0.672109 -0.058180 0.737917 0.019076
0.382161 0.395667 1.722498 0.672148 -0.058121 0.737887 0.019030
0.382035 0.395674 1.722556 0.672185 -0.058063 0.737859 0.018982
0.381911 0.395681 1.722614 0.672222 -0.058008 0.737831 0.018933
0.381789 0.395688 1.722672 0.672257 -0.057954 0.737805 0.018882
0.381669 0.395696 1.722729 0.672291 -0.057902 0.737779 0.018830
0.381550 0.395703 1.722785 0.672324 -0.057851 0.737755 0.018776
0.381433 0.395710 1.722841 0.672355 -0.057802 0.737731 0.018721
0.381318 0.395718 1.722896 0.672386 -0.057754 0.737708 0.018665
0.381205 0.395726 1.722950 0.672416 -0.057708 0.737686 0.018607
0.381094 0.395733 1.723004 0.672444 -0.057663 0.737665 0.018548
0.380948 0.395672 1.723059 0.672549 -0.057672 0.737572 0.018416
0.380776 0.395591 1.723125 0.672642 -0.057657 0.737492 0.018272
0.380585 0.395510 1.723202 0.672713 -0.057606 0.737435 0.018126
0.380380 0.395434 1.723289 0.672764 -0.057523 0.737399 0.017981
0.380163 0.395364 1.723384 0.672797 -0.057415 0.737380 0.017836
0.379938 0.395303 1.723486 0.672818 -0.057288 0.737374 0.017690
0.379707 0.395249 1.723596 0.672828 -0.057147 0.737380 0.017539
0.379470 0.395203 1.723712 0.672829 -0.056996 0.737395 0.017383
0.379229 0.395163 1.723833 0.672821 -0.056835 0.737418 0.017224
0.378984 0.395130 1.723958 0.672807 -0.056667 0.737447 0.017063
0.378738 0.395103 1.724087 0.672788 -0.056494 0.737482 0.016901
0.378491 0.395080 1.724218 0.672764 -0.056317 0.737521 0.016738
0.378243 0.395062 1.724351 0.672737 -0.056138 0.737562 0.016573
0.377995 0.395047 1.724486 0.672708 -0.055960 0.737607 0.016408
0.377748 0.395035 1.724622 0.672676 -0.055784 0.737653 0.016242
0.377502 0.395024 1.724759 0.672642 -0.055610 0.737700 0.016076
0.377258 0.395015 1.724896 0.672607 -0.055439 0.737749 0.015910
0.377016 0.395008 1.725033 0.672571 -0.055273 0.737798 0.015744
0.376777 0.395000 1.725171 0.672534 -0.055112 0.737847 0.015579
0.376541 0.394994 1.725308 0.672496 -0.054955 0.737897 0.015413
0.376307 0.394987 1.725445 0.672457 -0.054803 0.737947 0.015247
0.376076 0.394980 1.725582 0.672418 -0.054656 0.737997 0.015081
0.375849 0.394974 1.725718 0.672378 -0.054515 0.738047 0.014915
0.375625 0.394967 1.725853 0.672337 -0.054378 0.738098 0.014749
0.375404 0.394960 1.725988 0.672296 -0.054246 0.738148 0.014581
0.375186 0.394953 1.726123 0.672254 -0.054117 0.738199 0.014413
0.374971 0.394946 1.726256 0.672211 -0.053992 0.738251 0.014243
0.374759 0.394940 1.726390 0.672168 -0.053868 0.738303 0.014073
0.374549 0.394934 1.726523 0.672123 -0.053747 0.738355 0.013901
0.374342 0.394929 1.726655 0.672077 -0.053628 0.738409 0.013727
0.374137 0.394925 1.726787 0.672030 -0.053509 0.738464 0.013551
0.373934 0.394922 1.726918 0.671981 -0.053392 0.738520 0.013374
0.373734 0.394920 1.727049 0.671932 -0.053276 0.738577 0.013194
0.373535 0.394920 1.727180 0.671881 -0.053160 0.738635 0.013011
0.373338 0.394920 1.727311 0.671828 -0.053045 0.738694 0.012826
0.373143 0.394922 1.727441 0.671775 -0.052931 0.738754 0.012639
0.372950 0.394925 1.727571 0.671720 -0.052817 0.738815 0.012449
0.372759 0.394930 1.727700 0.671664 -0.052704 0.738877 0.012257
0.372569 0.394936 1.727830 0.671606 -0.052591 0.738941 0.012062
0.372380 0.394943 1.727959 0.671548 -0.052479 0.739005 0.011865
0.372160 0.394863 1.728127 0.671532 -0.052578 0.739017 0.011571
0.371909 0.394759 1.728319 0.671501 -0.052679 0.739043 0.011274
0.371634 0.394655 1.728527 0.671446 -0.052727 0.739093 0.011001
0.371339 0.394559 1.728748 0.671368 -0.052708 0.739169 0.010757
0.371028 0.394478 1.728978 0.671267 -0.052622 0.739270 0.010534
0.370671 0.394471 1.729230 0.671083 -0.052202 0.739470 0.010303
0.370279 0.394523 1.729500 0.670840 -0.051603 0.739737 0.010019
0.369858 0.394623 1.729782 0.670558 -0.050891 0.740047 0.009680
0.369439 0.394719 1.730061 0.670293 -0.050247 0.740334 0.009378
0.369022 0.394812 1.730337 0.670043 -0.049660 0.740604 0.009090
0.368607 0.394901 1.730611 0.669804 -0.049121 0.740859 0.008808
0.368194 0.394989 1.730882 0.669573 -0.048619 0.741105 0.008525
0.367782 0.395076 1.731152 0.669347 -0.048146 0.741342 0.008236
0.367372 0.395163 1.731422 0.669126 -0.047696 0.741575 0.007940
0.366963 0.395251 1.731690 0.668905 -0.047263 0.741804 0.007634
0.366556 0.395342 1.731958 0.668686 -0.046842 0.742032 0.007317
0.366117 0.395492 1.732236 0.668407 -0.046222 0.742326 0.006914
0.365656 0.395687 1.732521 0.668090 -0.045482 0.742662 0.006446
0.365203 0.395872 1.732803 0.667790 -0.044809 0.742976 0.006016
0.364755 0.396048 1.733083 0.667504 -0.044192 0.743273 0.005602
0.364312 0.396218 1.733360 0.667227 -0.043619 0.743558 0.005192
0.363845 0.396435 1.733643 0.666905 -0.042900 0.743892 0.004700
0.363361 0.396688 1.733929 0.666553 -0.042090 0.744257 0.004150
0.362862 0.396971 1.734216 0.666180 -0.041218 0.744643 0.003561
0.362350 0.397277 1.734504 0.665791 -0.040304 0.745043 0.002941
0.361850 0.397563 1.734788 0.665427 -0.039483 0.745414 0.002371
0.361336 0.397876 1.735073 0.665042 -0.038597 0.745806 0.001749
0.360811 0.398211 1.735357 0.664641 -0.037667 0.746212 0.001092
0.360277 0.398564 1.735639 0.664229 -0.036705 0.746627 0.000411
0.359735 0.398931 1.735919 0.663808 -0.035720 0.747049 -0.000289
0.359187 0.399311 1.736197 0.663380 -0.034718 0.747476 -0.001005
0.358634 0.399703 1.736472 0.662947 -0.033702 0.747906 -0.001735
0.358075 0.400104 1.736744 0.662508 -0.032676 0.748338 -0.002477
0.357513 0.400513 1.737013 0.662064 -0.031640 0.748772 -0.003229
0.356946 0.400930 1.737279 0.661617 -0.030596 0.749207 -0.003992
0.356377 0.401354 1.737542 0.661166 -0.029546 0.749643 -0.004762
0.355806 0.401783 1.737801 0.660711 -0.028491 0.750079 -0.005541
0.355232 0.402217 1.738057 0.660253 -0.027431 0.750515 -0.006326
0.354657 0.402655 1.738310 0.659793 -0.026366 0.750951 -0.007117
0.354081 0.403097 1.738559 0.659329 -0.025299 0.751387 -0.007914
0.353464 0.403467 1.738846 0.658831 -0.024015 0.751860 -0.008436
0.352822 0.403798 1.739154 0.658305 -0.022777 0.752353 -0.008963
0.352167 0.404107 1.739474 0.657762 -0.021588 0.752856 -0.009509
0.351502 0.404403 1.739803 0.657208 -0.020432 0.753365 -0.010069
0.350833 0.404693 1.740137 0.656647 -0.019298 0.753876 -0.010638
0.350159 0.404980 1.740475 0.656081 -0.018175 0.754388 -0.011214
0.349486 0.405267 1.740814 0.655513 -0.017073 0.754899 -0.011797
0.348813 0.405553 1.741154 0.654946 -0.015992 0.755405 -0.012384
0.348144 0.405839 1.741492 0.654381 -0.014932 0.755906 -0.012971
0.347477 0.406125 1.741830 0.653820 -0.013892 0.756401 -0.013558
0.346815 0.406411 1.742164 0.653263 -0.012872 0.756890 -0.014142
0.346158 0.406696 1.742497 0.652711 -0.011872 0.757371 -0.014722
0.345506 0.406980 1.742826 0.652163 -0.010891 0.757846 -0.015299
0.344860 0.407262 1.743152 0.651621 -0.009928 0.758313 -0.015870
0.344220 0.407543 1.743475 0.651085 -0.008985 0.758773 -0.016436
0.343586 0.407822 1.743794 0.650555 -0.008060 0.759226 -0.016996
0.342959 0.408098 1.744108 0.650031 -0.007153 0.759671 -0.017549
0.342340 0.408372 1.744419 0.649513 -0.006265 0.760109 -0.018095
0.341727 0.408643 1.744725 0.649002 -0.005394 0.760539 -0.018634
0.341123 0.408911 1.745026 0.648497 -0.004541 0.760962 -0.019165
0.340526 0.409176 1.745323 0.648000 -0.003705 0.761377 -0.019688
0.339937 0.409438 1.745615 0.647509 -0.002887 0.761785 -0.020203
0.339357 0.409695 1.745902 0.647025 -0.002086 0.762185 -0.020708
0.338784 0.409949 1.746184 0.646548 -0.001302 0.762577 -0.021206
0.338220 0.410199 1.746461 0.646078 -0.000534 0.762962 -0.021694
0.337665 0.410445 1.746734 0.645616 0.000217 0.763340 -0.022173
0.337118 0.410688 1.747001 0.645161 0.000952 0.763711 -0.022643
0.336580 0.410925 1.747263 0.644713 0.001671 0.764074 -0.023103
0.336050 0.411159 1.747520 0.644272 0.002374 0.764430 -0.023554
0.335530 0.411388 1.747773 0.643839 0.003061 0.764778 -0.023996
0.335018 0.411613 1.748020 0.643413 0.003734 0.765120 -0.024428
0.334515 0.411833 1.748262 0.642995 0.004391 0.765455 -0.024851
0.334021 0.412048 1.748499 0.642583 0.005033 0.765783 -0.025264
0.333535 0.412260 1.748732 0.642179 0.005661 0.766104 -0.025668
0.333059 0.412466 1.748959 0.641783 0.006274 0.766418 -0.026063
0.332591 0.412669 1.749182 0.641393 0.006873 0.766725 -0.026448
0.332132 0.412866 1.749400 0.641011 0.007459 0.767026 -0.026824
0.331682 0.413059 1.749614 0.640636 0.008030 0.767321 -0.027191
0.331240 0.413248 1.749822 0.640268 0.008588 0.767609 -0.027549
0.330807 0.413432 1.750026 0.639907 0.009133 0.767891 -0.027898
0.330349 0.413542 1.750284 0.639501 0.009862 0.768223 -0.027842
0.329877 0.413607 1.750576 0.639069 0.010531 0.768577 -0.027740
0.329397 0.413644 1.750894 0.638624 0.011134 0.768941 -0.027645
0.328913 0.413663 1.751231 0.638172 0.011691 0.769311 -0.027560
0.328427 0.413670 1.751582 0.637717 0.012216 0.769683 -0.027481
0.327941 0.413670 1.751945 0.637262 0.012721 0.770055 -0.027404
0.327457 0.413666 1.752317 0.636807 0.013214 0.770425 -0.027326
0.326976 0.413659 1.752696 0.636354 0.013699 0.770794 -0.027245
0.326497 0.413650 1.753081 0.635904 0.014180 0.771160 -0.027159
0.326023 0.413640 1.753470 0.635455 0.014654 0.771524 -0.027073
0.325552 0.413628 1.753862 0.635011 0.015111 0.771884 -0.026999
0.325086 0.413617 1.754256 0.634570 0.015552 0.772240 -0.026936
0.324624 0.413604 1.754652 0.634132 0.015977 0.772592 -0.026886
0.324167 0.413592 1.755048 0.633700 0.016386 0.772939 -0.026846
0.323716 0.413579 1.755444 0.633271 0.016781 0.773283 -0.026816
0.323270 0.413565 1.755839 0.632848 0.017163 0.773622 -0.026795
0.322830 0.413551 1.756232 0.632430 0.017531 0.773956 -0.026782
0.322395 0.413537 1.756623 0.632016 0.017887 0.774286 -0.026776
0.321966 0.413522 1.757012 0.631608 0.018231 0.774611 -0.026776
0.321543 0.413507 1.757398 0.631205 0.018563 0.774931 -0.026782
0.321126 0.413492 1.757781 0.630808 0.018885 0.775246 -0.026793
0.320716 0.413476 1.758160 0.630417 0.019196 0.775556 -0.026808
0.320311 0.413460 1.758536 0.630031 0.019497 0.775861 -0.026827
0.319913 0.413443 1.758907 0.629651 0.019788 0.776162 -0.026848
0.319522 0.413426 1.759273 0.629277 0.020070 0.776457 -0.026873
0.319136 0.413409 1.759635 0.628909 0.020343 0.776747 -0.026900
0.318757 0.413391 1.759992 0.628547 0.020607 0.777032 -0.026928
0.318385 0.413373 1.760344 0.628191 0.020863 0.777312 -0.026959
0.318018 0.413354 1.760691 0.627841 0.021111 0.777587 -0.026990
0.317659 0.413335 1.761033 0.627497 0.021352 0.777857 -0.027022
0.317305 0.413315 1.761369 0.627158 0.021585 0.778122 -0.027054
0.316958 0.413295 1.761700 0.626826 0.021811 0.778383 -0.027088
0.316617 0.413275 1.762026 0.626500 0.022030 0.778638 -0.027121
0.316283 0.413254 1.762346 0.626180 0.022242 0.778888 -0.027154
0.315955 0.413232 1.762660 0.625865 0.022448 0.779134 -0.027186
0.315633 0.413211 1.762969 0.625556 0.022648 0.779375 -0.027219
0.315317 0.413189 1.763272 0.625253 0.022841 0.779611 -0.027251
0.315007 0.413166 1.763570 0.624956 0.023029 0.779843 -0.027282
0.314704 0.413144 1.763863 0.624665 0.023211 0.780070 -0.027312
0.314406 0.413120 1.764150 0.624379 0.023388 0.780292 -0.027341
0.314086 0.413028 1.764471 0.624064 0.023720 0.780545 -0.027052
0.313753 0.412897 1.764814 0.623738 0.023992 0.780807 -0.026751
0.313413 0.412741 1.765173 0.623407 0.024209 0.781074 -0.026465
0.313069 0.412571 1.765544 0.623075 0.024391 0.781343 -0.026189
0.312723 0.412393 1.765922 0.622744 0.024552 0.781611 -0.025918
0.312377 0.412211 1.766307 0.622413 0.024704 0.781879 -0.025649
0.312032 0.412027 1.766697 0.622083 0.024852 0.782145 -0.025378
0.311688 0.411842 1.767090 0.621756 0.025000 0.782410 -0.025105
0.311346 0.411659 1.767486 0.621430 0.025152 0.782672 -0.024828
0.311007 0.411476 1.767883 0.621106 0.025309 0.782933 -0.024545
0.310670 0.411296 1.768280 0.620784 0.025470 0.783192 -0.024260
0.310336 0.411118 1.768677 0.620465 0.025624 0.783448 -0.023987
0.310005 0.410943 1.769073 0.620149 0.025769 0.783701 -0.023728
0.309677 0.410770 1.769467 0.619837 0.025906 0.783951 -0.023482
0.309353 0.410599 1.769859 0.619528 0.026035 0.784198 -0.023248
0.309033 0.410431 1.770249 0.619223 0.026157 0.784442 -0.023026
0.308717 0.410265 1.770636 0.618921 0.026272 0.784682 -0.022816
0.308404 0.410102 1.771019 0.618623 0.026381 0.784919 -0.022615
0.308096 0.409942 1.771399 0.618329 0.026484 0.785152 -0.022424
0.307792 0.409784 1.771775 0.618040 0.026582 0.785382 -0.022241
0.307492 0.409628 1.772146 0.617754 0.026674 0.785609 -0.022067
0.307196 0.409475 1.772513 0.617473 0.026761 0.785832 -0.021900
0.306904 0.409324 1.772875 0.617196 0.026844 0.786051 -0.021740
0.306617 0.409176 1.773232 0.616923 0.026923 0.786267 -0.021587
0.306335 0.409029 1.773584 0.616655 0.026997 0.786478 -0.021440
0.306057 0.408886 1.773931 0.616391 0.027068 0.786687 -0.021299
0.305783 0.408744 1.774273 0.616131 0.027135 0.786892 -0.021162
0.305514 0.408605 1.774609 0.615876 0.027199 0.787093 -0.021031
0.305249 0.408468 1.774939 0.615625 0.027259 0.787290 -0.020904
0.304989 0.408333 1.775265 0.615379 0.027317 0.787484 -0.020781
0.304734 0.408200 1.775584 0.615137 0.027372 0.787674 -0.020662
0.304482 0.408070 1.775898 0.614899 0.027424 0.787861 -0.020547
0.304235 0.407942 1.776207 0.614666 0.027474 0.788044 -0.020435
0.303993 0.407815 1.776510 0.614437 0.027521 0.788224 -0.020326
0.303755 0.407691 1.776807 0.614212 0.027566 0.788400 -0.020221
0.303522 0.407568 1.777098 0.613991 0.027609 0.788573 -0.020118
0.303292 0.407448 1.777384 0.613775 0.027649 0.788743 -0.020017
0.303067 0.407330 1.777665 0.613563 0.027688 0.788909 -0.019919
0.302847 0.407213 1.777940 0.613355 0.027726 0.789072 -0.019823
0.302630 0.407099 1.778210 0.613151 0.027761 0.789231 -0.019729
0.302398 0.406951 1.778522 0.612912 0.028003 0.789420 -0.019241
0.302153 0.406787 1.778864 0.612653 0.028227 0.789626 -0.018719
0.301897 0.406614 1.779229 0.612379 0.028413 0.789844 -0.018226
0.301632 0.406437 1.779610 0.612093 0.028568 0.790070 -0.017771
0.301361 0.406259 1.780005 0.611800 0.028700 0.790301 -0.017354
0.301085 0.406081 1.780411 0.611501 0.028813 0.790537 -0.016972
0.300804 0.405905 1.780826 0.611198 0.028911 0.790775 -0.016622
0.300520 0.405731 1.781247 0.610892 0.028996 0.791015 -0.016301
0.300234 0.405560 1.781673 0.610585 0.029071 0.791255 -0.016007
0.299946 0.405391 1.782104 0.610277 0.029137 0.791495 -0.015736
0.299657 0.405226 1.782537 0.609969 0.029195 0.791736 -0.015488
0.299367 0.405065 1.782972 0.609662 0.029246 0.791975 -0.015259
0.299077 0.404906 1.783407 0.609355 0.029290 0.792213 -0.015049
0.298788 0.404751 1.783843 0.609050 0.029329 0.792450 -0.014856
0.298499 0.404599 1.784277 0.608747 0.029363 0.792685 -0.014679
0.298211 0.404450 1.784710 0.608445 0.029392 0.792919 -0.014516
0.297925 0.404304 1.785141 0.608146 0.029418 0.793150 -0.014366
0.297639 0.404162 1.785570 0.607849 0.029439 0.793379 -0.014228
0.297356 0.404022 1.785995 0.607555 0.029457 0.793606 -0.014101
0.297075 0.403886 1.786416 0.607264 0.029473 0.793830 -0.013984
0.296796 0.403753 1.786834 0.606976 0.029485 0.794052 -0.013876
0.296519 0.403622 1.787247 0.606691 0.029496 0.794271 -0.013777
0.296245 0.403494 1.787655 0.606409 0.029504 0.794487 -0.013686
0.295974 0.403369 1.788059 0.606131 0.029510 0.794700 -0.013602
0.295705 0.403247 1.788457 0.605857 0.029515 0.794911 -0.013525
0.295440 0.403127 1.788851 0.605586 0.029518 0.795118 -0.013453
0.295178 0.403011 1.789238 0.605319 0.029520 0.795322 -0.013387
0.294918 0.402896 1.789620 0.605056 0.029521 0.795524 -0.013325
0.294663 0.402784 1.789997 0.604797 0.029521 0.795722 -0.013268
0.294410 0.402674 1.790367 0.604542 0.029520 0.795917 -0.013216
0.294161 0.402567 1.790732 0.604290 0.029518 0.796109 -0.013167
0.293915 0.402462 1.791090 0.604043 0.029515 0.796297 -0.013121
0.293673 0.402360 1.791443 0.603799 0.029512 0.796483 -0.013078
0.293435 0.402259 1.791789 0.603560 0.029508 0.796665 -0.013038
0.293200 0.402161 1.792130 0.603324 0.029504 0.796844 -0.013001
0.292969 0.402064 1.792464 0.603093 0.029499 0.797020 -0.012965
0.292741 0.401970 1.792792 0.602865 0.029494 0.797193 -0.012932
0.292517 0.401878 1.793115 0.602642 0.029489 0.797362 -0.012901
0.292297 0.401787 1.793431 0.602422 0.029484 0.797529 -0.012871
0.292080 0.401699 1.793741 0.602207 0.029478 0.797693 -0.012842
0.291865 0.401602 1.794095 0.601968 0.029655 0.797873 -0.012427
0.291648 0.401502 1.794479 0.601709 0.029827 0.798068 -0.011966
0.291426 0.401399 1.794884 0.601434 0.029976 0.798277 -0.011523
0.291201 0.401296 1.795305 0.601145 0.030104 0.798496 -0.011113
0.290974 0.401190 1.795738 0.600846 0.030215 0.798721 -0.010735
0.290744 0.401084 1.796180 0.600540 0.030312 0.798952 -0.010387
0.290512 0.400977 1.796628 0.600230 0.030395 0.799186 -0.010067
0.290280 0.400869 1.797082 0.599918 0.030468 0.799421 -0.009771
0.290048 0.400760 1.797538 0.599605 0.030529 0.799658 -0.009496
0.289816 0.400652 1.797996 0.599291 0.030581 0.799893 -0.009241
0.289584 0.400543 1.798456 0.598979 0.030624 0.800128 -0.009004
0.289354 0.400434 1.798915 0.598668 0.030660 0.800362 -0.008783
0.289124 0.400325 1.799373 0.598359 0.030687 0.800594 -0.008577
0.288896 0.400216 1.799830 0.598052 0.030708 0.800825 -0.008384
0.288670 0.400108 1.800284 0.597748 0.030723 0.801053 -0.008204
0.288445 0.400000 1.800736 0.597448 0.030733 0.801279 -0.008035
0.288223 0.399893 1.801184 0.597150 0.030737 0.801502 -0.007876
0.288003 0.399787 1.801629 0.596856 0.030737 0.801722 -0.007727
0.287784 0.399681 1.802069 0.596565 0.030732 0.801940 -0.007587
0.287569 0.399577 1.802505 0.596278 0.030725 0.802155 -0.007455
0.287355 0.399473 1.802936 0.595994 0.030713 0.802367 -0.007331
0.287145 0.399371 1.803362 0.595715 0.030699 0.802577 -0.007213
0.286937 0.399270 1.803783 0.595439 0.030683 0.802783 -0.007102
0.286732 0.399169 1.804198 0.595168 0.030664 0.802986 -0.006996
0.286529 0.399071 1.804607 0.594900 0.030643 0.803186 -0.006896
0.286329 0.398973 1.805011 0.594636 0.030620 0.803383 -0.006801
0.286132 0.398877 1.805408 0.594377 0.030596 0.803576 -0.006710
0.285938 0.398782 1.805799 0.594121 0.030571 0.803767 -0.006624
0.285747 0.398688 1.806185 0.593870 0.030544 0.803954 -0.006541
0.285559 0.398596 1.806564 0.593623 0.030517 0.804139 -0.006462
0.285374 0.398505 1.806936 0.593379 0.030488 0.804320 -0.006386
0.285191 0.398416 1.807303 0.593140 0.030460 0.804498 -0.006313
0.285012 0.398328 1.807663 0.592905 0.030430 0.804673 -0.006243
0.284835 0.398241 1.808017 0.592674 0.030401 0.804845 -0.006175
0.284662 0.398156 1.808364 0.592447 0.030371 0.805014 -0.006109
0.284491 0.398073 1.808705 0.592224 0.030341 0.805179 -0.006046
0.284323 0.397991 1.809040 0.592005 0.030310 0.805342 -0.005985
0.284159 0.397910 1.809369 0.591790 0.030280 0.805502 -0.005925
0.283997 0.397831 1.809692 0.591578 0.030250 0.805659 -0.005868
0.283837 0.397753 1.810008 0.591371 0.030220 0.805812 -0.005812
0.283685 0.397696 1.810361 0.591164 0.030282 0.805964 -0.005486
0.283529 0.397654 1.810738 0.590944 0.030357 0.806125 -0.005109
0.283366 0.397624 1.811133 0.590709 0.030434 0.806297 -0.004738
0.283196 0.397601 1.811541 0.590458 0.030511 0.806479 -0.004393
0.283018 0.397584 1.811958 0.590195 0.030587 0.806670 -0.004076
0.282834 0.397572 1.812382 0.589923 0.030662 0.806868 -0.003789
0.282643 0.397564 1.812810 0.589644 0.030735 0.807071 -0.003528
0.282447 0.397559 1.813242 0.589359 0.030805 0.807277 -0.003291
0.282247 0.397557 1.813675 0.589071 0.030874 0.807486 -0.003076
0.282043 0.397558 1.814109 0.588780 0.030941 0.807696 -0.002880
0.281835 0.397560 1.814543 0.588488 0.031005 0.807907 -0.002703
0.281625 0.397565 1.814976 0.588195 0.031068 0.808118 -0.002541
0.281413 0.397571 1.815407 0.587902 0.031128 0.808329 -0.002395
0.281199 0.397580 1.815836 0.587610 0.031187 0.808540 -0.002263
0.280983 0.397590 1.816262 0.587318 0.031244 0.808750 -0.002143
0.280767 0.397601 1.816685 0.587028 0.031299 0.808959 -0.002035
0.280549 0.397614 1.817104 0.586740 0.031353 0.809166 -0.001937
0.280332 0.397628 1.817520 0.586453 0.031406 0.809372 -0.001849
0.280114 0.397644 1.817931 0.586168 0.031457 0.809576 -0.001770
0.279897 0.397660 1.818338 0.585886 0.031508 0.809779 -0.001699
0.279680 0.397678 1.818739 0.585606 0.031558 0.809980 -0.001636
0.279464 0.397697 1.819136 0.585329 0.031607 0.810178 -0.001579
0.279249 0.397717 1.819528 0.585054 0.031655 0.810375 -0.001529
0.279035 0.397738 1.819914 0.584783 0.031703 0.810569 -0.001484
0.278822 0.397760 1.820295 0.584514 0.031750 0.810761 -0.001444
0.278610 0.397782 1.820670 0.584248 0.031797 0.810951 -0.001410
0.278401 0.397806 1.821040 0.583986 0.031843 0.811138 -0.001379
0.278192 0.397830 1.821404 0.583727 0.031889 0.811322 -0.001353
0.277986 0.397854 1.821762 0.583471 0.031935 0.811505 -0.001329
0.277782 0.397880 1.822114 0.583219 0.031980 0.811684 -0.001310
0.277579 0.397905 1.822460 0.582970 0.032025 0.811861 -0.001293
0.277379 0.397932 1.822801 0.582724 0.032070 0.812036 -0.001278
0.277181 0.397958 1.823136 0.582482 0.032114 0.812208 -0.001267
0.276986 0.397986 1.823464 0.582244 0.032159 0.812377 -0.001257
0.276792 0.398013 1.823787 0.582009 0.032202 0.812544 -0.001249
0.276601 0.398041 1.824104 0.581777 0.032246 0.812708 -0.001242
0.276413 0.398069 1.824416 0.581549 0.032290 0.812869 -0.001238
0.276227 0.398097 1.824721 0.581325 0.032333 0.813028 -0.001234
0.276043 0.398125 1.825021 0.581104 0.032375 0.813184 -0.001232
0.275862 0.398154 1.825316 0.580886 0.032418 0.813338 -0.001231
0.275700 0.398217 1.825637 0.580691 0.032439 0.813477 -0.001145
0.275544 0.398303 1.825977 0.580494 0.032458 0.813616 -0.001040
0.275389 0.398404 1.826327 0.580289 0.032480 0.813762 -0.000943
0.275232 0.398514 1.826683 0.580074 0.032509 0.813915 -0.000861
0.275073 0.398630 1.827043 0.579850 0.032543 0.814073 -0.000795
0.274911 0.398750 1.827405 0.579619 0.032581 0.814236 -0.000744
0.274746 0.398872 1.827767 0.579383 0.032623 0.814402 -0.000706
0.274580 0.398996 1.828128 0.579143 0.032667 0.814571 -0.000680
0.274411 0.399120 1.828488 0.578902 0.032713 0.814741 -0.000663
0.274241 0.399244 1.828845 0.578659 0.032761 0.814911 -0.000655
0.274070 0.399368 1.829200 0.578416 0.032809 0.815081 -0.000654
0.273899 0.399492 1.829551 0.578174 0.032858 0.815251 -0.000660
0.273726 0.399615 1.829900 0.577932 0.032907 0.815421 -0.000672
0.273554 0.399737 1.830244 0.577692 0.032956 0.815589 -0.000689
0.273382 0.399858 1.830584 0.577453 0.033005 0.815756 -0.000710
0.273209 0.399978 1.830921 0.577216 0.033054 0.815922 -0.000736
0.273037 0.400097 1.831253 0.576981 0.033103 0.816086 -0.000766
0.272866 0.400216 1.831580 0.576748 0.033153 0.816249 -0.000798
0.272696 0.400333 1.831903 0.576517 0.033202 0.816410 -0.000833
0.272526 0.400449 1.832222 0.576288 0.033251 0.816569 -0.000871
0.272358 0.400564 1.832535 0.576062 0.033301 0.816727 -0.000911
0.272190 0.400678 1.832844 0.575839 0.033350 0.816882 -0.000953
0.272024 0.400791 1.833148 0.575618 0.033399 0.817036 -0.000997
0.271859 0.400903 1.833447 0.575399 0.033449 0.817188 -0.001041
0.271696 0.401014 1.833741 0.575184 0.033498 0.817337 -0.001087
0.271534 0.401123 1.834031 0.574971 0.033547 0.817485 -0.001134
0.271374 0.401232 1.834315 0.574761 0.033597 0.817631 -0.001181
0.271215 0.401339 1.834594 0.574553 0.033646 0.817774 -0.001229
0.271058 0.401445 1.834869 0.574349 0.033696 0.817916 -0.001277
0.270903 0.401550 1.835139 0.574147 0.033745 0.818055 -0.001326
0.270750 0.401653 1.835404 0.573948 0.033794 0.818193 -0.001374
0.270599 0.401756 1.835664 0.573752 0.033843 0.818328 -0.001423
0.270450 0.401857 1.835919 0.573559 0.033893 0.818461 -0.001471
0.270302 0.401957 1.836170 0.573369 0.033942 0.818592 -0.001519
0.270157 0.402055 1.836415 0.573182 0.033991 0.818721 -0.001567
0.270014 0.402153 1.836657 0.572997 0.034040 0.818848 -0.001615
0.269872 0.402249 1.836893 0.572816 0.034088 0.818973 -0.001662
0.269733 0.402344 1.837125 0.572637 0.034137 0.819096 -0.001708
0.269596 0.402438 1.837353 0.572461 0.034186 0.819217 -0.001754
0.269461 0.402530 1.837576 0.572288 0.034234 0.819336 -0.001799
0.269353 0.402664 1.837842 0.572146 0.034234 0.819435 -0.001743
0.269256 0.402821 1.838137 0.572003 0.034226 0.819535 -0.001657
0.269161 0.402992 1.838450 0.571848 0.034218 0.819644 -0.001576
0.269066 0.403170 1.838778 0.571679 0.034213 0.819762 -0.001511
0.268969 0.403350 1.839114 0.571498 0.034210 0.819889 -0.001464
0.268869 0.403530 1.839457 0.571307 0.034209 0.820022 -0.001433
0.268768 0.403708 1.839804 0.571109 0.034208 0.820160 -0.001416
0.268665 0.403883 1.840155 0.570905 0.034207 0.820302 -0.001411
0.268560 0.404054 1.840507 0.570698 0.034204 0.820446 -0.001416
0.268454 0.404221 1.840859 0.570488 0.034200 0.820592 -0.001430
0.268347 0.404383 1.841212 0.570278 0.034193 0.820739 -0.001451
0.268240 0.404542 1.841564 0.570067 0.034184 0.820886 -0.001478
0.268132 0.404696 1.841915 0.569856 0.034172 0.821032 -0.001511
0.268024 0.404846 1.842264 0.569646 0.034159 0.821179 -0.001550
0.267915 0.404993 1.842610 0.569437 0.034144 0.821324 -0.001592
0.267807 0.405135 1.842955 0.569229 0.034127 0.821469 -0.001638
0.267699 0.405274 1.843296 0.569022 0.034109 0.821613 -0.001688
0.267591 0.405410 1.843634 0.568817 0.034090 0.821756 -0.001740
0.267484 0.405542 1.843969 0.568614 0.034069 0.821897 -0.001794
0.267377 0.405671 1.844300 0.568412 0.034048 0.822037 -0.001850
0.267271 0.405797 1.844627 0.568213 0.034026 0.822176 -0.001909
0.267166 0.405921 1.844951 0.568016 0.034003 0.822313 -0.001968
0.267061 0.406041 1.845270 0.567820 0.033980 0.822448 -0.002028
0.266958 0.406159 1.845585 0.567627 0.033957 0.822582 -0.002090
0.266855 0.406274 1.845896 0.567437 0.033934 0.822715 -0.002152
0.266754 0.406387 1.846203 0.567248 0.033911 0.822846 -0.002214
0.266653 0.406497 1.846505 0.567062 0.033888 0.822975 -0.002276
0.266553 0.406605 1.846802 0.566878 0.033866 0.823102 -0.002339
0.266455 0.406712 1.847095 0.566696 0.033844 0.823228 -0.002401
0.266358 0.406815 1.847384 0.566517 0.033822 0.823352 -0.002463
0.266261 0.406917 1.847667 0.566340 0.033801 0.823474 -0.002525
0.266166 0.407017 1.847947 0.566166 0.033780 0.823595 -0.002586
0.266073 0.407116 1.848221 0.565994 0.033760 0.823714 -0.002647
0.265980 0.407212 1.848491 0.565824 0.033741 0.823831 -0.002707
0.265889 0.407307 1.848756 0.565657 0.033722 0.823947 -0.002766
0.265799 0.407400 1.849017 0.565492 0.033704 0.824060 -0.002825
0.265710 0.407491 1.849273 0.565329 0.033687 0.824172 -0.002883
0.265623 0.407580 1.849524 0.565169 0.033670 0.824283 -0.002939
0.265537 0.407669 1.849771 0.565011 0.033655 0.824391 -0.002995
0.265452 0.407755 1.850014 0.564856 0.033640 0.824498 -0.003050
0.265401 0.407907 1.850298 0.564717 0.033589 0.824595 -0.003045
0.265366 0.408094 1.850609 0.564565 0.033564 0.824700 -0.003000
0.265339 0.408302 1.850938 0.564394 0.033563 0.824818 -0.002947
0.265315 0.408519 1.851278 0.564205 0.033580 0.824947 -0.002900
0.265293 0.408738 1.851625 0.564002 0.033607 0.825084 -0.002860
0.265272 0.408956 1.851976 0.563789 0.033640 0.825228 -0.002829
0.265252 0.409170 1.852329 0.563570 0.033676 0.825377 -0.002805
0.265233 0.409378 1.852684 0.563347 0.033710 0.825527 -0.002786
0.265215 0.409580 1.853038 0.563123 0.033742 0.825679 -0.002772
0.265198 0.409775 1.853391 0.562899 0.033770 0.825831 -0.002761
0.265182 0.409962 1.853742 0.562675 0.033795 0.825982 -0.002753
0.265167 0.410143 1.854091 0.562454 0.033814 0.826132 -0.002748
0.265153 0.410317 1.854438 0.562234 0.033830 0.826281 -0.002745
0.265141 0.410485 1.854781 0.562018 0.033841 0.826428 -0.002743
0.265129 0.410646 1.855122 0.561804 0.033847 0.826573 -0.002743
0.265118 0.410801 1.855458 0.561593 0.033850 0.826717 -0.002743
0.265109 0.410950 1.855792 0.561385 0.033850 0.826858 -0.002745
0.265100 0.411094 1.856121 0.561180 0.033846 0.826997 -0.002747
0.265092 0.411233 1.856447 0.560979 0.033839 0.827134 -0.002750
0.265085 0.411367 1.856768 0.560780 0.033829 0.827269 -0.002753
0.265079 0.411496 1.857085 0.560585 0.033817 0.827402 -0.002756
0.265073 0.411621 1.857398 0.560393 0.033803 0.827532 -0.002760
0.265069 0.411742 1.857706 0.560204 0.033787 0.827661 -0.002763
0.265065 0.411859 1.858011 0.560018 0.033769 0.827788 -0.002767
0.265061 0.411972 1.858310 0.559834 0.033750 0.827912 -0.002771
0.265058 0.412081 1.858605 0.559654 0.033729 0.828035 -0.002774
0.265056 0.412188 1.858896 0.559477 0.033708 0.828155 -0.002777
0.265054 0.412291 1.859182 0.559303 0.033686 0.828274 -0.002780
0.265053 0.412391 1.859463 0.559132 0.033663 0.828391 -0.002783
0.265052 0.412488 1.859740 0.558963 0.033640 0.828505 -0.002786
0.265051 0.412582 1.860012 0.558797 0.033616 0.828618 -0.002788
0.265051 0.412674 1.860280 0.558634 0.033592 0.828729 -0.002790
0.265051 0.412763 1.860543 0.558473 0.033568 0.828838 -0.002792
0.265052 0.412850 1.860802 0.558315 0.033544 0.828946 -0.002793
0.265053 0.412935 1.861056 0.558160 0.033520 0.829051 -0.002794
0.265054 0.413018 1.861306 0.558007 0.033496 0.829155 -0.002795
0.265055 0.413099 1.861551 0.557857 0.033473 0.829257 -0.002795
0.265056 0.413178 1.861792 0.557709 0.033449 0.829358 -0.002795
0.265057 0.413255 1.862029 0.557563 0.033426 0.829457 -0.002794
0.265059 0.413330 1.862261 0.557420 0.033404 0.829554 -0.002793
0.265096 0.413495 1.862536 0.557312 0.033292 0.829631 -0.002839
0.265147 0.413715 1.862837 0.557198 0.033208 0.829711 -0.002871
0.265200 0.413968 1.863155 0.557065 0.033157 0.829802 -0.002906
0.265252 0.414239 1.863483 0.556913 0.033137 0.829904 -0.002951
0.265299 0.414521 1.863816 0.556744 0.033138 0.830017 -0.003007
0.265341 0.414808 1.864153 0.556562 0.033156 0.830139 -0.003073
0.265378 0.415096 1.864492 0.556370 0.033186 0.830266 -0.003147
0.265410 0.415382 1.864830 0.556172 0.033223 0.830397 -0.003227
0.265438 0.415667 1.865168 0.555968 0.033266 0.830531 -0.003313
0.265462 0.415948 1.865504 0.555762 0.033312 0.830667 -0.003403
0.265482 0.416225 1.865837 0.555554 0.033360 0.830804 -0.003496
0.265498 0.416498 1.866168 0.555345 0.033410 0.830941 -0.003592
0.265511 0.416766 1.866496 0.555135 0.033460 0.831079 -0.003690
0.265521 0.417030 1.866821 0.554927 0.033511 0.831215 -0.003790
0.265528 0.417289 1.867142 0.554719 0.033562 0.831352 -0.003892
0.265533 0.417545 1.867459 0.554512 0.033613 0.831487 -0.003994
0.265535 0.417796 1.867773 0.554306 0.033664 0.831622 -0.004098
0.265535 0.418042 1.868082 0.554102 0.033715 0.831755 -0.004202
0.265533 0.418285 1.868388 0.553899 0.033767 0.831888 -0.004306
0.265529 0.418524 1.868689 0.553698 0.033818 0.832019 -0.004410
0.265524 0.418758 1.868986 0.553499 0.033870 0.832148 -0.004514
0.265516 0.418989 1.869279 0.553302 0.033921 0.832277 -0.004618
0.265508 0.419216 1.869567 0.553107 0.033973 0.832404 -0.004722
0.265497 0.419439 1.869851 0.552913 0.034025 0.832530 -0.004824
0.265486 0.419659 1.870131 0.552722 0.034077 0.832654 -0.004927
0.265473 0.419875 1.870406 0.552533 0.034129 0.832777 -0.005028
0.265459 0.420088 1.870677 0.552346 0.034182 0.832898 -0.005129
0.265444 0.420298 1.870944 0.552161 0.034234 0.833018 -0.005228
0.265428 0.420504 1.871206 0.551978 0.034287 0.833137 -0.005327
0.265412 0.420707 1.871463 0.551797 0.034340 0.833253 -0.005424
0.265394 0.420906 1.871716 0.551619 0.034394 0.833369 -0.005520
0.265376 0.421103 1.871965 0.551442 0.034447 0.833483 -0.005615
0.265357 0.421296 1.872210 0.551268 0.034501 0.833595 -0.005709
0.265337 0.421487 1.872450 0.551096 0.034555 0.833706 -0.005801
0.265317 0.421674 1.872686 0.550927 0.034609 0.833815 -0.005892
0.265297 0.421859 1.872917 0.550759 0.034664 0.833923 -0.005981
0.265276 0.422041 1.873145 0.550594 0.034718 0.834029 -0.006070
0.265255 0.422220 1.873368 0.550431 0.034773 0.834133 -0.006156
0.265233 0.422396 1.873587 0.550270 0.034828 0.834237 -0.006242
0.265211 0.422570 1.873803 0.550111 0.034883 0.834338 -0.006325
0.265238 0.422825 1.874061 0.549987 0.034803 0.834423 -0.006483
0.265290 0.423124 1.874345 0.549854 0.034732 0.834512 -0.006626
0.265357 0.423446 1.874642 0.549704 0.034686 0.834611 -0.006760
0.265433 0.423778 1.874945 0.549539 0.034663 0.834720 -0.006891
0.265517 0.424110 1.875249 0.549360 0.034656 0.834837 -0.007020
0.265607 0.424438 1.875552 0.549174 0.034660 0.834958 -0.007144
0.265702 0.424760 1.875853 0.548984 0.034669 0.835082 -0.007262
0.265803 0.425072 1.876150 0.548792 0.034680 0.835207 -0.007372
0.265908 0.425374 1.876443 0.548601 0.034692 0.835331 -0.007475
0.266017 0.425665 1.876731 0.548413 0.034701 0.835453 -0.007570
0.266130 0.425946 1.877015 0.548228 0.034707 0.835573 -0.007657
0.266248 0.426217 1.877293 0.548048 0.034711 0.835691 -0.007737
0.266368 0.426478 1.877566 0.547872 0.034710 0.835806 -0.007809
0.266492 0.426729 1.877835 0.547700 0.034705 0.835918 -0.007874
0.266619 0.426970 1.878098 0.547533 0.034697 0.836027 -0.007932
0.266748 0.427202 1.878357 0.547371 0.034686 0.836133 -0.007984
0.266879 0.427426 1.878610 0.547213 0.034671 0.836237 -0.008030
0.267013 0.427642 1.878859 0.547059 0.034652 0.836338 -0.008070
0.267148 0.427849 1.879103 0.546910 0.034632 0.836436 -0.008105
0.267284 0.428049 1.879342 0.546764 0.034608 0.836531 -0.008135
0.267422 0.428242 1.879577 0.546623 0.034582 0.836625 -0.008160
0.267560 0.428428 1.879808 0.546485 0.034554 0.836716 -0.008181
0.267699 0.428607 1.880034 0.546351 0.034525 0.836804 -0.008198
0.267839 0.428781 1.880255 0.546220 0.034494 0.836891 -0.008210
0.267979 0.428948 1.880473 0.546093 0.034461 0.836975 -0.008220
0.268119 0.429110 1.880686 0.545968 0.034427 0.837058 -0.008225
0.268258 0.429267 1.880895 0.545847 0.034393 0.837138 -0.008228
0.268398 0.429418 1.881100 0.545728 0.034357 0.837217 -0.008228
0.268537 0.429565 1.881301 0.545612 0.034321 0.837294 -0.008225
0.268676 0.429707 1.881499 0.545499 0.034284 0.837370 -0.008219
0.268814 0.429845 1.881692 0.545388 0.034248 0.837443 -0.008211
0.268952 0.429978 1.881882 0.545280 0.034211 0.837516 -0.008202
0.269088 0.430108 1.882068 0.545173 0.034173 0.837586 -0.008190
0.269224 0.430234 1.882251 0.545069 0.034136 0.837656 -0.008176
0.269358 0.430356 1.882430 0.544967 0.034100 0.837724 -0.008161
0.269492 0.430475 1.882605 0.544867 0.034063 0.837790 -0.008144
0.269624 0.430590 1.882777 0.544769 0.034027 0.837856 -0.008126
0.269755 0.430703 1.882946 0.544673 0.033991 0.837920 -0.008106
0.269884 0.430812 1.883111 0.544579 0.033956 0.837983 -0.008085
0.270012 0.430919 1.883274 0.544486 0.033921 0.838045 -0.008064
0.270182 0.431100 1.883484 0.544439 0.033761 0.838082 -0.008069
0.270371 0.431322 1.883724 0.544394 0.033604 0.838117 -0.008052
0.270567 0.431567 1.883984 0.544338 0.033468 0.838160 -0.008033
0.270767 0.431824 1.884257 0.544267 0.033349 0.838211 -0.008020
0.270966 0.432086 1.884539 0.544184 0.033245 0.838269 -0.008017
0.271165 0.432348 1.884827 0.544091 0.033151 0.838333 -0.008021
0.271361 0.432608 1.885120 0.543990 0.033065 0.838401 -0.008032
0.271554 0.432862 1.885414 0.543883 0.032982 0.838474 -0.008048
0.271745 0.433109 1.885710 0.543771 0.032903 0.838549 -0.008067
0.271933 0.433348 1.886006 0.543657 0.032823 0.838626 -0.008089
0.272118 0.433579 1.886302 0.543541 0.032744 0.838705 -0.008112
0.272301 0.433803 1.886597 0.543423 0.032663 0.838784 -0.008136
0.272481 0.434018 1.886891 0.543306 0.032581 0.838863 -0.008161
0.272658 0.434226 1.887184 0.543188 0.032498 0.838942 -0.008186
0.272833 0.434427 1.887474 0.543071 0.032414 0.839021 -0.008212
0.273005 0.434620 1.887763 0.542954 0.032329 0.839100 -0.008237
0.273175 0.434807 1.888049 0.542838 0.032242 0.839178 -0.008263
0.273342 0.434987 1.888333 0.542722 0.032155 0.839255 -0.008289
0.273507 0.435161 1.888614 0.542608 0.032067 0.839333 -0.008314
0.273669 0.435330 1.888892 0.542495 0.031979 0.839409 -0.008339
0.273829 0.435493 1.889168 0.542382 0.031891 0.839485 -0.008363
0.273986 0.435651 1.889440 0.542270 0.031804 0.839560 -0.008388
0.274140 0.435804 1.889709 0.542160 0.031716 0.839635 -0.008411
0.274292 0.435953 1.889975 0.542050 0.031629 0.839708 -0.008435
0.274442 0.436097 1.890238 0.541941 0.031543 0.839782 -0.008458
0.274589 0.436236 1.890497 0.541833 0.031457 0.839854 -0.008480
0.274733 0.436372 1.890753 0.541727 0.031373 0.839926 -0.008501
0.274875 0.436504 1.891005 0.541621 0.031290 0.839997 -0.008523
0.275015 0.436633 1.891254 0.541516 0.031207 0.840068 -0.008543
0.275152 0.436758 1.891499 0.541412 0.031127 0.840137 -0.008563
0.275286 0.436880 1.891740 0.541309 0.031047 0.840206 -0.008583
0.275418 0.436999 1.891978 0.541207 0.030970 0.840275 -0.008602
0.275548 0.437115 1.892213 0.541106 0.030894 0.840342 -0.008620
0.275675 0.437228 1.892444 0.541006 0.030819 0.840409 -0.008638
0.275799 0.437339 1.892671 0.540907 0.030747 0.840475 -0.008655
0.275922 0.437447 1.892894 0.540809 0.030676 0.840541 -0.008672
0.276042 0.437553 1.893114 0.540712 0.030607 0.840606 -0.008688
0.276159 0.437656 1.893330 0.540616 0.030540 0.840670 -0.008704
0.276274 0.437758 1.893543 0.540520 0.030474 0.840734 -0.008719
0.276387 0.437857 1.893752 0.540426 0.030411 0.840797 -0.008734
0.276544 0.438027 1.894012 0.540364 0.030188 0.840843 -0.008831
0.276721 0.438233 1.894303 0.540296 0.029966 0.840894 -0.008914
0.276910 0.438456 1.894614 0.540212 0.029763 0.840954 -0.008993
0.277105 0.438686 1.894939 0.540113 0.029578 0.841024 -0.009075
0.277304 0.438916 1.895273 0.540002 0.029405 0.841100 -0.009162
0.277507 0.439143 1.895613 0.539883 0.029240 0.841181 -0.009253
0.277711 0.439367 1.895957 0.539759 0.029081 0.841265 -0.009345
0.277918 0.439585 1.896305 0.539632 0.028924 0.841351 -0.009438
0.278125 0.439799 1.896654 0.539505 0.028770 0.841437 -0.009532
0.278333 0.440009 1.897005 0.539378 0.028617 0.841523 -0.009625
0.278541 0.440215 1.897356 0.539251 0.028466 0.841608 -0.009719
0.278748 0.440418 1.897706 0.539126 0.028316 0.841692 -0.009813
0.278954 0.440618 1.898056 0.539003 0.028169 0.841775 -0.009908
0.279158 0.440816 1.898404 0.538880 0.028025 0.841857 -0.010002
0.279360 0.441008 1.898750 0.538756 0.027884 0.841940 -0.010096
0.279558 0.441196 1.899093 0.538633 0.027745 0.842022 -0.010189
0.279753 0.441378 1.899433 0.538509 0.027609 0.842105 -0.010281
0.279945 0.441554 1.899770 0.538385 0.027474 0.842187 -0.010372
0.280134 0.441725 1.900103 0.538262 0.027342 0.842269 -0.010460
0.280319 0.441890 1.900432 0.538139 0.027212 0.842351 -0.010547
0.280502 0.442051 1.900757 0.538017 0.027083 0.842432 -0.010632
0.280681 0.442206 1.901078 0.537895 0.026956 0.842512 -0.010716
0.280857 0.442357 1.901394 0.537775 0.026831 0.842592 -0.010797
0.281030 0.442504 1.901707 0.537655 0.026709 0.842672 -0.010876
0.281199 0.442646 1.902015 0.537536 0.026588 0.842750 -0.010953
0.281366 0.442785 1.902319 0.537418 0.026469 0.842828 -0.011029
0.281530 0.442919 1.902619 0.537301 0.026353 0.842906 -0.011103
0.281690 0.443050 1.902914 0.537185 0.026239 0.842982 -0.011174
0.281848 0.443178 1.903205 0.537070 0.026128 0.843058 -0.011244
0.282002 0.443302 1.903491 0.536956 0.026019 0.843133 -0.011313
0.282154 0.443424 1.903773 0.536843 0.025913 0.843207 -0.011379
0.282302 0.443542 1.904051 0.536731 0.025809 0.843281 -0.011444
0.282448 0.443658 1.904324 0.536620 0.025708 0.843354 -0.011507
0.282591 0.443771 1.904592 0.536509 0.025610 0.843426 -0.011568
0.282731 0.443882 1.904856 0.536400 0.025514 0.843498 -0.011628
0.282868 0.443990 1.905116 0.536292 0.025421 0.843569 -0.011687
0.283002 0.444097 1.905372 0.536185 0.025331 0.843639 -0.011743
0.283133 0.444201 1.905623 0.536079 0.025244 0.843708 -0.011799
0.283262 0.444303 1.905869 0.535973 0.025160 0.843777 -0.011852
0.283388 0.444403 1.906112 0.535869 0.025078 0.843845 -0.011905
0.283562 0.444565 1.906391 0.535790 0.024958 0.843897 -0.011964
0.283765 0.444756 1.906692 0.535710 0.024853 0.843951 -0.012018
0.283988 0.444958 1.907005 0.535620 0.024765 0.844010 -0.012070
0.284225 0.445162 1.907326 0.535522 0.024689 0.844073 -0.012120
0.284475 0.445360 1.907651 0.535419 0.024620 0.844140 -0.012166
0.284735 0.445551 1.907979 0.535313 0.024553 0.844208 -0.012207
0.285005 0.445734 1.908307 0.535208 0.024485 0.844277 -0.012241
0.285282 0.445907 1.908636 0.535105 0.024413 0.844343 -0.012269
0.285567 0.446073 1.908963 0.535006 0.024338 0.844408 -0.012290
0.285858 0.446230 1.909290 0.534910 0.024258 0.844471 -0.012305
0.286153 0.446381 1.909614 0.534820 0.024174 0.844531 -0.012315
0.286453 0.446526 1.909937 0.534733 0.024087 0.844588 -0.012320
0.286756 0.446665 1.910257 0.534651 0.023997 0.844642 -0.012320
0.287061 0.446801 1.910575 0.534573 0.023906 0.844694 -0.012317
0.287367 0.446933 1.910889 0.534499 0.023813 0.844744 -0.012310
0.287674 0.447063 1.911201 0.534428 0.023721 0.844791 -0.012302
0.287980 0.447192 1.911510 0.534361 0.023629 0.844837 -0.012291
0.288285 0.447318 1.911814 0.534295 0.023539 0.844881 -0.012280
0.288588 0.447440 1.912115 0.534230 0.023451 0.844925 -0.012266
0.288888 0.447557 1.912411 0.534165 0.023364 0.844969 -0.012250
0.289185 0.447669 1.912702 0.534101 0.023277 0.845012 -0.012233
0.289479 0.447777 1.912989 0.534037 0.023192 0.845055 -0.012214
0.289769 0.447881 1.913271 0.533974 0.023108 0.845097 -0.012192
0.290057 0.447980 1.913549 0.533912 0.023024 0.845139 -0.012169
0.290341 0.448074 1.913822 0.533850 0.022940 0.845180 -0.012144
0.290621 0.448165 1.914090 0.533790 0.022858 0.845221 -0.012118
0.290898 0.448252 1.914354 0.533730 0.022776 0.845262 -0.012090
0.291171 0.448336 1.914613 0.533671 0.022695 0.845301 -0.012061
0.291441 0.448417 1.914868 0.533613 0.022616 0.845341 -0.012031
0.291707 0.448494 1.915119 0.533556 0.022537 0.845380 -0.012000
0.291969 0.448569 1.915365 0.533499 0.022460 0.845418 -0.011968
0.292227 0.448640 1.915607 0.533443 0.022383 0.845456 -0.011935
0.292481 0.448710 1.915844 0.533387 0.022309 0.845493 -0.011901
0.292732 0.448777 1.916077 0.533332 0.022235 0.845530 -0.011867
0.292978 0.448842 1.916307 0.533278 0.022164 0.845567 -0.011833
0.293221 0.448905 1.916532 0.533224 0.022094 0.845603 -0.011798
0.293459 0.448966 1.916753 0.533170 0.022025 0.845639 -0.011763
0.293694 0.449025 1.916969 0.533117 0.021959 0.845675 -0.011727
0.293924 0.449083 1.917182 0.533065 0.021894 0.845710 -0.011692
0.294151 0.449139 1.917392 0.533013 0.021831 0.845745 -0.011657
0.294403 0.449253 1.917637 0.532953 0.021679 0.845786 -0.011725
0.294666 0.449396 1.917904 0.532871 0.021550 0.845840 -0.011797
0.294933 0.449552 1.918185 0.532768 0.021451 0.845906 -0.011870
0.295204 0.449712 1.918474 0.532649 0.021373 0.845982 -0.011946
0.295476 0.449873 1.918770 0.532519 0.021309 0.846065 -0.012023
0.295750 0.450031 1.919069 0.532382 0.021254 0.846151 -0.012101
0.296024 0.450185 1.919370 0.532241 0.021203 0.846239 -0.012178
0.296299 0.450336 1.919673 0.532100 0.021156 0.846328 -0.012253
0.296573 0.450484 1.919976 0.531960 0.021109 0.846417 -0.012327
0.296848 0.450629 1.920279 0.531821 0.021063 0.846504 -0.012400
0.297121 0.450771 1.920582 0.531684 0.021018 0.846590 -0.012471
0.297392 0.450912 1.920884 0.531550 0.020974 0.846674 -0.012542
0.297661 0.451052 1.921184 0.531418 0.020931 0.846757 -0.012611
0.297928 0.451191 1.921483 0.531288 0.020890 0.846839 -0.012680
0.298190 0.451326 1.921779 0.531159 0.020850 0.846920 -0.012749
0.298449 0.451458 1.922072 0.531030 0.020812 0.847000 -0.012816
0.298703 0.451586 1.922362 0.530902 0.020775 0.847080 -0.012882
0.298953 0.451709 1.922649 0.530775 0.020739 0.847160 -0.012947
0.299199 0.451829 1.922932 0.530649 0.020704 0.847239 -0.013009
0.299441 0.451945 1.923212 0.530523 0.020668 0.847317 -0.013071
0.299678 0.452057 1.923488 0.530400 0.020634 0.847395 -0.013130
0.299912 0.452165 1.923760 0.530277 0.020599 0.847472 -0.013188
0.300141 0.452270 1.924028 0.530156 0.020565 0.847547 -0.013244
0.300366 0.452371 1.924293 0.530036 0.020532 0.847622 -0.013298
0.300587 0.452470 1.924553 0.529918 0.020499 0.847696 -0.013351
0.300805 0.452566 1.924810 0.529801 0.020466 0.847769 -0.013403
0.301018 0.452659 1.925063 0.529685 0.020435 0.847842 -0.013453
0.301227 0.452749 1.925313 0.529571 0.020404 0.847913 -0.013501
0.301432 0.452837 1.925558 0.529458 0.020375 0.847983 -0.013548
0.301633 0.452923 1.925799 0.529346 0.020346 0.848053 -0.013594
0.301830 0.453007 1.926037 0.529236 0.020318 0.848122 -0.013639
0.302024 0.453088 1.926271 0.529127 0.020292 0.848190 -0.013682
0.302214 0.453168 1.926501 0.529019 0.020266 0.848257 -0.013725
0.302399 0.453247 1.926727 0.528912 0.020242 0.848323 -0.013766
0.302581 0.453323 1.926949 0.528807 0.020219 0.848389 -0.013806
0.302760 0.453398 1.927168 0.528703 0.020198 0.848453 -0.013845
0.302935 0.453472 1.927383 0.528600 0.020177 0.848517 -0.013883
0.303106 0.453544 1.927594 0.528499 0.020158 0.848581 -0.013920
0.303273 0.453615 1.927801 0.528398 0.020141 0.848643 -0.013956
0.303437 0.453686 1.928005 0.528299 0.020125 0.848705 -0.013991
0.303640 0.453817 1.928246 0.528218 0.020004 0.848756 -0.014079
0.303865 0.453974 1.928508 0.528144 0.019878 0.848804 -0.014157
0.304102 0.454141 1.928782 0.528063 0.019763 0.848856 -0.014230
0.304346 0.454309 1.929065 0.527976 0.019660 0.848911 -0.014300
0.304596 0.454475 1.929352 0.527883 0.019565 0.848970 -0.014368
0.304850 0.454634 1.929643 0.527787 0.019474 0.849031 -0.014434
0.305108 0.454789 1.929936 0.527689 0.019385 0.849093 -0.014498
0.305369 0.454937 1.930230 0.527592 0.019297 0.849154 -0.014557
0.305631 0.455079 1.930525 0.527495 0.019208 0.849215 -0.014614
0.305895 0.455217 1.930820 0.527401 0.019119 0.849275 -0.014667
0.306160 0.455351 1.931115 0.527308 0.019030 0.849333 -0.014718
0.306426 0.455482 1.931409 0.527218 0.018941 0.849390 -0.014767
0.306690 0.455607 1.931701 0.527129 0.018852 0.849447 -0.014813
0.306952 0.455726 1.931991 0.527039 0.018763 0.849504 -0.014857
0.307212 0.455839 1.932278 0.526950 0.018675 0.849560 -0.014899
0.307470 0.455946 1.932563 0.526862 0.018585 0.849616 -0.014937
0.307726 0.456046 1.932846 0.526775 0.018495 0.849672 -0.014973
0.307980 0.456140 1.933125 0.526688 0.018404 0.849727 -0.015006
0.308231 0.456229 1.933401 0.526603 0.018312 0.849781 -0.015037
0.308480 0.456312 1.933673 0.526518 0.018220 0.849835 -0.015065
0.308726 0.456391 1.933943 0.526435 0.018127 0.849888 -0.015090
0.308970 0.456464 1.934209 0.526353 0.018034 0.849941 -0.015113
0.309210 0.456533 1.934472 0.526272 0.017940 0.849993 -0.015134
0.309448 0.456598 1.934732 0.526192 0.017847 0.850044 -0.015153
0.309683 0.456659 1.934988 0.526113 0.017754 0.850094 -0.015170
0.309915 0.456716 1.935240 0.526035 0.017661 0.850144 -0.015184
0.310144 0.456770 1.935490 0.525958 0.017568 0.850193 -0.015198
0.310370 0.456821 1.935735 0.525882 0.017477 0.850242 -0.015209
0.310592 0.456868 1.935978 0.525807 0.017386 0.850290 -0.015219
0.310812 0.456913 1.936216 0.525733 0.017296 0.850337 -0.015228
0.311028 0.456956 1.936451 0.525660 0.017207 0.850384 -0.015235
0.311242 0.456996 1.936683 0.525588 0.017120 0.850430 -0.015241
0.311452 0.457034 1.936911 0.525517 0.017034 0.850476 -0.015246
0.311658 0.457070 1.937136 0.525446 0.016949 0.850522 -0.015250
0.311862 0.457104 1.937357 0.525376 0.016865 0.850566 -0.015252
0.312062 0.457136 1.937574 0.525307 0.016784 0.850611 -0.015254
0.312259 0.457167 1.937788 0.525238 0.016703 0.850655 -0.015256
0.312452 0.457197 1.937999 0.525170 0.016625 0.850698 -0.015256
0.312642 0.457225 1.938206 0.525103 0.016548 0.850741 -0.015255
0.312829 0.457253 1.938410 0.525037 0.016474 0.850783 -0.015254
0.313054 0.457349 1.938645 0.524978 0.016306 0.850821 -0.015336
0.313301 0.457477 1.938894 0.524914 0.016150 0.850862 -0.015427
0.313560 0.457617 1.939149 0.524838 0.016022 0.850910 -0.015513
0.313828 0.457762 1.939407 0.524752 0.015917 0.850964 -0.015593
0.314103 0.457905 1.939665 0.524659 0.015827 0.851021 -0.015667
0.314385 0.458045 1.939922 0.524562 0.015747 0.851081 -0.015733
0.314672 0.458181 1.940176 0.524465 0.015673 0.851141 -0.015792
0.314963 0.458312 1.940428 0.524369 0.015602 0.851201 -0.015842
0.315257 0.458435 1.940677 0.524273 0.015534 0.851260 -0.015884
0.315554 0.458551 1.940921 0.524179 0.015465 0.851319 -0.015919
0.315853 0.458657 1.941162 0.524087 0.015396 0.851376 -0.015946
0.316154 0.458756 1.941399 0.523997 0.015324 0.851432 -0.015965
0.316457 0.458845 1.941631 0.523910 0.015250 0.851487 -0.015976
0.316760 0.458927 1.941859 0.523826 0.015173 0.851540 -0.015981
0.317064 0.459001 1.942084 0.523745 0.015093 0.851592 -0.015979
0.317368 0.459068 1.942304 0.523667 0.015011 0.851641 -0.015970
0.317673 0.459127 1.942521 0.523591 0.014926 0.851689 -0.015956
0.317977 0.459181 1.942734 0.523519 0.014839 0.851736 -0.015936
0.318281 0.459228 1.942943 0.523449 0.014749 0.851781 -0.015911
0.318583 0.459269 1.943149 0.523382 0.014658 0.851824 -0.015882
0.318885 0.459305 1.943351 0.523317 0.014566 0.851866 -0.015848
0.319186 0.459336 1.943549 0.523254 0.014472 0.851907 -0.015811
0.319485 0.459362 1.943744 0.523194 0.014377 0.851947 -0.015770
0.319782 0.459384 1.943936 0.523135 0.014281 0.851985 -0.015725
0.320077 0.459402 1.944124 0.523079 0.014185 0.852022 -0.015678
0.320370 0.459415 1.944309 0.523024 0.014088 0.852058 -0.015627
0.320661 0.459426 1.944491 0.522970 0.013991 0.852094 -0.015575
0.320949 0.459433 1.944670 0.522919 0.013893 0.852128 -0.015520
0.321234 0.459437 1.944846 0.522868 0.013797 0.852161 -0.015463
0.321517 0.459439 1.945018 0.522819 0.013700 0.852194 -0.015405
0.321797 0.459438 1.945188 0.522772 0.013604 0.852226 -0.015345
0.322073 0.459435 1.945354 0.522725 0.013508 0.852257 -0.015283
0.322347 0.459429 1.945518 0.522679 0.013413 0.852288 -0.015221
0.322617 0.459422 1.945679 0.522635 0.013320 0.852318 -0.015157
0.322884 0.459413 1.945837 0.522591 0.013227 0.852347 -0.015093
0.323148 0.459403 1.945992 0.522548 0.013135 0.852376 -0.015028
0.323408 0.459391 1.946145 0.522506 0.013045 0.852404 -0.014963
0.323664 0.459378 1.946295 0.522465 0.012955 0.852432 -0.014897
0.323917 0.459364 1.946442 0.522425 0.012868 0.852459 -0.014831
0.324167 0.459349 1.946587 0.522385 0.012781 0.852486 -0.014765
0.324457 0.459409 1.946765 0.522362 0.012571 0.852503 -0.014791
0.324772 0.459503 1.946957 0.522348 0.012382 0.852514 -0.014796
0.325100 0.459609 1.947157 0.522328 0.012222 0.852529 -0.014788
0.325436 0.459719 1.947362 0.522301 0.012083 0.852548 -0.014772
0.325778 0.459826 1.947569 0.522268 0.011958 0.852570 -0.014750
0.326124 0.459929 1.947778 0.522230 0.011841 0.852595 -0.014722
0.326473 0.460026 1.947989 0.522191 0.011729 0.852621 -0.014690
0.326825 0.460116 1.948199 0.522151 0.011619 0.852648 -0.014652
0.327178 0.460198 1.948408 0.522110 0.011510 0.852675 -0.014610
0.327532 0.460270 1.948617 0.522068 0.011400 0.852703 -0.014562
0.327886 0.460333 1.948824 0.522027 0.011287 0.852731 -0.014510
0.328240 0.460387 1.949029 0.521986 0.011171 0.852758 -0.014453
0.328595 0.460431 1.949233 0.521947 0.011052 0.852785 -0.014391
0.328948 0.460467 1.949435 0.521909 0.010929 0.852811 -0.014325
0.329302 0.460495 1.949636 0.521873 0.010804 0.852836 -0.014255
0.329654 0.460516 1.949834 0.521838 0.010675 0.852860 -0.014182
0.330005 0.460529 1.950031 0.521804 0.010543 0.852884 -0.014104
0.330354 0.460536 1.950226 0.521772 0.010409 0.852906 -0.014024
0.330702 0.460536 1.950419 0.521741 0.010272 0.852928 -0.013941
0.331047 0.460531 1.950610 0.521711 0.010134 0.852949 -0.013856
0.331391 0.460520 1.950799 0.521683 0.009994 0.852970 -0.013768
0.331732 0.460504 1.950987 0.521655 0.009852 0.852990 -0.013679
0.332070 0.460483 1.951172 0.521629 0.009710 0.853009 -0.013588
0.332405 0.460458 1.951355 0.521603 0.009567 0.853028 -0.013495
0.332738 0.460429 1.951536 0.521578 0.009423 0.853046 -0.013401
0.333067 0.460397 1.951715 0.521554 0.009279 0.853064 -0.013307
0.333393 0.460361 1.951892 0.521530 0.009135 0.853082 -0.013211
0.333715 0.460322 1.952067 0.521507 0.008991 0.853099 -0.013115
0.334034 0.460280 1.952240 0.521484 0.008848 0.853116 -0.013018
0.334349 0.460236 1.952411 0.521462 0.008705 0.853132 -0.012921
0.334661 0.460190 1.952579 0.521440 0.008563 0.853149 -0.012824
0.334968 0.460142 1.952746 0.521418 0.008422 0.853165 -0.012727
0.335272 0.460092 1.952910 0.521397 0.008282 0.853181 -0.012630
0.335571 0.460040 1.953073 0.521376 0.008143 0.853196 -0.012533
0.335867 0.459987 1.953233 0.521355 0.008006 0.853212 -0.012437
0.336158 0.459933 1.953391 0.521334 0.007870 0.853227 -0.012341
0.336445 0.459878 1.953547 0.521313 0.007736 0.853243 -0.012246
0.336727 0.459823 1.953701 0.521292 0.007604 0.853258 -0.012151
0.337005 0.459766 1.953852 0.521271 0.007473 0.853273 -0.012058
0.337279 0.459709 1.954002 0.521251 0.007345 0.853288 -0.011965
0.337591 0.459725 1.954182 0.521243 0.007059 0.853295 -0.012005
0.337916 0.459777 1.954373 0.521219 0.006823 0.853311 -0.012004
0.338246 0.459846 1.954570 0.521177 0.006634 0.853339 -0.011985
0.338578 0.459924 1.954767 0.521119 0.006480 0.853375 -0.011957
0.338911 0.460003 1.954965 0.521051 0.006351 0.853419 -0.011924
0.339245 0.460084 1.955161 0.520976 0.006239 0.853466 -0.011887
0.339579 0.460164 1.955355 0.520898 0.006139 0.853515 -0.011845
0.339912 0.460244 1.955547 0.520819 0.006049 0.853564 -0.011800
0.340245 0.460323 1.955736 0.520740 0.005965 0.853614 -0.011752
0.340575 0.460400 1.955922 0.520660 0.005887 0.853664 -0.011701
0.340904 0.460473 1.956104 0.520581 0.005813 0.853713 -0.011647
0.341230 0.460542 1.956283 0.520501 0.005742 0.853763 -0.011591
0.341554 0.460607 1.956459 0.520423 0.005674 0.853812 -0.011531
0.341874 0.460668 1.956631 0.520345 0.005606 0.853861 -0.011470
0.342192 0.460725 1.956799 0.520269 0.005540 0.853908 -0.011405
0.342507 0.460777 1.956964 0.520194 0.005474 0.853955 -0.011338
0.342818 0.460827 1.957125 0.520121 0.005410 0.854001 -0.011270
0.343126 0.460872 1.957284 0.520049 0.005346 0.854046 -0.011199
0.343431 0.460915 1.957439 0.519978 0.005282 0.854091 -0.011127
0.343732 0.460954 1.957591 0.519909 0.005220 0.854134 -0.011053
0.344030 0.460991 1.957740 0.519841 0.005158 0.854177 -0.010978
0.344324 0.461025 1.957886 0.519775 0.005098 0.854219 -0.010903
0.344614 0.461057 1.958029 0.519710 0.005038 0.854260 -0.010826
0.344900 0.461087 1.958170 0.519645 0.004980 0.854300 -0.010749
0.345183 0.461114 1.958308 0.519582 0.004922 0.854340 -0.010671
0.345461 0.461140 1.958442 0.519520 0.004866 0.854379 -0.010593
0.345735 0.461164 1.958575 0.519459 0.004812 0.854417 -0.010515
0.346005 0.461187 1.958705 0.519399 0.004759 0.854455 -0.010437
0.346271 0.461208 1.958832 0.519340 0.004707 0.854492 -0.010359
0.346533 0.461228 1.958957 0.519281 0.004657 0.854529 -0.010281
0.346791 0.461247 1.959079 0.519223 0.004608 0.854565 -0.010204
0.347044 0.461265 1.959199 0.519167 0.004561 0.854601 -0.010127
0.347293 0.461282 1.959317 0.519110 0.004515 0.854636 -0.010051
0.347538 0.461298 1.959432 0.519055 0.004471 0.854671 -0.009975
0.347778 0.461314 1.959545 0.519000 0.004429 0.854706 -0.009900
0.348014 0.461329 1.959656 0.518945 0.004389 0.854740 -0.009825
0.348246 0.461344 1.959765 0.518892 0.004350 0.854773 -0.009752
0.348474 0.461358 1.959872 0.518838 0.004313 0.854807 -0.009679
0.348697 0.461372 1.959977 0.518786 0.004278 0.854840 -0.009608
0.348916 0.461386 1.960079 0.518733 0.004245 0.854872 -0.009537
0.349179 0.461464 1.960206 0.518723 0.004026 0.854879 -0.009628
0.349461 0.461570 1.960346 0.518705 0.003827 0.854890 -0.009684
0.349752 0.461689 1.960492 0.518674 0.003662 0.854909 -0.009722
0.350048 0.461808 1.960638 0.518630 0.003524 0.854936 -0.009752
0.350348 0.461923 1.960784 0.518578 0.003403 0.854968 -0.009775
0.350652 0.462031 1.960929 0.518519 0.003294 0.855004 -0.009790
0.350959 0.462129 1.961071 0.518457 0.003191 0.855042 -0.009797
0.351270 0.462217 1.961210 0.518394 0.003089 0.855080 -0.009794
0.351584 0.462295 1.961348 0.518332 0.002988 0.855119 -0.009782
0.351900 0.462364 1.961482 0.518271 0.002885 0.855156 -0.009761
0.352219 0.462423 1.961615 0.518212 0.002780 0.855192 -0.009732
0.352540 0.462473 1.961745 0.518156 0.002672 0.855227 -0.009695
0.352862 0.462515 1.961872 0.518102 0.002562 0.855261 -0.009651
0.353186 0.462548 1.961998 0.518051 0.002448 0.855293 -0.009600
0.353511 0.462574 1.962121 0.518002 0.002332 0.855323 -0.009542
0.353837 0.462592 1.962242 0.517956 0.002213 0.855352 -0.009479
0.354162 0.462603 1.962361 0.517912 0.002092 0.855380 -0.009410
0.354488 0.462608 1.962479 0.517870 0.001969 0.855406 -0.009336
0.354813 0.462607 1.962594 0.517830 0.001844 0.855432 -0.009257
0.355137 0.462601 1.962708 0.517792 0.001718 0.855456 -0.009175
0.355460 0.462589 1.962819 0.517755 0.001590 0.855479 -0.009088
0.355782 0.462572 1.962930 0.517720 0.001462 0.855501 -0.008998
0.356103 0.462551 1.963038 0.517687 0.001333 0.855523 -0.008906
0.356421 0.462526 1.963145 0.517655 0.001203 0.855543 -0.008810
0.356738 0.462496 1.963250 0.517625 0.001073 0.855563 -0.008712
0.357052 0.462464 1.963354 0.517595 0.000943 0.855582 -0.008612
0.357364 0.462427 1.963456 0.517567 0.000813 0.855600 -0.008511
0.357674 0.462388 1.963557 0.517539 0.000684 0.855618 -0.008407
0.357980 0.462347 1.963657 0.517512 0.000555 0.855635 -0.008303
0.358284 0.462302 1.963755 0.517487 0.000426 0.855652 -0.008197
0.358584 0.462256 1.963851 0.517461 0.000298 0.855668 -0.008091
0.358882 0.462207 1.963947 0.517437 0.000172 0.855684 -0.007983
0.359176 0.462157 1.964041 0.517413 0.000046 0.855700 -0.007876
0.359466 0.462105 1.964133 0.517389 -0.000079 0.855715 -0.007768
0.359753 0.462052 1.964225 0.517366 -0.000202 0.855730 -0.007660
0.360037 0.461998 1.964315 0.517344 -0.000323 0.855744 -0.007552
0.360317 0.461943 1.964404 0.517321 -0.000444 0.855759 -0.007444
0.360593 0.461886 1.964491 0.517299 -0.000562 0.855773 -0.007337
0.360865 0.461829 1.964578 0.517278 -0.000679 0.855787 -0.007230
0.361133 0.461772 1.964663 0.517256 -0.000794 0.855801 -0.007124
0.361446 0.461777 1.964762 0.517296 -0.001066 0.855776 -0.007175
0.361771 0.461803 1.964861 0.517340 -0.001330 0.855748 -0.007252
0.362101 0.461838 1.964956 0.517379 -0.001571 0.855723 -0.007335
0.362436 0.461874 1.965046 0.517412 -0.001792 0.855702 -0.007418
0.362773 0.461909 1.965130 0.517441 -0.001998 0.855684 -0.007494
0.363112 0.461940 1.965207 0.517467 -0.002192 0.855667 -0.007562
0.363453 0.461967 1.965278 0.517491 -0.002377 0.855651 -0.007618
0.363797 0.461990 1.965342 0.517516 -0.002556 0.855635 -0.007664
0.364142 0.462009 1.965401 0.517542 -0.002731 0.855619 -0.007699
0.364488 0.462023 1.965455 0.517568 -0.002902 0.855602 -0.007724
0.364835 0.462033 1.965504 0.517596 -0.003069 0.855585 -0.007739
0.365182 0.462039 1.965548 0.517625 -0.003234 0.855566 -0.007745
0.365530 0.462041 1.965587 0.517656 -0.003396 0.855547 -0.007742
0.365877 0.462040 1.965622 0.517688 -0.003555 0.855527 -0.007731
0.366224 0.462036 1.965654 0.517721 -0.003712 0.855507 -0.007713
0.366569 0.462028 1.965682 0.517755 -0.003866 0.855485 -0.007688
0.366914 0.462018 1.965706 0.517790 -0.004018 0.855464 -0.007657
0.367257 0.462005 1.965728 0.517826 -0.004168 0.855442 -0.007621
0.367598 0.461990 1.965746 0.517863 -0.004315 0.855419 -0.007579
0.367936 0.461973 1.965762 0.517900 -0.004459 0.855397 -0.007532
0.368273 0.461954 1.965775 0.517937 -0.004601 0.855374 -0.007481
0.368607 0.461933 1.965787 0.517975 -0.004740 0.855350 -0.007426
0.368938 0.461910 1.965795 0.518013 -0.004877 0.855327 -0.007367
0.369266 0.461886 1.965803 0.518051 -0.005010 0.855304 -0.007306
0.369591 0.461861 1.965808 0.518089 -0.005141 0.855281 -0.007241
0.369913 0.461835 1.965811 0.518127 -0.005270 0.855257 -0.007174
0.370231 0.461807 1.965814 0.518165 -0.005395 0.855234 -0.007105
0.370545 0.461779 1.965814 0.518202 -0.005518 0.855211 -0.007033
0.370856 0.461750 1.965814 0.518240 -0.005638 0.855189 -0.006961
0.371163 0.461721 1.965812 0.518276 -0.005755 0.855166 -0.006886
0.371466 0.461691 1.965809 0.518313 -0.005869 0.855144 -0.006811
0.371765 0.461661 1.965806 0.518349 -0.005980 0.855122 -0.006734
0.372060 0.461631 1.965801 0.518384 -0.006089 0.855100 -0.006657
0.372351 0.461600 1.965796 0.518419 -0.006194 0.855079 -0.006580
0.372637 0.461570 1.965789 0.518454 -0.006297 0.855058 -0.006502
0.372920 0.461539 1.965783 0.518487 -0.006397 0.855037 -0.006423
0.373197 0.461509 1.965775 0.518520 -0.006494 0.855017 -0.006345
0.373471 0.461479 1.965768 0.518553 -0.006588 0.854997 -0.006267
0.373740 0.461449 1.965759 0.518584 -0.006680 0.854978 -0.006188
0.374005 0.461420 1.965751 0.518615 -0.006769 0.854959 -0.006111
0.374318 0.461459 1.965761 0.518721 -0.006980 0.854893 -0.006118
0.374649 0.461532 1.965778 0.518845 -0.007167 0.854816 -0.006152
0.374988 0.461618 1.965794 0.518966 -0.007330 0.854741 -0.006216
0.375331 0.461708 1.965807 0.519080 -0.007471 0.854670 -0.006292
0.375676 0.461796 1.965814 0.519187 -0.007594 0.854603 -0.006370
0.376024 0.461881 1.965816 0.519288 -0.007705 0.854540 -0.006443
0.376375 0.461960 1.965814 0.519386 -0.007807 0.854479 -0.006506
0.376727 0.462034 1.965806 0.519482 -0.007903 0.854420 -0.006559
0.377081 0.462103 1.965793 0.519577 -0.007996 0.854361 -0.006602
0.377437 0.462166 1.965776 0.519672 -0.008086 0.854302 -0.006633
0.377794 0.462223 1.965755 0.519766 -0.008174 0.854243 -0.006655
0.378152 0.462275 1.965730 0.519861 -0.008261 0.854185 -0.006666
0.378510 0.462322 1.965702 0.519956 -0.008347 0.854126 -0.006669
0.378868 0.462365 1.965670 0.520051 -0.008433 0.854068 -0.006663
0.379226 0.462402 1.965636 0.520146 -0.008517 0.854009 -0.006650
0.379583 0.462436 1.965599 0.520242 -0.008601 0.853950 -0.006629
0.379939 0.462465 1.965560 0.520337 -0.008684 0.853891 -0.006601
0.380294 0.462491 1.965518 0.520432 -0.008766 0.853833 -0.006568
0.380647 0.462513 1.965475 0.520527 -0.008848 0.853775 -0.006529
0.380999 0.462532 1.965430 0.520621 -0.008928 0.853717 -0.006484
0.381348 0.462548 1.965384 0.520715 -0.009008 0.853659 -0.006435
0.381694 0.462561 1.965336 0.520808 -0.009086 0.853602 -0.006382
0.382038 0.462572 1.965287 0.520900 -0.009164 0.853545 -0.006325
0.382380 0.462579 1.965237 0.520992 -0.009240 0.853489 -0.006264
0.382718 0.462585 1.965187 0.521083 -0.009315 0.853433 -0.006200
0.383053 0.462589 1.965136 0.521172 -0.009388 0.853378 -0.006134
0.383384 0.462590 1.965084 0.521261 -0.009461 0.853323 -0.006065
0.383712 0.462590 1.965032 0.521349 -0.009532 0.853269 -0.005994
0.384037 0.462588 1.964979 0.521435 -0.009601 0.853216 -0.005921
0.384357 0.462585 1.964926 0.521520 -0.009669 0.853164 -0.005846
0.384674 0.462581 1.964874 0.521604 -0.009735 0.853112 -0.005771
0.384987 0.462575 1.964821 0.521687 -0.009800 0.853062 -0.005694
0.385296 0.462569 1.964768 0.521768 -0.009863 0.853012 -0.005616
0.385600 0.462561 1.964715 0.521849 -0.009925 0.852962 -0.005537
0.385900 0.462553 1.964663 0.521927 -0.009985 0.852914 -0.005458
0.386196 0.462544 1.964611 0.522004 -0.010043 0.852867 -0.005379
0.386488 0.462534 1.964559 0.522080 -0.010100 0.852820 -0.005299
0.386775 0.462524 1.964507 0.522155 -0.010154 0.852774 -0.005219
0.387058 0.462513 1.964456 0.522228 -0.010207 0.852730 -0.005140
0.387336 0.462502 1.964406 0.522299 -0.010259 0.852686 -0.005060
0.387651 0.462540 1.964372 0.522430 -0.010425 0.852603 -0.005024
0.387983 0.462602 1.964341 0.522589 -0.010599 0.852504 -0.005037
0.388320 0.462670 1.964309 0.522752 -0.010762 0.852402 -0.005066
0.388658 0.462738 1.964278 0.522912 -0.010913 0.852301 -0.005102
0.388996 0.462803 1.964246 0.523068 -0.011055 0.852204 -0.005138
0.389334 0.462863 1.964214 0.523218 -0.011190 0.852110 -0.005170
0.389671 0.462917 1.964182 0.523364 -0.011321 0.852018 -0.005196
0.390007 0.462966 1.964149 0.523508 -0.011449 0.851928 -0.005217
0.390343 0.463009 1.964116 0.523648 -0.011575 0.851840 -0.005232
0.390677 0.463047 1.964083 0.523786 -0.011700 0.851754 -0.005240
0.391009 0.463080 1.964050 0.523922 -0.011824 0.851668 -0.005243
0.391340 0.463107 1.964016 0.524055 -0.011947 0.851584 -0.005241
0.391670 0.463130 1.963983 0.524187 -0.012070 0.851502 -0.005233
0.391997 0.463149 1.963950 0.524316 -0.012191 0.851420 -0.005221
0.392321 0.463164 1.963917 0.524444 -0.012312 0.851340 -0.005205
0.392644 0.463174 1.963884 0.524569 -0.012432 0.851261 -0.005184
0.392964 0.463181 1.963852 0.524693 -0.012551 0.851183 -0.005160
0.393281 0.463185 1.963820 0.524815 -0.012669 0.851107 -0.005133
0.393595 0.463186 1.963788 0.524934 -0.012787 0.851031 -0.005103
0.393905 0.463183 1.963757 0.525052 -0.012903 0.850957 -0.005070
0.394213 0.463178 1.963726 0.525167 -0.013017 0.850885 -0.005035
0.394517 0.463170 1.963696 0.525280 -0.013131 0.850813 -0.004998
0.394818 0.463161 1.963666 0.525392 -0.013243 0.850743 -0.004958
0.395116 0.463149 1.963637 0.525501 -0.013353 0.850674 -0.004917
0.395409 0.463135 1.963609 0.525608 -0.013462 0.850607 -0.004874
0.395699 0.463119 1.963581 0.525713 -0.013570 0.850540 -0.004831
0.395985 0.463102 1.963554 0.525815 -0.013675 0.850475 -0.004786
0.396267 0.463083 1.963528 0.525916 -0.013779 0.850412 -0.004740
0.396546 0.463064 1.963502 0.526015 -0.013881 0.850349 -0.004693
0.396820 0.463043 1.963477 0.526111 -0.013982 0.850288 -0.004645
0.397090 0.463020 1.963453 0.526206 -0.014080 0.850228 -0.004598
0.397356 0.462998 1.963429 0.526298 -0.014177 0.850170 -0.004549
0.397618 0.462974 1.963406 0.526388 -0.014272 0.850113 -0.004501
0.397876 0.462950 1.963384 0.526476 -0.014364 0.850057 -0.004452
0.398130 0.462925 1.963362 0.526563 -0.014455 0.850002 -0.004404
0.398380 0.462899 1.963341 0.526647 -0.014544 0.849949 -0.004355
0.398625 0.462874 1.963321 0.526729 -0.014630 0.849896 -0.004307
0.398867 0.462848 1.963302 0.526809 -0.014715 0.849845 -0.004259
0.399104 0.462822 1.963283 0.526888 -0.014798 0.849796 -0.004211
0.399337 0.462796 1.963264 0.526964 -0.014878 0.849747 -0.004164
0.399593 0.462804 1.963267 0.527082 -0.015027 0.849672 -0.004102
0.399854 0.462821 1.963280 0.527212 -0.015189 0.849588 -0.004037
0.400115 0.462840 1.963295 0.527344 -0.015353 0.849504 -0.003990
0.400375 0.462859 1.963312 0.527472 -0.015515 0.849422 -0.003954
0.400634 0.462875 1.963328 0.527597 -0.015671 0.849341 -0.003924
0.400890 0.462889 1.963343 0.527718 -0.015823 0.849263 -0.003895
0.401145 0.462900 1.963358 0.527835 -0.015971 0.849188 -0.003865
0.401398 0.462909 1.963372 0.527950 -0.016115 0.849114 -0.003833
0.401649 0.462914 1.963385 0.528062 -0.016256 0.849042 -0.003798
0.401899 0.462918 1.963397 0.528171 -0.016393 0.848972 -0.003761
0.402146 0.462918 1.963409 0.528277 -0.016528 0.848903 -0.003721
0.402391 0.462917 1.963420 0.528382 -0.016660 0.848835 -0.003678
0.402633 0.462913 1.963431 0.528484 -0.016790 0.848769 -0.003633
0.402873 0.462908 1.963441 0.528584 -0.016917 0.848705 -0.003587
0.403111 0.462901 1.963451 0.528681 -0.017041 0.848642 -0.003538
0.403346 0.462892 1.963460 0.528777 -0.017163 0.848580 -0.003488
0.403579 0.462882 1.963469 0.528870 -0.017282 0.848520 -0.003436
0.403809 0.462870 1.963477 0.528962 -0.017398 0.848461 -0.003383
0.404036 0.462857 1.963485 0.529051 -0.017512 0.848403 -0.003328
0.404260 0.462843 1.963492 0.529138 -0.017624 0.848347 -0.003273
0.404481 0.462829 1.963500 0.529223 -0.017732 0.848292 -0.003217
0.404699 0.462813 1.963507 0.529306 -0.017839 0.848238 -0.003160
0.404914 0.462797 1.963513 0.529387 -0.017942 0.848185 -0.003103
0.405127 0.462780 1.963520 0.529465 -0.018043 0.848134 -0.003045
0.405336 0.462763 1.963526 0.529542 -0.018141 0.848084 -0.002987
0.405541 0.462745 1.963532 0.529617 -0.018237 0.848036 -0.002929
0.405744 0.462727 1.963538 0.529690 -0.018330 0.847988 -0.002871
0.405944 0.462709 1.963544 0.529761 -0.018421 0.847942 -0.002812
0.406140 0.462690 1.963549 0.529831 -0.018508 0.847897 -0.002754
0.406333 0.462672 1.963555 0.529898 -0.018594 0.847853 -0.002696
0.406523 0.462653 1.963560 0.529964 -0.018677 0.847811 -0.002638
0.406710 0.462635 1.963565 0.530027 -0.018757 0.847769 -0.002581
0.406893 0.462616 1.963570 0.530089 -0.018835 0.847729 -0.002524
0.407073 0.462598 1.963575 0.530149 -0.018910 0.847690 -0.002467
0.407250 0.462581 1.963579 0.530208 -0.018982 0.847652 -0.002411
0.407424 0.462563 1.963584 0.530265 -0.019053 0.847615 -0.002355
0.407594 0.462546 1.963588 0.530320 -0.019121 0.847579 -0.002300
0.407762 0.462529 1.963593 0.530373 -0.019186 0.847544 -0.002246
0.407926 0.462512 1.963597 0.530425 -0.019249 0.847510 -0.002192
0.408087 0.462496 1.963601 0.530476 -0.019310 0.847478 -0.002139
0.408265 0.462507 1.963616 0.530557 -0.019412 0.847424 -0.002118
0.408449 0.462533 1.963630 0.530641 -0.019511 0.847369 -0.002156
0.408636 0.462567 1.963639 0.530721 -0.019594 0.847317 -0.002226
0.408827 0.462603 1.963642 0.530796 -0.019661 0.847268 -0.002309
0.409020 0.462640 1.963636 0.530867 -0.019715 0.847222 -0.002393
0.409217 0.462677 1.963623 0.530936 -0.019759 0.847178 -0.002471
0.409417 0.462712 1.963602 0.531003 -0.019796 0.847135 -0.002541
0.409620 0.462747 1.963575 0.531070 -0.019827 0.847092 -0.002601
0.409825 0.462779 1.963541 0.531137 -0.019854 0.847049 -0.002652
0.410033 0.462810 1.963501 0.531204 -0.019877 0.847006 -0.002692
0.410243 0.462839 1.963456 0.531272 -0.019898 0.846963 -0.002724
0.410455 0.462867 1.963405 0.531341 -0.019916 0.846919 -0.002747
0.410669 0.462893 1.963349 0.531410 -0.019932 0.846876 -0.002762
0.410884 0.462918 1.963289 0.531480 -0.019947 0.846831 -0.002769
0.411099 0.462942 1.963225 0.531550 -0.019959 0.846787 -0.002768
0.411315 0.462964 1.963157 0.531621 -0.019970 0.846742 -0.002762
0.411532 0.462986 1.963085 0.531692 -0.019979 0.846698 -0.002749
0.411748 0.463006 1.963011 0.531763 -0.019987 0.846653 -0.002730
0.411965 0.463025 1.962933 0.531834 -0.019993 0.846608 -0.002706
0.412180 0.463044 1.962853 0.531905 -0.019998 0.846564 -0.002678
0.412396 0.463061 1.962770 0.531976 -0.020001 0.846519 -0.002644
0.412610 0.463078 1.962686 0.532047 -0.020003 0.846475 -0.002607
0.412823 0.463094 1.962599 0.532117 -0.020004 0.846430 -0.002566
0.413036 0.463110 1.962511 0.532187 -0.020003 0.846386 -0.002522
0.413247 0.463125 1.962421 0.532257 -0.020001 0.846343 -0.002474
0.413456 0.463140 1.962330 0.532326 -0.019998 0.846300 -0.002424
0.413664 0.463154 1.962238 0.532395 -0.019993 0.846257 -0.002371
0.413869 0.463169 1.962145 0.532463 -0.019987 0.846214 -0.002316
0.414073 0.463182 1.962051 0.532530 -0.019980 0.846172 -0.002259
0.414275 0.463196 1.961957 0.532596 -0.019971 0.846131 -0.002200
0.414475 0.463209 1.961862 0.532662 -0.019962 0.846090 -0.002139
0.414673 0.463222 1.961767 0.532727 -0.019951 0.846049 -0.002077
0.414868 0.463235 1.961671 0.532791 -0.019940 0.846009 -0.002014
0.415062 0.463248 1.961576 0.532854 -0.019927 0.845970 -0.001950
0.415252 0.463261 1.961480 0.532916 -0.019913 0.845931 -0.001885
0.415440 0.463274 1.961385 0.532978 -0.019898 0.845893 -0.001819
0.415626 0.463287 1.961290 0.533038 -0.019882 0.845856 -0.001753
0.415809 0.463300 1.961195 0.533097 -0.019865 0.845819 -0.001687
0.415989 0.463313 1.961100 0.533156 -0.019847 0.845783 -0.001620
0.416167 0.463326 1.961006 0.533213 -0.019828 0.845747 -0.001553
0.416347 0.463338 1.960927 0.533292 -0.019848 0.845697 -0.001465
0.416526 0.463346 1.960851 0.533371 -0.019868 0.845647 -0.001369
0.416706 0.463352 1.960774 0.533450 -0.019892 0.845597 -0.001281
0.416886 0.463355 1.960696 0.533529 -0.019919 0.845546 -0.001196
0.417067 0.463358 1.960616 0.533608 -0.019946 0.845496 -0.001112
0.417248 0.463358 1.960535 0.533686 -0.019972 0.845446 -0.001027
0.417429 0.463358 1.960452 0.533764 -0.019997 0.845397 -0.000939
0.417610 0.463356 1.960368 0.533841 -0.020022 0.845347 -0.000849
0.417791 0.463353 1.960283 0.533917 -0.020045 0.845299 -0.000756
0.417972 0.463349 1.960196 0.533993 -0.020068 0.845251 -0.000660
0.418153 0.463344 1.960109 0.534067 -0.020090 0.845203 -0.000563
0.418333 0.463339 1.960021 0.534141 -0.020111 0.845156 -0.000464
0.418512 0.463332 1.959933 0.534214 -0.020131 0.845110 -0.000362
0.418690 0.463325 1.959844 0.534286 -0.020150 0.845064 -0.000260
0.418867 0.463317 1.959755 0.534357 -0.020168 0.845018 -0.000156
0.419043 0.463308 1.959666 0.534427 -0.020186 0.844974 -0.000051
0.419217 0.463299 1.959576 0.534495 -0.020202 0.844930 0.000055
0.419390 0.463290 1.959487 0.534563 -0.020218 0.844887 0.000162
0.419562 0.463280 1.959398 0.534630 -0.020232 0.844844 0.000269
0.419732 0.463270 1.959309 0.534695 -0.020246 0.844802 0.000376
0.419900 0.463260 1.959220 0.534760 -0.020259 0.844761 0.000484
0.420067 0.463249 1.959132 0.534823 -0.020271 0.844721 0.000591
0.420231 0.463239 1.959044 0.534885 -0.020282 0.844681 0.000699
0.420394 0.463228 1.958957 0.534946 -0.020292 0.844642 0.000806
0.420555 0.463217 1.958871 0.535005 -0.020301 0.844604 0.000913
0.420714 0.463206 1.958785 0.535064 -0.020309 0.844567 0.001020
0.420870 0.463195 1.958699 0.535121 -0.020317 0.844530 0.001126
0.421025 0.463184 1.958615 0.535177 -0.020323 0.844494 0.001231
0.421177 0.463174 1.958531 0.535232 -0.020329 0.844459 0.001336
0.421328 0.463163 1.958448 0.535286 -0.020334 0.844425 0.001440
0.421476 0.463153 1.958366 0.535338 -0.020338 0.844392 0.001543
0.421622 0.463143 1.958285 0.535389 -0.020342 0.844359 0.001645
0.421765 0.463133 1.958205 0.535439 -0.020344 0.844327 0.001746
0.421907 0.463123 1.958126 0.535488 -0.020346 0.844296 0.001846
0.422046 0.463113 1.958048 0.535536 -0.020347 0.844265 0.001945
0.422182 0.463104 1.957970 0.535582 -0.020347 0.844235 0.002043
0.422317 0.463095 1.957894 0.535628 -0.020346 0.844207 0.002140
0.422449 0.463086 1.957819 0.535672 -0.020345 0.844178 0.002235
0.422579 0.463078 1.957745 0.535715 -0.020343 0.844151 0.002329
0.422706 0.463070 1.957672 0.535756 -0.020340 0.844124 0.002422
0.422827 0.463055 1.957617 0.535814 -0.020376 0.844087 0.002497
0.422944 0.463038 1.957570 0.535882 -0.020424 0.844042 0.002515
0.423057 0.463020 1.957527 0.535953 -0.020484 0.843995 0.002495
0.423161 0.463005 1.957491 0.536014 -0.020535 0.843955 0.002449
0.423255 0.462992 1.957462 0.536065 -0.020576 0.843922 0.002390
0.423342 0.462983 1.957438 0.536108 -0.020608 0.843895 0.002322
0.423420 0.462977 1.957420 0.536144 -0.020634 0.843871 0.002248
0.423492 0.462973 1.957406 0.536175 -0.020655 0.843851 0.002170
0.423557 0.462972 1.957396 0.536202 -0.020671 0.843834 0.002089
0.423617 0.462973 1.957390 0.536225 -0.020685 0.843819 0.002006
0.423671 0.462976 1.957387 0.536246 -0.020698 0.843806 0.001921
0.423721 0.462980 1.957387 0.536264 -0.020708 0.843794 0.001835
0.423766 0.462986 1.957390 0.536281 -0.020717 0.843784 0.001749
0.423807 0.462993 1.957395 0.536296 -0.020726 0.843774 0.001662
0.423845 0.463002 1.957402 0.536309 -0.020734 0.843765 0.001576
0.423879 0.463012 1.957410 0.536321 -0.020741 0.843758 0.001491
0.423910 0.463022 1.957421 0.536332 -0.020749 0.843751 0.001406
0.423938 0.463034 1.957433 0.536343 -0.020755 0.843744 0.001321
0.423969 0.463036 1.957448 0.536359 -0.020791 0.843733 0.001267
0.424001 0.463030 1.957466 0.536379 -0.020842 0.843719 0.001246
0.424036 0.463018 1.957487 0.536401 -0.020904 0.843704 0.001246
0.424073 0.462999 1.957511 0.536422 -0.020972 0.843688 0.001259
0.424111 0.462977 1.957538 0.536445 -0.021047 0.843672 0.001275
0.424150 0.462951 1.957566 0.536466 -0.021124 0.843656 0.001291
0.424189 0.462924 1.957596 0.536487 -0.021201 0.843641 0.001305
0.424228 0.462896 1.957627 0.536506 -0.021277 0.843627 0.001313
0.424266 0.462867 1.957659 0.536524 -0.021350 0.843614 0.001316
0.424303 0.462839 1.957691 0.536541 -0.021421 0.843601 0.001314
0.424339 0.462812 1.957724 0.536556 -0.021488 0.843590 0.001306
0.424373 0.462786 1.957757 0.536571 -0.021552 0.843579 0.001293
0.424406 0.462762 1.957790 0.536584 -0.021612 0.843569 0.001275
0.424438 0.462739 1.957822 0.536596 -0.021670 0.843560 0.001253
0.424467 0.462718 1.957855 0.536607 -0.021724 0.843552 0.001227
0.424495 0.462698 1.957887 0.536617 -0.021775 0.843544 0.001198
0.424521 0.462680 1.957918 0.536627 -0.021824 0.843537 0.001166
0.424546 0.462664 1.957949 0.536636 -0.021870 0.843530 0.001133
0.424569 0.462649 1.957980 0.536644 -0.021914 0.843523 0.001097
0.424590 0.462636 1.958011 0.536652 -0.021956 0.843517 0.001060
0.424611 0.462625 1.958040 0.536659 -0.021996 0.843512 0.001023
0.424629 0.462614 1.958070 0.536666 -0.022034 0.843506 0.000984
0.424625 0.462600 1.958107 0.536667 -0.022065 0.843505 0.000951
0.424617 0.462598 1.958138 0.536668 -0.022082 0.843504 0.000910
0.424605 0.462606 1.958163 0.536669 -0.022090 0.843503 0.000865
0.424590 0.462618 1.958184 0.536671 -0.022093 0.843502 0.000821
0.424573 0.462636 1.958203 0.536675 -0.022093 0.843500 0.000778
0.424554 0.462656 1.958219 0.536679 -0.022092 0.843497 0.000737
0.424534 0.462679 1.958234 0.536684 -0.022093 0.843494 0.000699
0.424512 0.462703 1.958248 0.536690 -0.022095 0.843490 0.000662
0.424490 0.462728 1.958262 0.536697 -0.022100 0.843486 0.000626
0.424467 0.462754 1.958274 0.536704 -0.022107 0.843481 0.000592
0.424443 0.462780 1.958286 0.536712 -0.022116 0.843476 0.000559
0.424420 0.462805 1.958298 0.536720 -0.022129 0.843470 0.000527
0.424397 0.462831 1.958309 0.536729 -0.022144 0.843464 0.000495
0.424374 0.462856 1.958320 0.536737 -0.022162 0.843458 0.000464
0.424352 0.462880 1.958331 0.536746 -0.022182 0.843452 0.000433
0.424330 0.462903 1.958342 0.536756 -0.022204 0.843445 0.000403
0.424308 0.462926 1.958353 0.536765 -0.022228 0.843439 0.000374
0.424288 0.462947 1.958364 0.536774 -0.022254 0.843433 0.000344
0.424268 0.462968 1.958375 0.536783 -0.022281 0.843426 0.000315
0.424248 0.462988 1.958386 0.536792 -0.022309 0.843420 0.000287
0.424229 0.463008 1.958397 0.536801 -0.022339 0.843413 0.000259
0.424211 0.463026 1.958407 0.536810 -0.022369 0.843407 0.000232
0.424194 0.463044 1.958418 0.536818 -0.022400 0.843400 0.000205
0.424177 0.463061 1.958429 0.536827 -0.022432 0.843394 0.000179
0.424161 0.463077 1.958439 0.536835 -0.022464 0.843388 0.000153
0.424145 0.463092 1.958450 0.536843 -0.022497 0.843382 0.000128
0.424130 0.463107 1.958460 0.536851 -0.022530 0.843376 0.000103
0.424116 0.463121 1.958470 0.536859 -0.022563 0.843370 0.000079
0.424102 0.463135 1.958480 0.536867 -0.022596 0.843364 0.000056
0.424088 0.463148 1.958490 0.536874 -0.022629 0.843359 0.000033
0.424075 0.463161 1.958500 0.536881 -0.022663 0.843353 0.000010
0.424063 0.463173 1.958509 0.536888 -0.022696 0.843348 -0.000011
0.424051 0.463185 1.958519 0.536895 -0.022729 0.843343 -0.000033
0.424040 0.463196 1.958528 0.536902 -0.022762 0.843338 -0.000053
0.424028 0.463207 1.958538 0.536908 -0.022795 0.843333 -0.000074
0.424018 0.463218 1.958547 0.536915 -0.022828 0.843328 -0.000093
0.424007 0.463228 1.958556 0.536921 -0.022860 0.843323 -0.000112
0.423997 0.463238 1.958564 0.536927 -0.022892 0.843318 -0.000131
0.423987 0.463248 1.958573 0.536933 -0.022924 0.843314 -0.000149
0.423978 0.463258 1.958581 0.536938 -0.022956 0.843309 -0.000167
0.423931 0.463250 1.958597 0.536962 -0.022968 0.843294 -0.000246
0.423869 0.463249 1.958605 0.536984 -0.022989 0.843279 -0.000301
0.423801 0.463252 1.958606 0.537005 -0.023021 0.843265 -0.000319
0.423733 0.463255 1.958602 0.537026 -0.023061 0.843250 -0.000300
0.423665 0.463258 1.958597 0.537045 -0.023104 0.843237 -0.000245
0.423599 0.463259 1.958589 0.537063 -0.023149 0.843224 -0.000162
0.423535 0.463258 1.958582 0.537079 -0.023195 0.843213 -0.000058
0.423473 0.463255 1.958575 0.537093 -0.023242 0.843203 0.000063
0.423414 0.463249 1.958568 0.537106 -0.023290 0.843193 0.000194
0.423358 0.463241 1.958562 0.537116 -0.023336 0.843185 0.000332
0.423304 0.463232 1.958557 0.537125 -0.023382 0.843178 0.000474
0.423252 0.463221 1.958552 0.537132 -0.023428 0.843172 0.000618
0.423202 0.463209 1.958547 0.537138 -0.023472 0.843168 0.000762
0.423154 0.463196 1.958543 0.537142 -0.023515 0.843164 0.000905
0.423108 0.463182 1.958540 0.537145 -0.023557 0.843160 0.001046
0.423063 0.463168 1.958536 0.537147 -0.023597 0.843158 0.001185
0.423019 0.463154 1.958533 0.537148 -0.023637 0.843156 0.001320
0.422977 0.463140 1.958529 0.537148 -0.023675 0.843155 0.001453
0.422935 0.463126 1.958526 0.537147 -0.023712 0.843154 0.001582
0.422895 0.463112 1.958522 0.537146 -0.023748 0.843153 0.001708
0.422855 0.463099 1.958518 0.537144 -0.023784 0.843153 0.001832
0.422816 0.463087 1.958515 0.537142 -0.023818 0.843153 0.001952
0.422778 0.463074 1.958511 0.537139 -0.023852 0.843154 0.002070
0.422740 0.463062 1.958506 0.537136 -0.023884 0.843155 0.002185
0.422704 0.463051 1.958502 0.537132 -0.023916 0.843156 0.002298
0.422668 0.463040 1.958497 0.537129 -0.023948 0.843157 0.002409
0.422632 0.463030 1.958492 0.537125 -0.023979 0.843158 0.002518
0.422597 0.463020 1.958486 0.537120 -0.024010 0.843160 0.002621
0.422563 0.463012 1.958479 0.537116 -0.024041 0.843162 0.002719
0.422529 0.463005 1.958472 0.537110 -0.024070 0.843164 0.002813
0.422495 0.462999 1.958465 0.537105 -0.024100 0.843166 0.002906
0.422461 0.462993 1.958457 0.537099 -0.024128 0.843169 0.002996
0.422428 0.462987 1.958449 0.537093 -0.024156 0.843171 0.003085
0.422396 0.462982 1.958441 0.537087 -0.024182 0.843174 0.003176
0.422365 0.462977 1.958433 0.537081 -0.024208 0.843177 0.003270
0.422334 0.462971 1.958425 0.537075 -0.024233 0.843179 0.003363
0.422305 0.462965 1.958418 0.537070 -0.024258 0.843182 0.003457
0.422276 0.462959 1.958410 0.537064 -0.024283 0.843185 0.003550
0.422247 0.462953 1.958403 0.537058 -0.024308 0.843187 0.003641
0.422219 0.462948 1.958396 0.537052 -0.024332 0.843190 0.003732
0.422151 0.462889 1.958403 0.537079 -0.024320 0.843173 0.003779
0.422064 0.462822 1.958410 0.537102 -0.024340 0.843157 0.003777
0.421968 0.462754 1.958416 0.537123 -0.024378 0.843143 0.003777
0.421866 0.462688 1.958422 0.537140 -0.024425 0.843131 0.003794
0.421762 0.462622 1.958429 0.537153 -0.024478 0.843121 0.003831
0.421657 0.462556 1.958437 0.537164 -0.024534 0.843112 0.003886
0.421552 0.462491 1.958448 0.537171 -0.024591 0.843106 0.003954
0.421448 0.462425 1.958460 0.537175 -0.024650 0.843101 0.004033
0.421345 0.462359 1.958473 0.537178 -0.024709 0.843097 0.004119
0.421244 0.462293 1.958489 0.537178 -0.024770 0.843094 0.004210
0.421144 0.462227 1.958505 0.537177 -0.024830 0.843093 0.004303
0.421046 0.462160 1.958523 0.537175 -0.024891 0.843092 0.004397
0.420950 0.462094 1.958542 0.537171 -0.024952 0.843092 0.004490
0.420854 0.462029 1.958562 0.537166 -0.025014 0.843093 0.004578
0.420759 0.461964 1.958583 0.537159 -0.025075 0.843096 0.004663
0.420665 0.461901 1.958605 0.537150 -0.025135 0.843099 0.004744
0.420573 0.461838 1.958627 0.537141 -0.025196 0.843102 0.004822
0.420481 0.461777 1.958650 0.537131 -0.025255 0.843107 0.004898
0.420391 0.461716 1.958673 0.537120 -0.025315 0.843112 0.004972
0.420301 0.461656 1.958697 0.537108 -0.025374 0.843117 0.005045
0.420213 0.461597 1.958721 0.537096 -0.025433 0.843122 0.005115
0.420126 0.461539 1.958744 0.537084 -0.025492 0.843128 0.005184
0.420040 0.461482 1.958768 0.537071 -0.025551 0.843134 0.005251
0.419956 0.461426 1.958793 0.537058 -0.025609 0.843140 0.005317
0.419873 0.461371 1.958817 0.537045 -0.025668 0.843146 0.005381
0.419791 0.461316 1.958841 0.537031 -0.025726 0.843152 0.005444
0.419710 0.461263 1.958865 0.537018 -0.025784 0.843159 0.005506
0.419630 0.461210 1.958889 0.537004 -0.025842 0.843165 0.005567
0.419552 0.461158 1.958912 0.536991 -0.025900 0.843172 0.005626
0.419475 0.461107 1.958936 0.536977 -0.025958 0.843178 0.005685
0.419400 0.461056 1.958960 0.536963 -0.026016 0.843185 0.005742
0.419325 0.461006 1.958983 0.536949 -0.026073 0.843192 0.005798
0.419252 0.460957 1.959006 0.536935 -0.026130 0.843199 0.005854
0.419180 0.460909 1.959029 0.536921 -0.026187 0.843205 0.005908
0.419109 0.460862 1.959052 0.536907 -0.026244 0.843212 0.005962
0.419039 0.460815 1.959075 0.536893 -0.026300 0.843219 0.006014
0.418971 0.460768 1.959097 0.536878 -0.026356 0.843226 0.006066
0.418904 0.460723 1.959120 0.536864 -0.026413 0.843233 0.006116
0.418837 0.460678 1.959142 0.536850 -0.026469 0.843240 0.006166
0.418772 0.460633 1.959164 0.536836 -0.026524 0.843247 0.006215
0.418643 0.460513 1.959207 0.536845 -0.026480 0.843241 0.006315
0.418485 0.460375 1.959251 0.536850 -0.026447 0.843239 0.006400
0.418310 0.460235 1.959293 0.536849 -0.026432 0.843239 0.006491
0.418127 0.460098 1.959336 0.536843 -0.026432 0.843242 0.006600
0.417938 0.459965 1.959379 0.536833 -0.026442 0.843247 0.006727
0.417746 0.459834 1.959424 0.536820 -0.026458 0.843254 0.006872
0.417553 0.459706 1.959472 0.536805 -0.026480 0.843261 0.007028
0.417360 0.459580 1.959521 0.536788 -0.026506 0.843270 0.007192
0.417168 0.459455 1.959572 0.536769 -0.026534 0.843280 0.007361
0.416976 0.459332 1.959626 0.536748 -0.026566 0.843290 0.007532
0.416785 0.459210 1.959681 0.536727 -0.026600 0.843302 0.007703
0.416595 0.459090 1.959738 0.536704 -0.026636 0.843313 0.007871
0.416407 0.458972 1.959797 0.536680 -0.026674 0.843326 0.008035
0.416214 0.458862 1.959859 0.536643 -0.026698 0.843347 0.008172
0.416016 0.458758 1.959925 0.536595 -0.026711 0.843376 0.008293
0.415821 0.458655 1.959990 0.536553 -0.026730 0.843401 0.008427
0.415631 0.458551 1.960056 0.536514 -0.026756 0.843424 0.008567
0.415444 0.458447 1.960121 0.536478 -0.026788 0.843444 0.008709
0.415260 0.458344 1.960187 0.536444 -0.026825 0.843463 0.008849
0.415079 0.458241 1.960252 0.536412 -0.026867 0.843481 0.008987
0.414902 0.458139 1.960318 0.536381 -0.026912 0.843498 0.009122
0.414727 0.458037 1.960383 0.536351 -0.026960 0.843514 0.009252
0.414555 0.457937 1.960449 0.536321 -0.027010 0.843530 0.009379
0.414385 0.457838 1.960514 0.536292 -0.027062 0.843545 0.009501
0.414218 0.457741 1.960578 0.536263 -0.027115 0.843560 0.009619
0.414045 0.457652 1.960646 0.536220 -0.027151 0.843586 0.009709
0.413876 0.457563 1.960713 0.536180 -0.027191 0.843609 0.009808
0.413710 0.457474 1.960778 0.536142 -0.027234 0.843630 0.009909
0.413547 0.457387 1.960844 0.536107 -0.027281 0.843649 0.010011
0.413388 0.457299 1.960908 0.536074 -0.027331 0.843668 0.010113
0.413231 0.457213 1.960972 0.536042 -0.027382 0.843686 0.010212
0.413077 0.457127 1.961035 0.536010 -0.027436 0.843703 0.010309
0.412925 0.457043 1.961097 0.535980 -0.027491 0.843719 0.010403
0.412768 0.456967 1.961162 0.535934 -0.027528 0.843746 0.010471
0.412615 0.456891 1.961226 0.535893 -0.027569 0.843770 0.010548
0.412465 0.456815 1.961289 0.535855 -0.027613 0.843792 0.010630
0.412318 0.456739 1.961351 0.535818 -0.027661 0.843812 0.010712
0.412174 0.456663 1.961411 0.535784 -0.027711 0.843831 0.010794
0.412033 0.456588 1.961472 0.535751 -0.027763 0.843849 0.010875
0.411895 0.456514 1.961531 0.535719 -0.027817 0.843867 0.010954
0.411685 0.456370 1.961613 0.535673 -0.027730 0.843896 0.011169
0.411445 0.456214 1.961686 0.535634 -0.027685 0.843921 0.011326
0.411188 0.456062 1.961751 0.535594 -0.027674 0.843944 0.011451
0.410923 0.455912 1.961809 0.535560 -0.027693 0.843964 0.011571
0.410654 0.455767 1.961862 0.535530 -0.027732 0.843979 0.011696
0.410382 0.455623 1.961912 0.535504 -0.027786 0.843992 0.011830
0.410111 0.455481 1.961958 0.535481 -0.027851 0.844003 0.011971
0.409840 0.455340 1.962003 0.535460 -0.027925 0.844012 0.012116
0.409571 0.455198 1.962045 0.535440 -0.028007 0.844019 0.012268
0.409305 0.455055 1.962087 0.535423 -0.028096 0.844025 0.012422
0.409040 0.454913 1.962127 0.535404 -0.028190 0.844032 0.012570
0.408776 0.454772 1.962167 0.535385 -0.028288 0.844039 0.012714
0.408516 0.454633 1.962207 0.535364 -0.028386 0.844046 0.012858
0.408258 0.454496 1.962246 0.535342 -0.028483 0.844055 0.013001
0.408003 0.454361 1.962285 0.535319 -0.028580 0.844064 0.013144
0.407751 0.454229 1.962325 0.535294 -0.028676 0.844075 0.013285
0.407497 0.454105 1.962366 0.535259 -0.028760 0.844092 0.013403
0.407241 0.453988 1.962408 0.535218 -0.028835 0.844114 0.013510
0.406985 0.453877 1.962451 0.535172 -0.028901 0.844139 0.013608
0.406734 0.453766 1.962493 0.535129 -0.028971 0.844162 0.013721
0.406488 0.453655 1.962534 0.535090 -0.029044 0.844182 0.013842
0.406246 0.453545 1.962574 0.535054 -0.029120 0.844201 0.013966
0.406010 0.453436 1.962613 0.535019 -0.029198 0.844218 0.014092
0.405777 0.453328 1.962652 0.534985 -0.029278 0.844234 0.014215
0.405549 0.453222 1.962690 0.534952 -0.029359 0.844250 0.014337
0.405325 0.453117 1.962728 0.534920 -0.029440 0.844266 0.014455
0.405098 0.453019 1.962767 0.534879 -0.029511 0.844288 0.014547
0.404876 0.452922 1.962805 0.534841 -0.029584 0.844308 0.014645
0.404659 0.452825 1.962842 0.534806 -0.029662 0.844325 0.014746
0.404447 0.452728 1.962877 0.534774 -0.029744 0.844341 0.014847
0.404239 0.452632 1.962913 0.534745 -0.029833 0.844355 0.014933
0.404034 0.452538 1.962947 0.534717 -0.029925 0.844368 0.015010
0.403833 0.452445 1.962982 0.534691 -0.030019 0.844380 0.015084
0.403634 0.452354 1.963016 0.534666 -0.030113 0.844391 0.015154
0.403440 0.452264 1.963048 0.534640 -0.030202 0.844402 0.015232
0.403249 0.452176 1.963080 0.534615 -0.030288 0.844414 0.015315
0.403062 0.452090 1.963110 0.534590 -0.030371 0.844425 0.015402
0.402878 0.452005 1.963139 0.534564 -0.030450 0.844437 0.015490
0.402697 0.451923 1.963167 0.534538 -0.030528 0.844449 0.015579
0.402519 0.451842 1.963195 0.534511 -0.030603 0.844462 0.015667
0.402281 0.451710 1.963227 0.534518 -0.030698 0.844456 0.015573
0.402009 0.451563 1.963257 0.534541 -0.030792 0.844439 0.015496
0.401716 0.451410 1.963291 0.534550 -0.030832 0.844431 0.015592
0.401411 0.451261 1.963323 0.534553 -0.030852 0.844424 0.015779
0.401099 0.451117 1.963354 0.534555 -0.030865 0.844418 0.016015
0.400784 0.450977 1.963383 0.534558 -0.030884 0.844411 0.016267
0.400464 0.450842 1.963410 0.534561 -0.030908 0.844403 0.016516
0.400141 0.450713 1.963437 0.534563 -0.030938 0.844396 0.016759
0.399816 0.450586 1.963464 0.534565 -0.030972 0.844389 0.016994
0.399489 0.450463 1.963490 0.534566 -0.031012 0.844382 0.017220
0.399162 0.450342 1.963516 0.534567 -0.031057 0.844375 0.017437
0.398835 0.450223 1.963541 0.534566 -0.031106 0.844369 0.017646
0.398508 0.450105 1.963567 0.534565 -0.031159 0.844364 0.017846
0.398173 0.449996 1.963595 0.534546 -0.031187 0.844371 0.018033
0.397843 0.449884 1.963622 0.534532 -0.031227 0.844374 0.018234
0.397518 0.449769 1.963649 0.534523 -0.031277 0.844374 0.018441
0.397197 0.449651 1.963674 0.534518 -0.031336 0.844370 0.018650
0.396881 0.449530 1.963700 0.534515 -0.031403 0.844365 0.018857
0.396569 0.449407 1.963725 0.534514 -0.031477 0.844358 0.019060
0.396260 0.449283 1.963749 0.534512 -0.031552 0.844352 0.019261
0.395955 0.449158 1.963773 0.534508 -0.031625 0.844347 0.019466
0.395652 0.449034 1.963795 0.534502 -0.031696 0.844343 0.019672
0.395353 0.448909 1.963816 0.534494 -0.031765 0.844341 0.019877
0.395057 0.448784 1.963836 0.534484 -0.031834 0.844340 0.020081
0.394764 0.448661 1.963856 0.534471 -0.031901 0.844341 0.020287
0.394476 0.448539 1.963875 0.534455 -0.031966 0.844343 0.020493
0.394191 0.448419 1.963894 0.534438 -0.032028 0.844347 0.020700
0.393911 0.448301 1.963913 0.534418 -0.032089 0.844352 0.020905
0.393635 0.448185 1.963931 0.534396 -0.032148 0.844359 0.021107
0.393363 0.448071 1.963950 0.534374 -0.032206 0.844366 0.021305
0.393096 0.447959 1.963968 0.534350 -0.032264 0.844374 0.021499
0.392825 0.447858 1.963988 0.534312 -0.032316 0.844392 0.021639
0.392558 0.447757 1.964007 0.534277 -0.032369 0.844409 0.021784
0.392296 0.447656 1.964027 0.534243 -0.032425 0.844424 0.021934
0.392039 0.447556 1.964046 0.534210 -0.032481 0.844439 0.022085
0.391787 0.447457 1.964065 0.534179 -0.032538 0.844452 0.022237
0.391540 0.447358 1.964084 0.534148 -0.032596 0.844465 0.022388
0.391297 0.447261 1.964103 0.534118 -0.032655 0.844478 0.022537
0.391058 0.447164 1.964122 0.534088 -0.032714 0.844491 0.022684
0.390823 0.447069 1.964140 0.534059 -0.032774 0.844504 0.022827
0.390527 0.446929 1.964178 0.534012 -0.032842 0.844532 0.022769
0.390193 0.446774 1.964225 0.533959 -0.032894 0.844565 0.022712
0.389840 0.446616 1.964276 0.533909 -0.032930 0.844595 0.022713
0.389475 0.446461 1.964328 0.533865 -0.032951 0.844620 0.022780
0.389105 0.446308 1.964381 0.533833 -0.032966 0.844637 0.022908
0.388732 0.446160 1.964434 0.533809 -0.032976 0.844647 0.023080
0.388356 0.446015 1.964484 0.533791 -0.032985 0.844652 0.023282
0.387980 0.445874 1.964534 0.533777 -0.032992 0.844654 0.023502
0.387603 0.445736 1.964582 0.533766 -0.033001 0.844655 0.023736
0.387227 0.445601 1.964628 0.533756 -0.033010 0.844654 0.023978
0.386851 0.445467 1.964674 0.533748 -0.033022 0.844651 0.024225
0.386464 0.445347 1.964721 0.533712 -0.033018 0.844669 0.024418
0.386081 0.445226 1.964768 0.533682 -0.033022 0.844681 0.024624
0.385701 0.445104 1.964813 0.533657 -0.033034 0.844690 0.024839
0.385324 0.444980 1.964858 0.533636 -0.033052 0.844697 0.025057
0.384951 0.444854 1.964901 0.533616 -0.033077 0.844701 0.025275
0.384582 0.444727 1.964944 0.533598 -0.033109 0.844705 0.025491
0.384217 0.444599 1.964987 0.533581 -0.033146 0.844708 0.025703
0.383855 0.444469 1.965029 0.533564 -0.033190 0.844711 0.025909
0.383497 0.444338 1.965071 0.533546 -0.033240 0.844715 0.026107
0.383142 0.444205 1.965112 0.533527 -0.033295 0.844719 0.026297
0.382791 0.444072 1.965154 0.533506 -0.033355 0.844723 0.026478
0.382443 0.443937 1.965195 0.533484 -0.033420 0.844729 0.026650
0.382098 0.443801 1.965236 0.533461 -0.033491 0.844736 0.026812
0.381756 0.443664 1.965277 0.533436 -0.033566 0.844744 0.026965
0.381417 0.443526 1.965318 0.533409 -0.033645 0.844753 0.027108
0.381071 0.443396 1.965362 0.533352 -0.033717 0.844783 0.027192
0.380729 0.443264 1.965406 0.533300 -0.033795 0.844810 0.027280
0.380391 0.443128 1.965450 0.533251 -0.033878 0.844835 0.027371
0.380057 0.442991 1.965494 0.533204 -0.033967 0.844858 0.027463
0.379727 0.442850 1.965538 0.533158 -0.034061 0.844881 0.027555
0.379402 0.442708 1.965582 0.533113 -0.034160 0.844902 0.027645
0.379080 0.442564 1.965626 0.533068 -0.034264 0.844924 0.027732
0.378762 0.442418 1.965671 0.533022 -0.034371 0.844945 0.027817
0.378441 0.442279 1.965718 0.532953 -0.034472 0.844983 0.027860
0.378125 0.442139 1.965767 0.532888 -0.034574 0.845019 0.027913
0.377815 0.441999 1.965816 0.532826 -0.034677 0.845051 0.027974
0.377511 0.441859 1.965865 0.532766 -0.034781 0.845082 0.028041
0.377212 0.441719 1.965914 0.532709 -0.034886 0.845112 0.028111
0.376919 0.441579 1.965964 0.532653 -0.034993 0.845140 0.028182
0.376574 0.441395 1.966032 0.532599 -0.035002 0.845172 0.028247
0.376202 0.441205 1.966101 0.532577 -0.034971 0.845184 0.028348
0.375815 0.441022 1.966162 0.532563 -0.034936 0.845190 0.028459
0.375416 0.440852 1.966215 0.532551 -0.034899 0.845195 0.028571
0.375008 0.440694 1.966261 0.532538 -0.034862 0.845202 0.028680
0.374592 0.440549 1.966301 0.532522 -0.034822 0.845210 0.028783
0.374170 0.440415 1.966337 0.532502 -0.034780 0.845221 0.028877
0.373751 0.440281 1.966368 0.532490 -0.034746 0.845226 0.029004
0.373335 0.440147 1.966395 0.532484 -0.034720 0.845225 0.029150
0.372924 0.440012 1.966419 0.532484 -0.034703 0.845221 0.029306
0.372520 0.439874 1.966440 0.532490 -0.034701 0.845212 0.029464
0.372120 0.439733 1.966460 0.532500 -0.034712 0.845199 0.029619
0.371727 0.439590 1.966478 0.532512 -0.034734 0.845185 0.029768
0.371338 0.439445 1.966495 0.532527 -0.034765 0.845170 0.029909
0.370954 0.439299 1.966511 0.532542 -0.034805 0.845154 0.030042
0.370575 0.439151 1.966526 0.532556 -0.034852 0.845138 0.030168
0.370199 0.439003 1.966540 0.532570 -0.034905 0.845124 0.030285
0.369828 0.438853 1.966554 0.532582 -0.034965 0.845110 0.030393
0.369460 0.438702 1.966567 0.532592 -0.035029 0.845097 0.030494
0.369096 0.438551 1.966579 0.532601 -0.035099 0.845085 0.030586
0.368736 0.438399 1.966591 0.532607 -0.035173 0.845075 0.030671
0.368379 0.438247 1.966603 0.532612 -0.035252 0.845066 0.030749
0.368025 0.438094 1.966614 0.532615 -0.035335 0.845058 0.030819
0.367673 0.437941 1.966625 0.532614 -0.035419 0.845053 0.030883
0.367323 0.437789 1.966636 0.532609 -0.035505 0.845050 0.030939
0.366976 0.437637 1.966647 0.532602 -0.035594 0.845049 0.030991
0.366632 0.437485 1.966658 0.532592 -0.035685 0.845050 0.031037
0.366290 0.437333 1.966668 0.532579 -0.035779 0.845052 0.031079
0.365951 0.437181 1.966679 0.532564 -0.035876 0.845056 0.031116
0.365615 0.437027 1.966690 0.532547 -0.035976 0.845062 0.031149
0.365277 0.436879 1.966701 0.532516 -0.036072 0.845077 0.031155
0.364937 0.436733 1.966714 0.532474 -0.036163 0.845100 0.031150
0.364601 0.436586 1.966727 0.532434 -0.036257 0.845120 0.031157
0.364269 0.436435 1.966740 0.532396 -0.036355 0.845140 0.031170
0.363942 0.436282 1.966753 0.532360 -0.036459 0.845158 0.031186
0.363619 0.436127 1.966766 0.532324 -0.036569 0.845175 0.031201
0.363300 0.435970 1.966779 0.532289 -0.036683 0.845191 0.031215
0.362985 0.435810 1.966792 0.532254 -0.036803 0.845208 0.031227
0.362674 0.435648 1.966805 0.532218 -0.036928 0.845225 0.031237
0.362367 0.435485 1.966819 0.532182 -0.037056 0.845242 0.031245
0.362004 0.435293 1.966848 0.532120 -0.036897 0.845277 0.031515
0.361617 0.435102 1.966874 0.532061 -0.036714 0.845313 0.031766
0.361219 0.434919 1.966890 0.532011 -0.036541 0.845344 0.031973
0.360815 0.434747 1.966894 0.531971 -0.036384 0.845370 0.032145
0.360411 0.434578 1.966890 0.531943 -0.036242 0.845387 0.032324
0.360010 0.434412 1.966879 0.531924 -0.036115 0.845397 0.032503
0.359613 0.434247 1.966863 0.531915 -0.036006 0.845401 0.032680
0.359221 0.434081 1.966842 0.531912 -0.035914 0.845400 0.032851
0.358833 0.433915 1.966817 0.531914 -0.035836 0.845396 0.033016
0.358451 0.433750 1.966789 0.531919 -0.035769 0.845389 0.033174
0.358072 0.433584 1.966759 0.531927 -0.035713 0.845380 0.033325
0.357698 0.433419 1.966727 0.531937 -0.035666 0.845370 0.033470
0.357328 0.433254 1.966693 0.531947 -0.035627 0.845360 0.033609
0.356962 0.433089 1.966658 0.531957 -0.035595 0.845349 0.033743
0.356599 0.432925 1.966621 0.531967 -0.035570 0.845339 0.033871
0.356241 0.432760 1.966583 0.531976 -0.035551 0.845329 0.033995
0.355885 0.432599 1.966543 0.531984 -0.035538 0.845321 0.034102
0.355531 0.432439 1.966502 0.531991 -0.035530 0.845313 0.034201
0.355180 0.432280 1.966459 0.531995 -0.035527 0.845306 0.034294
0.354827 0.432130 1.966414 0.531990 -0.035511 0.845307 0.034381
0.354475 0.431985 1.966366 0.531978 -0.035490 0.845312 0.034463
0.354126 0.431840 1.966319 0.531967 -0.035479 0.845316 0.034544
0.353780 0.431692 1.966271 0.531956 -0.035479 0.845320 0.034624
0.353439 0.431543 1.966224 0.531945 -0.035486 0.845323 0.034702
0.353101 0.431391 1.966178 0.531935 -0.035500 0.845326 0.034778
0.352767 0.431237 1.966132 0.531923 -0.035520 0.845329 0.034853
0.352437 0.431082 1.966087 0.531911 -0.035547 0.845333 0.034926
0.352111 0.430924 1.966043 0.531897 -0.035579 0.845337 0.034998
0.351789 0.430765 1.965999 0.531882 -0.035616 0.845342 0.035068
0.351470 0.430603 1.965956 0.531866 -0.035658 0.845348 0.035137
0.351155 0.430441 1.965915 0.531847 -0.035705 0.845354 0.035205
0.350844 0.430276 1.965873 0.531828 -0.035756 0.845362 0.035270
0.350536 0.430110 1.965833 0.531806 -0.035811 0.845371 0.035335
0.350232 0.429942 1.965794 0.531782 -0.035871 0.845380 0.035397
0.349930 0.429772 1.965755 0.531757 -0.035934 0.845391 0.035458
0.349632 0.429602 1.965718 0.531729 -0.036001 0.845403 0.035518
0.349338 0.429429 1.965681 0.531699 -0.036071 0.845416 0.035576
0.349046 0.429256 1.965645 0.531668 -0.036145 0.845431 0.035633
0.348757 0.429080 1.965610 0.531634 -0.036223 0.845446 0.035689
0.348472 0.428904 1.965576 0.531599 -0.036304 0.845463 0.035744
0.348138 0.428690 1.965547 0.531536 -0.036196 0.845501 0.035895
0.347772 0.428485 1.965519 0.531445 -0.035980 0.845558 0.036105
0.347392 0.428291 1.965481 0.531364 -0.035757 0.845609 0.036312
0.347006 0.428108 1.965434 0.531300 -0.035534 0.845650 0.036518
0.346616 0.427936 1.965377 0.531251 -0.035309 0.845681 0.036731
0.346223 0.427775 1.965312 0.531215 -0.035087 0.845704 0.036946
0.345829 0.427625 1.965238 0.531188 -0.034872 0.845720 0.037155
0.345434 0.427485 1.965157 0.531169 -0.034662 0.845732 0.037359
0.345045 0.427339 1.965076 0.531161 -0.034475 0.845734 0.037586
0.344663 0.427186 1.964994 0.531164 -0.034310 0.845729 0.037821
0.344288 0.427028 1.964913 0.531175 -0.034164 0.845717 0.038058
0.343919 0.426866 1.964832 0.531193 -0.034034 0.845701 0.038292
0.343559 0.426696 1.964747 0.531228 -0.033940 0.845673 0.038511
0.343204 0.426524 1.964665 0.531259 -0.033848 0.845647 0.038734
0.342853 0.426350 1.964585 0.531286 -0.033757 0.845623 0.038962
0.342506 0.426176 1.964506 0.531310 -0.033668 0.845600 0.039191
0.342163 0.426002 1.964428 0.531331 -0.033582 0.845580 0.039420
0.341823 0.425826 1.964352 0.531349 -0.033501 0.845561 0.039648
0.341487 0.425651 1.964276 0.531364 -0.033424 0.845544 0.039873
0.341153 0.425475 1.964201 0.531376 -0.033353 0.845529 0.040095
0.340822 0.425299 1.964127 0.531386 -0.033288 0.845515 0.040312
0.340495 0.425121 1.964054 0.531393 -0.033230 0.845503 0.040524
0.340170 0.424944 1.963982 0.531398 -0.033178 0.845492 0.040730
0.339848 0.424765 1.963911 0.531401 -0.033133 0.845482 0.040930
0.339527 0.424592 1.963837 0.531399 -0.033091 0.845477 0.041103
0.339206 0.424424 1.963762 0.531391 -0.033053 0.845476 0.041258
0.338888 0.424252 1.963689 0.531380 -0.033024 0.845475 0.041417
0.338575 0.424076 1.963617 0.531368 -0.033004 0.845476 0.041576
0.338265 0.423897 1.963546 0.531354 -0.032993 0.845478 0.041731
0.337960 0.423715 1.963478 0.531337 -0.032990 0.845481 0.041882
0.337658 0.423530 1.963411 0.531319 -0.032995 0.845485 0.042028
0.337360 0.423343 1.963346 0.531299 -0.033008 0.845490 0.042167
0.337066 0.423153 1.963283 0.531277 -0.033028 0.845497 0.042301
0.336773 0.422965 1.963218 0.531245 -0.033058 0.845511 0.042402
0.336481 0.422778 1.963155 0.531207 -0.033095 0.845529 0.042481
0.336192 0.422587 1.963095 0.531169 -0.033138 0.845547 0.042561
0.335906 0.422394 1.963038 0.531132 -0.033187 0.845564 0.042640
0.335622 0.422199 1.962983 0.531096 -0.033242 0.845581 0.042719
0.335342 0.422001 1.962930 0.531059 -0.033303 0.845598 0.042797
0.335064 0.421801 1.962880 0.531023 -0.033370 0.845614 0.042874
0.334743 0.421564 1.962837 0.530980 -0.033338 0.845642 0.042872
0.334402 0.421318 1.962788 0.530945 -0.033248 0.845667 0.042876
0.334055 0.421079 1.962728 0.530939 -0.033104 0.845672 0.042967
0.333705 0.420845 1.962658 0.530943 -0.032949 0.845669 0.043102
0.333351 0.420623 1.962578 0.530954 -0.032777 0.845661 0.043265
0.332998 0.420405 1.962492 0.530969 -0.032601 0.845647 0.043463
0.332646 0.420193 1.962401 0.530987 -0.032424 0.845632 0.043682
0.332301 0.419980 1.962301 0.531029 -0.032279 0.845600 0.043896
0.331955 0.419780 1.962194 0.531065 -0.032126 0.845573 0.044093
0.331609 0.419592 1.962081 0.531095 -0.031969 0.845551 0.044280
0.331261 0.419414 1.961964 0.531117 -0.031807 0.845533 0.044460
0.330914 0.419244 1.961842 0.531132 -0.031644 0.845520 0.044636
0.330570 0.419071 1.961722 0.531147 -0.031485 0.845507 0.044838
0.330231 0.418893 1.961604 0.531160 -0.031338 0.845492 0.045055
0.329898 0.418708 1.961490 0.531172 -0.031204 0.845478 0.045275
0.329571 0.418519 1.961378 0.531183 -0.031083 0.845464 0.045494
0.329248 0.418326 1.961269 0.531192 -0.030973 0.845450 0.045709
0.328930 0.418130 1.961161 0.531200 -0.030875 0.845438 0.045916
0.328616 0.417931 1.961056 0.531206 -0.030787 0.845426 0.046116
0.328305 0.417730 1.960953 0.531209 -0.030710 0.845417 0.046308
0.327998 0.417529 1.960850 0.531211 -0.030642 0.845408 0.046485
0.327694 0.417328 1.960747 0.531211 -0.030583 0.845401 0.046651
0.327393 0.417126 1.960646 0.531209 -0.030532 0.845395 0.046809
0.327093 0.416929 1.960543 0.531203 -0.030486 0.845393 0.046947
0.326794 0.416735 1.960439 0.531192 -0.030442 0.845395 0.047074
0.326496 0.416544 1.960334 0.531177 -0.030402 0.845399 0.047195
0.326199 0.416355 1.960229 0.531160 -0.030364 0.845405 0.047312
0.325906 0.416163 1.960127 0.531141 -0.030333 0.845410 0.047436
0.325615 0.415968 1.960030 0.531123 -0.030316 0.845416 0.047553
0.325326 0.415769 1.959935 0.531104 -0.030309 0.845422 0.047662
0.325041 0.415567 1.959845 0.531085 -0.030313 0.845428 0.047765
0.324758 0.415362 1.959757 0.531066 -0.030326 0.845434 0.047862
0.324477 0.415155 1.959673 0.531046 -0.030349 0.845441 0.047953
0.324199 0.414945 1.959591 0.531026 -0.030379 0.845447 0.048039
0.323924 0.414733 1.959512 0.531005 -0.030417 0.845455 0.048120
0.323651 0.414519 1.959436 0.530983 -0.030463 0.845462 0.048197
0.323380 0.414303 1.959362 0.530960 -0.030515 0.845470 0.048270
0.323111 0.414085 1.959291 0.530936 -0.030574 0.845479 0.048339
0.322845 0.413866 1.959222 0.530912 -0.030639 0.845489 0.048405
0.322581 0.413644 1.959155 0.530886 -0.030710 0.845498 0.048468
0.322273 0.413380 1.959104 0.530818 -0.030653 0.845540 0.048531
0.321936 0.413121 1.959053 0.530751 -0.030494 0.845579 0.048684
0.321587 0.412867 1.958995 0.530695 -0.030320 0.845610 0.048863
0.321235 0.412620 1.958927 0.530658 -0.030138 0.845627 0.049083
0.320882 0.412376 1.958852 0.530636 -0.029956 0.845633 0.049333
0.320531 0.412135 1.958771 0.530625 -0.029782 0.845630 0.049594
0.320190 0.411891 1.958677 0.530662 -0.029648 0.845596 0.049858
0.319851 0.411659 1.958577 0.530701 -0.029511 0.845562 0.050107
0.319512 0.411436 1.958471 0.530739 -0.029375 0.845529 0.050345
0.319174 0.411221 1.958361 0.530774 -0.029240 0.845497 0.050577
0.318836 0.411013 1.958247 0.530808 -0.029107 0.845467 0.050802
0.318499 0.410812 1.958129 0.530840 -0.028976 0.845439 0.051022
0.318166 0.410608 1.958013 0.530868 -0.028856 0.845411 0.051248
0.317836 0.410403 1.957899 0.530895 -0.028745 0.845384 0.051474
0.317511 0.410195 1.957786 0.530921 -0.028644 0.845358 0.051697
0.317189 0.409985 1.957674 0.530944 -0.028553 0.845333 0.051917
0.316870 0.409773 1.957566 0.530966 -0.028477 0.845309 0.052120
0.316554 0.409558 1.957460 0.530985 -0.028414 0.845287 0.052312
0.316242 0.409340 1.957358 0.531003 -0.028361 0.845267 0.052495
0.315932 0.409120 1.957259 0.531018 -0.028317 0.845248 0.052670
0.315625 0.408898 1.957162 0.531032 -0.028283 0.845230 0.052840
0.315321 0.408674 1.957068 0.531044 -0.028258 0.845213 0.053003
0.315019 0.408449 1.956977 0.531054 -0.028240 0.845197 0.053160
0.314720 0.408222 1.956889 0.531062 -0.028231 0.845183 0.053312
0.314424 0.407993 1.956802 0.531069 -0.028229 0.845169 0.053458
0.314130 0.407763 1.956718 0.531075 -0.028234 0.845157 0.053600
0.313838 0.407531 1.956637 0.531078 -0.028247 0.845145 0.053736
0.313549 0.407299 1.956557 0.531081 -0.028267 0.845135 0.053867
0.313262 0.407065 1.956479 0.531081 -0.028293 0.845125 0.053994
0.312977 0.406830 1.956404 0.531080 -0.028326 0.845117 0.054116
0.312694 0.406594 1.956331 0.531078 -0.028365 0.845109 0.054234
0.312414 0.406358 1.956259 0.531075 -0.028411 0.845103 0.054348
0.312136 0.406120 1.956190 0.531070 -0.028462 0.845097 0.054458
0.311860 0.405881 1.956122 0.531063 -0.028520 0.845092 0.054564
0.311586 0.405641 1.956056 0.531056 -0.028583 0.845089 0.054667
0.311315 0.405399 1.955992 0.531047 -0.028652 0.845085 0.054766
0.311045 0.405157 1.955930 0.531036 -0.028726 0.845083 0.054862
0.310778 0.404914 1.955869 0.531025 -0.028806 0.845082 0.054955
0.310513 0.404670 1.955810 0.531012 -0.028891 0.845081 0.055045
0.310251 0.404424 1.955753 0.530998 -0.028982 0.845081 0.055132
0.309958 0.404134 1.955707 0.530958 -0.028926 0.845103 0.055202
0.309647 0.403843 1.955655 0.530909 -0.028761 0.845133 0.055304
0.309330 0.403552 1.955597 0.530867 -0.028585 0.845159 0.055401
0.309011 0.403264 1.955531 0.530837 -0.028413 0.845178 0.055497
0.308693 0.402982 1.955458 0.530817 -0.028251 0.845189 0.055591
0.308376 0.402705 1.955379 0.530807 -0.028098 0.845195 0.055684
0.308062 0.402432 1.955295 0.530803 -0.027955 0.845196 0.055775
0.307750 0.402165 1.955206 0.530804 -0.027819 0.845194 0.055864
0.307440 0.401901 1.955114 0.530809 -0.027692 0.845189 0.055952
0.307155 0.401631 1.955024 0.530866 -0.027583 0.845150 0.056057
0.306884 0.401362 1.954944 0.530936 -0.027480 0.845104 0.056141
0.306622 0.401093 1.954878 0.531013 -0.027382 0.845054 0.056210
0.306368 0.400822 1.954829 0.531093 -0.027291 0.845003 0.056265
0.306119 0.400549 1.954798 0.531173 -0.027206 0.844952 0.056306
0.305873 0.400272 1.954785 0.531253 -0.027128 0.844903 0.056331
0.305628 0.399992 1.954791 0.531330 -0.027061 0.844856 0.056341
0.305384 0.399706 1.954815 0.531404 -0.027006 0.844812 0.056334
0.305139 0.399415 1.954859 0.531476 -0.026963 0.844770 0.056311
0.304892 0.399118 1.954920 0.531544 -0.026935 0.844730 0.056271
0.304644 0.398815 1.955000 0.531610 -0.026923 0.844693 0.056215
0.304395 0.398504 1.955093 0.531672 -0.026927 0.844658 0.056148
0.304146 0.398186 1.955200 0.531731 -0.026945 0.844625 0.056071
0.303896 0.397860 1.955320 0.531786 -0.026978 0.844595 0.055985
0.303645 0.397527 1.955452 0.531839 -0.027028 0.844567 0.055889
0.303394 0.397186 1.955596 0.531888 -0.027093 0.844541 0.055783
0.303144 0.396838 1.955751 0.531936 -0.027176 0.844515 0.055668
0.302893 0.396482 1.955916 0.531983 -0.027275 0.844491 0.055545
0.302642 0.396118 1.956091 0.532029 -0.027391 0.844467 0.055413
0.302392 0.395747 1.956274 0.532074 -0.027523 0.844443 0.055274
0.302143 0.395369 1.956465 0.532119 -0.027672 0.844420 0.055129
0.301892 0.394983 1.956667 0.532164 -0.027838 0.844396 0.054973
0.301640 0.394591 1.956878 0.532210 -0.028021 0.844372 0.054809
0.301388 0.394190 1.957097 0.532256 -0.028222 0.844347 0.054637
0.301136 0.393783 1.957322 0.532302 -0.028440 0.844322 0.054460
0.300899 0.393331 1.957565 0.532381 -0.028735 0.844272 0.054307
0.300659 0.392878 1.957810 0.532446 -0.029022 0.844232 0.054138
0.300418 0.392425 1.958057 0.532499 -0.029311 0.844200 0.053957
0.300175 0.391971 1.958305 0.532543 -0.029603 0.844175 0.053770
0.299933 0.391512 1.958557 0.532575 -0.029897 0.844154 0.053607
0.299706 0.391013 1.958820 0.532632 -0.030265 0.844115 0.053457
0.299448 0.390503 1.959068 0.532666 -0.030394 0.844089 0.053448
0.299181 0.389992 1.959290 0.532716 -0.030501 0.844056 0.053414
0.298907 0.389491 1.959492 0.532769 -0.030593 0.844022 0.053378
0.298631 0.389002 1.959679 0.532823 -0.030677 0.843987 0.053339
0.298352 0.388525 1.959857 0.532877 -0.030756 0.843952 0.053300
0.298072 0.388060 1.960028 0.532929 -0.030832 0.843919 0.053262
0.297790 0.387602 1.960196 0.532975 -0.030903 0.843889 0.053239
0.297519 0.387125 1.960368 0.533050 -0.031030 0.843838 0.053211
0.297246 0.386660 1.960536 0.533117 -0.031142 0.843794 0.053173
0.296971 0.386206 1.960699 0.533178 -0.031247 0.843755 0.053128
0.296696 0.385761 1.960859 0.533231 -0.031350 0.843720 0.053079
0.296421 0.385323 1.961016 0.533279 -0.031452 0.843690 0.053026
0.296145 0.384892 1.961171 0.533322 -0.031555 0.843662 0.052972
0.295870 0.384465 1.961325 0.533360 -0.031662 0.843638 0.052915
0.295595 0.384041 1.961478 0.533395 -0.031772 0.843615 0.052857
0.295320 0.383617 1.961632 0.533421 -0.031884 0.843597 0.052814
0.295058 0.383167 1.961794 0.533473 -0.032057 0.843560 0.052767
0.294795 0.382724 1.961953 0.533519 -0.032220 0.843529 0.052705
0.294533 0.382286 1.962110 0.533556 -0.032380 0.843504 0.052636
0.294270 0.381854 1.962265 0.533587 -0.032540 0.843483 0.052562
0.294009 0.381425 1.962418 0.533611 -0.032702 0.843466 0.052485
0.293748 0.380999 1.962569 0.533630 -0.032867 0.843452 0.052408
0.293489 0.380575 1.962720 0.533645 -0.033037 0.843441 0.052329
0.293231 0.380149 1.962872 0.533652 -0.033206 0.843434 0.052271
0.292975 0.379720 1.963024 0.533651 -0.033379 0.843430 0.052225
0.292734 0.379262 1.963184 0.533677 -0.033614 0.843408 0.052174
0.292493 0.378806 1.963343 0.533696 -0.033840 0.843390 0.052124
0.292254 0.378356 1.963499 0.533707 -0.034066 0.843378 0.052053
0.292015 0.377911 1.963652 0.533711 -0.034292 0.843372 0.051972
0.291777 0.377469 1.963803 0.533708 -0.034520 0.843369 0.051886
0.291541 0.377030 1.963952 0.533699 -0.034749 0.843371 0.051800
0.291305 0.376592 1.964100 0.533684 -0.034981 0.843376 0.051714
0.291072 0.376151 1.964248 0.533666 -0.035212 0.843382 0.051654
0.290843 0.375707 1.964396 0.533642 -0.035446 0.843390 0.051607
0.290629 0.375233 1.964551 0.533647 -0.035741 0.843377 0.051565
0.290413 0.374767 1.964703 0.533640 -0.036016 0.843373 0.051511
0.290194 0.374312 1.964852 0.533621 -0.036279 0.843378 0.051446
0.289973 0.373866 1.964998 0.533593 -0.036536 0.843389 0.051376
0.289751 0.373427 1.965142 0.533558 -0.036790 0.843404 0.051304
0.289530 0.372991 1.965284 0.533519 -0.037040 0.843422 0.051242
0.289312 0.372531 1.965386 0.533568 -0.037117 0.843389 0.051211
0.289085 0.372047 1.965474 0.533601 -0.037115 0.843362 0.051310
0.288856 0.371548 1.965557 0.533631 -0.037123 0.843336 0.051418
0.288628 0.371039 1.965638 0.533664 -0.037149 0.843308 0.051519
0.288395 0.370549 1.965713 0.533694 -0.037160 0.843284 0.051597
0.288158 0.370076 1.965784 0.533720 -0.037160 0.843264 0.051663
0.287916 0.369619 1.965853 0.533739 -0.037149 0.843248 0.051725
0.287670 0.369177 1.965919 0.533752 -0.037133 0.843237 0.051779
0.287420 0.368746 1.965985 0.533760 -0.037114 0.843230 0.051830
0.287169 0.368325 1.966047 0.533766 -0.037089 0.843224 0.051887
0.286916 0.367912 1.966109 0.533769 -0.037062 0.843219 0.051951
0.286662 0.367506 1.966170 0.533770 -0.037035 0.843215 0.052019
0.286409 0.367104 1.966230 0.533767 -0.037010 0.843214 0.052090
0.286155 0.366706 1.966293 0.533762 -0.036990 0.843214 0.052162
0.285902 0.366309 1.966357 0.533754 -0.036977 0.843215 0.052235
0.285651 0.365911 1.966425 0.533746 -0.036986 0.843217 0.052281
0.285399 0.365512 1.966495 0.533737 -0.037012 0.843219 0.052309
0.285149 0.365111 1.966569 0.533729 -0.037053 0.843222 0.052324
0.284900 0.364707 1.966645 0.533719 -0.037107 0.843225 0.052329
0.284652 0.364301 1.966724 0.533709 -0.037174 0.843229 0.052327
0.284406 0.363892 1.966806 0.533698 -0.037252 0.843233 0.052320
0.284161 0.363481 1.966889 0.533686 -0.037342 0.843237 0.052307
0.283917 0.363067 1.966975 0.533674 -0.037443 0.843241 0.052290
0.283676 0.362651 1.967063 0.533661 -0.037555 0.843246 0.052270
0.283436 0.362232 1.967152 0.533647 -0.037678 0.843251 0.052246
0.283199 0.361810 1.967242 0.533632 -0.037811 0.843256 0.052219
0.282963 0.361386 1.967334 0.533616 -0.037954 0.843261 0.052190
0.282730 0.360959 1.967427 0.533599 -0.038106 0.843267 0.052160
0.282499 0.360530 1.967520 0.533582 -0.038268 0.843273 0.052129
0.282271 0.360098 1.967615 0.533562 -0.038438 0.843279 0.052097
0.282045 0.359663 1.967711 0.533541 -0.038617 0.843287 0.052065
0.281821 0.359224 1.967808 0.533516 -0.038805 0.843295 0.052033
0.281600 0.358783 1.967907 0.533490 -0.039002 0.843305 0.052001
0.281381 0.358339 1.968006 0.533461 -0.039207 0.843316 0.051969
0.281165 0.357892 1.968106 0.533430 -0.039420 0.843327 0.051936
0.280951 0.357441 1.968207 0.533396 -0.039641 0.843340 0.051904
0.280741 0.356988 1.968307 0.533361 -0.039870 0.843354 0.051872
0.280533 0.356533 1.968408 0.533323 -0.040106 0.843369 0.051841
0.280327 0.356074 1.968509 0.533282 -0.040350 0.843385 0.051811
0.280125 0.355613 1.968611 0.533240 -0.040600 0.843401 0.051781
0.279899 0.355119 1.968703 0.533182 -0.040550 0.843433 0.051901
0.279670 0.354607 1.968786 0.533143 -0.040498 0.843459 0.051919
0.279437 0.354090 1.968863 0.533111 -0.040451 0.843483 0.051888
0.279201 0.353574 1.968936 0.533082 -0.040405 0.843507 0.051840
0.278962 0.353060 1.969009 0.533052 -0.040357 0.843531 0.051793
0.278721 0.352550 1.969083 0.533020 -0.040307 0.843556 0.051757
0.278479 0.352043 1.969157 0.532985 -0.040263 0.843582 0.051722
0.278236 0.351539 1.969230 0.532950 -0.040226 0.843608 0.051689
0.277993 0.351039 1.969303 0.532914 -0.040197 0.843634 0.051658
0.277750 0.350542 1.969377 0.532877 -0.040177 0.843660 0.051626
0.277509 0.350046 1.969452 0.532838 -0.040167 0.843687 0.051594
0.277268 0.349552 1.969527 0.532798 -0.040168 0.843715 0.051562
0.277028 0.349058 1.969604 0.532756 -0.040179 0.843743 0.051529
0.276789 0.348565 1.969682 0.532711 -0.040202 0.843772 0.051495
0.276552 0.348071 1.969762 0.532662 -0.040236 0.843804 0.051458
0.276315 0.347577 1.969845 0.532607 -0.040283 0.843839 0.051417
0.276079 0.347081 1.969929 0.532548 -0.040340 0.843875 0.051376
0.275844 0.346585 1.970015 0.532486 -0.040409 0.843914 0.051333
0.275611 0.346087 1.970102 0.532424 -0.040487 0.843951 0.051296
0.275381 0.345588 1.970189 0.532363 -0.040575 0.843988 0.051262
0.275152 0.345087 1.970277 0.532297 -0.040675 0.844027 0.051225
0.274925 0.344585 1.970367 0.532227 -0.040787 0.844068 0.051185
0.274700 0.344080 1.970458 0.532153 -0.040910 0.844111 0.051144
0.274477 0.343574 1.970550 0.532076 -0.041043 0.844156 0.051104
0.274261 0.343042 1.970650 0.532000 -0.041223 0.844197 0.051063
0.274046 0.342512 1.970750 0.531925 -0.041402 0.844239 0.051018
0.273834 0.341984 1.970849 0.531847 -0.041584 0.844281 0.050974
0.273623 0.341458 1.970948 0.531766 -0.041771 0.844326 0.050931
0.273414 0.340933 1.971045 0.531682 -0.041964 0.844372 0.050890
0.273207 0.340408 1.971142 0.531594 -0.042164 0.844419 0.050852
0.273002 0.339883 1.971239 0.531503 -0.042370 0.844469 0.050815
0.272798 0.339357 1.971335 0.531409 -0.042583 0.844519 0.050782
0.272597 0.338830 1.971431 0.531312 -0.042803 0.844571 0.050752
0.272398 0.338302 1.971527 0.531211 -0.043031 0.844624 0.050724
0.272201 0.337773 1.971623 0.531108 -0.043265 0.844679 0.050700
0.272007 0.337241 1.971719 0.531002 -0.043507 0.844734 0.050680
0.271815 0.336708 1.971815 0.530893 -0.043755 0.844791 0.050663
0.271625 0.336172 1.971911 0.530782 -0.044011 0.844848 0.050650
0.271439 0.335635 1.972007 0.530667 -0.044274 0.844907 0.050640
0.271256 0.335095 1.972101 0.530562 -0.044538 0.844959 0.050649
0.271079 0.334500 1.972185 0.530525 -0.044770 0.844983 0.050433
0.270897 0.333883 1.972270 0.530512 -0.044968 0.844995 0.050181
0.270712 0.333261 1.972358 0.530534 -0.045113 0.844984 0.050005
0.270516 0.332637 1.972451 0.530551 -0.045241 0.844975 0.049853
0.270311 0.331995 1.972556 0.530537 -0.045370 0.844984 0.049742
0.270094 0.331363 1.972663 0.530510 -0.045480 0.845002 0.049626
0.269867 0.330743 1.972774 0.530471 -0.045572 0.845027 0.049527
0.269632 0.330132 1.972886 0.530421 -0.045648 0.845059 0.049451
0.269390 0.329529 1.973002 0.530362 -0.045711 0.845096 0.049399
0.269142 0.328933 1.973119 0.530295 -0.045763 0.845136 0.049372
0.268889 0.328342 1.973238 0.530223 -0.045807 0.845179 0.049368
0.268634 0.327755 1.973358 0.530148 -0.045851 0.845224 0.049375
0.268377 0.327171 1.973478 0.530071 -0.045904 0.845268 0.049384
0.268120 0.326590 1.973599 0.529993 -0.045966 0.845314 0.049393
0.267864 0.326010 1.973719 0.529919 -0.046043 0.845356 0.049397
0.267609 0.325429 1.973840 0.529847 -0.046134 0.845395 0.049397
0.267355 0.324825 1.973970 0.529758 -0.046273 0.845445 0.049380
0.267101 0.324225 1.974100 0.529673 -0.046407 0.845491 0.049371
0.266850 0.323629 1.974228 0.529593 -0.046547 0.845534 0.049361
0.266600 0.323037 1.974355 0.529516 -0.046694 0.845575 0.049350
0.266353 0.322447 1.974479 0.529441 -0.046851 0.845614 0.049337
0.266108 0.321859 1.974603 0.529368 -0.047016 0.845651 0.049323
0.265865 0.321272 1.974725 0.529295 -0.047191 0.845688 0.049308
0.265624 0.320686 1.974845 0.529222 -0.047375 0.845724 0.049292
0.265385 0.320100 1.974965 0.529148 -0.047569 0.845761 0.049276
0.265150 0.319515 1.975081 0.529079 -0.047771 0.845793 0.049259
0.264917 0.318931 1.975193 0.529015 -0.047976 0.845822 0.049253
0.264688 0.318348 1.975302 0.528954 -0.048185 0.845849 0.049253
0.264463 0.317767 1.975408 0.528896 -0.048399 0.845873 0.049260
0.264241 0.317187 1.975512 0.528839 -0.048620 0.845895 0.049271
0.264023 0.316607 1.975613 0.528784 -0.048848 0.845916 0.049283
0.263808 0.316027 1.975714 0.528727 -0.049087 0.845937 0.049292
0.263596 0.315446 1.975813 0.528669 -0.049336 0.845958 0.049298
0.263388 0.314864 1.975912 0.528609 -0.049594 0.845980 0.049304
0.263182 0.314279 1.976012 0.528542 -0.049865 0.846006 0.049302
0.262979 0.313692 1.976112 0.528469 -0.050147 0.846035 0.049299
0.262778 0.313101 1.976213 0.528390 -0.050439 0.846067 0.049296
0.262580 0.312508 1.976315 0.528307 -0.050740 0.846102 0.049293
0.262385 0.311911 1.976417 0.528218 -0.051050 0.846138 0.049293
0.262192 0.311313 1.976517 0.528132 -0.051363 0.846172 0.049304
0.262000 0.310681 1.976620 0.528126 -0.051503 0.846162 0.049401
0.261800 0.310033 1.976716 0.528134 -0.051634 0.846148 0.049428
0.261592 0.309379 1.976808 0.528142 -0.051768 0.846135 0.049410
0.261378 0.308723 1.976898 0.528147 -0.051905 0.846126 0.049367
0.261157 0.308066 1.976988 0.528146 -0.052043 0.846122 0.049308
0.260932 0.307408 1.977079 0.528141 -0.052181 0.846121 0.049241
0.260702 0.306751 1.977172 0.528130 -0.052319 0.846123 0.049167
0.260469 0.306094 1.977266 0.528115 -0.052458 0.846128 0.049090
0.260233 0.305436 1.977362 0.528096 -0.052596 0.846136 0.049010
0.259995 0.304778 1.977458 0.528075 -0.052736 0.846146 0.048927
0.259755 0.304120 1.977556 0.528050 -0.052875 0.846157 0.048844
0.259515 0.303460 1.977655 0.528023 -0.053016 0.846170 0.048759
0.259269 0.302808 1.977753 0.527996 -0.053147 0.846184 0.048670
0.259018 0.302164 1.977848 0.527969 -0.053268 0.846198 0.048579
0.258763 0.301526 1.977943 0.527942 -0.053382 0.846213 0.048488
0.258505 0.300894 1.978036 0.527914 -0.053489 0.846229 0.048397
0.258245 0.300267 1.978128 0.527885 -0.053591 0.846246 0.048306
0.257983 0.299645 1.978220 0.527855 -0.053688 0.846263 0.048214
0.257719 0.299026 1.978311 0.527825 -0.053781 0.846281 0.048122
0.257455 0.298410 1.978401 0.527795 -0.053871 0.846300 0.048031
0.257190 0.297798 1.978491 0.527764 -0.053959 0.846319 0.047938
0.256924 0.297188 1.978579 0.527728 -0.054049 0.846341 0.047844
0.256658 0.296583 1.978667 0.527686 -0.054143 0.846366 0.047752
0.256391 0.295982 1.978753 0.527636 -0.054242 0.846396 0.047663
0.256123 0.295385 1.978839 0.527580 -0.054347 0.846429 0.047578
0.255856 0.294792 1.978925 0.527518 -0.054458 0.846465 0.047495
0.255589 0.294202 1.979010 0.527451 -0.054575 0.846504 0.047415
0.255322 0.293615 1.979095 0.527380 -0.054701 0.846545 0.047338
0.255057 0.293030 1.979179 0.527305 -0.054834 0.846587 0.047261
0.254795 0.292447 1.979262 0.527233 -0.054972 0.846626 0.047194
0.254536 0.291866 1.979343 0.527164 -0.055116 0.846663 0.047135
0.254280 0.291286 1.979422 0.527097 -0.055267 0.846698 0.047080
0.254028 0.290707 1.979499 0.527029 -0.055425 0.846733 0.047029
0.253778 0.290130 1.979576 0.526962 -0.055591 0.846766 0.046981
0.253530 0.289554 1.979651 0.526895 -0.055764 0.846800 0.046935
0.253285 0.288980 1.979725 0.526826 -0.055945 0.846833 0.046891
0.253042 0.288407 1.979798 0.526757 -0.056134 0.846866 0.046848
0.252802 0.287834 1.979871 0.526687 -0.056331 0.846899 0.046806
0.252561 0.287263 1.979944 0.526609 -0.056538 0.846936 0.046756
0.252321 0.286693 1.980018 0.526527 -0.056755 0.846976 0.046703
0.252063 0.286110 1.980129 0.526486 -0.056878 0.846994 0.046670
0.251794 0.285510 1.980259 0.526464 -0.056982 0.847003 0.046635
0.251515 0.284897 1.980400 0.526450 -0.057079 0.847007 0.046607
0.251228 0.284274 1.980548 0.526437 -0.057174 0.847010 0.046588
0.250935 0.283642 1.980700 0.526422 -0.057270 0.847013 0.046574
0.250640 0.283003 1.980853 0.526409 -0.057368 0.847015 0.046562
0.250343 0.282358 1.981005 0.526397 -0.057469 0.847016 0.046552
0.250043 0.281709 1.981159 0.526378 -0.057574 0.847021 0.046539
0.249740 0.281056 1.981314 0.526355 -0.057683 0.847029 0.046520
0.249438 0.280399 1.981466 0.526335 -0.057795 0.847035 0.046502
0.249139 0.279739 1.981616 0.526317 -0.057910 0.847040 0.046483
0.248839 0.279076 1.981765 0.526293 -0.058028 0.847048 0.046459
0.248539 0.278412 1.981914 0.526266 -0.058151 0.847058 0.046431
0.248239 0.277746 1.982063 0.526236 -0.058276 0.847070 0.046400
0.247943 0.277076 1.982207 0.526210 -0.058403 0.847079 0.046370
0.247651 0.276403 1.982347 0.526187 -0.058531 0.847086 0.046340
0.247362 0.275729 1.982484 0.526165 -0.058661 0.847092 0.046312
0.247074 0.275054 1.982620 0.526139 -0.058793 0.847101 0.046281
0.246787 0.274377 1.982755 0.526109 -0.058928 0.847112 0.046248
0.246502 0.273699 1.982889 0.526077 -0.059066 0.847124 0.046213
0.246219 0.273019 1.983021 0.526044 -0.059205 0.847136 0.046177
0.245938 0.272337 1.983151 0.526010 -0.059346 0.847150 0.046140
0.245659 0.271653 1.983279 0.525975 -0.059490 0.847164 0.046104
0.245385 0.270967 1.983402 0.525945 -0.059633 0.847173 0.046071
0.245117 0.270279 1.983521 0.525920 -0.059775 0.847181 0.046042
0.244852 0.269589 1.983636 0.525895 -0.059918 0.847188 0.046017
0.244588 0.268899 1.983751 0.525863 -0.060066 0.847198 0.045987
0.244325 0.268209 1.983864 0.525823 -0.060223 0.847215 0.045946
0.244063 0.267518 1.983975 0.525773 -0.060392 0.847236 0.045891
0.243806 0.266827 1.984082 0.525724 -0.060568 0.847257 0.045834
0.243552 0.266135 1.984186 0.525674 -0.060751 0.847278 0.045781
0.243302 0.265444 1.984287 0.525620 -0.060942 0.847300 0.045734
0.243051 0.264755 1.984388 0.525552 -0.061148 0.847331 0.045677
0.242803 0.264066 1.984487 0.525483 -0.061362 0.847361 0.045629
0.242555 0.263379 1.984585 0.525402 -0.061590 0.847398 0.045574
0.242311 0.262691 1.984682 0.525322 -0.061824 0.847433 0.045528
0.242070 0.262004 1.984776 0.525242 -0.062066 0.847467 0.045489
0.241828 0.261317 1.984871 0.525151 -0.062322 0.847506 0.045442
0.241590 0.260631 1.984964 0.525062 -0.062586 0.847544 0.045402
0.241352 0.259945 1.985056 0.524965 -0.062863 0.847587 0.045356
0.241103 0.259246 1.985178 0.524905 -0.063072 0.847609 0.045340
0.240846 0.258535 1.985312 0.524868 -0.063261 0.847618 0.045335
0.240581 0.257813 1.985454 0.524841 -0.063441 0.847621 0.045340
0.240311 0.257083 1.985601 0.524818 -0.063617 0.847622 0.045352
0.240036 0.256347 1.985750 0.524795 -0.063794 0.847622 0.045364
0.239756 0.255605 1.985901 0.524770 -0.063975 0.847623 0.045372
0.239473 0.254859 1.986052 0.524743 -0.064159 0.847626 0.045375
0.239189 0.254109 1.986202 0.524714 -0.064347 0.847630 0.045373
0.238903 0.253355 1.986351 0.524684 -0.064540 0.847634 0.045366
0.238620 0.252596 1.986496 0.524660 -0.064732 0.847635 0.045361
0.238341 0.251835 1.986636 0.524640 -0.064925 0.847632 0.045359
0.238066 0.251070 1.986773 0.524623 -0.065120 0.847628 0.045357
0.237794 0.250303 1.986905 0.524607 -0.065316 0.847623 0.045354
0.237525 0.249534 1.987033 0.524591 -0.065515 0.847618 0.045352
0.237259 0.248763 1.987157 0.524575 -0.065716 0.847612 0.045349
0.236993 0.247991 1.987280 0.524552 -0.065922 0.847611 0.045338
0.236727 0.247218 1.987402 0.524524 -0.066133 0.847612 0.045322
0.236463 0.246443 1.987522 0.524493 -0.066348 0.847616 0.045302
0.236200 0.245666 1.987640 0.524461 -0.066565 0.847620 0.045279
0.235942 0.244886 1.987753 0.524432 -0.066781 0.847622 0.045261
0.235688 0.244104 1.987862 0.524407 -0.066998 0.847621 0.045247
0.235439 0.243320 1.987967 0.524383 -0.067216 0.847619 0.045235
0.235191 0.242534 1.988069 0.524353 -0.067439 0.847621 0.045219
0.234944 0.241747 1.988170 0.524319 -0.067665 0.847625 0.045200
0.234703 0.240958 1.988267 0.524289 -0.067892 0.847626 0.045186
0.234465 0.240166 1.988359 0.524260 -0.068118 0.847626 0.045175
0.234231 0.239372 1.988448 0.524232 -0.068346 0.847626 0.045166
0.233999 0.238577 1.988535 0.524199 -0.068579 0.847628 0.045155
0.233768 0.237780 1.988620 0.524161 -0.068815 0.847633 0.045141
0.233539 0.236981 1.988703 0.524122 -0.069054 0.847639 0.045127
0.233314 0.236180 1.988782 0.524085 -0.069293 0.847642 0.045118
0.233093 0.235377 1.988857 0.524049 -0.069534 0.847645 0.045111
0.232876 0.234572 1.988928 0.524011 -0.069782 0.847649 0.045102
0.232662 0.233768 1.988995 0.523967 -0.070039 0.847655 0.045099
0.232450 0.232964 1.989059 0.523919 -0.070305 0.847663 0.045103
0.232236 0.232162 1.989123 0.523854 -0.070588 0.847679 0.045100
0.232025 0.231360 1.989184 0.523787 -0.070879 0.847696 0.045105
0.231817 0.230558 1.989243 0.523717 -0.071180 0.847713 0.045117
0.231611 0.229756 1.989299 0.523644 -0.071491 0.847731 0.045134
0.231404 0.228955 1.989355 0.523559 -0.071820 0.847756 0.045142
0.231189 0.228142 1.989439 0.523502 -0.072103 0.847766 0.045167
0.230967 0.227318 1.989539 0.523460 -0.072366 0.847767 0.045206
0.230736 0.226485 1.989650 0.523422 -0.072624 0.847766 0.045249
0.230497 0.225644 1.989767 0.523384 -0.072884 0.847766 0.045288
0.230251 0.224797 1.989889 0.523344 -0.073149 0.847765 0.045320
0.230001 0.223944 1.990012 0.523304 -0.073420 0.847765 0.045343
0.229748 0.223086 1.990136 0.523264 -0.073696 0.847766 0.045357
0.229493 0.222223 1.990259 0.523223 -0.073978 0.847766 0.045363
0.229241 0.221354 1.990377 0.523190 -0.074260 0.847761 0.045367
0.228992 0.220482 1.990490 0.523162 -0.074543 0.847754 0.045370
0.228749 0.219604 1.990598 0.523137 -0.074834 0.847744 0.045365
0.228512 0.218722 1.990700 0.523114 -0.075132 0.847732 0.045355
0.228280 0.217837 1.990798 0.523092 -0.075435 0.847720 0.045342
0.228052 0.216948 1.990890 0.523071 -0.075742 0.847706 0.045326
0.227828 0.216057 1.990977 0.523052 -0.076053 0.847691 0.045310
0.227608 0.215163 1.991060 0.523033 -0.076367 0.847675 0.045292
0.227392 0.214267 1.991137 0.523014 -0.076684 0.847659 0.045274
0.227179 0.213370 1.991210 0.522996 -0.077003 0.847643 0.045255
0.226970 0.212471 1.991279 0.522977 -0.077324 0.847626 0.045236
0.226761 0.211571 1.991344 0.522954 -0.077653 0.847612 0.045210
0.226553 0.210670 1.991406 0.522927 -0.077985 0.847599 0.045179
0.226349 0.209768 1.991464 0.522904 -0.078314 0.847585 0.045155
0.226148 0.208865 1.991516 0.522882 -0.078642 0.847569 0.045133
0.225951 0.207961 1.991564 0.522861 -0.078970 0.847552 0.045113
0.225757 0.207056 1.991607 0.522841 -0.079299 0.847535 0.045093
0.225566 0.206153 1.991646 0.522821 -0.079627 0.847518 0.045072
0.225380 0.205253 1.991682 0.522802 -0.079953 0.847500 0.045048
0.225195 0.204358 1.991716 0.522778 -0.080278 0.847486 0.045021
0.225014 0.203470 1.991746 0.522754 -0.080597 0.847471 0.045006
0.224837 0.202589 1.991774 0.522728 -0.080916 0.847457 0.044999
0.224662 0.201718 1.991800 0.522693 -0.081244 0.847448 0.044985
0.224491 0.200857 1.991823 0.522657 -0.081570 0.847439 0.044981
0.224324 0.200005 1.991844 0.522620 -0.081896 0.847430 0.044982
0.224162 0.199164 1.991863 0.522581 -0.082224 0.847422 0.044988
0.224003 0.198334 1.991879 0.522540 -0.082552 0.847415 0.044996
0.223849 0.197515 1.991894 0.522498 -0.082882 0.847408 0.045005
0.223698 0.196708 1.991907 0.522455 -0.083212 0.847402 0.045015
0.223551 0.195912 1.991918 0.522411 -0.083543 0.847396 0.045026
0.223405 0.195128 1.991928 0.522363 -0.083880 0.847392 0.045027
0.223261 0.194356 1.991939 0.522314 -0.084218 0.847389 0.045024
0.223106 0.193553 1.991968 0.522312 -0.084470 0.847361 0.045101
0.222939 0.192724 1.992007 0.522309 -0.084722 0.847335 0.045163
0.222763 0.191875 1.992051 0.522304 -0.084985 0.847309 0.045207
0.222580 0.191009 1.992098 0.522296 -0.085263 0.847285 0.045231
0.222392 0.190130 1.992146 0.522287 -0.085553 0.847261 0.045238
0.222201 0.189241 1.992194 0.522276 -0.085852 0.847238 0.045229
0.222007 0.188347 1.992242 0.522265 -0.086157 0.847215 0.045206
0.221817 0.187450 1.992286 0.522259 -0.086453 0.847189 0.045188
0.221630 0.186554 1.992328 0.522256 -0.086740 0.847162 0.045179
0.221446 0.185660 1.992365 0.522257 -0.087017 0.847133 0.045180
0.221267 0.184771 1.992398 0.522259 -0.087284 0.847104 0.045190
0.221092 0.183888 1.992427 0.522263 -0.087542 0.847074 0.045208
0.220922 0.183013 1.992451 0.522268 -0.087790 0.847044 0.045231
0.220756 0.182145 1.992471 0.522276 -0.088029 0.847013 0.045257
0.220593 0.181287 1.992488 0.522279 -0.088261 0.846985 0.045287
0.220430 0.180439 1.992504 0.522280 -0.088485 0.846959 0.045327
0.220273 0.179602 1.992516 0.522283 -0.088697 0.846932 0.045383
0.220119 0.178776 1.992525 0.522288 -0.088895 0.846904 0.045458
0.219969 0.177962 1.992533 0.522294 -0.089081 0.846876 0.045556
0.219818 0.177161 1.992539 0.522292 -0.089263 0.846852 0.045671
0.219672 0.176373 1.992543 0.522290 -0.089435 0.846827 0.045805
0.219525 0.175599 1.992547 0.522277 -0.089610 0.846809 0.045943
0.219382 0.174839 1.992548 0.522266 -0.089777 0.846790 0.046095
0.219244 0.174091 1.992547 0.522255 -0.089939 0.846771 0.046259
0.219110 0.173356 1.992544 0.522244 -0.090098 0.846751 0.046433
0.218979 0.172634 1.992539 0.522232 -0.090254 0.846732 0.046613
0.218852 0.171925 1.992532 0.522218 -0.090410 0.846714 0.046796
0.218722 0.171231 1.992528 0.522185 -0.090583 0.846707 0.046951
0.218595 0.170548 1.992523 0.522156 -0.090752 0.846698 0.047109
0.218471 0.169877 1.992516 0.522128 -0.090920 0.846689 0.047268
0.218344 0.169217 1.992511 0.522082 -0.091105 0.846690 0.047398
0.218220 0.168568 1.992505 0.522039 -0.091287 0.846690 0.047527
0.218094 0.167931 1.992501 0.521985 -0.091481 0.846696 0.047637
0.217971 0.167303 1.992496 0.521936 -0.091669 0.846699 0.047750
0.217850 0.166686 1.992491 0.521889 -0.091855 0.846701 0.047864
0.217728 0.166079 1.992487 0.521834 -0.092051 0.846709 0.047956
0.217605 0.165483 1.992485 0.521775 -0.092253 0.846719 0.048035
0.217486 0.164897 1.992482 0.521724 -0.092448 0.846724 0.048120
0.217365 0.164321 1.992480 0.521668 -0.092649 0.846733 0.048188
0.217248 0.163754 1.992477 0.521619 -0.092843 0.846738 0.048262
0.217145 0.163135 1.992478 0.521742 -0.092887 0.846650 0.048389
0.217026 0.162473 1.992485 0.521885 -0.092926 0.846553 0.048459
0.216890 0.161779 1.992498 0.522022 -0.092975 0.846462 0.048487
0.216739 0.161061 1.992514 0.522145 -0.093040 0.846379 0.048481
0.216575 0.160327 1.992533 0.522250 -0.093119 0.846307 0.048453
0.216398 0.159582 1.992554 0.522340 -0.093209 0.846244 0.048418
0.216213 0.158829 1.992578 0.522416 -0.093306 0.846188 0.048385
0.216019 0.158072 1.992603 0.522479 -0.093409 0.846139 0.048358
0.215819 0.157315 1.992629 0.522533 -0.093514 0.846096 0.048339
0.215614 0.156559 1.992656 0.522579 -0.093620 0.846056 0.048330
0.215406 0.155806 1.992684 0.522618 -0.093723 0.846020 0.048335
0.215195 0.155058 1.992711 0.522653 -0.093823 0.845986 0.048353
0.214992 0.154318 1.992734 0.522692 -0.093917 0.845951 0.048369
0.214795 0.153586 1.992752 0.522732 -0.094009 0.845915 0.048386
0.214603 0.152865 1.992766 0.522772 -0.094103 0.845879 0.048405
0.214416 0.152154 1.992777 0.522810 -0.094200 0.845843 0.048424
0.214234 0.151454 1.992785 0.522847 -0.094301 0.845809 0.048441
0.214055 0.150765 1.992790 0.522882 -0.094406 0.845774 0.048455
0.213880 0.150087 1.992794 0.522915 -0.094516 0.845741 0.048465
0.213708 0.149421 1.992795 0.522946 -0.094630 0.845708 0.048471
0.213539 0.148764 1.992796 0.522977 -0.094749 0.845676 0.048474
0.213372 0.148119 1.992795 0.523005 -0.094870 0.845645 0.048473
0.213208 0.147484 1.992793 0.523032 -0.094994 0.845615 0.048470
0.213045 0.146860 1.992791 0.523057 -0.095120 0.845585 0.048464
0.212879 0.146246 1.992792 0.523073 -0.095258 0.845561 0.048454
0.212709 0.145641 1.992794 0.523081 -0.095400 0.845540 0.048443
0.212538 0.145046 1.992799 0.523085 -0.095545 0.845522 0.048433
0.212366 0.144461 1.992804 0.523087 -0.095691 0.845505 0.048420
0.212193 0.143885 1.992811 0.523086 -0.095837 0.845490 0.048406
0.212021 0.143319 1.992818 0.523083 -0.095984 0.845476 0.048390
0.211849 0.142762 1.992826 0.523080 -0.096131 0.845462 0.048371
0.211678 0.142215 1.992834 0.523076 -0.096277 0.845449 0.048350
0.211485 0.141662 1.992849 0.523004 -0.096472 0.845473 0.048328
0.211297 0.141122 1.992865 0.522948 -0.096647 0.845489 0.048312
0.211115 0.140594 1.992880 0.522904 -0.096810 0.845498 0.048290
0.210938 0.140079 1.992894 0.522870 -0.096966 0.845503 0.048264
0.210769 0.139578 1.992906 0.522852 -0.097102 0.845499 0.048253
0.210607 0.139090 1.992917 0.522845 -0.097222 0.845489 0.048255
0.210451 0.138615 1.992925 0.522844 -0.097332 0.845477 0.048263
0.210301 0.138153 1.992932 0.522845 -0.097438 0.845463 0.048274
0.210176 0.137663 1.992932 0.522994 -0.097340 0.845379 0.048333
0.210047 0.137142 1.992935 0.523148 -0.097230 0.845297 0.048334
0.209908 0.136601 1.992946 0.523302 -0.097117 0.845215 0.048319
0.209737 0.136024 1.992965 0.523395 -0.097038 0.845164 0.048368
0.209570 0.135442 1.992982 0.523494 -0.096954 0.845112 0.048378
0.209410 0.134860 1.992996 0.523593 -0.096869 0.845060 0.048374
0.209250 0.134280 1.993009 0.523686 -0.096782 0.845011 0.048393
0.209087 0.133702 1.993021 0.523774 -0.096694 0.844964 0.048445
0.208923 0.133127 1.993032 0.523856 -0.096606 0.844918 0.048529
0.208760 0.132557 1.993041 0.523937 -0.096517 0.844872 0.048640
0.208598 0.131992 1.993048 0.524015 -0.096428 0.844826 0.048775
0.208437 0.131433 1.993053 0.524093 -0.096341 0.844779 0.048929
0.208277 0.130880 1.993056 0.524168 -0.096257 0.844732 0.049098
0.208118 0.130333 1.993057 0.524240 -0.096177 0.844686 0.049273
0.207960 0.129794 1.993057 0.524308 -0.096103 0.844642 0.049449
0.207805 0.129262 1.993055 0.524374 -0.096035 0.844599 0.049623
0.207651 0.128738 1.993052 0.524436 -0.095974 0.844557 0.049792
0.207500 0.128221 1.993047 0.524495 -0.095920 0.844517 0.049954
0.207350 0.127712 1.993042 0.524551 -0.095873 0.844478 0.050108
0.207202 0.127211 1.993036 0.524604 -0.095834 0.844441 0.050254
0.207058 0.126721 1.993030 0.524659 -0.095791 0.844403 0.050399
0.206919 0.126241 1.993023 0.524717 -0.095745 0.844364 0.050544
0.206783 0.125771 1.993016 0.524776 -0.095697 0.844324 0.050690
0.206652 0.125312 1.993007 0.524837 -0.095648 0.844283 0.050835
0.206525 0.124864 1.992998 0.524901 -0.095597 0.844241 0.050965
0.206404 0.124427 1.992986 0.524967 -0.095545 0.844198 0.051085
0.206286 0.124000 1.992974 0.525035 -0.095491 0.844156 0.051200
0.206173 0.123584 1.992961 0.525104 -0.095436 0.844112 0.051309
0.206062 0.123179 1.992948 0.525174 -0.095380 0.844069 0.051413
0.205955 0.122783 1.992934 0.525244 -0.095325 0.844025 0.051511
0.205851 0.122396 1.992920 0.525315 -0.095270 0.843981 0.051605
0.205750 0.122019 1.992905 0.525386 -0.095215 0.843938 0.051694
0.205650 0.121650 1.992890 0.525457 -0.095162 0.843895 0.051777
0.205554 0.121289 1.992876 0.525528 -0.095110 0.843852 0.051855
0.205459 0.120937 1.992861 0.525599 -0.095059 0.843809 0.051927
0.205366 0.120593 1.992847 0.525669 -0.095009 0.843767 0.051995
0.205279 0.120261 1.992835 0.525742 -0.094950 0.843724 0.052047
0.205196 0.119941 1.992824 0.525816 -0.094884 0.843683 0.052091
0.205116 0.119633 1.992814 0.525891 -0.094810 0.843642 0.052130
0.205040 0.119336 1.992804 0.525967 -0.094731 0.843602 0.052168
0.204954 0.118996 1.992808 0.526050 -0.094655 0.843566 0.052046
0.204860 0.118628 1.992822 0.526138 -0.094577 0.843532 0.051850
0.204759 0.118240 1.992843 0.526228 -0.094496 0.843499 0.051624
0.204651 0.117840 1.992866 0.526319 -0.094409 0.843466 0.051390
0.204539 0.117434 1.992891 0.526410 -0.094316 0.843433 0.051164
0.204425 0.117024 1.992916 0.526502 -0.094215 0.843399 0.050954
0.204309 0.116614 1.992940 0.526595 -0.094105 0.843365 0.050766
0.204192 0.116207 1.992962 0.526689 -0.093986 0.843329 0.050602
0.204078 0.115804 1.992980 0.526784 -0.093860 0.843293 0.050459
0.203968 0.115407 1.992995 0.526880 -0.093726 0.843255 0.050339
0.203861 0.115017 1.993006 0.526976 -0.093585 0.843216 0.050243
0.203756 0.114635 1.993014 0.527072 -0.093438 0.843177 0.050170
0.203654 0.114260 1.993020 0.527167 -0.093286 0.843138 0.050120
0.203555 0.113893 1.993023 0.527261 -0.093130 0.843098 0.050089
0.203458 0.113534 1.993023 0.527354 -0.092970 0.843058 0.050078
0.203364 0.113182 1.993022 0.527446 -0.092808 0.843018 0.050084
0.203272 0.112839 1.993020 0.527537 -0.092644 0.842978 0.050105
0.203182 0.112503 1.993016 0.527627 -0.092479 0.842938 0.050139
0.203094 0.112174 1.993011 0.527715 -0.092313 0.842898 0.050184
0.203007 0.111852 1.993005 0.527802 -0.092148 0.842858 0.050238
0.202923 0.111538 1.992998 0.527888 -0.091983 0.842819 0.050300
0.202839 0.111229 1.992991 0.527972 -0.091820 0.842780 0.050369
0.202755 0.110927 1.992984 0.528054 -0.091659 0.842741 0.050443
0.202673 0.110631 1.992976 0.528135 -0.091500 0.842703 0.050521
0.202592 0.110341 1.992969 0.528216 -0.091344 0.842665 0.050600
0.202512 0.110056 1.992961 0.528294 -0.091190 0.842627 0.050680
0.202433 0.109777 1.992953 0.528372 -0.091039 0.842590 0.050760
0.202355 0.109503 1.992945 0.528449 -0.090891 0.842553 0.050838
0.202278 0.109235 1.992937 0.528526 -0.090746 0.842516 0.050915
0.202203 0.108972 1.992929 0.528601 -0.090603 0.842480 0.050990
0.202129 0.108715 1.992921 0.528675 -0.090464 0.842444 0.051061
0.202055 0.108462 1.992914 0.528749 -0.090328 0.842408 0.051130
0.201983 0.108215 1.992906 0.528821 -0.090195 0.842373 0.051195
0.201912 0.107972 1.992899 0.528893 -0.090065 0.842338 0.051256
0.201842 0.107734 1.992892 0.528965 -0.089938 0.842303 0.051314
0.201772 0.107501 1.992885 0.529035 -0.089814 0.842269 0.051368
0.201704 0.107273 1.992878 0.529105 -0.089693 0.842235 0.051417
0.201636 0.107049 1.992872 0.529174 -0.089575 0.842201 0.051463
0.201569 0.106830 1.992866 0.529242 -0.089460 0.842168 0.051504
0.201503 0.106615 1.992860 0.529309 -0.089347 0.842136 0.051541
0.201431 0.106355 1.992867 0.529372 -0.089249 0.842113 0.051440
0.201347 0.106055 1.992886 0.529429 -0.089164 0.842097 0.051268
0.201255 0.105727 1.992912 0.529481 -0.089087 0.842085 0.051057
0.201155 0.105377 1.992941 0.529531 -0.089014 0.842075 0.050827
0.201051 0.105012 1.992971 0.529582 -0.088942 0.842065 0.050593
0.200944 0.104638 1.993001 0.529633 -0.088868 0.842054 0.050363
0.200840 0.104262 1.993027 0.529695 -0.088784 0.842038 0.050126
0.200741 0.103888 1.993051 0.529765 -0.088688 0.842018 0.049892
0.200646 0.103519 1.993072 0.529842 -0.088581 0.841994 0.049671
0.200554 0.103155 1.993090 0.529924 -0.088462 0.841967 0.049465
0.200465 0.102799 1.993105 0.530011 -0.088333 0.841936 0.049278
0.200378 0.102450 1.993118 0.530102 -0.088195 0.841904 0.049112
0.200295 0.102110 1.993127 0.530195 -0.088047 0.841869 0.048967
0.200213 0.101778 1.993135 0.530291 -0.087892 0.841832 0.048842
0.200134 0.101455 1.993141 0.530388 -0.087730 0.841794 0.048737
0.200058 0.101140 1.993144 0.530486 -0.087562 0.841754 0.048651
0.199985 0.100834 1.993146 0.530586 -0.087390 0.841714 0.048577
0.199915 0.100537 1.993145 0.530686 -0.087213 0.841672 0.048515
0.199848 0.100247 1.993143 0.530786 -0.087034 0.841631 0.048466
0.199784 0.099966 1.993140 0.530886 -0.086852 0.841589 0.048429
0.199720 0.099692 1.993136 0.530985 -0.086669 0.841547 0.048401
0.199658 0.099425 1.993132 0.531083 -0.086484 0.841505 0.048386
0.199595 0.099164 1.993128 0.531180 -0.086299 0.841463 0.048381
0.199534 0.098910 1.993124 0.531276 -0.086114 0.841421 0.048383
0.199473 0.098662 1.993120 0.531371 -0.085929 0.841379 0.048392
0.199413 0.098419 1.993116 0.531466 -0.085744 0.841338 0.048407
0.199353 0.098182 1.993112 0.531559 -0.085560 0.841296 0.048425
0.199295 0.097950 1.993109 0.531652 -0.085378 0.841255 0.048447
0.199237 0.097724 1.993105 0.531744 -0.085196 0.841213 0.048471
0.199178 0.097502 1.993103 0.531836 -0.085015 0.841172 0.048507
0.199118 0.097285 1.993103 0.531928 -0.084834 0.841130 0.048549
0.199059 0.097073 1.993103 0.532019 -0.084655 0.841087 0.048596
0.199000 0.096865 1.993104 0.532111 -0.084476 0.841044 0.048645
0.198941 0.096661 1.993104 0.532202 -0.084299 0.841001 0.048696
0.198884 0.096462 1.993106 0.532293 -0.084123 0.840958 0.048746
0.198827 0.096267 1.993107 0.532385 -0.083949 0.840915 0.048796
0.198771 0.096076 1.993108 0.532475 -0.083778 0.840872 0.048845
0.198715 0.095889 1.993109 0.532565 -0.083608 0.840829 0.048892
0.198661 0.095706 1.993110 0.532655 -0.083441 0.840786 0.048937
0.198607 0.095527 1.993112 0.532743 -0.083276 0.840744 0.048980
0.198555 0.095317 1.993116 0.532831 -0.083126 0.840707 0.048921
0.198502 0.095092 1.993125 0.532918 -0.082979 0.840673 0.048804
0.198448 0.094859 1.993135 0.533005 -0.082830 0.840642 0.048647
0.198392 0.094621 1.993147 0.533092 -0.082679 0.840612 0.048466
0.198336 0.094382 1.993159 0.533180 -0.082525 0.840582 0.048272
0.198280 0.094143 1.993171 0.533268 -0.082366 0.840553 0.048072
0.198223 0.093906 1.993182 0.533357 -0.082203 0.840524 0.047873
0.198166 0.093673 1.993192 0.533446 -0.082036 0.840495 0.047679
0.198108 0.093444 1.993201 0.533536 -0.081865 0.840465 0.047493
0.198051 0.093220 1.993209 0.533625 -0.081691 0.840436 0.047317
0.197994 0.093000 1.993217 0.533714 -0.081515 0.840405 0.047152
0.197937 0.092786 1.993223 0.533803 -0.081337 0.840375 0.046997
0.197881 0.092576 1.993228 0.533892 -0.081157 0.840344 0.046854
0.197825 0.092371 1.993232 0.533979 -0.080977 0.840313 0.046722
0.197769 0.092171 1.993236 0.534067 -0.080797 0.840282 0.046599
0.197714 0.091975 1.993239 0.534153 -0.080617 0.840250 0.046486
0.197659 0.091783 1.993241 0.534238 -0.080439 0.840219 0.046381
0.197605 0.091596 1.993243 0.534323 -0.080262 0.840188 0.046285
0.197552 0.091412 1.993244 0.534406 -0.080087 0.840156 0.046195
0.197498 0.091233 1.993245 0.534488 -0.079914 0.840125 0.046112
0.197445 0.091056 1.993246 0.534569 -0.079744 0.840094 0.046034
0.197393 0.090883 1.993246 0.534649 -0.079576 0.840063 0.045960
0.197341 0.090714 1.993246 0.534728 -0.079411 0.840032 0.045891
0.197290 0.090547 1.993246 0.534805 -0.079250 0.840002 0.045825
0.197238 0.090384 1.993246 0.534882 -0.079092 0.839971 0.045762
0.197188 0.090223 1.993246 0.534957 -0.078937 0.839942 0.045702
0.197137 0.090065 1.993246 0.535030 -0.078785 0.839912 0.045643
0.197087 0.089909 1.993245 0.535103 -0.078637 0.839883 0.045585
0.197037 0.089757 1.993245 0.535175 -0.078493 0.839854 0.045529
0.196988 0.089606 1.993245 0.535245 -0.078353 0.839825 0.045473
0.196939 0.089458 1.993245 0.535314 -0.078216 0.839797 0.045418
0.196890 0.089312 1.993245 0.535382 -0.078082 0.839768 0.045364
0.196842 0.089169 1.993245 0.535449 -0.077953 0.839741 0.045309
0.196793 0.089028 1.993245 0.535515 -0.077827 0.839713 0.045255
0.196746 0.088889 1.993245 0.535580 -0.077704 0.839686 0.045199
0.196698 0.088752 1.993245 0.535644 -0.077585 0.839659 0.045144
0.196651 0.088617 1.993246 0.535707 -0.077470 0.839633 0.045087
0.196604 0.088485 1.993246 0.535769 -0.077358 0.839607 0.045030
0.196557 0.088354 1.993247 0.535830 -0.077250 0.839581 0.044972
0.196510 0.088226 1.993248 0.535890 -0.077145 0.839555 0.044913
0.196464 0.088059 1.993253 0.535945 -0.077059 0.839536 0.044769
0.196416 0.087871 1.993263 0.535996 -0.076981 0.839520 0.044581
0.196368 0.087668 1.993274 0.536045 -0.076909 0.839507 0.044364
0.196319 0.087453 1.993287 0.536093 -0.076839 0.839495 0.044129
0.196270 0.087232 1.993299 0.536141 -0.076770 0.839484 0.043883
0.196223 0.087008 1.993310 0.536189 -0.076700 0.839473 0.043628
0.196177 0.086783 1.993319 0.536239 -0.076627 0.839461 0.043369
0.196132 0.086559 1.993326 0.536289 -0.076552 0.839449 0.043111
0.196088 0.086338 1.993332 0.536340 -0.076475 0.839437 0.042859
0.196046 0.086119 1.993336 0.536391 -0.076396 0.839424 0.042613
0.196003 0.085903 1.993338 0.536443 -0.076315 0.839410 0.042376
0.195962 0.085691 1.993339 0.536495 -0.076233 0.839396 0.042149
0.195921 0.085483 1.993339 0.536547 -0.076149 0.839381 0.041932
0.195880 0.085279 1.993338 0.536598 -0.076066 0.839366 0.041724
0.195840 0.085078 1.993336 0.536650 -0.075983 0.839350 0.041526
0.195800 0.084882 1.993334 0.536701 -0.075899 0.839334 0.041337
0.195761 0.084689 1.993331 0.536752 -0.075817 0.839318 0.041156
0.195721 0.084500 1.993327 0.536803 -0.075735 0.839302 0.040982
0.195682 0.084314 1.993323 0.536853 -0.075654 0.839285 0.040815
0.195643 0.084132 1.993319 0.536903 -0.075574 0.839268 0.040655
0.195604 0.083954 1.993315 0.536953 -0.075495 0.839251 0.040500
0.195566 0.083778 1.993310 0.537002 -0.075418 0.839234 0.040349
0.195528 0.083606 1.993305 0.537050 -0.075343 0.839216 0.040204
0.195489 0.083436 1.993301 0.537098 -0.075269 0.839199 0.040061
0.195451 0.083270 1.993296 0.537146 -0.075197 0.839182 0.039922
0.195413 0.083107 1.993292 0.537193 -0.075127 0.839164 0.039786
0.195375 0.082946 1.993288 0.537240 -0.075058 0.839147 0.039653
0.195335 0.082787 1.993284 0.537285 -0.074994 0.839129 0.039530
0.195293 0.082629 1.993281 0.537330 -0.074933 0.839112 0.039414
0.195251 0.082474 1.993279 0.537374 -0.074874 0.839094 0.039304
0.195210 0.082320 1.993277 0.537418 -0.074817 0.839076 0.039189
0.195170 0.082170 1.993274 0.537463 -0.074761 0.839058 0.039072
0.195131 0.082023 1.993271 0.537508 -0.074705 0.839039 0.038953
0.195092 0.081878 1.993269 0.537553 -0.074651 0.839021 0.038832
0.195054 0.081736 1.993266 0.537598 -0.074598 0.839003 0.038711
0.195017 0.081597 1.993264 0.537642 -0.074547 0.838984 0.038589
0.194979 0.081460 1.993262 0.537685 -0.074497 0.838967 0.038468
0.194942 0.081326 1.993260 0.537728 -0.074449 0.838949 0.038347
0.194905 0.081195 1.993258 0.537771 -0.074402 0.838931 0.038226
0.194868 0.081065 1.993257 0.537813 -0.074357 0.838914 0.038105
0.194828 0.080912 1.993258 0.537850 -0.074320 0.838901 0.037918
0.194785 0.080744 1.993264 0.537884 -0.074284 0.838893 0.037688
0.194739 0.080565 1.993274 0.537917 -0.074246 0.838888 0.037427
0.194690 0.080380 1.993286 0.537948 -0.074205 0.838883 0.037146
0.194641 0.080191 1.993299 0.537981 -0.074160 0.838880 0.036853
0.194590 0.080001 1.993312 0.538013 -0.074112 0.838876 0.036553
0.194538 0.079810 1.993325 0.538047 -0.074060 0.838872 0.036254
0.194485 0.079621 1.993337 0.538083 -0.074005 0.838867 0.035957
0.194431 0.079434 1.993349 0.538119 -0.073946 0.838861 0.035666
0.194377 0.079249 1.993359 0.538156 -0.073885 0.838854 0.035384
0.194323 0.079067 1.993370 0.538195 -0.073822 0.838847 0.035112
0.194268 0.078888 1.993379 0.538234 -0.073757 0.838838 0.034850
0.194213 0.078712 1.993388 0.538274 -0.073692 0.838829 0.034599
0.194143 0.078535 1.993398 0.538305 -0.073629 0.838826 0.034305
0.194060 0.078360 1.993411 0.538329 -0.073568 0.838829 0.033980
0.193966 0.078186 1.993425 0.538349 -0.073507 0.838836 0.033635
0.193863 0.078016 1.993442 0.538364 -0.073446 0.838846 0.033279
0.193753 0.077849 1.993460 0.538378 -0.073384 0.838857 0.032917
0.193637 0.077684 1.993480 0.538390 -0.073323 0.838869 0.032556
0.193515 0.077523 1.993501 0.538401 -0.073263 0.838880 0.032199
0.193387 0.077364 1.993525 0.538409 -0.073205 0.838893 0.031863
0.193254 0.077206 1.993551 0.538416 -0.073151 0.838905 0.031546
0.193117 0.077050 1.993578 0.538422 -0.073100 0.838917 0.031248
0.192978 0.076896 1.993606 0.538429 -0.073052 0.838927 0.030968
0.192839 0.076743 1.993634 0.538436 -0.073007 0.838936 0.030705
0.192700 0.076591 1.993663 0.538445 -0.072965 0.838943 0.030459
0.192563 0.076441 1.993691 0.538455 -0.072927 0.838948 0.030230
0.192425 0.076291 1.993719 0.538465 -0.072895 0.838952 0.030023
0.192288 0.076140 1.993747 0.538474 -0.072869 0.838955 0.029835
0.192152 0.075990 1.993775 0.538484 -0.072848 0.838956 0.029665
0.192018 0.075840 1.993802 0.538494 -0.072833 0.838957 0.029510
0.191886 0.075689 1.993828 0.538505 -0.072823 0.838956 0.029368
0.191756 0.075539 1.993854 0.538515 -0.072819 0.838954 0.029238
0.191627 0.075388 1.993879 0.538525 -0.072821 0.838952 0.029117
0.191506 0.075240 1.993902 0.538539 -0.072821 0.838947 0.028984
0.191392 0.075095 1.993922 0.538557 -0.072821 0.838941 0.028844
0.191284 0.074953 1.993940 0.538576 -0.072822 0.838933 0.028701
0.191179 0.074813 1.993957 0.538596 -0.072826 0.838925 0.028558
0.191077 0.074675 1.993972 0.538615 -0.072833 0.838917 0.028418
0.190978 0.074538 1.993987 0.538634 -0.072843 0.838909 0.028282
0.190875 0.074388 1.994006 0.538645 -0.072855 0.838906 0.028110
0.190770 0.074233 1.994029 0.538650 -0.072859 0.838909 0.027920
0.190662 0.074075 1.994056 0.538653 -0.072857 0.838914 0.027720
0.190553 0.073915 1.994083 0.538652 -0.072850 0.838922 0.027519
0.190443 0.073755 1.994111 0.538649 -0.072839 0.838931 0.027323
0.190331 0.073595 1.994138 0.538645 -0.072826 0.838941 0.027136
0.190218 0.073434 1.994166 0.538639 -0.072812 0.838951 0.026961
0.190104 0.073274 1.994192 0.538633 -0.072797 0.838962 0.026800
0.189990 0.073115 1.994218 0.538625 -0.072783 0.838973 0.026656
0.189876 0.072955 1.994244 0.538616 -0.072770 0.838984 0.026527
0.189760 0.072796 1.994268 0.538606 -0.072760 0.838994 0.026415
0.189645 0.072637 1.994292 0.538595 -0.072752 0.839005 0.026319
0.189530 0.072478 1.994314 0.538583 -0.072746 0.839016 0.026239
0.189415 0.072320 1.994336 0.538570 -0.072745 0.839026 0.026174
0.189300 0.072161 1.994357 0.538556 -0.072747 0.839037 0.026124
0.189185 0.072001 1.994377 0.538541 -0.072753 0.839047 0.026088
0.189071 0.071842 1.994397 0.538525 -0.072763 0.839057 0.026064
0.188956 0.071682 1.994416 0.538507 -0.072778 0.839068 0.026052
0.188843 0.071522 1.994434 0.538489 -0.072796 0.839078 0.026051
0.188730 0.071362 1.994452 0.538470 -0.072820 0.839088 0.026060
0.188617 0.071201 1.994469 0.538449 -0.072847 0.839098 0.026079
0.188505 0.071040 1.994485 0.538428 -0.072879 0.839108 0.026107
0.188393 0.070879 1.994501 0.538406 -0.072915 0.839118 0.026142
0.188282 0.070717 1.994517 0.538383 -0.072955 0.839128 0.026186
0.188172 0.070556 1.994532 0.538358 -0.073000 0.839138 0.026236
0.188062 0.070394 1.994546 0.538333 -0.073048 0.839149 0.026292
0.187953 0.070233 1.994560 0.538306 -0.073100 0.839159 0.026354
0.187844 0.070071 1.994574 0.538279 -0.073156 0.839170 0.026421
0.187736 0.069909 1.994587 0.538250 -0.073216 0.839181 0.026492
0.187629 0.069748 1.994600 0.538220 -0.073279 0.839192 0.026568
0.187522 0.069586 1.994612 0.538189 -0.073346 0.839204 0.026648
0.187416 0.069425 1.994625 0.538156 -0.073417 0.839216 0.026731
0.187310 0.069265 1.994636 0.538122 -0.073490 0.839228 0.026818
0.187202 0.069102 1.994648 0.538083 -0.073573 0.839243 0.026909
0.187091 0.068939 1.994661 0.538040 -0.073663 0.839260 0.027004
0.186980 0.068775 1.994673 0.537995 -0.073758 0.839278 0.027103
0.186869 0.068610 1.994685 0.537947 -0.073857 0.839296 0.027205
0.186759 0.068447 1.994697 0.537898 -0.073957 0.839315 0.027310
0.186650 0.068284 1.994708 0.537849 -0.074059 0.839334 0.027417
0.186542 0.068122 1.994720 0.537799 -0.074161 0.839354 0.027526
0.186426 0.067953 1.994743 0.537736 -0.074258 0.839383 0.027600
0.186305 0.067786 1.994772 0.537669 -0.074347 0.839417 0.027639
0.186181 0.067620 1.994805 0.537598 -0.074431 0.839454 0.027656
0.186053 0.067457 1.994840 0.537526 -0.074509 0.839493 0.027659
0.185922 0.067296 1.994878 0.537452 -0.074583 0.839534 0.027653
0.185789 0.067139 1.994918 0.537376 -0.074654 0.839577 0.027642
0.185653 0.066985 1.994959 0.537298 -0.074723 0.839621 0.027631
0.185514 0.066834 1.995001 0.537218 -0.074791 0.839666 0.027622
0.185373 0.066686 1.995045 0.537136 -0.074857 0.839714 0.027615
0.185230 0.066541 1.995089 0.537051 -0.074923 0.839762 0.027613
0.185085 0.066398 1.995135 0.536962 -0.074990 0.839813 0.027615
0.184937 0.066258 1.995181 0.536870 -0.075057 0.839865 0.027624
0.184788 0.066120 1.995228 0.536775 -0.075125 0.839920 0.027638
0.184637 0.065984 1.995276 0.536675 -0.075196 0.839976 0.027659
0.184484 0.065847 1.995323 0.536570 -0.075283 0.840036 0.027661
0.184328 0.065710 1.995370 0.536457 -0.075382 0.840099 0.027656
0.184169 0.065572 1.995418 0.536335 -0.075491 0.840168 0.027649
0.184008 0.065434 1.995466 0.536204 -0.075607 0.840241 0.027644
0.183843 0.065297 1.995516 0.536064 -0.075730 0.840319 0.027642
0.183677 0.065160 1.995567 0.535917 -0.075858 0.840401 0.027647
0.183508 0.065022 1.995619 0.535762 -0.075991 0.840488 0.027658
0.183338 0.064886 1.995672 0.535600 -0.076127 0.840578 0.027674
0.183165 0.064749 1.995725 0.535432 -0.076268 0.840671 0.027697
0.182990 0.064613 1.995780 0.535257 -0.076412 0.840769 0.027725
0.182814 0.064477 1.995836 0.535076 -0.076559 0.840870 0.027758
0.182636 0.064342 1.995892 0.534889 -0.076708 0.840974 0.027796
0.182456 0.064207 1.995950 0.534697 -0.076860 0.841081 0.027838
0.182264 0.064074 1.996015 0.534467 -0.077044 0.841208 0.027883
0.182007 0.063910 1.996092 0.533984 -0.077447 0.841480 0.027828
0.181706 0.063720 1.996180 0.533363 -0.077960 0.841828 0.027781
0.181374 0.063508 1.996277 0.532662 -0.078537 0.842219 0.027759
0.181054 0.063303 1.996376 0.532017 -0.079053 0.842579 0.027740
0.180743 0.063104 1.996477 0.531419 -0.079524 0.842912 0.027729
0.180439 0.062910 1.996578 0.530858 -0.079960 0.843224 0.027731
0.180141 0.062721 1.996680 0.530327 -0.080370 0.843519 0.027748
0.179810 0.062512 1.996784 0.529678 -0.080899 0.843877 0.027719
0.179458 0.062286 1.996890 0.528968 -0.081484 0.844267 0.027700
0.179092 0.062046 1.996999 0.528223 -0.082100 0.844673 0.027696
0.178743 0.061818 1.997107 0.527538 -0.082651 0.845048 0.027686
0.178408 0.061599 1.997213 0.526906 -0.083150 0.845393 0.027681
0.178048 0.061369 1.997337 0.526231 -0.083663 0.845762 0.027705
0.177667 0.061132 1.997473 0.525519 -0.084187 0.846152 0.027729
0.177292 0.060909 1.997615 0.524849 -0.084648 0.846522 0.027730
0.176897 0.060678 1.997764 0.524134 -0.085150 0.846915 0.027719
0.176487 0.060443 1.997917 0.523393 -0.085672 0.847321 0.027713
0.176066 0.060204 1.998073 0.522635 -0.086204 0.847734 0.027710
0.175637 0.059963 1.998231 0.521867 -0.086743 0.848152 0.027708
0.175223 0.059739 1.998389 0.521152 -0.087216 0.848544 0.027686
0.174799 0.059512 1.998547 0.520413 -0.087719 0.848947 0.027656
0.174369 0.059284 1.998704 0.519662 -0.088231 0.849354 0.027632
0.173935 0.059055 1.998861 0.518908 -0.088748 0.849762 0.027611
0.173501 0.058827 1.999017 0.518153 -0.089264 0.850169 0.027594
0.173067 0.058600 1.999172 0.517402 -0.089778 0.850573 0.027577
0.172634 0.058374 1.999325 0.516655 -0.090287 0.850974 0.027559
0.172203 0.058151 1.999476 0.515916 -0.090792 0.851369 0.027541
0.171776 0.057931 1.999625 0.515185 -0.091289 0.851759 0.027522
0.171353 0.057713 1.999772 0.514463 -0.091780 0.852143 0.027502
0.170934 0.057499 1.999916 0.513751 -0.092264 0.852521 0.027480
0.170521 0.057288 2.000059 0.513050 -0.092739 0.852893 0.027457
0.170112 0.057081 2.000198 0.512359 -0.093206 0.853257 0.027432
0.169709 0.056877 2.000335 0.511680 -0.093665 0.853615 0.027406
0.169312 0.056678 2.000470 0.511013 -0.094114 0.853967 0.027380
0.168921 0.056482 2.000602 0.510357 -0.094555 0.854311 0.027352
0.168536 0.056290 2.000731 0.509714 -0.094987 0.854648 0.027324
0.168157 0.056102 2.000858 0.509083 -0.095409 0.854978 0.027295
0.167785 0.055918 2.000982 0.508464 -0.095823 0.855301 0.027265
0.167419 0.055737 2.001104 0.507857 -0.096228 0.855617 0.027235
0.167060 0.055561 2.001223 0.507263 -0.096624 0.855925 0.027204
0.166707 0.055389 2.001339 0.506680 -0.097011 0.856228 0.027173
0.166361 0.055220 2.001453 0.506110 -0.097390 0.856523 0.027142
0.166021 0.055055 2.001565 0.505551 -0.097760 0.856811 0.027111
0.165688 0.054893 2.001674 0.505005 -0.098122 0.857093 0.027079
0.165362 0.054736 2.001781 0.504470 -0.098475 0.857369 0.027047
0.165041 0.054581 2.001886 0.503947 -0.098820 0.857638 0.027015
0.164727 0.054430 2.001988 0.503435 -0.099157 0.857900 0.026983
0.164420 0.054283 2.002088 0.502934 -0.099487 0.858157 0.026952
0.164118 0.054138 2.002186 0.502445 -0.099808 0.858407 0.026920
0.163823 0.053997 2.002281 0.501966 -0.100122 0.858652 0.026888
0.163533 0.053859 2.002375 0.501498 -0.100429 0.858890 0.026856
0.163250 0.053724 2.002466 0.501040 -0.100729 0.859123 0.026825
0.162966 0.053597 2.002567 0.500584 -0.101029 0.859355 0.026771
0.162685 0.053479 2.002669 0.500110 -0.101332 0.859598 0.026706
0.162406 0.053371 2.002772 0.499633 -0.101628 0.859843 0.026640
0.162132 0.053271 2.002875 0.499160 -0.101915 0.860085 0.026579
0.161863 0.053177 2.002978 0.498695 -0.102192 0.860324 0.026521
0.161599 0.053090 2.003080 0.498240 -0.102460 0.860557 0.026467
0.161340 0.053008 2.003181 0.497795 -0.102717 0.860786 0.026415
0.161087 0.052931 2.003281 0.497360 -0.102965 0.861009 0.026365
0.160839 0.052859 2.003381 0.496936 -0.103204 0.861227 0.026316
0.160597 0.052791 2.003478 0.496522 -0.103434 0.861439 0.026268
0.160360 0.052726 2.003575 0.496119 -0.103656 0.861646 0.026220
0.160128 0.052664 2.003670 0.495725 -0.103871 0.861848 0.026173
0.159901 0.052605 2.003763 0.495341 -0.104079 0.862045 0.026126
0.159680 0.052549 2.003855 0.494967 -0.104280 0.862237 0.026079
0.159463 0.052495 2.003945 0.494602 -0.104475 0.862425 0.026033
0.159250 0.052443 2.004034 0.494245 -0.104664 0.862608 0.025986
0.159043 0.052393 2.004122 0.493897 -0.104847 0.862786 0.025940
0.158839 0.052345 2.004208 0.493558 -0.105025 0.862960 0.025894
0.158641 0.052299 2.004292 0.493226 -0.105197 0.863130 0.025848
0.158446 0.052254 2.004375 0.492902 -0.105365 0.863296 0.025803
0.158256 0.052210 2.004456 0.492586 -0.105528 0.863458 0.025758
0.158069 0.052168 2.004536 0.492278 -0.105687 0.863615 0.025713
0.157887 0.052127 2.004614 0.491977 -0.105842 0.863769 0.025669
0.157708 0.052087 2.004691 0.491682 -0.105992 0.863920 0.025625
0.157534 0.052048 2.004766 0.491395 -0.106139 0.864067 0.025582
0.157363 0.052010 2.004840 0.491114 -0.106282 0.864210 0.025539
0.157195 0.051973 2.004912 0.490839 -0.106421 0.864350 0.025497
0.157032 0.051937 2.004983 0.490571 -0.106557 0.864487 0.025455
0.156871 0.051901 2.005053 0.490310 -0.106689 0.864620 0.025414
0.156714 0.051867 2.005121 0.490054 -0.106818 0.864751 0.025374
0.156561 0.051833 2.005188 0.489804 -0.106943 0.864878 0.025334
0.156411 0.051800 2.005254 0.489559 -0.107066 0.865002 0.025294
0.156264 0.051768 2.005318 0.489321 -0.107185 0.865123 0.025256
0.156120 0.051737 2.005381 0.489088 -0.107302 0.865242 0.025218
0.155979 0.051706 2.005442 0.488860 -0.107415 0.865358 0.025180
0.155841 0.051676 2.005503 0.488637 -0.107526 0.865471 0.025143
0.155706 0.051646 2.005562 0.488420 -0.107635 0.865581 0.025107
0.155574 0.051618 2.005620 0.488207 -0.107740 0.865689 0.025071
0.155444 0.051590 2.005677 0.487999 -0.107843 0.865794 0.025036
0.155318 0.051562 2.005733 0.487796 -0.107944 0.865897 0.025002
0.155188 0.051540 2.005798 0.487601 -0.108044 0.865997 0.024933
0.155053 0.051524 2.005868 0.487398 -0.108127 0.866101 0.024917
0.154914 0.051514 2.005942 0.487191 -0.108205 0.866208 0.024923
0.154774 0.051508 2.006020 0.486981 -0.108279 0.866316 0.024940
0.154634 0.051507 2.006099 0.486771 -0.108350 0.866424 0.024964
0.154493 0.051509 2.006179 0.486562 -0.108418 0.866533 0.024991
0.154353 0.051514 2.006260 0.486354 -0.108482 0.866640 0.025020
0.154215 0.051521 2.006341 0.486150 -0.108542 0.866747 0.025048
0.154077 0.051531 2.006422 0.485948 -0.108599 0.866852 0.025076
0.153941 0.051542 2.006502 0.485750 -0.108653 0.866955 0.025102
0.153807 0.051555 2.006583 0.485555 -0.108704 0.867058 0.025127
0.153675 0.051569 2.006662 0.485363 -0.108752 0.867158 0.025150
0.153544 0.051584 2.006741 0.485175 -0.108798 0.867257 0.025172
0.153416 0.051599 2.006819 0.484990 -0.108841 0.867354 0.025192
0.153289 0.051616 2.006896 0.484809 -0.108883 0.867450 0.025210
0.153164 0.051633 2.006973 0.484632 -0.108922 0.867543 0.025227
0.153042 0.051650 2.007048 0.484458 -0.108960 0.867636 0.025243
0.152921 0.051668 2.007122 0.484287 -0.108995 0.867726 0.025257
0.152802 0.051686 2.007195 0.484119 -0.109030 0.867815 0.025269
0.152685 0.051705 2.007267 0.483955 -0.109062 0.867902 0.025281
0.152571 0.051723 2.007338 0.483795 -0.109094 0.867987 0.025292
0.152458 0.051741 2.007408 0.483637 -0.109124 0.868071 0.025301
0.152347 0.051760 2.007476 0.483482 -0.109152 0.868153 0.025310
0.152239 0.051778 2.007544 0.483331 -0.109180 0.868234 0.025318
0.152132 0.051797 2.007610 0.483183 -0.109207 0.868313 0.025325
0.152027 0.051815 2.007675 0.483037 -0.109232 0.868390 0.025332
0.151924 0.051834 2.007739 0.482895 -0.109256 0.868466 0.025337
0.151823 0.051852 2.007802 0.482756 -0.109280 0.868541 0.025343
0.151724 0.051870 2.007864 0.482619 -0.109302 0.868613 0.025347
0.151627 0.051888 2.007924 0.482485 -0.109324 0.868685 0.025352
0.151532 0.051906 2.007984 0.482354 -0.109345 0.868755 0.025356
0.151438 0.051924 2.008042 0.482226 -0.109365 0.868823 0.025359
0.151347 0.051941 2.008100 0.482101 -0.109384 0.868891 0.025362
0.151257 0.051959 2.008156 0.481978 -0.109402 0.868956 0.025365
0.151169 0.051976 2.008211 0.481857 -0.109420 0.869021 0.025367
0.151082 0.051993 2.008265 0.481740 -0.109437 0.869084 0.025369
0.150998 0.052010 2.008319 0.481624 -0.109453 0.869146 0.025371
0.150915 0.052027 2.008371 0.481511 -0.109469 0.869206 0.025372
0.150833 0.052043 2.008422 0.481401 -0.109484 0.869265 0.025374
0.150753 0.052060 2.008472 0.481293 -0.109498 0.869323 0.025375
0.150673 0.052082 2.008523 0.481176 -0.109538 0.869386 0.025269
0.150588 0.052110 2.008576 0.481046 -0.109585 0.869457 0.025105
0.150500 0.052144 2.008632 0.480910 -0.109629 0.869532 0.024917
0.150408 0.052182 2.008689 0.480770 -0.109667 0.869611 0.024717
0.150313 0.052224 2.008748 0.480628 -0.109699 0.869691 0.024510
0.150215 0.052269 2.008809 0.480485 -0.109727 0.869772 0.024300
0.150114 0.052317 2.008870 0.480341 -0.109751 0.869855 0.024088
0.150012 0.052368 2.008933 0.480196 -0.109771 0.869938 0.023875
0.149908 0.052420 2.008997 0.480050 -0.109788 0.870022 0.023663
0.149802 0.052474 2.009061 0.479905 -0.109803 0.870106 0.023452
0.149696 0.052530 2.009126 0.479759 -0.109814 0.870191 0.023242
0.149589 0.052586 2.009191 0.479615 -0.109824 0.870275 0.023034
0.149482 0.052644 2.009256 0.479471 -0.109831 0.870359 0.022828
0.149374 0.052702 2.009321 0.479328 -0.109837 0.870442 0.022624
0.149267 0.052760 2.009386 0.479186 -0.109840 0.870525 0.022423
0.149160 0.052819 2.009451 0.479045 -0.109843 0.870607 0.022224
0.149053 0.052877 2.009516 0.478906 -0.109844 0.870688 0.022028
0.148947 0.052936 2.009580 0.478769 -0.109845 0.870769 0.021834
0.148842 0.052994 2.009644 0.478633 -0.109844 0.870848 0.021643
0.148738 0.053051 2.009707 0.478499 -0.109842 0.870927 0.021456
0.148635 0.053109 2.009770 0.478367 -0.109840 0.871004 0.021271
0.148533 0.053166 2.009832 0.478237 -0.109837 0.871080 0.021089
0.148432 0.053222 2.009894 0.478109 -0.109833 0.871155 0.020910
0.148332 0.053277 2.009955 0.477983 -0.109828 0.871229 0.020734
0.148233 0.053332 2.010015 0.477859 -0.109824 0.871302 0.020562
0.148136 0.053386 2.010074 0.477737 -0.109819 0.871374 0.020392
0.148041 0.053440 2.010132 0.477617 -0.109813 0.871444 0.020226
0.147946 0.053492 2.010190 0.477499 -0.109807 0.871513 0.020062
0.147853 0.053544 2.010246 0.477383 -0.109801 0.871581 0.019902
0.147762 0.053594 2.010302 0.477270 -0.109795 0.871647 0.019744
0.147672 0.053644 2.010357 0.477158 -0.109789 0.871713 0.019590
0.147583 0.053693 2.010411 0.477049 -0.109782 0.871777 0.019439
0.147496 0.053742 2.010464 0.476942 -0.109775 0.871839 0.019290
0.147410 0.053789 2.010517 0.476836 -0.109768 0.871901 0.019145
0.147326 0.053835 2.010568 0.476733 -0.109761 0.871962 0.019003
0.147244 0.053881 2.010619 0.476632 -0.109754 0.872021 0.018863
0.147162 0.053926 2.010668 0.476533 -0.109746 0.872079 0.018726
0.147083 0.053970 2.010717 0.476436 -0.109739 0.872136 0.018592
0.147004 0.054013 2.010765 0.476341 -0.109732 0.872191 0.018461
0.146927 0.054055 2.010812 0.476247 -0.109724 0.872246 0.018333
0.146850 0.054102 2.010855 0.476148 -0.109725 0.872303 0.018195
0.146779 0.054147 2.010894 0.476047 -0.109737 0.872360 0.018018
0.146712 0.054190 2.010930 0.475950 -0.109751 0.872415 0.017827
0.146649 0.054231 2.010964 0.475858 -0.109765 0.872468 0.017631
0.146589 0.054270 2.010995 0.475771 -0.109778 0.872517 0.017434
0.146532 0.054308 2.011026 0.475688 -0.109790 0.872565 0.017238
0.146478 0.054344 2.011055 0.475610 -0.109802 0.872610 0.017044
0.146425 0.054378 2.011084 0.475534 -0.109814 0.872654 0.016852
0.146375 0.054411 2.011111 0.475461 -0.109825 0.872695 0.016664
0.146326 0.054443 2.011137 0.475391 -0.109836 0.872736 0.016480
0.146279 0.054473 2.011163 0.475324 -0.109847 0.872774 0.016299
0.146234 0.054502 2.011188 0.475258 -0.109858 0.872812 0.016122
0.146189 0.054530 2.011212 0.475195 -0.109869 0.872848 0.015950
0.146146 0.054557 2.011235 0.475133 -0.109880 0.872883 0.015781
0.146104 0.054583 2.011258 0.475074 -0.109891 0.872918 0.015616
0.146063 0.054608 2.011280 0.475015 -0.109902 0.872951 0.015455
0.146024 0.054633 2.011301 0.474959 -0.109912 0.872983 0.015298
0.145985 0.054657 2.011322 0.474903 -0.109922 0.873015 0.015145
0.145947 0.054679 2.011343 0.474849 -0.109933 0.873045 0.014995
0.145910 0.054702 2.011362 0.474797 -0.109943 0.873075 0.014849
0.145874 0.054724 2.011382 0.474746 -0.109952 0.873104 0.014706
0.145839 0.054745 2.011400 0.474695 -0.109962 0.873133 0.014568
0.145805 0.054766 2.011418 0.474647 -0.109971 0.873160 0.014432
0.145771 0.054786 2.011436 0.474599 -0.109980 0.873187 0.014299
0.145738 0.054806 2.011453 0.474552 -0.109988 0.873214 0.014170
0.145706 0.054825 2.011470 0.474507 -0.109997 0.873239 0.014045
0.145674 0.054844 2.011487 0.474462 -0.110004 0.873264 0.013922
0.145644 0.054863 2.011503 0.474419 -0.110012 0.873289 0.013802
0.145614 0.054881 2.011518 0.474377 -0.110019 0.873313 0.013685
0.145584 0.054900 2.011533 0.474336 -0.110026 0.873336 0.013571
0.145555 0.054918 2.011548 0.474295 -0.110033 0.873359 0.013460
0.145527 0.054935 2.011562 0.474256 -0.110039 0.873381 0.013351
0.145500 0.054953 2.011577 0.474217 -0.110044 0.873403 0.013245
0.145473 0.054970 2.011590 0.474180 -0.110050 0.873424 0.013142
0.145447 0.054986 2.011604 0.474143 -0.110055 0.873445 0.013041
0.145421 0.055003 2.011617 0.474107 -0.110060 0.873465 0.012942
0.145396 0.055019 2.011630 0.474072 -0.110065 0.873485 0.012846
0.145371 0.055036 2.011642 0.474038 -0.110069 0.873504 0.012752
0.145347 0.055052 2.011654 0.474005 -0.110073 0.873523 0.012661
0.145323 0.055067 2.011666 0.473972 -0.110076 0.873542 0.012571
0.145293 0.055093 2.011676 0.473925 -0.110085 0.873567 0.012498
0.145262 0.055122 2.011685 0.473881 -0.110080 0.873593 0.012425
0.145230 0.055153 2.011694 0.473839 -0.110070 0.873618 0.012344
0.145198 0.055185 2.011703 0.473797 -0.110056 0.873644 0.012257
0.145165 0.055219 2.011713 0.473757 -0.110040 0.873669 0.012165
0.145131 0.055253 2.011723 0.473716 -0.110022 0.873695 0.012069
0.145096 0.055289 2.011734 0.473676 -0.110003 0.873720 0.011971
0.145061 0.055326 2.011746 0.473636 -0.109982 0.873746 0.011872
0.145025 0.055363 2.011759 0.473596 -0.109960 0.873772 0.011772
0.144988 0.055400 2.011772 0.473556 -0.109937 0.873797 0.011672
0.144951 0.055438 2.011785 0.473516 -0.109914 0.873823 0.011571
0.144913 0.055476 2.011799 0.473477 -0.109890 0.873849 0.011472
0.144876 0.055514 2.011813 0.473437 -0.109866 0.873875 0.011372
0.144838 0.055551 2.011828 0.473397 -0.109842 0.873901 0.011274
0.144800 0.055588 2.011843 0.473358 -0.109818 0.873926 0.011176
0.144762 0.055626 2.011858 0.473318 -0.109794 0.873952 0.011080
0.144724 0.055662 2.011873 0.473280 -0.109770 0.873977 0.010984
0.144686 0.055699 2.011888 0.473241 -0.109747 0.874002 0.010890
0.144648 0.055735 2.011903 0.473203 -0.109723 0.874027 0.010797
0.144611 0.055770 2.011919 0.473165 -0.109700 0.874052 0.010705
0.144574 0.055805 2.011934 0.473127 -0.109677 0.874076 0.010615
0.144537 0.055839 2.011949 0.473090 -0.109654 0.874100 0.010526
0.144501 0.055873 2.011964 0.473054 -0.109632 0.874124 0.010438
0.144465 0.055907 2.011979 0.473018 -0.109610 0.874147 0.010352
0.144429 0.055939 2.011994 0.472982 -0.109588 0.874170 0.010268
0.144394 0.055972 2.012009 0.472947 -0.109566 0.874192 0.010184
0.144359 0.056003 2.012024 0.472913 -0.109545 0.874214 0.010103
0.144325 0.056035 2.012038 0.472879 -0.109525 0.874236 0.010022
0.144291 0.056065 2.012052 0.472846 -0.109504 0.874258 0.009944
0.144258 0.056095 2.012066 0.472813 -0.109484 0.874279 0.009866
0.144225 0.056125 2.012080 0.472781 -0.109464 0.874300 0.009790
0.144193 0.056154 2.012094 0.472750 -0.109445 0.874320 0.009716
0.144161 0.056182 2.012107 0.472719 -0.109425 0.874340 0.009643
0.144130 0.056210 2.012120 0.472689 -0.109407 0.874359 0.009571
0.144099 0.056237 2.012133 0.472659 -0.109388 0.874378 0.009501
0.144069 0.056264 2.012146 0.472630 -0.109370 0.874397 0.009432
0.144039 0.056291 2.012158 0.472601 -0.109352 0.874416 0.009365
0.144010 0.056316 2.012170 0.472573 -0.109334 0.874434 0.009299
0.143982 0.056342 2.012182 0.472546 -0.109317 0.874451 0.009234
0.143954 0.056367 2.012194 0.472519 -0.109300 0.874469 0.009171
0.143921 0.056401 2.012202 0.472470 -0.109305 0.874495 0.009103
0.143890 0.056441 2.012206 0.472443 -0.109289 0.874512 0.009073
0.143862 0.056486 2.012208 0.472429 -0.109262 0.874523 0.009052
0.143836 0.056535 2.012210 0.472422 -0.109228 0.874531 0.009030
0.143812 0.056588 2.012212 0.472421 -0.109187 0.874537 0.009005
0.143790 0.056644 2.012214 0.472425 -0.109141 0.874541 0.008976
0.143768 0.056703 2.012217 0.472432 -0.109091 0.874544 0.008944
0.143748 0.056763 2.012221 0.472442 -0.109037 0.874546 0.008908
0.143728 0.056825 2.012226 0.472454 -0.108980 0.874547 0.008870
0.143709 0.056888 2.012231 0.472467 -0.108921 0.874547 0.008829
0.143690 0.056951 2.012237 0.472481 -0.108861 0.874548 0.008787
0.143671 0.057015 2.012244 0.472497 -0.108800 0.874547 0.008743
0.143653 0.057079 2.012251 0.472512 -0.108737 0.874547 0.008699
