x y z qx qy qz qw
-0.061002 0.356390 1.471173 0.691101 -0.016715 0.722305 0.019385
-0.060992 0.356355 1.471166 0.691095 -0.016697 0.722311 0.019367
-0.060983 0.356319 1.471158 0.691090 -0.016679 0.722317 0.019349
-0.060974 0.356285 1.471151 0.691085 -0.016662 0.722323 0.019332
-0.060965 0.356251 1.471144 0.691079 -0.016645 0.722329 0.019315
-0.060957 0.356217 1.471138 0.691074 -0.016629 0.722335 0.019298
-0.060948 0.356184 1.471131 0.691069 -0.016612 0.722340 0.019283
-0.060940 0.356152 1.471124 0.691064 -0.016597 0.722346 0.019267
-0.060932 0.356120 1.471118 0.691060 -0.016581 0.722351 0.019252
-0.060924 0.356089 1.471112 0.691055 -0.016566 0.722356 0.019237
-0.060916 0.356059 1.471105 0.691050 -0.016551 0.722362 0.019223
-0.060908 0.356028 1.471099 0.691045 -0.016536 0.722367 0.019209
-0.060901 0.355999 1.471094 0.691041 -0.016522 0.722372 0.019195
-0.060894 0.355970 1.471088 0.691036 -0.016508 0.722377 0.019182
-0.060887 0.355942 1.471091 0.691018 -0.016451 0.722395 0.019213
-0.060878 0.355916 1.471107 0.690988 -0.016412 0.722424 0.019225
-0.060866 0.355891 1.471134 0.690955 -0.016379 0.722456 0.019232
-0.060850 0.355867 1.471169 0.690922 -0.016354 0.722488 0.019237
-0.060832 0.355843 1.471210 0.690889 -0.016336 0.722520 0.019240
-0.060811 0.355819 1.471256 0.690857 -0.016325 0.722551 0.019241
-0.060787 0.355795 1.471306 0.690826 -0.016322 0.722581 0.019243
-0.060761 0.355771 1.471359 0.690796 -0.016326 0.722609 0.019244
-0.060734 0.355746 1.471414 0.690767 -0.016335 0.722636 0.019245
-0.060704 0.355721 1.471471 0.690739 -0.016350 0.722663 0.019247
-0.060673 0.355695 1.471529 0.690712 -0.016369 0.722688 0.019250
-0.060641 0.355670 1.471588 0.690686 -0.016392 0.722713 0.019253
-0.060608 0.355644 1.471648 0.690660 -0.016418 0.722737 0.019257
-0.060573 0.355618 1.471707 0.690635 -0.016447 0.722760 0.019262
-0.060538 0.355592 1.471767 0.690610 -0.016479 0.722783 0.019267
-0.060502 0.355566 1.471826 0.690585 -0.016513 0.722805 0.019274
-0.060465 0.355540 1.471885 0.690561 -0.016548 0.722827 0.019281
-0.060428 0.355513 1.471944 0.690538 -0.016585 0.722849 0.019289
-0.060390 0.355487 1.472002 0.690515 -0.016623 0.722870 0.019298
-0.060352 0.355461 1.472059 0.690492 -0.016662 0.722890 0.019307
-0.060314 0.355435 1.472116 0.690469 -0.016702 0.722911 0.019317
-0.060276 0.355409 1.472172 0.690447 -0.016743 0.722931 0.019328
-0.060238 0.355383 1.472228 0.690426 -0.016784 0.722950 0.019339
-0.060200 0.355358 1.472282 0.690404 -0.016825 0.722969 0.019350
-0.060162 0.355332 1.472336 0.690383 -0.016867 0.722988 0.019362
-0.060124 0.355307 1.472389 0.690362 -0.016909 0.723007 0.019374
-0.060086 0.355282 1.472441 0.690342 -0.016951 0.723025 0.019386
-0.060049 0.355257 1.472492 0.690322 -0.016992 0.723043 0.019399
-0.060011 0.355232 1.472542 0.690302 -0.017034 0.723060 0.019411
-0.059974 0.355208 1.472592 0.690283 -0.017076 0.723077 0.019424
-0.059938 0.355184 1.472641 0.690264 -0.017117 0.723094 0.019437
-0.059902 0.355160 1.472688 0.690245 -0.017159 0.723111 0.019450
-0.059866 0.355137 1.472735 0.690227 -0.017200 0.723127 0.019462
-0.059830 0.355113 1.472782 0.690209 -0.017240 0.723143 0.019475
-0.059795 0.355090 1.472827 0.690191 -0.017280 0.723158 0.019488
-0.059761 0.355068 1.472871 0.690174 -0.017320 0.723173 0.019501
-0.059727 0.355046 1.472915 0.690157 -0.017360 0.723188 0.019514
-0.059693 0.355024 1.472958 0.690141 -0.017399 0.723202 0.019526
-0.059660 0.355002 1.473000 0.690125 -0.017437 0.723217 0.019539
-0.059627 0.354981 1.473041 0.690109 -0.017475 0.723230 0.019551
-0.059598 0.354961 1.473076 0.690099 -0.017457 0.723239 0.019582
-0.059578 0.354948 1.473109 0.690070 -0.017405 0.723267 0.019624
-0.059565 0.354941 1.473140 0.690034 -0.017331 0.723302 0.019666
-0.059559 0.354940 1.473168 0.689994 -0.017240 0.723341 0.019701
-0.059559 0.354942 1.473194 0.689955 -0.017139 0.723380 0.019730
-0.059564 0.354948 1.473218 0.689917 -0.017030 0.723419 0.019751
-0.059573 0.354956 1.473240 0.689880 -0.016915 0.723456 0.019766
-0.059587 0.354967 1.473260 0.689845 -0.016796 0.723492 0.019774
-0.059604 0.354980 1.473279 0.689811 -0.016674 0.723527 0.019777
-0.059624 0.354994 1.473297 0.689779 -0.016550 0.723561 0.019775
-0.059647 0.355010 1.473314 0.689748 -0.016424 0.723593 0.019769
-0.059672 0.355027 1.473329 0.689719 -0.016297 0.723624 0.019759
-0.059700 0.355045 1.473344 0.689691 -0.016169 0.723654 0.019745
-0.059730 0.355064 1.473358 0.689665 -0.016042 0.723682 0.019729
-0.059761 0.355083 1.473372 0.689639 -0.015914 0.723710 0.019709
-0.059793 0.355103 1.473385 0.689615 -0.015787 0.723737 0.019688
-0.059827 0.355123 1.473397 0.689591 -0.015660 0.723762 0.019664
-0.059862 0.355144 1.473409 0.689569 -0.015534 0.723787 0.019638
-0.059898 0.355165 1.473420 0.689547 -0.015409 0.723811 0.019611
-0.059934 0.355186 1.473431 0.689527 -0.015285 0.723834 0.019582
-0.059971 0.355208 1.473441 0.689507 -0.015163 0.723857 0.019553
-0.060008 0.355229 1.473452 0.689487 -0.015042 0.723878 0.019522
-0.060046 0.355251 1.473461 0.689469 -0.014922 0.723899 0.019490
-0.060084 0.355272 1.473471 0.689451 -0.014805 0.723919 0.019458
-0.060122 0.355294 1.473480 0.689434 -0.014688 0.723939 0.019425
-0.060160 0.355315 1.473489 0.689417 -0.014574 0.723958 0.019392
-0.060198 0.355336 1.473497 0.689401 -0.014461 0.723977 0.019358
-0.060236 0.355357 1.473506 0.689386 -0.014351 0.723995 0.019325
-0.060274 0.355378 1.473514 0.689371 -0.014242 0.724012 0.019291
-0.060311 0.355398 1.473522 0.689356 -0.014135 0.724029 0.019257
-0.060348 0.355419 1.473530 0.689342 -0.014030 0.724045 0.019223
-0.060385 0.355438 1.473537 0.689328 -0.013927 0.724061 0.019189
-0.060422 0.355458 1.473544 0.689315 -0.013825 0.724077 0.019155
-0.060458 0.355478 1.473552 0.689302 -0.013726 0.724092 0.019122
-0.060493 0.355497 1.473559 0.689289 -0.013629 0.724106 0.019089
-0.060529 0.355516 1.473565 0.689277 -0.013534 0.724121 0.019056
-0.060563 0.355534 1.473572 0.689265 -0.013440 0.724134 0.019024
-0.060598 0.355552 1.473578 0.689254 -0.013349 0.724148 0.018992
-0.060632 0.355570 1.473585 0.689243 -0.013260 0.724161 0.018960
-0.060665 0.355587 1.473591 0.689232 -0.013172 0.724174 0.018929
-0.060690 0.355601 1.473592 0.689243 -0.013076 0.724166 0.018883
-0.060712 0.355608 1.473588 0.689265 -0.012995 0.724147 0.018858
-0.060733 0.355610 1.473582 0.689292 -0.012929 0.724123 0.018843
-0.060751 0.355609 1.473572 0.689320 -0.012872 0.724098 0.018833
-0.060769 0.355605 1.473562 0.689348 -0.012821 0.724072 0.018829
-0.060786 0.355599 1.473550 0.689376 -0.012774 0.724046 0.018828
-0.060801 0.355593 1.473537 0.689403 -0.012730 0.724021 0.018831
-0.060816 0.355585 1.473523 0.689429 -0.012687 0.723997 0.018836
-0.060831 0.355577 1.473509 0.689454 -0.012646 0.723974 0.018842
-0.060844 0.355568 1.473495 0.689478 -0.012606 0.723951 0.018850
-0.060857 0.355559 1.473480 0.689502 -0.012567 0.723929 0.018859
-0.060870 0.355550 1.473465 0.689524 -0.012529 0.723909 0.018869
-0.060882 0.355541 1.473450 0.689545 -0.012492 0.723889 0.018879
-0.060894 0.355531 1.473436 0.689566 -0.012456 0.723869 0.018890
-0.060905 0.355522 1.473421 0.689586 -0.012420 0.723851 0.018902
-0.060916 0.355513 1.473406 0.689605 -0.012385 0.723832 0.018913
-0.060927 0.355503 1.473392 0.689624 -0.012351 0.723815 0.018925
-0.060937 0.355494 1.473378 0.689642 -0.012318 0.723798 0.018936
-0.060947 0.355485 1.473363 0.689659 -0.012285 0.723782 0.018948
-0.060957 0.355476 1.473350 0.689676 -0.012253 0.723766 0.018960
-0.060966 0.355467 1.473336 0.689692 -0.012222 0.723751 0.018972
-0.060975 0.355458 1.473323 0.689708 -0.012192 0.723736 0.018983
-0.060984 0.355449 1.473309 0.689723 -0.012162 0.723722 0.018995
-0.060992 0.355440 1.473297 0.689737 -0.012133 0.723708 0.019006
-0.061001 0.355431 1.473284 0.689751 -0.012105 0.723695 0.019018
-0.061009 0.355423 1.473272 0.689765 -0.012078 0.723682 0.019029
-0.061016 0.355414 1.473259 0.689778 -0.012051 0.723670 0.019040
-0.061024 0.355406 1.473247 0.689791 -0.012024 0.723658 0.019051
-0.061031 0.355398 1.473236 0.689804 -0.011999 0.723646 0.019062
-0.061038 0.355390 1.473224 0.689816 -0.011973 0.723635 0.019072
-0.061045 0.355382 1.473213 0.689827 -0.011949 0.723624 0.019083
-0.061051 0.355374 1.473202 0.689838 -0.011925 0.723613 0.019093
-0.061058 0.355366 1.473191 0.689849 -0.011902 0.723603 0.019103
-0.061064 0.355358 1.473181 0.689860 -0.011879 0.723593 0.019113
-0.061070 0.355351 1.473170 0.689870 -0.011856 0.723584 0.019123
-0.061076 0.355344 1.473160 0.689880 -0.011835 0.723574 0.019133
-0.061081 0.355336 1.473150 0.689890 -0.011813 0.723565 0.019142
-0.061087 0.355329 1.473141 0.689899 -0.011793 0.723556 0.019152
-0.061092 0.355322 1.473131 0.689908 -0.011772 0.723548 0.019161
-0.061097 0.355315 1.473122 0.689917 -0.011752 0.723540 0.019170
-0.061095 0.355314 1.473104 0.689932 -0.011720 0.723526 0.019171
-0.061088 0.355321 1.473080 0.689940 -0.011687 0.723518 0.019172
-0.061077 0.355335 1.473053 0.689947 -0.011649 0.723512 0.019176
-0.061062 0.355352 1.473022 0.689954 -0.011607 0.723506 0.019181
-0.061042 0.355372 1.472988 0.689962 -0.011564 0.723499 0.019188
-0.061019 0.355392 1.472954 0.689970 -0.011521 0.723492 0.019197
-0.060993 0.355414 1.472918 0.689978 -0.011479 0.723484 0.019208
-0.060963 0.355435 1.472882 0.689986 -0.011439 0.723477 0.019223
-0.060931 0.355455 1.472845 0.689994 -0.011402 0.723470 0.019240
-0.060896 0.355475 1.472808 0.690001 -0.011367 0.723463 0.019261
-0.060860 0.355493 1.472772 0.690008 -0.011335 0.723456 0.019285
-0.060821 0.355511 1.472735 0.690015 -0.011306 0.723449 0.019311
-0.060780 0.355527 1.472699 0.690021 -0.011280 0.723443 0.019340
-0.060738 0.355542 1.472664 0.690027 -0.011256 0.723437 0.019372
-0.060695 0.355556 1.472629 0.690033 -0.011235 0.723431 0.019406
-0.060651 0.355569 1.472595 0.690038 -0.011217 0.723425 0.019442
-0.060605 0.355581 1.472561 0.690042 -0.011200 0.723420 0.019479
-0.060560 0.355592 1.472528 0.690047 -0.011186 0.723415 0.019519
-0.060513 0.355602 1.472495 0.690051 -0.011174 0.723410 0.019559
-0.060466 0.355612 1.472463 0.690055 -0.011163 0.723405 0.019601
-0.060419 0.355620 1.472432 0.690059 -0.011154 0.723401 0.019644
-0.060372 0.355628 1.472401 0.690062 -0.011147 0.723396 0.019688
-0.060324 0.355635 1.472371 0.690065 -0.011141 0.723392 0.019732
-0.060277 0.355642 1.472341 0.690068 -0.011137 0.723388 0.019777
-0.060229 0.355648 1.472313 0.690071 -0.011133 0.723385 0.019822
-0.060182 0.355654 1.472284 0.690073 -0.011131 0.723381 0.019867
-0.060135 0.355659 1.472257 0.690076 -0.011129 0.723377 0.019913
-0.060089 0.355663 1.472229 0.690078 -0.011129 0.723374 0.019958
-0.060042 0.355668 1.472203 0.690080 -0.011129 0.723371 0.020004
-0.059996 0.355672 1.472177 0.690082 -0.011130 0.723368 0.020049
-0.059951 0.355675 1.472151 0.690084 -0.011131 0.723365 0.020094
-0.059906 0.355679 1.472126 0.690085 -0.011133 0.723362 0.020139
-0.059861 0.355682 1.472102 0.690087 -0.011135 0.723359 0.020184
-0.059817 0.355685 1.472078 0.690088 -0.011138 0.723357 0.020228
-0.059774 0.355688 1.472054 0.690089 -0.011141 0.723354 0.020272
-0.059731 0.355690 1.472031 0.690090 -0.011145 0.723352 0.020315
-0.059688 0.355692 1.472009 0.690091 -0.011148 0.723350 0.020358
-0.059647 0.355695 1.471986 0.690092 -0.011152 0.723348 0.020400
-0.059605 0.355697 1.471965 0.690093 -0.011156 0.723346 0.020442
-0.059565 0.355699 1.471943 0.690094 -0.011161 0.723344 0.020484
-0.059517 0.355700 1.471894 0.690122 -0.011188 0.723314 0.020572
-0.059457 0.355701 1.471818 0.690180 -0.011233 0.723255 0.020647
-0.059386 0.355702 1.471723 0.690250 -0.011284 0.723186 0.020726
-0.059307 0.355701 1.471612 0.690322 -0.011336 0.723113 0.020816
-0.059219 0.355699 1.471491 0.690394 -0.011388 0.723042 0.020920
-0.059125 0.355694 1.471361 0.690462 -0.011438 0.722972 0.021037
-0.059025 0.355688 1.471225 0.690527 -0.011487 0.722905 0.021165
-0.058920 0.355678 1.471086 0.690588 -0.011536 0.722842 0.021305
-0.058811 0.355667 1.470943 0.690646 -0.011584 0.722782 0.021455
-0.058697 0.355653 1.470799 0.690700 -0.011632 0.722724 0.021613
-0.058581 0.355637 1.470654 0.690752 -0.011681 0.722670 0.021778
-0.058462 0.355619 1.470509 0.690800 -0.011731 0.722618 0.021949
-0.058340 0.355599 1.470364 0.690846 -0.011783 0.722568 0.022124
-0.058217 0.355578 1.470220 0.690889 -0.011835 0.722520 0.022304
-0.058093 0.355555 1.470078 0.690930 -0.011888 0.722474 0.022488
-0.057967 0.355531 1.469937 0.690969 -0.011943 0.722430 0.022673
-0.057841 0.355505 1.469797 0.691006 -0.011998 0.722388 0.022861
-0.057715 0.355479 1.469660 0.691041 -0.012054 0.722347 0.023049
-0.057588 0.355452 1.469525 0.691075 -0.012111 0.722307 0.023239
-0.057462 0.355424 1.469391 0.691108 -0.012169 0.722269 0.023428
-0.057336 0.355396 1.469260 0.691139 -0.012227 0.722232 0.023617
-0.057211 0.355367 1.469131 0.691169 -0.012286 0.722197 0.023806
-0.057086 0.355338 1.469005 0.691197 -0.012344 0.722162 0.023994
-0.056963 0.355309 1.468880 0.691225 -0.012403 0.722129 0.024180
-0.056840 0.355280 1.468758 0.691251 -0.012462 0.722096 0.024365
-0.056719 0.355250 1.468638 0.691277 -0.012520 0.722064 0.024549
-0.056599 0.355221 1.468521 0.691301 -0.012578 0.722034 0.024730
-0.056480 0.355191 1.468405 0.691325 -0.012636 0.722004 0.024910
-0.056363 0.355162 1.468292 0.691347 -0.012693 0.721975 0.025087
-0.056247 0.355133 1.468181 0.691369 -0.012750 0.721947 0.025262
-0.056133 0.355104 1.468072 0.691390 -0.012806 0.721920 0.025434
-0.056020 0.355076 1.467965 0.691411 -0.012861 0.721893 0.025604
-0.055909 0.355048 1.467860 0.691430 -0.012916 0.721868 0.025772
-0.055800 0.355020 1.467757 0.691449 -0.012970 0.721843 0.025937
-0.055692 0.354992 1.467656 0.691467 -0.013022 0.721819 0.026099
-0.055587 0.354965 1.467558 0.691485 -0.013074 0.721795 0.026259
-0.055483 0.354939 1.467460 0.691502 -0.013125 0.721772 0.026416
-0.055380 0.354912 1.467365 0.691519 -0.013175 0.721750 0.026570
-0.055280 0.354887 1.467272 0.691534 -0.013224 0.721728 0.026722
-0.055181 0.354861 1.467180 0.691550 -0.013272 0.721707 0.026871
-0.055084 0.354846 1.467048 0.691569 -0.013409 0.721677 0.027102
-0.054984 0.354841 1.466889 0.691596 -0.013589 0.721638 0.027372
-0.054883 0.354845 1.466711 0.691635 -0.013777 0.721586 0.027656
-0.054780 0.354858 1.466519 0.691683 -0.013962 0.721525 0.027940
-0.054678 0.354877 1.466317 0.691737 -0.014139 0.721459 0.028221
-0.054575 0.354900 1.466109 0.691794 -0.014306 0.721390 0.028496
-0.054472 0.354927 1.465896 0.691852 -0.014463 0.721321 0.028768
-0.054369 0.354956 1.465680 0.691910 -0.014611 0.721251 0.029035
-0.054266 0.354986 1.465463 0.691968 -0.014750 0.721183 0.029299
-0.054164 0.355017 1.465246 0.692024 -0.014882 0.721116 0.029560
-0.054063 0.355048 1.465030 0.692078 -0.015008 0.721050 0.029817
-0.053962 0.355080 1.464814 0.692131 -0.015128 0.720986 0.030073
-0.053861 0.355110 1.464601 0.692182 -0.015244 0.720924 0.030325
-0.053762 0.355140 1.464390 0.692232 -0.015355 0.720863 0.030574
-0.053663 0.355170 1.464181 0.692281 -0.015462 0.720804 0.030821
-0.053566 0.355199 1.463975 0.692328 -0.015565 0.720746 0.031064
-0.053469 0.355227 1.463771 0.692373 -0.015665 0.720690 0.031305
-0.053374 0.355255 1.463571 0.692418 -0.015763 0.720635 0.031542
-0.053280 0.355282 1.463374 0.692461 -0.015857 0.720581 0.031776
-0.053188 0.355309 1.463179 0.692503 -0.015949 0.720528 0.032007
-0.053096 0.355335 1.462988 0.692544 -0.016037 0.720476 0.032234
-0.053006 0.355360 1.462800 0.692584 -0.016124 0.720426 0.032457
-0.052918 0.355385 1.462615 0.692623 -0.016208 0.720377 0.032677
-0.052831 0.355409 1.462434 0.692661 -0.016290 0.720328 0.032893
-0.052745 0.355433 1.462255 0.692699 -0.016369 0.720281 0.033106
-0.052661 0.355456 1.462080 0.692735 -0.016446 0.720235 0.033315
-0.052579 0.355479 1.461907 0.692771 -0.016521 0.720189 0.033520
-0.052498 0.355502 1.461738 0.692805 -0.016594 0.720145 0.033722
-0.052418 0.355524 1.461572 0.692839 -0.016664 0.720101 0.033920
-0.052340 0.355546 1.461408 0.692872 -0.016733 0.720058 0.034114
-0.052264 0.355567 1.461248 0.692905 -0.016799 0.720017 0.034304
-0.052189 0.355589 1.461091 0.692937 -0.016863 0.719976 0.034491
-0.052116 0.355610 1.460936 0.692968 -0.016926 0.719936 0.034674
-0.052044 0.355630 1.460784 0.692998 -0.016986 0.719896 0.034854
-0.051973 0.355651 1.460635 0.693028 -0.017044 0.719858 0.035030
-0.051905 0.355671 1.460489 0.693057 -0.017101 0.719820 0.035202
-0.051837 0.355691 1.460345 0.693085 -0.017156 0.719783 0.035371
-0.051771 0.355711 1.460204 0.693113 -0.017208 0.719747 0.035537
-0.051707 0.355731 1.460065 0.693140 -0.017260 0.719711 0.035699
-0.051643 0.355750 1.459929 0.693167 -0.017309 0.719676 0.035858
-0.051578 0.355789 1.459720 0.693220 -0.017523 0.719612 0.036022
-0.051510 0.355850 1.459453 0.693328 -0.017760 0.719494 0.036179
-0.051441 0.355928 1.459142 0.693469 -0.017989 0.719345 0.036329
-0.051370 0.356020 1.458801 0.693628 -0.018198 0.719179 0.036474
-0.051299 0.356122 1.458436 0.693797 -0.018382 0.719004 0.036615
-0.051228 0.356230 1.458055 0.693970 -0.018543 0.718826 0.036756
-0.051157 0.356341 1.457662 0.694143 -0.018681 0.718648 0.036897
-0.051085 0.356455 1.457262 0.694315 -0.018801 0.718472 0.037040
-0.051014 0.356569 1.456857 0.694484 -0.018905 0.718298 0.037185
-0.050942 0.356683 1.456449 0.694650 -0.018995 0.718128 0.037333
-0.050871 0.356796 1.456041 0.694812 -0.019074 0.717961 0.037483
-0.050800 0.356907 1.455634 0.694970 -0.019143 0.717798 0.037635
-0.050730 0.357016 1.455230 0.695125 -0.019204 0.717638 0.037789
-0.050660 0.357123 1.454828 0.695276 -0.019259 0.717482 0.037945
-0.050590 0.357228 1.454430 0.695423 -0.019309 0.717330 0.038102
-0.050521 0.357330 1.454037 0.695567 -0.019354 0.717181 0.038260
-0.050453 0.357431 1.453648 0.695707 -0.019394 0.717035 0.038418
-0.050386 0.357528 1.453265 0.695844 -0.019432 0.716893 0.038577
-0.050319 0.357624 1.452887 0.695978 -0.019466 0.716753 0.038735
-0.050253 0.357717 1.452515 0.696109 -0.019497 0.716617 0.038894
-0.050189 0.357808 1.452148 0.696236 -0.019526 0.716484 0.039051
-0.050125 0.357897 1.451787 0.696361 -0.019553 0.716353 0.039208
-0.050062 0.357984 1.451432 0.696482 -0.019577 0.716226 0.039364
-0.050000 0.358069 1.451083 0.696601 -0.019600 0.716101 0.039519
-0.049939 0.358152 1.450740 0.696717 -0.019621 0.715979 0.039672
-0.049879 0.358234 1.450403 0.696830 -0.019640 0.715860 0.039824
-0.049820 0.358314 1.450071 0.696941 -0.019657 0.715744 0.039974
-0.049762 0.358392 1.449746 0.697049 -0.019673 0.715630 0.040123
-0.049705 0.358468 1.449426 0.697155 -0.019688 0.715518 0.040270
-0.049649 0.358543 1.449112 0.697258 -0.019701 0.715409 0.040416
-0.049594 0.358616 1.448803 0.697358 -0.019713 0.715303 0.040559
-0.049540 0.358688 1.448500 0.697457 -0.019723 0.715198 0.040701
-0.049487 0.358758 1.448202 0.697553 -0.019732 0.715096 0.040841
-0.049436 0.358827 1.447910 0.697646 -0.019740 0.714997 0.040979
-0.049385 0.358895 1.447623 0.697738 -0.019747 0.714899 0.041115
-0.049335 0.358961 1.447342 0.697828 -0.019753 0.714804 0.041249
-0.049286 0.359026 1.447065 0.697915 -0.019758 0.714711 0.041381
-0.049238 0.359090 1.446793 0.698000 -0.019761 0.714620 0.041512
-0.049191 0.359153 1.446527 0.698084 -0.019764 0.714531 0.041640
-0.049145 0.359215 1.446265 0.698165 -0.019765 0.714444 0.041766
-0.049095 0.359294 1.445933 0.698219 -0.020031 0.714376 0.041903
-0.049042 0.359398 1.445553 0.698285 -0.020286 0.714292 0.042108
-0.048989 0.359521 1.445137 0.698369 -0.020519 0.714190 0.042330
-0.048934 0.359658 1.444696 0.698467 -0.020726 0.714075 0.042553
-0.048878 0.359805 1.444235 0.698575 -0.020907 0.713951 0.042770
-0.048822 0.359959 1.443762 0.698689 -0.021064 0.713822 0.042983
-0.048764 0.360116 1.443281 0.698806 -0.021200 0.713691 0.043193
-0.048706 0.360274 1.442794 0.698924 -0.021318 0.713560 0.043401
-0.048647 0.360433 1.442306 0.699041 -0.021421 0.713429 0.043608
-0.048588 0.360591 1.441819 0.699158 -0.021511 0.713300 0.043815
-0.048528 0.360746 1.441332 0.699272 -0.021591 0.713172 0.044023
-0.048468 0.360899 1.440849 0.699385 -0.021662 0.713046 0.044230
-0.048408 0.361049 1.440370 0.699496 -0.021727 0.712923 0.044438
-0.048347 0.361196 1.439896 0.699604 -0.021785 0.712801 0.044647
-0.048287 0.361340 1.439428 0.699711 -0.021838 0.712682 0.044855
-0.048227 0.361480 1.438965 0.699815 -0.021887 0.712565 0.045063
-0.048167 0.361618 1.438508 0.699917 -0.021932 0.712450 0.045270
-0.048107 0.361752 1.438058 0.700017 -0.021974 0.712338 0.045477
-0.048048 0.361883 1.437615 0.700115 -0.022013 0.712227 0.045683
-0.047990 0.362011 1.437179 0.700211 -0.022049 0.712119 0.045887
-0.047932 0.362136 1.436749 0.700305 -0.022083 0.712012 0.046090
-0.047875 0.362258 1.436327 0.700397 -0.022114 0.711908 0.046291
-0.047818 0.362377 1.435911 0.700487 -0.022144 0.711805 0.046491
-0.047762 0.362494 1.435503 0.700575 -0.022171 0.711705 0.046688
-0.047707 0.362609 1.435102 0.700661 -0.022197 0.711606 0.046884
-0.047653 0.362720 1.434707 0.700746 -0.022220 0.711509 0.047077
-0.047599 0.362830 1.434319 0.700829 -0.022242 0.711414 0.047268
-0.047547 0.362937 1.433938 0.700911 -0.022262 0.711320 0.047456
-0.047495 0.363042 1.433564 0.700990 -0.022281 0.711229 0.047643
-0.047444 0.363145 1.433197 0.701068 -0.022298 0.711139 0.047826
-0.047394 0.363245 1.432836 0.701145 -0.022313 0.711051 0.048007
-0.047345 0.363344 1.432481 0.701220 -0.022327 0.710964 0.048186
-0.047297 0.363441 1.432133 0.701293 -0.022340 0.710880 0.048362
-0.047250 0.363535 1.431791 0.701365 -0.022351 0.710796 0.048535
-0.047204 0.363628 1.431455 0.701436 -0.022361 0.710715 0.048705
-0.047158 0.363719 1.431125 0.701505 -0.022370 0.710635 0.048874
-0.047114 0.363809 1.430801 0.701573 -0.022377 0.710556 0.049039
-0.047070 0.363897 1.430483 0.701639 -0.022383 0.710479 0.049202
-0.047027 0.363983 1.430171 0.701704 -0.022388 0.710404 0.049362
-0.046986 0.364067 1.429865 0.701768 -0.022392 0.710330 0.049520
-0.046935 0.364173 1.429484 0.701812 -0.022723 0.710268 0.049627
-0.046875 0.364296 1.429046 0.701877 -0.023114 0.710181 0.049767
-0.046808 0.364434 1.428564 0.701969 -0.023502 0.710067 0.049927
-0.046734 0.364583 1.428050 0.702079 -0.023871 0.709933 0.050095
-0.046653 0.364738 1.427514 0.702203 -0.024218 0.709787 0.050268
-0.046567 0.364896 1.426962 0.702334 -0.024541 0.709634 0.050444
-0.046477 0.365055 1.426401 0.702467 -0.024844 0.709478 0.050626
-0.046381 0.365212 1.425833 0.702602 -0.025128 0.709322 0.050813
-0.046283 0.365367 1.425263 0.702735 -0.025396 0.709166 0.051007
-0.046181 0.365518 1.424693 0.702867 -0.025650 0.709012 0.051207
-0.046076 0.365665 1.424124 0.702996 -0.025893 0.708860 0.051413
-0.045969 0.365808 1.423559 0.703122 -0.026125 0.708711 0.051625
-0.045860 0.365946 1.422998 0.703246 -0.026349 0.708565 0.051842
-0.045749 0.366080 1.422444 0.703366 -0.026565 0.708421 0.052064
-0.045637 0.366209 1.421895 0.703483 -0.026775 0.708280 0.052290
-0.045525 0.366334 1.421353 0.703598 -0.026978 0.708141 0.052519
-0.045411 0.366454 1.420819 0.703710 -0.027176 0.708005 0.052751
-0.045298 0.366570 1.420292 0.703819 -0.027368 0.707872 0.052984
-0.045185 0.366683 1.419773 0.703925 -0.027555 0.707741 0.053219
-0.045072 0.366792 1.419262 0.704029 -0.027738 0.707613 0.053455
-0.044959 0.366897 1.418759 0.704131 -0.027916 0.707487 0.053691
-0.044847 0.366999 1.418265 0.704230 -0.028089 0.707363 0.053927
-0.044736 0.367098 1.417779 0.704327 -0.028258 0.707242 0.054162
-0.044625 0.367194 1.417301 0.704422 -0.028423 0.707123 0.054397
-0.044516 0.367288 1.416831 0.704515 -0.028583 0.707006 0.054630
-0.044408 0.367379 1.416369 0.704606 -0.028740 0.706891 0.054862
-0.044301 0.367467 1.415915 0.704695 -0.028892 0.706778 0.055092
-0.044196 0.367553 1.415469 0.704782 -0.029040 0.706667 0.055320
-0.044091 0.367637 1.415032 0.704867 -0.029184 0.706559 0.055546
-0.043989 0.367719 1.414602 0.704951 -0.029324 0.706452 0.055770
-0.043888 0.367799 1.414179 0.705032 -0.029460 0.706347 0.055991
-0.043788 0.367877 1.413765 0.705112 -0.029592 0.706245 0.056209
-0.043690 0.367953 1.413358 0.705191 -0.029721 0.706144 0.056425
-0.043594 0.368028 1.412958 0.705267 -0.029845 0.706045 0.056638
-0.043499 0.368101 1.412565 0.705342 -0.029966 0.705948 0.056848
-0.043406 0.368172 1.412180 0.705416 -0.030083 0.705853 0.057056
-0.043315 0.368242 1.411801 0.705488 -0.030196 0.705759 0.057260
-0.043225 0.368310 1.411430 0.705559 -0.030306 0.705667 0.057462
-0.043137 0.368378 1.411065 0.705628 -0.030413 0.705577 0.057660
-0.043051 0.368443 1.410707 0.705696 -0.030516 0.705489 0.057856
-0.042960 0.368537 1.410290 0.705720 -0.030884 0.705433 0.058047
-0.042872 0.368663 1.409832 0.705756 -0.031261 0.705360 0.058292
-0.042785 0.368815 1.409343 0.705820 -0.031620 0.705260 0.058540
-0.042700 0.368988 1.408833 0.705909 -0.031954 0.705136 0.058772
-0.042616 0.369175 1.408310 0.706018 -0.032262 0.704995 0.058985
-0.042533 0.369372 1.407778 0.706141 -0.032546 0.704843 0.059181
-0.042451 0.369574 1.407243 0.706273 -0.032809 0.704683 0.059364
-0.042370 0.369780 1.406706 0.706410 -0.033053 0.704519 0.059538
-0.042289 0.369986 1.406171 0.706551 -0.033281 0.704353 0.059705
-0.042208 0.370192 1.405639 0.706693 -0.033495 0.704187 0.059867
-0.042129 0.370397 1.405112 0.706835 -0.033697 0.704021 0.060026
-0.042049 0.370598 1.404590 0.706976 -0.033889 0.703857 0.060182
-0.041971 0.370797 1.404074 0.707116 -0.034072 0.703694 0.060338
-0.041893 0.370993 1.403565 0.707255 -0.034247 0.703533 0.060492
-0.041816 0.371184 1.403063 0.707391 -0.034414 0.703374 0.060646
-0.041740 0.371372 1.402568 0.707526 -0.034576 0.703218 0.060799
-0.041664 0.371557 1.402081 0.707658 -0.034731 0.703064 0.060952
-0.041590 0.371737 1.401602 0.707788 -0.034881 0.702912 0.061104
-0.041516 0.371914 1.401130 0.707916 -0.035026 0.702763 0.061255
-0.041443 0.372087 1.400666 0.708042 -0.035166 0.702616 0.061406
-0.041372 0.372256 1.400211 0.708165 -0.035301 0.702472 0.061556
-0.041301 0.372422 1.399762 0.708286 -0.035432 0.702330 0.061705
-0.041232 0.372585 1.399322 0.708405 -0.035559 0.702191 0.061853
-0.041164 0.372744 1.398889 0.708522 -0.035681 0.702053 0.062000
-0.041096 0.372900 1.398464 0.708637 -0.035800 0.701919 0.062146
-0.041030 0.373053 1.398047 0.708749 -0.035915 0.701787 0.062291
-0.040965 0.373203 1.397636 0.708860 -0.036026 0.701657 0.062434
-0.040902 0.373349 1.397233 0.708968 -0.036133 0.701529 0.062576
-0.040839 0.373493 1.396838 0.709075 -0.036237 0.701403 0.062716
-0.040778 0.373634 1.396449 0.709179 -0.036337 0.701280 0.062855
-0.040717 0.373772 1.396068 0.709281 -0.036434 0.701159 0.062992
-0.040658 0.373908 1.395693 0.709382 -0.036528 0.701040 0.063128
-0.040600 0.374041 1.395325 0.709481 -0.036619 0.700924 0.063262
-0.040543 0.374172 1.394964 0.709578 -0.036706 0.700809 0.063395
-0.040488 0.374300 1.394609 0.709673 -0.036790 0.700696 0.063525
-0.040433 0.374425 1.394261 0.709766 -0.036872 0.700586 0.063655
-0.040380 0.374549 1.393919 0.709858 -0.036950 0.700477 0.063782
-0.040328 0.374670 1.393583 0.709948 -0.037026 0.700370 0.063908
-0.040276 0.374788 1.393254 0.710036 -0.037099 0.700266 0.064032
-0.040226 0.374905 1.392930 0.710123 -0.037169 0.700163 0.064154
-0.040161 0.375038 1.392544 0.710163 -0.037557 0.700091 0.064274
-0.040079 0.375186 1.392117 0.710233 -0.038031 0.699978 0.064440
-0.039982 0.375346 1.391661 0.710339 -0.038534 0.699826 0.064623
-0.039873 0.375515 1.391186 0.710472 -0.039044 0.699646 0.064809
-0.039751 0.375688 1.390700 0.710623 -0.039551 0.699447 0.064994
-0.039618 0.375862 1.390206 0.710784 -0.040052 0.699238 0.065180
-0.039475 0.376036 1.389711 0.710950 -0.040545 0.699023 0.065369
-0.039323 0.376207 1.389215 0.711117 -0.041029 0.698807 0.065561
-0.039164 0.376374 1.388722 0.711283 -0.041505 0.698591 0.065760
-0.038998 0.376537 1.388233 0.711446 -0.041973 0.698377 0.065965
-0.038826 0.376693 1.387749 0.711606 -0.042435 0.698166 0.066177
-0.038648 0.376844 1.387271 0.711762 -0.042890 0.697959 0.066396
-0.038467 0.376990 1.386800 0.711913 -0.043338 0.697756 0.066621
-0.038282 0.377130 1.386335 0.712060 -0.043780 0.697556 0.066852
-0.038093 0.377264 1.385878 0.712202 -0.044217 0.697360 0.067089
-0.037903 0.377392 1.385428 0.712340 -0.044647 0.697169 0.067330
-0.037710 0.377516 1.384986 0.712474 -0.045072 0.696981 0.067575
-0.037516 0.377635 1.384551 0.712603 -0.045490 0.696798 0.067824
-0.037322 0.377749 1.384124 0.712729 -0.045903 0.696618 0.068076
-0.037127 0.377859 1.383704 0.712850 -0.046309 0.696442 0.068330
-0.036932 0.377964 1.383292 0.712968 -0.046709 0.696269 0.068585
-0.036738 0.378066 1.382888 0.713083 -0.047102 0.696100 0.068842
-0.036544 0.378165 1.382491 0.713194 -0.047489 0.695934 0.069098
-0.036351 0.378260 1.382101 0.713302 -0.047869 0.695772 0.069355
-0.036159 0.378352 1.381718 0.713407 -0.048242 0.695612 0.069612
-0.035969 0.378440 1.381343 0.713510 -0.048609 0.695456 0.069868
-0.035780 0.378527 1.380974 0.713609 -0.048969 0.695303 0.070122
-0.035593 0.378610 1.380612 0.713706 -0.049321 0.695153 0.070375
-0.035409 0.378692 1.380257 0.713801 -0.049667 0.695006 0.070627
-0.035226 0.378771 1.379909 0.713893 -0.050006 0.694862 0.070876
-0.035046 0.378848 1.379567 0.713982 -0.050337 0.694721 0.071123
-0.034868 0.378923 1.379232 0.714070 -0.050662 0.694582 0.071368
-0.034692 0.378996 1.378902 0.714155 -0.050980 0.694446 0.071610
-0.034519 0.379067 1.378579 0.714239 -0.051291 0.694313 0.071849
-0.034349 0.379137 1.378262 0.714320 -0.051595 0.694182 0.072085
-0.034181 0.379205 1.377951 0.714400 -0.051892 0.694053 0.072318
-0.034016 0.379272 1.377646 0.714478 -0.052182 0.693927 0.072549
-0.033853 0.379338 1.377346 0.714554 -0.052465 0.693804 0.072776
-0.033694 0.379402 1.377052 0.714628 -0.052742 0.693683 0.072999
-0.033537 0.379465 1.376763 0.714701 -0.053013 0.693564 0.073219
-0.033375 0.379555 1.376413 0.714689 -0.053511 0.693512 0.073476
-0.033205 0.379676 1.376014 0.714677 -0.054042 0.693453 0.073755
-0.033025 0.379818 1.375579 0.714692 -0.054555 0.693367 0.074041
-0.032837 0.379975 1.375118 0.714733 -0.055046 0.693255 0.074321
-0.032639 0.380141 1.374640 0.714795 -0.055515 0.693125 0.074592
-0.032434 0.380311 1.374151 0.714871 -0.055966 0.692981 0.074858
-0.032223 0.380482 1.373656 0.714957 -0.056400 0.692830 0.075120
-0.032005 0.380652 1.373159 0.715048 -0.056822 0.692673 0.075382
-0.031782 0.380818 1.372661 0.715141 -0.057232 0.692514 0.075647
-0.031555 0.380980 1.372166 0.715235 -0.057633 0.692354 0.075914
-0.031323 0.381137 1.371675 0.715329 -0.058026 0.692195 0.076186
-0.031089 0.381289 1.371188 0.715421 -0.058412 0.692037 0.076461
-0.030853 0.381434 1.370707 0.715511 -0.058792 0.691880 0.076742
-0.030615 0.381574 1.370232 0.715599 -0.059166 0.691725 0.077025
-0.030375 0.381709 1.369764 0.715685 -0.059535 0.691573 0.077312
-0.030135 0.381838 1.369304 0.715768 -0.059899 0.691423 0.077602
-0.029895 0.381962 1.368850 0.715849 -0.060257 0.691275 0.077895
-0.029655 0.382082 1.368404 0.715928 -0.060610 0.691130 0.078189
-0.029416 0.382196 1.367965 0.716004 -0.060958 0.690987 0.078484
-0.029177 0.382307 1.367534 0.716077 -0.061301 0.690847 0.078779
-0.028941 0.382413 1.367111 0.716149 -0.061639 0.690709 0.079074
-0.028705 0.382516 1.366695 0.716218 -0.061971 0.690573 0.079369
-0.028472 0.382615 1.366286 0.716286 -0.062297 0.690440 0.079663
-0.028240 0.382711 1.365885 0.716351 -0.062618 0.690309 0.079956
-0.028011 0.382804 1.365491 0.716415 -0.062933 0.690181 0.080246
-0.027785 0.382894 1.365105 0.716477 -0.063243 0.690055 0.080535
-0.027561 0.382981 1.364725 0.716537 -0.063546 0.689931 0.080821
-0.027340 0.383066 1.364353 0.716596 -0.063844 0.689809 0.081105
-0.027121 0.383148 1.363987 0.716653 -0.064136 0.689689 0.081386
-0.026906 0.383229 1.363629 0.716709 -0.064422 0.689572 0.081663
-0.026694 0.383307 1.363277 0.716763 -0.064702 0.689456 0.081937
-0.026484 0.383383 1.362931 0.716817 -0.064976 0.689343 0.082208
-0.026278 0.383458 1.362592 0.716869 -0.065244 0.689232 0.082476
-0.026075 0.383530 1.362259 0.716920 -0.065507 0.689122 0.082739
-0.025876 0.383601 1.361932 0.716969 -0.065763 0.689015 0.082999
-0.025680 0.383671 1.361612 0.717018 -0.066014 0.688909 0.083255
-0.025487 0.383739 1.361297 0.717066 -0.066258 0.688805 0.083507
-0.025297 0.383806 1.360988 0.717113 -0.066498 0.688703 0.083756
-0.025111 0.383871 1.360685 0.717159 -0.066731 0.688603 0.084000
-0.024928 0.383936 1.360388 0.717204 -0.066959 0.688505 0.084240
-0.024742 0.384023 1.360038 0.717189 -0.067376 0.688442 0.084547
-0.024547 0.384130 1.359653 0.717212 -0.067819 0.688327 0.084928
-0.024343 0.384254 1.359242 0.717275 -0.068280 0.688169 0.085315
-0.024131 0.384391 1.358816 0.717368 -0.068748 0.687978 0.085690
-0.023912 0.384535 1.358382 0.717484 -0.069215 0.687766 0.086049
-0.023685 0.384684 1.357944 0.717614 -0.069678 0.687540 0.086395
-0.023453 0.384835 1.357505 0.717752 -0.070134 0.687308 0.086731
-0.023215 0.384985 1.357069 0.717893 -0.070583 0.687072 0.087061
-0.022973 0.385134 1.356636 0.718036 -0.071025 0.686836 0.087388
-0.022727 0.385279 1.356209 0.718178 -0.071461 0.686601 0.087712
-0.022478 0.385421 1.355787 0.718317 -0.071891 0.686368 0.088035
-0.022226 0.385559 1.355372 0.718454 -0.072315 0.686139 0.088359
-0.021973 0.385692 1.354964 0.718587 -0.072734 0.685914 0.088682
-0.021718 0.385820 1.354562 0.718716 -0.073148 0.685693 0.089006
-0.021462 0.385944 1.354168 0.718841 -0.073556 0.685476 0.089330
-0.021206 0.386064 1.353781 0.718963 -0.073959 0.685262 0.089655
-0.020951 0.386179 1.353401 0.719080 -0.074357 0.685053 0.089979
-0.020695 0.386290 1.353028 0.719194 -0.074749 0.684848 0.090302
-0.020441 0.386397 1.352662 0.719305 -0.075136 0.684648 0.090625
-0.020188 0.386501 1.352304 0.719412 -0.075517 0.684450 0.090947
-0.019937 0.386601 1.351952 0.719516 -0.075893 0.684257 0.091267
-0.019687 0.386697 1.351606 0.719616 -0.076262 0.684068 0.091585
-0.019440 0.386791 1.351268 0.719714 -0.076626 0.683882 0.091901
-0.019195 0.386881 1.350936 0.719809 -0.076983 0.683699 0.092215
-0.018952 0.386969 1.350610 0.719901 -0.077335 0.683520 0.092526
-0.018712 0.387054 1.350290 0.719991 -0.077680 0.683345 0.092834
-0.018475 0.387137 1.349977 0.720079 -0.078019 0.683173 0.093139
-0.018241 0.387217 1.349669 0.720164 -0.078352 0.683004 0.093440
-0.018010 0.387295 1.349368 0.720247 -0.078678 0.682838 0.093738
-0.017783 0.387371 1.349072 0.720328 -0.078998 0.682675 0.094032
-0.017558 0.387446 1.348782 0.720407 -0.079312 0.682515 0.094322
-0.017337 0.387518 1.348497 0.720485 -0.079619 0.682358 0.094608
-0.017120 0.387589 1.348218 0.720560 -0.079920 0.682204 0.094891
-0.016906 0.387659 1.347944 0.720634 -0.080214 0.682052 0.095168
-0.016695 0.387726 1.347675 0.720706 -0.080503 0.681904 0.095442
-0.016488 0.387793 1.347411 0.720777 -0.080785 0.681758 0.095711
-0.016284 0.387858 1.347152 0.720846 -0.081060 0.681615 0.095976
-0.016084 0.387922 1.346898 0.720914 -0.081330 0.681474 0.096237
-0.015888 0.387984 1.346649 0.720980 -0.081593 0.681336 0.096493
-0.015695 0.388046 1.346404 0.721045 -0.081851 0.681201 0.096745
-0.015501 0.388132 1.346111 0.721019 -0.082254 0.681138 0.097039
-0.015307 0.388244 1.345778 0.720996 -0.082646 0.681068 0.097368
-0.015114 0.388375 1.345414 0.720998 -0.083014 0.680974 0.097697
-0.014919 0.388519 1.345030 0.721027 -0.083358 0.680857 0.098010
-0.014724 0.388673 1.344631 0.721077 -0.083682 0.680722 0.098306
-0.014527 0.388831 1.344223 0.721142 -0.083988 0.680574 0.098588
-0.014330 0.388992 1.343810 0.721218 -0.084278 0.680418 0.098859
-0.014133 0.389152 1.343395 0.721301 -0.084556 0.680258 0.099122
-0.013935 0.389311 1.342980 0.721388 -0.084824 0.680094 0.099380
-0.013738 0.389467 1.342567 0.721477 -0.085082 0.679930 0.099635
-0.013541 0.389619 1.342156 0.721568 -0.085332 0.679765 0.099887
-0.013345 0.389768 1.341750 0.721659 -0.085576 0.679601 0.100139
-0.013149 0.389913 1.341348 0.721749 -0.085813 0.679439 0.100389
-0.012955 0.390054 1.340952 0.721838 -0.086045 0.679277 0.100638
-0.012762 0.390191 1.340561 0.721926 -0.086273 0.679118 0.100887
-0.012571 0.390324 1.340175 0.722013 -0.086495 0.678961 0.101134
-0.012381 0.390454 1.339796 0.722098 -0.086713 0.678806 0.101381
-0.012194 0.390579 1.339422 0.722182 -0.086927 0.678653 0.101626
-0.012008 0.390702 1.339055 0.722264 -0.087137 0.678502 0.101870
-0.011825 0.390821 1.338694 0.722345 -0.087342 0.678353 0.102112
-0.011644 0.390936 1.338339 0.722424 -0.087544 0.678207 0.102352
-0.011465 0.391049 1.337990 0.722501 -0.087741 0.678063 0.102590
-0.011289 0.391159 1.337648 0.722577 -0.087934 0.677921 0.102826
-0.011115 0.391267 1.337312 0.722652 -0.088124 0.677781 0.103059
-0.010944 0.391371 1.336981 0.722725 -0.088309 0.677643 0.103290
-0.010776 0.391474 1.336657 0.722797 -0.088491 0.677508 0.103517
-0.010610 0.391574 1.336338 0.722868 -0.088668 0.677375 0.103742
-0.010447 0.391672 1.336025 0.722938 -0.088841 0.677244 0.103964
-0.010286 0.391768 1.335718 0.723006 -0.089011 0.677115 0.104183
-0.010129 0.391862 1.335417 0.723073 -0.089177 0.676989 0.104398
-0.009974 0.391954 1.335121 0.723139 -0.089339 0.676864 0.104610
-0.009822 0.392044 1.334830 0.723204 -0.089497 0.676741 0.104819
-0.009673 0.392133 1.334545 0.723268 -0.089651 0.676621 0.105024
-0.009526 0.392219 1.334265 0.723331 -0.089801 0.676502 0.105226
-0.009382 0.392305 1.333991 0.723393 -0.089948 0.676385 0.105425
-0.009241 0.392388 1.333721 0.723454 -0.090091 0.676271 0.105621
-0.009102 0.392471 1.333456 0.723514 -0.090230 0.676158 0.105813
-0.008967 0.392552 1.333197 0.723573 -0.090366 0.676047 0.106001
-0.008833 0.392631 1.332942 0.723631 -0.090499 0.675938 0.106186
-0.008703 0.392709 1.332691 0.723689 -0.090627 0.675831 0.106368
-0.008558 0.392798 1.332402 0.723685 -0.090864 0.675756 0.106665
-0.008400 0.392895 1.332086 0.723677 -0.091157 0.675670 0.107010
-0.008227 0.392999 1.331749 0.723688 -0.091471 0.675559 0.107370
-0.008040 0.393106 1.331400 0.723717 -0.091793 0.675427 0.107732
-0.007842 0.393213 1.331044 0.723759 -0.092120 0.675279 0.108091
-0.007632 0.393319 1.330685 0.723811 -0.092450 0.675122 0.108448
-0.007412 0.393423 1.330325 0.723867 -0.092780 0.674960 0.108803
-0.007184 0.393521 1.329967 0.723925 -0.093111 0.674795 0.109159
-0.006947 0.393615 1.329612 0.723982 -0.093443 0.674629 0.109517
-0.006704 0.393704 1.329261 0.724038 -0.093774 0.674465 0.109878
-0.006455 0.393786 1.328915 0.724091 -0.094106 0.674302 0.110242
-0.006202 0.393864 1.328574 0.724141 -0.094437 0.674142 0.110609
-0.005944 0.393935 1.328240 0.724188 -0.094769 0.673984 0.110979
-0.005683 0.394001 1.327910 0.724231 -0.095099 0.673829 0.111351
-0.005419 0.394063 1.327587 0.724272 -0.095429 0.673677 0.111725
-0.005154 0.394119 1.327270 0.724309 -0.095758 0.673528 0.112100
-0.004888 0.394171 1.326959 0.724344 -0.096085 0.673382 0.112476
-0.004620 0.394219 1.326654 0.724376 -0.096411 0.673238 0.112852
-0.004353 0.394263 1.326355 0.724405 -0.096734 0.673097 0.113228
-0.004086 0.394304 1.326062 0.724432 -0.097055 0.672958 0.113603
-0.003820 0.394342 1.325774 0.724457 -0.097373 0.672822 0.113976
-0.003554 0.394376 1.325492 0.724480 -0.097688 0.672689 0.114347
-0.003291 0.394408 1.325216 0.724501 -0.097999 0.672558 0.114716
-0.003029 0.394438 1.324945 0.724521 -0.098307 0.672429 0.115082
-0.002769 0.394465 1.324680 0.724539 -0.098612 0.672303 0.115445
-0.002511 0.394491 1.324420 0.724557 -0.098912 0.672178 0.115805
-0.002256 0.394515 1.324165 0.724573 -0.099208 0.672056 0.116160
-0.002004 0.394537 1.323915 0.724588 -0.099499 0.671936 0.116512
-0.001754 0.394558 1.323670 0.724602 -0.099787 0.671818 0.116859
-0.001508 0.394578 1.323430 0.724615 -0.100069 0.671701 0.117202
-0.001265 0.394596 1.323195 0.724628 -0.100347 0.671587 0.117540
-0.001025 0.394614 1.322964 0.724640 -0.100620 0.671475 0.117873
-0.000788 0.394631 1.322738 0.724652 -0.100888 0.671364 0.118202
-0.000555 0.394647 1.322516 0.724663 -0.101151 0.671255 0.118525
-0.000326 0.394662 1.322298 0.724674 -0.101409 0.671149 0.118843
-0.000100 0.394677 1.322085 0.724684 -0.101662 0.671043 0.119156
0.000122 0.394692 1.321875 0.724695 -0.101910 0.670940 0.119463
0.000341 0.394706 1.321670 0.724705 -0.102154 0.670838 0.119766
0.000556 0.394719 1.321468 0.724715 -0.102392 0.670738 0.120063
0.000767 0.394733 1.321271 0.724724 -0.102625 0.670640 0.120354
0.000987 0.394764 1.321035 0.724698 -0.102871 0.670558 0.120757
0.001220 0.394810 1.320772 0.724681 -0.103123 0.670460 0.121191
0.001466 0.394865 1.320491 0.724683 -0.103376 0.670339 0.121625
0.001723 0.394926 1.320199 0.724704 -0.103630 0.670200 0.122053
0.001992 0.394988 1.319899 0.724738 -0.103884 0.670047 0.122472
0.002269 0.395051 1.319595 0.724781 -0.104139 0.669885 0.122885
0.002555 0.395111 1.319292 0.724829 -0.104395 0.669719 0.123295
0.002849 0.395167 1.318990 0.724878 -0.104654 0.669549 0.123704
0.003148 0.395219 1.318690 0.724927 -0.104915 0.669380 0.124113
0.003453 0.395267 1.318394 0.724975 -0.105178 0.669210 0.124522
0.003762 0.395309 1.318103 0.725021 -0.105443 0.669043 0.124933
0.004074 0.395347 1.317816 0.725064 -0.105710 0.668877 0.125345
0.004389 0.395379 1.317535 0.725103 -0.105979 0.668714 0.125759
0.004706 0.395408 1.317259 0.725140 -0.106250 0.668553 0.126172
0.005023 0.395432 1.316988 0.725174 -0.106521 0.668395 0.126586
0.005342 0.395451 1.316722 0.725204 -0.106793 0.668240 0.127000
0.005660 0.395467 1.316462 0.725232 -0.107065 0.668088 0.127413
0.005978 0.395480 1.316207 0.725257 -0.107338 0.667939 0.127825
0.006295 0.395490 1.315958 0.725279 -0.107609 0.667792 0.128235
0.006611 0.395497 1.315714 0.725300 -0.107880 0.667648 0.128643
0.006924 0.395501 1.315474 0.725318 -0.108149 0.667506 0.129048
0.007236 0.395503 1.315240 0.725334 -0.108416 0.667368 0.129450
0.007545 0.395504 1.315010 0.725348 -0.108682 0.667231 0.129848
0.007852 0.395502 1.314785 0.725361 -0.108945 0.667098 0.130242
0.008155 0.395499 1.314565 0.725373 -0.109206 0.666966 0.130632
0.008455 0.395494 1.314350 0.725383 -0.109463 0.666838 0.131017
0.008752 0.395488 1.314138 0.725392 -0.109718 0.666711 0.131398
0.009045 0.395482 1.313931 0.725399 -0.109970 0.666587 0.131774
0.009335 0.395474 1.313728 0.725406 -0.110218 0.666465 0.132145
0.009621 0.395466 1.313529 0.725412 -0.110462 0.666345 0.132510
0.009903 0.395457 1.313335 0.725418 -0.110703 0.666228 0.132870
0.010181 0.395447 1.313144 0.725423 -0.110940 0.666112 0.133225
0.010454 0.395437 1.312956 0.725427 -0.111173 0.665999 0.133573
0.010724 0.395427 1.312773 0.725431 -0.111403 0.665887 0.133916
0.010989 0.395417 1.312593 0.725434 -0.111628 0.665778 0.134254
0.011250 0.395407 1.312416 0.725437 -0.111849 0.665671 0.134585
0.011507 0.395396 1.312243 0.725440 -0.112066 0.665565 0.134911
0.011760 0.395386 1.312073 0.725443 -0.112279 0.665462 0.135231
0.012008 0.395375 1.311906 0.725445 -0.112488 0.665360 0.135545
0.012252 0.395365 1.311742 0.725447 -0.112692 0.665260 0.135853
0.012503 0.395375 1.311542 0.725423 -0.112891 0.665177 0.136226
0.012760 0.395398 1.311308 0.725394 -0.113108 0.665093 0.136609
0.013024 0.395428 1.311049 0.725383 -0.113318 0.664990 0.136993
0.013294 0.395463 1.310772 0.725391 -0.113520 0.664869 0.137371
0.013570 0.395498 1.310483 0.725412 -0.113716 0.664735 0.137743
0.013852 0.395532 1.310186 0.725444 -0.113907 0.664592 0.138110
0.014138 0.395563 1.309884 0.725481 -0.114096 0.664442 0.138475
0.014427 0.395591 1.309580 0.725522 -0.114284 0.664290 0.138840
0.014719 0.395614 1.309276 0.725563 -0.114470 0.664136 0.139205
0.015013 0.395632 1.308973 0.725605 -0.114656 0.663982 0.139571
0.015308 0.395646 1.308671 0.725645 -0.114842 0.663828 0.139939
0.015604 0.395655 1.308372 0.725684 -0.115029 0.663675 0.140308
0.015900 0.395660 1.308077 0.725721 -0.115215 0.663524 0.140678
0.016196 0.395660 1.307785 0.725756 -0.115403 0.663374 0.141050
0.016491 0.395657 1.307498 0.725789 -0.115590 0.663227 0.141421
0.016785 0.395651 1.307214 0.725820 -0.115777 0.663081 0.141792
0.017078 0.395641 1.306936 0.725848 -0.115965 0.662937 0.142163
0.017368 0.395629 1.306661 0.725875 -0.116152 0.662796 0.142533
0.017657 0.395614 1.306392 0.725901 -0.116338 0.662656 0.142900
0.017942 0.395598 1.306127 0.725924 -0.116523 0.662519 0.143266
0.018225 0.395579 1.305867 0.725946 -0.116708 0.662384 0.143628
0.018505 0.395559 1.305612 0.725967 -0.116891 0.662251 0.143988
0.018782 0.395537 1.305361 0.725987 -0.117072 0.662120 0.144344
0.019056 0.395515 1.305115 0.726005 -0.117252 0.661991 0.144696
0.019326 0.395491 1.304873 0.726023 -0.117430 0.661864 0.145045
0.019592 0.395467 1.304636 0.726039 -0.117606 0.661739 0.145389
0.019855 0.395442 1.304403 0.726055 -0.117779 0.661616 0.145728
0.020114 0.395417 1.304175 0.726070 -0.117951 0.661495 0.146063
0.020369 0.395391 1.303951 0.726084 -0.118120 0.661376 0.146393
0.020620 0.395366 1.303732 0.726098 -0.118286 0.661259 0.146718
0.020868 0.395340 1.303516 0.726111 -0.118450 0.661144 0.147038
0.021111 0.395314 1.303305 0.726124 -0.118611 0.661031 0.147353
0.021350 0.395288 1.303097 0.726137 -0.118769 0.660920 0.147662
0.021585 0.395263 1.302894 0.726149 -0.118924 0.660811 0.147966
0.021816 0.395238 1.302694 0.726161 -0.119077 0.660704 0.148265
0.022043 0.395213 1.302498 0.726172 -0.119226 0.660598 0.148558
0.022266 0.395188 1.302305 0.726183 -0.119373 0.660494 0.148846
0.022485 0.395164 1.302117 0.726195 -0.119516 0.660392 0.149129
0.022700 0.395140 1.301931 0.726206 -0.119657 0.660292 0.149407
0.022911 0.395117 1.301750 0.726216 -0.119794 0.660193 0.149679
0.023136 0.395120 1.301538 0.726241 -0.119884 0.660089 0.149951
0.023370 0.395138 1.301302 0.726274 -0.119925 0.659979 0.150241
0.023612 0.395165 1.301047 0.726321 -0.119942 0.659859 0.150527
0.023861 0.395196 1.300781 0.726381 -0.119946 0.659728 0.150804
0.024117 0.395228 1.300507 0.726451 -0.119945 0.659590 0.151075
0.024379 0.395259 1.300228 0.726526 -0.119942 0.659446 0.151343
0.024645 0.395287 1.299948 0.726604 -0.119941 0.659299 0.151610
0.024916 0.395311 1.299667 0.726683 -0.119943 0.659150 0.151878
0.025190 0.395331 1.299387 0.726761 -0.119949 0.659001 0.152149
0.025467 0.395345 1.299109 0.726837 -0.119960 0.658851 0.152423
0.025745 0.395355 1.298835 0.726911 -0.119976 0.658703 0.152700
0.026025 0.395361 1.298564 0.726982 -0.119998 0.658555 0.152981
0.026305 0.395362 1.298297 0.727050 -0.120025 0.658409 0.153264
0.026586 0.395358 1.298034 0.727115 -0.120056 0.658265 0.153550
0.026866 0.395352 1.297776 0.727177 -0.120093 0.658123 0.153838
0.027145 0.395341 1.297522 0.727236 -0.120134 0.657983 0.154127
0.027423 0.395328 1.297272 0.727292 -0.120179 0.657845 0.154417
0.027700 0.395312 1.297027 0.727345 -0.120227 0.657708 0.154707
0.027975 0.395293 1.296787 0.727396 -0.120279 0.657574 0.154997
0.028247 0.395272 1.296552 0.727445 -0.120334 0.657442 0.155287
0.028518 0.395249 1.296321 0.727491 -0.120391 0.657312 0.155575
0.028786 0.395225 1.296094 0.727535 -0.120450 0.657184 0.155862
0.029051 0.395199 1.295872 0.727578 -0.120511 0.657059 0.156148
0.029313 0.395172 1.295654 0.727618 -0.120574 0.656935 0.156431
0.029572 0.395144 1.295441 0.727657 -0.120638 0.656813 0.156711
0.029828 0.395115 1.295231 0.727694 -0.120704 0.656693 0.156989
0.030080 0.395085 1.295026 0.727730 -0.120770 0.656576 0.157264
0.030329 0.395055 1.294825 0.727765 -0.120836 0.656460 0.157535
0.030575 0.395025 1.294628 0.727798 -0.120903 0.656346 0.157804
0.030817 0.394994 1.294435 0.727830 -0.120970 0.656235 0.158069
0.031055 0.394963 1.294245 0.727861 -0.121038 0.656125 0.158330
0.031289 0.394932 1.294060 0.727891 -0.121105 0.656017 0.158587
0.031520 0.394901 1.293877 0.727921 -0.121171 0.655911 0.158840
0.031747 0.394870 1.293699 0.727949 -0.121238 0.655806 0.159090
0.031971 0.394840 1.293524 0.727976 -0.121304 0.655704 0.159336
0.032191 0.394809 1.293352 0.728003 -0.121369 0.655604 0.159577
0.032406 0.394779 1.293183 0.728029 -0.121434 0.655505 0.159815
0.032618 0.394749 1.293018 0.728055 -0.121498 0.655408 0.160048
0.032827 0.394719 1.292856 0.728080 -0.121561 0.655312 0.160278
0.033031 0.394690 1.292697 0.728104 -0.121623 0.655219 0.160503
0.033258 0.394687 1.292507 0.728165 -0.121681 0.655111 0.160621
0.033503 0.394705 1.292296 0.728263 -0.121686 0.654979 0.160714
0.033766 0.394736 1.292071 0.728384 -0.121669 0.654829 0.160784
0.034045 0.394773 1.291838 0.728520 -0.121645 0.654668 0.160841
0.034338 0.394811 1.291602 0.728664 -0.121621 0.654500 0.160894
0.034643 0.394847 1.291366 0.728811 -0.121603 0.654327 0.160948
0.034958 0.394879 1.291131 0.728957 -0.121594 0.654151 0.161008
0.035283 0.394905 1.290899 0.729100 -0.121595 0.653974 0.161077
0.035616 0.394925 1.290672 0.729238 -0.121607 0.653798 0.161155
0.035955 0.394939 1.290449 0.729371 -0.121632 0.653623 0.161244
0.036300 0.394946 1.290231 0.729498 -0.121667 0.653450 0.161344
0.036649 0.394947 1.290019 0.729619 -0.121714 0.653279 0.161454
0.037002 0.394942 1.289812 0.729734 -0.121771 0.653111 0.161574
0.037357 0.394931 1.289611 0.729842 -0.121839 0.652946 0.161703
0.037714 0.394915 1.289415 0.729944 -0.121915 0.652783 0.161841
0.038073 0.394895 1.289225 0.730040 -0.121999 0.652624 0.161986
0.038432 0.394869 1.289040 0.730131 -0.122091 0.652468 0.162138
0.038790 0.394840 1.288860 0.730216 -0.122189 0.652314 0.162296
0.039148 0.394807 1.288685 0.730297 -0.122293 0.652164 0.162460
0.039505 0.394771 1.288514 0.730373 -0.122403 0.652017 0.162628
0.039860 0.394732 1.288349 0.730444 -0.122517 0.651872 0.162800
0.040214 0.394691 1.288187 0.730511 -0.122636 0.651731 0.162975
0.040564 0.394647 1.288030 0.730575 -0.122757 0.651592 0.163153
0.040913 0.394601 1.287876 0.730634 -0.122882 0.651457 0.163334
0.041258 0.394553 1.287727 0.730691 -0.123009 0.651324 0.163516
0.041600 0.394504 1.287581 0.730744 -0.123138 0.651193 0.163699
0.041938 0.394453 1.287439 0.730794 -0.123269 0.651066 0.163883
0.042273 0.394402 1.287301 0.730842 -0.123400 0.650941 0.164068
0.042604 0.394349 1.287165 0.730887 -0.123533 0.650819 0.164252
0.042931 0.394296 1.287033 0.730930 -0.123666 0.650699 0.164437
0.043253 0.394242 1.286904 0.730970 -0.123799 0.650582 0.164621
0.043572 0.394188 1.286778 0.731008 -0.123932 0.650467 0.164804
0.043886 0.394134 1.286655 0.731045 -0.124065 0.650354 0.164986
0.044195 0.394079 1.286534 0.731079 -0.124198 0.650244 0.165168
0.044500 0.394024 1.286416 0.731112 -0.124329 0.650136 0.165347
0.044801 0.393970 1.286301 0.731144 -0.124460 0.650031 0.165526
0.045097 0.393915 1.286188 0.731174 -0.124590 0.649927 0.165702
0.045388 0.393861 1.286077 0.731202 -0.124719 0.649826 0.165877
0.045675 0.393806 1.285969 0.731229 -0.124846 0.649726 0.166050
0.045957 0.393753 1.285863 0.731255 -0.124972 0.649629 0.166221
0.046257 0.393719 1.285724 0.731323 -0.125097 0.649528 0.166226
0.046573 0.393692 1.285567 0.731424 -0.125214 0.649414 0.166137
0.046901 0.393665 1.285397 0.731541 -0.125313 0.649292 0.166024
0.047239 0.393634 1.285218 0.731663 -0.125400 0.649167 0.165912
0.047586 0.393596 1.285034 0.731784 -0.125482 0.649040 0.165812
0.047940 0.393549 1.284846 0.731901 -0.125565 0.648913 0.165728
0.048299 0.393494 1.284657 0.732013 -0.125653 0.648786 0.165662
0.048664 0.393431 1.284468 0.732120 -0.125746 0.648660 0.165615
0.049032 0.393360 1.284279 0.732221 -0.125846 0.648534 0.165587
0.049403 0.393281 1.284092 0.732316 -0.125953 0.648409 0.165576
0.049776 0.393195 1.283906 0.732404 -0.126067 0.648286 0.165581
0.050149 0.393103 1.283724 0.732487 -0.126188 0.648163 0.165601
0.050523 0.393006 1.283544 0.732564 -0.126316 0.648043 0.165635
0.050897 0.392903 1.283368 0.732636 -0.126450 0.647924 0.165681
0.051270 0.392796 1.283194 0.732702 -0.126589 0.647806 0.165739
0.051642 0.392686 1.283024 0.732764 -0.126732 0.647691 0.165807
0.052012 0.392572 1.282858 0.732822 -0.126880 0.647577 0.165883
0.052379 0.392456 1.282694 0.732875 -0.127031 0.647466 0.165968
0.052744 0.392337 1.282535 0.732925 -0.127185 0.647356 0.166060
0.053106 0.392217 1.282379 0.732971 -0.127342 0.647248 0.166157
0.053464 0.392096 1.282226 0.733013 -0.127501 0.647142 0.166260
0.053819 0.391973 1.282076 0.733052 -0.127661 0.647038 0.166368
0.054170 0.391849 1.281930 0.733089 -0.127822 0.646936 0.166480
0.054517 0.391726 1.281787 0.733123 -0.127984 0.646836 0.166595
0.054860 0.391602 1.281647 0.733154 -0.128146 0.646738 0.166712
0.055198 0.391478 1.281510 0.733183 -0.128309 0.646642 0.166832
0.055532 0.391354 1.281376 0.733210 -0.128470 0.646548 0.166954
0.055862 0.391231 1.281246 0.733236 -0.128632 0.646455 0.167077
0.056187 0.391109 1.281118 0.733259 -0.128792 0.646365 0.167202
0.056507 0.390987 1.280992 0.733280 -0.128952 0.646276 0.167327
0.056822 0.390866 1.280870 0.733300 -0.129110 0.646189 0.167453
0.057132 0.390746 1.280750 0.733319 -0.129267 0.646104 0.167578
0.057438 0.390627 1.280632 0.733336 -0.129422 0.646021 0.167704
0.057738 0.390510 1.280517 0.733352 -0.129576 0.645939 0.167830
0.058034 0.390394 1.280404 0.733367 -0.129728 0.645860 0.167955
0.058324 0.390279 1.280294 0.733381 -0.129878 0.645781 0.168079
0.058610 0.390165 1.280186 0.733394 -0.130025 0.645705 0.168203
0.058891 0.390053 1.280080 0.733406 -0.130171 0.645630 0.168326
0.059167 0.389942 1.279976 0.733417 -0.130315 0.645557 0.168448
0.059438 0.389833 1.279875 0.733427 -0.130456 0.645485 0.168569
0.059732 0.389757 1.279738 0.733497 -0.130521 0.645405 0.168520
0.060046 0.389696 1.279583 0.733610 -0.130497 0.645312 0.168402
0.060378 0.389640 1.279415 0.733740 -0.130428 0.645216 0.168257
0.060724 0.389581 1.279239 0.733874 -0.130337 0.645121 0.168110
0.061082 0.389516 1.279057 0.734006 -0.130238 0.645025 0.167975
0.061451 0.389443 1.278874 0.734135 -0.130142 0.644929 0.167857
0.061828 0.389361 1.278689 0.734257 -0.130055 0.644833 0.167760
0.062213 0.389270 1.278505 0.734373 -0.129978 0.644736 0.167684
0.062603 0.389169 1.278323 0.734482 -0.129915 0.644639 0.167630
0.062998 0.389060 1.278143 0.734583 -0.129866 0.644542 0.167595
0.063396 0.388943 1.277967 0.734678 -0.129830 0.644445 0.167580
0.063798 0.388819 1.277793 0.734765 -0.129808 0.644349 0.167583
0.064200 0.388688 1.277623 0.734846 -0.129798 0.644254 0.167602
0.064604 0.388551 1.277457 0.734921 -0.129800 0.644160 0.167636
0.065008 0.388409 1.277296 0.734989 -0.129813 0.644067 0.167683
0.065411 0.388263 1.277137 0.735052 -0.129836 0.643975 0.167743
0.065813 0.388114 1.276983 0.735109 -0.129868 0.643885 0.167813
0.066214 0.387961 1.276833 0.735161 -0.129908 0.643796 0.167893
0.066612 0.387805 1.276687 0.735209 -0.129956 0.643709 0.167982
0.067008 0.387648 1.276544 0.735253 -0.130011 0.643623 0.168079
0.067401 0.387489 1.276405 0.735292 -0.130072 0.643538 0.168182
0.067790 0.387329 1.276270 0.735328 -0.130138 0.643455 0.168291
0.068176 0.387167 1.276138 0.735361 -0.130208 0.643374 0.168405
0.068558 0.387006 1.276009 0.735390 -0.130283 0.643294 0.168524
0.068936 0.386844 1.275884 0.735416 -0.130362 0.643216 0.168646
0.069310 0.386682 1.275762 0.735440 -0.130443 0.643140 0.168771
0.069679 0.386521 1.275642 0.735461 -0.130528 0.643065 0.168899
0.070043 0.386360 1.275526 0.735480 -0.130614 0.642992 0.169029
0.070403 0.386200 1.275412 0.735496 -0.130702 0.642920 0.169161
0.070758 0.386041 1.275302 0.735511 -0.130792 0.642851 0.169294
0.071107 0.385883 1.275194 0.735524 -0.130883 0.642782 0.169428
0.071452 0.385726 1.275088 0.735534 -0.130975 0.642716 0.169562
0.071792 0.385571 1.274985 0.735544 -0.131067 0.642650 0.169697
0.072126 0.385417 1.274884 0.735552 -0.131160 0.642587 0.169832
0.072456 0.385264 1.274785 0.735558 -0.131253 0.642525 0.169967
0.072780 0.385113 1.274689 0.735563 -0.131346 0.642464 0.170101
0.073099 0.384964 1.274594 0.735567 -0.131439 0.642405 0.170235
0.073413 0.384817 1.274502 0.735570 -0.131532 0.642348 0.170369
0.073721 0.384671 1.274411 0.735572 -0.131623 0.642292 0.170501
0.074024 0.384527 1.274322 0.735573 -0.131715 0.642237 0.170633
0.074353 0.384420 1.274203 0.735643 -0.131759 0.642180 0.170511
0.074701 0.384332 1.274069 0.735741 -0.131719 0.642128 0.170311
0.075063 0.384252 1.273925 0.735852 -0.131629 0.642080 0.170085
0.075438 0.384173 1.273776 0.735966 -0.131514 0.642033 0.169858
0.075823 0.384090 1.273624 0.736079 -0.131390 0.641986 0.169640
0.076217 0.384001 1.273472 0.736190 -0.131268 0.641938 0.169437
0.076618 0.383905 1.273320 0.736295 -0.131153 0.641889 0.169254
0.077025 0.383801 1.273169 0.736395 -0.131051 0.641838 0.169092
0.077436 0.383690 1.273022 0.736489 -0.130961 0.641786 0.168949
0.077851 0.383571 1.272878 0.736577 -0.130887 0.641733 0.168827
0.078267 0.383446 1.272737 0.736658 -0.130826 0.641679 0.168723
0.078685 0.383314 1.272599 0.736733 -0.130779 0.641625 0.168637
0.079104 0.383177 1.272466 0.736802 -0.130745 0.641571 0.168568
0.079523 0.383034 1.272337 0.736865 -0.130723 0.641517 0.168514
0.079941 0.382888 1.272211 0.736923 -0.130713 0.641463 0.168475
0.080357 0.382737 1.272089 0.736975 -0.130713 0.641410 0.168448
0.080772 0.382584 1.271971 0.737023 -0.130722 0.641357 0.168433
0.081184 0.382428 1.271857 0.737066 -0.130740 0.641305 0.168428
0.081593 0.382269 1.271746 0.737105 -0.130767 0.641253 0.168434
0.081999 0.382109 1.271639 0.737141 -0.130800 0.641202 0.168447
0.082401 0.381947 1.271534 0.737172 -0.130839 0.641152 0.168469
0.082799 0.381785 1.271433 0.737200 -0.130885 0.641103 0.168498
0.083194 0.381622 1.271335 0.737226 -0.130935 0.641055 0.168533
0.083583 0.381458 1.271240 0.737248 -0.130990 0.641007 0.168574
0.083969 0.381295 1.271147 0.737268 -0.131049 0.640960 0.168620
0.084349 0.381132 1.271058 0.737285 -0.131111 0.640915 0.168670
0.084725 0.380969 1.270970 0.737299 -0.131176 0.640870 0.168724
0.085096 0.380807 1.270885 0.737312 -0.131244 0.640826 0.168782
0.085461 0.380645 1.270802 0.737323 -0.131314 0.640783 0.168843
0.085822 0.380485 1.270722 0.737332 -0.131386 0.640742 0.168906
0.086177 0.380325 1.270643 0.737339 -0.131460 0.640701 0.168972
0.086527 0.380167 1.270567 0.737345 -0.131535 0.640661 0.169040
0.086871 0.380011 1.270492 0.737349 -0.131611 0.640622 0.169110
0.087210 0.379855 1.270419 0.737352 -0.131687 0.640584 0.169181
0.087543 0.379701 1.270348 0.737354 -0.131765 0.640547 0.169253
0.087871 0.379549 1.270278 0.737355 -0.131842 0.640511 0.169326
0.088194 0.379399 1.270210 0.737355 -0.131920 0.640475 0.169401
0.088512 0.379250 1.270144 0.737353 -0.131997 0.640441 0.169476
0.088823 0.379103 1.270078 0.737351 -0.132075 0.640407 0.169551
0.089130 0.378957 1.270015 0.737348 -0.132152 0.640375 0.169627
0.089465 0.378845 1.269918 0.737445 -0.132169 0.640318 0.169409
0.089826 0.378740 1.269802 0.737590 -0.132156 0.640247 0.169053
0.090207 0.378631 1.269672 0.737752 -0.132112 0.640173 0.168664
0.090607 0.378512 1.269534 0.737915 -0.132051 0.640098 0.168284
0.091021 0.378380 1.269390 0.738072 -0.131987 0.640023 0.167929
0.091448 0.378233 1.269244 0.738220 -0.131930 0.639948 0.167607
0.091885 0.378072 1.269096 0.738357 -0.131885 0.639874 0.167319
0.092332 0.377897 1.268948 0.738484 -0.131854 0.639800 0.167066
0.092786 0.377709 1.268802 0.738601 -0.131840 0.639726 0.166846
0.093246 0.377509 1.268657 0.738706 -0.131843 0.639653 0.166658
0.093710 0.377298 1.268515 0.738802 -0.131861 0.639580 0.166499
0.094178 0.377077 1.268376 0.738888 -0.131896 0.639508 0.166368
0.094648 0.376847 1.268241 0.738964 -0.131945 0.639437 0.166262
0.095119 0.376610 1.268108 0.739033 -0.132007 0.639367 0.166178
0.095591 0.376367 1.267979 0.739093 -0.132082 0.639297 0.166116
0.096062 0.376118 1.267854 0.739146 -0.132168 0.639229 0.166073
0.096533 0.375865 1.267733 0.739193 -0.132264 0.639163 0.166047
0.097001 0.375608 1.267614 0.739233 -0.132369 0.639097 0.166036
0.097467 0.375348 1.267500 0.739267 -0.132483 0.639033 0.166040
0.097930 0.375086 1.267388 0.739296 -0.132604 0.638970 0.166056
0.098390 0.374822 1.267281 0.739320 -0.132731 0.638909 0.166084
0.098846 0.374557 1.267176 0.739340 -0.132863 0.638849 0.166122
0.099298 0.374292 1.267074 0.739355 -0.133001 0.638790 0.166169
0.099745 0.374027 1.266976 0.739367 -0.133142 0.638732 0.166224
0.100188 0.373762 1.266880 0.739376 -0.133287 0.638676 0.166286
0.100625 0.373498 1.266787 0.739381 -0.133435 0.638621 0.166355
0.101057 0.373234 1.266697 0.739383 -0.133585 0.638568 0.166429
0.101484 0.372973 1.266609 0.739383 -0.133737 0.638516 0.166508
0.101905 0.372713 1.266524 0.739380 -0.133891 0.638465 0.166592
0.102321 0.372454 1.266442 0.739375 -0.134045 0.638415 0.166679
0.102730 0.372198 1.266361 0.739369 -0.134200 0.638367 0.166770
0.103133 0.371944 1.266283 0.739360 -0.134355 0.638320 0.166863
0.103531 0.371693 1.266206 0.739349 -0.134511 0.638274 0.166959
0.103922 0.371444 1.266132 0.739338 -0.134665 0.638230 0.167057
0.104307 0.371198 1.266060 0.739324 -0.134820 0.638186 0.167156
0.104686 0.370955 1.265989 0.739310 -0.134973 0.638144 0.167257
0.105059 0.370715 1.265920 0.739294 -0.135125 0.638103 0.167359
0.105426 0.370477 1.265853 0.739278 -0.135276 0.638064 0.167462
0.105786 0.370243 1.265787 0.739260 -0.135426 0.638025 0.167565
0.106140 0.370012 1.265723 0.739242 -0.135574 0.637987 0.167669
0.106520 0.369823 1.265628 0.739314 -0.135624 0.637933 0.167521
0.106915 0.369651 1.265515 0.739422 -0.135547 0.637874 0.167332
0.107324 0.369483 1.265388 0.739543 -0.135410 0.637816 0.167127
0.107743 0.369313 1.265253 0.739668 -0.135245 0.637759 0.166926
0.108171 0.369138 1.265112 0.739792 -0.135071 0.637700 0.166740
0.108606 0.368954 1.264968 0.739912 -0.134898 0.637641 0.166573
0.109046 0.368763 1.264824 0.740027 -0.134735 0.637580 0.166428
0.109490 0.368562 1.264679 0.740135 -0.134584 0.637518 0.166307
0.109937 0.368353 1.264536 0.740237 -0.134448 0.637455 0.166207
0.110386 0.368137 1.264395 0.740331 -0.134327 0.637391 0.166129
0.110836 0.367913 1.264256 0.740418 -0.134221 0.637327 0.166072
0.111285 0.367683 1.264121 0.740499 -0.134130 0.637263 0.166033
0.111734 0.367448 1.263988 0.740572 -0.134053 0.637199 0.166012
0.112182 0.367208 1.263859 0.740640 -0.133990 0.637135 0.166006
0.112627 0.366965 1.263733 0.740701 -0.133938 0.637072 0.166015
0.113070 0.366718 1.263610 0.740757 -0.133898 0.637010 0.166037
0.113510 0.366469 1.263491 0.740808 -0.133869 0.636948 0.166071
0.113946 0.366218 1.263375 0.740854 -0.133849 0.636887 0.166115
0.114378 0.365966 1.263263 0.740896 -0.133837 0.636827 0.166169
0.114806 0.365713 1.263153 0.740933 -0.133834 0.636768 0.166231
0.115230 0.365461 1.263047 0.740967 -0.133838 0.636710 0.166300
0.115649 0.365208 1.262943 0.740997 -0.133848 0.636653 0.166376
0.116062 0.364956 1.262843 0.741024 -0.133864 0.636597 0.166458
0.116471 0.364704 1.262745 0.741048 -0.133885 0.636542 0.166545
0.116874 0.364454 1.262650 0.741069 -0.133912 0.636488 0.166636
0.117272 0.364206 1.262557 0.741088 -0.133942 0.636435 0.166731
0.117664 0.363959 1.262467 0.741104 -0.133976 0.636383 0.166829
0.118050 0.363714 1.262379 0.741118 -0.134014 0.636332 0.166930
0.118431 0.363471 1.262293 0.741130 -0.134054 0.636283 0.167034
0.118806 0.363231 1.262210 0.741140 -0.134097 0.636234 0.167139
0.119174 0.362993 1.262128 0.741149 -0.134142 0.636186 0.167246
0.119537 0.362757 1.262049 0.741156 -0.134189 0.636140 0.167354
0.119894 0.362525 1.261971 0.741162 -0.134238 0.636094 0.167463
0.120245 0.362295 1.261895 0.741166 -0.134288 0.636050 0.167573
0.120590 0.362067 1.261821 0.741169 -0.134339 0.636006 0.167684
0.120930 0.361843 1.261749 0.741171 -0.134391 0.635964 0.167794
0.121263 0.361622 1.261678 0.741172 -0.134444 0.635922 0.167905
0.121590 0.361403 1.261609 0.741172 -0.134497 0.635882 0.168016
0.121912 0.361188 1.261541 0.741171 -0.134551 0.635842 0.168126
0.122228 0.360976 1.261475 0.741169 -0.134605 0.635803 0.168236
0.122572 0.360808 1.261375 0.741269 -0.134646 0.635740 0.168008
0.122942 0.360653 1.261255 0.741428 -0.134606 0.635648 0.167683
0.123332 0.360499 1.261123 0.741609 -0.134527 0.635547 0.167328
0.123739 0.360339 1.260984 0.741796 -0.134431 0.635442 0.166977
0.124161 0.360168 1.260841 0.741979 -0.134334 0.635335 0.166646
0.124596 0.359985 1.260697 0.742156 -0.134246 0.635227 0.166342
0.125041 0.359789 1.260554 0.742323 -0.134173 0.635118 0.166068
0.125494 0.359580 1.260413 0.742481 -0.134116 0.635010 0.165826
0.125955 0.359360 1.260276 0.742627 -0.134078 0.634902 0.165613
0.126421 0.359128 1.260142 0.742763 -0.134059 0.634795 0.165430
0.126891 0.358886 1.260012 0.742888 -0.134058 0.634690 0.165275
0.127364 0.358636 1.259887 0.743002 -0.134074 0.634586 0.165144
0.127839 0.358377 1.259766 0.743107 -0.134107 0.634484 0.165038
0.128314 0.358112 1.259649 0.743203 -0.134154 0.634383 0.164953
0.128790 0.357840 1.259537 0.743290 -0.134215 0.634285 0.164889
0.129265 0.357563 1.259429 0.743369 -0.134288 0.634189 0.164842
0.129739 0.357283 1.259325 0.743441 -0.134372 0.634095 0.164813
0.130210 0.356999 1.259225 0.743505 -0.134467 0.634003 0.164798
0.130679 0.356712 1.259129 0.743563 -0.134570 0.633913 0.164797
0.131145 0.356424 1.259036 0.743616 -0.134682 0.633826 0.164808
0.131607 0.356135 1.258947 0.743662 -0.134800 0.633740 0.164830
0.132065 0.355844 1.258862 0.743704 -0.134924 0.633656 0.164863
0.132518 0.355554 1.258779 0.743741 -0.135054 0.633575 0.164904
0.132967 0.355264 1.258699 0.743773 -0.135189 0.633495 0.164953
0.133410 0.354974 1.258622 0.743801 -0.135327 0.633417 0.165010
0.133849 0.354686 1.258548 0.743826 -0.135469 0.633342 0.165072
0.134282 0.354399 1.258476 0.743848 -0.135614 0.633268 0.165141
0.134709 0.354113 1.258407 0.743866 -0.135761 0.633195 0.165214
0.135131 0.353829 1.258340 0.743882 -0.135909 0.633125 0.165292
0.135546 0.353548 1.258275 0.743895 -0.136059 0.633056 0.165374
0.135956 0.353269 1.258212 0.743905 -0.136210 0.632989 0.165459
0.136359 0.352993 1.258151 0.743913 -0.136362 0.632924 0.165547
0.136756 0.352719 1.258092 0.743919 -0.136513 0.632860 0.165638
0.137147 0.352449 1.258034 0.743924 -0.136665 0.632798 0.165731
0.137532 0.352181 1.257978 0.743927 -0.136816 0.632737 0.165825
0.137910 0.351916 1.257924 0.743928 -0.136967 0.632678 0.165921
0.138282 0.351655 1.257871 0.743927 -0.137116 0.632621 0.166018
0.138648 0.351397 1.257819 0.743926 -0.137265 0.632565 0.166117
0.139008 0.351142 1.257769 0.743923 -0.137413 0.632510 0.166216
0.139361 0.350891 1.257719 0.743919 -0.137559 0.632457 0.166315
0.139738 0.350692 1.257632 0.743993 -0.137656 0.632401 0.166118
0.140134 0.350521 1.257511 0.744134 -0.137670 0.632308 0.165826
0.140547 0.350361 1.257368 0.744312 -0.137638 0.632193 0.165493
0.140973 0.350205 1.257212 0.744508 -0.137586 0.632063 0.165148
0.141410 0.350047 1.257049 0.744712 -0.137528 0.631924 0.164809
0.141855 0.349883 1.256882 0.744917 -0.137474 0.631778 0.164484
0.142307 0.349711 1.256714 0.745119 -0.137430 0.631629 0.164180
0.142764 0.349531 1.256547 0.745316 -0.137400 0.631477 0.163897
0.143225 0.349343 1.256384 0.745505 -0.137384 0.631325 0.163639
0.143688 0.349146 1.256224 0.745685 -0.137384 0.631172 0.163403
0.144153 0.348942 1.256068 0.745857 -0.137398 0.631021 0.163190
0.144619 0.348730 1.255916 0.746020 -0.137427 0.630872 0.162999
0.145084 0.348513 1.255770 0.746174 -0.137469 0.630724 0.162829
0.145548 0.348290 1.255628 0.746320 -0.137524 0.630579 0.162677
0.146011 0.348062 1.255490 0.746458 -0.137590 0.630436 0.162543
0.146471 0.347831 1.255357 0.746587 -0.137667 0.630296 0.162426
0.146928 0.347596 1.255229 0.746710 -0.137753 0.630159 0.162324
0.147382 0.347358 1.255105 0.746825 -0.137847 0.630024 0.162235
0.147833 0.347118 1.254985 0.746934 -0.137948 0.629892 0.162160
0.148279 0.346877 1.254868 0.747036 -0.138057 0.629763 0.162096
0.148721 0.346635 1.254756 0.747133 -0.138171 0.629637 0.162043
0.149158 0.346392 1.254647 0.747224 -0.138290 0.629514 0.162000
0.149590 0.346149 1.254542 0.747310 -0.138413 0.629393 0.161966
0.150017 0.345906 1.254439 0.747392 -0.138540 0.629275 0.161940
0.150439 0.345663 1.254340 0.747469 -0.138670 0.629160 0.161922
0.150855 0.345422 1.254244 0.747541 -0.138803 0.629048 0.161910
0.151265 0.345181 1.254150 0.747610 -0.138938 0.628938 0.161904
0.151670 0.344942 1.254059 0.747674 -0.139074 0.628831 0.161904
0.152069 0.344704 1.253970 0.747735 -0.139212 0.628727 0.161909
0.152462 0.344468 1.253884 0.747793 -0.139350 0.628625 0.161919
0.152850 0.344234 1.253800 0.747848 -0.139489 0.628525 0.161933
0.153231 0.344002 1.253718 0.747900 -0.139628 0.628428 0.161950
0.153606 0.343773 1.253638 0.747948 -0.139767 0.628334 0.161972
0.153975 0.343545 1.253560 0.747995 -0.139906 0.628241 0.161996
0.154339 0.343320 1.253484 0.748039 -0.140044 0.628151 0.162024
0.154696 0.343097 1.253409 0.748080 -0.140182 0.628064 0.162054
0.155047 0.342877 1.253337 0.748119 -0.140318 0.627978 0.162086
0.155392 0.342659 1.253265 0.748157 -0.140454 0.627894 0.162121
0.155732 0.342444 1.253196 0.748192 -0.140588 0.627812 0.162158
0.156065 0.342232 1.253127 0.748225 -0.140721 0.627733 0.162197
0.156420 0.342065 1.253027 0.748318 -0.140774 0.627666 0.161980
0.156789 0.341918 1.252907 0.748431 -0.140753 0.627615 0.161679
0.157171 0.341780 1.252775 0.748560 -0.140675 0.627561 0.161356
0.157563 0.341642 1.252637 0.748698 -0.140568 0.627503 0.161033
0.157962 0.341500 1.252495 0.748840 -0.140451 0.627440 0.160721
0.158368 0.341351 1.252352 0.748981 -0.140337 0.627373 0.160426
0.158779 0.341196 1.252210 0.749118 -0.140233 0.627303 0.160151
0.159193 0.341032 1.252070 0.749250 -0.140141 0.627231 0.159897
0.159610 0.340861 1.251933 0.749375 -0.140063 0.627157 0.159664
0.160028 0.340683 1.251800 0.749494 -0.140000 0.627083 0.159453
0.160447 0.340497 1.251671 0.749606 -0.139952 0.627009 0.159261
0.160865 0.340306 1.251546 0.749712 -0.139918 0.626934 0.159089
0.161283 0.340109 1.251425 0.749810 -0.139896 0.626860 0.158934
0.161699 0.339908 1.251308 0.749903 -0.139888 0.626786 0.158796
0.162112 0.339703 1.251195 0.749989 -0.139890 0.626714 0.158674
0.162524 0.339494 1.251086 0.750069 -0.139903 0.626642 0.158566
0.162932 0.339283 1.250981 0.750145 -0.139925 0.626571 0.158471
0.163337 0.339069 1.250879 0.750215 -0.139956 0.626501 0.158388
0.163738 0.338854 1.250780 0.750280 -0.139994 0.626432 0.158317
0.164136 0.338638 1.250685 0.750341 -0.140039 0.626364 0.158255
0.164529 0.338421 1.250593 0.750398 -0.140091 0.626298 0.158203
0.164917 0.338203 1.250503 0.750452 -0.140147 0.626232 0.158159
0.165301 0.337986 1.250417 0.750501 -0.140209 0.626168 0.158123
0.165680 0.337769 1.250333 0.750548 -0.140275 0.626105 0.158095
0.166054 0.337552 1.250251 0.750591 -0.140345 0.626043 0.158072
0.166424 0.337337 1.250172 0.750632 -0.140418 0.625982 0.158056
0.166787 0.337122 1.250095 0.750670 -0.140494 0.625922 0.158045
0.167146 0.336909 1.250020 0.750705 -0.140572 0.625864 0.158038
0.167499 0.336698 1.249947 0.750738 -0.140652 0.625806 0.158037
0.167847 0.336488 1.249876 0.750769 -0.140734 0.625750 0.158039
0.168189 0.336280 1.249807 0.750798 -0.140818 0.625695 0.158045
0.168526 0.336073 1.249739 0.750825 -0.140902 0.625641 0.158055
0.168858 0.335869 1.249673 0.750851 -0.140987 0.625588 0.158068
0.169184 0.335667 1.249609 0.750874 -0.141073 0.625536 0.158083
0.169505 0.335467 1.249546 0.750897 -0.141160 0.625485 0.158101
0.169820 0.335270 1.249485 0.750918 -0.141247 0.625436 0.158122
0.170130 0.335075 1.249425 0.750937 -0.141333 0.625387 0.158144
0.170434 0.334882 1.249366 0.750956 -0.141420 0.625339 0.158169
0.170733 0.334692 1.249308 0.750973 -0.141507 0.625292 0.158195
0.171027 0.334504 1.249251 0.750989 -0.141593 0.625246 0.158223
0.171341 0.334360 1.249154 0.751093 -0.141573 0.625174 0.158029
0.171672 0.334238 1.249030 0.751263 -0.141472 0.625069 0.157730
0.172017 0.334123 1.248890 0.751464 -0.141328 0.624945 0.157389
0.172374 0.334007 1.248740 0.751680 -0.141165 0.624810 0.157039
0.172740 0.333885 1.248584 0.751901 -0.140998 0.624668 0.156698
0.173113 0.333755 1.248426 0.752120 -0.140836 0.624522 0.156373
0.173492 0.333616 1.248268 0.752335 -0.140687 0.624373 0.156070
0.173876 0.333467 1.248112 0.752542 -0.140553 0.624224 0.155789
0.174264 0.333309 1.247959 0.752741 -0.140435 0.624074 0.155532
0.174654 0.333142 1.247809 0.752931 -0.140333 0.623926 0.155297
0.175046 0.332966 1.247663 0.753113 -0.140248 0.623779 0.155085
0.175438 0.332783 1.247522 0.753285 -0.140178 0.623634 0.154894
0.175831 0.332593 1.247384 0.753449 -0.140123 0.623492 0.154723
0.176222 0.332398 1.247251 0.753604 -0.140082 0.623351 0.154570
0.176613 0.332197 1.247122 0.753751 -0.140053 0.623214 0.154434
0.177002 0.331992 1.246998 0.753890 -0.140036 0.623078 0.154313
0.177388 0.331783 1.246877 0.754022 -0.140030 0.622946 0.154208
0.177772 0.331572 1.246760 0.754148 -0.140034 0.622816 0.154115
0.178153 0.331357 1.246647 0.754267 -0.140047 0.622689 0.154035
0.178531 0.331141 1.246538 0.754380 -0.140067 0.622565 0.153965
0.178905 0.330924 1.246432 0.754487 -0.140095 0.622443 0.153906
0.179275 0.330706 1.246329 0.754589 -0.140130 0.622324 0.153857
0.179641 0.330487 1.246229 0.754686 -0.140170 0.622207 0.153816
0.180003 0.330268 1.246132 0.754779 -0.140216 0.622093 0.153782
0.180361 0.330050 1.246038 0.754867 -0.140266 0.621981 0.153756
0.180714 0.329832 1.245947 0.754951 -0.140320 0.621872 0.153737
0.181062 0.329614 1.245858 0.755031 -0.140379 0.621765 0.153723
0.181405 0.329398 1.245772 0.755108 -0.140440 0.621660 0.153715
0.181744 0.329183 1.245687 0.755181 -0.140504 0.621558 0.153711
0.182077 0.328969 1.245605 0.755250 -0.140571 0.621457 0.153712
0.182406 0.328757 1.245525 0.755317 -0.140639 0.621359 0.153717
0.182729 0.328547 1.245447 0.755381 -0.140710 0.621264 0.153726
0.183048 0.328339 1.245371 0.755442 -0.140782 0.621170 0.153739
0.183361 0.328133 1.245297 0.755501 -0.140855 0.621078 0.153754
0.183670 0.327928 1.245224 0.755557 -0.140929 0.620988 0.153772
0.183973 0.327726 1.245153 0.755611 -0.141004 0.620900 0.153793
0.184271 0.327527 1.245084 0.755663 -0.141080 0.620814 0.153816
0.184564 0.327330 1.245016 0.755713 -0.141156 0.620730 0.153841
0.184852 0.327135 1.244949 0.755761 -0.141232 0.620648 0.153868
0.185135 0.326942 1.244884 0.755807 -0.141308 0.620568 0.153897
0.185430 0.326785 1.244789 0.755881 -0.141310 0.620508 0.153769
0.185736 0.326650 1.244674 0.756002 -0.141220 0.620429 0.153576
0.186051 0.326525 1.244546 0.756148 -0.141082 0.620337 0.153352
0.186373 0.326404 1.244412 0.756308 -0.140924 0.620236 0.153119
0.186700 0.326282 1.244274 0.756474 -0.140760 0.620129 0.152887
0.187032 0.326157 1.244136 0.756640 -0.140600 0.620018 0.152663
0.187367 0.326028 1.244000 0.756804 -0.140449 0.619904 0.152451
0.187704 0.325893 1.243865 0.756964 -0.140310 0.619789 0.152252
0.188043 0.325753 1.243734 0.757118 -0.140184 0.619674 0.152068
0.188382 0.325608 1.243607 0.757267 -0.140072 0.619559 0.151899
0.188721 0.325458 1.243483 0.757409 -0.139973 0.619446 0.151744
0.189059 0.325304 1.243363 0.757545 -0.139886 0.619333 0.151603
0.189397 0.325146 1.243248 0.757675 -0.139812 0.619222 0.151476
0.189733 0.324985 1.243136 0.757799 -0.139748 0.619114 0.151360
0.190067 0.324821 1.243028 0.757917 -0.139695 0.619006 0.151256
0.190398 0.324654 1.242923 0.758029 -0.139652 0.618901 0.151163
0.190728 0.324486 1.242822 0.758136 -0.139618 0.618798 0.151079
0.191054 0.324316 1.242724 0.758238 -0.139591 0.618697 0.151005
0.191377 0.324144 1.242629 0.758336 -0.139572 0.618598 0.150940
0.191697 0.323972 1.242538 0.758429 -0.139560 0.618501 0.150882
0.192013 0.323800 1.242449 0.758518 -0.139554 0.618406 0.150831
0.192326 0.323627 1.242363 0.758602 -0.139554 0.618313 0.150787
0.192635 0.323454 1.242279 0.758683 -0.139558 0.618221 0.150749
0.192940 0.323282 1.242198 0.758761 -0.139567 0.618132 0.150716
0.193241 0.323110 1.242119 0.758835 -0.139581 0.618045 0.150689
0.193537 0.322939 1.242042 0.758906 -0.139598 0.617959 0.150666
0.193830 0.322768 1.241968 0.758974 -0.139618 0.617875 0.150648
0.194119 0.322599 1.241895 0.759040 -0.139641 0.617793 0.150634
0.194394 0.322447 1.241828 0.759107 -0.139636 0.617720 0.150601
0.194657 0.322309 1.241767 0.759176 -0.139612 0.617651 0.150555
0.194908 0.322186 1.241710 0.759248 -0.139577 0.617585 0.150495
0.195150 0.322074 1.241658 0.759322 -0.139535 0.617521 0.150424
0.195382 0.321972 1.241608 0.759398 -0.139491 0.617458 0.150344
0.195607 0.321881 1.241557 0.759483 -0.139436 0.617389 0.150249
0.195824 0.321798 1.241505 0.759573 -0.139377 0.617317 0.150143
0.196035 0.321721 1.241451 0.759667 -0.139316 0.617242 0.150029
0.196245 0.321639 1.241396 0.759756 -0.139277 0.617166 0.149928
0.196453 0.321552 1.241340 0.759840 -0.139254 0.617090 0.149839
0.196659 0.321460 1.241282 0.759918 -0.139243 0.617014 0.149762
0.196859 0.321376 1.241224 0.760002 -0.139214 0.616939 0.149676
0.197064 0.321307 1.241148 0.760105 -0.139147 0.616877 0.149470
0.197273 0.321243 1.241074 0.760223 -0.139011 0.616815 0.149251
0.197487 0.321180 1.241003 0.760346 -0.138839 0.616756 0.149027
0.197704 0.321116 1.240936 0.760471 -0.138649 0.616699 0.148804
0.197923 0.321053 1.240872 0.760597 -0.138453 0.616641 0.148585
0.198144 0.320988 1.240811 0.760720 -0.138258 0.616584 0.148371
0.198367 0.320922 1.240754 0.760841 -0.138068 0.616527 0.148164
0.198591 0.320854 1.240694 0.760969 -0.137879 0.616461 0.147958
0.198816 0.320785 1.240633 0.761098 -0.137695 0.616391 0.147756
0.199043 0.320712 1.240571 0.761227 -0.137520 0.616318 0.147561
0.199274 0.320626 1.240509 0.761345 -0.137378 0.616244 0.147392
0.199509 0.320526 1.240446 0.761453 -0.137262 0.616170 0.147249
0.199748 0.320414 1.240384 0.761552 -0.137169 0.616097 0.147129
0.199984 0.320318 1.240327 0.761656 -0.137059 0.616033 0.146962
0.200216 0.320233 1.240275 0.761762 -0.136931 0.615976 0.146772
0.200444 0.320161 1.240232 0.761872 -0.136803 0.615919 0.146559
0.200669 0.320098 1.240198 0.761985 -0.136680 0.615862 0.146327
0.200890 0.320043 1.240168 0.762097 -0.136551 0.615806 0.146096
0.201107 0.319993 1.240147 0.762204 -0.136438 0.615754 0.145861
0.201320 0.319945 1.240133 0.762301 -0.136341 0.615710 0.145639
0.201529 0.319897 1.240120 0.762394 -0.136241 0.615664 0.145431
0.201740 0.319837 1.240103 0.762487 -0.136180 0.615607 0.145245
0.201950 0.319766 1.240087 0.762571 -0.136162 0.615548 0.145074
0.202155 0.319695 1.240074 0.762643 -0.136137 0.615500 0.144920
0.202357 0.319624 1.240064 0.762706 -0.136109 0.615462 0.144779
0.202557 0.319554 1.240053 0.762769 -0.136065 0.615424 0.144650
0.202755 0.319483 1.240041 0.762831 -0.136013 0.615386 0.144531
0.202953 0.319401 1.240025 0.762894 -0.135991 0.615337 0.144428
0.203153 0.319309 1.240004 0.762955 -0.135988 0.615282 0.144345
0.203348 0.319215 1.239985 0.763004 -0.135985 0.615239 0.144270
0.203539 0.319122 1.239969 0.763045 -0.135976 0.615205 0.144205
0.203728 0.319030 1.239956 0.763081 -0.135964 0.615177 0.144148
0.203914 0.318939 1.239942 0.763118 -0.135941 0.615148 0.144096
0.204102 0.318839 1.239924 0.763157 -0.135939 0.615109 0.144058
0.204289 0.318730 1.239902 0.763196 -0.135956 0.615063 0.144033
0.204473 0.318622 1.239881 0.763225 -0.135970 0.615028 0.144012
0.204653 0.318516 1.239864 0.763249 -0.135979 0.615001 0.143996
0.204832 0.318411 1.239846 0.763272 -0.135969 0.614975 0.143994
0.205010 0.318305 1.239827 0.763295 -0.135954 0.614949 0.143999
0.205184 0.318201 1.239807 0.763319 -0.135940 0.614922 0.143997
0.205363 0.318094 1.239782 0.763375 -0.135934 0.614875 0.143904
0.205546 0.317977 1.239750 0.763458 -0.135888 0.614811 0.143784
0.205729 0.317860 1.239720 0.763544 -0.135813 0.614754 0.143645
0.205910 0.317743 1.239691 0.763631 -0.135716 0.614700 0.143500
0.206090 0.317628 1.239664 0.763718 -0.135605 0.614651 0.143352
0.206268 0.317515 1.239639 0.763805 -0.135486 0.614603 0.143206
0.206444 0.317403 1.239617 0.763890 -0.135365 0.614557 0.143063
0.206619 0.317292 1.239597 0.763974 -0.135246 0.614512 0.142924
0.206793 0.317174 1.239583 0.764042 -0.135193 0.614470 0.142789
0.206967 0.317049 1.239575 0.764100 -0.135180 0.614431 0.142663
0.207140 0.316922 1.239571 0.764150 -0.135187 0.614394 0.142548
0.207315 0.316783 1.239567 0.764192 -0.135230 0.614353 0.142452
0.207492 0.316635 1.239563 0.764229 -0.135296 0.614311 0.142372
0.207669 0.316480 1.239556 0.764263 -0.135375 0.614267 0.142308
0.207849 0.316322 1.239538 0.764307 -0.135446 0.614211 0.142244
0.208025 0.316166 1.239522 0.764347 -0.135492 0.614163 0.142194
0.208197 0.316015 1.239508 0.764383 -0.135520 0.614121 0.142154
0.208366 0.315867 1.239496 0.764417 -0.135532 0.614084 0.142123
0.208532 0.315724 1.239487 0.764449 -0.135534 0.614050 0.142096
0.208696 0.315584 1.239480 0.764479 -0.135528 0.614018 0.142074
0.208860 0.315438 1.239472 0.764508 -0.135552 0.613982 0.142056
0.209025 0.315289 1.239454 0.764545 -0.135583 0.613934 0.142036
0.209186 0.315143 1.239438 0.764578 -0.135597 0.613892 0.142023
0.209343 0.315003 1.239424 0.764608 -0.135597 0.613856 0.142016
0.209496 0.314866 1.239413 0.764636 -0.135587 0.613824 0.142012
0.209648 0.314736 1.239397 0.764671 -0.135556 0.613788 0.142007
0.209795 0.314608 1.239384 0.764703 -0.135526 0.613757 0.142003
0.209940 0.314485 1.239368 0.764740 -0.135481 0.613721 0.141998
0.210085 0.314354 1.239352 0.764774 -0.135479 0.613681 0.141994
0.210230 0.314218 1.239333 0.764803 -0.135504 0.613638 0.141995
0.210370 0.314085 1.239317 0.764829 -0.135515 0.613602 0.142003
0.210507 0.313957 1.239302 0.764852 -0.135515 0.613571 0.142015
0.210641 0.313833 1.239290 0.764873 -0.135508 0.613543 0.142029
0.210772 0.313713 1.239274 0.764900 -0.135482 0.613513 0.142041
0.210901 0.313597 1.239261 0.764923 -0.135458 0.613485 0.142054
0.211028 0.313484 1.239245 0.764953 -0.135422 0.613454 0.142064
0.211154 0.313364 1.239228 0.764978 -0.135428 0.613419 0.142075
0.211278 0.313248 1.239213 0.765000 -0.135427 0.613389 0.142089
0.211398 0.313134 1.239200 0.765018 -0.135423 0.613362 0.142107
0.211519 0.313014 1.239186 0.765035 -0.135451 0.613331 0.142125
0.211645 0.312884 1.239204 0.765080 -0.135412 0.613294 0.142079
0.211777 0.312750 1.239244 0.765132 -0.135356 0.613263 0.141988
0.211913 0.312614 1.239298 0.765185 -0.135295 0.613237 0.141873
0.212053 0.312478 1.239363 0.765236 -0.135235 0.613215 0.141747
0.212196 0.312341 1.239436 0.765284 -0.135180 0.613198 0.141618
0.212342 0.312205 1.239517 0.765326 -0.135132 0.613185 0.141491
0.212492 0.312061 1.239600 0.765363 -0.135118 0.613171 0.141367
0.212648 0.311912 1.239683 0.765397 -0.135125 0.613154 0.141249
0.212809 0.311757 1.239765 0.765427 -0.135150 0.613136 0.141140
0.212972 0.311596 1.239846 0.765452 -0.135190 0.613119 0.141043
0.213137 0.311437 1.239929 0.765472 -0.135215 0.613108 0.140957
0.213301 0.311280 1.240014 0.765487 -0.135232 0.613102 0.140880
0.213469 0.311117 1.240100 0.765499 -0.135276 0.613094 0.140812
0.213639 0.310947 1.240184 0.765506 -0.135340 0.613085 0.140753
0.213808 0.310781 1.240270 0.765508 -0.135389 0.613082 0.140703
0.213976 0.310617 1.240358 0.765508 -0.135431 0.613083 0.140661
0.214147 0.310448 1.240445 0.765504 -0.135500 0.613081 0.140624
0.214318 0.310274 1.240531 0.765496 -0.135587 0.613078 0.140595
0.214491 0.310096 1.240614 0.765485 -0.135688 0.613075 0.140573
0.214661 0.309922 1.240699 0.765471 -0.135769 0.613077 0.140559
0.214832 0.309744 1.240782 0.765454 -0.135868 0.613078 0.140552
0.215000 0.309570 1.240866 0.765435 -0.135950 0.613084 0.140551
0.215169 0.309393 1.240949 0.765414 -0.136050 0.613088 0.140554
0.215335 0.309220 1.241032 0.765390 -0.136134 0.613097 0.140562
0.215502 0.309044 1.241114 0.765365 -0.136236 0.613102 0.140574
0.215668 0.308866 1.241194 0.765338 -0.136350 0.613107 0.140591
0.215831 0.308693 1.241274 0.765310 -0.136445 0.613117 0.140612
0.215994 0.308517 1.241352 0.765280 -0.136555 0.613124 0.140637
0.216157 0.308339 1.241428 0.765248 -0.136675 0.613130 0.140665
0.216316 0.308167 1.241504 0.765216 -0.136774 0.613141 0.140698
0.216471 0.308001 1.241581 0.765182 -0.136858 0.613156 0.140734
0.216627 0.307832 1.241657 0.765148 -0.136961 0.613167 0.140769
0.216781 0.307661 1.241730 0.765114 -0.137076 0.613176 0.140807
0.216935 0.307489 1.241801 0.765078 -0.137199 0.613184 0.140848
0.217084 0.307323 1.241872 0.765041 -0.137299 0.613197 0.140892
0.217231 0.307163 1.241943 0.765005 -0.137385 0.613212 0.140938
0.217376 0.307001 1.242013 0.764968 -0.137488 0.613225 0.140983
0.217521 0.306838 1.242080 0.764931 -0.137601 0.613235 0.141030
0.217665 0.306674 1.242145 0.764893 -0.137721 0.613244 0.141078
0.217804 0.306516 1.242210 0.764855 -0.137820 0.613258 0.141129
0.217946 0.306339 1.242335 0.764849 -0.137751 0.613285 0.141110
0.218090 0.306155 1.242493 0.764851 -0.137576 0.613335 0.141055
0.218236 0.305968 1.242675 0.764851 -0.137335 0.613404 0.140988
0.218385 0.305783 1.242875 0.764844 -0.137065 0.613490 0.140912
0.218536 0.305598 1.243089 0.764829 -0.136788 0.613589 0.140834
0.218690 0.305414 1.243316 0.764805 -0.136517 0.613696 0.140759
0.218848 0.305231 1.243551 0.764772 -0.136260 0.613810 0.140689
0.219009 0.305048 1.243794 0.764731 -0.136021 0.613930 0.140625
0.219173 0.304865 1.244043 0.764682 -0.135801 0.614053 0.140566
0.219339 0.304682 1.244297 0.764626 -0.135600 0.614179 0.140513
0.219508 0.304499 1.244554 0.764564 -0.135417 0.614307 0.140466
0.219678 0.304317 1.244814 0.764497 -0.135252 0.614437 0.140424
0.219851 0.304134 1.245075 0.764425 -0.135103 0.614567 0.140388
0.220024 0.303951 1.245338 0.764348 -0.134954 0.614699 0.140374
0.220200 0.303765 1.245601 0.764265 -0.134811 0.614832 0.140378
0.220377 0.303579 1.245865 0.764177 -0.134676 0.614968 0.140394
0.220554 0.303392 1.246127 0.764086 -0.134560 0.615102 0.140410
0.220732 0.303204 1.246388 0.763992 -0.134459 0.615237 0.140429
0.220910 0.303017 1.246646 0.763897 -0.134369 0.615370 0.140451
0.221087 0.302830 1.246903 0.763800 -0.134289 0.615503 0.140474
0.221264 0.302643 1.247157 0.763701 -0.134217 0.615634 0.140500
0.221440 0.302458 1.247409 0.763602 -0.134152 0.615765 0.140528
0.221616 0.302274 1.247659 0.763502 -0.134094 0.615895 0.140558
0.221790 0.302091 1.247905 0.763402 -0.134041 0.616023 0.140589
0.221962 0.301910 1.248149 0.763302 -0.133994 0.616150 0.140622
0.222133 0.301730 1.248390 0.763201 -0.133952 0.616276 0.140656
0.222303 0.301552 1.248627 0.763101 -0.133915 0.616400 0.140692
0.222470 0.301377 1.248862 0.763002 -0.133892 0.616523 0.140715
0.222635 0.301205 1.249093 0.762904 -0.133879 0.616643 0.140730
0.222798 0.301036 1.249321 0.762808 -0.133874 0.616762 0.140739
0.222959 0.300872 1.249546 0.762716 -0.133865 0.616875 0.140743
0.223116 0.300713 1.249768 0.762628 -0.133852 0.616986 0.140746
0.223271 0.300558 1.249986 0.762543 -0.133836 0.617095 0.140751
0.223422 0.300406 1.250200 0.762458 -0.133818 0.617202 0.140758
0.223571 0.300256 1.250411 0.762374 -0.133798 0.617307 0.140768
0.223718 0.300109 1.250619 0.762291 -0.133777 0.617411 0.140783
0.223861 0.299964 1.250823 0.762207 -0.133757 0.617514 0.140802
0.224002 0.299819 1.251024 0.762122 -0.133741 0.617618 0.140824
0.224141 0.299675 1.251221 0.762036 -0.133721 0.617720 0.140860
0.224278 0.299531 1.251416 0.761948 -0.133701 0.617823 0.140904
0.224421 0.299376 1.251670 0.761880 -0.133454 0.617971 0.140855
0.224572 0.299225 1.251965 0.761815 -0.133069 0.618155 0.140766
0.224732 0.299081 1.252294 0.761746 -0.132600 0.618365 0.140659
0.224902 0.298941 1.252650 0.761670 -0.132096 0.618593 0.140544
0.225081 0.298806 1.253027 0.761585 -0.131586 0.618833 0.140424
0.225269 0.298674 1.253424 0.761491 -0.131087 0.619082 0.140303
0.225464 0.298544 1.253835 0.761388 -0.130610 0.619336 0.140184
0.225666 0.298415 1.254258 0.761276 -0.130160 0.619595 0.140067
0.225875 0.298288 1.254692 0.761156 -0.129738 0.619857 0.139953
0.226089 0.298160 1.255133 0.761028 -0.129345 0.620121 0.139843
0.226308 0.298033 1.255580 0.760894 -0.128980 0.620386 0.139737
0.226531 0.297905 1.256031 0.760753 -0.128641 0.620651 0.139636
0.226757 0.297777 1.256486 0.760607 -0.128328 0.620917 0.139539
0.226986 0.297648 1.256942 0.760457 -0.128039 0.621181 0.139446
0.227217 0.297518 1.257399 0.760303 -0.127770 0.621445 0.139359
0.227450 0.297387 1.257855 0.760145 -0.127522 0.621707 0.139276
0.227684 0.297256 1.258311 0.759984 -0.127292 0.621968 0.139198
0.227918 0.297124 1.258764 0.759821 -0.127080 0.622227 0.139125
0.228153 0.296991 1.259215 0.759657 -0.126882 0.622484 0.139057
0.228387 0.296857 1.259663 0.759490 -0.126699 0.622738 0.138993
0.228621 0.296722 1.260107 0.759321 -0.126516 0.622990 0.138952
0.228855 0.296584 1.260547 0.759150 -0.126344 0.623240 0.138923
0.229087 0.296444 1.260982 0.758978 -0.126183 0.623488 0.138902
0.229318 0.296303 1.261412 0.758804 -0.126033 0.623733 0.138887
0.229548 0.296161 1.261837 0.758630 -0.125893 0.623975 0.138877
0.229776 0.296018 1.262257 0.758455 -0.125763 0.624215 0.138871
0.230002 0.295876 1.262672 0.758282 -0.125652 0.624451 0.138856
0.230226 0.295735 1.263081 0.758110 -0.125556 0.624684 0.138835
0.230447 0.295595 1.263484 0.757940 -0.125472 0.624912 0.138810
0.230665 0.295456 1.263882 0.757772 -0.125398 0.625137 0.138782
0.230881 0.295319 1.264273 0.757607 -0.125331 0.625357 0.138753
0.231093 0.295184 1.264659 0.757444 -0.125270 0.625573 0.138725
0.231302 0.295049 1.265039 0.757282 -0.125214 0.625786 0.138698
0.231508 0.294916 1.265412 0.757123 -0.125161 0.625995 0.138674
0.231711 0.294785 1.265779 0.756965 -0.125111 0.626200 0.138652
0.231911 0.294654 1.266141 0.756810 -0.125063 0.626402 0.138633
0.232107 0.294525 1.266496 0.756656 -0.125018 0.626600 0.138618
0.232300 0.294396 1.266846 0.756504 -0.124974 0.626795 0.138606
0.232490 0.294269 1.267189 0.756353 -0.124932 0.626987 0.138597
0.232677 0.294143 1.267526 0.756205 -0.124891 0.627175 0.138592
0.232866 0.294024 1.267902 0.756053 -0.124526 0.627453 0.138490
0.233065 0.293903 1.268315 0.755896 -0.124000 0.627780 0.138342
0.233279 0.293781 1.268760 0.755732 -0.123402 0.628132 0.138170
0.233506 0.293657 1.269232 0.755563 -0.122785 0.628498 0.137981
0.233745 0.293533 1.269727 0.755388 -0.122168 0.628872 0.137783
0.233996 0.293409 1.270242 0.755206 -0.121571 0.629251 0.137580
0.234257 0.293283 1.270772 0.755017 -0.121004 0.629631 0.137377
0.234527 0.293155 1.271314 0.754821 -0.120472 0.630011 0.137176
0.234805 0.293024 1.271865 0.754619 -0.119976 0.630391 0.136980
0.235090 0.292891 1.272425 0.754410 -0.119515 0.630769 0.136791
0.235380 0.292755 1.272989 0.754195 -0.119089 0.631146 0.136611
0.235674 0.292615 1.273557 0.753975 -0.118695 0.631519 0.136439
0.235972 0.292472 1.274128 0.753751 -0.118332 0.631891 0.136278
0.236274 0.292326 1.274699 0.753522 -0.117996 0.632259 0.136126
0.236577 0.292176 1.275269 0.753289 -0.117687 0.632624 0.135986
0.236881 0.292023 1.275838 0.753054 -0.117401 0.632985 0.135855
0.237187 0.291866 1.276404 0.752816 -0.117138 0.633343 0.135735
0.237492 0.291707 1.276967 0.752576 -0.116896 0.633696 0.135626
0.237798 0.291544 1.277526 0.752334 -0.116678 0.634045 0.135523
0.238102 0.291379 1.278079 0.752091 -0.116480 0.634390 0.135429
0.238406 0.291211 1.278627 0.751848 -0.116300 0.634729 0.135342
0.238707 0.291041 1.279170 0.751605 -0.116135 0.635064 0.135265
0.239007 0.290869 1.279706 0.751362 -0.115983 0.635394 0.135195
0.239304 0.290695 1.280236 0.751119 -0.115842 0.635720 0.135134
0.239600 0.290519 1.280760 0.750876 -0.115701 0.636041 0.135098
0.239893 0.290340 1.281277 0.750632 -0.115562 0.636357 0.135080
0.240183 0.290159 1.281787 0.750388 -0.115429 0.636670 0.135075
0.240471 0.289975 1.282290 0.750145 -0.115305 0.636978 0.135080
0.240755 0.289790 1.282786 0.749902 -0.115190 0.637282 0.135093
0.241037 0.289605 1.283275 0.749662 -0.115091 0.637580 0.135101
0.241315 0.289421 1.283757 0.749424 -0.115007 0.637874 0.135107
0.241589 0.289236 1.284231 0.749189 -0.114935 0.638162 0.135111
0.241859 0.289053 1.284697 0.748957 -0.114873 0.638445 0.135115
0.242126 0.288870 1.285156 0.748728 -0.114818 0.638722 0.135119
0.242389 0.288689 1.285607 0.748503 -0.114770 0.638993 0.135126
0.242647 0.288508 1.286051 0.748280 -0.114727 0.639260 0.135135
0.242902 0.288329 1.286487 0.748060 -0.114689 0.639521 0.135147
0.243152 0.288151 1.286916 0.747844 -0.114654 0.639778 0.135163
0.243399 0.287974 1.287337 0.747630 -0.114621 0.640029 0.135182
0.243641 0.287798 1.287751 0.747419 -0.114592 0.640276 0.135205
0.243890 0.287648 1.288175 0.747200 -0.114228 0.640614 0.135125
0.244155 0.287506 1.288621 0.746984 -0.113716 0.640987 0.134979
0.244440 0.287364 1.289088 0.746770 -0.113146 0.641375 0.134796
0.244742 0.287222 1.289577 0.746557 -0.112561 0.641769 0.134591
0.245061 0.287079 1.290083 0.746342 -0.111982 0.642167 0.134373
0.245393 0.286935 1.290605 0.746124 -0.111419 0.642565 0.134146
0.245737 0.286790 1.291140 0.745903 -0.110876 0.642963 0.133918
0.246089 0.286644 1.291684 0.745678 -0.110353 0.643361 0.133694
0.246449 0.286495 1.292236 0.745448 -0.109849 0.643757 0.133481
0.246814 0.286343 1.292794 0.745213 -0.109361 0.644153 0.133283
0.247183 0.286189 1.293355 0.744973 -0.108887 0.644548 0.133102
0.247555 0.286031 1.293918 0.744729 -0.108425 0.644942 0.132941
0.247929 0.285869 1.294481 0.744480 -0.107973 0.645333 0.132803
0.248304 0.285704 1.295044 0.744227 -0.107534 0.645723 0.132683
0.248680 0.285534 1.295606 0.743972 -0.107114 0.646108 0.132581
0.249055 0.285360 1.296167 0.743714 -0.106715 0.646488 0.132493
0.249431 0.285181 1.296724 0.743455 -0.106336 0.646864 0.132420
0.249805 0.284999 1.297279 0.743194 -0.105978 0.647234 0.132361
0.250178 0.284812 1.297829 0.742932 -0.105639 0.647599 0.132315
0.250550 0.284619 1.298375 0.742668 -0.105305 0.647959 0.132301
0.250919 0.284421 1.298917 0.742402 -0.104983 0.648315 0.132311
0.251287 0.284218 1.299452 0.742134 -0.104674 0.648665 0.132340
0.251652 0.284011 1.299982 0.741866 -0.104382 0.649010 0.132383
0.252014 0.283800 1.300506 0.741597 -0.104107 0.649351 0.132437
0.252374 0.283585 1.301023 0.741329 -0.103849 0.649685 0.132500
0.252729 0.283368 1.301534 0.741061 -0.103608 0.650015 0.132570
0.253082 0.283148 1.302038 0.740795 -0.103384 0.650338 0.132647
0.253431 0.282926 1.302536 0.740530 -0.103176 0.650656 0.132729
0.253775 0.282702 1.303026 0.740268 -0.102981 0.650967 0.132815
0.254116 0.282479 1.303508 0.740009 -0.102808 0.651273 0.132895
0.254451 0.282256 1.303984 0.739753 -0.102653 0.651572 0.132969
0.254782 0.282034 1.304452 0.739502 -0.102512 0.651865 0.133041
0.255108 0.281813 1.304912 0.739255 -0.102383 0.652151 0.133112
0.255429 0.281593 1.305364 0.739011 -0.102265 0.652431 0.133183
0.255745 0.281374 1.305809 0.738772 -0.102155 0.652705 0.133255
0.256056 0.281157 1.306247 0.738536 -0.102051 0.652973 0.133330
0.256361 0.280940 1.306676 0.738303 -0.101954 0.653235 0.133408
0.256662 0.280725 1.307099 0.738074 -0.101861 0.653492 0.133489
0.256957 0.280512 1.307514 0.737849 -0.101773 0.653743 0.133575
0.257248 0.280300 1.307921 0.737626 -0.101689 0.653989 0.133664
0.257551 0.280114 1.308319 0.737399 -0.101417 0.654301 0.133594
0.257876 0.279942 1.308734 0.737181 -0.101248 0.654640 0.133261
0.258225 0.279769 1.309164 0.736973 -0.101091 0.654978 0.132869
0.258595 0.279587 1.309608 0.736769 -0.100938 0.655312 0.132473
0.258985 0.279396 1.310065 0.736561 -0.100789 0.655645 0.132097
0.259388 0.279204 1.310530 0.736358 -0.100650 0.655972 0.131706
0.259803 0.279010 1.311003 0.736158 -0.100521 0.656295 0.131315
0.260226 0.278814 1.311483 0.735957 -0.100400 0.656616 0.130932
0.260656 0.278615 1.311970 0.735752 -0.100287 0.656936 0.130566
0.261092 0.278414 1.312464 0.735542 -0.100180 0.657256 0.130219
0.261531 0.278211 1.312965 0.735328 -0.100089 0.657576 0.129880
0.261973 0.278008 1.313470 0.735109 -0.100009 0.657898 0.129552
0.262416 0.277804 1.313982 0.734885 -0.099939 0.658220 0.129239
0.262860 0.277600 1.314498 0.734655 -0.099869 0.658544 0.128948
0.263305 0.277401 1.315029 0.734417 -0.099752 0.658873 0.128716
0.263749 0.277196 1.315559 0.734170 -0.099650 0.659203 0.128510
0.264194 0.276987 1.316090 0.733917 -0.099555 0.659535 0.128329
0.264638 0.276775 1.316622 0.733657 -0.099461 0.659868 0.128175
0.265081 0.276560 1.317155 0.733391 -0.099359 0.660203 0.128054
0.265522 0.276344 1.317691 0.733119 -0.099252 0.660539 0.127962
0.265961 0.276127 1.318227 0.732841 -0.099138 0.660877 0.127895
0.266398 0.275909 1.318765 0.732559 -0.099020 0.661216 0.127851
0.266832 0.275692 1.319304 0.732273 -0.098896 0.661555 0.127828
0.267264 0.275475 1.319842 0.731985 -0.098767 0.661895 0.127823
0.267692 0.275259 1.320380 0.731693 -0.098634 0.662234 0.127836
0.268116 0.275044 1.320915 0.731401 -0.098496 0.662572 0.127865
0.268535 0.274829 1.321447 0.731108 -0.098353 0.662908 0.127910
0.268950 0.274614 1.321975 0.730815 -0.098204 0.663242 0.127970
0.269359 0.274399 1.322497 0.730522 -0.098049 0.663572 0.128046
0.269763 0.274185 1.323013 0.730231 -0.097886 0.663899 0.128137
0.270161 0.273973 1.323522 0.729942 -0.097728 0.664223 0.128224
0.270552 0.273764 1.324024 0.729658 -0.097572 0.664542 0.128311
0.270937 0.273557 1.324517 0.729378 -0.097416 0.664856 0.128394
0.271314 0.273354 1.325003 0.729103 -0.097257 0.665164 0.128477
0.271685 0.273154 1.325479 0.728834 -0.097091 0.665466 0.128565
0.272048 0.272957 1.325947 0.728569 -0.096915 0.665763 0.128661
0.272404 0.272762 1.326405 0.728309 -0.096730 0.666054 0.128766
0.272754 0.272567 1.326856 0.728051 -0.096519 0.666339 0.128909
0.273098 0.272371 1.327299 0.727794 -0.096295 0.666619 0.129079
0.273436 0.272173 1.327735 0.727539 -0.096066 0.666894 0.129267
0.273797 0.272013 1.328146 0.727325 -0.096139 0.667186 0.128908
0.274180 0.271868 1.328551 0.727150 -0.096225 0.667460 0.128419
0.274582 0.271730 1.328951 0.727002 -0.096310 0.667713 0.127873
0.275000 0.271591 1.329353 0.726867 -0.096401 0.667956 0.127306
0.275433 0.271447 1.329757 0.726734 -0.096505 0.668193 0.126735
0.275876 0.271297 1.330165 0.726599 -0.096626 0.668430 0.126172
0.276325 0.271147 1.330572 0.726471 -0.096752 0.668659 0.125592
0.276778 0.270995 1.330979 0.726346 -0.096887 0.668885 0.125009
0.277233 0.270841 1.331387 0.726218 -0.097032 0.669110 0.124430
0.277691 0.270686 1.331804 0.726082 -0.097162 0.669340 0.123888
0.278150 0.270525 1.332221 0.725938 -0.097325 0.669574 0.123341
0.278609 0.270359 1.332639 0.725787 -0.097511 0.669811 0.122796
0.279068 0.270189 1.333059 0.725628 -0.097716 0.670051 0.122261
0.279526 0.270016 1.333480 0.725460 -0.097936 0.670296 0.121736
0.279982 0.269838 1.333903 0.725284 -0.098168 0.670545 0.121224
0.280436 0.269658 1.334328 0.725100 -0.098412 0.670798 0.120723
0.280888 0.269476 1.334755 0.724909 -0.098662 0.671055 0.120238
0.281338 0.269293 1.335185 0.724712 -0.098907 0.671315 0.119777
0.281786 0.269109 1.335619 0.724510 -0.099143 0.671576 0.119341
0.282231 0.268925 1.336055 0.724303 -0.099368 0.671838 0.118932
0.282672 0.268742 1.336493 0.724092 -0.099578 0.672102 0.118548
0.283110 0.268559 1.336933 0.723879 -0.099774 0.672365 0.118191
0.283543 0.268377 1.337374 0.723663 -0.099955 0.672630 0.117858
0.283973 0.268196 1.337816 0.723444 -0.100120 0.672895 0.117549
0.284399 0.268018 1.338260 0.723222 -0.100269 0.673160 0.117264
0.284820 0.267840 1.338705 0.722999 -0.100403 0.673426 0.117002
0.285237 0.267665 1.339150 0.722774 -0.100520 0.673691 0.116761
0.285649 0.267493 1.339596 0.722547 -0.100622 0.673957 0.116542
0.286057 0.267323 1.340043 0.722319 -0.100708 0.674223 0.116343
0.286459 0.267155 1.340489 0.722090 -0.100778 0.674489 0.116163
0.286857 0.266990 1.340937 0.721860 -0.100833 0.674755 0.116002
0.287251 0.266829 1.341385 0.721628 -0.100873 0.675021 0.115859
0.287639 0.266671 1.341832 0.721397 -0.100909 0.675287 0.115718
0.288022 0.266519 1.342280 0.721168 -0.100938 0.675552 0.115580
0.288400 0.266372 1.342728 0.720939 -0.100959 0.675815 0.115448
0.288772 0.266229 1.343174 0.720712 -0.100969 0.676077 0.115324
0.289139 0.266088 1.343618 0.720484 -0.100952 0.676338 0.115233
0.289500 0.265948 1.344058 0.720257 -0.100913 0.676597 0.115169
0.289856 0.265810 1.344495 0.720030 -0.100856 0.676854 0.115128
0.290205 0.265672 1.344926 0.719803 -0.100782 0.677109 0.115107
0.290591 0.265566 1.345318 0.719616 -0.100914 0.677346 0.114765
0.291009 0.265475 1.345688 0.719464 -0.101076 0.677554 0.114349
0.291452 0.265390 1.346043 0.719339 -0.101253 0.677737 0.113892
0.291915 0.265305 1.346388 0.719233 -0.101445 0.677902 0.113409
0.292392 0.265217 1.346726 0.719140 -0.101651 0.678053 0.112912
0.292881 0.265123 1.347061 0.719053 -0.101871 0.678196 0.112409
0.293377 0.265022 1.347394 0.718967 -0.102105 0.678334 0.111906
0.293879 0.264913 1.347727 0.718880 -0.102353 0.678472 0.111407
0.294385 0.264795 1.348061 0.718788 -0.102614 0.678610 0.110915
0.294893 0.264670 1.348397 0.718690 -0.102888 0.678751 0.110434
0.295402 0.264537 1.348734 0.718584 -0.103175 0.678896 0.109964
0.295911 0.264396 1.349074 0.718470 -0.103473 0.679045 0.109506
0.296420 0.264249 1.349417 0.718347 -0.103783 0.679200 0.109059
0.296927 0.264095 1.349762 0.718215 -0.104103 0.679360 0.108625
0.297433 0.263935 1.350111 0.718075 -0.104432 0.679526 0.108203
0.297936 0.263771 1.350462 0.717925 -0.104770 0.679697 0.107792
0.298437 0.263602 1.350817 0.717766 -0.105115 0.679875 0.107393
0.298935 0.263430 1.351174 0.717599 -0.105466 0.680058 0.107003
0.299429 0.263254 1.351535 0.717423 -0.105820 0.680248 0.106630
0.299920 0.263075 1.351900 0.717237 -0.106178 0.680444 0.106268
0.300408 0.262893 1.352267 0.717044 -0.106539 0.680646 0.105917
0.300892 0.262710 1.352638 0.716843 -0.106903 0.680854 0.105574
0.301371 0.262526 1.353012 0.716635 -0.107271 0.681067 0.105238
0.301846 0.262340 1.353387 0.716420 -0.107642 0.681285 0.104909
0.302317 0.262154 1.353765 0.716199 -0.108014 0.681508 0.104586
0.302783 0.261968 1.354145 0.715973 -0.108388 0.681736 0.104267
0.303244 0.261783 1.354527 0.715742 -0.108767 0.681967 0.103947
0.303700 0.261599 1.354910 0.715506 -0.109151 0.682202 0.103625
0.304151 0.261417 1.355293 0.715267 -0.109539 0.682439 0.103299
0.304596 0.261236 1.355677 0.715026 -0.109929 0.682679 0.102971
0.305036 0.261058 1.356062 0.714781 -0.110320 0.682922 0.102641
0.305471 0.260883 1.356448 0.714533 -0.110710 0.683168 0.102310
0.305899 0.260711 1.356835 0.714283 -0.111098 0.683416 0.101979
0.306323 0.260541 1.357223 0.714029 -0.111483 0.683667 0.101649
0.306740 0.260375 1.357613 0.713773 -0.111866 0.683921 0.101320
0.307152 0.260212 1.358003 0.713513 -0.112245 0.684178 0.100993
0.307559 0.260053 1.358395 0.713251 -0.112620 0.684438 0.100667
0.307960 0.259896 1.358788 0.712986 -0.112991 0.684701 0.100342
0.308356 0.259743 1.359183 0.712718 -0.113358 0.684966 0.100019
0.308746 0.259593 1.359578 0.712448 -0.113721 0.685234 0.099698
0.309178 0.259490 1.359927 0.712219 -0.114012 0.685467 0.099403
0.309639 0.259420 1.360247 0.712026 -0.114270 0.685668 0.099100
0.310122 0.259369 1.360546 0.711863 -0.114512 0.685843 0.098779
0.310620 0.259331 1.360833 0.711723 -0.114747 0.685998 0.098437
0.311128 0.259299 1.361110 0.711601 -0.114981 0.686138 0.098076
0.311644 0.259270 1.361382 0.711492 -0.115217 0.686265 0.097698
0.312165 0.259242 1.361650 0.711393 -0.115456 0.686383 0.097307
0.312690 0.259211 1.361916 0.711300 -0.115701 0.686495 0.096905
0.313218 0.259177 1.362180 0.711211 -0.115953 0.686602 0.096497
0.313746 0.259139 1.362444 0.711123 -0.116212 0.686707 0.096083
0.314274 0.259097 1.362709 0.711034 -0.116480 0.686812 0.095667
0.314800 0.259049 1.362975 0.710943 -0.116756 0.686918 0.095250
0.315324 0.258998 1.363244 0.710847 -0.117040 0.687027 0.094832
0.315844 0.258942 1.363515 0.710746 -0.117331 0.687138 0.094416
0.316361 0.258882 1.363789 0.710640 -0.117630 0.687254 0.094001
0.316874 0.258818 1.364065 0.710528 -0.117935 0.687374 0.093588
0.317382 0.258752 1.364345 0.710410 -0.118246 0.687498 0.093177
0.317885 0.258683 1.364628 0.710287 -0.118562 0.687627 0.092768
0.318383 0.258612 1.364914 0.710157 -0.118882 0.687760 0.092362
0.318876 0.258539 1.365203 0.710021 -0.119205 0.687898 0.091958
0.319364 0.258465 1.365495 0.709880 -0.119530 0.688041 0.091557
0.319847 0.258389 1.365791 0.709732 -0.119858 0.688189 0.091160
0.320324 0.258313 1.366089 0.709580 -0.120187 0.688341 0.090765
0.320795 0.258236 1.366391 0.709421 -0.120516 0.688498 0.090373
0.321261 0.258159 1.366696 0.709258 -0.120845 0.688660 0.089984
0.321721 0.258081 1.367004 0.709089 -0.121174 0.688826 0.089598
0.322175 0.258004 1.367315 0.708915 -0.121502 0.688997 0.089215
0.322624 0.257927 1.367629 0.708737 -0.121829 0.689172 0.088834
0.323067 0.257850 1.367945 0.708554 -0.122155 0.689352 0.088456
0.323504 0.257774 1.368265 0.708366 -0.122479 0.689535 0.088081
0.323936 0.257699 1.368587 0.708173 -0.122801 0.689723 0.087709
0.324362 0.257624 1.368912 0.707977 -0.123115 0.689915 0.087345
0.324783 0.257549 1.369240 0.707775 -0.123424 0.690111 0.086988
0.325198 0.257475 1.369571 0.707570 -0.123734 0.690311 0.086629
0.325607 0.257403 1.369903 0.707361 -0.124043 0.690515 0.086269
0.326011 0.257332 1.370239 0.707149 -0.124352 0.690722 0.085908
0.326410 0.257263 1.370576 0.706933 -0.124660 0.690932 0.085546
0.326803 0.257195 1.370916 0.706714 -0.124967 0.691146 0.085183
0.327191 0.257128 1.371259 0.706491 -0.125266 0.691363 0.084829
0.327574 0.257062 1.371603 0.706264 -0.125559 0.691585 0.084480
0.328007 0.257061 1.371892 0.706042 -0.125770 0.691804 0.084224
0.328478 0.257105 1.372147 0.705833 -0.125958 0.692012 0.083985
0.328972 0.257179 1.372383 0.705639 -0.126149 0.692206 0.083729
0.329484 0.257272 1.372608 0.705460 -0.126345 0.692387 0.083452
0.330006 0.257377 1.372825 0.705294 -0.126544 0.692555 0.083155
0.330534 0.257488 1.373039 0.705141 -0.126746 0.692712 0.082836
0.331067 0.257603 1.373250 0.704998 -0.126951 0.692860 0.082497
0.331601 0.257718 1.373460 0.704865 -0.127160 0.693000 0.082142
0.332137 0.257832 1.373670 0.704739 -0.127372 0.693133 0.081772
0.332673 0.257944 1.373881 0.704618 -0.127587 0.693261 0.081390
0.333209 0.258051 1.374093 0.704502 -0.127806 0.693384 0.080999
0.333744 0.258154 1.374306 0.704389 -0.128030 0.693505 0.080599
0.334279 0.258251 1.374522 0.704277 -0.128260 0.693622 0.080192
0.334814 0.258343 1.374739 0.704167 -0.128496 0.693739 0.079779
0.335347 0.258428 1.374960 0.704055 -0.128738 0.693855 0.079363
0.335878 0.258507 1.375183 0.703941 -0.128987 0.693972 0.078944
0.336406 0.258580 1.375410 0.703824 -0.129241 0.694091 0.078523
0.336930 0.258646 1.375642 0.703702 -0.129502 0.694214 0.078102
0.337449 0.258708 1.375877 0.703575 -0.129768 0.694340 0.077681
0.337965 0.258763 1.376116 0.703443 -0.130039 0.694470 0.077261
0.338475 0.258814 1.376360 0.703306 -0.130312 0.694604 0.076844
0.338981 0.258861 1.376608 0.703162 -0.130587 0.694743 0.076430
0.339481 0.258903 1.376861 0.703013 -0.130864 0.694887 0.076020
0.339976 0.258941 1.377119 0.702858 -0.131142 0.695036 0.075613
0.340466 0.258975 1.377380 0.702697 -0.131421 0.695190 0.075211
0.340950 0.259006 1.377646 0.702530 -0.131703 0.695348 0.074806
0.341428 0.259035 1.377915 0.702359 -0.131989 0.695511 0.074400
0.341901 0.259061 1.378189 0.702183 -0.132277 0.695677 0.073993
0.342368 0.259086 1.378466 0.702003 -0.132566 0.695847 0.073586
0.342829 0.259108 1.378748 0.701817 -0.132855 0.696022 0.073180
0.343285 0.259130 1.379033 0.701627 -0.133144 0.696201 0.072775
0.343735 0.259149 1.379322 0.701433 -0.133432 0.696384 0.072371
0.344179 0.259167 1.379615 0.701234 -0.133718 0.696571 0.071969
0.344617 0.259184 1.379911 0.701030 -0.134003 0.696762 0.071569
0.345050 0.259200 1.380211 0.700823 -0.134285 0.696957 0.071172
0.345477 0.259215 1.380515 0.700611 -0.134565 0.697156 0.070776
0.345898 0.259229 1.380822 0.700396 -0.134842 0.697359 0.070383
0.346314 0.259242 1.381133 0.700176 -0.135117 0.697566 0.069991
0.346724 0.259254 1.381447 0.699953 -0.135389 0.697776 0.069602
0.347128 0.259266 1.381764 0.699726 -0.135658 0.697990 0.069215
0.347588 0.259344 1.382027 0.699473 -0.135820 0.698236 0.068968
0.348086 0.259466 1.382264 0.699200 -0.135964 0.698501 0.068768
0.348610 0.259615 1.382487 0.698918 -0.136122 0.698772 0.068570
0.349152 0.259782 1.382706 0.698633 -0.136300 0.699044 0.068353
0.349704 0.259960 1.382923 0.698349 -0.136498 0.699312 0.068111
0.350262 0.260144 1.383140 0.698070 -0.136712 0.699575 0.067845
0.350824 0.260330 1.383359 0.697797 -0.136938 0.699832 0.067555
0.351388 0.260516 1.383581 0.697530 -0.137172 0.700081 0.067245
0.351952 0.260699 1.383804 0.697270 -0.137412 0.700325 0.066918
0.352515 0.260879 1.384031 0.697015 -0.137657 0.700563 0.066577
0.353078 0.261054 1.384261 0.696766 -0.137905 0.700795 0.066225
0.353639 0.261224 1.384493 0.696521 -0.138157 0.701023 0.065864
0.354200 0.261386 1.384728 0.696279 -0.138411 0.701248 0.065496
0.354759 0.261542 1.384967 0.696040 -0.138668 0.701469 0.065124
0.355317 0.261689 1.385209 0.695802 -0.138928 0.701688 0.064748
0.355874 0.261828 1.385454 0.695566 -0.139191 0.701905 0.064370
0.356430 0.261958 1.385702 0.695330 -0.139457 0.702120 0.063991
0.356986 0.262079 1.385954 0.695094 -0.139727 0.702334 0.063613
0.357541 0.262190 1.386209 0.694857 -0.140001 0.702548 0.063235
0.358095 0.262292 1.386468 0.694620 -0.140280 0.702762 0.062860
0.358648 0.262383 1.386731 0.694379 -0.140563 0.702976 0.062486
0.359199 0.262465 1.386998 0.694135 -0.140849 0.703192 0.062117
0.359747 0.262537 1.387269 0.693887 -0.141140 0.703411 0.061752
0.360291 0.262601 1.387545 0.693633 -0.141433 0.703634 0.061392
0.360831 0.262655 1.387826 0.693375 -0.141729 0.703860 0.061038
0.361367 0.262702 1.388111 0.693111 -0.142027 0.704090 0.060688
0.361899 0.262741 1.388400 0.692841 -0.142326 0.704325 0.060344
0.362426 0.262773 1.388694 0.692567 -0.142625 0.704563 0.060005
0.362947 0.262799 1.388992 0.692287 -0.142926 0.704805 0.059671
0.363464 0.262818 1.389295 0.692002 -0.143226 0.705052 0.059341
0.363976 0.262832 1.389602 0.691713 -0.143526 0.705302 0.059016
0.364482 0.262841 1.389913 0.691419 -0.143830 0.705555 0.058688
0.364982 0.262846 1.390228 0.691122 -0.144136 0.705811 0.058358
0.365477 0.262848 1.390547 0.690821 -0.144444 0.706070 0.058027
0.365966 0.262847 1.390869 0.690516 -0.144752 0.706332 0.057696
0.366449 0.262843 1.391196 0.690208 -0.145059 0.706597 0.057365
0.366926 0.262836 1.391525 0.689897 -0.145365 0.706865 0.057035
0.367397 0.262826 1.391857 0.689582 -0.145672 0.707136 0.056705
0.367862 0.262813 1.392189 0.689264 -0.145979 0.707409 0.056378
0.368321 0.262797 1.392522 0.688942 -0.146285 0.707684 0.056053
0.368825 0.262836 1.392814 0.688598 -0.146476 0.707997 0.055847
0.369361 0.262909 1.393088 0.688228 -0.146641 0.708334 0.055686
0.369921 0.263005 1.393355 0.687842 -0.146814 0.708685 0.055532
0.370496 0.263117 1.393620 0.687446 -0.147003 0.709043 0.055367
0.371082 0.263240 1.393886 0.687046 -0.147206 0.709403 0.055186
0.371674 0.263371 1.394152 0.686646 -0.147421 0.709761 0.054987
0.372271 0.263508 1.394420 0.686249 -0.147643 0.710116 0.054770
0.372870 0.263650 1.394689 0.685856 -0.147869 0.710466 0.054537
0.373470 0.263796 1.394959 0.685467 -0.148098 0.710812 0.054289
0.374072 0.263946 1.395230 0.685085 -0.148325 0.711154 0.054028
0.374673 0.264098 1.395502 0.684708 -0.148552 0.711490 0.053755
0.375275 0.264252 1.395774 0.684336 -0.148775 0.711822 0.053472
0.375875 0.264409 1.396047 0.683971 -0.148995 0.712149 0.053179
0.376475 0.264567 1.396320 0.683610 -0.149213 0.712473 0.052876
0.377073 0.264725 1.396595 0.683254 -0.149430 0.712791 0.052563
0.377669 0.264880 1.396872 0.682904 -0.149650 0.713104 0.052239
0.378263 0.265031 1.397152 0.682559 -0.149871 0.713413 0.051906
0.378854 0.265177 1.397434 0.682217 -0.150095 0.713717 0.051566
0.379442 0.265316 1.397716 0.681879 -0.150323 0.714017 0.051219
0.380027 0.265448 1.397999 0.681544 -0.150555 0.714313 0.050869
0.380608 0.265571 1.398282 0.681211 -0.150790 0.714606 0.050517
0.381183 0.265686 1.398564 0.680878 -0.151028 0.714898 0.050166
0.381753 0.265792 1.398845 0.680544 -0.151269 0.715189 0.049817
0.382316 0.265889 1.399123 0.680211 -0.151511 0.715479 0.049471
0.382873 0.265977 1.399400 0.679877 -0.151754 0.715768 0.049130
0.383422 0.266057 1.399674 0.679543 -0.151997 0.716057 0.048793
0.383964 0.266128 1.399946 0.679209 -0.152239 0.716345 0.048461
0.384499 0.266191 1.400214 0.678875 -0.152480 0.716632 0.048135
0.385026 0.266246 1.400478 0.678541 -0.152720 0.716919 0.047815
0.385545 0.266293 1.400739 0.678208 -0.152958 0.717204 0.047500
0.386056 0.266334 1.400995 0.677876 -0.153193 0.717488 0.047191
0.386560 0.266367 1.401248 0.677545 -0.153426 0.717771 0.046887
0.387056 0.266394 1.401496 0.677216 -0.153656 0.718052 0.046588
0.387544 0.266414 1.401739 0.676889 -0.153882 0.718330 0.046295
0.388024 0.266429 1.401978 0.676564 -0.154105 0.718607 0.046006
0.388495 0.266437 1.402212 0.676241 -0.154325 0.718882 0.045722
0.388960 0.266441 1.402441 0.675921 -0.154541 0.719154 0.045442
0.389416 0.266439 1.402665 0.675604 -0.154752 0.719424 0.045166
0.389864 0.266432 1.402884 0.675290 -0.154960 0.719691 0.044895
0.390304 0.266421 1.403098 0.674980 -0.155164 0.719955 0.044626
0.390785 0.266449 1.403283 0.674652 -0.155264 0.720251 0.044446
0.391295 0.266502 1.403453 0.674308 -0.155346 0.720565 0.044291
0.391826 0.266570 1.403618 0.673951 -0.155436 0.720890 0.044136
0.392370 0.266646 1.403780 0.673586 -0.155542 0.721218 0.043972
0.392925 0.266728 1.403939 0.673218 -0.155663 0.721546 0.043796
0.393485 0.266811 1.404095 0.672850 -0.155796 0.721871 0.043610
0.394050 0.266895 1.404250 0.672485 -0.155937 0.722193 0.043415
0.394618 0.266979 1.404400 0.672123 -0.156084 0.722511 0.043212
0.395187 0.267061 1.404548 0.671764 -0.156236 0.722824 0.043001
0.395758 0.267142 1.404693 0.671410 -0.156392 0.723131 0.042783
0.396329 0.267221 1.404833 0.671062 -0.156550 0.723434 0.042561
0.396900 0.267298 1.404970 0.670719 -0.156704 0.723732 0.042338
0.397471 0.267373 1.405102 0.670381 -0.156856 0.724025 0.042114
0.398041 0.267444 1.405229 0.670049 -0.157007 0.724313 0.041889
0.398611 0.267514 1.405350 0.669724 -0.157157 0.724594 0.041658
0.399179 0.267581 1.405465 0.669408 -0.157308 0.724867 0.041421
0.399744 0.267643 1.405576 0.669099 -0.157462 0.725132 0.041179
0.400307 0.267699 1.405682 0.668798 -0.157619 0.725390 0.040932
0.400867 0.267748 1.405784 0.668505 -0.157780 0.725639 0.040682
0.401424 0.267787 1.405882 0.668219 -0.157943 0.725881 0.040429
0.401977 0.267818 1.405975 0.667941 -0.158110 0.726114 0.040175
0.402527 0.267839 1.406065 0.667670 -0.158278 0.726341 0.039922
0.403074 0.267850 1.406151 0.667405 -0.158449 0.726560 0.039670
0.403617 0.267850 1.406233 0.667146 -0.158623 0.726775 0.039420
0.404155 0.267840 1.406312 0.666890 -0.158798 0.726984 0.039174
0.404687 0.267819 1.406387 0.666638 -0.158974 0.727190 0.038932
0.405213 0.267790 1.406459 0.666389 -0.159153 0.727392 0.038692
0.405732 0.267751 1.406527 0.666142 -0.159335 0.727591 0.038453
0.406245 0.267704 1.406593 0.665898 -0.159517 0.727786 0.038218
0.406751 0.267648 1.406656 0.665656 -0.159700 0.727980 0.037985
0.407250 0.267586 1.406715 0.665416 -0.159884 0.728171 0.037756
0.407742 0.267516 1.406772 0.665178 -0.160066 0.728360 0.037530
0.408226 0.267439 1.406826 0.664941 -0.160248 0.728548 0.037309
0.408704 0.267355 1.406878 0.664706 -0.160421 0.728735 0.037100
0.409174 0.267265 1.406927 0.664472 -0.160588 0.728922 0.036900
0.409637 0.267169 1.406974 0.664240 -0.160755 0.729106 0.036701
0.410093 0.267068 1.407018 0.664010 -0.160921 0.729289 0.036504
0.410542 0.266962 1.407059 0.663783 -0.161087 0.729469 0.036307
0.410983 0.266852 1.407098 0.663557 -0.161252 0.729648 0.036111
0.411417 0.266737 1.407135 0.663333 -0.161407 0.729826 0.035927
0.411888 0.266660 1.407145 0.663093 -0.161446 0.730040 0.035828
0.412385 0.266606 1.407145 0.662832 -0.161461 0.730278 0.035751
0.412903 0.266566 1.407143 0.662549 -0.161480 0.730534 0.035679
0.413433 0.266535 1.407142 0.662251 -0.161514 0.730800 0.035600
0.413973 0.266508 1.407144 0.661944 -0.161563 0.731072 0.035513
0.414520 0.266484 1.407146 0.661632 -0.161624 0.731346 0.035416
0.415071 0.266460 1.407150 0.661318 -0.161696 0.731619 0.035309
0.415624 0.266437 1.407155 0.661004 -0.161774 0.731891 0.035194
0.416180 0.266413 1.407159 0.660694 -0.161857 0.732159 0.035071
0.416736 0.266389 1.407164 0.660385 -0.161945 0.732424 0.034940
0.417294 0.266364 1.407167 0.660080 -0.162037 0.732685 0.034802
0.417852 0.266338 1.407169 0.659780 -0.162131 0.732941 0.034656
0.418409 0.266311 1.407170 0.659486 -0.162225 0.733192 0.034505
0.418966 0.266283 1.407166 0.659201 -0.162317 0.733436 0.034349
0.419522 0.266255 1.407159 0.658923 -0.162406 0.733673 0.034187
0.420077 0.266226 1.407149 0.658654 -0.162493 0.733903 0.034020
0.420630 0.266197 1.407134 0.658391 -0.162578 0.734128 0.033850
0.421183 0.266167 1.407116 0.658136 -0.162660 0.734346 0.033675
0.421735 0.266135 1.407095 0.657884 -0.162741 0.734562 0.033498
0.422287 0.266103 1.407071 0.657638 -0.162821 0.734773 0.033318
0.422837 0.266069 1.407044 0.657396 -0.162899 0.734980 0.033136
0.423385 0.266032 1.407013 0.657162 -0.162979 0.735180 0.032947
0.423927 0.265992 1.406981 0.656934 -0.163062 0.735374 0.032754
0.424463 0.265946 1.406948 0.656709 -0.163149 0.735565 0.032557
0.424993 0.265896 1.406912 0.656489 -0.163237 0.735751 0.032358
0.425515 0.265840 1.406876 0.656274 -0.163326 0.735931 0.032157
0.426030 0.265778 1.406839 0.656061 -0.163416 0.736110 0.031956
0.426536 0.265712 1.406800 0.655854 -0.163507 0.736283 0.031751
0.427035 0.265641 1.406759 0.655653 -0.163598 0.736451 0.031544
0.427524 0.265566 1.406716 0.655456 -0.163688 0.736615 0.031336
0.428006 0.265487 1.406671 0.655264 -0.163774 0.736775 0.031129
0.428479 0.265404 1.406625 0.655076 -0.163859 0.736932 0.030923
0.428944 0.265317 1.406578 0.654889 -0.163942 0.737089 0.030718
0.429401 0.265226 1.406530 0.654705 -0.164021 0.737243 0.030514
0.429849 0.265132 1.406481 0.654525 -0.164098 0.737394 0.030311
0.430290 0.265035 1.406431 0.654349 -0.164171 0.737543 0.030109
0.430723 0.264935 1.406379 0.654175 -0.164241 0.737689 0.029908
0.431148 0.264833 1.406328 0.654002 -0.164310 0.737836 0.029708
0.431565 0.264727 1.406276 0.653831 -0.164375 0.737980 0.029508
0.431974 0.264620 1.406222 0.653665 -0.164437 0.738122 0.029309
0.432417 0.264544 1.406144 0.653492 -0.164400 0.738288 0.029167
0.432885 0.264484 1.406055 0.653302 -0.164348 0.738473 0.029037
0.433371 0.264433 1.405961 0.653097 -0.164307 0.738669 0.028901
0.433869 0.264387 1.405865 0.652883 -0.164281 0.738870 0.028756
0.434376 0.264343 1.405769 0.652661 -0.164269 0.739075 0.028605
0.434889 0.264297 1.405672 0.652435 -0.164269 0.739280 0.028447
0.435407 0.264250 1.405574 0.652210 -0.164279 0.739483 0.028281
0.435928 0.264201 1.405475 0.651986 -0.164296 0.739683 0.028110
0.436451 0.264150 1.405376 0.651766 -0.164319 0.739879 0.027933
0.436974 0.264096 1.405273 0.651554 -0.164343 0.740067 0.027751
0.437499 0.264040 1.405168 0.651349 -0.164369 0.740248 0.027565
0.438023 0.263981 1.405060 0.651151 -0.164396 0.740423 0.027375
0.438548 0.263920 1.404950 0.650960 -0.164423 0.740592 0.027182
0.439073 0.263857 1.404838 0.650773 -0.164450 0.740758 0.026988
0.439598 0.263791 1.404724 0.650591 -0.164479 0.740919 0.026791
0.440124 0.263723 1.404608 0.650413 -0.164506 0.741076 0.026592
0.440648 0.263653 1.404489 0.650244 -0.164533 0.741226 0.026390
0.441172 0.263581 1.404366 0.650082 -0.164557 0.741369 0.026186
0.441695 0.263507 1.404241 0.649928 -0.164581 0.741507 0.025980
0.442217 0.263429 1.404115 0.649776 -0.164612 0.741640 0.025769
0.442736 0.263345 1.403988 0.649630 -0.164652 0.741766 0.025551
0.443252 0.263254 1.403860 0.649493 -0.164700 0.741883 0.025327
0.443765 0.263156 1.403730 0.649363 -0.164754 0.741993 0.025101
0.444272 0.263051 1.403599 0.649238 -0.164813 0.742097 0.024874
0.444774 0.262938 1.403469 0.649117 -0.164875 0.742197 0.024648
0.445270 0.262818 1.403338 0.648999 -0.164939 0.742293 0.024423
0.445759 0.262690 1.403207 0.648883 -0.165004 0.742387 0.024201
0.446242 0.262556 1.403077 0.648769 -0.165071 0.742479 0.023982
0.446718 0.262415 1.402946 0.648656 -0.165138 0.742570 0.023766
0.447187 0.262267 1.402817 0.648545 -0.165205 0.742659 0.023554
0.447650 0.262114 1.402689 0.648430 -0.165272 0.742750 0.023346
0.448106 0.261956 1.402562 0.648318 -0.165339 0.742840 0.023140
0.448555 0.261792 1.402435 0.648206 -0.165405 0.742929 0.022937
0.448997 0.261625 1.402310 0.648096 -0.165467 0.743017 0.022742
0.449432 0.261454 1.402185 0.647990 -0.165520 0.743104 0.022559
0.449861 0.261280 1.402062 0.647888 -0.165560 0.743189 0.022394
0.450283 0.261104 1.401940 0.647788 -0.165584 0.743275 0.022248
0.450698 0.260925 1.401820 0.647694 -0.165589 0.743359 0.022124
0.451106 0.260744 1.401700 0.647607 -0.165574 0.743442 0.022020
0.451507 0.260561 1.401581 0.647526 -0.165540 0.743523 0.021937
0.451943 0.260414 1.401439 0.647438 -0.165369 0.743637 0.021933
0.452408 0.260287 1.401295 0.647328 -0.165155 0.743779 0.021958
0.452892 0.260173 1.401157 0.647195 -0.164927 0.743945 0.022002
0.453391 0.260066 1.401026 0.647043 -0.164698 0.744126 0.022055
0.453900 0.259963 1.400902 0.646880 -0.164470 0.744317 0.022113
0.454416 0.259863 1.400785 0.646709 -0.164242 0.744513 0.022177
0.454937 0.259763 1.400672 0.646540 -0.164011 0.744709 0.022247
0.455461 0.259663 1.400563 0.646373 -0.163775 0.744904 0.022324
0.455987 0.259562 1.400458 0.646210 -0.163531 0.745096 0.022411
0.456515 0.259461 1.400355 0.646052 -0.163277 0.745286 0.022508
0.457045 0.259359 1.400254 0.645899 -0.163012 0.745473 0.022617
0.457576 0.259256 1.400157 0.645748 -0.162735 0.745660 0.022740
0.458108 0.259151 1.400062 0.645602 -0.162446 0.745846 0.022877
0.458641 0.259046 1.399969 0.645461 -0.162143 0.746029 0.023027
0.459173 0.258939 1.399876 0.645330 -0.161826 0.746206 0.023192
0.459706 0.258832 1.399782 0.645209 -0.161493 0.746378 0.023369
0.460238 0.258723 1.399688 0.645096 -0.161145 0.746544 0.023561
0.460770 0.258614 1.399592 0.644993 -0.160781 0.746705 0.023767
0.461300 0.258505 1.399497 0.644897 -0.160401 0.746863 0.023988
0.461829 0.258395 1.399402 0.644804 -0.160006 0.747020 0.024225
0.462355 0.258284 1.399307 0.644715 -0.159593 0.747177 0.024479
0.462876 0.258182 1.399209 0.644645 -0.159198 0.747314 0.024709
0.463391 0.258086 1.399107 0.644592 -0.158806 0.747436 0.024927
0.463897 0.257996 1.399001 0.644553 -0.158413 0.747546 0.025139
0.464395 0.257910 1.398894 0.644525 -0.158014 0.747647 0.025351
0.464885 0.257827 1.398786 0.644507 -0.157606 0.747741 0.025568
0.465365 0.257745 1.398677 0.644497 -0.157187 0.747830 0.025792
0.465835 0.257665 1.398568 0.644494 -0.156755 0.747916 0.026026
0.466297 0.257584 1.398459 0.644496 -0.156308 0.747999 0.026272
0.466749 0.257504 1.398351 0.644502 -0.155845 0.748081 0.026532
0.467193 0.257423 1.398244 0.644512 -0.155367 0.748162 0.026807
0.467627 0.257341 1.398139 0.644525 -0.154871 0.748243 0.027098
0.468053 0.257258 1.398034 0.644541 -0.154360 0.748324 0.027405
0.468471 0.257174 1.397932 0.644560 -0.153831 0.748405 0.027728
0.468881 0.257089 1.397830 0.644580 -0.153286 0.748486 0.028068
0.469282 0.257001 1.397731 0.644603 -0.152724 0.748568 0.028425
0.469677 0.256908 1.397636 0.644620 -0.152122 0.748661 0.028822
0.470065 0.256809 1.397544 0.644633 -0.151495 0.748760 0.029249
0.470446 0.256707 1.397455 0.644646 -0.150852 0.748861 0.029696
0.470820 0.256601 1.397368 0.644660 -0.150195 0.748963 0.030160
0.471233 0.256518 1.397257 0.644661 -0.149416 0.749096 0.030703
0.471673 0.256446 1.397137 0.644631 -0.148596 0.749261 0.031284
0.472134 0.256378 1.397014 0.644574 -0.147773 0.749447 0.031879
0.472607 0.256312 1.396888 0.644509 -0.146977 0.749635 0.032459
0.473088 0.256245 1.396761 0.644439 -0.146199 0.749822 0.033033
0.473577 0.256177 1.396632 0.644367 -0.145434 0.750007 0.033603
0.474070 0.256104 1.396502 0.644296 -0.144675 0.750189 0.034175
0.474566 0.256028 1.396371 0.644226 -0.143920 0.750368 0.034751
0.475065 0.255947 1.396240 0.644161 -0.143166 0.750541 0.035331
0.475566 0.255862 1.396108 0.644099 -0.142411 0.750710 0.035918
0.476069 0.255772 1.395976 0.644042 -0.141653 0.750873 0.036510
0.476574 0.255675 1.395845 0.643984 -0.140877 0.751040 0.037125
0.477082 0.255572 1.395716 0.643924 -0.140091 0.751206 0.037755
0.477590 0.255465 1.395586 0.643872 -0.139310 0.751364 0.038382
0.478099 0.255355 1.395455 0.643828 -0.138532 0.751513 0.039010
0.478608 0.255242 1.395323 0.643792 -0.137753 0.751655 0.039639
0.479117 0.255125 1.395190 0.643763 -0.136971 0.751789 0.040271
0.479626 0.255006 1.395055 0.643741 -0.136186 0.751916 0.040906
0.480136 0.254884 1.394918 0.643725 -0.135398 0.752037 0.041545
0.480645 0.254759 1.394781 0.643715 -0.134606 0.752152 0.042186
0.481153 0.254631 1.394643 0.643710 -0.133812 0.752261 0.042831
0.481658 0.254497 1.394506 0.643707 -0.133022 0.752367 0.043477
0.482158 0.254358 1.394369 0.643707 -0.132232 0.752468 0.044128
0.482653 0.254211 1.394234 0.643709 -0.131443 0.752566 0.044782
0.483142 0.254059 1.394101 0.643712 -0.130657 0.752661 0.045441
0.483625 0.253900 1.393969 0.643717 -0.129872 0.752752 0.046103
0.484101 0.253735 1.393839 0.643723 -0.129088 0.752841 0.046768
0.484571 0.253565 1.393711 0.643729 -0.128305 0.752928 0.047437
0.485034 0.253390 1.393586 0.643737 -0.127522 0.753011 0.048110
0.485490 0.253211 1.393462 0.643746 -0.126739 0.753093 0.048785
0.485940 0.253027 1.393340 0.643755 -0.125956 0.753172 0.049464
0.486382 0.252840 1.393219 0.643766 -0.125172 0.753249 0.050145
0.486818 0.252650 1.393101 0.643777 -0.124387 0.753323 0.050829
0.487246 0.252456 1.392985 0.643789 -0.123601 0.753395 0.051515
0.487668 0.252259 1.392870 0.643802 -0.122813 0.753466 0.052203
0.488083 0.252061 1.392757 0.643816 -0.122024 0.753534 0.052893
0.488491 0.251860 1.392646 0.643831 -0.121234 0.753600 0.053584
0.488892 0.251657 1.392536 0.643847 -0.120442 0.753664 0.054277
0.489286 0.251453 1.392428 0.643863 -0.119649 0.753726 0.054971
0.489674 0.251247 1.392321 0.643881 -0.118853 0.753786 0.055666
0.490095 0.251076 1.392183 0.643909 -0.117964 0.753848 0.056387
0.490540 0.250924 1.392032 0.643934 -0.117039 0.753916 0.057113
0.491001 0.250782 1.391876 0.643947 -0.116108 0.753993 0.057836
0.491475 0.250643 1.391719 0.643948 -0.115182 0.754080 0.058552
0.491958 0.250505 1.391563 0.643935 -0.114261 0.754175 0.059267
0.492447 0.250365 1.391411 0.643912 -0.113350 0.754276 0.059978
0.492941 0.250222 1.391261 0.643882 -0.112450 0.754379 0.060684
0.493439 0.250075 1.391113 0.643848 -0.111559 0.754484 0.061386
0.493939 0.249925 1.390968 0.643812 -0.110676 0.754587 0.062083
0.494442 0.249772 1.390825 0.643777 -0.109801 0.754688 0.062777
0.494946 0.249615 1.390683 0.643742 -0.108931 0.754786 0.063467
0.495452 0.249454 1.390542 0.643710 -0.108066 0.754880 0.064154
0.495958 0.249291 1.390402 0.643681 -0.107205 0.754969 0.064837
0.496466 0.249125 1.390263 0.643654 -0.106348 0.755055 0.065517
0.496973 0.248957 1.390124 0.643632 -0.105501 0.755134 0.066188
0.497480 0.248787 1.389985 0.643616 -0.104658 0.755206 0.066853
0.497986 0.248616 1.389846 0.643605 -0.103819 0.755272 0.067513
0.498489 0.248444 1.389706 0.643598 -0.102981 0.755334 0.068168
0.498988 0.248272 1.389565 0.643594 -0.102142 0.755392 0.068820
0.499484 0.248102 1.389425 0.643593 -0.101303 0.755447 0.069467
0.499975 0.247933 1.389284 0.643595 -0.100462 0.755498 0.070111
0.500462 0.247767 1.389143 0.643599 -0.099618 0.755547 0.070750
0.500944 0.247604 1.389001 0.643604 -0.098771 0.755594 0.071384
0.501420 0.247443 1.388861 0.643611 -0.097924 0.755639 0.072014
0.501888 0.247283 1.388722 0.643617 -0.097081 0.755682 0.072637
0.502349 0.247123 1.388585 0.643624 -0.096242 0.755724 0.073254
0.502803 0.246964 1.388450 0.643631 -0.095408 0.755764 0.073866
0.503248 0.246805 1.388317 0.643640 -0.094577 0.755802 0.074473
0.503686 0.246647 1.388187 0.643649 -0.093749 0.755838 0.075074
0.504115 0.246489 1.388058 0.643660 -0.092925 0.755871 0.075671
0.504536 0.246331 1.387931 0.643673 -0.092102 0.755901 0.076263
0.504949 0.246174 1.387806 0.643687 -0.091281 0.755929 0.076851
0.505353 0.246017 1.387682 0.643704 -0.090462 0.755954 0.077435
0.505750 0.245861 1.387560 0.643722 -0.089645 0.755976 0.078016
0.506139 0.245706 1.387440 0.643742 -0.088828 0.755996 0.078592
0.506520 0.245552 1.387321 0.643764 -0.088012 0.756013 0.079165
0.506894 0.245399 1.387203 0.643787 -0.087196 0.756027 0.079735
0.507259 0.245247 1.387087 0.643812 -0.086380 0.756040 0.080302
0.507618 0.245096 1.386972 0.643839 -0.085565 0.756050 0.080866
0.507969 0.244946 1.386859 0.643867 -0.084749 0.756057 0.081428
0.508354 0.244824 1.386709 0.643901 -0.083853 0.756066 0.082007
0.508763 0.244715 1.386537 0.643925 -0.082929 0.756083 0.082592
0.509189 0.244610 1.386352 0.643934 -0.082002 0.756112 0.083178
0.509626 0.244503 1.386159 0.643929 -0.081081 0.756152 0.083763
0.510072 0.244392 1.385961 0.643911 -0.080172 0.756199 0.084347
0.510524 0.244274 1.385760 0.643884 -0.079274 0.756251 0.084930
0.510981 0.244151 1.385557 0.643854 -0.078388 0.756304 0.085513
0.511441 0.244020 1.385352 0.643821 -0.077512 0.756355 0.086095
0.511904 0.243883 1.385146 0.643791 -0.076646 0.756404 0.086675
0.512369 0.243740 1.384939 0.643763 -0.075788 0.756447 0.087254
0.512836 0.243591 1.384731 0.643741 -0.074938 0.756484 0.087830
0.513303 0.243437 1.384522 0.643724 -0.074095 0.756515 0.088405
0.513770 0.243278 1.384312 0.643713 -0.073257 0.756539 0.088977
0.514235 0.243115 1.384102 0.643707 -0.072423 0.756556 0.089547
0.514697 0.242950 1.383891 0.643707 -0.071592 0.756568 0.090115
0.515157 0.242784 1.383680 0.643713 -0.070761 0.756574 0.090680
0.515613 0.242617 1.383469 0.643724 -0.069931 0.756574 0.091243
0.516064 0.242451 1.383256 0.643740 -0.069098 0.756569 0.091802
0.516512 0.242286 1.383044 0.643761 -0.068264 0.756559 0.092359
0.516955 0.242123 1.382832 0.643787 -0.067427 0.756544 0.092911
0.517393 0.241964 1.382619 0.643817 -0.066587 0.756526 0.093460
0.517826 0.241809 1.382406 0.643851 -0.065743 0.756503 0.094004
0.518253 0.241658 1.382194 0.643888 -0.064895 0.756477 0.094543
0.518675 0.241512 1.381983 0.643928 -0.064046 0.756449 0.095077
0.519089 0.241367 1.381774 0.643969 -0.063200 0.756419 0.095604
0.519496 0.241225 1.381568 0.644012 -0.062357 0.756386 0.096126
0.519895 0.241085 1.381364 0.644056 -0.061517 0.756352 0.096642
0.520286 0.240946 1.381163 0.644102 -0.060680 0.756315 0.097153
0.520670 0.240809 1.380965 0.644149 -0.059846 0.756276 0.097660
0.521045 0.240673 1.380769 0.644199 -0.059015 0.756234 0.098162
0.521413 0.240539 1.380576 0.644250 -0.058185 0.756190 0.098660
0.521773 0.240406 1.380386 0.644303 -0.057356 0.756143 0.099155
0.522125 0.240275 1.380198 0.644358 -0.056529 0.756094 0.099646
0.522470 0.240145 1.380013 0.644415 -0.055702 0.756043 0.100134
0.522807 0.240017 1.379830 0.644473 -0.054875 0.755989 0.100619
0.523136 0.239890 1.379650 0.644533 -0.054049 0.755933 0.101101
0.523459 0.239765 1.379472 0.644593 -0.053223 0.755876 0.101581
0.523774 0.239642 1.379296 0.644655 -0.052397 0.755816 0.102058
0.524083 0.239520 1.379123 0.644718 -0.051570 0.755755 0.102534
0.524384 0.239400 1.378952 0.644782 -0.050744 0.755692 0.103007
0.524724 0.239306 1.378749 0.644860 -0.049839 0.755620 0.103488
0.525090 0.239223 1.378531 0.644938 -0.048912 0.755549 0.103964
0.525475 0.239144 1.378309 0.645007 -0.047985 0.755485 0.104433
0.525873 0.239063 1.378085 0.645064 -0.047070 0.755429 0.104896
0.526282 0.238977 1.377862 0.645110 -0.046170 0.755382 0.105353
0.526700 0.238885 1.377642 0.645146 -0.045285 0.755342 0.105806
0.527123 0.238785 1.377424 0.645175 -0.044415 0.755306 0.106256
0.527551 0.238678 1.377210 0.645198 -0.043558 0.755273 0.106704
0.527982 0.238565 1.376998 0.645216 -0.042712 0.755242 0.107150
0.528413 0.238447 1.376790 0.645232 -0.041875 0.755213 0.107594
0.528845 0.238323 1.376585 0.645245 -0.041045 0.755183 0.108037
0.529276 0.238196 1.376382 0.645258 -0.040219 0.755154 0.108479
0.529706 0.238067 1.376181 0.645270 -0.039397 0.755123 0.108919
0.530133 0.237936 1.375982 0.645282 -0.038576 0.755092 0.109358
0.530559 0.237804 1.375786 0.645295 -0.037756 0.755059 0.109795
0.530981 0.237673 1.375591 0.645309 -0.036935 0.755024 0.110230
0.531399 0.237543 1.375398 0.645324 -0.036113 0.754988 0.110662
0.531815 0.237415 1.375206 0.645340 -0.035289 0.754950 0.111091
0.532226 0.237290 1.375016 0.645357 -0.034463 0.754911 0.111517
0.532633 0.237169 1.374827 0.645375 -0.033632 0.754871 0.111940
0.533035 0.237052 1.374640 0.645394 -0.032798 0.754829 0.112359
0.533433 0.236940 1.374454 0.645414 -0.031960 0.754786 0.112774
0.533826 0.236834 1.374269 0.645435 -0.031116 0.754741 0.113184
0.534214 0.236734 1.374086 0.645458 -0.030268 0.754696 0.113590
0.534596 0.236639 1.373905 0.645480 -0.029417 0.754650 0.113991
0.534972 0.236549 1.373726 0.645502 -0.028566 0.754604 0.114386
0.535341 0.236462 1.373551 0.645523 -0.027718 0.754558 0.114777
0.535703 0.236378 1.373380 0.645543 -0.026872 0.754512 0.115164
0.536057 0.236296 1.373211 0.645564 -0.026029 0.754466 0.115547
0.536404 0.236217 1.373046 0.645584 -0.025187 0.754419 0.115926
0.536743 0.236140 1.372884 0.645605 -0.024346 0.754371 0.116303
0.537075 0.236065 1.372726 0.645626 -0.023507 0.754321 0.116677
0.537399 0.235992 1.372570 0.645648 -0.022668 0.754271 0.117048
0.537717 0.235922 1.372417 0.645671 -0.021830 0.754219 0.117418
0.538027 0.235852 1.372266 0.645694 -0.020992 0.754165 0.117786
0.538331 0.235785 1.372118 0.645718 -0.020154 0.754110 0.118153
0.538627 0.235719 1.371973 0.645742 -0.019316 0.754054 0.118518
0.538917 0.235655 1.371830 0.645767 -0.018477 0.753996 0.118883
0.539200 0.235593 1.371690 0.645792 -0.017638 0.753937 0.119247
0.539477 0.235532 1.371551 0.645818 -0.016799 0.753877 0.119610
0.539790 0.235492 1.371373 0.645861 -0.015883 0.753801 0.119980
0.540126 0.235459 1.371168 0.645901 -0.014940 0.753727 0.120351
0.540475 0.235426 1.370949 0.645932 -0.013993 0.753660 0.120721
0.540834 0.235388 1.370719 0.645950 -0.013053 0.753602 0.121091
0.541199 0.235344 1.370483 0.645958 -0.012124 0.753550 0.121460
0.541567 0.235294 1.370243 0.645960 -0.011206 0.753504 0.121828
0.541936 0.235238 1.370000 0.645957 -0.010298 0.753459 0.122197
0.542306 0.235176 1.369755 0.645954 -0.009399 0.753414 0.122565
0.542676 0.235110 1.369508 0.645951 -0.008506 0.753367 0.122932
0.543043 0.235039 1.369259 0.645952 -0.007619 0.753316 0.123300
0.543409 0.234965 1.369010 0.645958 -0.006736 0.753260 0.123666
0.543771 0.234890 1.368759 0.645969 -0.005857 0.753198 0.124030
0.544131 0.234813 1.368508 0.645986 -0.004979 0.753129 0.124392
0.544487 0.234736 1.368256 0.646010 -0.004103 0.753055 0.124752
0.544839 0.234661 1.368004 0.646040 -0.003227 0.752974 0.125109
0.545187 0.234586 1.367752 0.646077 -0.002352 0.752886 0.125462
0.545531 0.234515 1.367499 0.646121 -0.001476 0.752793 0.125811
0.545870 0.234446 1.367247 0.646170 -0.000598 0.752694 0.126155
0.546205 0.234382 1.366995 0.646225 0.000281 0.752591 0.126496
0.546535 0.234322 1.366743 0.646284 0.001162 0.752482 0.126831
0.546860 0.234268 1.366492 0.646349 0.002045 0.752369 0.127161
0.547180 0.234219 1.366242 0.646417 0.002932 0.752252 0.127485
0.547495 0.234177 1.365992 0.646490 0.003822 0.752132 0.127804
0.547805 0.234140 1.365744 0.646564 0.004712 0.752010 0.128118
0.548108 0.234106 1.365500 0.646640 0.005598 0.751886 0.128426
0.548404 0.234076 1.365258 0.646716 0.006481 0.751762 0.128729
0.548693 0.234049 1.365020 0.646793 0.007361 0.751636 0.129027
0.548975 0.234025 1.364785 0.646871 0.008236 0.751510 0.129321
0.549251 0.234003 1.364554 0.646949 0.009109 0.751382 0.129612
0.549519 0.233983 1.364326 0.647028 0.009979 0.751253 0.129900
0.549781 0.233965 1.364102 0.647108 0.010847 0.751123 0.130186
0.550036 0.233950 1.363881 0.647188 0.011714 0.750992 0.130470
0.550284 0.233936 1.363663 0.647268 0.012579 0.750859 0.130752
0.550527 0.233923 1.363449 0.647348 0.013443 0.750726 0.131033
0.550763 0.233912 1.363238 0.647428 0.014306 0.750592 0.131312
0.550993 0.233903 1.363030 0.647508 0.015168 0.750458 0.131591
0.551217 0.233896 1.362825 0.647587 0.016030 0.750323 0.131869
0.551435 0.233889 1.362624 0.647666 0.016892 0.750187 0.132147
0.551648 0.233884 1.362425 0.647744 0.017753 0.750051 0.132425
0.551855 0.233881 1.362230 0.647821 0.018615 0.749915 0.132703
0.552095 0.233900 1.361997 0.647914 0.019555 0.749761 0.132981
0.552355 0.233930 1.361747 0.648008 0.020522 0.749605 0.133253
0.552629 0.233964 1.361488 0.648094 0.021492 0.749456 0.133518
0.552911 0.233998 1.361225 0.648170 0.022455 0.749317 0.133777
0.553198 0.234030 1.360960 0.648235 0.023408 0.749186 0.134031
0.553489 0.234060 1.360697 0.648291 0.024351 0.749062 0.134281
0.553782 0.234087 1.360434 0.648341 0.025285 0.748944 0.134529
0.554075 0.234112 1.360173 0.648387 0.026213 0.748828 0.134774
0.554368 0.234133 1.359914 0.648429 0.027132 0.748715 0.135018
0.554659 0.234151 1.359659 0.648469 0.028041 0.748603 0.135261
0.554947 0.234165 1.359407 0.648507 0.028940 0.748492 0.135502
0.555231 0.234173 1.359160 0.648544 0.029827 0.748381 0.135743
0.555510 0.234177 1.358917 0.648582 0.030705 0.748269 0.135984
0.555786 0.234176 1.358678 0.648621 0.031574 0.748155 0.136226
0.556057 0.234170 1.358443 0.648661 0.032436 0.748039 0.136469
0.556323 0.234160 1.358212 0.648703 0.033291 0.747921 0.136713
0.556585 0.234146 1.357984 0.648747 0.034139 0.747800 0.136959
0.556842 0.234128 1.357760 0.648792 0.034982 0.747676 0.137206
0.557094 0.234107 1.357540 0.648839 0.035821 0.747550 0.137455
0.557341 0.234082 1.357323 0.648887 0.036654 0.747421 0.137705
0.557584 0.234054 1.357109 0.648937 0.037483 0.747291 0.137957
0.557822 0.234023 1.356899 0.648988 0.038309 0.747158 0.138211
0.558056 0.233989 1.356693 0.649039 0.039132 0.747024 0.138467
0.558285 0.233953 1.356489 0.649090 0.039952 0.746888 0.138725
0.558510 0.233915 1.356289 0.649142 0.040770 0.746750 0.138985
0.558730 0.233874 1.356092 0.649193 0.041585 0.746612 0.139248
0.558947 0.233832 1.355899 0.649244 0.042400 0.746472 0.139513
0.559159 0.233787 1.355708 0.649294 0.043212 0.746332 0.139780
0.559367 0.233741 1.355521 0.649343 0.044023 0.746191 0.140049
0.559571 0.233693 1.355337 0.649392 0.044833 0.746050 0.140321
0.559771 0.233644 1.355157 0.649439 0.045643 0.745908 0.140595
0.559967 0.233593 1.354979 0.649485 0.046452 0.745766 0.140872
0.560159 0.233541 1.354805 0.649529 0.047261 0.745624 0.141152
0.560347 0.233488 1.354633 0.649571 0.048069 0.745481 0.141434
0.560532 0.233434 1.354465 0.649612 0.048878 0.745339 0.141719
0.560714 0.233379 1.354300 0.649651 0.049688 0.745197 0.142007
0.560891 0.233322 1.354138 0.649688 0.050497 0.745054 0.142299
0.561066 0.233265 1.353979 0.649724 0.051307 0.744912 0.142592
0.561237 0.233206 1.353824 0.649757 0.052118 0.744770 0.142889
0.561404 0.233147 1.353671 0.649788 0.052929 0.744628 0.143189
0.561608 0.233128 1.353458 0.649844 0.053877 0.744453 0.143488
0.561832 0.233129 1.353207 0.649889 0.054877 0.744284 0.143783
0.562069 0.233137 1.352935 0.649912 0.055892 0.744134 0.144070
0.562313 0.233147 1.352650 0.649912 0.056901 0.744002 0.144351
0.562559 0.233155 1.352357 0.649893 0.057896 0.743889 0.144627
0.562806 0.233158 1.352061 0.649860 0.058876 0.743787 0.144899
0.563052 0.233155 1.351763 0.649819 0.059838 0.743694 0.145169
0.563296 0.233146 1.351464 0.649774 0.060785 0.743604 0.145438
0.563536 0.233130 1.351167 0.649729 0.061716 0.743514 0.145706
0.563773 0.233108 1.350870 0.649688 0.062633 0.743421 0.145974
0.564005 0.233079 1.350575 0.649653 0.063535 0.743322 0.146241
0.564233 0.233045 1.350281 0.649627 0.064425 0.743216 0.146507
0.564457 0.233004 1.349990 0.649609 0.065302 0.743102 0.146773
0.564676 0.232958 1.349701 0.649601 0.066169 0.742980 0.147039
0.564890 0.232907 1.349414 0.649604 0.067026 0.742849 0.147304
0.565099 0.232851 1.349130 0.649615 0.067873 0.742709 0.147570
0.565304 0.232791 1.348848 0.649636 0.068711 0.742561 0.147835
0.565504 0.232727 1.348568 0.649665 0.069542 0.742405 0.148101
0.565699 0.232660 1.348292 0.649702 0.070364 0.742242 0.148366
0.565891 0.232589 1.348018 0.649746 0.071179 0.742073 0.148631
0.566077 0.232516 1.347747 0.649797 0.071988 0.741898 0.148895
0.566260 0.232440 1.347479 0.649852 0.072791 0.741717 0.149161
0.566439 0.232361 1.347215 0.649913 0.073589 0.741532 0.149426
0.566613 0.232281 1.346954 0.649977 0.074383 0.741343 0.149692
0.566784 0.232198 1.346695 0.650044 0.075172 0.741151 0.149958
0.566951 0.232114 1.346441 0.650113 0.075958 0.740956 0.150225
0.567114 0.232028 1.346189 0.650185 0.076740 0.740758 0.150492
0.567274 0.231942 1.345942 0.650257 0.077521 0.740559 0.150761
0.567430 0.231854 1.345697 0.650331 0.078298 0.740357 0.151031
0.567583 0.231765 1.345457 0.650404 0.079074 0.740155 0.151302
0.567733 0.231675 1.345220 0.650477 0.079848 0.739952 0.151574
0.567879 0.231585 1.344986 0.650550 0.080622 0.739748 0.151847
0.568022 0.231494 1.344756 0.650622 0.081395 0.739544 0.152122
0.568162 0.231402 1.344530 0.650692 0.082167 0.739340 0.152399
0.568300 0.231310 1.344308 0.650760 0.082939 0.739136 0.152678
0.568434 0.231217 1.344089 0.650827 0.083712 0.738932 0.152959
0.568566 0.231125 1.343874 0.650892 0.084485 0.738728 0.153241
0.568695 0.231031 1.343663 0.650954 0.085258 0.738525 0.153526
0.568821 0.230938 1.343455 0.651014 0.086032 0.738323 0.153813
0.568945 0.230845 1.343251 0.651071 0.086807 0.738121 0.154102
0.569096 0.230786 1.342999 0.651160 0.087656 0.737887 0.154365
0.569263 0.230742 1.342723 0.651252 0.088504 0.737656 0.154601
0.569439 0.230704 1.342434 0.651339 0.089329 0.737435 0.154814
0.569619 0.230668 1.342136 0.651419 0.090120 0.737228 0.155008
0.569802 0.230630 1.341835 0.651493 0.090875 0.737032 0.155184
0.569984 0.230590 1.341530 0.651564 0.091596 0.736846 0.155346
0.570165 0.230546 1.341225 0.651634 0.092283 0.736666 0.155498
0.570345 0.230498 1.340919 0.651706 0.092940 0.736490 0.155639
0.570522 0.230446 1.340614 0.651782 0.093567 0.736315 0.155772
0.570696 0.230390 1.340310 0.651863 0.094168 0.736141 0.155898
0.570868 0.230330 1.340007 0.651950 0.094743 0.735964 0.156017
0.571036 0.230266 1.339705 0.652044 0.095295 0.735786 0.156130
0.571201 0.230198 1.339405 0.652145 0.095824 0.735604 0.156238
0.571362 0.230128 1.339107 0.652254 0.096332 0.735420 0.156341
0.571520 0.230054 1.338811 0.652369 0.096820 0.735233 0.156438
0.571675 0.229978 1.338518 0.652491 0.097290 0.735043 0.156532
0.571826 0.229899 1.338226 0.652619 0.097741 0.734851 0.156621
0.571975 0.229818 1.337937 0.652752 0.098175 0.734656 0.156706
0.572120 0.229736 1.337651 0.652891 0.098593 0.734460 0.156787
0.572262 0.229652 1.337367 0.653033 0.098995 0.734262 0.156865
0.572401 0.229566 1.337086 0.653180 0.099383 0.734063 0.156938
0.572538 0.229480 1.336808 0.653330 0.099756 0.733864 0.157009
0.572671 0.229393 1.336534 0.653483 0.100116 0.733665 0.157076
0.572802 0.229305 1.336262 0.653638 0.100463 0.733466 0.157140
0.572930 0.229217 1.335993 0.653794 0.100797 0.733267 0.157201
0.573055 0.229128 1.335728 0.653952 0.101119 0.733070 0.157258
0.573178 0.229040 1.335466 0.654111 0.101431 0.732873 0.157313
0.573298 0.228952 1.335207 0.654270 0.101732 0.732678 0.157366
0.573416 0.228864 1.334952 0.654430 0.102024 0.732484 0.157416
0.573531 0.228776 1.334700 0.654589 0.102306 0.732293 0.157464
0.573645 0.228689 1.334452 0.654747 0.102579 0.732103 0.157510
0.573756 0.228602 1.334207 0.654904 0.102844 0.731916 0.157553
0.573864 0.228517 1.333966 0.655061 0.103101 0.731730 0.157595
0.573971 0.228432 1.333728 0.655216 0.103350 0.731548 0.157635
0.574075 0.228348 1.333493 0.655369 0.103592 0.731368 0.157673
0.574178 0.228264 1.333263 0.655521 0.103827 0.731190 0.157710
0.574278 0.228182 1.333035 0.655671 0.104056 0.731016 0.157745
0.574377 0.228101 1.332812 0.655819 0.104278 0.730844 0.157779
0.574473 0.228021 1.332592 0.655965 0.104494 0.730675 0.157812
0.574568 0.227943 1.332375 0.656109 0.104705 0.730509 0.157843
0.574680 0.227891 1.332113 0.656270 0.104969 0.730325 0.157850
0.574802 0.227859 1.331824 0.656431 0.105238 0.730146 0.157829
0.574928 0.227840 1.331519 0.656584 0.105497 0.729980 0.157786
0.575054 0.227829 1.331202 0.656730 0.105738 0.729827 0.157724
0.575178 0.227825 1.330878 0.656871 0.105960 0.729685 0.157649
0.575300 0.227824 1.330549 0.657008 0.106164 0.729550 0.157562
0.575417 0.227826 1.330217 0.657145 0.106351 0.729420 0.157467
0.575530 0.227830 1.329883 0.657284 0.106522 0.729292 0.157364
0.575639 0.227836 1.329549 0.657427 0.106679 0.729164 0.157255
0.575743 0.227843 1.329213 0.657576 0.106824 0.729033 0.157141
0.575841 0.227852 1.328879 0.657732 0.106957 0.728899 0.157022
0.575935 0.227861 1.328545 0.657895 0.107080 0.728760 0.156900
0.576025 0.227872 1.328212 0.658065 0.107192 0.728616 0.156775
0.576109 0.227883 1.327881 0.658244 0.107295 0.728468 0.156646
0.576189 0.227896 1.327551 0.658429 0.107389 0.728314 0.156514
0.576265 0.227910 1.327224 0.658622 0.107474 0.728156 0.156379
0.576337 0.227925 1.326899 0.658821 0.107552 0.727994 0.156242
0.576405 0.227941 1.326577 0.659027 0.107623 0.727828 0.156102
0.576469 0.227958 1.326258 0.659237 0.107687 0.727658 0.155961
0.576529 0.227976 1.325941 0.659452 0.107744 0.727486 0.155816
0.576586 0.227996 1.325628 0.659671 0.107795 0.727311 0.155670
0.576640 0.228017 1.325317 0.659893 0.107840 0.727135 0.155522
0.576691 0.228040 1.325011 0.660117 0.107880 0.726957 0.155373
0.576739 0.228064 1.324707 0.660343 0.107916 0.726779 0.155222
0.576784 0.228089 1.324407 0.660571 0.107948 0.726600 0.155070
0.576826 0.228115 1.324111 0.660798 0.107976 0.726421 0.154917
0.576866 0.228143 1.323819 0.661026 0.108001 0.726243 0.154763
0.576904 0.228173 1.323531 0.661254 0.108022 0.726065 0.154608
0.576939 0.228203 1.323246 0.661481 0.108041 0.725889 0.154453
0.576973 0.228236 1.322965 0.661706 0.108057 0.725714 0.154297
0.577004 0.228269 1.322689 0.661930 0.108071 0.725541 0.154141
0.577034 0.228304 1.322416 0.662152 0.108083 0.725370 0.153984
0.577062 0.228340 1.322147 0.662372 0.108094 0.725200 0.153828
0.577088 0.228377 1.321883 0.662590 0.108103 0.725033 0.153673
0.577113 0.228415 1.321622 0.662804 0.108111 0.724869 0.153517
0.577136 0.228455 1.321366 0.663016 0.108119 0.724707 0.153362
0.577158 0.228496 1.321114 0.663225 0.108126 0.724547 0.153208
0.577179 0.228537 1.320865 0.663431 0.108132 0.724391 0.153054
0.577198 0.228580 1.320621 0.663633 0.108138 0.724237 0.152901
0.577216 0.228624 1.320381 0.663832 0.108143 0.724086 0.152749
0.577243 0.228672 1.320114 0.664037 0.108142 0.723934 0.152578
0.577269 0.228716 1.319826 0.664237 0.108132 0.723788 0.152403
0.577294 0.228755 1.319520 0.664435 0.108110 0.723648 0.152226
0.577317 0.228787 1.319201 0.664631 0.108077 0.723510 0.152048
0.577337 0.228814 1.318871 0.664829 0.108035 0.723371 0.151873
0.577354 0.228834 1.318533 0.665030 0.107983 0.723230 0.151698
0.577368 0.228848 1.318188 0.665238 0.107923 0.723084 0.151526
0.577379 0.228856 1.317837 0.665453 0.107855 0.722932 0.151357
0.577387 0.228858 1.317483 0.665677 0.107779 0.722772 0.151190
0.577392 0.228855 1.317125 0.665911 0.107696 0.722603 0.151026
0.577394 0.228847 1.316765 0.666154 0.107606 0.722426 0.150864
0.577393 0.228834 1.316404 0.666408 0.107509 0.722240 0.150704
0.577390 0.228817 1.316042 0.666671 0.107406 0.722046 0.150546
0.577384 0.228796 1.315680 0.666943 0.107296 0.721843 0.150390
0.577376 0.228771 1.315319 0.667224 0.107180 0.721633 0.150236
0.577366 0.228743 1.314959 0.667512 0.107060 0.721416 0.150084
0.577355 0.228711 1.314600 0.667807 0.106935 0.721192 0.149933
0.577341 0.228677 1.314243 0.668109 0.106806 0.720963 0.149784
0.577326 0.228641 1.313889 0.668415 0.106673 0.720729 0.149638
0.577310 0.228602 1.313538 0.668725 0.106538 0.720492 0.149493
0.577292 0.228561 1.313189 0.669039 0.106399 0.720251 0.149350
0.577274 0.228519 1.312844 0.669355 0.106258 0.720007 0.149208
0.577254 0.228475 1.312502 0.669672 0.106116 0.719762 0.149069
0.577235 0.228429 1.312165 0.669990 0.105972 0.719516 0.148932
0.577214 0.228383 1.311831 0.670308 0.105827 0.719269 0.148797
0.577193 0.228336 1.311501 0.670625 0.105681 0.719022 0.148663
0.577172 0.228288 1.311176 0.670941 0.105535 0.718776 0.148532
0.577150 0.228239 1.310855 0.671255 0.105389 0.718531 0.148402
0.577129 0.228190 1.310539 0.671566 0.105244 0.718288 0.148275
0.577107 0.228140 1.310227 0.671875 0.105098 0.718046 0.148150
0.577085 0.228090 1.309920 0.672180 0.104954 0.717807 0.148026
0.577063 0.228040 1.309618 0.672482 0.104811 0.717570 0.147905
0.577042 0.227990 1.309321 0.672779 0.104668 0.717337 0.147787
0.577021 0.227940 1.309029 0.673073 0.104528 0.717106 0.147670
0.577000 0.227890 1.308742 0.673362 0.104389 0.716878 0.147555
0.576979 0.227841 1.308459 0.673646 0.104252 0.716654 0.147443
0.576959 0.227791 1.308182 0.673925 0.104117 0.716434 0.147333
0.576939 0.227742 1.307909 0.674199 0.103984 0.716217 0.147225
0.576919 0.227694 1.307642 0.674468 0.103853 0.716005 0.147119
0.576900 0.227645 1.307379 0.674732 0.103725 0.715796 0.147016
0.576886 0.227598 1.307118 0.675003 0.103497 0.715604 0.146867
0.576874 0.227551 1.306855 0.675284 0.103205 0.715419 0.146687
0.576864 0.227503 1.306589 0.675574 0.102873 0.715233 0.146489
0.576854 0.227453 1.306321 0.675872 0.102515 0.715045 0.146281
0.576843 0.227401 1.306050 0.676177 0.102143 0.714853 0.146068
0.576830 0.227346 1.305777 0.676489 0.101763 0.714657 0.145853
0.576816 0.227289 1.305501 0.676805 0.101379 0.714455 0.145640
0.576800 0.227230 1.305222 0.677125 0.100996 0.714249 0.145429
0.576783 0.227167 1.304942 0.677448 0.100614 0.714039 0.145222
0.576764 0.227103 1.304661 0.677773 0.100236 0.713825 0.145019
0.576743 0.227036 1.304379 0.678099 0.099862 0.713607 0.144821
0.576722 0.226968 1.304096 0.678426 0.099494 0.713387 0.144628
0.576699 0.226897 1.303813 0.678753 0.099131 0.713165 0.144440
0.576675 0.226825 1.303531 0.679079 0.098774 0.712941 0.144256
0.576649 0.226751 1.303249 0.679405 0.098423 0.712716 0.144078
0.576624 0.226677 1.302969 0.679729 0.098078 0.712489 0.143904
0.576597 0.226601 1.302690 0.680051 0.097740 0.712263 0.143736
0.576570 0.226524 1.302412 0.680371 0.097407 0.712036 0.143572
0.576542 0.226446 1.302137 0.680688 0.097080 0.711809 0.143412
0.576514 0.226368 1.301864 0.681003 0.096759 0.711583 0.143257
0.576486 0.226289 1.301594 0.681315 0.096444 0.711357 0.143106
0.576457 0.226210 1.301326 0.681624 0.096135 0.711133 0.142959
0.576429 0.226131 1.301062 0.681929 0.095831 0.710910 0.142816
0.576400 0.226051 1.300800 0.682231 0.095533 0.710688 0.142677
0.576372 0.225972 1.300542 0.682529 0.095241 0.710468 0.142542
0.576343 0.225893 1.300287 0.682823 0.094955 0.710250 0.142411
0.576315 0.225813 1.300036 0.683113 0.094674 0.710035 0.142283
0.576287 0.225734 1.299788 0.683399 0.094398 0.709821 0.142159
0.576259 0.225656 1.299545 0.683680 0.094128 0.709610 0.142038
0.576232 0.225578 1.299305 0.683957 0.093864 0.709402 0.141920
0.576205 0.225500 1.299069 0.684229 0.093604 0.709197 0.141806
0.576179 0.225423 1.298838 0.684497 0.093350 0.708994 0.141695
0.576153 0.225347 1.298610 0.684759 0.093102 0.708795 0.141586
0.576127 0.225271 1.298386 0.685017 0.092858 0.708598 0.141481
0.576102 0.225196 1.298167 0.685270 0.092620 0.708405 0.141379
0.576078 0.225122 1.297951 0.685518 0.092387 0.708216 0.141280
0.576054 0.225049 1.297740 0.685761 0.092159 0.708030 0.141183
0.576031 0.224976 1.297533 0.685999 0.091936 0.707847 0.141089
0.576009 0.224905 1.297330 0.686232 0.091717 0.707668 0.140998
0.575987 0.224834 1.297132 0.686459 0.091504 0.707492 0.140909
0.575959 0.224751 1.296940 0.686677 0.091238 0.707333 0.140818
0.575931 0.224664 1.296750 0.686896 0.090952 0.707177 0.140724
0.575904 0.224575 1.296561 0.687115 0.090658 0.707019 0.140631
0.575876 0.224482 1.296371 0.687336 0.090362 0.706861 0.140541
0.575849 0.224386 1.296182 0.687558 0.090067 0.706699 0.140455
0.575822 0.224289 1.295993 0.687781 0.089776 0.706536 0.140374
0.575795 0.224189 1.295804 0.688004 0.089490 0.706370 0.140299
0.575768 0.224087 1.295616 0.688226 0.089210 0.706203 0.140229
0.575742 0.223983 1.295429 0.688447 0.088935 0.706035 0.140164
0.575716 0.223878 1.295243 0.688666 0.088667 0.705867 0.140105
0.575690 0.223772 1.295059 0.688884 0.088406 0.705698 0.140051
0.575664 0.223664 1.294876 0.689099 0.088151 0.705529 0.140002
0.575639 0.223556 1.294694 0.689313 0.087901 0.705360 0.139958
0.575615 0.223446 1.294515 0.689523 0.087659 0.705193 0.139919
0.575591 0.223336 1.294338 0.689731 0.087422 0.705026 0.139884
0.575568 0.223226 1.294163 0.689936 0.087191 0.704860 0.139853
0.575545 0.223115 1.293991 0.690137 0.086965 0.704696 0.139826
0.575523 0.223003 1.293821 0.690336 0.086745 0.704533 0.139802
0.575502 0.222892 1.293654 0.690531 0.086531 0.704373 0.139782
0.575481 0.222781 1.293489 0.690722 0.086321 0.704214 0.139766
0.575462 0.222669 1.293328 0.690911 0.086117 0.704057 0.139752
0.575443 0.222558 1.293169 0.691095 0.085917 0.703902 0.139741
0.575424 0.222447 1.293013 0.691277 0.085722 0.703749 0.139733
0.575407 0.222337 1.292859 0.691454 0.085532 0.703599 0.139728
0.575390 0.222226 1.292709 0.691628 0.085347 0.703451 0.139725
0.575374 0.222117 1.292562 0.691799 0.085165 0.703306 0.139724
0.575359 0.222008 1.292417 0.691966 0.084988 0.703163 0.139725
0.575344 0.221900 1.292276 0.692129 0.084815 0.703022 0.139727
0.575331 0.221792 1.292137 0.692288 0.084647 0.702885 0.139732
0.575318 0.221685 1.292001 0.692444 0.084482 0.702750 0.139738
0.575305 0.221579 1.291868 0.692596 0.084321 0.702617 0.139746
0.575294 0.221474 1.291738 0.692745 0.084163 0.702488 0.139755
0.575283 0.221370 1.291611 0.692890 0.084010 0.702361 0.139766
0.575273 0.221267 1.291487 0.693031 0.083860 0.702237 0.139777
0.575263 0.221165 1.291365 0.693169 0.083713 0.702116 0.139790
0.575254 0.221064 1.291247 0.693304 0.083570 0.701998 0.139804
0.575246 0.220964 1.291130 0.693435 0.083430 0.701882 0.139818
0.575239 0.220865 1.291017 0.693562 0.083294 0.701769 0.139834
0.575232 0.220768 1.290906 0.693686 0.083161 0.701659 0.139850
0.575225 0.220671 1.290798 0.693807 0.083031 0.701552 0.139867
0.575204 0.220557 1.290695 0.693921 0.082885 0.701449 0.139904
0.575172 0.220431 1.290597 0.694043 0.082748 0.701333 0.139962
0.575131 0.220300 1.290501 0.694174 0.082628 0.701202 0.140035
0.575090 0.220163 1.290413 0.694299 0.082523 0.701074 0.140123
0.575049 0.220024 1.290330 0.694417 0.082430 0.700949 0.140221
0.575009 0.219882 1.290252 0.694529 0.082350 0.700825 0.140326
0.574971 0.219739 1.290179 0.694638 0.082280 0.700704 0.140438
0.574934 0.219596 1.290110 0.694743 0.082217 0.700584 0.140554
0.574899 0.219452 1.290043 0.694845 0.082166 0.700464 0.140674
0.574865 0.219309 1.289979 0.694945 0.082121 0.700346 0.140798
0.574832 0.219166 1.289917 0.695043 0.082082 0.700228 0.140924
0.574801 0.219023 1.289856 0.695139 0.082047 0.700111 0.141050
0.574770 0.218882 1.289798 0.695234 0.082015 0.699995 0.141177
0.574740 0.218742 1.289740 0.695327 0.081986 0.699880 0.141303
0.574711 0.218603 1.289684 0.695420 0.081958 0.699766 0.141429
0.574683 0.218466 1.289629 0.695509 0.081933 0.699655 0.141553
0.574657 0.218331 1.289575 0.695594 0.081909 0.699548 0.141676
0.574631 0.218198 1.289522 0.695676 0.081886 0.699444 0.141798
0.574606 0.218066 1.289471 0.695756 0.081863 0.699343 0.141918
0.574582 0.217937 1.289421 0.695833 0.081840 0.699245 0.142037
0.574559 0.217809 1.289373 0.695908 0.081818 0.699150 0.142153
0.574535 0.217684 1.289323 0.695986 0.081792 0.699053 0.142264
0.574511 0.217562 1.289273 0.696066 0.081763 0.698955 0.142371
0.574487 0.217443 1.289221 0.696148 0.081732 0.698856 0.142473
0.574462 0.217326 1.289169 0.696230 0.081699 0.698758 0.142572
0.574437 0.217211 1.289117 0.696313 0.081666 0.698659 0.142667
0.574411 0.217099 1.289064 0.696397 0.081631 0.698561 0.142760
0.574385 0.216989 1.289010 0.696480 0.081596 0.698464 0.142849
0.574359 0.216881 1.288957 0.696564 0.081561 0.698367 0.142936
0.574333 0.216776 1.288902 0.696647 0.081525 0.698271 0.143020
0.574306 0.216672 1.288848 0.696730 0.081489 0.698175 0.143101
0.574280 0.216571 1.288793 0.696813 0.081453 0.698081 0.143180
0.574253 0.216472 1.288739 0.696895 0.081416 0.697987 0.143256
0.574226 0.216375 1.288684 0.696977 0.081380 0.697894 0.143331
0.574199 0.216280 1.288629 0.697058 0.081343 0.697803 0.143402
0.574172 0.216187 1.288575 0.697139 0.081306 0.697712 0.143472
0.574145 0.216096 1.288520 0.697219 0.081269 0.697623 0.143540
0.574118 0.216007 1.288466 0.697298 0.081232 0.697534 0.143605
0.574091 0.215919 1.288412 0.697377 0.081195 0.697447 0.143668
0.574064 0.215834 1.288359 0.697455 0.081158 0.697361 0.143730
0.574021 0.215728 1.288301 0.697531 0.081115 0.697271 0.143818
0.573968 0.215612 1.288234 0.697608 0.081081 0.697176 0.143923
0.573906 0.215492 1.288157 0.697690 0.081056 0.697074 0.144039
0.573838 0.215370 1.288071 0.697777 0.081041 0.696963 0.144161
0.573765 0.215247 1.287976 0.697871 0.081031 0.696844 0.144287
0.573689 0.215125 1.287874 0.697972 0.081025 0.696717 0.144413
0.573609 0.215004 1.287766 0.698080 0.081019 0.696584 0.144538
0.573526 0.214885 1.287652 0.698195 0.081012 0.696444 0.144661
0.573441 0.214768 1.287534 0.698316 0.081004 0.696298 0.144780
0.573355 0.214654 1.287413 0.698444 0.080994 0.696148 0.144896
0.573266 0.214541 1.287288 0.698577 0.080981 0.695993 0.145008
0.573177 0.214432 1.287161 0.698714 0.080965 0.695834 0.145115
0.573086 0.214325 1.287032 0.698856 0.080946 0.695672 0.145219
0.572995 0.214221 1.286902 0.699001 0.080925 0.695508 0.145319
0.572903 0.214119 1.286772 0.699149 0.080902 0.695342 0.145414
0.572811 0.214020 1.286641 0.699300 0.080876 0.695174 0.145506
0.572719 0.213924 1.286510 0.699452 0.080848 0.695006 0.145594
0.572627 0.213831 1.286379 0.699606 0.080818 0.694837 0.145678
0.572535 0.213741 1.286248 0.699760 0.080786 0.694668 0.145759
0.572444 0.213653 1.286119 0.699915 0.080753 0.694500 0.145836
0.572352 0.213568 1.285991 0.700070 0.080719 0.694332 0.145910
0.572262 0.213485 1.285864 0.700225 0.080684 0.694165 0.145981
0.572172 0.213405 1.285738 0.700378 0.080648 0.694000 0.146049
0.572083 0.213328 1.285614 0.700531 0.080611 0.693836 0.146114
0.571995 0.213253 1.285491 0.700683 0.080574 0.693674 0.146177
0.571907 0.213180 1.285370 0.700833 0.080536 0.693514 0.146237
0.571821 0.213110 1.285251 0.700981 0.080498 0.693357 0.146294
0.571735 0.213043 1.285134 0.701128 0.080460 0.693201 0.146349
0.571651 0.212977 1.285019 0.701272 0.080423 0.693048 0.146402
0.571567 0.212914 1.284905 0.701415 0.080385 0.692897 0.146453
0.571485 0.212853 1.284794 0.701555 0.080348 0.692749 0.146502
0.571404 0.212794 1.284684 0.701693 0.080310 0.692604 0.146549
0.571323 0.212737 1.284577 0.701829 0.080274 0.692461 0.146594
0.571244 0.212682 1.284471 0.701963 0.080237 0.692321 0.146637
0.571166 0.212629 1.284367 0.702094 0.080201 0.692183 0.146678
0.571089 0.212578 1.284265 0.702222 0.080166 0.692048 0.146718
0.571014 0.212528 1.284165 0.702349 0.080132 0.691916 0.146756
0.570939 0.212481 1.284067 0.702472 0.080098 0.691787 0.146793
0.570865 0.212434 1.283970 0.702594 0.080064 0.691660 0.146829
0.570793 0.212390 1.283875 0.702712 0.080032 0.691536 0.146863
0.570688 0.212305 1.283791 0.702853 0.080009 0.691376 0.146956
0.570570 0.212199 1.283708 0.702990 0.080013 0.691208 0.147089
0.570444 0.212080 1.283626 0.703124 0.080045 0.691033 0.147250
0.570314 0.211955 1.283544 0.703255 0.080098 0.690855 0.147428
0.570184 0.211825 1.283460 0.703385 0.080164 0.690676 0.147616
0.570053 0.211693 1.283376 0.703513 0.080239 0.690496 0.147809
0.569923 0.211559 1.283292 0.703639 0.080318 0.690316 0.148004
0.569795 0.211426 1.283207 0.703764 0.080398 0.690138 0.148199
0.569668 0.211293 1.283122 0.703887 0.080477 0.689961 0.148392
0.569543 0.211160 1.283038 0.704010 0.080554 0.689786 0.148582
0.569420 0.211028 1.282954 0.704131 0.080628 0.689613 0.148768
0.569299 0.210898 1.282871 0.704252 0.080698 0.689442 0.148951
0.569180 0.210769 1.282788 0.704372 0.080764 0.689273 0.149130
0.569062 0.210641 1.282706 0.704491 0.080826 0.689107 0.149305
0.568947 0.210515 1.282624 0.704610 0.080883 0.688942 0.149475
0.568833 0.210390 1.282544 0.704727 0.080937 0.688779 0.149641
0.568721 0.210267 1.282464 0.704844 0.080987 0.688618 0.149803
0.568611 0.210145 1.282385 0.704959 0.081034 0.688460 0.149962
0.568503 0.210026 1.282307 0.705073 0.081078 0.688304 0.150117
0.568397 0.209908 1.282230 0.705186 0.081120 0.688152 0.150268
0.568292 0.209791 1.282155 0.705296 0.081158 0.688001 0.150416
0.568190 0.209677 1.282080 0.705406 0.081194 0.687853 0.150560
0.568089 0.209564 1.282007 0.705514 0.081227 0.687708 0.150701
0.567990 0.209453 1.281935 0.705620 0.081259 0.687565 0.150838
0.567893 0.209344 1.281864 0.705724 0.081288 0.687425 0.150972
0.567797 0.209237 1.281794 0.705827 0.081315 0.687287 0.151104
0.567703 0.209131 1.281725 0.705928 0.081340 0.687152 0.151232
0.567611 0.209028 1.281658 0.706028 0.081363 0.687019 0.151357
0.567520 0.208926 1.281592 0.706126 0.081385 0.686889 0.151480
0.567431 0.208826 1.281526 0.706222 0.081406 0.686762 0.151600
0.567343 0.208728 1.281462 0.706316 0.081425 0.686636 0.151717
0.567257 0.208632 1.281399 0.706408 0.081443 0.686514 0.151831
0.567173 0.208538 1.281338 0.706499 0.081460 0.686394 0.151944
0.567090 0.208445 1.281277 0.706588 0.081476 0.686276 0.152053
0.567008 0.208354 1.281217 0.706675 0.081491 0.686161 0.152161
0.566928 0.208266 1.281159 0.706761 0.081505 0.686048 0.152266
0.566849 0.208179 1.281102 0.706845 0.081519 0.685937 0.152368
0.566771 0.208093 1.281045 0.706927 0.081532 0.685828 0.152469
0.566695 0.208010 1.280990 0.707007 0.081544 0.685722 0.152568
0.566621 0.207928 1.280936 0.707085 0.081556 0.685618 0.152664
0.566492 0.207790 1.280893 0.707203 0.081630 0.685444 0.152865
0.566331 0.207618 1.280857 0.707350 0.081774 0.685212 0.153142
0.566153 0.207427 1.280822 0.707514 0.081979 0.684945 0.153471
0.565958 0.207243 1.280786 0.707725 0.082163 0.684635 0.153781
0.565752 0.207068 1.280747 0.707967 0.082344 0.684297 0.154080
0.565540 0.206900 1.280704 0.708226 0.082528 0.683941 0.154371
0.565324 0.206739 1.280657 0.708492 0.082719 0.683578 0.154656
0.565106 0.206585 1.280607 0.708758 0.082919 0.683214 0.154937
0.564888 0.206437 1.280555 0.709019 0.083126 0.682854 0.155216
0.564672 0.206292 1.280502 0.709272 0.083341 0.682502 0.155494
0.564459 0.206152 1.280447 0.709514 0.083563 0.682160 0.155771
0.564248 0.206014 1.280393 0.709745 0.083791 0.681829 0.156047
0.564044 0.205873 1.280340 0.709947 0.084045 0.681520 0.156340
0.563847 0.205730 1.280290 0.710127 0.084315 0.681229 0.156643
0.563657 0.205585 1.280243 0.710289 0.084591 0.680955 0.156952
0.563472 0.205439 1.280199 0.710437 0.084869 0.680695 0.157264
0.563294 0.205293 1.280159 0.710572 0.085146 0.680446 0.157576
0.563121 0.205147 1.280123 0.710698 0.085420 0.680208 0.157887
0.562954 0.205001 1.280090 0.710815 0.085690 0.679980 0.158197
0.562792 0.204855 1.280060 0.710925 0.085954 0.679761 0.158504
0.562635 0.204710 1.280034 0.711028 0.086213 0.679549 0.158808
0.562483 0.204566 1.280012 0.711125 0.086466 0.679345 0.159109
0.562336 0.204422 1.279992 0.711217 0.086712 0.679147 0.159407
0.562193 0.204280 1.279975 0.711304 0.086953 0.678956 0.159701
0.562054 0.204138 1.279961 0.711387 0.087187 0.678771 0.159991
0.561919 0.203998 1.279950 0.711465 0.087415 0.678593 0.160277
0.561789 0.203859 1.279941 0.711539 0.087638 0.678419 0.160560
0.561662 0.203721 1.279934 0.711609 0.087855 0.678252 0.160838
0.561539 0.203585 1.279930 0.711676 0.088066 0.678089 0.161113
0.561420 0.203450 1.279927 0.711739 0.088272 0.677932 0.161384
0.561304 0.203316 1.279926 0.711798 0.088473 0.677779 0.161650
0.561191 0.203184 1.279927 0.711855 0.088669 0.677631 0.161914
0.561082 0.203053 1.279930 0.711908 0.088859 0.677488 0.162173
0.560975 0.202923 1.279934 0.711959 0.089045 0.677350 0.162428
0.560872 0.202795 1.279939 0.712007 0.089227 0.677215 0.162680
0.560771 0.202669 1.279946 0.712052 0.089404 0.677085 0.162928
0.560673 0.202544 1.279954 0.712095 0.089577 0.676958 0.163172
0.560578 0.202420 1.279962 0.712135 0.089745 0.676835 0.163412
0.560485 0.202299 1.279972 0.712173 0.089910 0.676716 0.163649
0.560395 0.202178 1.279983 0.712209 0.090070 0.676601 0.163882
0.560240 0.201993 1.280001 0.712250 0.090365 0.676425 0.164267
0.560045 0.201773 1.280016 0.712291 0.090786 0.676206 0.164758
0.559827 0.201534 1.280027 0.712330 0.091300 0.675959 0.165316
0.559595 0.201288 1.280033 0.712368 0.091877 0.675695 0.165913
0.559354 0.201040 1.280036 0.712405 0.092489 0.675420 0.166530
0.559110 0.200796 1.280036 0.712444 0.093118 0.675140 0.167150
0.558863 0.200557 1.280033 0.712484 0.093749 0.674857 0.167765
0.558616 0.200326 1.280028 0.712527 0.094376 0.674574 0.168370
0.558369 0.200103 1.280022 0.712572 0.094993 0.674292 0.168961
0.558123 0.199887 1.280015 0.712620 0.095596 0.674011 0.169537
0.557879 0.199681 1.280007 0.712671 0.096184 0.673733 0.170096
0.557638 0.199491 1.280000 0.712725 0.096727 0.673466 0.170617
0.557399 0.199314 1.279994 0.712784 0.097238 0.673206 0.171109
0.557161 0.199150 1.279988 0.712845 0.097727 0.672950 0.171578
0.556925 0.198996 1.279981 0.712909 0.098201 0.672699 0.172027
0.556691 0.198851 1.279974 0.712975 0.098664 0.672450 0.172461
0.556458 0.198713 1.279966 0.713042 0.099116 0.672204 0.172882
0.556226 0.198580 1.279956 0.713111 0.099571 0.671957 0.173298
0.555997 0.198452 1.279945 0.713179 0.100023 0.671712 0.173706
0.555769 0.198329 1.279933 0.713247 0.100468 0.671470 0.174105
0.555544 0.198211 1.279921 0.713314 0.100904 0.671233 0.174494
0.555322 0.198097 1.279910 0.713380 0.101331 0.670999 0.174873
0.555103 0.197989 1.279898 0.713445 0.101748 0.670771 0.175242
0.554887 0.197885 1.279886 0.713509 0.102154 0.670547 0.175600
0.554674 0.197786 1.279875 0.713572 0.102551 0.670328 0.175949
0.554464 0.197692 1.279864 0.713634 0.102937 0.670115 0.176287
0.554257 0.197601 1.279853 0.713693 0.103314 0.669906 0.176617
0.554054 0.197514 1.279843 0.713752 0.103682 0.669703 0.176937
0.553853 0.197432 1.279833 0.713809 0.104041 0.669504 0.177248
0.553656 0.197353 1.279824 0.713864 0.104390 0.669310 0.177551
0.553462 0.197277 1.279815 0.713918 0.104731 0.669121 0.177845
0.553271 0.197205 1.279807 0.713970 0.105064 0.668937 0.178132
0.553083 0.197136 1.279799 0.714021 0.105389 0.668758 0.178411
0.552898 0.197070 1.279791 0.714070 0.105706 0.668583 0.178682
0.552716 0.197007 1.279784 0.714117 0.106015 0.668413 0.178947
0.552538 0.196947 1.279777 0.714163 0.106317 0.668247 0.179205
0.552362 0.196889 1.279770 0.714207 0.106612 0.668085 0.179456
0.552189 0.196834 1.279764 0.714250 0.106901 0.667927 0.179700
0.552021 0.196783 1.279759 0.714288 0.107169 0.667782 0.179932
0.551857 0.196735 1.279756 0.714323 0.107425 0.667644 0.180153
0.551622 0.196629 1.279771 0.714337 0.107756 0.667481 0.180500
0.551339 0.196486 1.279788 0.714333 0.108196 0.667292 0.180950
0.551024 0.196324 1.279801 0.714321 0.108748 0.667072 0.181479
0.550688 0.196150 1.279806 0.714306 0.109399 0.666821 0.182066
0.550337 0.195971 1.279804 0.714292 0.110131 0.666543 0.182696
0.549977 0.195789 1.279794 0.714280 0.110927 0.666242 0.183357
0.549611 0.195607 1.279778 0.714273 0.111773 0.665921 0.184039
0.549241 0.195425 1.279756 0.714270 0.112653 0.665584 0.184734
0.548870 0.195244 1.279729 0.714272 0.113550 0.665234 0.185433
0.548498 0.195066 1.279700 0.714281 0.114449 0.664876 0.186129
0.548128 0.194893 1.279668 0.714296 0.115340 0.664514 0.186814
0.547760 0.194725 1.279634 0.714317 0.116215 0.664150 0.187484
0.547396 0.194562 1.279600 0.714343 0.117069 0.663787 0.188138
0.547035 0.194406 1.279566 0.714374 0.117899 0.663426 0.188773
0.546679 0.194255 1.279531 0.714410 0.118706 0.663068 0.189389
0.546326 0.194111 1.279497 0.714450 0.119488 0.662713 0.189987
0.545978 0.193973 1.279463 0.714493 0.120246 0.662363 0.190565
0.545635 0.193840 1.279429 0.714540 0.120980 0.662018 0.191126
0.545296 0.193713 1.279396 0.714589 0.121693 0.661677 0.191669
0.544963 0.193592 1.279364 0.714640 0.122383 0.661342 0.192196
0.544634 0.193475 1.279332 0.714692 0.123053 0.661012 0.192706
0.544309 0.193364 1.279300 0.714745 0.123704 0.660689 0.193201
0.543990 0.193257 1.279270 0.714799 0.124335 0.660371 0.193681
0.543676 0.193155 1.279240 0.714853 0.124949 0.660060 0.194147
0.543367 0.193057 1.279211 0.714907 0.125546 0.659756 0.194600
0.543062 0.192963 1.279182 0.714960 0.126126 0.659457 0.195040
0.542763 0.192873 1.279155 0.715013 0.126690 0.659165 0.195467
0.542469 0.192786 1.279128 0.715064 0.127240 0.658880 0.195883
0.542179 0.192703 1.279102 0.715115 0.127775 0.658601 0.196288
0.541895 0.192623 1.279076 0.715163 0.128297 0.658329 0.196682
0.541615 0.192546 1.279052 0.715211 0.128805 0.658064 0.197066
0.541340 0.192472 1.279028 0.715257 0.129301 0.657805 0.197440
0.541070 0.192400 1.279005 0.715301 0.129784 0.657552 0.197805
0.540805 0.192331 1.278982 0.715342 0.130257 0.657306 0.198161
0.540545 0.192264 1.278960 0.715383 0.130717 0.657066 0.198509
0.540289 0.192199 1.278939 0.715421 0.131167 0.656832 0.198848
0.540038 0.192136 1.278919 0.715458 0.131606 0.656603 0.199179
0.539792 0.192075 1.278899 0.715493 0.132034 0.656381 0.199503
0.539550 0.192016 1.278879 0.715526 0.132453 0.656164 0.199819
0.539313 0.191958 1.278860 0.715557 0.132862 0.655953 0.200129
0.539009 0.191831 1.278849 0.715536 0.133401 0.655724 0.200594
0.538663 0.191660 1.278836 0.715497 0.134064 0.655455 0.201172
0.538289 0.191463 1.278818 0.715449 0.134823 0.655150 0.201827
0.537898 0.191248 1.278796 0.715397 0.135650 0.654818 0.202533
0.537496 0.191022 1.278770 0.715345 0.136521 0.654465 0.203271
0.537088 0.190791 1.278739 0.715295 0.137423 0.654095 0.204028
0.536676 0.190559 1.278705 0.715250 0.138345 0.653711 0.204794
0.536263 0.190328 1.278668 0.715210 0.139277 0.653316 0.205561
0.535852 0.190099 1.278628 0.715175 0.140215 0.652912 0.206325
0.535442 0.189874 1.278586 0.715146 0.141151 0.652503 0.207083
0.535035 0.189654 1.278543 0.715123 0.142072 0.652092 0.207826
0.534633 0.189440 1.278500 0.715106 0.142973 0.651681 0.208552
0.534234 0.189232 1.278457 0.715095 0.143850 0.651274 0.209258
0.533841 0.189030 1.278414 0.715090 0.144701 0.650869 0.209944
0.533452 0.188835 1.278371 0.715091 0.145526 0.650469 0.210610
0.533068 0.188646 1.278328 0.715097 0.146325 0.650074 0.211255
0.532689 0.188464 1.278286 0.715108 0.147099 0.649684 0.211881
0.532316 0.188288 1.278244 0.715122 0.147848 0.649300 0.212487
0.531948 0.188118 1.278204 0.715140 0.148574 0.648922 0.213075
0.531586 0.187953 1.278163 0.715160 0.149278 0.648550 0.213645
0.531229 0.187794 1.278124 0.715183 0.149960 0.648185 0.214199
0.530877 0.187640 1.278085 0.715207 0.150622 0.647828 0.214736
0.530531 0.187491 1.278047 0.715232 0.151265 0.647477 0.215258
0.530191 0.187347 1.278010 0.715258 0.151890 0.647133 0.215765
0.529856 0.187207 1.277973 0.715284 0.152496 0.646797 0.216258
0.529527 0.187072 1.277938 0.715311 0.153086 0.646468 0.216737
0.529203 0.186940 1.277903 0.715337 0.153660 0.646146 0.217204
0.528885 0.186813 1.277869 0.715363 0.154219 0.645831 0.217658
0.528572 0.186689 1.277836 0.715388 0.154763 0.645524 0.218100
0.528265 0.186569 1.277803 0.715412 0.155293 0.645224 0.218531
0.527963 0.186452 1.277771 0.715435 0.155809 0.644931 0.218951
0.527667 0.186339 1.277740 0.715458 0.156313 0.644645 0.219361
0.527375 0.186228 1.277710 0.715479 0.156803 0.644366 0.219761
0.527089 0.186120 1.277681 0.715499 0.157282 0.644094 0.220151
0.526809 0.186015 1.277652 0.715517 0.157749 0.643829 0.220532
0.526533 0.185912 1.277624 0.715534 0.158205 0.643571 0.220904
0.526263 0.185812 1.277597 0.715550 0.158650 0.643318 0.221268
0.525997 0.185714 1.277570 0.715565 0.159085 0.643073 0.221624
0.525737 0.185618 1.277544 0.715578 0.159509 0.642833 0.221971
0.525481 0.185524 1.277519 0.715589 0.159923 0.642600 0.222311
0.525158 0.185370 1.277493 0.715506 0.160474 0.642388 0.222793
0.524786 0.185182 1.277462 0.715378 0.161152 0.642159 0.223376
0.524381 0.184977 1.277425 0.715225 0.161934 0.641904 0.224030
0.523954 0.184765 1.277381 0.715061 0.162794 0.641626 0.224728
0.523510 0.184552 1.277330 0.714894 0.163708 0.641325 0.225451
0.523056 0.184344 1.277270 0.714730 0.164654 0.641008 0.226182
0.522595 0.184146 1.277204 0.714575 0.165610 0.640679 0.226906
0.522130 0.183959 1.277130 0.714429 0.166565 0.640342 0.227616
0.521662 0.183784 1.277050 0.714296 0.167507 0.640000 0.228305
0.521193 0.183622 1.276965 0.714175 0.168433 0.639653 0.228970
0.520723 0.183473 1.276873 0.714068 0.169339 0.639304 0.229611
0.520254 0.183337 1.276776 0.713973 0.170222 0.638955 0.230226
0.519786 0.183213 1.276674 0.713890 0.171081 0.638604 0.230816
0.519319 0.183101 1.276568 0.713819 0.171918 0.638255 0.231381
0.518854 0.182999 1.276458 0.713759 0.172731 0.637906 0.231922
0.518392 0.182908 1.276344 0.713708 0.173522 0.637560 0.232440
0.517932 0.182826 1.276226 0.713667 0.174291 0.637215 0.232936
0.517475 0.182754 1.276105 0.713633 0.175040 0.636873 0.233411
0.517022 0.182690 1.275982 0.713607 0.175768 0.636535 0.233866
0.516572 0.182634 1.275856 0.713588 0.176477 0.636200 0.234303
0.516125 0.182585 1.275728 0.713574 0.177168 0.635869 0.234721
0.515683 0.182543 1.275598 0.713566 0.177841 0.635542 0.235123
0.515245 0.182507 1.275466 0.713562 0.178497 0.635219 0.235509
0.514811 0.182477 1.275334 0.713562 0.179137 0.634901 0.235880
0.514382 0.182452 1.275200 0.713566 0.179761 0.634588 0.236237
0.513958 0.182432 1.275066 0.713572 0.180370 0.634280 0.236581
0.513539 0.182416 1.274931 0.713581 0.180965 0.633976 0.236911
0.513124 0.182405 1.274797 0.713593 0.181545 0.633678 0.237230
0.512715 0.182397 1.274662 0.713606 0.182112 0.633386 0.237538
0.512314 0.182391 1.274528 0.713614 0.182677 0.633100 0.237841
0.511917 0.182387 1.274392 0.713620 0.183233 0.632822 0.238136
0.511526 0.182384 1.274255 0.713625 0.183779 0.632550 0.238423
0.511140 0.182384 1.274118 0.713631 0.184313 0.632283 0.238701
0.510759 0.182386 1.273982 0.713638 0.184834 0.632021 0.238970
0.510383 0.182389 1.273846 0.713647 0.185342 0.631763 0.239230
0.510012 0.182394 1.273711 0.713658 0.185837 0.631510 0.239482
0.509647 0.182401 1.273577 0.713672 0.186319 0.631261 0.239725
0.509287 0.182409 1.273445 0.713687 0.186789 0.631016 0.239960
0.508932 0.182419 1.273314 0.713703 0.187247 0.630775 0.240187
0.508583 0.182430 1.273185 0.713721 0.187693 0.630538 0.240407
0.508169 0.182382 1.273057 0.713642 0.188247 0.630336 0.240738
0.507716 0.182300 1.272933 0.713532 0.188901 0.630105 0.241156
0.507237 0.182199 1.272815 0.713410 0.189624 0.629844 0.241629
0.506742 0.182087 1.272702 0.713286 0.190391 0.629559 0.242135
0.506238 0.181971 1.272592 0.713163 0.191181 0.629257 0.242660
0.505730 0.181854 1.272484 0.713043 0.191984 0.628943 0.243191
0.505220 0.181741 1.272377 0.712929 0.192791 0.628621 0.243721
0.504712 0.181633 1.272270 0.712820 0.193595 0.628294 0.244243
0.504205 0.181531 1.272162 0.712718 0.194390 0.627966 0.244754
0.503702 0.181435 1.272053 0.712622 0.195173 0.627637 0.245252
0.503204 0.181346 1.271943 0.712534 0.195941 0.627310 0.245735
0.502709 0.181264 1.271832 0.712451 0.196694 0.626985 0.246202
0.502219 0.181188 1.271720 0.712375 0.197428 0.626662 0.246653
0.501735 0.181118 1.271607 0.712306 0.198146 0.626344 0.247088
0.501255 0.181054 1.271492 0.712242 0.198846 0.626028 0.247508
0.500781 0.180995 1.271378 0.712184 0.199528 0.625717 0.247913
0.500312 0.180942 1.271262 0.712131 0.200193 0.625410 0.248303
0.499849 0.180893 1.271146 0.712083 0.200842 0.625107 0.248680
0.499392 0.180849 1.271030 0.712040 0.201473 0.624808 0.249043
0.498940 0.180808 1.270913 0.712001 0.202090 0.624514 0.249394
0.498494 0.180772 1.270796 0.711966 0.202690 0.624224 0.249732
0.498054 0.180739 1.270680 0.711934 0.203276 0.623938 0.250059
0.497620 0.180709 1.270564 0.711906 0.203847 0.623658 0.250375
0.497192 0.180682 1.270448 0.711880 0.204404 0.623382 0.250680
0.496770 0.180658 1.270333 0.711857 0.204948 0.623111 0.250976
0.496354 0.180636 1.270218 0.711837 0.205478 0.622844 0.251261
0.495944 0.180617 1.270104 0.711818 0.205995 0.622583 0.251538
0.495540 0.180599 1.269991 0.711802 0.206500 0.622326 0.251806
0.495142 0.180584 1.269880 0.711787 0.206992 0.622074 0.252066
0.494751 0.180570 1.269769 0.711773 0.207473 0.621827 0.252318
0.494365 0.180557 1.269660 0.711761 0.207943 0.621585 0.252562
0.493986 0.180546 1.269552 0.711750 0.208401 0.621348 0.252800
0.493613 0.180537 1.269446 0.711740 0.208849 0.621115 0.253030
0.493246 0.180528 1.269341 0.711731 0.209286 0.620887 0.253254
0.492885 0.180521 1.269237 0.711723 0.209712 0.620664 0.253471
0.492530 0.180514 1.269136 0.711715 0.210129 0.620445 0.253683
0.492181 0.180508 1.269036 0.711708 0.210536 0.620231 0.253889
0.491838 0.180503 1.268937 0.711701 0.210933 0.620022 0.254089
0.491501 0.180498 1.268841 0.711695 0.211321 0.619817 0.254284
0.491170 0.180494 1.268746 0.711689 0.211700 0.619617 0.254474
0.490778 0.180448 1.268652 0.711573 0.212098 0.619521 0.254700
0.490349 0.180386 1.268571 0.711427 0.212489 0.619453 0.254946
0.489895 0.180319 1.268503 0.711278 0.212885 0.619381 0.255206
0.489425 0.180254 1.268445 0.711136 0.213286 0.619297 0.255473
0.488953 0.180210 1.268399 0.710981 0.213658 0.619249 0.255709
0.488482 0.180183 1.268363 0.710821 0.214013 0.619221 0.255924
0.488009 0.180171 1.268335 0.710663 0.214357 0.619202 0.256122
0.487535 0.180171 1.268314 0.710510 0.214693 0.619184 0.256307
0.487060 0.180182 1.268297 0.710365 0.215027 0.619162 0.256481
0.486586 0.180203 1.268283 0.710231 0.215359 0.619133 0.256646
0.486113 0.180234 1.268271 0.710107 0.215690 0.619096 0.256801
0.485642 0.180273 1.268259 0.709995 0.216019 0.619048 0.256948
0.485172 0.180320 1.268248 0.709894 0.216346 0.618993 0.257086
0.484704 0.180373 1.268237 0.709804 0.216669 0.618928 0.257216
0.484238 0.180433 1.268225 0.709726 0.216988 0.618856 0.257338
0.483776 0.180499 1.268213 0.709658 0.217303 0.618777 0.257451
0.483316 0.180570 1.268199 0.709600 0.217611 0.618691 0.257556
0.482859 0.180645 1.268184 0.709550 0.217914 0.618600 0.257654
0.482406 0.180725 1.268168 0.709510 0.218211 0.618505 0.257745
0.481956 0.180808 1.268151 0.709476 0.218501 0.618406 0.257828
0.481511 0.180895 1.268133 0.709450 0.218784 0.618304 0.257904
0.481069 0.180985 1.268113 0.709430 0.219061 0.618200 0.257973
0.480633 0.181078 1.268092 0.709416 0.219332 0.618094 0.258036
0.480200 0.181174 1.268070 0.709406 0.219596 0.617987 0.258094
0.479773 0.181271 1.268047 0.709401 0.219854 0.617879 0.258145
0.479350 0.181371 1.268023 0.709400 0.220106 0.617772 0.258191
0.478933 0.181472 1.267998 0.709402 0.220353 0.617664 0.258233
0.478520 0.181575 1.267973 0.709408 0.220593 0.617557 0.258269
0.478113 0.181679 1.267947 0.709416 0.220828 0.617450 0.258301
0.477711 0.181784 1.267920 0.709426 0.221058 0.617344 0.258329
0.477314 0.181890 1.267893 0.709439 0.221282 0.617239 0.258354
0.476923 0.181996 1.267865 0.709453 0.221501 0.617136 0.258375
0.476537 0.182103 1.267838 0.709468 0.221715 0.617034 0.258392
0.476157 0.182210 1.267809 0.709485 0.221924 0.616933 0.258406
0.475782 0.182317 1.267781 0.709503 0.222129 0.616834 0.258418
0.475412 0.182424 1.267753 0.709522 0.222328 0.616737 0.258427
0.475049 0.182531 1.267724 0.709542 0.222523 0.616641 0.258433
0.474690 0.182637 1.267696 0.709562 0.222713 0.616548 0.258437
0.474338 0.182743 1.267667 0.709582 0.222899 0.616456 0.258439
0.473990 0.182849 1.267639 0.709603 0.223080 0.616366 0.258439
0.473582 0.182931 1.267593 0.709604 0.223205 0.616328 0.258422
0.473140 0.183005 1.267544 0.709573 0.223330 0.616325 0.258405
0.472682 0.183082 1.267497 0.709516 0.223470 0.616346 0.258392
0.472218 0.183165 1.267455 0.709442 0.223629 0.616378 0.258380
0.471749 0.183259 1.267416 0.709360 0.223806 0.616413 0.258368
0.471279 0.183363 1.267379 0.709277 0.223997 0.616446 0.258352
0.470808 0.183477 1.267342 0.709197 0.224198 0.616474 0.258331
0.470336 0.183603 1.267305 0.709123 0.224404 0.616496 0.258304
0.469864 0.183738 1.267267 0.709056 0.224615 0.616511 0.258269
0.469393 0.183883 1.267227 0.708997 0.224826 0.616519 0.258226
0.468923 0.184036 1.267186 0.708948 0.225038 0.616520 0.258175
0.468452 0.184197 1.267141 0.708913 0.225248 0.616508 0.258117
0.467982 0.184363 1.267093 0.708889 0.225455 0.616487 0.258052
0.467513 0.184537 1.267043 0.708874 0.225659 0.616459 0.257980
0.467046 0.184715 1.266990 0.708868 0.225859 0.616426 0.257899
0.466582 0.184899 1.266935 0.708869 0.226055 0.616390 0.257812
0.466121 0.185088 1.266878 0.708876 0.226247 0.616351 0.257718
0.465662 0.185281 1.266818 0.708889 0.226435 0.616309 0.257619
0.465207 0.185477 1.266757 0.708906 0.226619 0.616265 0.257513
0.464756 0.185676 1.266694 0.708928 0.226800 0.616220 0.257403
0.464309 0.185878 1.266630 0.708953 0.226977 0.616173 0.257288
0.463866 0.186082 1.266565 0.708982 0.227151 0.616126 0.257169
0.463428 0.186287 1.266498 0.709013 0.227322 0.616078 0.257047
0.462994 0.186493 1.266431 0.709047 0.227489 0.616029 0.256923
0.462565 0.186700 1.266363 0.709083 0.227654 0.615980 0.256795
0.462140 0.186908 1.266295 0.709121 0.227816 0.615930 0.256665
0.461720 0.187116 1.266226 0.709161 0.227976 0.615880 0.256534
0.461305 0.187323 1.266157 0.709202 0.228132 0.615830 0.256401
0.460896 0.187530 1.266087 0.709244 0.228286 0.615780 0.256268
0.460491 0.187736 1.266018 0.709288 0.228437 0.615730 0.256133
0.460092 0.187941 1.265948 0.709332 0.228586 0.615680 0.255998
0.459698 0.188145 1.265879 0.709377 0.228732 0.615630 0.255863
0.459309 0.188347 1.265810 0.709423 0.228875 0.615580 0.255728
0.458926 0.188548 1.265741 0.709469 0.229016 0.615530 0.255593
0.458547 0.188747 1.265673 0.709516 0.229154 0.615480 0.255458
0.458175 0.188943 1.265605 0.709564 0.229290 0.615431 0.255324
0.457807 0.189138 1.265537 0.709611 0.229423 0.615382 0.255191
0.457445 0.189330 1.265470 0.709659 0.229554 0.615333 0.255058
0.457088 0.189520 1.265404 0.709707 0.229682 0.615284 0.254927
0.456737 0.189707 1.265338 0.709755 0.229809 0.615235 0.254797
0.456369 0.189889 1.265276 0.709771 0.229763 0.615318 0.254592
0.455976 0.190075 1.265212 0.709817 0.229610 0.615427 0.254339
0.455571 0.190268 1.265148 0.709883 0.229400 0.615545 0.254060
0.455159 0.190469 1.265086 0.709964 0.229159 0.615663 0.253763
0.454743 0.190678 1.265026 0.710058 0.228903 0.615777 0.253455
0.454326 0.190896 1.264967 0.710162 0.228642 0.615885 0.253139
0.453909 0.191122 1.264909 0.710274 0.228380 0.615985 0.252817
0.453491 0.191356 1.264852 0.710393 0.228121 0.616077 0.252491
0.453075 0.191596 1.264795 0.710519 0.227865 0.616161 0.252161
0.452660 0.191842 1.264739 0.710650 0.227614 0.616239 0.251828
0.452246 0.192094 1.264682 0.710785 0.227368 0.616311 0.251493
0.451835 0.192351 1.264626 0.710924 0.227127 0.616378 0.251156
0.451426 0.192612 1.264570 0.711065 0.226892 0.616439 0.250818
0.451020 0.192878 1.264514 0.711207 0.226663 0.616497 0.250478
0.450616 0.193146 1.264458 0.711351 0.226439 0.616551 0.250138
0.450216 0.193418 1.264402 0.711496 0.226220 0.616603 0.249798
0.449819 0.193692 1.264346 0.711641 0.226006 0.616651 0.249457
0.449426 0.193968 1.264291 0.711786 0.225798 0.616698 0.249117
0.449037 0.194246 1.264236 0.711931 0.225596 0.616742 0.248777
0.448651 0.194525 1.264182 0.712075 0.225398 0.616785 0.248438
0.448269 0.194805 1.264128 0.712218 0.225204 0.616826 0.248100
0.447892 0.195086 1.264074 0.712360 0.225016 0.616866 0.247764
0.447519 0.195367 1.264022 0.712501 0.224833 0.616905 0.247429
0.447150 0.195648 1.263969 0.712640 0.224654 0.616943 0.247096
0.446785 0.195928 1.263918 0.712778 0.224481 0.616980 0.246765
0.446425 0.196208 1.263867 0.712913 0.224311 0.617015 0.246436
0.446069 0.196487 1.263817 0.713048 0.224146 0.617051 0.246110
0.445718 0.196765 1.263767 0.713180 0.223985 0.617085 0.245787
0.445371 0.197041 1.263719 0.713310 0.223828 0.617119 0.245466
0.445029 0.197316 1.263671 0.713439 0.223676 0.617152 0.245148
0.444692 0.197589 1.263624 0.713566 0.223527 0.617184 0.244834
0.444359 0.197860 1.263578 0.713690 0.223383 0.617216 0.244523
0.444031 0.198128 1.263532 0.713813 0.223242 0.617247 0.244215
0.443708 0.198394 1.263488 0.713933 0.223104 0.617277 0.243911
0.443389 0.198658 1.263444 0.714052 0.222970 0.617307 0.243611
0.443075 0.198919 1.263402 0.714169 0.222840 0.617336 0.243314
0.442766 0.199177 1.263360 0.714283 0.222713 0.617364 0.243022
0.442461 0.199433 1.263319 0.714396 0.222590 0.617392 0.242733
0.442161 0.199685 1.263279 0.714506 0.222469 0.617420 0.242448
0.441866 0.199934 1.263239 0.714615 0.222352 0.617447 0.242168
0.441551 0.200172 1.263206 0.714721 0.222098 0.617542 0.241842
0.441228 0.200411 1.263181 0.714819 0.221758 0.617691 0.241484
0.440903 0.200651 1.263164 0.714909 0.221379 0.617869 0.241112
0.440581 0.200896 1.263155 0.714993 0.220984 0.618060 0.240733
0.440261 0.201144 1.263152 0.715072 0.220586 0.618259 0.240352
0.439945 0.201396 1.263156 0.715148 0.220191 0.618460 0.239972
0.439633 0.201652 1.263165 0.715222 0.219804 0.618659 0.239594
0.439324 0.201912 1.263177 0.715294 0.219426 0.618855 0.239218
0.439019 0.202175 1.263194 0.715365 0.219058 0.619048 0.238844
0.438717 0.202440 1.263213 0.715436 0.218699 0.619235 0.238474
0.438418 0.202708 1.263235 0.715506 0.218349 0.619419 0.238107
0.438123 0.202978 1.263259 0.715576 0.218009 0.619597 0.237742
0.437831 0.203250 1.263285 0.715646 0.217679 0.619772 0.237382
0.437543 0.203523 1.263312 0.715714 0.217358 0.619942 0.237024
0.437258 0.203796 1.263342 0.715782 0.217045 0.620108 0.236670
0.436976 0.204070 1.263372 0.715849 0.216741 0.620271 0.236319
0.436698 0.204345 1.263403 0.715915 0.216446 0.620430 0.235972
0.436424 0.204619 1.263436 0.715980 0.216158 0.620587 0.235629
0.436153 0.204893 1.263469 0.716044 0.215877 0.620739 0.235289
0.435886 0.205167 1.263503 0.716106 0.215604 0.620889 0.234953
0.435622 0.205439 1.263538 0.716168 0.215339 0.621037 0.234621
0.435362 0.205711 1.263573 0.716228 0.215080 0.621181 0.234292
0.435105 0.205981 1.263609 0.716286 0.214828 0.621323 0.233968
0.434852 0.206249 1.263645 0.716344 0.214583 0.621462 0.233647
0.434603 0.206516 1.263681 0.716400 0.214344 0.621598 0.233331
0.434357 0.206781 1.263718 0.716455 0.214111 0.621732 0.233019
0.434115 0.207044 1.263755 0.716509 0.213885 0.621864 0.232711
0.433876 0.207305 1.263791 0.716561 0.213664 0.621993 0.232407
0.433641 0.207563 1.263829 0.716612 0.213449 0.622120 0.232107
0.433409 0.207818 1.263866 0.716662 0.213239 0.622244 0.231811
0.433181 0.208071 1.263903 0.716711 0.213034 0.622366 0.231520
0.432956 0.208321 1.263940 0.716759 0.212835 0.622486 0.231233
0.432735 0.208568 1.263977 0.716806 0.212641 0.622603 0.230951
0.432517 0.208812 1.264014 0.716852 0.212451 0.622718 0.230673
0.432303 0.209053 1.264050 0.716897 0.212266 0.622831 0.230399
0.432092 0.209291 1.264087 0.716941 0.212085 0.622941 0.230130
0.431884 0.209525 1.264123 0.716984 0.211909 0.623049 0.229865
0.431680 0.209756 1.264159 0.717026 0.211737 0.623155 0.229604
0.431479 0.209983 1.264195 0.717068 0.211570 0.623259 0.229348
0.431281 0.210207 1.264230 0.717109 0.211406 0.623360 0.229096
0.431054 0.210411 1.264280 0.717144 0.211158 0.623501 0.228832
0.430816 0.210606 1.264351 0.717172 0.210885 0.623656 0.228572
0.430574 0.210798 1.264439 0.717195 0.210609 0.623816 0.228319
0.430331 0.210988 1.264540 0.717215 0.210339 0.623973 0.228074
0.430087 0.211179 1.264652 0.717233 0.210081 0.624126 0.227835
0.429846 0.211370 1.264772 0.717251 0.209834 0.624274 0.227600
0.429606 0.211564 1.264898 0.717269 0.209597 0.624417 0.227370
0.429370 0.211759 1.265031 0.717288 0.209370 0.624555 0.227142
0.429136 0.211957 1.265167 0.717306 0.209151 0.624689 0.226917
0.428906 0.212156 1.265308 0.717325 0.208939 0.624820 0.226692
0.428680 0.212358 1.265451 0.717344 0.208733 0.624948 0.226469
0.428457 0.212561 1.265597 0.717362 0.208533 0.625074 0.226246
0.428238 0.212766 1.265744 0.717380 0.208337 0.625199 0.226024
0.428022 0.212972 1.265894 0.717398 0.208147 0.625323 0.225802
0.427810 0.213179 1.266044 0.717414 0.207960 0.625446 0.225580
0.427602 0.213387 1.266195 0.717430 0.207778 0.625569 0.225359
0.427397 0.213596 1.266346 0.717444 0.207599 0.625691 0.225139
0.427196 0.213804 1.266498 0.717456 0.207424 0.625814 0.224920
0.426999 0.214013 1.266650 0.717468 0.207253 0.625936 0.224701
0.426805 0.214222 1.266802 0.717477 0.207086 0.626058 0.224484
0.426615 0.214431 1.266954 0.717485 0.206922 0.626180 0.224268
0.426428 0.214639 1.267105 0.717492 0.206762 0.626303 0.224053
0.426245 0.214846 1.267256 0.717497 0.206605 0.626425 0.223840
0.426066 0.215052 1.267406 0.717501 0.206452 0.626547 0.223628
0.425889 0.215257 1.267555 0.717503 0.206302 0.626669 0.223418
0.425716 0.215461 1.267704 0.717504 0.206154 0.626790 0.223210
0.425546 0.215663 1.267851 0.717504 0.206010 0.626911 0.223003
0.425379 0.215864 1.267997 0.717502 0.205869 0.627032 0.222799
0.425215 0.216063 1.268142 0.717500 0.205731 0.627152 0.222597
0.425055 0.216260 1.268286 0.717496 0.205596 0.627271 0.222397
0.424897 0.216455 1.268428 0.717492 0.205464 0.627390 0.222200
0.424742 0.216648 1.268569 0.717486 0.205334 0.627507 0.222005
0.424590 0.216839 1.268709 0.717480 0.205208 0.627624 0.221813
0.424441 0.217027 1.268847 0.717473 0.205084 0.627739 0.221623
0.424295 0.217213 1.268983 0.717466 0.204962 0.627853 0.221436
0.424151 0.217396 1.269118 0.717458 0.204843 0.627966 0.221251
0.424010 0.217577 1.269251 0.717449 0.204726 0.628078 0.221070
0.423872 0.217755 1.269382 0.717440 0.204612 0.628188 0.220891
0.423736 0.217931 1.269512 0.717431 0.204501 0.628297 0.220714
0.423603 0.218103 1.269639 0.717422 0.204391 0.628404 0.220541
0.423433 0.218256 1.269780 0.717401 0.204165 0.628571 0.220342
0.423253 0.218405 1.269940 0.717374 0.203860 0.628779 0.220120
0.423070 0.218555 1.270117 0.717342 0.203513 0.629009 0.219886
0.422888 0.218708 1.270311 0.717308 0.203146 0.629252 0.219644
0.422708 0.218868 1.270518 0.717272 0.202771 0.629499 0.219398
0.422532 0.219033 1.270736 0.717236 0.202395 0.629748 0.219149
0.422359 0.219204 1.270965 0.717200 0.202022 0.629997 0.218897
0.422190 0.219381 1.271201 0.717164 0.201653 0.630243 0.218645
0.422026 0.219563 1.271445 0.717128 0.201292 0.630488 0.218391
0.421865 0.219751 1.271694 0.717090 0.200938 0.630732 0.218138
0.421709 0.219943 1.271949 0.717049 0.200591 0.630976 0.217883
0.421558 0.220140 1.272208 0.717005 0.200251 0.631222 0.217628
0.421411 0.220340 1.272471 0.716958 0.199919 0.631468 0.217373
0.421268 0.220544 1.272737 0.716908 0.199594 0.631715 0.217118
0.421129 0.220751 1.273006 0.716855 0.199276 0.631964 0.216864
0.420994 0.220960 1.273276 0.716798 0.198965 0.632213 0.216610
0.420863 0.221172 1.273548 0.716739 0.198661 0.632463 0.216356
0.420735 0.221385 1.273820 0.716677 0.198364 0.632712 0.216105
0.420609 0.221600 1.274092 0.716622 0.198071 0.632953 0.215853
0.420483 0.221815 1.274361 0.716571 0.197782 0.633186 0.215601
0.420359 0.222032 1.274629 0.716523 0.197497 0.633414 0.215350
0.420236 0.222249 1.274895 0.716476 0.197217 0.633639 0.215100
0.420115 0.222467 1.275160 0.716430 0.196943 0.633861 0.214851
0.419997 0.222684 1.275422 0.716383 0.196673 0.634082 0.214604
0.419880 0.222901 1.275682 0.716336 0.196409 0.634300 0.214358
0.419766 0.223118 1.275940 0.716288 0.196150 0.634517 0.214114
0.419653 0.223335 1.276196 0.716239 0.195897 0.634733 0.213871
0.419543 0.223550 1.276450 0.716188 0.195648 0.634947 0.213631
0.419435 0.223764 1.276701 0.716137 0.195404 0.635160 0.213392
0.419329 0.223978 1.276949 0.716085 0.195165 0.635372 0.213156
0.419225 0.224189 1.277195 0.716032 0.194931 0.635582 0.212922
0.419124 0.224400 1.277438 0.715978 0.194702 0.635790 0.212691
0.419024 0.224608 1.277679 0.715924 0.194478 0.635997 0.212462
0.418926 0.224815 1.277916 0.715869 0.194257 0.636201 0.212235
0.418829 0.225020 1.278151 0.715815 0.194042 0.636403 0.212012
0.418735 0.225223 1.278382 0.715760 0.193830 0.636602 0.211791
0.418642 0.225423 1.278610 0.715705 0.193623 0.636799 0.211572
0.418551 0.225621 1.278835 0.715651 0.193420 0.636994 0.211357
0.418461 0.225817 1.279057 0.715597 0.193221 0.637185 0.211145
0.418373 0.226010 1.279276 0.715543 0.193026 0.637374 0.210936
0.418243 0.226177 1.279510 0.715471 0.192735 0.637615 0.210716
0.418098 0.226337 1.279762 0.715386 0.192396 0.637887 0.210490
0.417944 0.226495 1.280029 0.715292 0.192041 0.638175 0.210262
0.417786 0.226655 1.280306 0.715191 0.191687 0.638469 0.210036
0.417625 0.226819 1.280590 0.715086 0.191343 0.638763 0.209812
0.417463 0.226986 1.280880 0.714983 0.191010 0.639052 0.209590
0.417300 0.227158 1.281174 0.714879 0.190688 0.639336 0.209368
0.417138 0.227335 1.281470 0.714776 0.190379 0.639616 0.209147
0.416977 0.227517 1.281768 0.714673 0.190081 0.639892 0.208926
0.416818 0.227704 1.282067 0.714570 0.189793 0.640165 0.208704
0.416660 0.227895 1.282366 0.714467 0.189516 0.640435 0.208482
0.416504 0.228090 1.282664 0.714363 0.189247 0.640702 0.208258
0.416350 0.228289 1.282962 0.714260 0.188987 0.640967 0.208035
0.416198 0.228491 1.283259 0.714156 0.188734 0.641229 0.207810
0.416047 0.228696 1.283553 0.714056 0.188487 0.641486 0.207585
0.415898 0.228903 1.283846 0.713959 0.188245 0.641739 0.207359
0.415749 0.229113 1.284135 0.713864 0.188009 0.641987 0.207132
0.415602 0.229324 1.284422 0.713771 0.187779 0.642231 0.206905
0.415456 0.229536 1.284706 0.713680 0.187553 0.642471 0.206678
0.415312 0.229750 1.284986 0.713590 0.187333 0.642708 0.206452
0.415169 0.229963 1.285263 0.713502 0.187118 0.642940 0.206226
0.415027 0.230177 1.285537 0.713416 0.186907 0.643169 0.206001
0.414887 0.230391 1.285807 0.713331 0.186701 0.643395 0.205777
0.414749 0.230604 1.286074 0.713248 0.186500 0.643617 0.205554
0.414612 0.230817 1.286337 0.713166 0.186303 0.643835 0.205333
0.414476 0.231029 1.286596 0.713086 0.186109 0.644050 0.205113
0.414342 0.231240 1.286851 0.713008 0.185920 0.644261 0.204894
0.414210 0.231449 1.287102 0.712931 0.185735 0.644468 0.204677
0.414078 0.231657 1.287350 0.712856 0.185553 0.644672 0.204462
0.413949 0.231864 1.287593 0.712782 0.185375 0.644872 0.204248
0.413821 0.232069 1.287833 0.712710 0.185200 0.645069 0.204037
0.413694 0.232272 1.288068 0.712640 0.185029 0.645262 0.203827
0.413569 0.232473 1.288300 0.712571 0.184861 0.645451 0.203620
0.413446 0.232672 1.288528 0.712504 0.184696 0.645637 0.203414
0.413323 0.232869 1.288751 0.712439 0.184534 0.645819 0.203211
0.413203 0.233064 1.288971 0.712376 0.184375 0.645998 0.203011
0.413083 0.233256 1.289186 0.712314 0.184219 0.646172 0.202812
0.412965 0.233445 1.289398 0.712255 0.184066 0.646343 0.202617
0.412849 0.233632 1.289605 0.712197 0.183916 0.646510 0.202423
0.412734 0.233817 1.289809 0.712141 0.183768 0.646674 0.202233
0.412573 0.233972 1.290024 0.712073 0.183498 0.646891 0.202023
0.412391 0.234113 1.290253 0.711989 0.183187 0.647137 0.201812
0.412197 0.234247 1.290497 0.711892 0.182862 0.647400 0.201605
0.411998 0.234379 1.290753 0.711788 0.182540 0.647669 0.201401
0.411797 0.234512 1.291018 0.711679 0.182226 0.647939 0.201202
0.411595 0.234647 1.291289 0.711568 0.181924 0.648206 0.201006
0.411394 0.234784 1.291565 0.711459 0.181635 0.648467 0.200812
0.411193 0.234925 1.291843 0.711351 0.181357 0.648723 0.200620
0.410994 0.235069 1.292123 0.711247 0.181090 0.648971 0.200429
0.410796 0.235216 1.292404 0.711145 0.180833 0.649212 0.200239
0.410600 0.235365 1.292685 0.711046 0.180584 0.649448 0.200049
0.410407 0.235518 1.292965 0.710950 0.180342 0.649680 0.199858
0.410215 0.235673 1.293244 0.710857 0.180106 0.649906 0.199666
0.410026 0.235832 1.293521 0.710766 0.179875 0.650128 0.199474
0.409838 0.235992 1.293796 0.710678 0.179650 0.650346 0.199281
0.409653 0.236154 1.294068 0.710593 0.179429 0.650559 0.199087
0.409470 0.236317 1.294338 0.710510 0.179213 0.650769 0.198893
0.409289 0.236482 1.294605 0.710429 0.179001 0.650974 0.198699
0.409111 0.236647 1.294870 0.710347 0.178794 0.651180 0.198506
0.408936 0.236812 1.295132 0.710264 0.178593 0.651384 0.198315
0.408764 0.236977 1.295391 0.710181 0.178396 0.651586 0.198124
0.408594 0.237142 1.295647 0.710104 0.178203 0.651781 0.197934
0.408425 0.237306 1.295898 0.710031 0.178013 0.651970 0.197745
0.408258 0.237470 1.296146 0.709962 0.177826 0.652153 0.197557
0.408092 0.237634 1.296389 0.709896 0.177642 0.652331 0.197370
0.407928 0.237796 1.296628 0.709833 0.177462 0.652505 0.197184
0.407766 0.237957 1.296863 0.709772 0.177284 0.652675 0.197000
0.407606 0.238117 1.297094 0.709713 0.177110 0.652842 0.196817
0.407448 0.238275 1.297321 0.709656 0.176939 0.653004 0.196636
0.407291 0.238432 1.297543 0.709601 0.176772 0.653163 0.196457
0.407137 0.238588 1.297762 0.709548 0.176607 0.653319 0.196280
0.406985 0.238741 1.297977 0.709497 0.176445 0.653471 0.196105
0.406835 0.238893 1.298188 0.709447 0.176286 0.653620 0.195932
0.406687 0.239043 1.298395 0.709399 0.176130 0.653765 0.195760
0.406541 0.239190 1.298598 0.709353 0.175977 0.653907 0.195592
0.406396 0.239336 1.298797 0.709308 0.175826 0.654046 0.195425
0.406254 0.239480 1.298992 0.709265 0.175678 0.654182 0.195260
0.406114 0.239621 1.299183 0.709223 0.175532 0.654315 0.195097
0.405975 0.239761 1.299371 0.709183 0.175389 0.654444 0.194937
0.405839 0.239898 1.299555 0.709145 0.175248 0.654571 0.194779
0.405655 0.240008 1.299751 0.709106 0.174914 0.654761 0.194580
0.405445 0.240103 1.299965 0.709062 0.174466 0.654994 0.194359
0.405218 0.240192 1.300191 0.709015 0.173967 0.655245 0.194130
0.404979 0.240278 1.300424 0.708975 0.173452 0.655493 0.193901
0.404731 0.240365 1.300662 0.708942 0.172938 0.655731 0.193674
0.404479 0.240456 1.300902 0.708915 0.172434 0.655960 0.193448
0.404224 0.240552 1.301144 0.708892 0.171944 0.656180 0.193224
0.403967 0.240653 1.301385 0.708873 0.171470 0.656390 0.193001
0.403710 0.240760 1.301626 0.708856 0.171013 0.656593 0.192779
0.403453 0.240873 1.301866 0.708840 0.170572 0.656789 0.192559
0.403198 0.240991 1.302104 0.708826 0.170148 0.656979 0.192340
0.402943 0.241114 1.302341 0.708812 0.169740 0.657163 0.192121
0.402690 0.241242 1.302575 0.708799 0.169344 0.657343 0.191903
0.402439 0.241375 1.302807 0.708785 0.168962 0.657520 0.191686
0.402191 0.241511 1.303037 0.708772 0.168592 0.657692 0.191469
0.401944 0.241651 1.303264 0.708758 0.168233 0.657862 0.191253
0.401700 0.241793 1.303489 0.708744 0.167885 0.658028 0.191038
0.401459 0.241939 1.303711 0.708730 0.167547 0.658191 0.190824
0.401220 0.242086 1.303930 0.708717 0.167220 0.658350 0.190612
0.400984 0.242235 1.304146 0.708703 0.166902 0.658507 0.190401
0.400750 0.242386 1.304359 0.708689 0.166593 0.658660 0.190191
0.400519 0.242537 1.304569 0.708676 0.166294 0.658810 0.189984
0.400290 0.242689 1.304775 0.708663 0.166002 0.658957 0.189778
0.400064 0.242842 1.304979 0.708650 0.165719 0.659101 0.189575
0.399841 0.242994 1.305179 0.708637 0.165444 0.659241 0.189373
0.399621 0.243146 1.305376 0.708626 0.165176 0.659378 0.189174
0.399403 0.243298 1.305570 0.708614 0.164915 0.659512 0.188977
0.399188 0.243449 1.305760 0.708604 0.164661 0.659643 0.188783
0.398976 0.243600 1.305947 0.708594 0.164414 0.659770 0.188591
0.398767 0.243749 1.306130 0.708584 0.164174 0.659894 0.188402
0.398560 0.243896 1.306310 0.708575 0.163939 0.660015 0.188215
0.398356 0.244043 1.306487 0.708568 0.163711 0.660132 0.188031
0.398154 0.244188 1.306660 0.708560 0.163488 0.660247 0.187850
0.397956 0.244331 1.306830 0.708554 0.163271 0.660358 0.187672
0.397760 0.244472 1.306997 0.708549 0.163059 0.660466 0.187496
0.397567 0.244611 1.307160 0.708544 0.162852 0.660571 0.187323
0.397376 0.244749 1.307320 0.708540 0.162650 0.660673 0.187153
0.397189 0.244884 1.307476 0.708537 0.162453 0.660772 0.186986
0.397003 0.245017 1.307630 0.708536 0.162260 0.660868 0.186822
0.396821 0.245148 1.307780 0.708535 0.162072 0.660961 0.186660
0.396593 0.245246 1.307947 0.708513 0.161681 0.661137 0.186460
0.396327 0.245322 1.308124 0.708506 0.161165 0.661333 0.186238
0.396033 0.245387 1.308307 0.708519 0.160597 0.661522 0.186009
0.395724 0.245447 1.308500 0.708529 0.160031 0.661711 0.185785
0.395404 0.245509 1.308699 0.708545 0.159474 0.661890 0.185564
0.395077 0.245575 1.308902 0.708569 0.158930 0.662056 0.185343
0.394743 0.245650 1.309103 0.708606 0.158406 0.662205 0.185120
0.394408 0.245731 1.309305 0.708647 0.157896 0.662346 0.184895
0.394064 0.245821 1.309497 0.708726 0.157367 0.662455 0.184653
0.393715 0.245918 1.309677 0.708830 0.156835 0.662540 0.184399
0.393361 0.246022 1.309849 0.708953 0.156305 0.662606 0.184138
0.393005 0.246132 1.310013 0.709088 0.155784 0.662658 0.183872
0.392647 0.246247 1.310170 0.709231 0.155274 0.662700 0.183602
0.392289 0.246368 1.310320 0.709379 0.154777 0.662734 0.183330
0.391932 0.246493 1.310466 0.709529 0.154293 0.662762 0.183056
0.391584 0.246622 1.310619 0.709642 0.153857 0.662813 0.182796
0.391244 0.246755 1.310777 0.709733 0.153450 0.662880 0.182543
0.390902 0.246893 1.310926 0.709848 0.153029 0.662927 0.182279
0.390560 0.247033 1.311067 0.709978 0.152605 0.662959 0.182010
0.390218 0.247175 1.311200 0.710118 0.152185 0.662981 0.181738
0.389886 0.247319 1.311340 0.710222 0.151808 0.663026 0.181480
0.389554 0.247465 1.311472 0.710346 0.151422 0.663054 0.181216
0.389221 0.247612 1.311596 0.710482 0.151034 0.663070 0.180948
0.388890 0.247759 1.311713 0.710626 0.150651 0.663076 0.180680
0.388570 0.247906 1.311838 0.710731 0.150312 0.663109 0.180428
0.388250 0.248054 1.311956 0.710854 0.149963 0.663126 0.180171
0.387931 0.248201 1.312065 0.710990 0.149613 0.663130 0.179911
0.387613 0.248348 1.312169 0.711131 0.149266 0.663127 0.179652
0.387307 0.248494 1.312282 0.711233 0.148962 0.663151 0.179411
0.387011 0.248640 1.312401 0.711311 0.148684 0.663192 0.179180
0.386714 0.248784 1.312510 0.711415 0.148384 0.663212 0.178941
0.386418 0.248926 1.312611 0.711536 0.148077 0.663216 0.178699
0.386123 0.249067 1.312705 0.711668 0.147768 0.663210 0.178457
0.385830 0.249205 1.312793 0.711805 0.147462 0.663195 0.178217
0.385539 0.249340 1.312876 0.711945 0.147162 0.663175 0.177979
0.385252 0.249473 1.312954 0.712086 0.146868 0.663152 0.177745
0.384967 0.249604 1.313029 0.712226 0.146583 0.663126 0.177515
0.384687 0.249733 1.313101 0.712365 0.146305 0.663099 0.177289
0.384410 0.249859 1.313171 0.712501 0.146035 0.663071 0.177067
0.384137 0.249983 1.313238 0.712634 0.145773 0.663044 0.176850
0.383823 0.250077 1.313324 0.712731 0.145293 0.663114 0.176591
0.383477 0.250155 1.313420 0.712815 0.144746 0.663214 0.176325
0.383118 0.250225 1.313535 0.712853 0.144219 0.663354 0.176077
0.382749 0.250296 1.313663 0.712872 0.143714 0.663507 0.175838
0.382374 0.250372 1.313797 0.712884 0.143231 0.663660 0.175603
0.381993 0.250455 1.313935 0.712895 0.142770 0.663810 0.175370
0.381611 0.250547 1.314075 0.712905 0.142331 0.663954 0.175137
0.381226 0.250648 1.314215 0.712916 0.141911 0.664094 0.174903
0.380842 0.250757 1.314356 0.712929 0.141508 0.664228 0.174666
0.380458 0.250875 1.314496 0.712943 0.141122 0.664358 0.174428
0.380075 0.251001 1.314635 0.712958 0.140752 0.664483 0.174187
0.379694 0.251135 1.314773 0.712975 0.140395 0.664605 0.173944
0.379315 0.251275 1.314909 0.712992 0.140051 0.664723 0.173700
0.378938 0.251422 1.315043 0.713010 0.139720 0.664837 0.173454
0.378551 0.251574 1.315158 0.713083 0.139355 0.664906 0.173186
0.378150 0.251728 1.315245 0.713226 0.138978 0.664904 0.172906
0.377738 0.251882 1.315308 0.713415 0.138598 0.664855 0.172619
0.377319 0.252035 1.315354 0.713632 0.138223 0.664775 0.172330
0.376896 0.252187 1.315387 0.713863 0.137858 0.664677 0.172042
0.376472 0.252339 1.315411 0.714100 0.137505 0.664570 0.171757
0.376050 0.252489 1.315429 0.714336 0.137168 0.664458 0.171477
0.375630 0.252640 1.315442 0.714567 0.136846 0.664347 0.171201
0.375214 0.252789 1.315452 0.714790 0.136540 0.664240 0.170931
0.374802 0.252939 1.315459 0.715011 0.136237 0.664134 0.170661
0.374395 0.253089 1.315464 0.715225 0.135942 0.664032 0.170394
0.373994 0.253239 1.315468 0.715431 0.135657 0.663936 0.170130
0.373598 0.253388 1.315473 0.715628 0.135383 0.663846 0.169871
0.373209 0.253538 1.315478 0.715816 0.135122 0.663762 0.169615
0.372826 0.253688 1.315483 0.715995 0.134871 0.663684 0.169364
0.372449 0.253837 1.315490 0.716165 0.134632 0.663612 0.169116
0.372079 0.253986 1.315498 0.716327 0.134403 0.663546 0.168873
0.371715 0.254135 1.315507 0.716482 0.134183 0.663484 0.168634
0.371357 0.254283 1.315517 0.716629 0.133972 0.663428 0.168399
0.371007 0.254430 1.315529 0.716769 0.133769 0.663375 0.168168
0.370662 0.254577 1.315541 0.716904 0.133574 0.663327 0.167940
0.370323 0.254722 1.315555 0.717034 0.133386 0.663281 0.167716
0.369991 0.254866 1.315570 0.717159 0.133204 0.663238 0.167496
0.369664 0.255009 1.315586 0.717280 0.133028 0.663198 0.167279
0.369343 0.255151 1.315602 0.717396 0.132857 0.663160 0.167065
0.369028 0.255291 1.315619 0.717510 0.132692 0.663123 0.166855
0.368674 0.255404 1.315646 0.717598 0.132297 0.663171 0.166599
0.368293 0.255497 1.315684 0.717686 0.131766 0.663252 0.166320
0.367895 0.255578 1.315730 0.717776 0.131171 0.663344 0.166033
0.367485 0.255654 1.315779 0.717874 0.130554 0.663431 0.165744
0.367066 0.255728 1.315829 0.717983 0.129937 0.663507 0.165457
0.366641 0.255802 1.315877 0.718101 0.129330 0.663568 0.165173
0.366213 0.255878 1.315923 0.718228 0.128738 0.663615 0.164892
0.365783 0.255957 1.315966 0.718364 0.128163 0.663649 0.164614
0.365352 0.256038 1.316005 0.718507 0.127605 0.663669 0.164338
0.364921 0.256123 1.316041 0.718657 0.127065 0.663678 0.164065
0.364490 0.256210 1.316072 0.718813 0.126541 0.663676 0.163795
0.364061 0.256300 1.316101 0.718974 0.126033 0.663665 0.163527
0.363634 0.256393 1.316125 0.719138 0.125541 0.663646 0.163261
0.363209 0.256488 1.316146 0.719305 0.125065 0.663619 0.162999
0.362786 0.256587 1.316162 0.719481 0.124585 0.663584 0.162731
0.362365 0.256688 1.316174 0.719663 0.124109 0.663542 0.162462
0.361947 0.256792 1.316182 0.719848 0.123643 0.663494 0.162193
0.361532 0.256897 1.316187 0.720035 0.123188 0.663441 0.161925
0.361121 0.257004 1.316190 0.720222 0.122747 0.663385 0.161660
0.360714 0.257113 1.316190 0.720408 0.122319 0.663325 0.161397
0.360310 0.257222 1.316188 0.720594 0.121906 0.663263 0.161138
0.359911 0.257331 1.316184 0.720777 0.121505 0.663199 0.160883
0.359516 0.257442 1.316179 0.720959 0.121118 0.663134 0.160631
0.359126 0.257552 1.316173 0.721138 0.120744 0.663068 0.160382
0.358740 0.257662 1.316165 0.721314 0.120381 0.663001 0.160138
0.358359 0.257772 1.316157 0.721489 0.120030 0.662932 0.159897
0.357984 0.257882 1.316148 0.721661 0.119691 0.662864 0.159661
0.357613 0.257991 1.316138 0.721831 0.119362 0.662794 0.159428
0.357247 0.258099 1.316127 0.721998 0.119043 0.662724 0.159200
0.356886 0.258206 1.316116 0.722163 0.118735 0.662654 0.158975
0.356531 0.258312 1.316105 0.722325 0.118436 0.662583 0.158755
0.356180 0.258417 1.316093 0.722485 0.118146 0.662512 0.158538
0.355835 0.258521 1.316081 0.722643 0.117865 0.662441 0.158326
0.355495 0.258623 1.316068 0.722798 0.117592 0.662370 0.158117
0.355160 0.258724 1.316055 0.722951 0.117327 0.662299 0.157913
0.354830 0.258823 1.316042 0.723102 0.117071 0.662227 0.157713
0.354506 0.258921 1.316029 0.723250 0.116821 0.662156 0.157517
0.354187 0.259016 1.316015 0.723396 0.116579 0.662085 0.157324
0.353872 0.259110 1.316002 0.723540 0.116344 0.662014 0.157136
0.353563 0.259202 1.315988 0.723681 0.116116 0.661944 0.156952
0.353224 0.259285 1.315975 0.723792 0.115709 0.661947 0.156725
0.352865 0.259372 1.315960 0.723889 0.115213 0.661989 0.156469
0.352492 0.259465 1.315944 0.723977 0.114680 0.662048 0.156196
0.352107 0.259566 1.315925 0.724064 0.114141 0.662113 0.155914
0.351712 0.259676 1.315900 0.724152 0.113612 0.662176 0.155627
0.351308 0.259795 1.315871 0.724244 0.113099 0.662231 0.155335
0.350898 0.259924 1.315835 0.724341 0.112607 0.662278 0.155040
0.350482 0.260061 1.315794 0.724444 0.112136 0.662314 0.154743
-0.037129 0.365380 1.460886 0.700723 0.014809 0.713272 0.003425
-0.037082 0.365362 1.460901 0.700725 0.014802 0.713270 0.003386
-0.037036 0.365344 1.460916 0.700727 0.014796 0.713268 0.003347
-0.036990 0.365326 1.460930 0.700729 0.014789 0.713267 0.003310
-0.036945 0.365308 1.460944 0.700730 0.014782 0.713265 0.003274
-0.036901 0.365290 1.460958 0.700732 0.014774 0.713264 0.003239
-0.036858 0.365273 1.460972 0.700733 0.014767 0.713263 0.003205
-0.036815 0.365256 1.460986 0.700735 0.014760 0.713262 0.003172
-0.036773 0.365239 1.460999 0.700736 0.014752 0.713262 0.003141
-0.036732 0.365222 1.461012 0.700737 0.014744 0.713261 0.003110
-0.036691 0.365206 1.461025 0.700737 0.014736 0.713260 0.003080
-0.036651 0.365189 1.461038 0.700738 0.014729 0.713260 0.003051
-0.036612 0.365173 1.461051 0.700739 0.014721 0.713260 0.003023
-0.036574 0.365158 1.461063 0.700739 0.014713 0.713260 0.002996
-0.036536 0.365142 1.461075 0.700739 0.014705 0.713260 0.002969
-0.036498 0.365126 1.461087 0.700739 0.014697 0.713260 0.002944
-0.036462 0.365111 1.461099 0.700739 0.014689 0.713260 0.002919
-0.036426 0.365096 1.461110 0.700739 0.014681 0.713260 0.002895
-0.036391 0.365081 1.461122 0.700739 0.014673 0.713261 0.002872
-0.036356 0.365067 1.461133 0.700739 0.014665 0.713261 0.002849
-0.036322 0.365052 1.461144 0.700739 0.014657 0.713262 0.002827
-0.036288 0.365043 1.461148 0.700737 0.014651 0.713263 0.002763
-0.036251 0.365036 1.461146 0.700740 0.014665 0.713261 0.002670
-0.036210 0.365030 1.461139 0.700741 0.014691 0.713260 0.002572
-0.036166 0.365023 1.461129 0.700740 0.014725 0.713260 0.002478
-0.036119 0.365016 1.461115 0.700738 0.014762 0.713262 0.002392
-0.036069 0.365007 1.461099 0.700734 0.014800 0.713265 0.002315
-0.036017 0.364996 1.461081 0.700729 0.014837 0.713270 0.002247
-0.035962 0.364984 1.461061 0.700723 0.014873 0.713275 0.002187
-0.035905 0.364970 1.461040 0.700717 0.014906 0.713280 0.002135
-0.035846 0.364955 1.461019 0.700711 0.014937 0.713286 0.002089
-0.035786 0.364939 1.460996 0.700704 0.014966 0.713292 0.002049
-0.035725 0.364922 1.460974 0.700697 0.014992 0.713299 0.002015
-0.035663 0.364903 1.460951 0.700690 0.015016 0.713305 0.001985
-0.035600 0.364884 1.460928 0.700682 0.015038 0.713312 0.001960
-0.035536 0.364864 1.460906 0.700675 0.015057 0.713319 0.001940
-0.035472 0.364843 1.460883 0.700667 0.015074 0.713326 0.001922
-0.035408 0.364822 1.460861 0.700659 0.015089 0.713334 0.001908
-0.035343 0.364800 1.460839 0.700652 0.015102 0.713341 0.001897
-0.035279 0.364778 1.460817 0.700644 0.015113 0.713349 0.001889
-0.035215 0.364756 1.460796 0.700636 0.015123 0.713356 0.001882
-0.035150 0.364733 1.460775 0.700628 0.015131 0.713364 0.001878
-0.035086 0.364710 1.460754 0.700620 0.015138 0.713371 0.001876
-0.035023 0.364688 1.460734 0.700612 0.015143 0.713379 0.001875
-0.034959 0.364664 1.460714 0.700604 0.015148 0.713387 0.001876
-0.034897 0.364641 1.460695 0.700596 0.015151 0.713394 0.001878
-0.034834 0.364618 1.460676 0.700588 0.015154 0.713402 0.001882
-0.034773 0.364595 1.460657 0.700580 0.015155 0.713410 0.001886
-0.034712 0.364573 1.460639 0.700572 0.015156 0.713418 0.001891
-0.034651 0.364550 1.460621 0.700564 0.015156 0.713426 0.001898
-0.034592 0.364527 1.460604 0.700556 0.015156 0.713434 0.001905
-0.034533 0.364505 1.460587 0.700548 0.015154 0.713442 0.001912
-0.034474 0.364482 1.460571 0.700540 0.015153 0.713450 0.001921
-0.034417 0.364460 1.460554 0.700532 0.015151 0.713458 0.001930
-0.034360 0.364438 1.460538 0.700524 0.015148 0.713466 0.001939
-0.034304 0.364417 1.460523 0.700516 0.015145 0.713473 0.001949
-0.034249 0.364395 1.460508 0.700508 0.015142 0.713481 0.001959
-0.034194 0.364374 1.460493 0.700500 0.015138 0.713489 0.001969
-0.034141 0.364353 1.460479 0.700492 0.015134 0.713497 0.001980
-0.034088 0.364332 1.460464 0.700484 0.015130 0.713504 0.001991
-0.034036 0.364312 1.460451 0.700477 0.015126 0.713512 0.002002
-0.033985 0.364292 1.460433 0.700476 0.015115 0.713513 0.001989
-0.033932 0.364270 1.460419 0.700469 0.015085 0.713521 0.001958
-0.033876 0.364246 1.460407 0.700459 0.015051 0.713531 0.001928
-0.033817 0.364221 1.460397 0.700448 0.015014 0.713543 0.001902
-0.033756 0.364194 1.460389 0.700435 0.014975 0.713557 0.001881
-0.033694 0.364166 1.460381 0.700422 0.014933 0.713571 0.001865
-0.033630 0.364137 1.460375 0.700407 0.014888 0.713586 0.001853
-0.033565 0.364106 1.460370 0.700393 0.014841 0.713601 0.001845
-0.033498 0.364075 1.460365 0.700378 0.014792 0.713616 0.001840
-0.033431 0.364044 1.460360 0.700364 0.014741 0.713632 0.001838
-0.033363 0.364012 1.460357 0.700349 0.014689 0.713647 0.001840
-0.033294 0.363979 1.460353 0.700334 0.014635 0.713663 0.001844
-0.033226 0.363946 1.460350 0.700320 0.014581 0.713678 0.001851
-0.033157 0.363913 1.460347 0.700305 0.014525 0.713693 0.001859
-0.033088 0.363879 1.460345 0.700291 0.014469 0.713708 0.001870
-0.033019 0.363846 1.460342 0.700277 0.014412 0.713723 0.001882
-0.032950 0.363813 1.460340 0.700263 0.014355 0.713738 0.001896
-0.032882 0.363779 1.460338 0.700250 0.014298 0.713752 0.001911
-0.032814 0.363746 1.460336 0.700236 0.014241 0.713766 0.001927
-0.032746 0.363713 1.460335 0.700223 0.014184 0.713780 0.001945
-0.032679 0.363680 1.460333 0.700211 0.014128 0.713794 0.001963
-0.032613 0.363647 1.460332 0.700198 0.014071 0.713807 0.001982
-0.032547 0.363614 1.460330 0.700186 0.014015 0.713820 0.002002
-0.032483 0.363582 1.460329 0.700174 0.013960 0.713833 0.002022
-0.032418 0.363550 1.460328 0.700162 0.013904 0.713845 0.002043
-0.032355 0.363519 1.460327 0.700151 0.013850 0.713857 0.002064
-0.032293 0.363487 1.460326 0.700140 0.013796 0.713869 0.002086
-0.032231 0.363457 1.460325 0.700129 0.013743 0.713881 0.002107
-0.032170 0.363426 1.460324 0.700118 0.013690 0.713892 0.002129
-0.032111 0.363396 1.460323 0.700108 0.013638 0.713903 0.002151
-0.032052 0.363367 1.460322 0.700098 0.013587 0.713914 0.002173
-0.031994 0.363337 1.460321 0.700088 0.013537 0.713925 0.002195
-0.031937 0.363309 1.460320 0.700078 0.013487 0.713935 0.002216
-0.031881 0.363280 1.460320 0.700069 0.013438 0.713945 0.002238
-0.031826 0.363252 1.460319 0.700059 0.013390 0.713955 0.002260
-0.031772 0.363225 1.460318 0.700050 0.013343 0.713965 0.002281
-0.031719 0.363198 1.460318 0.700042 0.013297 0.713975 0.002302
-0.031666 0.363172 1.460317 0.700033 0.013252 0.713984 0.002323
-0.031615 0.363146 1.460317 0.700024 0.013207 0.713993 0.002344
-0.031565 0.363120 1.460316 0.700016 0.013163 0.714002 0.002364
-0.031517 0.363097 1.460303 0.700030 0.013139 0.713988 0.002355
-0.031469 0.363068 1.460286 0.700049 0.013084 0.713971 0.002304
-0.031423 0.363036 1.460266 0.700068 0.013027 0.713954 0.002249
-0.031377 0.363000 1.460243 0.700085 0.012971 0.713938 0.002199
-0.031333 0.362961 1.460218 0.700100 0.012919 0.713925 0.002155
-0.031289 0.362921 1.460191 0.700114 0.012869 0.713912 0.002118
-0.031246 0.362880 1.460162 0.700125 0.012822 0.713902 0.002086
-0.031204 0.362839 1.460132 0.700136 0.012777 0.713892 0.002059
-0.031163 0.362798 1.460102 0.700145 0.012735 0.713884 0.002036
-0.031124 0.362756 1.460070 0.700154 0.012695 0.713876 0.002015
-0.031085 0.362715 1.460038 0.700162 0.012658 0.713869 0.001997
-0.031047 0.362674 1.460006 0.700169 0.012622 0.713863 0.001981
-0.031010 0.362633 1.459974 0.700176 0.012588 0.713857 0.001967
-0.030974 0.362594 1.459942 0.700182 0.012556 0.713851 0.001954
-0.030939 0.362554 1.459910 0.700188 0.012525 0.713846 0.001942
-0.030905 0.362516 1.459878 0.700194 0.012496 0.713841 0.001931
-0.030872 0.362478 1.459846 0.700200 0.012468 0.713836 0.001921
-0.030839 0.362440 1.459815 0.700205 0.012441 0.713831 0.001911
-0.030807 0.362404 1.459784 0.700210 0.012416 0.713827 0.001902
-0.030777 0.362368 1.459754 0.700214 0.012391 0.713822 0.001894
-0.030746 0.362333 1.459723 0.700219 0.012368 0.713818 0.001886
-0.030717 0.362298 1.459694 0.700223 0.012345 0.713815 0.001879
-0.030688 0.362264 1.459665 0.700227 0.012323 0.713811 0.001871
-0.030660 0.362231 1.459636 0.700231 0.012302 0.713807 0.001864
-0.030633 0.362199 1.459608 0.700235 0.012282 0.713804 0.001858
-0.030606 0.362167 1.459580 0.700239 0.012263 0.713801 0.001851
-0.030580 0.362136 1.459553 0.700242 0.012244 0.713798 0.001845
-0.030555 0.362105 1.459526 0.700246 0.012227 0.713795 0.001839
-0.030530 0.362075 1.459500 0.700249 0.012209 0.713792 0.001834
-0.030505 0.362046 1.459474 0.700252 0.012192 0.713790 0.001828
-0.030482 0.362017 1.459448 0.700254 0.012176 0.713787 0.001823
-0.030459 0.361989 1.459424 0.700257 0.012161 0.713785 0.001818
-0.030436 0.361961 1.459399 0.700260 0.012146 0.713783 0.001813
-0.030414 0.361934 1.459375 0.700262 0.012131 0.713781 0.001809
-0.030392 0.361907 1.459352 0.700264 0.012117 0.713779 0.001804
-0.030371 0.361881 1.459329 0.700266 0.012104 0.713777 0.001800
-0.030350 0.361855 1.459306 0.700268 0.012091 0.713775 0.001796
-0.030329 0.361830 1.459284 0.700270 0.012078 0.713773 0.001792
-0.030310 0.361806 1.459263 0.700272 0.012066 0.713772 0.001788
-0.030290 0.361782 1.459242 0.700274 0.012054 0.713770 0.001785
-0.030268 0.361764 1.459201 0.700299 0.012070 0.713745 0.001780
-0.030241 0.361744 1.459148 0.700337 0.012068 0.713708 0.001739
-0.030208 0.361723 1.459084 0.700378 0.012064 0.713669 0.001696
-0.030171 0.361698 1.459011 0.700417 0.012064 0.713630 0.001664
-0.030131 0.361671 1.458932 0.700455 0.012067 0.713593 0.001643
-0.030086 0.361642 1.458848 0.700489 0.012072 0.713559 0.001635
-0.030039 0.361611 1.458761 0.700521 0.012078 0.713527 0.001638
-0.029989 0.361578 1.458671 0.700551 0.012086 0.713498 0.001651
-0.029936 0.361544 1.458579 0.700579 0.012094 0.713471 0.001673
-0.029882 0.361508 1.458486 0.700604 0.012102 0.713445 0.001702
-0.029826 0.361471 1.458393 0.700629 0.012110 0.713421 0.001737
-0.029768 0.361433 1.458299 0.700651 0.012117 0.713399 0.001778
-0.029710 0.361394 1.458206 0.700673 0.012123 0.713377 0.001824
-0.029650 0.361355 1.458113 0.700693 0.012128 0.713357 0.001874
-0.029590 0.361315 1.458021 0.700712 0.012132 0.713338 0.001927
-0.029529 0.361274 1.457930 0.700731 0.012136 0.713320 0.001982
-0.029468 0.361234 1.457840 0.700748 0.012138 0.713303 0.002040
-0.029407 0.361193 1.457751 0.700765 0.012140 0.713286 0.002101
-0.029346 0.361152 1.457664 0.700781 0.012141 0.713270 0.002162
-0.029284 0.361111 1.457578 0.700796 0.012141 0.713255 0.002225
-0.029223 0.361070 1.457493 0.700811 0.012140 0.713240 0.002288
-0.029162 0.361030 1.457410 0.700825 0.012138 0.713227 0.002353
-0.029102 0.360989 1.457328 0.700838 0.012136 0.713213 0.002418
-0.029041 0.360949 1.457247 0.700851 0.012134 0.713200 0.002483
-0.028982 0.360909 1.457168 0.700863 0.012130 0.713188 0.002548
-0.028923 0.360870 1.457091 0.700875 0.012127 0.713176 0.002613
-0.028864 0.360831 1.457015 0.700887 0.012123 0.713165 0.002678
-0.028806 0.360793 1.456940 0.700898 0.012119 0.713154 0.002743
-0.028749 0.360755 1.456867 0.700908 0.012114 0.713143 0.002807
-0.028692 0.360717 1.456795 0.700918 0.012110 0.713133 0.002871
-0.028636 0.360680 1.456724 0.700928 0.012105 0.713123 0.002934
-0.028581 0.360643 1.456655 0.700937 0.012100 0.713114 0.002997
-0.028527 0.360607 1.456588 0.700946 0.012094 0.713105 0.003059
-0.028473 0.360572 1.456521 0.700955 0.012089 0.713097 0.003120
-0.028420 0.360537 1.456456 0.700963 0.012084 0.713088 0.003181
-0.028368 0.360502 1.456392 0.700971 0.012079 0.713080 0.003241
-0.028317 0.360468 1.456329 0.700978 0.012074 0.713073 0.003300
-0.028267 0.360435 1.456268 0.700986 0.012069 0.713065 0.003358
-0.028217 0.360402 1.456208 0.700993 0.012064 0.713058 0.003415
-0.028168 0.360370 1.456149 0.700999 0.012059 0.713051 0.003472
-0.028118 0.360343 1.456066 0.701031 0.012040 0.713021 0.003542
-0.028068 0.360315 1.455962 0.701089 0.012037 0.712963 0.003634
-0.028021 0.360289 1.455841 0.701157 0.012036 0.712896 0.003730
-0.027975 0.360264 1.455708 0.701227 0.012040 0.712826 0.003829
-0.027933 0.360240 1.455566 0.701297 0.012053 0.712757 0.003932
-0.027893 0.360217 1.455416 0.701365 0.012076 0.712689 0.004038
-0.027855 0.360195 1.455261 0.701431 0.012107 0.712623 0.004146
-0.027819 0.360174 1.455103 0.701494 0.012147 0.712559 0.004256
-0.027786 0.360154 1.454942 0.701555 0.012193 0.712498 0.004367
-0.027754 0.360134 1.454780 0.701614 0.012246 0.712438 0.004478
-0.027725 0.360116 1.454617 0.701671 0.012303 0.712381 0.004589
-0.027697 0.360098 1.454454 0.701725 0.012364 0.712325 0.004699
-0.027671 0.360081 1.454292 0.701779 0.012428 0.712270 0.004809
-0.027646 0.360064 1.454131 0.701830 0.012495 0.712218 0.004918
-0.027622 0.360048 1.453971 0.701880 0.012564 0.712166 0.005025
-0.027600 0.360032 1.453812 0.701929 0.012634 0.712116 0.005130
-0.027580 0.360017 1.453655 0.701977 0.012706 0.712067 0.005234
-0.027560 0.360003 1.453500 0.702023 0.012778 0.712020 0.005336
-0.027541 0.359989 1.453347 0.702068 0.012851 0.711973 0.005437
-0.027524 0.359975 1.453197 0.702112 0.012924 0.711927 0.005535
-0.027507 0.359962 1.453048 0.702155 0.012998 0.711883 0.005631
-0.027491 0.359950 1.452902 0.702198 0.013071 0.711839 0.005726
-0.027477 0.359937 1.452758 0.702239 0.013144 0.711796 0.005818
-0.027462 0.359926 1.452616 0.702279 0.013216 0.711755 0.005909
-0.027449 0.359914 1.452477 0.702318 0.013288 0.711714 0.005998
-0.027436 0.359903 1.452340 0.702357 0.013360 0.711674 0.006084
-0.027424 0.359893 1.452206 0.702394 0.013431 0.711635 0.006169
-0.027413 0.359882 1.452074 0.702431 0.013501 0.711596 0.006253
-0.027402 0.359872 1.451944 0.702467 0.013571 0.711559 0.006334
-0.027391 0.359863 1.451816 0.702502 0.013640 0.711522 0.006413
-0.027381 0.359853 1.451691 0.702537 0.013709 0.711486 0.006491
-0.027372 0.359844 1.451568 0.702570 0.013776 0.711451 0.006568
-0.027363 0.359836 1.451447 0.702603 0.013843 0.711416 0.006642
-0.027354 0.359827 1.451329 0.702635 0.013909 0.711383 0.006715
-0.027346 0.359819 1.451213 0.702667 0.013974 0.711350 0.006786
-0.027338 0.359811 1.451098 0.702697 0.014038 0.711317 0.006856
-0.027331 0.359803 1.450986 0.702727 0.014101 0.711286 0.006925
-0.027323 0.359796 1.450876 0.702756 0.014163 0.711255 0.006992
-0.027316 0.359788 1.450768 0.702785 0.014225 0.711225 0.007057
-0.027310 0.359781 1.450662 0.702813 0.014286 0.711196 0.007122
-0.027291 0.359777 1.450521 0.702869 0.014229 0.711141 0.007163
-0.027266 0.359778 1.450350 0.702937 0.014138 0.711075 0.007231
-0.027239 0.359783 1.450159 0.703013 0.014042 0.711000 0.007316
-0.027209 0.359792 1.449951 0.703094 0.013953 0.710921 0.007413
-0.027177 0.359804 1.449732 0.703176 0.013872 0.710841 0.007518
-0.027143 0.359817 1.449505 0.703257 0.013802 0.710761 0.007629
-0.027109 0.359831 1.449273 0.703337 0.013742 0.710682 0.007745
-0.027073 0.359845 1.449036 0.703414 0.013691 0.710605 0.007866
-0.027037 0.359859 1.448798 0.703489 0.013647 0.710531 0.007991
-0.026999 0.359873 1.448559 0.703561 0.013610 0.710458 0.008119
-0.026962 0.359886 1.448320 0.703631 0.013579 0.710388 0.008249
-0.026924 0.359899 1.448083 0.703699 0.013552 0.710320 0.008382
-0.026886 0.359911 1.447846 0.703764 0.013528 0.710254 0.008516
-0.026847 0.359922 1.447612 0.703828 0.013508 0.710189 0.008652
-0.026809 0.359932 1.447380 0.703890 0.013490 0.710127 0.008787
-0.026770 0.359942 1.447151 0.703950 0.013474 0.710066 0.008924
-0.026732 0.359951 1.446925 0.704008 0.013460 0.710006 0.009060
-0.026694 0.359959 1.446702 0.704065 0.013448 0.709948 0.009196
-0.026656 0.359967 1.446482 0.704121 0.013437 0.709892 0.009331
-0.026618 0.359974 1.446266 0.704175 0.013427 0.709837 0.009466
-0.026581 0.359981 1.446053 0.704228 0.013419 0.709782 0.009599
-0.026544 0.359988 1.445843 0.704279 0.013411 0.709730 0.009731
-0.026508 0.359994 1.445637 0.704330 0.013404 0.709678 0.009862
-0.026472 0.360000 1.445434 0.704379 0.013398 0.709627 0.009991
-0.026436 0.360005 1.445235 0.704427 0.013393 0.709578 0.010119
-0.026401 0.360011 1.445039 0.704474 0.013389 0.709529 0.010245
-0.026367 0.360016 1.444847 0.704520 0.013385 0.709482 0.010369
-0.026333 0.360021 1.444658 0.704565 0.013382 0.709435 0.010492
-0.026300 0.360026 1.444473 0.704609 0.013380 0.709390 0.010612
-0.026267 0.360030 1.444290 0.704653 0.013378 0.709345 0.010731
-0.026235 0.360035 1.444112 0.704695 0.013377 0.709302 0.010848
-0.026203 0.360039 1.443936 0.704736 0.013376 0.709259 0.010963
-0.026172 0.360044 1.443763 0.704776 0.013376 0.709217 0.011076
-0.026142 0.360048 1.443594 0.704816 0.013377 0.709176 0.011187
-0.026112 0.360052 1.443428 0.704855 0.013378 0.709136 0.011296
-0.026083 0.360056 1.443265 0.704892 0.013379 0.709096 0.011404
-0.026054 0.360061 1.443105 0.704929 0.013381 0.709058 0.011509
-0.026026 0.360065 1.442948 0.704966 0.013384 0.709020 0.011613
-0.025999 0.360069 1.442793 0.705001 0.013387 0.708983 0.011714
-0.025972 0.360073 1.442642 0.705036 0.013391 0.708947 0.011814
-0.025928 0.360077 1.442438 0.705137 0.013243 0.708847 0.011902
-0.025871 0.360079 1.442206 0.705261 0.013041 0.708726 0.012011
-0.025804 0.360078 1.441954 0.705395 0.012821 0.708595 0.012142
-0.025730 0.360076 1.441688 0.705532 0.012598 0.708460 0.012292
-0.025649 0.360071 1.441411 0.705668 0.012377 0.708325 0.012457
-0.025563 0.360065 1.441127 0.705801 0.012163 0.708193 0.012635
-0.025472 0.360056 1.440839 0.705931 0.011956 0.708064 0.012825
-0.025377 0.360045 1.440549 0.706056 0.011756 0.707939 0.013025
-0.025278 0.360031 1.440257 0.706177 0.011562 0.707818 0.013234
-0.025177 0.360016 1.439966 0.706293 0.011374 0.707700 0.013450
-0.025073 0.359998 1.439676 0.706405 0.011190 0.707587 0.013671
-0.024968 0.359978 1.439389 0.706513 0.011012 0.707478 0.013898
-0.024861 0.359957 1.439103 0.706618 0.010837 0.707371 0.014128
-0.024753 0.359934 1.438821 0.706719 0.010667 0.707268 0.014361
-0.024644 0.359909 1.438543 0.706816 0.010500 0.707168 0.014597
-0.024535 0.359884 1.438267 0.706911 0.010336 0.707071 0.014833
-0.024425 0.359857 1.437996 0.707003 0.010175 0.706977 0.015070
-0.024315 0.359830 1.437729 0.707092 0.010018 0.706885 0.015307
-0.024206 0.359802 1.437466 0.707178 0.009864 0.706796 0.015544
-0.024097 0.359773 1.437207 0.707262 0.009712 0.706708 0.015780
-0.023989 0.359744 1.436953 0.707344 0.009564 0.706623 0.016014
-0.023881 0.359715 1.436703 0.707423 0.009418 0.706540 0.016247
-0.023774 0.359685 1.436457 0.707501 0.009276 0.706460 0.016477
-0.023669 0.359655 1.436215 0.707576 0.009136 0.706381 0.016706
-0.023564 0.359626 1.435978 0.707650 0.009000 0.706303 0.016932
-0.023461 0.359596 1.435745 0.707721 0.008866 0.706228 0.017155
-0.023359 0.359567 1.435516 0.707791 0.008736 0.706154 0.017376
-0.023258 0.359538 1.435291 0.707859 0.008608 0.706082 0.017593
-0.023159 0.359509 1.435071 0.707925 0.008484 0.706012 0.017808
-0.023061 0.359480 1.434854 0.707990 0.008362 0.705943 0.018019
-0.022965 0.359452 1.434641 0.708053 0.008243 0.705876 0.018227
-0.022871 0.359424 1.434433 0.708114 0.008127 0.705810 0.018432
-0.022778 0.359396 1.434228 0.708175 0.008015 0.705746 0.018634
-0.022686 0.359369 1.434026 0.708233 0.007905 0.705683 0.018832
-0.022596 0.359343 1.433829 0.708291 0.007798 0.705621 0.019027
-0.022508 0.359317 1.433635 0.708347 0.007693 0.705561 0.019218
-0.022421 0.359291 1.433445 0.708401 0.007592 0.705502 0.019406
-0.022336 0.359266 1.433258 0.708455 0.007493 0.705445 0.019591
-0.022253 0.359242 1.433075 0.708507 0.007397 0.705388 0.019772
-0.022171 0.359218 1.432895 0.708558 0.007304 0.705333 0.019950
-0.022076 0.359211 1.432642 0.708667 0.007028 0.705221 0.020123
-0.021971 0.359218 1.432327 0.708832 0.006713 0.705052 0.020347
-0.021860 0.359236 1.431967 0.709027 0.006386 0.704852 0.020588
-0.021744 0.359264 1.431574 0.709238 0.006067 0.704635 0.020840
-0.021625 0.359298 1.431158 0.709455 0.005766 0.704412 0.021098
-0.021504 0.359335 1.430724 0.709673 0.005487 0.704186 0.021364
-0.021382 0.359374 1.430279 0.709888 0.005228 0.703963 0.021636
-0.021258 0.359413 1.429827 0.710100 0.004988 0.703742 0.021915
-0.021133 0.359452 1.429370 0.710306 0.004765 0.703526 0.022199
-0.021008 0.359490 1.428911 0.710508 0.004556 0.703315 0.022488
-0.020882 0.359526 1.428452 0.710704 0.004360 0.703109 0.022781
-0.020756 0.359560 1.427995 0.710895 0.004175 0.702907 0.023077
-0.020631 0.359592 1.427540 0.711081 0.003999 0.702710 0.023376
-0.020505 0.359622 1.427090 0.711261 0.003832 0.702518 0.023676
-0.020381 0.359650 1.426643 0.711437 0.003671 0.702331 0.023977
-0.020257 0.359677 1.426202 0.711609 0.003517 0.702147 0.024278
-0.020135 0.359701 1.425767 0.711776 0.003369 0.701968 0.024579
-0.020013 0.359724 1.425337 0.711939 0.003226 0.701793 0.024879
-0.019893 0.359745 1.424913 0.712098 0.003088 0.701621 0.025177
-0.019774 0.359765 1.424496 0.712254 0.002955 0.701454 0.025473
-0.019656 0.359783 1.424085 0.712405 0.002826 0.701290 0.025766
-0.019540 0.359801 1.423681 0.712553 0.002700 0.701129 0.026057
-0.019426 0.359817 1.423283 0.712698 0.002579 0.700972 0.026345
-0.019313 0.359833 1.422892 0.712839 0.002462 0.700818 0.026629
-0.019203 0.359847 1.422508 0.712977 0.002348 0.700667 0.026910
-0.019093 0.359861 1.422130 0.713112 0.002238 0.700519 0.027187
-0.018986 0.359874 1.421758 0.713244 0.002131 0.700375 0.027461
-0.018881 0.359887 1.421394 0.713373 0.002028 0.700233 0.027730
-0.018777 0.359899 1.421035 0.713499 0.001927 0.700094 0.027996
-0.018675 0.359911 1.420683 0.713622 0.001830 0.699958 0.028257
-0.018576 0.359922 1.420337 0.713743 0.001737 0.699825 0.028515
-0.018478 0.359933 1.419997 0.713861 0.001646 0.699694 0.028768
-0.018382 0.359944 1.419664 0.713976 0.001558 0.699567 0.029017
-0.018287 0.359954 1.419336 0.714089 0.001474 0.699441 0.029261
-0.018195 0.359964 1.419014 0.714200 0.001392 0.699319 0.029502
-0.018105 0.359974 1.418698 0.714308 0.001313 0.699198 0.029738
-0.018016 0.359984 1.418388 0.714414 0.001236 0.699080 0.029970
-0.017929 0.359993 1.418084 0.714517 0.001163 0.698965 0.030199
-0.017844 0.360003 1.417785 0.714618 0.001092 0.698852 0.030422
-0.017761 0.360012 1.417491 0.714717 0.001023 0.698741 0.030642
-0.017666 0.360041 1.417143 0.714813 0.000714 0.698636 0.030820
-0.017562 0.360081 1.416761 0.714934 0.000359 0.698503 0.031017
-0.017452 0.360131 1.416355 0.715073 -0.000005 0.698352 0.031224
-0.017336 0.360187 1.415934 0.715223 -0.000364 0.698189 0.031437
-0.017217 0.360247 1.415502 0.715378 -0.000711 0.698020 0.031652
-0.017093 0.360308 1.415063 0.715535 -0.001045 0.697849 0.031871
-0.016967 0.360370 1.414622 0.715690 -0.001367 0.697679 0.032093
-0.016838 0.360431 1.414180 0.715844 -0.001676 0.697510 0.032318
-0.016708 0.360491 1.413740 0.715995 -0.001974 0.697344 0.032547
-0.016576 0.360548 1.413302 0.716142 -0.002263 0.697181 0.032780
-0.016442 0.360603 1.412867 0.716285 -0.002542 0.697021 0.033016
-0.016308 0.360656 1.412437 0.716425 -0.002814 0.696865 0.033254
-0.016174 0.360706 1.412012 0.716562 -0.003078 0.696712 0.033495
-0.016039 0.360753 1.411593 0.716695 -0.003336 0.696563 0.033737
-0.015905 0.360798 1.411179 0.716824 -0.003588 0.696416 0.033980
-0.015771 0.360841 1.410771 0.716950 -0.003833 0.696273 0.034225
-0.015637 0.360881 1.410370 0.717073 -0.004073 0.696133 0.034469
-0.015504 0.360920 1.409975 0.717194 -0.004307 0.695996 0.034713
-0.015372 0.360956 1.409586 0.717311 -0.004537 0.695861 0.034956
-0.015241 0.360991 1.409204 0.717425 -0.004760 0.695729 0.035199
-0.015112 0.361024 1.408828 0.717537 -0.004979 0.695600 0.035440
-0.014984 0.361056 1.408458 0.717647 -0.005193 0.695473 0.035679
-0.014857 0.361086 1.408095 0.717754 -0.005402 0.695349 0.035917
-0.014732 0.361115 1.407738 0.717858 -0.005606 0.695228 0.036152
-0.014609 0.361143 1.407388 0.717960 -0.005805 0.695108 0.036385
-0.014488 0.361170 1.407043 0.718060 -0.006000 0.694991 0.036615
-0.014368 0.361196 1.406705 0.718158 -0.006189 0.694876 0.036843
-0.014250 0.361221 1.406373 0.718254 -0.006374 0.694763 0.037067
-0.014134 0.361245 1.406047 0.718348 -0.006555 0.694653 0.037289
-0.014020 0.361269 1.405727 0.718440 -0.006731 0.694544 0.037508
-0.013908 0.361292 1.405412 0.718530 -0.006902 0.694438 0.037723
-0.013798 0.361315 1.405103 0.718618 -0.007069 0.694333 0.037936
-0.013690 0.361336 1.404800 0.718705 -0.007231 0.694231 0.038145
-0.013584 0.361358 1.404502 0.718789 -0.007389 0.694130 0.038351
-0.013480 0.361379 1.404210 0.718872 -0.007543 0.694031 0.038553
-0.013378 0.361400 1.403923 0.718953 -0.007693 0.693934 0.038752
-0.013278 0.361420 1.403642 0.719033 -0.007839 0.693839 0.038948
-0.013180 0.361440 1.403365 0.719111 -0.007980 0.693746 0.039141
-0.013084 0.361459 1.403094 0.719188 -0.008118 0.693654 0.039330
-0.012989 0.361479 1.402827 0.719263 -0.008252 0.693564 0.039515
-0.012884 0.361524 1.402492 0.719301 -0.008652 0.693509 0.039711
-0.012771 0.361600 1.402101 0.719348 -0.009055 0.693440 0.039969
-0.012652 0.361698 1.401670 0.719415 -0.009434 0.693349 0.040247
-0.012529 0.361813 1.401211 0.719499 -0.009787 0.693241 0.040526
-0.012402 0.361937 1.400733 0.719594 -0.010114 0.693121 0.040802
-0.012272 0.362068 1.400241 0.719697 -0.010418 0.692994 0.041074
-0.012139 0.362202 1.399742 0.719805 -0.010701 0.692862 0.041345
-0.012004 0.362336 1.399239 0.719914 -0.010967 0.692728 0.041614
-0.011867 0.362469 1.398735 0.720023 -0.011218 0.692594 0.041885
-0.011728 0.362600 1.398231 0.720132 -0.011458 0.692461 0.042157
-0.011588 0.362727 1.397731 0.720239 -0.011687 0.692329 0.042431
-0.011447 0.362851 1.397234 0.720344 -0.011907 0.692198 0.042706
-0.011306 0.362972 1.396742 0.720448 -0.012120 0.692069 0.042982
-0.011165 0.363088 1.396255 0.720550 -0.012326 0.691943 0.043260
-0.011024 0.363201 1.395775 0.720649 -0.012526 0.691818 0.043538
-0.010883 0.363309 1.395301 0.720747 -0.012722 0.691695 0.043816
-0.010742 0.363415 1.394834 0.720843 -0.012912 0.691574 0.044094
-0.010603 0.363516 1.394374 0.720936 -0.013097 0.691456 0.044372
-0.010464 0.363615 1.393921 0.721028 -0.013278 0.691339 0.044648
-0.010327 0.363710 1.393476 0.721118 -0.013455 0.691224 0.044923
-0.010191 0.363803 1.393037 0.721206 -0.013628 0.691111 0.045196
-0.010056 0.363892 1.392607 0.721292 -0.013797 0.690999 0.045467
-0.009923 0.363980 1.392183 0.721377 -0.013962 0.690890 0.045735
-0.009791 0.364064 1.391767 0.721460 -0.014123 0.690782 0.046000
-0.009661 0.364146 1.391358 0.721542 -0.014280 0.690676 0.046263
-0.009533 0.364227 1.390956 0.721622 -0.014434 0.690572 0.046523
-0.009406 0.364305 1.390562 0.721701 -0.014584 0.690469 0.046779
-0.009282 0.364381 1.390174 0.721778 -0.014730 0.690368 0.047032
-0.009159 0.364455 1.389794 0.721854 -0.014872 0.690268 0.047282
-0.009039 0.364528 1.389420 0.721929 -0.015011 0.690170 0.047528
-0.008920 0.364599 1.389053 0.722002 -0.015146 0.690074 0.047770
-0.008804 0.364668 1.388692 0.722074 -0.015278 0.689979 0.048009
-0.008689 0.364736 1.388338 0.722145 -0.015406 0.689885 0.048244
-0.008577 0.364803 1.387991 0.722215 -0.015530 0.689793 0.048475
-0.008467 0.364868 1.387650 0.722284 -0.015651 0.689703 0.048702
-0.008358 0.364932 1.387315 0.722351 -0.015769 0.689613 0.048925
-0.008252 0.364994 1.386986 0.722418 -0.015884 0.689526 0.049145
-0.008148 0.365056 1.386663 0.722483 -0.015995 0.689439 0.049361
-0.008045 0.365116 1.386346 0.722547 -0.016103 0.689354 0.049573
-0.007945 0.365175 1.386035 0.722611 -0.016208 0.689270 0.049781
-0.007832 0.365251 1.385670 0.722614 -0.016628 0.689240 0.050002
-0.007708 0.365344 1.385265 0.722646 -0.017091 0.689174 0.050292
-0.007576 0.365453 1.384832 0.722707 -0.017569 0.689076 0.050597
-0.007438 0.365573 1.384383 0.722789 -0.018047 0.688955 0.050900
-0.007294 0.365700 1.383922 0.722886 -0.018517 0.688820 0.051195
-0.007145 0.365830 1.383457 0.722991 -0.018975 0.688675 0.051485
-0.006993 0.365962 1.382989 0.723100 -0.019422 0.688527 0.051769
-0.006837 0.366094 1.382522 0.723211 -0.019855 0.688376 0.052051
-0.006679 0.366224 1.382057 0.723323 -0.020278 0.688226 0.052331
-0.006518 0.366352 1.381596 0.723433 -0.020690 0.688076 0.052611
-0.006355 0.366476 1.381140 0.723542 -0.021092 0.687928 0.052890
-0.006192 0.366596 1.380689 0.723648 -0.021485 0.687783 0.053170
-0.006027 0.366713 1.380245 0.723752 -0.021869 0.687639 0.053451
-0.005861 0.366826 1.379807 0.723854 -0.022246 0.687498 0.053732
-0.005696 0.366936 1.379375 0.723953 -0.022616 0.687359 0.054013
-0.005530 0.367041 1.378951 0.724050 -0.022978 0.687223 0.054293
-0.005365 0.367143 1.378533 0.724145 -0.023333 0.687089 0.054573
-0.005201 0.367242 1.378123 0.724237 -0.023681 0.686958 0.054852
-0.005037 0.367338 1.377720 0.724328 -0.024022 0.686828 0.055130
-0.004875 0.367430 1.377323 0.724416 -0.024356 0.686701 0.055407
-0.004714 0.367520 1.376933 0.724502 -0.024684 0.686576 0.055681
-0.004555 0.367607 1.376551 0.724587 -0.025005 0.686453 0.055953
-0.004397 0.367691 1.376175 0.724669 -0.025320 0.686332 0.056224
-0.004241 0.367773 1.375806 0.724750 -0.025628 0.686213 0.056491
-0.004087 0.367853 1.375443 0.724830 -0.025930 0.686096 0.056755
-0.003935 0.367930 1.375087 0.724908 -0.026225 0.685981 0.057017
-0.003785 0.368006 1.374738 0.724984 -0.026513 0.685868 0.057275
-0.003637 0.368080 1.374395 0.725059 -0.026795 0.685756 0.057530
-0.003492 0.368152 1.374058 0.725133 -0.027071 0.685646 0.057782
-0.003349 0.368222 1.373727 0.725206 -0.027341 0.685538 0.058030
-0.003208 0.368291 1.373402 0.725277 -0.027604 0.685431 0.058274
-0.003070 0.368359 1.373084 0.725347 -0.027861 0.685326 0.058514
-0.002934 0.368425 1.372771 0.725416 -0.028112 0.685223 0.058751
-0.002800 0.368490 1.372464 0.725483 -0.028357 0.685121 0.058984
-0.002669 0.368553 1.372162 0.725550 -0.028597 0.685021 0.059213
-0.002540 0.368616 1.371866 0.725616 -0.028830 0.684922 0.059438
-0.002414 0.368677 1.371575 0.725680 -0.029057 0.684825 0.059659
-0.002290 0.368738 1.371290 0.725744 -0.029279 0.684729 0.059876
-0.002169 0.368797 1.371010 0.725806 -0.029495 0.684635 0.060089
-0.002050 0.368855 1.370735 0.725868 -0.029706 0.684542 0.060299
-0.001920 0.368936 1.370405 0.725830 -0.030194 0.684539 0.060544
-0.001778 0.369042 1.370041 0.725790 -0.030717 0.684533 0.060835
-0.001623 0.369166 1.369654 0.725769 -0.031235 0.684504 0.061139
-0.001460 0.369304 1.369252 0.725767 -0.031742 0.684456 0.061438
-0.001287 0.369448 1.368842 0.725781 -0.032239 0.684392 0.061730
-0.001107 0.369597 1.368429 0.725804 -0.032726 0.684318 0.062014
-0.000920 0.369747 1.368015 0.725834 -0.033202 0.684238 0.062294
-0.000727 0.369895 1.367604 0.725869 -0.033669 0.684154 0.062571
-0.000529 0.370041 1.367195 0.725905 -0.034129 0.684067 0.062847
-0.000327 0.370183 1.366792 0.725942 -0.034581 0.683980 0.063123
-0.000121 0.370320 1.366394 0.725978 -0.035027 0.683892 0.063401
0.000087 0.370454 1.366002 0.726015 -0.035467 0.683805 0.063680
0.000298 0.370582 1.365616 0.726050 -0.035901 0.683719 0.063960
0.000510 0.370706 1.365237 0.726084 -0.036329 0.683634 0.064242
0.000724 0.370825 1.364865 0.726117 -0.036752 0.683550 0.064525
0.000938 0.370940 1.364499 0.726148 -0.037169 0.683467 0.064808
0.001152 0.371051 1.364140 0.726179 -0.037581 0.683385 0.065092
0.001366 0.371157 1.363788 0.726208 -0.037986 0.683305 0.065376
0.001580 0.371260 1.363442 0.726236 -0.038386 0.683225 0.065659
0.001793 0.371359 1.363103 0.726263 -0.038779 0.683147 0.065942
0.002004 0.371454 1.362770 0.726289 -0.039166 0.683070 0.066223
0.002214 0.371546 1.362444 0.726314 -0.039547 0.682994 0.066502
0.002422 0.371636 1.362124 0.726339 -0.039922 0.682919 0.066780
0.002629 0.371722 1.361810 0.726363 -0.040290 0.682845 0.067055
0.002833 0.371806 1.361502 0.726386 -0.040651 0.682772 0.067328
0.003035 0.371888 1.361200 0.726408 -0.041006 0.682701 0.067598
0.003235 0.371967 1.360903 0.726430 -0.041354 0.682630 0.067865
0.003433 0.372044 1.360612 0.726452 -0.041695 0.682559 0.068129
0.003627 0.372120 1.360327 0.726473 -0.042029 0.682490 0.068389
0.003819 0.372193 1.360047 0.726494 -0.042357 0.682422 0.068646
0.004008 0.372265 1.359772 0.726515 -0.042678 0.682354 0.068900
0.004195 0.372335 1.359502 0.726535 -0.042992 0.682288 0.069150
0.004378 0.372403 1.359238 0.726555 -0.043300 0.682222 0.069396
0.004559 0.372470 1.358978 0.726575 -0.043601 0.682157 0.069638
0.004736 0.372536 1.358724 0.726595 -0.043895 0.682093 0.069876
0.004911 0.372600 1.358474 0.726615 -0.044183 0.682029 0.070110
0.005082 0.372663 1.358228 0.726634 -0.044464 0.681966 0.070341
0.005251 0.372725 1.357987 0.726654 -0.044739 0.681904 0.070567
0.005416 0.372786 1.357751 0.726673 -0.045007 0.681843 0.070789
0.005579 0.372846 1.357519 0.726692 -0.045270 0.681782 0.071008
0.005750 0.372927 1.357222 0.726631 -0.045757 0.681780 0.071342
0.005929 0.373025 1.356877 0.726577 -0.046275 0.681756 0.071783
0.006114 0.373138 1.356497 0.726549 -0.046800 0.681701 0.072252
0.006304 0.373263 1.356094 0.726546 -0.047321 0.681619 0.072718
0.006498 0.373394 1.355676 0.726561 -0.047830 0.681518 0.073172
0.006696 0.373530 1.355248 0.726589 -0.048326 0.681405 0.073614
0.006897 0.373667 1.354816 0.726626 -0.048807 0.681285 0.074046
0.007100 0.373803 1.354381 0.726668 -0.049273 0.681161 0.074470
0.007304 0.373937 1.353947 0.726713 -0.049726 0.681034 0.074888
0.007510 0.374068 1.353515 0.726759 -0.050168 0.680907 0.075302
0.007717 0.374196 1.353086 0.726805 -0.050597 0.680781 0.075712
0.007925 0.374320 1.352661 0.726850 -0.051017 0.680655 0.076119
0.008132 0.374440 1.352242 0.726895 -0.051428 0.680531 0.076523
0.008339 0.374556 1.351828 0.726939 -0.051829 0.680408 0.076924
0.008546 0.374668 1.351419 0.726983 -0.052222 0.680287 0.077322
0.008751 0.374776 1.351017 0.727025 -0.052607 0.680168 0.077718
0.008956 0.374880 1.350621 0.727066 -0.052984 0.680049 0.078110
0.009158 0.374981 1.350231 0.727105 -0.053354 0.679933 0.078498
0.009359 0.375078 1.349848 0.727145 -0.053717 0.679818 0.078883
0.009559 0.375173 1.349471 0.727183 -0.054072 0.679705 0.079263
0.009756 0.375264 1.349101 0.727220 -0.054420 0.679593 0.079639
0.009950 0.375353 1.348737 0.727257 -0.054761 0.679482 0.080010
0.010143 0.375439 1.348379 0.727294 -0.055095 0.679373 0.080377
0.010332 0.375522 1.348028 0.727330 -0.055422 0.679265 0.080738
0.010519 0.375604 1.347683 0.727365 -0.055742 0.679159 0.081095
0.010704 0.375683 1.347344 0.727400 -0.056056 0.679054 0.081445
0.010885 0.375761 1.347012 0.727435 -0.056362 0.678950 0.081791
0.011064 0.375837 1.346685 0.727469 -0.056662 0.678847 0.082131
0.011239 0.375911 1.346364 0.727503 -0.056955 0.678745 0.082465
0.011412 0.375984 1.346049 0.727537 -0.057242 0.678645 0.082793
0.011581 0.376055 1.345740 0.727570 -0.057522 0.678546 0.083116
0.011748 0.376125 1.345437 0.727604 -0.057795 0.678448 0.083432
0.011911 0.376193 1.345139 0.727637 -0.058062 0.678351 0.083743
0.012072 0.376261 1.344846 0.727670 -0.058323 0.678256 0.084048
0.012229 0.376327 1.344559 0.727703 -0.058578 0.678161 0.084347
0.012383 0.376392 1.344277 0.727736 -0.058826 0.678068 0.084641
0.012534 0.376456 1.344001 0.727769 -0.059069 0.677976 0.084928
0.012683 0.376520 1.343729 0.727801 -0.059305 0.677885 0.085210
0.012828 0.376582 1.343462 0.727834 -0.059536 0.677795 0.085486
0.012970 0.376644 1.343201 0.727866 -0.059760 0.677706 0.085756
0.013126 0.376732 1.342886 0.727804 -0.060144 0.677689 0.086151
0.013293 0.376849 1.342532 0.727736 -0.060543 0.677670 0.086593
0.013471 0.376988 1.342149 0.727691 -0.060929 0.677626 0.087043
0.013661 0.377143 1.341748 0.727672 -0.061303 0.677556 0.087481
0.013861 0.377307 1.341336 0.727674 -0.061667 0.677466 0.087902
0.014072 0.377476 1.340918 0.727692 -0.062022 0.677362 0.088309
0.014290 0.377647 1.340498 0.727719 -0.062370 0.677249 0.088706
0.014517 0.377816 1.340079 0.727753 -0.062713 0.677129 0.089095
0.014749 0.377981 1.339663 0.727791 -0.063052 0.677006 0.089480
0.014987 0.378143 1.339253 0.727831 -0.063389 0.676882 0.089863
0.015230 0.378299 1.338847 0.727871 -0.063724 0.676756 0.090244
0.015476 0.378449 1.338449 0.727911 -0.064056 0.676631 0.090625
0.015726 0.378594 1.338056 0.727949 -0.064388 0.676507 0.091006
0.015978 0.378733 1.337671 0.727987 -0.064717 0.676384 0.091386
0.016232 0.378866 1.337293 0.728022 -0.065046 0.676263 0.091767
0.016487 0.378994 1.336923 0.728057 -0.065372 0.676143 0.092146
0.016742 0.379117 1.336559 0.728089 -0.065696 0.676024 0.092525
0.016997 0.379234 1.336202 0.728120 -0.066018 0.675908 0.092902
0.017252 0.379347 1.335853 0.728150 -0.066338 0.675793 0.093277
0.017507 0.379456 1.335510 0.728178 -0.066654 0.675680 0.093651
0.017760 0.379560 1.335174 0.728205 -0.066968 0.675568 0.094021
0.018012 0.379661 1.334845 0.728231 -0.067277 0.675458 0.094389
0.018263 0.379758 1.334522 0.728256 -0.067584 0.675350 0.094753
0.018511 0.379852 1.334206 0.728279 -0.067886 0.675244 0.095114
0.018757 0.379942 1.333896 0.728302 -0.068184 0.675138 0.095471
0.019001 0.380030 1.333592 0.728324 -0.068478 0.675035 0.095824
0.019242 0.380115 1.333294 0.728346 -0.068768 0.674933 0.096172
0.019480 0.380197 1.333002 0.728366 -0.069053 0.674832 0.096516
0.019716 0.380277 1.332715 0.728387 -0.069334 0.674733 0.096855
0.019948 0.380355 1.332434 0.728406 -0.069609 0.674636 0.097190
0.020178 0.380431 1.332158 0.728426 -0.069880 0.674539 0.097519
0.020404 0.380505 1.331888 0.728444 -0.070146 0.674444 0.097843
0.020627 0.380577 1.331623 0.728463 -0.070407 0.674351 0.098162
0.020847 0.380647 1.331363 0.728481 -0.070663 0.674258 0.098476
0.021063 0.380716 1.331108 0.728500 -0.070914 0.674167 0.098784
0.021276 0.380783 1.330857 0.728518 -0.071160 0.674077 0.099087
0.021486 0.380849 1.330612 0.728535 -0.071401 0.673989 0.099385
0.021692 0.380913 1.330371 0.728553 -0.071637 0.673901 0.099678
0.021894 0.380977 1.330134 0.728571 -0.071868 0.673815 0.099965
0.022093 0.381039 1.329902 0.728588 -0.072094 0.673730 0.100247
0.022303 0.381115 1.329625 0.728517 -0.072427 0.673700 0.100727
0.022525 0.381204 1.329314 0.728442 -0.072769 0.673656 0.101317
0.022759 0.381304 1.328978 0.728385 -0.073119 0.673587 0.101932
0.023002 0.381410 1.328627 0.728349 -0.073473 0.673495 0.102541
0.023254 0.381519 1.328266 0.728329 -0.073828 0.673386 0.103138
0.023514 0.381630 1.327901 0.728320 -0.074181 0.673267 0.103723
0.023781 0.381739 1.327535 0.728319 -0.074531 0.673141 0.104297
0.024053 0.381844 1.327169 0.728322 -0.074878 0.673011 0.104863
0.024330 0.381947 1.326806 0.728327 -0.075222 0.672880 0.105422
0.024611 0.382044 1.326447 0.728333 -0.075564 0.672748 0.105976
0.024895 0.382136 1.326092 0.728338 -0.075904 0.672617 0.106526
0.025182 0.382223 1.325743 0.728343 -0.076241 0.672488 0.107072
0.025470 0.382306 1.325399 0.728346 -0.076575 0.672359 0.107614
0.025760 0.382383 1.325060 0.728348 -0.076908 0.672233 0.108153
0.026049 0.382456 1.324728 0.728349 -0.077238 0.672108 0.108687
0.026339 0.382524 1.324402 0.728349 -0.077566 0.671984 0.109218
0.026628 0.382587 1.324081 0.728347 -0.077891 0.671863 0.109744
0.026917 0.382647 1.323767 0.728345 -0.078213 0.671743 0.110264
0.027203 0.382704 1.323458 0.728342 -0.078531 0.671624 0.110780
0.027488 0.382757 1.323155 0.728337 -0.078847 0.671508 0.111290
0.027771 0.382807 1.322858 0.728333 -0.079159 0.671392 0.111794
0.028051 0.382854 1.322567 0.728327 -0.079467 0.671278 0.112292
0.028329 0.382898 1.322281 0.728322 -0.079771 0.671166 0.112783
0.028604 0.382941 1.322001 0.728316 -0.080071 0.671055 0.113267
0.028876 0.382981 1.321726 0.728310 -0.080367 0.670945 0.113745
0.029144 0.383019 1.321456 0.728304 -0.080659 0.670837 0.114215
0.029409 0.383056 1.321192 0.728299 -0.080945 0.670729 0.114678
0.029670 0.383092 1.320932 0.728293 -0.081228 0.670623 0.115133
0.029928 0.383125 1.320678 0.728288 -0.081505 0.670519 0.115581
0.030182 0.383158 1.320428 0.728282 -0.081778 0.670415 0.116021
0.030432 0.383190 1.320183 0.728277 -0.082045 0.670313 0.116454
0.030678 0.383221 1.319943 0.728273 -0.082308 0.670212 0.116878
0.030920 0.383251 1.319707 0.728269 -0.082566 0.670112 0.117295
0.031158 0.383280 1.319476 0.728265 -0.082818 0.670013 0.117703
0.031391 0.383309 1.319249 0.728262 -0.083066 0.669915 0.118104
0.031621 0.383337 1.319026 0.728259 -0.083309 0.669819 0.118497
0.031847 0.383364 1.318808 0.728257 -0.083546 0.669723 0.118883
0.032069 0.383392 1.318593 0.728255 -0.083779 0.669629 0.119260
0.032286 0.383419 1.318383 0.728253 -0.084006 0.669536 0.119630
0.032499 0.383445 1.318176 0.728253 -0.084229 0.669444 0.119992
0.032722 0.383500 1.317931 0.728167 -0.084533 0.669413 0.120466
0.032956 0.383580 1.317651 0.728091 -0.084809 0.669364 0.121005
0.033199 0.383677 1.317346 0.728040 -0.085073 0.669288 0.121544
0.033451 0.383786 1.317026 0.728015 -0.085329 0.669188 0.122065
0.033711 0.383902 1.316697 0.728010 -0.085580 0.669070 0.122566
0.033978 0.384021 1.316363 0.728019 -0.085828 0.668940 0.123049
0.034251 0.384141 1.316028 0.728037 -0.086072 0.668802 0.123520
0.034529 0.384259 1.315694 0.728062 -0.086315 0.668659 0.123980
0.034811 0.384374 1.315363 0.728089 -0.086557 0.668514 0.124433
0.035096 0.384485 1.315036 0.728118 -0.086799 0.668367 0.124881
0.035384 0.384591 1.314714 0.728147 -0.087040 0.668221 0.125325
0.035674 0.384693 1.314397 0.728176 -0.087282 0.668075 0.125766
0.035965 0.384790 1.314086 0.728204 -0.087524 0.667931 0.126204
0.036257 0.384882 1.313780 0.728230 -0.087766 0.667788 0.126638
0.036548 0.384970 1.313480 0.728255 -0.088009 0.667647 0.127070
0.036840 0.385053 1.313186 0.728279 -0.088251 0.667507 0.127499
0.037131 0.385132 1.312898 0.728301 -0.088492 0.667370 0.127924
0.037420 0.385207 1.312616 0.728321 -0.088733 0.667234 0.128346
0.037708 0.385279 1.312339 0.728341 -0.088973 0.667101 0.128764
0.037994 0.385347 1.312068 0.728359 -0.089212 0.666969 0.129178
0.038278 0.385412 1.311803 0.728376 -0.089449 0.666839 0.129588
0.038559 0.385474 1.311542 0.728392 -0.089684 0.666711 0.129992
0.038838 0.385533 1.311287 0.728408 -0.089917 0.666585 0.130392
0.039114 0.385589 1.311037 0.728422 -0.090148 0.666460 0.130787
0.039386 0.385644 1.310792 0.728436 -0.090376 0.666338 0.131176
0.039656 0.385696 1.310552 0.728449 -0.090602 0.666217 0.131560
0.039922 0.385746 1.310317 0.728462 -0.090824 0.666098 0.131938
0.040184 0.385795 1.310086 0.728474 -0.091044 0.665981 0.132311
0.040443 0.385842 1.309860 0.728486 -0.091261 0.665865 0.132677
0.040699 0.385887 1.309638 0.728498 -0.091474 0.665751 0.133038
0.040950 0.385931 1.309421 0.728509 -0.091684 0.665639 0.133392
0.041198 0.385974 1.309207 0.728521 -0.091890 0.665528 0.133741
0.041442 0.386016 1.308998 0.728532 -0.092093 0.665418 0.134083
0.041682 0.386056 1.308793 0.728543 -0.092293 0.665311 0.134419
0.041918 0.386096 1.308592 0.728554 -0.092488 0.665205 0.134749
0.042150 0.386135 1.308394 0.728565 -0.092680 0.665100 0.135073
0.042378 0.386172 1.308200 0.728577 -0.092869 0.664997 0.135391
0.042602 0.386210 1.308010 0.728588 -0.093054 0.664895 0.135702
0.042823 0.386246 1.307823 0.728599 -0.093235 0.664795 0.136008
0.043039 0.386282 1.307640 0.728611 -0.093412 0.664696 0.136307
0.043267 0.386346 1.307421 0.728570 -0.093685 0.664633 0.136643
0.043502 0.386432 1.307180 0.728522 -0.093987 0.664570 0.136998
0.043742 0.386536 1.306924 0.728495 -0.094289 0.664485 0.137347
0.043987 0.386652 1.306658 0.728491 -0.094588 0.664379 0.137676
0.044237 0.386777 1.306389 0.728506 -0.094884 0.664256 0.137984
0.044491 0.386906 1.306119 0.728534 -0.095177 0.664123 0.138275
0.044748 0.387038 1.305851 0.728571 -0.095467 0.663983 0.138552
0.045008 0.387170 1.305587 0.728614 -0.095755 0.663839 0.138819
0.045270 0.387301 1.305326 0.728660 -0.096040 0.663693 0.139077
0.045533 0.387431 1.305071 0.728708 -0.096323 0.663546 0.139330
0.045796 0.387557 1.304821 0.728757 -0.096605 0.663399 0.139579
0.046060 0.387681 1.304576 0.728805 -0.096885 0.663254 0.139825
0.046324 0.387801 1.304338 0.728852 -0.097164 0.663110 0.140068
0.046588 0.387918 1.304104 0.728898 -0.097441 0.662968 0.140309
0.046851 0.388031 1.303876 0.728943 -0.097715 0.662828 0.140549
0.047112 0.388141 1.303654 0.728986 -0.097988 0.662689 0.140786
0.047373 0.388248 1.303436 0.729027 -0.098259 0.662554 0.141022
0.047631 0.388351 1.303224 0.729067 -0.098527 0.662420 0.141255
0.047887 0.388452 1.303016 0.729106 -0.098792 0.662288 0.141487
0.048142 0.388549 1.302814 0.729143 -0.099055 0.662159 0.141717
0.048394 0.388643 1.302615 0.729179 -0.099315 0.662032 0.141944
0.048643 0.388735 1.302421 0.729214 -0.099571 0.661907 0.142170
0.048890 0.388824 1.302232 0.729247 -0.099825 0.661784 0.142393
0.049134 0.388911 1.302046 0.729280 -0.100074 0.661663 0.142613
0.049375 0.388995 1.301864 0.729311 -0.100321 0.661544 0.142831
0.049613 0.389077 1.301686 0.729342 -0.100563 0.661427 0.143046
0.049847 0.389157 1.301512 0.729371 -0.100802 0.661312 0.143259
0.050079 0.389235 1.301341 0.729400 -0.101037 0.661199 0.143468
0.050307 0.389311 1.301174 0.729428 -0.101268 0.661088 0.143675
0.050532 0.389386 1.301010 0.729456 -0.101495 0.660978 0.143879
0.050754 0.389458 1.300849 0.729483 -0.101718 0.660870 0.144079
0.050972 0.389529 1.300692 0.729509 -0.101937 0.660765 0.144277
0.051187 0.389598 1.300537 0.729535 -0.102151 0.660660 0.144471
0.051398 0.389666 1.300386 0.729560 -0.102362 0.660558 0.144662
0.051606 0.389733 1.300237 0.729585 -0.102569 0.660457 0.144850
0.051810 0.389798 1.300091 0.729610 -0.102772 0.660358 0.145035
0.052011 0.389862 1.299948 0.729634 -0.102970 0.660260 0.145217
0.052209 0.389924 1.299808 0.729658 -0.103165 0.660164 0.145395
0.052403 0.389986 1.299670 0.729682 -0.103356 0.660069 0.145570
0.052593 0.390046 1.299534 0.729705 -0.103542 0.659976 0.145742
0.052805 0.390129 1.299354 0.729740 -0.103787 0.659862 0.145909
0.053032 0.390234 1.299142 0.729807 -0.104011 0.659713 0.146086
0.053273 0.390353 1.298911 0.729904 -0.104228 0.659536 0.146249
0.053528 0.390479 1.298667 0.730023 -0.104443 0.659338 0.146396
0.053795 0.390608 1.298416 0.730156 -0.104658 0.659126 0.146531
0.054071 0.390737 1.298163 0.730298 -0.104875 0.658906 0.146660
0.054357 0.390862 1.297910 0.730443 -0.105094 0.658682 0.146786
0.054650 0.390983 1.297659 0.730589 -0.105317 0.658456 0.146915
0.054950 0.391097 1.297411 0.730733 -0.105543 0.658230 0.147047
0.055256 0.391206 1.297168 0.730873 -0.105774 0.658007 0.147184
0.055566 0.391308 1.296929 0.731009 -0.106009 0.657786 0.147328
0.055879 0.391403 1.296695 0.731141 -0.106248 0.657567 0.147478
0.056196 0.391492 1.296466 0.731267 -0.106490 0.657353 0.147634
0.056514 0.391574 1.296243 0.731388 -0.106736 0.657142 0.147796
0.056834 0.391650 1.296024 0.731504 -0.106984 0.656935 0.147964
0.057155 0.391721 1.295812 0.731615 -0.107235 0.656731 0.148137
0.057476 0.391786 1.295604 0.731721 -0.107488 0.656532 0.148315
0.057797 0.391846 1.295401 0.731822 -0.107742 0.656336 0.148496
0.058117 0.391902 1.295203 0.731919 -0.107997 0.656144 0.148682
0.058436 0.391953 1.295010 0.732012 -0.108253 0.655955 0.148870
0.058753 0.392000 1.294821 0.732101 -0.108508 0.655771 0.149060
0.059068 0.392044 1.294637 0.732186 -0.108764 0.655590 0.149253
0.059381 0.392084 1.294457 0.732268 -0.109018 0.655412 0.149446
0.059692 0.392121 1.294281 0.732346 -0.109271 0.655238 0.149641
0.060000 0.392155 1.294109 0.732421 -0.109523 0.655067 0.149836
0.060305 0.392186 1.293941 0.732494 -0.109773 0.654899 0.150032
0.060606 0.392216 1.293777 0.732564 -0.110021 0.654735 0.150227
0.060905 0.392243 1.293617 0.732631 -0.110266 0.654574 0.150422
0.061199 0.392268 1.293459 0.732696 -0.110509 0.654415 0.150616
0.061490 0.392291 1.293306 0.732758 -0.110750 0.654260 0.150809
0.061778 0.392312 1.293155 0.732819 -0.110987 0.654108 0.151001
0.062061 0.392332 1.293008 0.732877 -0.111222 0.653958 0.151191
0.062341 0.392351 1.292864 0.732934 -0.111453 0.653812 0.151380
0.062616 0.392368 1.292722 0.732989 -0.111681 0.653668 0.151567
0.062888 0.392385 1.292584 0.733042 -0.111906 0.653527 0.151752
0.063155 0.392400 1.292448 0.733094 -0.112127 0.653389 0.151935
0.063418 0.392415 1.292315 0.733144 -0.112345 0.653253 0.152115
0.063677 0.392428 1.292184 0.733193 -0.112559 0.653120 0.152294
0.063932 0.392441 1.292057 0.733241 -0.112769 0.652989 0.152470
0.064182 0.392454 1.291931 0.733287 -0.112976 0.652860 0.152643
0.064452 0.392482 1.291767 0.733340 -0.113265 0.652728 0.152742
0.064737 0.392515 1.291573 0.733403 -0.113549 0.652582 0.152849
0.065034 0.392548 1.291356 0.733482 -0.113824 0.652419 0.152962
0.065344 0.392576 1.291124 0.733572 -0.114095 0.652244 0.153080
0.065664 0.392598 1.290881 0.733668 -0.114363 0.652059 0.153206
0.065993 0.392612 1.290633 0.733766 -0.114631 0.651869 0.153342
0.066330 0.392617 1.290380 0.733864 -0.114900 0.651677 0.153489
0.066673 0.392613 1.290127 0.733960 -0.115172 0.651483 0.153649
0.067021 0.392600 1.289873 0.734052 -0.115447 0.651290 0.153822
0.067373 0.392578 1.289620 0.734139 -0.115725 0.651099 0.154007
0.067729 0.392549 1.289370 0.734222 -0.116006 0.650909 0.154203
0.068087 0.392512 1.289123 0.734299 -0.116290 0.650721 0.154411
0.068446 0.392468 1.288878 0.734372 -0.116576 0.650537 0.154628
0.068807 0.392418 1.288638 0.734440 -0.116864 0.650354 0.154854
0.069167 0.392362 1.288401 0.734503 -0.117154 0.650175 0.155087
0.069527 0.392301 1.288169 0.734562 -0.117445 0.649999 0.155328
0.069887 0.392236 1.287940 0.734617 -0.117737 0.649826 0.155573
0.070244 0.392167 1.287716 0.734667 -0.118029 0.649655 0.155824
0.070600 0.392095 1.287496 0.734714 -0.118321 0.649488 0.156078
0.070954 0.392020 1.287280 0.734758 -0.118612 0.649323 0.156335
0.071305 0.391943 1.287068 0.734799 -0.118902 0.649162 0.156594
0.071653 0.391863 1.286861 0.734837 -0.119190 0.649003 0.156855
0.071998 0.391782 1.286657 0.734872 -0.119477 0.648848 0.157116
0.072340 0.391700 1.286458 0.734904 -0.119761 0.648695 0.157378
0.072678 0.391616 1.286263 0.734935 -0.120043 0.648545 0.157639
0.073012 0.391532 1.286071 0.734963 -0.120322 0.648398 0.157900
0.073342 0.391448 1.285884 0.734990 -0.120598 0.648253 0.158160
0.073668 0.391363 1.285700 0.735014 -0.120871 0.648111 0.158418
0.073989 0.391278 1.285520 0.735037 -0.121141 0.647972 0.158674
0.074306 0.391193 1.285343 0.735059 -0.121407 0.647835 0.158928
0.074619 0.391109 1.285170 0.735079 -0.121669 0.647701 0.159180
0.074927 0.391024 1.285001 0.735098 -0.121927 0.647570 0.159429
0.075230 0.390941 1.284834 0.735116 -0.122182 0.647441 0.159675
0.075529 0.390858 1.284671 0.735133 -0.122432 0.647314 0.159918
0.075823 0.390776 1.284511 0.735149 -0.122678 0.647190 0.160158
0.076112 0.390694 1.284354 0.735164 -0.122920 0.647069 0.160395
0.076396 0.390614 1.284201 0.735178 -0.123158 0.646949 0.160628
0.076676 0.390535 1.284050 0.735192 -0.123391 0.646832 0.160858
0.076951 0.390456 1.283902 0.735205 -0.123620 0.646718 0.161085
0.077221 0.390379 1.283757 0.735217 -0.123845 0.646605 0.161308
0.077511 0.390332 1.283586 0.735258 -0.124088 0.646486 0.161410
0.077821 0.390300 1.283410 0.735317 -0.124309 0.646360 0.161478
0.078149 0.390277 1.283231 0.735388 -0.124518 0.646227 0.161527
0.078492 0.390256 1.283053 0.735466 -0.124723 0.646088 0.161570
0.078849 0.390234 1.282880 0.735545 -0.124932 0.645947 0.161611
0.079217 0.390210 1.282711 0.735624 -0.125147 0.645804 0.161656
0.079596 0.390181 1.282547 0.735700 -0.125371 0.645661 0.161709
0.079983 0.390146 1.282390 0.735771 -0.125604 0.645519 0.161770
0.080377 0.390106 1.282240 0.735837 -0.125846 0.645379 0.161841
0.080777 0.390060 1.282095 0.735897 -0.126098 0.645241 0.161922
0.081182 0.390009 1.281958 0.735952 -0.126357 0.645105 0.162013
0.081590 0.389951 1.281826 0.736001 -0.126625 0.644971 0.162114
0.082001 0.389889 1.281700 0.736044 -0.126899 0.644841 0.162224
0.082414 0.389822 1.281579 0.736082 -0.127180 0.644712 0.162343
0.082828 0.389751 1.281464 0.736114 -0.127466 0.644587 0.162470
0.083242 0.389676 1.281353 0.736142 -0.127756 0.644464 0.162603
0.083656 0.389597 1.281248 0.736165 -0.128049 0.644344 0.162744
0.084068 0.389514 1.281146 0.736184 -0.128346 0.644226 0.162890
0.084479 0.389429 1.281049 0.736199 -0.128644 0.644111 0.163041
0.084888 0.389342 1.280956 0.736211 -0.128944 0.643998 0.163197
0.085295 0.389252 1.280866 0.736219 -0.129245 0.643888 0.163356
0.085699 0.389161 1.280779 0.736224 -0.129546 0.643780 0.163519
0.086099 0.389068 1.280696 0.736227 -0.129846 0.643675 0.163684
0.086496 0.388974 1.280615 0.736227 -0.130146 0.643571 0.163852
0.086889 0.388878 1.280537 0.736225 -0.130444 0.643470 0.164021
0.087278 0.388782 1.280462 0.736221 -0.130741 0.643371 0.164192
0.087662 0.388686 1.280389 0.736215 -0.131036 0.643274 0.164363
0.088042 0.388589 1.280319 0.736207 -0.131328 0.643179 0.164535
0.088417 0.388492 1.280250 0.736198 -0.131618 0.643086 0.164708
0.088788 0.388394 1.280184 0.736188 -0.131905 0.642995 0.164880
0.089153 0.388297 1.280119 0.736177 -0.132189 0.642906 0.165052
0.089513 0.388201 1.280056 0.736164 -0.132469 0.642818 0.165223
0.089868 0.388105 1.279995 0.736151 -0.132746 0.642733 0.165394
0.090218 0.388009 1.279936 0.736137 -0.133019 0.642649 0.165564
0.090563 0.387914 1.279877 0.736122 -0.133289 0.642566 0.165732
0.090902 0.387819 1.279821 0.736107 -0.133555 0.642486 0.165899
0.091235 0.387726 1.279765 0.736091 -0.133816 0.642407 0.166065
0.091564 0.387633 1.279711 0.736075 -0.134074 0.642329 0.166229
0.091887 0.387541 1.279658 0.736058 -0.134327 0.642253 0.166391
0.092204 0.387451 1.279606 0.736041 -0.134576 0.642178 0.166551
0.092539 0.387388 1.279519 0.736059 -0.134819 0.642100 0.166578
0.092890 0.387343 1.279406 0.736100 -0.135051 0.642016 0.166532
0.093254 0.387306 1.279275 0.736163 -0.135260 0.641919 0.166462
0.093631 0.387271 1.279131 0.736240 -0.135453 0.641810 0.166383
0.094017 0.387234 1.278980 0.736325 -0.135640 0.641693 0.166307
0.094411 0.387192 1.278824 0.736413 -0.135827 0.641570 0.166238
0.094812 0.387143 1.278666 0.736501 -0.136015 0.641444 0.166182
0.095218 0.387088 1.278508 0.736586 -0.136209 0.641316 0.166138
0.095628 0.387025 1.278351 0.736668 -0.136409 0.641186 0.166109
0.096041 0.386954 1.278196 0.736746 -0.136615 0.641057 0.166095
0.096457 0.386877 1.278043 0.736818 -0.136827 0.640929 0.166096
0.096874 0.386794 1.277894 0.736885 -0.137046 0.640801 0.166110
0.097291 0.386704 1.277747 0.736947 -0.137270 0.640675 0.166137
0.097708 0.386609 1.277604 0.737004 -0.137500 0.640550 0.166176
0.098124 0.386509 1.277465 0.737056 -0.137734 0.640427 0.166226
0.098539 0.386405 1.277329 0.737104 -0.137971 0.640306 0.166286
0.098952 0.386297 1.277196 0.737147 -0.138212 0.640186 0.166355
0.099362 0.386185 1.277067 0.737185 -0.138456 0.640069 0.166432
0.099770 0.386071 1.276941 0.737220 -0.138701 0.639954 0.166517
0.100174 0.385955 1.276819 0.737251 -0.138948 0.639840 0.166608
0.100575 0.385837 1.276700 0.737279 -0.139196 0.639729 0.166704
0.100972 0.385717 1.276583 0.737304 -0.139444 0.639620 0.166806
0.101365 0.385596 1.276470 0.737326 -0.139692 0.639513 0.166912
0.101753 0.385474 1.276359 0.737346 -0.139940 0.639407 0.167021
0.102137 0.385351 1.276252 0.737363 -0.140187 0.639304 0.167134
0.102517 0.385228 1.276147 0.737378 -0.140432 0.639203 0.167250
0.102891 0.385105 1.276044 0.737390 -0.140676 0.639104 0.167367
0.103261 0.384982 1.275944 0.737401 -0.140918 0.639007 0.167486
0.103625 0.384860 1.275846 0.737411 -0.141158 0.638912 0.167607
0.103984 0.384738 1.275750 0.737418 -0.141396 0.638818 0.167729
0.104338 0.384616 1.275657 0.737424 -0.141631 0.638727 0.167851
0.104687 0.384495 1.275566 0.737429 -0.141864 0.638637 0.167974
0.105030 0.384375 1.275476 0.737433 -0.142093 0.638549 0.168097
0.105368 0.384256 1.275389 0.737436 -0.142320 0.638463 0.168220
0.105701 0.384138 1.275303 0.737437 -0.142543 0.638379 0.168343
0.106028 0.384021 1.275219 0.737438 -0.142763 0.638297 0.168466
0.106349 0.383906 1.275137 0.737438 -0.142980 0.638216 0.168588
0.106665 0.383792 1.275057 0.737438 -0.143194 0.638137 0.168709
0.106976 0.383679 1.274978 0.737436 -0.143404 0.638059 0.168830
0.107282 0.383567 1.274900 0.737434 -0.143610 0.637983 0.168950
0.107608 0.383476 1.274801 0.737479 -0.143777 0.637892 0.168960
0.107951 0.383393 1.274692 0.737539 -0.143886 0.637796 0.168965
0.108311 0.383311 1.274578 0.737606 -0.143971 0.637699 0.168966
0.108684 0.383225 1.274461 0.737675 -0.144050 0.637600 0.168972
0.109068 0.383134 1.274344 0.737741 -0.144131 0.637502 0.168986
0.109463 0.383035 1.274228 0.737803 -0.144219 0.637403 0.169011
0.109865 0.382930 1.274114 0.737861 -0.144315 0.637304 0.169051
0.110274 0.382816 1.274003 0.737912 -0.144423 0.637206 0.169104
0.110688 0.382694 1.273895 0.737957 -0.144542 0.637109 0.169173
0.111107 0.382565 1.273791 0.737996 -0.144671 0.637013 0.169255
0.111528 0.382430 1.273690 0.738028 -0.144811 0.636918 0.169350
0.111952 0.382288 1.273594 0.738055 -0.144962 0.636825 0.169458
0.112377 0.382140 1.273500 0.738075 -0.145121 0.636733 0.169577
0.112803 0.381988 1.273411 0.738090 -0.145288 0.636643 0.169706
0.113229 0.381831 1.273325 0.738100 -0.145462 0.636555 0.169845
0.113654 0.381671 1.273242 0.738105 -0.145643 0.636468 0.169993
0.114077 0.381507 1.273162 0.738106 -0.145830 0.636383 0.170147
0.114499 0.381340 1.273086 0.738103 -0.146022 0.636299 0.170308
0.114918 0.381172 1.273012 0.738096 -0.146218 0.636217 0.170475
0.115334 0.381001 1.272941 0.738086 -0.146417 0.636137 0.170647
0.115747 0.380830 1.272873 0.738074 -0.146619 0.636058 0.170823
0.116156 0.380657 1.272807 0.738058 -0.146823 0.635981 0.171002
0.116562 0.380483 1.272744 0.738040 -0.147029 0.635905 0.171184
0.116963 0.380310 1.272682 0.738020 -0.147237 0.635831 0.171368
0.117360 0.380137 1.272623 0.737998 -0.147445 0.635758 0.171554
0.117752 0.379963 1.272566 0.737974 -0.147653 0.635686 0.171741
0.118139 0.379790 1.272511 0.737949 -0.147861 0.635616 0.171929
0.118521 0.379618 1.272457 0.737923 -0.148069 0.635547 0.172118
0.118898 0.379447 1.272405 0.737896 -0.148276 0.635480 0.172306
0.119270 0.379278 1.272354 0.737867 -0.148482 0.635414 0.172494
0.119637 0.379109 1.272305 0.737838 -0.148687 0.635349 0.172682
0.119998 0.378942 1.272258 0.737808 -0.148891 0.635285 0.172868
0.120353 0.378776 1.272211 0.737778 -0.149092 0.635223 0.173054
0.120703 0.378612 1.272166 0.737747 -0.149292 0.635162 0.173238
0.121048 0.378450 1.272122 0.737716 -0.149489 0.635101 0.173421
0.121387 0.378290 1.272079 0.737684 -0.149684 0.635042 0.173602
0.121720 0.378131 1.272037 0.737653 -0.149877 0.634985 0.173781
0.122047 0.377975 1.271996 0.737621 -0.150067 0.634928 0.173959
0.122369 0.377821 1.271956 0.737589 -0.150255 0.634872 0.174134
0.122685 0.377669 1.271917 0.737558 -0.150440 0.634818 0.174307
0.123021 0.377543 1.271847 0.737592 -0.150630 0.634734 0.174304
0.123370 0.377432 1.271749 0.737660 -0.150813 0.634634 0.174221
0.123730 0.377329 1.271632 0.737753 -0.150976 0.634518 0.174110
0.124099 0.377226 1.271502 0.737859 -0.151127 0.634391 0.173991
0.124474 0.377121 1.271363 0.737973 -0.151272 0.634256 0.173874
0.124855 0.377011 1.271219 0.738088 -0.151416 0.634117 0.173766
0.125240 0.376896 1.271073 0.738203 -0.151563 0.633974 0.173671
0.125629 0.376773 1.270925 0.738314 -0.151713 0.633831 0.173590
0.126019 0.376645 1.270778 0.738421 -0.151870 0.633687 0.173524
0.126411 0.376510 1.270631 0.738523 -0.152031 0.633544 0.173473
0.126803 0.376368 1.270487 0.738619 -0.152199 0.633401 0.173437
0.127195 0.376222 1.270345 0.738709 -0.152372 0.633261 0.173415
0.127587 0.376071 1.270205 0.738794 -0.152551 0.633121 0.173405
0.127977 0.375915 1.270068 0.738873 -0.152734 0.632984 0.173408
0.128365 0.375756 1.269934 0.738947 -0.152921 0.632849 0.173422
0.128751 0.375594 1.269804 0.739015 -0.153112 0.632716 0.173447
0.129134 0.375429 1.269676 0.739079 -0.153306 0.632585 0.173480
0.129514 0.375262 1.269551 0.739139 -0.153503 0.632456 0.173522
0.129891 0.375093 1.269429 0.739194 -0.153702 0.632330 0.173571
0.130264 0.374923 1.269310 0.739245 -0.153902 0.632206 0.173627
0.130633 0.374753 1.269194 0.739292 -0.154104 0.632085 0.173689
0.130998 0.374581 1.269081 0.739336 -0.154306 0.631966 0.173756
0.131359 0.374410 1.268970 0.739377 -0.154508 0.631849 0.173828
0.131716 0.374239 1.268862 0.739415 -0.154710 0.631734 0.173903
0.132067 0.374068 1.268757 0.739450 -0.154912 0.631622 0.173983
0.132415 0.373897 1.268654 0.739483 -0.155113 0.631511 0.174065
0.132757 0.373728 1.268553 0.739513 -0.155313 0.631403 0.174150
0.133094 0.373560 1.268455 0.739541 -0.155512 0.631297 0.174237
0.133427 0.373393 1.268359 0.739567 -0.155709 0.631194 0.174326
0.133754 0.373227 1.268265 0.739591 -0.155904 0.631092 0.174417
0.134076 0.373063 1.268173 0.739614 -0.156098 0.630993 0.174508
0.134393 0.372900 1.268084 0.739635 -0.156290 0.630895 0.174601
0.134705 0.372739 1.267996 0.739654 -0.156479 0.630800 0.174694
0.135012 0.372580 1.267910 0.739672 -0.156666 0.630706 0.174788
0.135314 0.372423 1.267826 0.739689 -0.156850 0.630614 0.174882
0.135610 0.372268 1.267743 0.739705 -0.157032 0.630525 0.174977
0.135901 0.372115 1.267663 0.739719 -0.157212 0.630437 0.175071
0.136188 0.371964 1.267584 0.739733 -0.157388 0.630351 0.175165
0.136469 0.371815 1.267506 0.739745 -0.157562 0.630266 0.175259
0.136745 0.371668 1.267430 0.739757 -0.157733 0.630184 0.175352
0.137045 0.371543 1.267335 0.739836 -0.157848 0.630068 0.175335
0.137360 0.371429 1.267222 0.739946 -0.157915 0.629936 0.175283
0.137688 0.371317 1.267097 0.740070 -0.157961 0.629796 0.175216
0.138027 0.371202 1.266965 0.740201 -0.157998 0.629652 0.175149
0.138375 0.371082 1.266828 0.740333 -0.158034 0.629505 0.175088
0.138731 0.370956 1.266690 0.740462 -0.158075 0.629356 0.175039
0.139092 0.370822 1.266552 0.740586 -0.158124 0.629208 0.175004
0.139458 0.370680 1.266415 0.740705 -0.158181 0.629059 0.174984
0.139828 0.370531 1.266280 0.740816 -0.158249 0.628912 0.174980
0.140201 0.370375 1.266148 0.740921 -0.158326 0.628767 0.174990
0.140576 0.370212 1.266019 0.741018 -0.158413 0.628623 0.175015
0.140952 0.370044 1.265892 0.741109 -0.158509 0.628481 0.175053
0.141328 0.369870 1.265769 0.741193 -0.158614 0.628342 0.175104
0.141704 0.369692 1.265650 0.741270 -0.158727 0.628205 0.175166
0.142079 0.369510 1.265533 0.741341 -0.158846 0.628071 0.175238
0.142453 0.369324 1.265420 0.741407 -0.158972 0.627939 0.175320
0.142825 0.369136 1.265310 0.741466 -0.159104 0.627809 0.175410
0.143195 0.368946 1.265204 0.741521 -0.159241 0.627683 0.175508
0.143563 0.368754 1.265100 0.741572 -0.159381 0.627558 0.175612
0.143927 0.368561 1.264999 0.741617 -0.159526 0.627436 0.175722
0.144288 0.368367 1.264902 0.741659 -0.159674 0.627317 0.175838
0.144646 0.368172 1.264806 0.741697 -0.159824 0.627200 0.175957
0.145001 0.367977 1.264714 0.741732 -0.159977 0.627086 0.176081
0.145351 0.367783 1.264624 0.741763 -0.160131 0.626974 0.176207
0.145697 0.367588 1.264537 0.741792 -0.160286 0.626864 0.176337
0.146039 0.367395 1.264452 0.741818 -0.160443 0.626757 0.176468
0.146377 0.367203 1.264369 0.741841 -0.160599 0.626651 0.176601
0.146710 0.367012 1.264288 0.741862 -0.160756 0.626548 0.176736
0.147038 0.366822 1.264209 0.741880 -0.160913 0.626448 0.176872
0.147362 0.366634 1.264132 0.741897 -0.161070 0.626349 0.177008
0.147681 0.366447 1.264058 0.741912 -0.161226 0.626253 0.177145
0.147995 0.366262 1.263984 0.741925 -0.161381 0.626158 0.177281
0.148304 0.366079 1.263913 0.741937 -0.161535 0.626066 0.177418
0.148609 0.365898 1.263843 0.741947 -0.161687 0.625976 0.177555
0.148909 0.365720 1.263775 0.741956 -0.161839 0.625887 0.177690
0.149203 0.365543 1.263708 0.741964 -0.161989 0.625801 0.177826
0.149493 0.365369 1.263643 0.741971 -0.162137 0.625716 0.177960
0.149778 0.365197 1.263579 0.741977 -0.162284 0.625633 0.178093
0.150058 0.365027 1.263517 0.741982 -0.162428 0.625553 0.178226
0.150333 0.364860 1.263455 0.741986 -0.162571 0.625473 0.178357
0.150632 0.364721 1.263375 0.742050 -0.162673 0.625369 0.178361
0.150952 0.364593 1.263280 0.742141 -0.162782 0.625251 0.178298
0.151289 0.364469 1.263177 0.742247 -0.162889 0.625121 0.178212
0.151640 0.364343 1.263071 0.742361 -0.162998 0.624984 0.178121
0.152004 0.364213 1.262964 0.742475 -0.163114 0.624843 0.178034
0.152379 0.364076 1.262858 0.742586 -0.163240 0.624700 0.177956
0.152762 0.363933 1.262755 0.742692 -0.163377 0.624557 0.177891
0.153152 0.363781 1.262656 0.742791 -0.163525 0.624414 0.177841
0.153548 0.363622 1.262562 0.742883 -0.163685 0.624273 0.177806
0.153948 0.363456 1.262471 0.742967 -0.163857 0.624134 0.177786
0.154353 0.363284 1.262385 0.743043 -0.164039 0.623997 0.177781
0.154759 0.363105 1.262303 0.743111 -0.164231 0.623863 0.177790
0.155167 0.362921 1.262226 0.743172 -0.164432 0.623732 0.177812
0.155576 0.362731 1.262153 0.743225 -0.164641 0.623603 0.177846
0.155985 0.362538 1.262083 0.743272 -0.164858 0.623477 0.177891
0.156394 0.362340 1.262018 0.743313 -0.165080 0.623353 0.177947
0.156801 0.362140 1.261956 0.743348 -0.165308 0.623233 0.178013
0.157207 0.361936 1.261897 0.743377 -0.165540 0.623115 0.178086
0.157611 0.361731 1.261841 0.743402 -0.165776 0.623000 0.178168
0.158012 0.361524 1.261788 0.743422 -0.166015 0.622887 0.178256
0.158410 0.361316 1.261738 0.743437 -0.166256 0.622777 0.178351
0.158804 0.361108 1.261690 0.743449 -0.166500 0.622669 0.178451
0.159195 0.360898 1.261645 0.743457 -0.166744 0.622564 0.178555
0.159583 0.360689 1.261601 0.743462 -0.166989 0.622461 0.178664
0.159965 0.360480 1.261560 0.743464 -0.167234 0.622361 0.178776
0.160344 0.360271 1.261521 0.743463 -0.167479 0.622262 0.178892
0.160718 0.360064 1.261483 0.743460 -0.167724 0.622166 0.179010
0.161087 0.359857 1.261447 0.743455 -0.167967 0.622072 0.179130
0.161452 0.359651 1.261412 0.743448 -0.168209 0.621981 0.179252
0.161811 0.359447 1.261379 0.743439 -0.168450 0.621891 0.179375
0.162166 0.359245 1.261347 0.743428 -0.168688 0.621803 0.179500
0.162515 0.359044 1.261316 0.743416 -0.168925 0.621717 0.179625
0.162859 0.358846 1.261286 0.743402 -0.169159 0.621633 0.179751
0.163197 0.358649 1.261257 0.743388 -0.169391 0.621551 0.179877
0.163530 0.358454 1.261229 0.743372 -0.169620 0.621470 0.180003
0.163858 0.358262 1.261202 0.743356 -0.169846 0.621392 0.180129
0.164181 0.358072 1.261175 0.743339 -0.170069 0.621315 0.180255
0.164498 0.357884 1.261150 0.743321 -0.170289 0.621240 0.180380
0.164810 0.357699 1.261125 0.743303 -0.170506 0.621166 0.180504
0.165116 0.357516 1.261100 0.743284 -0.170720 0.621094 0.180628
0.165435 0.357361 1.261058 0.743311 -0.170847 0.621010 0.180683
0.165763 0.357224 1.261006 0.743354 -0.170951 0.620931 0.180679
0.166099 0.357098 1.260946 0.743412 -0.171032 0.620848 0.180650
0.166440 0.356977 1.260884 0.743479 -0.171101 0.620761 0.180609
0.166786 0.356859 1.260820 0.743550 -0.171166 0.620671 0.180562
0.167134 0.356741 1.260757 0.743623 -0.171233 0.620579 0.180515
0.167484 0.356622 1.260696 0.743695 -0.171304 0.620486 0.180471
0.167835 0.356502 1.260637 0.743765 -0.171380 0.620392 0.180431
0.168186 0.356379 1.260582 0.743832 -0.171463 0.620299 0.180398
0.168537 0.356254 1.260528 0.743896 -0.171552 0.620206 0.180371
0.168886 0.356127 1.260478 0.743955 -0.171647 0.620114 0.180350
0.169234 0.355998 1.260431 0.744011 -0.171748 0.620024 0.180337
0.169581 0.355868 1.260387 0.744062 -0.171855 0.619935 0.180329
0.169925 0.355736 1.260345 0.744110 -0.171966 0.619847 0.180328
0.170266 0.355602 1.260306 0.744154 -0.172082 0.619761 0.180332
0.170605 0.355468 1.260269 0.744194 -0.172202 0.619676 0.180342
0.170940 0.355332 1.260235 0.744231 -0.172325 0.619594 0.180357
0.171272 0.355196 1.260202 0.744265 -0.172450 0.619512 0.180376
0.171601 0.355060 1.260171 0.744295 -0.172578 0.619433 0.180399
0.171925 0.354923 1.260142 0.744323 -0.172708 0.619355 0.180426
0.172246 0.354787 1.260115 0.744349 -0.172839 0.619279 0.180456
0.172563 0.354651 1.260089 0.744372 -0.172972 0.619205 0.180490
0.172875 0.354515 1.260065 0.744393 -0.173105 0.619132 0.180526
0.173184 0.354380 1.260041 0.744411 -0.173239 0.619061 0.180564
0.173488 0.354246 1.260019 0.744428 -0.173372 0.618992 0.180605
0.173787 0.354112 1.259998 0.744443 -0.173506 0.618924 0.180648
0.174083 0.353979 1.259977 0.744456 -0.173640 0.618858 0.180692
0.174373 0.353847 1.259958 0.744468 -0.173773 0.618793 0.180738
0.174660 0.353717 1.259939 0.744478 -0.173905 0.618730 0.180785
0.174941 0.353587 1.259921 0.744487 -0.174036 0.618668 0.180833
0.175219 0.353459 1.259904 0.744495 -0.174167 0.618607 0.180883
0.175491 0.353332 1.259887 0.744501 -0.174296 0.618548 0.180933
0.175760 0.353206 1.259870 0.744507 -0.174424 0.618491 0.180984
0.176023 0.353082 1.259854 0.744512 -0.174551 0.618434 0.181035
0.176282 0.352959 1.259838 0.744515 -0.174676 0.618379 0.181088
0.176537 0.352838 1.259823 0.744518 -0.174800 0.618325 0.181140
0.176787 0.352718 1.259808 0.744521 -0.174922 0.618272 0.181193
0.177033 0.352600 1.259793 0.744522 -0.175043 0.618220 0.181245
0.177274 0.352484 1.259779 0.744524 -0.175162 0.618170 0.181298
0.177511 0.352369 1.259764 0.744524 -0.175279 0.618120 0.181352
0.177758 0.352269 1.259738 0.744555 -0.175319 0.618062 0.181386
0.178016 0.352178 1.259706 0.744592 -0.175319 0.618008 0.181416
0.178285 0.352091 1.259670 0.744636 -0.175301 0.617954 0.181439
0.178561 0.352005 1.259634 0.744682 -0.175279 0.617898 0.181459
0.178843 0.351918 1.259598 0.744729 -0.175259 0.617842 0.181479
0.179131 0.351827 1.259563 0.744774 -0.175245 0.617785 0.181501
0.179422 0.351733 1.259531 0.744816 -0.175240 0.617728 0.181529
0.179717 0.351634 1.259501 0.744855 -0.175243 0.617670 0.181561
0.180015 0.351532 1.259474 0.744889 -0.175256 0.617613 0.181601
0.180313 0.351426 1.259449 0.744920 -0.175278 0.617557 0.181646
0.180613 0.351315 1.259427 0.744946 -0.175308 0.617502 0.181699
0.180913 0.351202 1.259407 0.744967 -0.175347 0.617447 0.181758
0.181213 0.351085 1.259390 0.744985 -0.175393 0.617394 0.181822
0.181512 0.350965 1.259376 0.744999 -0.175446 0.617341 0.181893
0.181811 0.350843 1.259363 0.745010 -0.175506 0.617289 0.181968
0.182108 0.350719 1.259352 0.745017 -0.175571 0.617239 0.182049
0.182403 0.350593 1.259343 0.745021 -0.175642 0.617189 0.182133
0.182696 0.350466 1.259335 0.745022 -0.175717 0.617140 0.182221
0.182986 0.350337 1.259329 0.745020 -0.175796 0.617092 0.182313
0.183274 0.350208 1.259324 0.745017 -0.175879 0.617045 0.182407
0.183560 0.350078 1.259320 0.745011 -0.175965 0.616999 0.182504
0.183842 0.349948 1.259318 0.745003 -0.176054 0.616954 0.182602
0.184121 0.349817 1.259316 0.744994 -0.176145 0.616909 0.182703
0.184397 0.349686 1.259315 0.744983 -0.176238 0.616866 0.182805
0.184670 0.349556 1.259315 0.744970 -0.176333 0.616823 0.182908
0.184939 0.349427 1.259316 0.744957 -0.176429 0.616781 0.183012
0.185204 0.349297 1.259317 0.744942 -0.176526 0.616740 0.183117
0.185466 0.349169 1.259318 0.744927 -0.176624 0.616699 0.183222
0.185724 0.349041 1.259320 0.744910 -0.176722 0.616660 0.183327
0.185978 0.348915 1.259322 0.744893 -0.176821 0.616621 0.183432
0.186228 0.348789 1.259325 0.744875 -0.176920 0.616583 0.183537
0.186475 0.348665 1.259328 0.744857 -0.177019 0.616545 0.183642
0.186717 0.348542 1.259331 0.744839 -0.177117 0.616508 0.183746
0.186956 0.348420 1.259334 0.744820 -0.177216 0.616472 0.183849
0.187190 0.348300 1.259337 0.744800 -0.177313 0.616436 0.183952
0.187421 0.348181 1.259341 0.744781 -0.177410 0.616402 0.184054
0.187648 0.348063 1.259344 0.744761 -0.177507 0.616367 0.184155
0.187870 0.347948 1.259347 0.744742 -0.177603 0.616334 0.184255
0.188089 0.347833 1.259351 0.744722 -0.177697 0.616301 0.184354
0.188304 0.347721 1.259354 0.744702 -0.177791 0.616268 0.184452
0.188525 0.347620 1.259358 0.744705 -0.177815 0.616235 0.184527
0.188748 0.347521 1.259361 0.744701 -0.177818 0.616219 0.184595
0.188973 0.347421 1.259364 0.744694 -0.177807 0.616209 0.184667
0.189198 0.347318 1.259367 0.744686 -0.177788 0.616202 0.184742
0.189421 0.347199 1.259369 0.744667 -0.177837 0.616180 0.184845
0.189643 0.347065 1.259370 0.744638 -0.177928 0.616150 0.184970
0.189863 0.346923 1.259371 0.744604 -0.178042 0.616116 0.185112
0.190082 0.346774 1.259371 0.744566 -0.178168 0.616080 0.185265
0.190299 0.346622 1.259370 0.744522 -0.178295 0.616048 0.185426
0.190514 0.346468 1.259369 0.744475 -0.178417 0.616018 0.185596
0.190727 0.346313 1.259367 0.744426 -0.178534 0.615992 0.185769
0.190938 0.346157 1.259365 0.744375 -0.178645 0.615967 0.185946
0.191149 0.346009 1.259362 0.744332 -0.178729 0.615947 0.186104
0.191358 0.345867 1.259357 0.744295 -0.178794 0.615929 0.186249
0.191565 0.345723 1.259353 0.744256 -0.178866 0.615910 0.186400
0.191769 0.345579 1.259348 0.744215 -0.178944 0.615890 0.186555
0.191970 0.345435 1.259344 0.744173 -0.179024 0.615870 0.186712
0.192166 0.345310 1.259341 0.744145 -0.179122 0.615855 0.186779
0.192359 0.345204 1.259337 0.744137 -0.179200 0.615838 0.186789
0.192548 0.345113 1.259329 0.744146 -0.179270 0.615816 0.186759
0.192730 0.345038 1.259323 0.744162 -0.179305 0.615803 0.186708
0.192906 0.344977 1.259318 0.744183 -0.179316 0.615794 0.186643
0.193076 0.344926 1.259316 0.744207 -0.179309 0.615788 0.186571
0.193240 0.344883 1.259315 0.744235 -0.179290 0.615783 0.186495
0.193399 0.344847 1.259316 0.744265 -0.179262 0.615779 0.186419
0.193553 0.344815 1.259319 0.744295 -0.179227 0.615774 0.186345
0.193702 0.344787 1.259324 0.744326 -0.179189 0.615768 0.186277
0.193846 0.344761 1.259329 0.744357 -0.179148 0.615762 0.186214
0.193987 0.344736 1.259335 0.744386 -0.179106 0.615756 0.186158
0.194123 0.344709 1.259343 0.744410 -0.179073 0.615750 0.186113
0.194256 0.344681 1.259353 0.744430 -0.179048 0.615744 0.186078
0.194385 0.344651 1.259364 0.744445 -0.179029 0.615739 0.186053
0.194511 0.344620 1.259376 0.744456 -0.179014 0.615735 0.186036
0.194635 0.344589 1.259387 0.744468 -0.178993 0.615731 0.186020
0.194756 0.344560 1.259396 0.744481 -0.178967 0.615727 0.186007
0.194875 0.344530 1.259404 0.744494 -0.178939 0.615723 0.185995
0.194991 0.344501 1.259411 0.744507 -0.178909 0.615719 0.185986
0.195105 0.344469 1.259419 0.744516 -0.178888 0.615715 0.185984
0.195217 0.344435 1.259427 0.744522 -0.178874 0.615711 0.185989
0.195326 0.344400 1.259435 0.744524 -0.178864 0.615708 0.185998
0.195454 0.344364 1.259464 0.744534 -0.178822 0.615710 0.185992
0.195596 0.344335 1.259501 0.744567 -0.178731 0.615708 0.185956
0.195748 0.344308 1.259547 0.744603 -0.178625 0.615707 0.185915
0.195908 0.344281 1.259601 0.744642 -0.178508 0.615707 0.185873
0.196075 0.344255 1.259661 0.744681 -0.178389 0.615708 0.185829
0.196247 0.344229 1.259727 0.744718 -0.178275 0.615709 0.185782
0.196423 0.344202 1.259797 0.744754 -0.178167 0.615712 0.185735
0.196604 0.344175 1.259872 0.744786 -0.178068 0.615716 0.185686
0.196788 0.344148 1.259949 0.744817 -0.177970 0.615722 0.185634
0.196976 0.344120 1.260028 0.744848 -0.177877 0.615729 0.185578
0.197166 0.344090 1.260108 0.744876 -0.177791 0.615737 0.185523
0.197359 0.344059 1.260190 0.744901 -0.177714 0.615745 0.185467
0.197552 0.344029 1.260275 0.744921 -0.177632 0.615760 0.185416
0.197746 0.343999 1.260362 0.744937 -0.177548 0.615780 0.185369
0.197941 0.343968 1.260452 0.744948 -0.177465 0.615803 0.185325
0.198135 0.343938 1.260544 0.744956 -0.177384 0.615829 0.185283
0.198329 0.343907 1.260638 0.744961 -0.177307 0.615857 0.185245
0.198523 0.343875 1.260734 0.744963 -0.177235 0.615887 0.185208
0.198717 0.343840 1.260830 0.744964 -0.177183 0.615911 0.185171
0.198909 0.343805 1.260926 0.744963 -0.177133 0.615937 0.185138
0.199100 0.343770 1.261024 0.744959 -0.177085 0.615965 0.185106
0.199290 0.343734 1.261122 0.744952 -0.177040 0.615995 0.185078
0.199479 0.343695 1.261219 0.744946 -0.177013 0.616019 0.185049
0.199666 0.343658 1.261316 0.744941 -0.176982 0.616042 0.185021
0.199851 0.343621 1.261412 0.744937 -0.176948 0.616064 0.184995
0.200034 0.343583 1.261506 0.744935 -0.176922 0.616082 0.184971
0.200215 0.343543 1.261598 0.744933 -0.176903 0.616096 0.184949
0.200395 0.343501 1.261688 0.744931 -0.176889 0.616108 0.184931
0.200572 0.343458 1.261776 0.744928 -0.176881 0.616118 0.184917
0.200748 0.343413 1.261862 0.744923 -0.176876 0.616128 0.184908
0.200921 0.343366 1.261947 0.744917 -0.176876 0.616137 0.184904
0.201092 0.343317 1.262029 0.744909 -0.176878 0.616145 0.184904
0.201261 0.343266 1.262110 0.744900 -0.176884 0.616153 0.184908
0.201428 0.343214 1.262189 0.744889 -0.176893 0.616162 0.184917
0.201593 0.343161 1.262266 0.744876 -0.176904 0.616170 0.184929
0.201756 0.343106 1.262341 0.744862 -0.176918 0.616179 0.184945
0.201917 0.343050 1.262415 0.744846 -0.176933 0.616187 0.184965
0.202075 0.342991 1.262488 0.744827 -0.176958 0.616197 0.184988
0.202232 0.342931 1.262559 0.744805 -0.176990 0.616206 0.185013
0.202387 0.342870 1.262629 0.744784 -0.177020 0.616216 0.185040
0.202561 0.342811 1.262723 0.744780 -0.176943 0.616240 0.185044
0.202755 0.342749 1.262842 0.744782 -0.176814 0.616284 0.185015
0.202965 0.342687 1.262980 0.744782 -0.176660 0.616343 0.184968
0.203188 0.342623 1.263134 0.744776 -0.176498 0.616413 0.184911
0.203423 0.342557 1.263301 0.744764 -0.176339 0.616491 0.184851
0.203667 0.342488 1.263480 0.744743 -0.176191 0.616577 0.184791
0.203920 0.342417 1.263668 0.744714 -0.176058 0.616667 0.184732
0.204181 0.342342 1.263866 0.744677 -0.175943 0.616762 0.184677
0.204448 0.342264 1.264071 0.744632 -0.175845 0.616859 0.184626
0.204720 0.342182 1.264283 0.744580 -0.175765 0.616958 0.184579
0.204997 0.342097 1.264500 0.744521 -0.175702 0.617059 0.184538
0.205278 0.342008 1.264722 0.744456 -0.175656 0.617162 0.184502
0.205562 0.341916 1.264947 0.744386 -0.175625 0.617264 0.184471
0.205848 0.341824 1.265175 0.744315 -0.175597 0.617366 0.184445
0.206135 0.341730 1.265406 0.744242 -0.175574 0.617467 0.184424
0.206424 0.341634 1.265637 0.744167 -0.175557 0.617567 0.184409
0.206712 0.341537 1.265869 0.744088 -0.175547 0.617667 0.184401
0.207000 0.341438 1.266102 0.744006 -0.175544 0.617767 0.184400
0.207288 0.341336 1.266335 0.743921 -0.175548 0.617867 0.184406
0.207575 0.341231 1.266568 0.743829 -0.175567 0.617968 0.184419
0.207862 0.341123 1.266800 0.743732 -0.175598 0.618070 0.184437
0.208147 0.341012 1.267031 0.743632 -0.175641 0.618172 0.184460
0.208431 0.340899 1.267261 0.743529 -0.175692 0.618273 0.184487
0.208713 0.340784 1.267490 0.743423 -0.175751 0.618374 0.184517
0.208993 0.340667 1.267717 0.743316 -0.175818 0.618474 0.184550
0.209272 0.340549 1.267942 0.743208 -0.175890 0.618573 0.184586
0.209548 0.340432 1.268164 0.743102 -0.175960 0.618669 0.184623
0.209822 0.340315 1.268384 0.742997 -0.176028 0.618764 0.184663
0.210092 0.340196 1.268602 0.742890 -0.176103 0.618858 0.184706
0.210360 0.340078 1.268815 0.742784 -0.176190 0.618950 0.184746
0.210624 0.339958 1.269025 0.742677 -0.176286 0.619038 0.184783
0.210885 0.339840 1.269232 0.742574 -0.176381 0.619124 0.184820
0.211142 0.339722 1.269436 0.742471 -0.176481 0.619209 0.184857
0.211396 0.339604 1.269636 0.742367 -0.176584 0.619293 0.184894
0.211646 0.339486 1.269833 0.742264 -0.176689 0.619375 0.184933
0.211893 0.339369 1.270027 0.742161 -0.176795 0.619456 0.184972
0.212136 0.339252 1.270218 0.742058 -0.176902 0.619537 0.185013
0.212376 0.339136 1.270406 0.741956 -0.177009 0.619616 0.185054
0.212612 0.339021 1.270591 0.741855 -0.177116 0.619693 0.185097
0.212844 0.338907 1.270773 0.741755 -0.177222 0.619770 0.185140
0.213094 0.338801 1.270973 0.741681 -0.177154 0.619878 0.185142
0.213359 0.338700 1.271187 0.741616 -0.176971 0.620017 0.185109
0.213638 0.338601 1.271414 0.741550 -0.176709 0.620182 0.185071
0.213928 0.338502 1.271652 0.741481 -0.176407 0.620363 0.185033
0.214227 0.338401 1.271899 0.741406 -0.176087 0.620553 0.184997
0.214533 0.338298 1.272154 0.741325 -0.175768 0.620750 0.184966
0.214846 0.338192 1.272416 0.741238 -0.175458 0.620949 0.184940
0.215166 0.338085 1.272691 0.741138 -0.175096 0.621163 0.184967
0.215489 0.337970 1.272968 0.741032 -0.174785 0.621371 0.184987
0.215817 0.337849 1.273248 0.740921 -0.174517 0.621574 0.185002
0.216146 0.337723 1.273530 0.740806 -0.174283 0.621773 0.185015
0.216477 0.337593 1.273811 0.740690 -0.174087 0.621964 0.185020
0.216809 0.337460 1.274091 0.740573 -0.173920 0.622150 0.185021
0.217141 0.337324 1.274371 0.740455 -0.173776 0.622331 0.185021
0.217473 0.337186 1.274650 0.740336 -0.173650 0.622508 0.185021
0.217803 0.337046 1.274928 0.740216 -0.173545 0.622680 0.185018
0.218132 0.336905 1.275203 0.740096 -0.173456 0.622849 0.185015
0.218460 0.336763 1.275477 0.739974 -0.173379 0.623015 0.185012
0.218785 0.336621 1.275750 0.739853 -0.173312 0.623178 0.185013
0.219108 0.336477 1.276020 0.739730 -0.173254 0.623339 0.185017
0.219428 0.336333 1.276288 0.739606 -0.173202 0.623498 0.185026
0.219746 0.336188 1.276554 0.739481 -0.173156 0.623654 0.185041
0.220060 0.336044 1.276818 0.739356 -0.173115 0.623808 0.185061
0.220371 0.335898 1.277079 0.739230 -0.173078 0.623960 0.185086
0.220679 0.335752 1.277338 0.739103 -0.173046 0.624110 0.185117
0.220984 0.335606 1.277594 0.738975 -0.173017 0.624258 0.185154
0.221285 0.335459 1.277847 0.738847 -0.172992 0.624404 0.185197
0.221583 0.335313 1.278096 0.738719 -0.172970 0.624548 0.185244
0.221876 0.335166 1.278343 0.738590 -0.172951 0.624690 0.185298
0.222166 0.335019 1.278587 0.738461 -0.172935 0.624830 0.185356
0.222452 0.334871 1.278827 0.738331 -0.172921 0.624968 0.185418
0.222735 0.334724 1.279064 0.738202 -0.172910 0.625104 0.185485
0.223013 0.334577 1.279298 0.738073 -0.172901 0.625238 0.185557
0.223288 0.334430 1.279527 0.737944 -0.172894 0.625369 0.185632
0.223558 0.334284 1.279754 0.737816 -0.172889 0.625499 0.185710
0.223825 0.334138 1.279977 0.737688 -0.172887 0.625626 0.185792
0.224087 0.333992 1.280196 0.737560 -0.172886 0.625751 0.185877
0.224346 0.333847 1.280411 0.737434 -0.172887 0.625874 0.185965
0.224601 0.333702 1.280623 0.737308 -0.172890 0.625995 0.186054
0.224851 0.333558 1.280831 0.737183 -0.172894 0.626114 0.186146
0.225120 0.333425 1.281056 0.737078 -0.172694 0.626279 0.186190
0.225405 0.333306 1.281288 0.736997 -0.172369 0.626459 0.186210
0.225701 0.333194 1.281526 0.736927 -0.171966 0.626647 0.186222
0.226009 0.333090 1.281780 0.736853 -0.171422 0.626859 0.186309
0.226327 0.332987 1.282047 0.736766 -0.170833 0.627087 0.186422
0.226651 0.332878 1.282315 0.736680 -0.170298 0.627305 0.186520
0.226979 0.332762 1.282584 0.736593 -0.169809 0.627514 0.186605
0.227311 0.332642 1.282854 0.736504 -0.169359 0.627718 0.186680
0.227646 0.332518 1.283125 0.736413 -0.168943 0.627916 0.186749
0.227983 0.332390 1.283397 0.736320 -0.168558 0.628110 0.186813
0.228322 0.332260 1.283670 0.736224 -0.168199 0.628300 0.186874
0.228661 0.332126 1.283943 0.736126 -0.167863 0.628487 0.186933
0.229000 0.331991 1.284217 0.736026 -0.167550 0.628671 0.186992
0.229339 0.331853 1.284490 0.735923 -0.167256 0.628852 0.187051
0.229677 0.331714 1.284763 0.735818 -0.166979 0.629031 0.187113
0.230013 0.331572 1.285036 0.735710 -0.166719 0.629206 0.187176
0.230348 0.331429 1.285308 0.735601 -0.166473 0.629379 0.187243
0.230681 0.331285 1.285579 0.735491 -0.166242 0.629549 0.187313
0.231011 0.331140 1.285848 0.735378 -0.166022 0.629716 0.187386
0.231339 0.330993 1.286115 0.735264 -0.165815 0.629881 0.187463
0.231664 0.330846 1.286381 0.735149 -0.165618 0.630043 0.187543
0.231986 0.330697 1.286644 0.735033 -0.165432 0.630202 0.187628
0.232304 0.330548 1.286904 0.734916 -0.165255 0.630359 0.187716
0.232620 0.330398 1.287163 0.734798 -0.165087 0.630513 0.187807
0.232931 0.330248 1.287418 0.734679 -0.164928 0.630665 0.187903
0.233239 0.330097 1.287670 0.734559 -0.164776 0.630814 0.188002
0.233544 0.329946 1.287920 0.734440 -0.164631 0.630961 0.188104
0.233844 0.329794 1.288166 0.734320 -0.164494 0.631105 0.188209
0.234141 0.329643 1.288409 0.734199 -0.164363 0.631247 0.188317
0.234434 0.329491 1.288648 0.734079 -0.164238 0.631386 0.188428
0.234722 0.329340 1.288884 0.733959 -0.164119 0.631523 0.188541
0.235007 0.329189 1.289116 0.733839 -0.164006 0.631657 0.188656
0.235287 0.329038 1.289345 0.733720 -0.163898 0.631789 0.188773
0.235564 0.328887 1.289570 0.733601 -0.163795 0.631919 0.188892
0.235836 0.328737 1.289792 0.733482 -0.163697 0.632046 0.189012
0.236104 0.328587 1.290009 0.733364 -0.163604 0.632170 0.189134
0.236368 0.328438 1.290223 0.733247 -0.163515 0.632292 0.189257
0.236628 0.328290 1.290434 0.733131 -0.163431 0.632412 0.189380
0.236883 0.328143 1.290641 0.733016 -0.163350 0.632529 0.189504
0.237135 0.327997 1.290844 0.732902 -0.163274 0.632644 0.189628
0.237402 0.327850 1.291061 0.732770 -0.162969 0.632845 0.189725
0.237687 0.327706 1.291292 0.732625 -0.162538 0.633101 0.189802
0.237988 0.327563 1.291536 0.732471 -0.162044 0.633389 0.189858
0.238303 0.327421 1.291793 0.732311 -0.161528 0.633695 0.189892
0.238629 0.327277 1.292061 0.732149 -0.161015 0.634009 0.189909
0.238967 0.327132 1.292342 0.731983 -0.160512 0.634324 0.189921
0.239312 0.326983 1.292631 0.731815 -0.160029 0.634638 0.189930
0.239665 0.326830 1.292928 0.731643 -0.159573 0.634947 0.189940
0.240023 0.326673 1.293232 0.731469 -0.159145 0.635251 0.189953
0.240386 0.326512 1.293541 0.731292 -0.158746 0.635549 0.189971
0.240752 0.326345 1.293855 0.731112 -0.158376 0.635842 0.189996
0.241121 0.326174 1.294171 0.730928 -0.158032 0.636128 0.190027
0.241491 0.325998 1.294490 0.730742 -0.157714 0.636409 0.190066
0.241863 0.325817 1.294809 0.730554 -0.157425 0.636684 0.190110
0.242234 0.325632 1.295127 0.730365 -0.157160 0.636952 0.190161
0.242605 0.325443 1.295446 0.730173 -0.156916 0.637214 0.190218
0.242975 0.325250 1.295763 0.729980 -0.156691 0.637471 0.190283
0.243344 0.325053 1.296079 0.729786 -0.156484 0.637723 0.190356
0.243712 0.324854 1.296394 0.729590 -0.156292 0.637970 0.190435
0.244077 0.324653 1.296706 0.729393 -0.156114 0.638213 0.190522
0.244440 0.324449 1.297016 0.729196 -0.155949 0.638450 0.190615
0.244800 0.324242 1.297324 0.728998 -0.155797 0.638684 0.190715
0.245157 0.324035 1.297628 0.728800 -0.155655 0.638913 0.190820
0.245511 0.323826 1.297930 0.728602 -0.155525 0.639138 0.190931
0.245862 0.323615 1.298228 0.728404 -0.155404 0.639358 0.191048
0.246209 0.323404 1.298523 0.728205 -0.155298 0.639575 0.191163
0.246552 0.323192 1.298814 0.728008 -0.155206 0.639788 0.191277
0.246892 0.322980 1.299101 0.727813 -0.155125 0.639996 0.191390
0.247228 0.322769 1.299384 0.727619 -0.155052 0.640199 0.191504
0.247560 0.322558 1.299663 0.727428 -0.154987 0.640398 0.191618
0.247887 0.322349 1.299938 0.727239 -0.154928 0.640593 0.191734
0.248210 0.322140 1.300209 0.727052 -0.154874 0.640783 0.191851
0.248528 0.321932 1.300476 0.726867 -0.154825 0.640969 0.191971
0.248841 0.321725 1.300738 0.726684 -0.154779 0.641150 0.192093
0.249149 0.321520 1.300996 0.726504 -0.154736 0.641328 0.192218
0.249453 0.321316 1.301250 0.726325 -0.154695 0.641502 0.192346
0.249752 0.321113 1.301499 0.726148 -0.154658 0.641672 0.192476
0.250047 0.320911 1.301744 0.725973 -0.154622 0.641839 0.192609
0.250336 0.320711 1.301985 0.725800 -0.154589 0.642002 0.192745
0.250621 0.320512 1.302222 0.725629 -0.154558 0.642161 0.192883
0.250918 0.320318 1.302455 0.725439 -0.154274 0.642402 0.193020
0.251223 0.320129 1.302688 0.725235 -0.153874 0.642705 0.193102
0.251535 0.319939 1.302921 0.725030 -0.153407 0.643028 0.193165
0.251854 0.319747 1.303154 0.724829 -0.152908 0.643358 0.193218
0.252178 0.319553 1.303388 0.724631 -0.152402 0.643687 0.193265
0.252506 0.319355 1.303623 0.724436 -0.151903 0.644010 0.193311
0.252836 0.319154 1.303859 0.724243 -0.151421 0.644326 0.193358
0.253169 0.318947 1.304094 0.724052 -0.150959 0.644634 0.193409
0.253503 0.318737 1.304329 0.723862 -0.150520 0.644933 0.193464
0.253837 0.318522 1.304564 0.723673 -0.150104 0.645224 0.193526
0.254171 0.318304 1.304797 0.723485 -0.149710 0.645506 0.193595
0.254505 0.318081 1.305029 0.723296 -0.149338 0.645780 0.193671
0.254837 0.317855 1.305260 0.723108 -0.148987 0.646047 0.193755
0.255168 0.317626 1.305490 0.722920 -0.148655 0.646306 0.193847
0.255497 0.317394 1.305717 0.722732 -0.148341 0.646559 0.193946
0.255823 0.317159 1.305942 0.722545 -0.148048 0.646803 0.194050
0.256148 0.316921 1.306163 0.722359 -0.147773 0.647041 0.194161
0.256469 0.316682 1.306382 0.722174 -0.147513 0.647273 0.194276
0.256787 0.316441 1.306599 0.721989 -0.147267 0.647498 0.194398
0.257102 0.316199 1.306812 0.721805 -0.147034 0.647717 0.194525
0.257414 0.315956 1.307023 0.721623 -0.146813 0.647931 0.194658
0.257723 0.315713 1.307231 0.721441 -0.146603 0.648140 0.194796
0.258028 0.315469 1.307436 0.721260 -0.146403 0.648344 0.194938
0.258329 0.315226 1.307638 0.721080 -0.146217 0.648543 0.195080
0.258627 0.314983 1.307838 0.720902 -0.146045 0.648737 0.195221
0.258921 0.314741 1.308034 0.720726 -0.145883 0.648927 0.195363
0.259211 0.314500 1.308227 0.720552 -0.145730 0.649111 0.195505
0.259497 0.314260 1.308418 0.720380 -0.145586 0.649291 0.195648
0.259778 0.314022 1.308605 0.720211 -0.145447 0.649466 0.195792
0.260056 0.313786 1.308789 0.720044 -0.145315 0.649637 0.195938
0.260329 0.313551 1.308971 0.719879 -0.145188 0.649804 0.196085
0.260599 0.313319 1.309149 0.719716 -0.145066 0.649966 0.196235
0.260863 0.313088 1.309324 0.719556 -0.144948 0.650125 0.196387
0.261124 0.312859 1.309497 0.719397 -0.144834 0.650279 0.196541
0.261380 0.312633 1.309666 0.719240 -0.144723 0.650430 0.196696
0.261632 0.312408 1.309833 0.719085 -0.144617 0.650577 0.196854
0.261880 0.312186 1.309996 0.718932 -0.144514 0.650721 0.197013
0.262124 0.311966 1.310157 0.718781 -0.144414 0.650861 0.197173
0.262364 0.311747 1.310315 0.718632 -0.144318 0.650998 0.197335
0.262599 0.311531 1.310470 0.718485 -0.144225 0.651132 0.197498
0.262860 0.311334 1.310614 0.718311 -0.143833 0.651354 0.197684
0.263141 0.311150 1.310771 0.718128 -0.143336 0.651638 0.197774
0.263440 0.310973 1.310941 0.717953 -0.142784 0.651940 0.197814
0.263756 0.310799 1.311123 0.717787 -0.142216 0.652244 0.197824
0.264084 0.310624 1.311316 0.717627 -0.141658 0.652545 0.197811
0.264424 0.310447 1.311520 0.717473 -0.141122 0.652840 0.197781
0.264772 0.310268 1.311732 0.717322 -0.140616 0.653127 0.197740
0.265127 0.310086 1.311952 0.717173 -0.140141 0.653407 0.197694
0.265488 0.309900 1.312178 0.717023 -0.139700 0.653680 0.197646
0.265852 0.309710 1.312410 0.716873 -0.139290 0.653946 0.197599
0.266220 0.309516 1.312647 0.716722 -0.138911 0.654206 0.197555
0.266589 0.309318 1.312888 0.716569 -0.138559 0.654460 0.197517
0.266959 0.309115 1.313132 0.716414 -0.138234 0.654707 0.197485
0.267330 0.308909 1.313378 0.716258 -0.137933 0.654949 0.197461
0.267700 0.308699 1.313625 0.716099 -0.137655 0.655186 0.197446
0.268070 0.308486 1.313874 0.715938 -0.137397 0.655418 0.197438
0.268438 0.308269 1.314123 0.715776 -0.137158 0.655645 0.197440
0.268804 0.308050 1.314373 0.715612 -0.136937 0.655867 0.197450
0.269169 0.307828 1.314622 0.715447 -0.136732 0.656084 0.197468
0.269530 0.307602 1.314869 0.715280 -0.136550 0.656297 0.197491
0.269890 0.307375 1.315115 0.715113 -0.136387 0.656505 0.197516
0.270246 0.307146 1.315358 0.714947 -0.136240 0.656708 0.197545
0.270599 0.306915 1.315599 0.714781 -0.136107 0.656906 0.197578
0.270948 0.306684 1.315838 0.714616 -0.135984 0.657100 0.197616
0.271294 0.306453 1.316074 0.714452 -0.135871 0.657289 0.197659
0.271635 0.306222 1.316308 0.714288 -0.135767 0.657474 0.197707
0.271973 0.305991 1.316540 0.714125 -0.135670 0.657655 0.197761
0.272306 0.305760 1.316768 0.713962 -0.135579 0.657832 0.197820
0.272634 0.305530 1.316994 0.713801 -0.135494 0.658006 0.197885
0.272959 0.305300 1.317218 0.713640 -0.135415 0.658175 0.197955
0.273278 0.305071 1.317438 0.713480 -0.135341 0.658341 0.198031
0.273594 0.304843 1.317656 0.713321 -0.135271 0.658503 0.198111
0.273904 0.304616 1.317870 0.713163 -0.135206 0.658662 0.198197
0.274210 0.304390 1.318082 0.713007 -0.135145 0.658817 0.198287
0.274512 0.304166 1.318290 0.712851 -0.135088 0.658969 0.198381
0.274809 0.303942 1.318496 0.712697 -0.135035 0.659117 0.198479
0.275101 0.303720 1.318698 0.712543 -0.134985 0.659262 0.198581
0.275388 0.303500 1.318897 0.712392 -0.134939 0.659404 0.198686
0.275671 0.303281 1.319093 0.712241 -0.134895 0.659543 0.198794
0.275949 0.303064 1.319285 0.712092 -0.134855 0.659678 0.198905
0.276258 0.302868 1.319446 0.711904 -0.134519 0.659898 0.199078
0.276592 0.302684 1.319596 0.711696 -0.134049 0.660166 0.199249
0.276946 0.302518 1.319750 0.711488 -0.133555 0.660469 0.199319
0.277319 0.302361 1.319909 0.711295 -0.133056 0.660774 0.199330
0.277705 0.302208 1.320073 0.711117 -0.132566 0.661073 0.199300
0.278101 0.302058 1.320243 0.710951 -0.132090 0.661365 0.199239
0.278506 0.301909 1.320417 0.710795 -0.131629 0.661650 0.199158
0.278916 0.301760 1.320594 0.710644 -0.131182 0.661929 0.199064
0.279330 0.301610 1.320776 0.710499 -0.130756 0.662199 0.198963
0.279746 0.301459 1.320961 0.710358 -0.130353 0.662462 0.198856
0.280163 0.301305 1.321149 0.710221 -0.129974 0.662716 0.198749
0.280581 0.301148 1.321340 0.710085 -0.129620 0.662962 0.198643
0.280997 0.300988 1.321533 0.709951 -0.129287 0.663201 0.198541
0.281412 0.300824 1.321727 0.709818 -0.128976 0.663433 0.198445
0.281825 0.300658 1.321923 0.709684 -0.128684 0.663659 0.198356
0.282235 0.300487 1.322118 0.709551 -0.128419 0.663879 0.198270
0.282643 0.300314 1.322314 0.709417 -0.128176 0.664093 0.198189
0.283047 0.300137 1.322508 0.709283 -0.127952 0.664302 0.198114
0.283447 0.299958 1.322703 0.709150 -0.127743 0.664505 0.198045
0.283844 0.299777 1.322896 0.709017 -0.127548 0.664702 0.197984
0.284236 0.299594 1.323088 0.708885 -0.127365 0.664894 0.197930
0.284623 0.299410 1.323279 0.708752 -0.127193 0.665082 0.197885
0.285006 0.299224 1.323468 0.708621 -0.127030 0.665264 0.197849
0.285384 0.299037 1.323656 0.708489 -0.126875 0.665442 0.197821
0.285757 0.298850 1.323842 0.708359 -0.126728 0.665615 0.197801
0.286125 0.298662 1.324026 0.708228 -0.126589 0.665784 0.197789
0.286488 0.298473 1.324208 0.708098 -0.126457 0.665948 0.197786
0.286846 0.298283 1.324388 0.707968 -0.126331 0.666109 0.197790
0.287198 0.298094 1.324566 0.707839 -0.126211 0.666265 0.197802
0.287545 0.297904 1.324742 0.707710 -0.126097 0.666418 0.197821
0.287887 0.297714 1.324915 0.707582 -0.125989 0.666567 0.197846
0.288224 0.297525 1.325086 0.707454 -0.125886 0.666713 0.197878
0.288556 0.297335 1.325254 0.707328 -0.125788 0.666854 0.197915
0.288882 0.297147 1.325420 0.707202 -0.125695 0.666992 0.197958
0.289204 0.296958 1.325584 0.707077 -0.125607 0.667127 0.198005
0.289520 0.296770 1.325745 0.706953 -0.125523 0.667259 0.198058
0.289831 0.296583 1.325903 0.706830 -0.125444 0.667387 0.198114
0.290137 0.296397 1.326059 0.706709 -0.125368 0.667512 0.198175
0.290438 0.296212 1.326213 0.706589 -0.125297 0.667634 0.198239
0.290734 0.296029 1.326364 0.706470 -0.125229 0.667752 0.198305
0.291066 0.295860 1.326475 0.706310 -0.124897 0.667943 0.198440
0.291431 0.295693 1.326574 0.706142 -0.124469 0.668168 0.198552
0.291822 0.295537 1.326676 0.705986 -0.124051 0.668414 0.198540
0.292235 0.295383 1.326783 0.705850 -0.123652 0.668657 0.198454
0.292666 0.295229 1.326894 0.705734 -0.123278 0.668889 0.198318
0.293110 0.295073 1.327011 0.705633 -0.122928 0.669110 0.198146
0.293565 0.294913 1.327131 0.705542 -0.122602 0.669324 0.197952
0.294027 0.294750 1.327256 0.705458 -0.122295 0.669529 0.197746
0.294495 0.294582 1.327383 0.705377 -0.122005 0.669729 0.197537
0.294965 0.294409 1.327514 0.705298 -0.121727 0.669924 0.197333
0.295437 0.294231 1.327647 0.705217 -0.121457 0.670114 0.197141
0.295910 0.294047 1.327782 0.705134 -0.121194 0.670300 0.196965
0.296381 0.293858 1.327918 0.705048 -0.120934 0.670484 0.196807
0.296852 0.293663 1.328056 0.704958 -0.120676 0.670665 0.196672
0.297319 0.293463 1.328194 0.704863 -0.120418 0.670844 0.196560
0.297784 0.293257 1.328332 0.704763 -0.120161 0.671021 0.196472
0.298246 0.293045 1.328472 0.704660 -0.119912 0.671194 0.196403
0.298705 0.292828 1.328612 0.704553 -0.119673 0.671363 0.196353
0.299160 0.292606 1.328753 0.704444 -0.119446 0.671528 0.196319
0.299611 0.292379 1.328894 0.704332 -0.119233 0.671689 0.196300
0.300058 0.292147 1.329036 0.704217 -0.119041 0.671846 0.196290
0.300501 0.291910 1.329176 0.704100 -0.118868 0.672000 0.196289
0.300940 0.291670 1.329317 0.703982 -0.118711 0.672150 0.196295
0.301374 0.291427 1.329456 0.703864 -0.118566 0.672295 0.196310
0.301803 0.291182 1.329595 0.703745 -0.118432 0.672435 0.196335
0.302227 0.290934 1.329733 0.703626 -0.118308 0.672572 0.196368
0.302646 0.290686 1.329869 0.703507 -0.118190 0.672705 0.196410
0.303059 0.290436 1.330005 0.703388 -0.118080 0.672833 0.196462
0.303466 0.290187 1.330139 0.703270 -0.117967 0.672957 0.196528
0.303868 0.289937 1.330272 0.703152 -0.117855 0.673077 0.196608
0.304263 0.289687 1.330405 0.703033 -0.117745 0.673194 0.196699
0.304653 0.289436 1.330536 0.702912 -0.117640 0.673309 0.196800
0.305038 0.289184 1.330665 0.702791 -0.117546 0.673421 0.196907
0.305417 0.288932 1.330792 0.702669 -0.117463 0.673530 0.197016
0.305790 0.288680 1.330917 0.702548 -0.117389 0.673636 0.197130
0.306158 0.288428 1.331041 0.702428 -0.117322 0.673740 0.197246
0.306521 0.288177 1.331163 0.702308 -0.117261 0.673840 0.197365
0.306877 0.287927 1.331283 0.702190 -0.117205 0.673937 0.197487
0.307228 0.287679 1.331401 0.702072 -0.117154 0.674032 0.197612
0.307574 0.287432 1.331518 0.701956 -0.117106 0.674123 0.197740
0.307958 0.287206 1.331585 0.701777 -0.116842 0.674295 0.197947
0.308376 0.287020 1.331652 0.701598 -0.116590 0.674518 0.197970
0.308823 0.286857 1.331727 0.701450 -0.116353 0.674741 0.197876
0.309293 0.286709 1.331810 0.701332 -0.116134 0.674952 0.197703
0.309782 0.286570 1.331901 0.701239 -0.115933 0.675150 0.197472
0.310284 0.286437 1.332000 0.701166 -0.115746 0.675337 0.197203
0.310795 0.286307 1.332106 0.701106 -0.115570 0.675515 0.196910
0.311313 0.286178 1.332219 0.701054 -0.115403 0.675687 0.196602
0.311835 0.286050 1.332338 0.701008 -0.115244 0.675854 0.196288
0.312358 0.285920 1.332462 0.700963 -0.115090 0.676017 0.195974
0.312881 0.285789 1.332590 0.700918 -0.114940 0.676178 0.195667
0.313403 0.285655 1.332723 0.700872 -0.114791 0.676337 0.195371
0.313923 0.285517 1.332858 0.700823 -0.114649 0.676494 0.195086
0.314440 0.285376 1.332995 0.700770 -0.114509 0.676651 0.194816
0.314953 0.285231 1.333133 0.700713 -0.114369 0.676806 0.194562
0.315461 0.285083 1.333273 0.700653 -0.114226 0.676960 0.194326
0.315964 0.284932 1.333414 0.700589 -0.114079 0.677113 0.194109
0.316462 0.284778 1.333555 0.700522 -0.113925 0.677265 0.193913
0.316954 0.284622 1.333697 0.700451 -0.113763 0.677416 0.193739
0.317440 0.284463 1.333838 0.700376 -0.113593 0.677565 0.193586
0.317919 0.284302 1.333978 0.700298 -0.113413 0.677713 0.193456
0.318392 0.284139 1.334118 0.700216 -0.113223 0.677860 0.193347
0.318859 0.283974 1.334257 0.700131 -0.113021 0.678006 0.193262
0.319319 0.283806 1.334401 0.700033 -0.112716 0.678147 0.193300
0.319772 0.283631 1.334542 0.699929 -0.112428 0.678291 0.193340
0.320218 0.283453 1.334679 0.699822 -0.112154 0.678435 0.193382
0.320658 0.283272 1.334814 0.699712 -0.111887 0.678579 0.193427
0.321091 0.283090 1.334946 0.699604 -0.111633 0.678721 0.193471
0.321517 0.282905 1.335075 0.699496 -0.111428 0.678857 0.193499
0.321936 0.282721 1.335200 0.699393 -0.111250 0.678988 0.193516
0.322348 0.282537 1.335321 0.699294 -0.111086 0.679114 0.193525
0.322752 0.282355 1.335438 0.699200 -0.110929 0.679235 0.193530
0.323149 0.282176 1.335552 0.699111 -0.110774 0.679351 0.193533
0.323538 0.282000 1.335664 0.699027 -0.110618 0.679462 0.193536
0.323922 0.281826 1.335774 0.698946 -0.110461 0.679569 0.193542
0.324298 0.281654 1.335881 0.698868 -0.110302 0.679673 0.193553
0.324668 0.281484 1.335988 0.698792 -0.110141 0.679772 0.193569
0.325031 0.281316 1.336093 0.698717 -0.109979 0.679868 0.193592
0.325388 0.281150 1.336197 0.698643 -0.109816 0.679962 0.193623
0.325739 0.280986 1.336301 0.698570 -0.109653 0.680052 0.193661
0.326127 0.280839 1.336351 0.698430 -0.109371 0.680209 0.193776
0.326547 0.280709 1.336379 0.698268 -0.109092 0.680396 0.193864
0.326993 0.280594 1.336405 0.698109 -0.108857 0.680593 0.193876
0.327460 0.280490 1.336436 0.697964 -0.108672 0.680792 0.193802
0.327942 0.280401 1.336475 0.697840 -0.108561 0.680992 0.193607
0.328437 0.280322 1.336523 0.697735 -0.108498 0.681188 0.193332
0.328942 0.280250 1.336577 0.697646 -0.108473 0.681378 0.192996
0.329454 0.280181 1.336636 0.697571 -0.108478 0.681563 0.192613
0.329971 0.280113 1.336700 0.697506 -0.108507 0.681743 0.192195
0.330490 0.280047 1.336765 0.697451 -0.108563 0.681917 0.191745
0.331009 0.279981 1.336832 0.697406 -0.108636 0.682084 0.191270
0.331527 0.279916 1.336900 0.697370 -0.108719 0.682245 0.190779
0.332040 0.279851 1.336968 0.697341 -0.108807 0.682401 0.190279
0.332550 0.279786 1.337035 0.697318 -0.108893 0.682550 0.189778
0.333054 0.279721 1.337101 0.697299 -0.108974 0.682694 0.189281
0.333553 0.279656 1.337167 0.697283 -0.109045 0.682834 0.188794
0.334044 0.279591 1.337232 0.697268 -0.109103 0.682970 0.188322
0.334530 0.279524 1.337296 0.697255 -0.109147 0.683102 0.187869
0.335008 0.279456 1.337360 0.697240 -0.109175 0.683231 0.187438
0.335478 0.279387 1.337422 0.697225 -0.109185 0.683357 0.187030
0.335942 0.279315 1.337484 0.697207 -0.109176 0.683480 0.186649
0.336398 0.279242 1.337545 0.697187 -0.109146 0.683601 0.186299
0.336847 0.279166 1.337607 0.697160 -0.109093 0.683723 0.185985
0.337289 0.279086 1.337671 0.697127 -0.109018 0.683844 0.185706
0.337724 0.279004 1.337734 0.697089 -0.108923 0.683965 0.185460
0.338152 0.278918 1.337796 0.697049 -0.108814 0.684083 0.185237
0.338573 0.278829 1.337855 0.697008 -0.108690 0.684199 0.185037
0.338986 0.278738 1.337912 0.696965 -0.108551 0.684313 0.184860
0.339393 0.278644 1.337966 0.696920 -0.108396 0.684424 0.184706
0.339792 0.278548 1.338019 0.696874 -0.108224 0.684534 0.184575
0.340184 0.278449 1.338072 0.696824 -0.108031 0.684642 0.184475
0.340570 0.278348 1.338121 0.696772 -0.107823 0.684749 0.184396
0.340948 0.278245 1.338169 0.696719 -0.107600 0.684853 0.184338
0.341320 0.278140 1.338216 0.696663 -0.107357 0.684957 0.184309
0.341685 0.278033 1.338260 0.696606 -0.107100 0.685058 0.184299
0.342043 0.277923 1.338301 0.696547 -0.106830 0.685157 0.184308
0.342395 0.277812 1.338340 0.696488 -0.106546 0.685254 0.184335
0.342740 0.277699 1.338377 0.696428 -0.106248 0.685349 0.184381
0.343079 0.277585 1.338411 0.696367 -0.105936 0.685442 0.184445
0.343412 0.277470 1.338445 0.696302 -0.105606 0.685535 0.184533
0.343787 0.277379 1.338442 0.696195 -0.105213 0.685672 0.184653
0.344195 0.277301 1.338434 0.696089 -0.104838 0.685822 0.184709
0.344627 0.277248 1.338438 0.696001 -0.104582 0.685984 0.184586
0.345081 0.277210 1.338456 0.695934 -0.104403 0.686143 0.184349
0.345550 0.277190 1.338488 0.695893 -0.104295 0.686294 0.183997
0.346030 0.277180 1.338533 0.695870 -0.104221 0.686440 0.183584
0.346521 0.277166 1.338583 0.695855 -0.104184 0.686578 0.183145
0.347020 0.277147 1.338635 0.695845 -0.104171 0.686712 0.182688
0.347523 0.277123 1.338691 0.695839 -0.104176 0.686842 0.182219
0.348032 0.277092 1.338749 0.695833 -0.104198 0.686971 0.181740
0.348543 0.277055 1.338809 0.695828 -0.104235 0.687099 0.181254
0.349058 0.277010 1.338872 0.695822 -0.104288 0.687227 0.180762
0.349575 0.276958 1.338937 0.695815 -0.104358 0.687354 0.180266
0.350093 0.276897 1.339003 0.695804 -0.104443 0.687482 0.179766
0.350613 0.276829 1.339071 0.695791 -0.104545 0.687611 0.179265
0.351132 0.276752 1.339140 0.695773 -0.104664 0.687743 0.178763
0.351649 0.276667 1.339212 0.695749 -0.104799 0.687876 0.178261
0.352164 0.276576 1.339285 0.695723 -0.104950 0.688010 0.177756
0.352676 0.276480 1.339359 0.695696 -0.105114 0.688143 0.177250
0.353184 0.276380 1.339434 0.695670 -0.105286 0.688273 0.176746
0.353687 0.276278 1.339510 0.695644 -0.105459 0.688400 0.176247
0.354185 0.276172 1.339585 0.695620 -0.105629 0.688524 0.175759
0.354676 0.276064 1.339659 0.695596 -0.105790 0.688644 0.175284
0.355162 0.275954 1.339733 0.695572 -0.105940 0.688761 0.174828
0.355641 0.275842 1.339806 0.695548 -0.106074 0.688875 0.174394
0.356113 0.275728 1.339878 0.695523 -0.106191 0.688986 0.173984
0.356577 0.275612 1.339949 0.695496 -0.106288 0.689094 0.173600
0.357035 0.275493 1.340019 0.695468 -0.106364 0.689200 0.173245
0.357485 0.275372 1.340087 0.695438 -0.106418 0.689304 0.172920
0.357929 0.275249 1.340155 0.695404 -0.106449 0.689407 0.172628
0.358365 0.275122 1.340222 0.695367 -0.106457 0.689508 0.172368
0.358794 0.274992 1.340287 0.695327 -0.106441 0.689607 0.172141
0.359215 0.274859 1.340351 0.695283 -0.106402 0.689706 0.171947
0.359630 0.274723 1.340414 0.695236 -0.106341 0.689803 0.171783
0.360038 0.274584 1.340478 0.695183 -0.106253 0.689902 0.171659
0.360440 0.274442 1.340541 0.695125 -0.106140 0.690000 0.171570
0.360835 0.274296 1.340604 0.695062 -0.106004 0.690097 0.171514
0.361224 0.274146 1.340666 0.694996 -0.105848 0.690195 0.171489
0.361607 0.273993 1.340726 0.694926 -0.105672 0.690291 0.171492
0.361983 0.273836 1.340783 0.694855 -0.105484 0.690385 0.171514
0.362402 0.273721 1.340793 0.694730 -0.105210 0.690530 0.171610
0.362855 0.273639 1.340785 0.694588 -0.104947 0.690694 0.171685
0.363333 0.273582 1.340776 0.694447 -0.104729 0.690864 0.171704
0.363828 0.273549 1.340775 0.694320 -0.104603 0.691036 0.171599
0.364336 0.273534 1.340781 0.694211 -0.104540 0.691204 0.171406
0.364852 0.273537 1.340796 0.694120 -0.104536 0.691366 0.171119
0.365373 0.273544 1.340815 0.694044 -0.104547 0.691520 0.170801
0.365899 0.273554 1.340837 0.693979 -0.104568 0.691666 0.170459
0.366426 0.273564 1.340861 0.693923 -0.104598 0.691807 0.170097
0.366954 0.273573 1.340888 0.693874 -0.104636 0.691943 0.169717
0.367483 0.273579 1.340916 0.693831 -0.104684 0.692077 0.169322
0.368011 0.273583 1.340945 0.693791 -0.104743 0.692207 0.168915
0.368539 0.273581 1.340976 0.693754 -0.104812 0.692336 0.168495
0.369066 0.273575 1.341007 0.693720 -0.104893 0.692462 0.168066
0.369592 0.273563 1.341039 0.693686 -0.104986 0.692588 0.167629
0.370117 0.273545 1.341070 0.693654 -0.105091 0.692711 0.167185
0.370641 0.273520 1.341101 0.693622 -0.105208 0.692834 0.166734
0.371164 0.273489 1.341132 0.693593 -0.105339 0.692954 0.166276
0.371685 0.273453 1.341163 0.693568 -0.105481 0.693069 0.165811
0.372203 0.273412 1.341193 0.693547 -0.105631 0.693179 0.165342
0.372716 0.273367 1.341223 0.693530 -0.105784 0.693284 0.164874
0.373224 0.273318 1.341252 0.693516 -0.105935 0.693384 0.164412
0.373727 0.273267 1.341280 0.693506 -0.106079 0.693480 0.163958
0.374223 0.273212 1.341306 0.693499 -0.106212 0.693570 0.163519
0.374713 0.273153 1.341332 0.693493 -0.106332 0.693657 0.163096
0.375196 0.273092 1.341356 0.693488 -0.106435 0.693741 0.162694
0.375671 0.273027 1.341379 0.693483 -0.106521 0.693822 0.162315
0.376139 0.272959 1.341402 0.693478 -0.106586 0.693900 0.161960
0.376600 0.272888 1.341422 0.693471 -0.106631 0.693976 0.161632
0.377053 0.272814 1.341443 0.693463 -0.106654 0.694050 0.161334
0.377498 0.272735 1.341462 0.693453 -0.106654 0.694123 0.161064
0.377937 0.272653 1.341481 0.693440 -0.106631 0.694195 0.160825
0.378368 0.272568 1.341498 0.693424 -0.106586 0.694265 0.160616
0.378792 0.272478 1.341515 0.693406 -0.106519 0.694336 0.160436
0.379208 0.272385 1.341532 0.693385 -0.106431 0.694405 0.160285
0.379618 0.272288 1.341547 0.693362 -0.106321 0.694474 0.160161
0.380021 0.272187 1.341561 0.693336 -0.106192 0.694542 0.160065
0.380417 0.272083 1.341577 0.693304 -0.106038 0.694611 0.160003
0.380806 0.271974 1.341592 0.693268 -0.105861 0.694680 0.159973
0.381190 0.271863 1.341608 0.693229 -0.105663 0.694751 0.159972
0.381615 0.271789 1.341580 0.693131 -0.105360 0.694877 0.160044
0.382074 0.271745 1.341538 0.692998 -0.105064 0.695039 0.160115
0.382558 0.271724 1.341499 0.692850 -0.104824 0.695217 0.160139
0.383059 0.271723 1.341471 0.692697 -0.104700 0.695408 0.160049
0.383573 0.271736 1.341453 0.692553 -0.104649 0.695599 0.159878
0.384093 0.271758 1.341444 0.692420 -0.104646 0.695785 0.159646
0.384619 0.271786 1.341440 0.692300 -0.104676 0.695964 0.159367
0.385147 0.271817 1.341441 0.692192 -0.104728 0.696136 0.159050
0.385676 0.271849 1.341446 0.692095 -0.104797 0.696301 0.158703
0.386205 0.271879 1.341452 0.692008 -0.104872 0.696459 0.158338
0.386733 0.271906 1.341459 0.691929 -0.104953 0.696612 0.157959
0.387260 0.271929 1.341468 0.691855 -0.105040 0.696760 0.157570
0.387786 0.271947 1.341477 0.691786 -0.105134 0.696905 0.157171
0.388311 0.271960 1.341487 0.691719 -0.105237 0.697048 0.156765
0.388834 0.271965 1.341498 0.691654 -0.105348 0.697188 0.156351
0.389355 0.271964 1.341510 0.691589 -0.105470 0.697328 0.155933
0.389872 0.271956 1.341522 0.691522 -0.105602 0.697468 0.155510
0.390384 0.271942 1.341536 0.691455 -0.105744 0.697609 0.155082
0.390892 0.271922 1.341550 0.691388 -0.105898 0.697748 0.154650
0.391394 0.271898 1.341565 0.691324 -0.106059 0.697884 0.154212
0.391891 0.271872 1.341581 0.691263 -0.106223 0.698016 0.153774
0.392381 0.271843 1.341596 0.691206 -0.106384 0.698143 0.153339
0.392864 0.271812 1.341610 0.691153 -0.106537 0.698266 0.152911
0.393340 0.271780 1.341624 0.691104 -0.106679 0.698384 0.152494
0.393809 0.271746 1.341637 0.691058 -0.106806 0.698498 0.152092
0.394269 0.271710 1.341648 0.691015 -0.106914 0.698608 0.151708
0.394722 0.271672 1.341659 0.690973 -0.107002 0.698714 0.151344
0.395167 0.271632 1.341669 0.690933 -0.107068 0.698818 0.151004
0.395604 0.271590 1.341678 0.690893 -0.107109 0.698918 0.150691
0.396034 0.271545 1.341686 0.690853 -0.107126 0.699017 0.150403
0.396455 0.271497 1.341694 0.690813 -0.107119 0.699114 0.150143
0.396869 0.271447 1.341701 0.690771 -0.107088 0.699209 0.149910
0.397276 0.271394 1.341707 0.690729 -0.107033 0.699303 0.149705
0.397675 0.271337 1.341712 0.690686 -0.106955 0.699396 0.149527
0.398067 0.271278 1.341717 0.690642 -0.106854 0.699487 0.149375
0.398452 0.271215 1.341720 0.690597 -0.106732 0.699578 0.149250
0.398830 0.271149 1.341724 0.690550 -0.106587 0.699667 0.149150
0.399201 0.271080 1.341726 0.690502 -0.106423 0.699755 0.149075
0.399566 0.271008 1.341728 0.690453 -0.106238 0.699843 0.149023
0.399924 0.270933 1.341731 0.690400 -0.106029 0.699931 0.149003
0.400331 0.270897 1.341693 0.690297 -0.105656 0.700075 0.149069
0.400773 0.270888 1.341643 0.690170 -0.105313 0.700245 0.149101
0.401242 0.270913 1.341605 0.690032 -0.105138 0.700439 0.148952
0.401730 0.270954 1.341578 0.689898 -0.105035 0.700634 0.148732
0.402230 0.271006 1.341560 0.689772 -0.104983 0.700823 0.148458
0.402738 0.271062 1.341551 0.689657 -0.104965 0.701006 0.148141
0.403252 0.271121 1.341549 0.689552 -0.104972 0.701183 0.147790
0.403769 0.271179 1.341553 0.689456 -0.104999 0.701353 0.147412
0.404288 0.271235 1.341562 0.689367 -0.105041 0.701517 0.147012
0.404807 0.271287 1.341575 0.689285 -0.105098 0.701677 0.146595
0.405327 0.271333 1.341589 0.689210 -0.105157 0.701830 0.146173
0.405846 0.271371 1.341605 0.689140 -0.105219 0.701978 0.145748
0.406364 0.271401 1.341623 0.689072 -0.105285 0.702123 0.145322
0.406882 0.271423 1.341642 0.689004 -0.105359 0.702266 0.144896
0.407399 0.271436 1.341662 0.688939 -0.105444 0.702406 0.144466
0.407916 0.271442 1.341684 0.688877 -0.105539 0.702541 0.144035
0.408432 0.271441 1.341706 0.688819 -0.105643 0.702671 0.143603
0.408948 0.271432 1.341729 0.688766 -0.105751 0.702794 0.143173
0.409462 0.271416 1.341752 0.688719 -0.105860 0.702910 0.142750
0.409975 0.271392 1.341774 0.688675 -0.105967 0.703020 0.142336
0.410486 0.271361 1.341796 0.688636 -0.106069 0.703125 0.141935
0.410993 0.271322 1.341818 0.688598 -0.106163 0.703225 0.141551
0.411496 0.271275 1.341840 0.688561 -0.106247 0.703322 0.141186
0.411994 0.271220 1.341861 0.688525 -0.106319 0.703415 0.140841
0.412487 0.271158 1.341882 0.688489 -0.106378 0.703506 0.140520
0.412974 0.271089 1.341903 0.688452 -0.106422 0.703595 0.140222
0.413455 0.271013 1.341924 0.688413 -0.106450 0.703683 0.139949
0.413930 0.270930 1.341945 0.688373 -0.106462 0.703770 0.139703
0.414399 0.270841 1.341965 0.688331 -0.106456 0.703855 0.139482
0.414862 0.270746 1.341985 0.688287 -0.106432 0.703940 0.139288
0.415318 0.270645 1.342005 0.688241 -0.106390 0.704024 0.139121
0.415768 0.270538 1.342024 0.688193 -0.106330 0.704108 0.138980
0.416212 0.270425 1.342043 0.688143 -0.106252 0.704192 0.138865
0.416649 0.270308 1.342061 0.688091 -0.106155 0.704275 0.138775
0.417079 0.270185 1.342080 0.688037 -0.106040 0.704358 0.138711
0.417504 0.270057 1.342097 0.687981 -0.105907 0.704440 0.138671
0.417921 0.269925 1.342114 0.687924 -0.105757 0.704522 0.138656
0.418333 0.269789 1.342131 0.687865 -0.105588 0.704603 0.138663
0.418738 0.269648 1.342147 0.687804 -0.105403 0.704684 0.138693
0.419137 0.269503 1.342164 0.687739 -0.105196 0.704767 0.138752
0.419579 0.269388 1.342137 0.687613 -0.104826 0.704918 0.138893
0.420056 0.269309 1.342111 0.687433 -0.104619 0.705129 0.138865
0.420560 0.269261 1.342095 0.687242 -0.104520 0.705357 0.138728
0.421079 0.269233 1.342086 0.687058 -0.104483 0.705582 0.138525
0.421608 0.269219 1.342081 0.686883 -0.104484 0.705801 0.138274
0.422145 0.269216 1.342080 0.686719 -0.104508 0.706014 0.137986
0.422686 0.269221 1.342082 0.686565 -0.104546 0.706220 0.137668
0.423230 0.269233 1.342086 0.686419 -0.104594 0.706421 0.137327
0.423775 0.269249 1.342093 0.686281 -0.104651 0.706617 0.136967
0.424320 0.269266 1.342102 0.686152 -0.104712 0.706805 0.136594
0.424863 0.269283 1.342113 0.686035 -0.104771 0.706983 0.136216
0.425404 0.269298 1.342125 0.685928 -0.104826 0.707151 0.135838
0.425943 0.269310 1.342139 0.685830 -0.104874 0.707311 0.135464
0.426480 0.269318 1.342153 0.685740 -0.104912 0.707461 0.135099
0.427013 0.269321 1.342168 0.685657 -0.104939 0.707605 0.134746
0.427542 0.269318 1.342184 0.685579 -0.104955 0.707743 0.134407
0.428066 0.269309 1.342201 0.685504 -0.104958 0.707877 0.134085
0.428584 0.269294 1.342219 0.685429 -0.104954 0.708009 0.133775
0.429096 0.269274 1.342239 0.685355 -0.104943 0.708138 0.133479
0.429603 0.269249 1.342259 0.685281 -0.104922 0.708265 0.133197
0.430102 0.269218 1.342281 0.685209 -0.104892 0.708390 0.132930
0.430595 0.269184 1.342302 0.685137 -0.104850 0.708513 0.132679
0.431081 0.269144 1.342324 0.685065 -0.104795 0.708634 0.132445
0.431559 0.269101 1.342347 0.684994 -0.104726 0.708753 0.132229
0.432030 0.269053 1.342369 0.684923 -0.104643 0.708871 0.132031
0.432494 0.269002 1.342391 0.684853 -0.104545 0.708987 0.131852
0.432951 0.268948 1.342413 0.684783 -0.104432 0.709101 0.131691
0.433400 0.268889 1.342434 0.684713 -0.104302 0.709213 0.131550
0.433841 0.268828 1.342455 0.684644 -0.104156 0.709324 0.131428
0.434276 0.268763 1.342475 0.684575 -0.103993 0.709434 0.131324
0.434702 0.268695 1.342495 0.684507 -0.103814 0.709541 0.131240
0.435122 0.268625 1.342514 0.684439 -0.103618 0.709648 0.131174
0.435535 0.268551 1.342535 0.684368 -0.103402 0.709755 0.131134
0.435941 0.268474 1.342555 0.684296 -0.103164 0.709862 0.131118
0.436339 0.268394 1.342574 0.684226 -0.102913 0.709967 0.131117
0.436730 0.268312 1.342592 0.684157 -0.102648 0.710069 0.131131
0.437115 0.268227 1.342608 0.684090 -0.102370 0.710168 0.131159
0.437492 0.268139 1.342623 0.684024 -0.102078 0.710266 0.131202
0.437862 0.268050 1.342636 0.683960 -0.101772 0.710361 0.131260
0.438226 0.267959 1.342649 0.683897 -0.101452 0.710454 0.131332
0.438630 0.267883 1.342607 0.683786 -0.101015 0.710602 0.131444
0.439072 0.267837 1.342560 0.683620 -0.100750 0.710810 0.131385
0.439538 0.267810 1.342512 0.683451 -0.100543 0.711022 0.131277
0.440021 0.267795 1.342464 0.683286 -0.100371 0.711230 0.131140
0.440515 0.267787 1.342418 0.683128 -0.100219 0.711432 0.130986
0.441017 0.267783 1.342374 0.682979 -0.100077 0.711625 0.130824
0.441524 0.267781 1.342330 0.682838 -0.099936 0.711809 0.130659
0.442036 0.267780 1.342286 0.682707 -0.099792 0.711986 0.130495
0.442549 0.267778 1.342241 0.682588 -0.099657 0.712151 0.130321
0.443063 0.267777 1.342193 0.682481 -0.099522 0.712305 0.130141
0.443578 0.267775 1.342142 0.682385 -0.099383 0.712449 0.129961
0.444093 0.267773 1.342088 0.682301 -0.099236 0.712583 0.129784
0.444607 0.267771 1.342030 0.682226 -0.099078 0.712707 0.129613
0.445121 0.267769 1.341969 0.682161 -0.098908 0.712823 0.129449
0.445634 0.267763 1.341907 0.682103 -0.098729 0.712932 0.129294
0.446144 0.267754 1.341843 0.682052 -0.098541 0.713032 0.129150
0.446652 0.267738 1.341780 0.682008 -0.098345 0.713126 0.129016
0.447158 0.267715 1.341715 0.681970 -0.098142 0.713212 0.128895
0.447660 0.267685 1.341651 0.681936 -0.097932 0.713292 0.128787
0.448159 0.267646 1.341588 0.681907 -0.097714 0.713367 0.128693
0.448653 0.267600 1.341524 0.681880 -0.097489 0.713438 0.128614
0.449141 0.267545 1.341462 0.681855 -0.097255 0.713506 0.128551
0.449624 0.267483 1.341400 0.681831 -0.097013 0.713570 0.128504
0.450101 0.267413 1.341339 0.681807 -0.096765 0.713632 0.128468
0.450571 0.267337 1.341278 0.681785 -0.096511 0.713692 0.128446
0.451036 0.267255 1.341218 0.681764 -0.096250 0.713749 0.128437
0.451493 0.267167 1.341158 0.681743 -0.095979 0.713805 0.128442
0.451944 0.267074 1.341099 0.681723 -0.095699 0.713858 0.128462
0.452389 0.266976 1.341039 0.681703 -0.095408 0.713910 0.128496
0.452826 0.266873 1.340981 0.681683 -0.095107 0.713960 0.128545
0.453257 0.266765 1.340922 0.681664 -0.094794 0.714008 0.128610
0.453681 0.266654 1.340863 0.681644 -0.094470 0.714056 0.128688
0.454098 0.266538 1.340805 0.681625 -0.094135 0.714102 0.128782
0.454509 0.266420 1.340748 0.681605 -0.093789 0.714147 0.128889
0.454913 0.266298 1.340691 0.681582 -0.093441 0.714194 0.129003
0.455312 0.266175 1.340636 0.681558 -0.093091 0.714242 0.129121
0.455704 0.266049 1.340582 0.681533 -0.092737 0.714288 0.129245
0.456089 0.265923 1.340528 0.681510 -0.092378 0.714334 0.129376
0.456467 0.265795 1.340475 0.681488 -0.092011 0.714376 0.129514
0.456838 0.265665 1.340420 0.681472 -0.091623 0.714413 0.129671
0.457253 0.265561 1.340334 0.681358 -0.091362 0.714562 0.129636
0.457694 0.265478 1.340233 0.681234 -0.091140 0.714724 0.129553
0.458152 0.265409 1.340123 0.681115 -0.090941 0.714882 0.129447
0.458620 0.265348 1.340008 0.681004 -0.090756 0.715033 0.129327
0.459095 0.265291 1.339890 0.680901 -0.090577 0.715176 0.129200
0.459575 0.265237 1.339769 0.680807 -0.090400 0.715310 0.129074
0.460058 0.265183 1.339646 0.680722 -0.090219 0.715437 0.128950
0.460544 0.265129 1.339522 0.680645 -0.090032 0.715555 0.128832
0.461030 0.265073 1.339396 0.680576 -0.089838 0.715665 0.128720
0.461518 0.265016 1.339268 0.680515 -0.089635 0.715768 0.128615
0.462006 0.264958 1.339139 0.680461 -0.089421 0.715862 0.128519
0.462494 0.264898 1.339008 0.680415 -0.089198 0.715950 0.128432
0.462982 0.264836 1.338875 0.680375 -0.088963 0.716031 0.128355
0.463470 0.264773 1.338740 0.680342 -0.088717 0.716105 0.128287
0.463958 0.264708 1.338604 0.680315 -0.088460 0.716173 0.128229
0.464443 0.264642 1.338467 0.680293 -0.088191 0.716236 0.128181
0.464926 0.264575 1.338328 0.680274 -0.087910 0.716295 0.128144
0.465406 0.264508 1.338189 0.680258 -0.087616 0.716351 0.128117
0.465882 0.264441 1.338048 0.680245 -0.087309 0.716403 0.128101
0.466352 0.264373 1.337909 0.680234 -0.086992 0.716454 0.128096
0.466816 0.264303 1.337772 0.680224 -0.086665 0.716502 0.128100
0.467274 0.264231 1.337636 0.680216 -0.086330 0.716547 0.128115
0.467724 0.264156 1.337502 0.680210 -0.085985 0.716590 0.128141
0.468167 0.264079 1.337370 0.680205 -0.085634 0.716631 0.128173
0.468603 0.263999 1.337240 0.680202 -0.085276 0.716669 0.128214
0.469031 0.263918 1.337111 0.680202 -0.084909 0.716704 0.128264
0.469451 0.263835 1.336984 0.680203 -0.084533 0.716736 0.128322
0.469864 0.263750 1.336858 0.680207 -0.084148 0.716766 0.128389
0.470269 0.263664 1.336734 0.680213 -0.083752 0.716794 0.128465
0.470666 0.263576 1.336611 0.680220 -0.083347 0.716819 0.128551
0.471056 0.263487 1.336489 0.680228 -0.082931 0.716842 0.128646
0.471438 0.263397 1.336368 0.680238 -0.082505 0.716863 0.128751
0.471813 0.263306 1.336249 0.680249 -0.082069 0.716882 0.128865
0.472181 0.263214 1.336130 0.680261 -0.081622 0.716900 0.128988
0.472541 0.263122 1.336013 0.680274 -0.081165 0.716915 0.129120
0.472895 0.263029 1.335897 0.680288 -0.080698 0.716930 0.129261
0.473241 0.262935 1.335782 0.680302 -0.080220 0.716943 0.129411
0.473581 0.262840 1.335668 0.680317 -0.079733 0.716954 0.129569
0.473913 0.262746 1.335556 0.680332 -0.079237 0.716964 0.129736
0.474239 0.262651 1.335444 0.680348 -0.078731 0.716973 0.129911
0.474610 0.262576 1.335304 0.680284 -0.078322 0.717075 0.129933
0.475008 0.262516 1.335153 0.680203 -0.077964 0.717198 0.129895
0.475425 0.262465 1.334997 0.680124 -0.077638 0.717320 0.129829
0.475854 0.262418 1.334838 0.680050 -0.077337 0.717438 0.129747
0.476291 0.262371 1.334679 0.679982 -0.077050 0.717550 0.129656
0.476736 0.262324 1.334520 0.679919 -0.076773 0.717656 0.129562
0.477185 0.262273 1.334361 0.679862 -0.076499 0.717755 0.129471
0.477639 0.262220 1.334202 0.679811 -0.076224 0.717849 0.129384
0.478095 0.262163 1.334045 0.679766 -0.075946 0.717936 0.129303
0.478553 0.262102 1.333887 0.679726 -0.075664 0.718016 0.129230
0.479013 0.262038 1.333729 0.679691 -0.075376 0.718091 0.129165
0.479475 0.261970 1.333572 0.679661 -0.075081 0.718161 0.129108
0.479938 0.261898 1.333415 0.679636 -0.074779 0.718224 0.129062
0.480401 0.261823 1.333257 0.679615 -0.074468 0.718283 0.129024
0.480866 0.261745 1.333099 0.679599 -0.074150 0.718337 0.128996
0.481332 0.261664 1.332941 0.679586 -0.073822 0.718386 0.128978
0.481798 0.261580 1.332783 0.679577 -0.073486 0.718430 0.128969
0.482264 0.261494 1.332624 0.679572 -0.073141 0.718470 0.128970
0.482731 0.261404 1.332465 0.679570 -0.072788 0.718506 0.128981
0.483198 0.261313 1.332306 0.679571 -0.072425 0.718538 0.129001
0.483663 0.261219 1.332148 0.679573 -0.072055 0.718568 0.129028
0.484127 0.261125 1.331989 0.679577 -0.071677 0.718596 0.129063
0.484587 0.261030 1.331831 0.679583 -0.071289 0.718622 0.129106
0.485044 0.260936 1.331674 0.679589 -0.070890 0.718646 0.129157
0.485496 0.260842 1.331517 0.679595 -0.070480 0.718670 0.129217
0.485944 0.260749 1.331363 0.679601 -0.070062 0.718692 0.129286
0.486385 0.260653 1.331211 0.679607 -0.069636 0.718714 0.129363
0.486821 0.260557 1.331062 0.679613 -0.069203 0.718735 0.129449
0.487249 0.260458 1.330916 0.679619 -0.068764 0.718755 0.129543
0.487670 0.260357 1.330773 0.679625 -0.068318 0.718773 0.129645
0.488084 0.260255 1.330632 0.679632 -0.067865 0.718789 0.129755
0.488492 0.260152 1.330494 0.679639 -0.067404 0.718804 0.129874
0.488891 0.260047 1.330359 0.679647 -0.066935 0.718818 0.130000
0.489284 0.259940 1.330225 0.679656 -0.066457 0.718830 0.130135
0.489670 0.259833 1.330094 0.679664 -0.065971 0.718840 0.130279
0.490048 0.259724 1.329965 0.679673 -0.065477 0.718850 0.130431
0.490420 0.259614 1.329838 0.679683 -0.064973 0.718857 0.130591
0.490784 0.259504 1.329713 0.679692 -0.064461 0.718864 0.130759
0.491142 0.259393 1.329590 0.679702 -0.063940 0.718869 0.130935
0.491493 0.259282 1.329470 0.679711 -0.063413 0.718874 0.131119
0.491876 0.259185 1.329316 0.679665 -0.062912 0.718940 0.131239
0.492278 0.259098 1.329143 0.679607 -0.062418 0.719016 0.131356
0.492692 0.259015 1.328959 0.679539 -0.061934 0.719100 0.131478
0.493116 0.258931 1.328768 0.679462 -0.061457 0.719190 0.131606
0.493546 0.258843 1.328573 0.679380 -0.060984 0.719282 0.131744
0.493981 0.258751 1.328376 0.679296 -0.060513 0.719375 0.131891
0.494419 0.258653 1.328178 0.679211 -0.060042 0.719466 0.132047
0.494860 0.258550 1.327979 0.679128 -0.059570 0.719553 0.132211
0.495303 0.258441 1.327779 0.679049 -0.059097 0.719635 0.132383
0.495747 0.258328 1.327579 0.678975 -0.058621 0.719711 0.132561
0.496192 0.258209 1.327379 0.678907 -0.058142 0.719780 0.132745
0.496638 0.258086 1.327178 0.678845 -0.057660 0.719843 0.132934
0.497085 0.257959 1.326977 0.678790 -0.057175 0.719898 0.133127
0.497533 0.257828 1.326775 0.678742 -0.056686 0.719945 0.133324
0.497981 0.257694 1.326573 0.678700 -0.056193 0.719986 0.133524
0.498429 0.257557 1.326370 0.678666 -0.055696 0.720019 0.133728
0.498877 0.257418 1.326167 0.678638 -0.055195 0.720045 0.133934
0.499326 0.257276 1.325964 0.678616 -0.054693 0.720066 0.134143
0.499774 0.257132 1.325762 0.678598 -0.054196 0.720081 0.134349
0.500221 0.256988 1.325562 0.678584 -0.053709 0.720094 0.134553
0.500666 0.256844 1.325364 0.678571 -0.053234 0.720104 0.134752
0.501109 0.256701 1.325168 0.678561 -0.052770 0.720111 0.134944
0.501550 0.256561 1.324974 0.678553 -0.052318 0.720117 0.135130
0.501987 0.256423 1.324782 0.678546 -0.051876 0.720122 0.135310
0.502421 0.256290 1.324593 0.678540 -0.051444 0.720126 0.135482
0.502851 0.256162 1.324405 0.678535 -0.051020 0.720129 0.135648
0.503277 0.256039 1.324220 0.678532 -0.050605 0.720132 0.135806
0.503699 0.255922 1.324037 0.678529 -0.050196 0.720135 0.135957
0.504116 0.255812 1.323856 0.678527 -0.049795 0.720138 0.136100
0.504528 0.255707 1.323679 0.678526 -0.049401 0.720141 0.136235
0.504935 0.255608 1.323505 0.678524 -0.049018 0.720144 0.136363
0.505334 0.255512 1.323335 0.678522 -0.048646 0.720148 0.136485
0.505727 0.255421 1.323171 0.678520 -0.048284 0.720152 0.136601
0.506114 0.255332 1.323010 0.678519 -0.047933 0.720156 0.136710
0.506493 0.255247 1.322853 0.678518 -0.047591 0.720160 0.136813
0.506865 0.255164 1.322701 0.678518 -0.047259 0.720163 0.136910
0.507231 0.255085 1.322552 0.678519 -0.046936 0.720166 0.137002
0.507589 0.255008 1.322406 0.678521 -0.046622 0.720169 0.137088
0.507940 0.254934 1.322264 0.678524 -0.046316 0.720170 0.137170
0.508285 0.254864 1.322125 0.678527 -0.046017 0.720171 0.137245
0.508652 0.254797 1.321947 0.678496 -0.045660 0.720216 0.137282
0.509033 0.254734 1.321746 0.678461 -0.045258 0.720265 0.137336
0.509424 0.254671 1.321534 0.678419 -0.044845 0.720318 0.137403
0.509823 0.254603 1.321317 0.678370 -0.044434 0.720375 0.137479
0.510228 0.254531 1.321097 0.678314 -0.044032 0.720436 0.137563
0.510638 0.254453 1.320879 0.678254 -0.043647 0.720500 0.137648
0.511053 0.254369 1.320661 0.678191 -0.043280 0.720565 0.137734
0.511472 0.254280 1.320445 0.678128 -0.042932 0.720628 0.137819
0.511894 0.254185 1.320231 0.678067 -0.042601 0.720689 0.137902
0.512319 0.254085 1.320019 0.678010 -0.042286 0.720746 0.137983
0.512747 0.253981 1.319808 0.677958 -0.041986 0.720798 0.138061
0.513176 0.253872 1.319599 0.677911 -0.041701 0.720844 0.138137
0.513607 0.253759 1.319392 0.677868 -0.041428 0.720886 0.138210
0.514037 0.253643 1.319187 0.677830 -0.041167 0.720923 0.138280
0.514467 0.253526 1.318985 0.677795 -0.040916 0.720957 0.138348
0.514895 0.253407 1.318784 0.677764 -0.040675 0.720988 0.138412
0.515321 0.253288 1.318586 0.677737 -0.040442 0.721015 0.138472
0.515745 0.253171 1.318390 0.677712 -0.040217 0.721040 0.138529
0.516166 0.253055 1.318196 0.677690 -0.039998 0.721063 0.138581
0.516584 0.252942 1.318003 0.677671 -0.039785 0.721084 0.138628
0.516998 0.252833 1.317813 0.677654 -0.039577 0.721103 0.138670
0.517409 0.252728 1.317625 0.677639 -0.039372 0.721121 0.138708
0.517815 0.252628 1.317440 0.677626 -0.039171 0.721138 0.138740
0.518217 0.252535 1.317256 0.677614 -0.038972 0.721154 0.138767
0.518615 0.252447 1.317075 0.677604 -0.038775 0.721170 0.138788
0.519008 0.252366 1.316895 0.677596 -0.038578 0.721186 0.138805
0.519397 0.252293 1.316718 0.677588 -0.038381 0.721201 0.138818
0.519780 0.252228 1.316543 0.677582 -0.038183 0.721216 0.138824
0.520159 0.252171 1.316370 0.677576 -0.037986 0.721232 0.138824
0.520532 0.252122 1.316200 0.677572 -0.037789 0.721248 0.138817
0.520900 0.252082 1.316032 0.677568 -0.037594 0.721264 0.138804
0.521261 0.252048 1.315869 0.677563 -0.037404 0.721282 0.138783
0.521615 0.252020 1.315710 0.677559 -0.037220 0.721301 0.138757
0.521962 0.251997 1.315555 0.677555 -0.037041 0.721320 0.138725
0.522303 0.251978 1.315404 0.677552 -0.036867 0.721339 0.138689
0.522636 0.251964 1.315257 0.677550 -0.036698 0.721358 0.138648
0.522962 0.251954 1.315114 0.677548 -0.036533 0.721376 0.138602
0.523280 0.251948 1.314974 0.677549 -0.036374 0.721393 0.138551
0.523592 0.251946 1.314838 0.677550 -0.036218 0.721410 0.138496
0.523897 0.251947 1.314704 0.677553 -0.036067 0.721426 0.138437
0.524226 0.251954 1.314525 0.677546 -0.035868 0.721460 0.138352
0.524569 0.251962 1.314321 0.677546 -0.035637 0.721486 0.138274
0.524920 0.251967 1.314103 0.677545 -0.035400 0.721512 0.138203
0.525278 0.251965 1.313877 0.677542 -0.035172 0.721539 0.138135
0.525640 0.251956 1.313646 0.677536 -0.034958 0.721568 0.138069
0.526004 0.251940 1.313414 0.677529 -0.034760 0.721597 0.138002
0.526369 0.251918 1.313180 0.677523 -0.034579 0.721624 0.137935
0.526734 0.251891 1.312946 0.677519 -0.034413 0.721648 0.137866
0.527099 0.251859 1.312712 0.677520 -0.034260 0.721668 0.137794
0.527462 0.251824 1.312478 0.677527 -0.034120 0.721683 0.137720
0.527822 0.251787 1.312244 0.677539 -0.033989 0.721692 0.137642
0.528180 0.251749 1.312010 0.677558 -0.033867 0.721696 0.137560
0.528536 0.251712 1.311777 0.677583 -0.033751 0.721694 0.137475
0.528888 0.251675 1.311544 0.677615 -0.033640 0.721687 0.137386
0.529236 0.251641 1.311311 0.677652 -0.033534 0.721674 0.137293
0.529581 0.251609 1.311079 0.677695 -0.033431 0.721657 0.137195
0.529921 0.251581 1.310848 0.677743 -0.033330 0.721636 0.137093
0.530258 0.251557 1.310619 0.677795 -0.033231 0.721612 0.136987
0.530589 0.251535 1.310393 0.677850 -0.033138 0.721585 0.136877
0.530915 0.251516 1.310170 0.677908 -0.033051 0.721557 0.136764
0.531234 0.251497 1.309951 0.677968 -0.032971 0.721526 0.136648
0.531548 0.251480 1.309736 0.678030 -0.032896 0.721493 0.136529
0.531856 0.251464 1.309525 0.678094 -0.032827 0.721459 0.136408
0.532157 0.251449 1.309318 0.678161 -0.032764 0.721423 0.136285
0.532453 0.251436 1.309114 0.678229 -0.032705 0.721385 0.136160
0.532742 0.251423 1.308914 0.678299 -0.032650 0.721346 0.136033
0.533026 0.251412 1.308718 0.678370 -0.032598 0.721305 0.135906
0.533303 0.251402 1.308525 0.678443 -0.032550 0.721263 0.135777
0.533575 0.251394 1.308335 0.678517 -0.032505 0.721220 0.135647
0.533842 0.251387 1.308148 0.678591 -0.032461 0.721176 0.135517
0.534102 0.251381 1.307964 0.678667 -0.032421 0.721132 0.135386
0.534357 0.251375 1.307784 0.678743 -0.032378 0.721086 0.135258
0.534607 0.251371 1.307606 0.678819 -0.032335 0.721040 0.135133
0.534851 0.251368 1.307431 0.678895 -0.032291 0.720993 0.135010
0.535091 0.251365 1.307259 0.678971 -0.032247 0.720947 0.134889
0.535325 0.251363 1.307090 0.679045 -0.032203 0.720901 0.134769
0.535555 0.251363 1.306924 0.679119 -0.032162 0.720856 0.134647
0.535780 0.251364 1.306762 0.679191 -0.032125 0.720813 0.134523
0.536000 0.251367 1.306603 0.679263 -0.032092 0.720770 0.134398
0.536216 0.251372 1.306446 0.679334 -0.032062 0.720728 0.134271
0.536456 0.251404 1.306227 0.679416 -0.031937 0.720681 0.134140
0.536714 0.251452 1.305975 0.679500 -0.031762 0.720632 0.134017
0.536982 0.251505 1.305705 0.679576 -0.031566 0.720590 0.133902
0.537256 0.251560 1.305426 0.679642 -0.031367 0.720557 0.133795
0.537534 0.251612 1.305143 0.679698 -0.031173 0.720531 0.133693
0.537814 0.251662 1.304859 0.679749 -0.030989 0.720509 0.133595
0.538095 0.251708 1.304577 0.679796 -0.030815 0.720490 0.133498
0.538374 0.251750 1.304298 0.679842 -0.030657 0.720471 0.133403
0.538651 0.251786 1.304022 0.679890 -0.030514 0.720450 0.133307
0.538924 0.251817 1.303751 0.679941 -0.030386 0.720425 0.133211
0.539194 0.251842 1.303484 0.679997 -0.030273 0.720395 0.133112
0.539459 0.251862 1.303220 0.680059 -0.030174 0.720359 0.133012
0.539720 0.251877 1.302960 0.680129 -0.030088 0.720316 0.132909
0.539977 0.251888 1.302703 0.680206 -0.030014 0.720266 0.132804
0.540229 0.251896 1.302450 0.680289 -0.029950 0.720209 0.132695
0.540477 0.251900 1.302199 0.680380 -0.029897 0.720147 0.132583
0.540720 0.251901 1.301952 0.680477 -0.029852 0.720078 0.132469
0.540959 0.251899 1.301707 0.680579 -0.029816 0.720004 0.132352
0.541193 0.251895 1.301465 0.680686 -0.029787 0.719926 0.132233
0.541422 0.251889 1.301226 0.680798 -0.029765 0.719843 0.132112
0.541647 0.251882 1.300990 0.680913 -0.029749 0.719758 0.131990
0.541868 0.251873 1.300757 0.681031 -0.029738 0.719669 0.131866
0.542085 0.251863 1.300527 0.681151 -0.029732 0.719578 0.131742
0.542297 0.251851 1.300300 0.681273 -0.029730 0.719486 0.131617
0.542505 0.251839 1.300077 0.681396 -0.029731 0.719392 0.131492
0.542709 0.251826 1.299856 0.681520 -0.029735 0.719298 0.131368
0.542910 0.251813 1.299639 0.681643 -0.029741 0.719203 0.131244
0.543106 0.251799 1.299425 0.681767 -0.029749 0.719108 0.131120
0.543299 0.251785 1.299214 0.681890 -0.029759 0.719013 0.130998
0.543488 0.251770 1.299007 0.682013 -0.029771 0.718918 0.130877
0.543673 0.251755 1.298803 0.682134 -0.029783 0.718825 0.130757
0.543855 0.251741 1.298602 0.682254 -0.029796 0.718732 0.130639
0.544033 0.251726 1.298405 0.682373 -0.029809 0.718640 0.130522
0.544208 0.251711 1.298211 0.682490 -0.029823 0.718549 0.130407
0.544380 0.251696 1.298020 0.682605 -0.029837 0.718459 0.130294
0.544548 0.251682 1.297833 0.682719 -0.029850 0.718371 0.130183
0.544713 0.251667 1.297649 0.682831 -0.029864 0.718284 0.130074
0.544875 0.251653 1.297468 0.682940 -0.029876 0.718198 0.129967
0.545034 0.251639 1.297290 0.683048 -0.029889 0.718114 0.129862
0.545190 0.251625 1.297116 0.683154 -0.029901 0.718032 0.129759
0.545368 0.251645 1.296883 0.683266 -0.029841 0.717950 0.129637
0.545561 0.251688 1.296616 0.683372 -0.029752 0.717875 0.129510
0.545761 0.251740 1.296333 0.683462 -0.029655 0.717815 0.129386
0.545965 0.251796 1.296042 0.683536 -0.029561 0.717770 0.129268
0.546170 0.251850 1.295751 0.683595 -0.029476 0.717738 0.129155
0.546375 0.251901 1.295460 0.683645 -0.029406 0.717713 0.129046
0.546577 0.251948 1.295173 0.683690 -0.029349 0.717692 0.128938
0.546776 0.251992 1.294888 0.683734 -0.029307 0.717671 0.128831
0.546972 0.252031 1.294608 0.683780 -0.029278 0.717647 0.128723
0.547164 0.252066 1.294330 0.683832 -0.029261 0.717618 0.128614
0.547352 0.252098 1.294056 0.683891 -0.029255 0.717583 0.128502
0.547536 0.252127 1.293784 0.683957 -0.029259 0.717540 0.128387
0.547715 0.252154 1.293515 0.684032 -0.029272 0.717489 0.128268
0.547891 0.252178 1.293249 0.684116 -0.029293 0.717431 0.128145
0.548062 0.252200 1.292986 0.684207 -0.029322 0.717365 0.128018
0.548229 0.252221 1.292724 0.684307 -0.029357 0.717292 0.127887
0.548391 0.252241 1.292466 0.684413 -0.029399 0.717212 0.127753
0.548550 0.252259 1.292210 0.684526 -0.029447 0.717127 0.127615
0.548705 0.252277 1.291957 0.684645 -0.029499 0.717037 0.127473
0.548855 0.252294 1.291706 0.684768 -0.029555 0.716942 0.127329
0.549002 0.252311 1.291458 0.684896 -0.029616 0.716844 0.127183
0.549151 0.252325 1.291229 0.685013 -0.029687 0.716754 0.127042
0.549300 0.252337 1.291017 0.685120 -0.029761 0.716672 0.126908
0.549451 0.252348 1.290820 0.685219 -0.029835 0.716597 0.126779
0.549602 0.252359 1.290636 0.685310 -0.029905 0.716529 0.126655
0.549754 0.252371 1.290463 0.685393 -0.029972 0.716468 0.126537
0.549906 0.252383 1.290302 0.685469 -0.030033 0.716413 0.126424
0.550057 0.252395 1.290150 0.685538 -0.030089 0.716364 0.126315
0.550209 0.252408 1.290008 0.685597 -0.030149 0.716323 0.126208
0.550361 0.252421 1.289873 0.685647 -0.030211 0.716292 0.126104
0.550512 0.252434 1.289746 0.685687 -0.030272 0.716268 0.126002
0.550663 0.252441 1.289620 0.685718 -0.030301 0.716249 0.125935
0.550812 0.252449 1.289501 0.685746 -0.030334 0.716234 0.125862
0.550959 0.252460 1.289389 0.685769 -0.030370 0.716224 0.125785
0.551105 0.252472 1.289282 0.685790 -0.030410 0.716217 0.125704
0.551249 0.252486 1.289181 0.685806 -0.030452 0.716214 0.125620
0.551391 0.252502 1.289083 0.685820 -0.030496 0.716213 0.125533
0.551531 0.252519 1.288990 0.685831 -0.030541 0.716216 0.125446
0.551669 0.252538 1.288900 0.685840 -0.030587 0.716222 0.125357
0.551805 0.252557 1.288813 0.685846 -0.030632 0.716230 0.125268
0.551952 0.252589 1.288686 0.685867 -0.030620 0.716229 0.125162
0.552105 0.252631 1.288534 0.685895 -0.030577 0.716223 0.125048
0.552262 0.252677 1.288366 0.685921 -0.030531 0.716222 0.124928
0.552420 0.252722 1.288191 0.685940 -0.030495 0.716226 0.124806
0.552577 0.252764 1.288010 0.685953 -0.030473 0.716236 0.124683
0.552732 0.252801 1.287828 0.685960 -0.030466 0.716251 0.124561
0.552885 0.252832 1.287641 0.685969 -0.030454 0.716260 0.124457
0.553034 0.252856 1.287450 0.685981 -0.030438 0.716265 0.124366
0.553179 0.252875 1.287251 0.685990 -0.030369 0.716269 0.124318
0.553319 0.252879 1.287044 0.686011 -0.030306 0.716257 0.124283
0.553454 0.252869 1.286829 0.686045 -0.030250 0.716231 0.124257
0.553585 0.252859 1.286609 0.686084 -0.030177 0.716201 0.124236
0.553713 0.252837 1.286385 0.686136 -0.030125 0.716156 0.124217
0.553839 0.252811 1.286166 0.686191 -0.030107 0.716111 0.124179
0.553966 0.252785 1.285956 0.686241 -0.030129 0.716073 0.124116
0.554094 0.252757 1.285757 0.686286 -0.030186 0.716042 0.124036
0.554224 0.252730 1.285569 0.686327 -0.030266 0.716015 0.123945
0.554354 0.252702 1.285389 0.686366 -0.030363 0.715990 0.123846
0.554484 0.252675 1.285216 0.686404 -0.030471 0.715967 0.123741
0.554613 0.252648 1.285051 0.686442 -0.030585 0.715944 0.123632
0.554742 0.252621 1.284891 0.686480 -0.030703 0.715922 0.123523
0.554870 0.252592 1.284735 0.686520 -0.030811 0.715897 0.123423
0.554995 0.252563 1.284583 0.686560 -0.030911 0.715869 0.123331
0.555120 0.252531 1.284434 0.686602 -0.031004 0.715840 0.123245
0.555242 0.252499 1.284287 0.686643 -0.031091 0.715811 0.123165
0.555359 0.252458 1.284133 0.686699 -0.031124 0.715762 0.123132
0.555475 0.252417 1.283983 0.686749 -0.031166 0.715719 0.123088
0.555591 0.252375 1.283837 0.686796 -0.031220 0.715681 0.123037
0.555705 0.252334 1.283695 0.686840 -0.031281 0.715645 0.122981
0.555819 0.252294 1.283559 0.686883 -0.031357 0.715612 0.122915
0.555931 0.252256 1.283427 0.686924 -0.031442 0.715581 0.122840
0.556042 0.252220 1.283298 0.686965 -0.031536 0.715552 0.122760
0.556151 0.252185 1.283174 0.687006 -0.031634 0.715523 0.122676
0.556258 0.252150 1.283051 0.687047 -0.031725 0.715492 0.122599
0.556364 0.252115 1.282929 0.687089 -0.031808 0.715460 0.122528
0.556467 0.252080 1.282810 0.687132 -0.031885 0.715428 0.122462
0.556568 0.252044 1.282691 0.687174 -0.031957 0.715394 0.122400
0.556668 0.252007 1.282574 0.687216 -0.032023 0.715361 0.122342
0.556765 0.251971 1.282458 0.687257 -0.032087 0.715328 0.122287
0.556861 0.251934 1.282344 0.687298 -0.032147 0.715295 0.122234
0.556962 0.251895 1.282195 0.687328 -0.032192 0.715281 0.122137
0.557071 0.251857 1.282032 0.687357 -0.032253 0.715272 0.122012
0.557183 0.251822 1.281860 0.687389 -0.032336 0.715262 0.121869
0.557295 0.251786 1.281684 0.687423 -0.032440 0.715250 0.121716
0.557407 0.251747 1.281506 0.687458 -0.032559 0.715237 0.121561
0.557518 0.251704 1.281326 0.687496 -0.032690 0.715221 0.121407
0.557627 0.251656 1.281145 0.687538 -0.032819 0.715199 0.121263
0.557730 0.251597 1.280951 0.687602 -0.032908 0.715151 0.121159
0.557828 0.251528 1.280747 0.687681 -0.032982 0.715087 0.121070
0.557922 0.251456 1.280536 0.687764 -0.033027 0.715017 0.121001
0.558012 0.251378 1.280319 0.687853 -0.033063 0.714939 0.120942
0.558098 0.251297 1.280098 0.687950 -0.033096 0.714854 0.120889
0.558181 0.251213 1.279874 0.688053 -0.033130 0.714762 0.120839
0.558260 0.251126 1.279648 0.688162 -0.033166 0.714663 0.120791
0.558337 0.251037 1.279422 0.688275 -0.033204 0.714559 0.120745
0.558410 0.250940 1.279193 0.688408 -0.033285 0.714439 0.120676
0.558481 0.250837 1.278962 0.688558 -0.033388 0.714304 0.120598
0.558553 0.250734 1.278733 0.688694 -0.033454 0.714177 0.120549
0.558623 0.250631 1.278508 0.688826 -0.033510 0.714055 0.120510
0.558692 0.250527 1.278285 0.688954 -0.033562 0.713934 0.120475
0.558761 0.250425 1.278066 0.689081 -0.033614 0.713814 0.120443
0.558825 0.250317 1.277846 0.689232 -0.033722 0.713676 0.120373
0.558891 0.250210 1.277630 0.689369 -0.033795 0.713546 0.120333
0.558956 0.250105 1.277420 0.689500 -0.033857 0.713422 0.120302
0.559018 0.249995 1.277207 0.689655 -0.033978 0.713279 0.120228
0.559081 0.249888 1.277001 0.689793 -0.034056 0.713148 0.120190
0.559144 0.249782 1.276801 0.689921 -0.034121 0.713025 0.120163
0.559211 0.249665 1.276608 0.690039 -0.034197 0.712909 0.120151
0.559281 0.249540 1.276422 0.690149 -0.034279 0.712799 0.120150
0.559354 0.249408 1.276243 0.690252 -0.034364 0.712695 0.120155
0.559430 0.249272 1.276069 0.690349 -0.034450 0.712595 0.120166
0.559508 0.249132 1.275900 0.690438 -0.034539 0.712501 0.120181
0.559587 0.248989 1.275737 0.690523 -0.034628 0.712412 0.120199
0.559662 0.248849 1.275572 0.690631 -0.034706 0.712300 0.120216
0.559733 0.248711 1.275404 0.690759 -0.034775 0.712171 0.120229
0.559801 0.248576 1.275234 0.690902 -0.034836 0.712028 0.120238
0.559867 0.248459 1.275072 0.691049 -0.034915 0.711887 0.120206
0.559930 0.248360 1.274918 0.691197 -0.035002 0.711749 0.120146
0.559992 0.248277 1.274772 0.691339 -0.035089 0.711619 0.120072
0.560052 0.248207 1.274634 0.691474 -0.035171 0.711497 0.119993
0.560101 0.248141 1.274465 0.691606 -0.035258 0.711398 0.119796
0.560144 0.248079 1.274286 0.691729 -0.035337 0.711308 0.119595
0.560183 0.248023 1.274101 0.691844 -0.035409 0.711226 0.119399
0.560218 0.247971 1.273914 0.691950 -0.035478 0.711151 0.119211
0.560249 0.247923 1.273725 0.692051 -0.035546 0.711080 0.119029
0.560275 0.247877 1.273534 0.692148 -0.035612 0.711011 0.118853
0.560298 0.247834 1.273342 0.692244 -0.035676 0.710943 0.118682
0.560318 0.247793 1.273149 0.692340 -0.035740 0.710874 0.118516
0.560334 0.247755 1.272956 0.692438 -0.035802 0.710803 0.118353
0.560346 0.247718 1.272761 0.692538 -0.035862 0.710729 0.118194
0.560357 0.247681 1.272567 0.692636 -0.035918 0.710655 0.118045
0.560364 0.247639 1.272368 0.692737 -0.035964 0.710576 0.117914
0.560368 0.247591 1.272166 0.692842 -0.036009 0.710492 0.117792
0.560369 0.247541 1.271961 0.692950 -0.036053 0.710403 0.117676
0.560369 0.247488 1.271755 0.693061 -0.036098 0.710311 0.117565
0.560367 0.247432 1.271548 0.693176 -0.036143 0.710214 0.117458
0.560364 0.247375 1.271340 0.693294 -0.036190 0.710114 0.117354
0.560360 0.247317 1.271132 0.693414 -0.036239 0.710011 0.117253
0.560355 0.247257 1.270926 0.693536 -0.036288 0.709905 0.117155
0.560349 0.247197 1.270721 0.693659 -0.036339 0.709798 0.117059
0.560344 0.247136 1.270518 0.693783 -0.036392 0.709690 0.116965
0.560337 0.247075 1.270317 0.693908 -0.036445 0.709580 0.116874
0.560331 0.247013 1.270118 0.694032 -0.036499 0.709471 0.116785
0.560325 0.246952 1.269923 0.694156 -0.036554 0.709361 0.116698
0.560318 0.246891 1.269731 0.694279 -0.036609 0.709252 0.116613
0.560312 0.246830 1.269541 0.694401 -0.036665 0.709143 0.116529
0.560305 0.246781 1.269354 0.694550 -0.036755 0.709014 0.116398
0.560296 0.246743 1.269170 0.694714 -0.036855 0.708873 0.116247
0.560285 0.246712 1.268991 0.694884 -0.036954 0.708727 0.116089
0.560274 0.246686 1.268816 0.695056 -0.037045 0.708579 0.115932
0.560261 0.246665 1.268645 0.695226 -0.037128 0.708433 0.115780
0.560251 0.246637 1.268481 0.695365 -0.037184 0.708312 0.115668
0.560243 0.246606 1.268322 0.695484 -0.037231 0.708208 0.115574
0.560235 0.246572 1.268167 0.695591 -0.037274 0.708114 0.115490
0.560228 0.246536 1.268016 0.695691 -0.037316 0.708026 0.115413
0.560222 0.246499 1.267867 0.695786 -0.037357 0.707943 0.115342
0.560217 0.246461 1.267720 0.695877 -0.037398 0.707862 0.115274
0.560211 0.246422 1.267576 0.695966 -0.037438 0.707783 0.115209
0.560206 0.246383 1.267434 0.696053 -0.037478 0.707705 0.115147
0.560202 0.246343 1.267295 0.696138 -0.037519 0.707629 0.115087
0.560182 0.246295 1.267131 0.696248 -0.037631 0.707554 0.114849
0.560154 0.246243 1.266953 0.696372 -0.037731 0.707470 0.114580
0.560120 0.246187 1.266763 0.696512 -0.037805 0.707369 0.114323
0.560081 0.246127 1.266564 0.696667 -0.037866 0.707254 0.114077
0.560039 0.246064 1.266359 0.696832 -0.037919 0.707127 0.113839
0.559994 0.246000 1.266148 0.697005 -0.037970 0.706990 0.113609
0.559946 0.245933 1.265933 0.697185 -0.038020 0.706846 0.113386
0.559897 0.245864 1.265716 0.697370 -0.038070 0.706696 0.113167
0.559846 0.245795 1.265497 0.697558 -0.038121 0.706542 0.112955
0.559794 0.245724 1.265278 0.697749 -0.038174 0.706383 0.112748
0.559742 0.245653 1.265059 0.697941 -0.038228 0.706223 0.112545
0.559683 0.245593 1.264833 0.698179 -0.038295 0.706021 0.112311
0.559618 0.245548 1.264603 0.698458 -0.038364 0.705783 0.112047
0.559558 0.245498 1.264380 0.698699 -0.038420 0.705578 0.111819
0.559499 0.245443 1.264165 0.698917 -0.038473 0.705392 0.111612
0.559443 0.245387 1.263953 0.699121 -0.038525 0.705218 0.111417
0.559388 0.245329 1.263746 0.699315 -0.038579 0.705051 0.111231
0.559334 0.245270 1.263543 0.699503 -0.038634 0.704891 0.111052
0.559282 0.245211 1.263344 0.699685 -0.038689 0.704734 0.110880
0.559231 0.245152 1.263148 0.699864 -0.038746 0.704580 0.110712
0.559181 0.245093 1.262956 0.700038 -0.038803 0.704429 0.110549
0.559125 0.245055 1.262761 0.700269 -0.038897 0.704230 0.110318
0.559066 0.245031 1.262565 0.700533 -0.038989 0.704002 0.110065
0.559003 0.245017 1.262370 0.700810 -0.039070 0.703762 0.109809
0.558947 0.244995 1.262187 0.701033 -0.039126 0.703569 0.109605
0.558894 0.244966 1.262013 0.701222 -0.039174 0.703405 0.109428
0.558844 0.244934 1.261845 0.701389 -0.039220 0.703261 0.109267
0.558797 0.244900 1.261682 0.701543 -0.039265 0.703128 0.109117
0.558752 0.244863 1.261522 0.701688 -0.039310 0.703003 0.108975
0.558708 0.244826 1.261366 0.701826 -0.039355 0.702883 0.108840
0.558665 0.244787 1.261213 0.701960 -0.039400 0.702768 0.108710
0.558624 0.244748 1.261064 0.702089 -0.039445 0.702656 0.108584
0.558585 0.244708 1.260917 0.702214 -0.039490 0.702546 0.108463
0.558546 0.244668 1.260774 0.702337 -0.039536 0.702440 0.108346
0.558509 0.244627 1.260633 0.702456 -0.039581 0.702335 0.108232
0.558473 0.244586 1.260495 0.702573 -0.039626 0.702233 0.108122
0.558438 0.244545 1.260360 0.702687 -0.039671 0.702133 0.108016
0.558404 0.244504 1.260228 0.702798 -0.039715 0.702035 0.107912
0.558372 0.244463 1.260099 0.702906 -0.039759 0.701939 0.107812
0.558340 0.244422 1.259972 0.703012 -0.039803 0.701846 0.107715
0.558278 0.244356 1.259835 0.703163 -0.039969 0.701722 0.107478
0.558194 0.244272 1.259683 0.703338 -0.040109 0.701571 0.107257
0.558097 0.244177 1.259518 0.703530 -0.040213 0.701403 0.107063
0.557989 0.244076 1.259340 0.703733 -0.040289 0.701221 0.106890
0.557875 0.243973 1.259151 0.703946 -0.040347 0.701028 0.106731
0.557755 0.243867 1.258953 0.704167 -0.040394 0.700826 0.106582
0.557631 0.243760 1.258746 0.704395 -0.040435 0.700616 0.106441
0.557503 0.243654 1.258533 0.704629 -0.040473 0.700399 0.106305
0.557373 0.243548 1.258314 0.704869 -0.040509 0.700176 0.106174
0.557240 0.243443 1.258091 0.705112 -0.040545 0.699948 0.106045
0.557106 0.243339 1.257865 0.705358 -0.040581 0.699717 0.105920
0.556972 0.243236 1.257636 0.705607 -0.040618 0.699483 0.105797
0.556836 0.243135 1.257407 0.705857 -0.040656 0.699246 0.105677
0.556701 0.243035 1.257177 0.706108 -0.040694 0.699009 0.105559
0.556565 0.242937 1.256948 0.706358 -0.040734 0.698771 0.105443
0.556430 0.242842 1.256720 0.706608 -0.040775 0.698533 0.105330
0.556295 0.242748 1.256493 0.706857 -0.040817 0.698295 0.105218
0.556162 0.242657 1.256269 0.707104 -0.040859 0.698060 0.105108
0.556029 0.242568 1.256047 0.707349 -0.040902 0.697825 0.105000
0.555898 0.242481 1.255828 0.707591 -0.040946 0.697593 0.104893
0.555769 0.242396 1.255612 0.707830 -0.040990 0.697364 0.104789
0.555641 0.242314 1.255400 0.708066 -0.041035 0.697137 0.104686
0.555514 0.242234 1.255191 0.708298 -0.041081 0.696913 0.104586
0.555390 0.242156 1.254986 0.708526 -0.041126 0.696693 0.104487
0.555267 0.242080 1.254785 0.708751 -0.041171 0.696477 0.104389
0.555146 0.242007 1.254588 0.708971 -0.041217 0.696264 0.104294
0.555027 0.241936 1.254395 0.709187 -0.041262 0.696055 0.104200
0.554910 0.241867 1.254206 0.709399 -0.041307 0.695851 0.104108
0.554796 0.241800 1.254021 0.709606 -0.041352 0.695650 0.104018
0.554683 0.241736 1.253841 0.709809 -0.041397 0.695454 0.103930
0.554572 0.241673 1.253664 0.710007 -0.041441 0.695262 0.103844
0.554464 0.241612 1.253492 0.710201 -0.041484 0.695074 0.103759
0.554357 0.241553 1.253323 0.710390 -0.041527 0.694890 0.103676
0.554253 0.241496 1.253158 0.710575 -0.041570 0.694711 0.103595
0.554150 0.241441 1.252998 0.710756 -0.041612 0.694535 0.103516
0.554050 0.241387 1.252840 0.710932 -0.041653 0.694364 0.103438
0.553952 0.241335 1.252687 0.711103 -0.041693 0.694197 0.103363
0.553855 0.241285 1.252537 0.711271 -0.041733 0.694034 0.103289
0.553760 0.241236 1.252390 0.711434 -0.041771 0.693875 0.103217
0.553668 0.241188 1.252247 0.711593 -0.041810 0.693720 0.103146
0.553539 0.241108 1.252115 0.711794 -0.042060 0.693534 0.102911
0.553394 0.241009 1.251991 0.712021 -0.042339 0.693319 0.102670
0.553242 0.240900 1.251874 0.712255 -0.042598 0.693097 0.102448
0.553097 0.240792 1.251773 0.712447 -0.042826 0.692915 0.102246
0.552960 0.240685 1.251687 0.712601 -0.043022 0.692770 0.102075
0.552828 0.240581 1.251611 0.712727 -0.043197 0.692651 0.101924
0.552703 0.240481 1.251546 0.712836 -0.043366 0.692550 0.101779
0.552581 0.240385 1.251488 0.712932 -0.043528 0.692462 0.101639
0.552464 0.240292 1.251436 0.713016 -0.043677 0.692384 0.101511
0.552350 0.240203 1.251389 0.713095 -0.043823 0.692313 0.101384
0.552239 0.240116 1.251344 0.713168 -0.043960 0.692246 0.101265
0.552129 0.240031 1.251301 0.713237 -0.044088 0.692183 0.101153
0.552022 0.239949 1.251260 0.713306 -0.044217 0.692120 0.101039
0.551917 0.239870 1.251220 0.713374 -0.044343 0.692059 0.100926
0.551806 0.239789 1.251170 0.713479 -0.044471 0.691959 0.100811
0.551692 0.239706 1.251112 0.713603 -0.044596 0.691840 0.100694
0.551578 0.239622 1.251048 0.713738 -0.044717 0.691709 0.100580
0.551463 0.239536 1.250979 0.713879 -0.044833 0.691572 0.100470
0.551353 0.239451 1.250913 0.713998 -0.044941 0.691457 0.100366
0.551249 0.239369 1.250851 0.714100 -0.045045 0.691360 0.100270
0.551148 0.239289 1.250793 0.714187 -0.045148 0.691277 0.100178
0.551051 0.239211 1.250739 0.714263 -0.045250 0.691204 0.100090
0.550957 0.239136 1.250688 0.714332 -0.045351 0.691139 0.100005
0.550865 0.239063 1.250640 0.714395 -0.045451 0.691079 0.099923
0.550776 0.238992 1.250594 0.714454 -0.045550 0.691023 0.099843
0.550688 0.238922 1.250551 0.714511 -0.045647 0.690968 0.099766
0.550602 0.238855 1.250508 0.714566 -0.045742 0.690916 0.099690
0.550517 0.238789 1.250467 0.714620 -0.045833 0.690864 0.099619
0.550434 0.238723 1.250426 0.714673 -0.045921 0.690813 0.099551
0.550351 0.238659 1.250385 0.714726 -0.046006 0.690762 0.099485
0.550270 0.238594 1.250345 0.714776 -0.046085 0.690714 0.099428
0.550184 0.238528 1.250296 0.714858 -0.046166 0.690632 0.099367
0.550096 0.238460 1.250241 0.714958 -0.046247 0.690533 0.099304
0.550006 0.238390 1.250180 0.715068 -0.046326 0.690422 0.099242
0.549916 0.238319 1.250116 0.715184 -0.046403 0.690305 0.099182
0.549826 0.238246 1.250048 0.715304 -0.046477 0.690184 0.099126
0.549741 0.238178 1.249985 0.715407 -0.046553 0.690081 0.099064
0.549660 0.238115 1.249927 0.715497 -0.046629 0.689992 0.099001
0.549582 0.238058 1.249875 0.715574 -0.046705 0.689915 0.098938
0.549506 0.238007 1.249827 0.715647 -0.046775 0.689844 0.098875
0.549374 0.237919 1.249801 0.715736 -0.047063 0.689763 0.098665
0.549209 0.237818 1.249795 0.715814 -0.047343 0.689688 0.098484
0.549021 0.237716 1.249792 0.715896 -0.047581 0.689608 0.098339
0.548816 0.237615 1.249785 0.715989 -0.047774 0.689514 0.098221
0.548594 0.237515 1.249760 0.716127 -0.047930 0.689374 0.098120
0.548359 0.237420 1.249720 0.716292 -0.048059 0.689208 0.098026
0.548116 0.237329 1.249666 0.716474 -0.048166 0.689023 0.097936
0.547867 0.237244 1.249601 0.716669 -0.048258 0.688827 0.097848
0.547612 0.237164 1.249524 0.716873 -0.048338 0.688621 0.097761
0.547354 0.237091 1.249438 0.717084 -0.048409 0.688408 0.097675
0.547093 0.237023 1.249344 0.717301 -0.048474 0.688190 0.097589
0.546830 0.236960 1.249243 0.717522 -0.048533 0.687968 0.097502
0.546566 0.236903 1.249136 0.717747 -0.048589 0.687742 0.097414
0.546300 0.236851 1.249024 0.717974 -0.048641 0.687514 0.097327
0.546034 0.236804 1.248908 0.718203 -0.048690 0.687283 0.097238
0.545768 0.236761 1.248788 0.718433 -0.048737 0.687052 0.097149
0.545502 0.236723 1.248666 0.718664 -0.048782 0.686820 0.097060
0.545237 0.236690 1.248541 0.718895 -0.048825 0.686588 0.096970
0.544973 0.236660 1.248415 0.719126 -0.048866 0.686356 0.096880
0.544711 0.236634 1.248288 0.719356 -0.048906 0.686125 0.096789
0.544450 0.236612 1.248161 0.719584 -0.048944 0.685895 0.096698
0.544191 0.236594 1.248033 0.719811 -0.048981 0.685667 0.096608
0.543934 0.236579 1.247906 0.720036 -0.049016 0.685441 0.096517
0.543680 0.236568 1.247780 0.720259 -0.049051 0.685217 0.096427
0.543428 0.236559 1.247654 0.720480 -0.049084 0.684996 0.096337
0.543178 0.236554 1.247530 0.720697 -0.049117 0.684777 0.096247
0.542932 0.236551 1.247408 0.720911 -0.049148 0.684562 0.096158
0.542689 0.236550 1.247287 0.721123 -0.049179 0.684350 0.096069
0.542448 0.236552 1.247168 0.721330 -0.049208 0.684141 0.095981
0.542211 0.236557 1.247051 0.721535 -0.049237 0.683936 0.095893
0.541977 0.236563 1.246936 0.721735 -0.049264 0.683734 0.095806
0.541747 0.236572 1.246824 0.721932 -0.049291 0.683536 0.095720
0.541520 0.236582 1.246713 0.722125 -0.049317 0.683343 0.095635
0.541296 0.236595 1.246606 0.722314 -0.049342 0.683153 0.095551
0.541076 0.236608 1.246500 0.722499 -0.049366 0.682967 0.095468
0.540859 0.236623 1.246397 0.722680 -0.049389 0.682785 0.095386
0.540646 0.236640 1.246297 0.722857 -0.049412 0.682607 0.095306
0.540436 0.236657 1.246199 0.723030 -0.049433 0.682433 0.095226
0.540230 0.236676 1.246103 0.723199 -0.049454 0.682264 0.095148
0.540028 0.236695 1.246010 0.723364 -0.049474 0.682098 0.095071
0.539752 0.236639 1.245958 0.723573 -0.049889 0.681886 0.094788
0.539441 0.236549 1.245927 0.723805 -0.050340 0.681646 0.094499
0.539122 0.236460 1.245919 0.724015 -0.050747 0.681431 0.094226
0.538801 0.236377 1.245929 0.724197 -0.051103 0.681246 0.093978
0.538482 0.236302 1.245951 0.724360 -0.051413 0.681080 0.093754
0.538164 0.236238 1.245980 0.724511 -0.051685 0.680927 0.093546
0.537847 0.236183 1.246011 0.724665 -0.051918 0.680772 0.093354
0.537531 0.236135 1.246043 0.724816 -0.052128 0.680620 0.093170
0.537217 0.236092 1.246075 0.724960 -0.052326 0.680476 0.092991
0.536906 0.236053 1.246106 0.725098 -0.052510 0.680338 0.092819
0.536595 0.236015 1.246131 0.725244 -0.052671 0.680191 0.092663
0.536285 0.235978 1.246152 0.725393 -0.052819 0.680042 0.092515
0.535978 0.235942 1.246168 0.725541 -0.052956 0.679892 0.092373
0.535674 0.235908 1.246180 0.725689 -0.053083 0.679743 0.092237
0.535372 0.235874 1.246187 0.725835 -0.053203 0.679595 0.092106
0.535074 0.235841 1.246192 0.725980 -0.053316 0.679449 0.091980
0.534778 0.235809 1.246192 0.726122 -0.053424 0.679304 0.091859
0.534486 0.235777 1.246190 0.726264 -0.053527 0.679161 0.091743
0.534198 0.235746 1.246184 0.726403 -0.053626 0.679019 0.091631
0.533913 0.235715 1.246176 0.726540 -0.053720 0.678879 0.091523
0.533631 0.235685 1.246165 0.726676 -0.053812 0.678740 0.091419
0.533353 0.235655 1.246153 0.726810 -0.053901 0.678603 0.091319
0.533079 0.235625 1.246139 0.726943 -0.053986 0.678468 0.091222
0.532808 0.235596 1.246123 0.727074 -0.054069 0.678333 0.091130
0.532542 0.235566 1.246106 0.727203 -0.054147 0.678200 0.091044
0.532279 0.235538 1.246088 0.727330 -0.054221 0.678068 0.090962
0.532020 0.235509 1.246069 0.727456 -0.054292 0.677938 0.090885
0.531765 0.235481 1.246050 0.727580 -0.054359 0.677810 0.090814
0.531515 0.235452 1.246030 0.727701 -0.054421 0.677683 0.090747
0.531268 0.235425 1.246011 0.727821 -0.054480 0.677557 0.090686
0.531025 0.235397 1.245991 0.727939 -0.054535 0.677434 0.090629
0.530787 0.235370 1.245972 0.728055 -0.054586 0.677312 0.090578
0.530553 0.235343 1.245953 0.728168 -0.054633 0.677193 0.090531
0.530322 0.235317 1.245935 0.728280 -0.054677 0.677075 0.090489
0.530096 0.235290 1.245918 0.728389 -0.054716 0.676960 0.090452
0.529875 0.235264 1.245901 0.728495 -0.054752 0.676846 0.090420
0.529657 0.235239 1.245885 0.728599 -0.054784 0.676735 0.090393
0.529443 0.235213 1.245870 0.728701 -0.054812 0.676626 0.090370
0.529234 0.235188 1.245856 0.728801 -0.054837 0.676520 0.090351
0.529028 0.235163 1.245843 0.728898 -0.054858 0.676416 0.090337
0.528747 0.235084 1.245873 0.729039 -0.055066 0.676251 0.090299
0.528427 0.234986 1.245926 0.729176 -0.055278 0.676088 0.090289
0.528087 0.234884 1.245992 0.729300 -0.055444 0.675938 0.090311
0.527734 0.234788 1.246065 0.729413 -0.055562 0.675799 0.090356
0.527372 0.234700 1.246140 0.729518 -0.055643 0.675672 0.090412
0.527003 0.234623 1.246217 0.729618 -0.055698 0.675552 0.090474
0.526631 0.234555 1.246293 0.729713 -0.055735 0.675438 0.090537
0.526255 0.234497 1.246368 0.729805 -0.055761 0.675328 0.090597
0.525876 0.234447 1.246442 0.729895 -0.055780 0.675221 0.090654
0.525496 0.234404 1.246514 0.729983 -0.055793 0.675117 0.090709
0.525114 0.234367 1.246584 0.730071 -0.055804 0.675015 0.090760
0.524732 0.234333 1.246652 0.730157 -0.055812 0.674915 0.090810
0.524350 0.234303 1.246718 0.730242 -0.055819 0.674816 0.090860
0.523968 0.234275 1.246781 0.730326 -0.055825 0.674718 0.090909
0.523587 0.234248 1.246842 0.730408 -0.055827 0.674621 0.090959
0.523209 0.234224 1.246900 0.730490 -0.055823 0.674526 0.091010
0.522833 0.234204 1.246955 0.730571 -0.055812 0.674432 0.091062
0.522461 0.234186 1.247006 0.730652 -0.055796 0.674339 0.091114
0.522093 0.234172 1.247054 0.730732 -0.055776 0.674247 0.091165
0.521729 0.234161 1.247100 0.730812 -0.055752 0.674155 0.091216
0.521368 0.234152 1.247143 0.730892 -0.055724 0.674064 0.091266
0.521012 0.234146 1.247184 0.730971 -0.055694 0.673974 0.091316
0.520660 0.234143 1.247222 0.731050 -0.055661 0.673884 0.091365
0.520313 0.234141 1.247259 0.731129 -0.055626 0.673795 0.091413
0.519970 0.234142 1.247293 0.731207 -0.055588 0.673707 0.091461
0.519631 0.234144 1.247327 0.731284 -0.055549 0.673620 0.091509
0.519298 0.234149 1.247359 0.731360 -0.055508 0.673534 0.091557
0.518969 0.234154 1.247390 0.731436 -0.055465 0.673449 0.091605
0.518644 0.234161 1.247419 0.731510 -0.055420 0.673365 0.091653
0.518325 0.234169 1.247448 0.731584 -0.055374 0.673283 0.091701
0.518011 0.234178 1.247477 0.731656 -0.055327 0.673201 0.091750
0.517701 0.234188 1.247505 0.731727 -0.055278 0.673122 0.091798
0.517396 0.234199 1.247532 0.731797 -0.055228 0.673043 0.091848
0.517097 0.234210 1.247559 0.731865 -0.055177 0.672966 0.091898
0.516802 0.234222 1.247586 0.731932 -0.055125 0.672891 0.091948
0.516512 0.234234 1.247612 0.731997 -0.055071 0.672817 0.091999
0.516227 0.234247 1.247639 0.732061 -0.055017 0.672745 0.092050
0.515947 0.234259 1.247666 0.732123 -0.054962 0.672675 0.092103
0.515672 0.234272 1.247692 0.732184 -0.054906 0.672606 0.092156
0.515402 0.234286 1.247719 0.732243 -0.054849 0.672539 0.092209
0.515066 0.234268 1.247780 0.732394 -0.054943 0.672367 0.092213
0.514696 0.234240 1.247860 0.732570 -0.055020 0.672166 0.092233
0.514306 0.234213 1.247952 0.732750 -0.055047 0.671961 0.092278
0.513904 0.234192 1.248053 0.732927 -0.055024 0.671761 0.092342
0.513495 0.234181 1.248159 0.733097 -0.054961 0.671570 0.092419
0.513080 0.234181 1.248270 0.733259 -0.054867 0.671389 0.092504
0.512660 0.234191 1.248384 0.733413 -0.054750 0.671219 0.092591
0.512236 0.234212 1.248500 0.733559 -0.054617 0.671058 0.092679
0.511810 0.234243 1.248617 0.733696 -0.054470 0.670908 0.092768
0.511380 0.234283 1.248735 0.733827 -0.054311 0.670766 0.092855
0.510947 0.234332 1.248853 0.733951 -0.054144 0.670632 0.092941
0.510512 0.234389 1.248971 0.734068 -0.053969 0.670506 0.093026
0.510074 0.234452 1.249088 0.734180 -0.053786 0.670386 0.093110
0.509633 0.234523 1.249205 0.734286 -0.053597 0.670273 0.093193
0.509190 0.234599 1.249321 0.734387 -0.053402 0.670167 0.093276
0.508745 0.234680 1.249435 0.734485 -0.053202 0.670064 0.093357
0.508300 0.234765 1.249548 0.734579 -0.052999 0.669966 0.093438
0.507854 0.234854 1.249658 0.734672 -0.052795 0.669869 0.093518
0.507408 0.234944 1.249765 0.734763 -0.052590 0.669774 0.093597
0.506964 0.235035 1.249870 0.734853 -0.052385 0.669680 0.093676
0.506520 0.235126 1.249973 0.734941 -0.052183 0.669588 0.093756
0.506079 0.235214 1.250073 0.735029 -0.051983 0.669496 0.093836
0.505640 0.235301 1.250171 0.735115 -0.051787 0.669405 0.093918
0.505203 0.235383 1.250267 0.735200 -0.051594 0.669315 0.094002
0.504770 0.235462 1.250361 0.735284 -0.051405 0.669225 0.094089
0.504340 0.235534 1.250454 0.735366 -0.051220 0.669136 0.094180
0.503914 0.235601 1.250544 0.735446 -0.051041 0.669049 0.094275
0.503492 0.235662 1.250633 0.735525 -0.050866 0.668962 0.094374
0.503074 0.235714 1.250721 0.735601 -0.050697 0.668876 0.094478
0.502662 0.235759 1.250808 0.735676 -0.050533 0.668791 0.094588
0.502255 0.235798 1.250894 0.735748 -0.050369 0.668707 0.094703
0.501854 0.235831 1.250977 0.735817 -0.050205 0.668626 0.094825
0.501461 0.235860 1.251058 0.735885 -0.050040 0.668546 0.094950
0.501074 0.235885 1.251138 0.735951 -0.049875 0.668467 0.095079
0.500694 0.235907 1.251215 0.736015 -0.049712 0.668390 0.095210
0.500322 0.235924 1.251291 0.736077 -0.049550 0.668315 0.095344
0.499957 0.235939 1.251366 0.736138 -0.049391 0.668240 0.095479
0.499599 0.235951 1.251440 0.736197 -0.049233 0.668168 0.095615
0.499247 0.235959 1.251512 0.736254 -0.049079 0.668097 0.095752
0.498903 0.235965 1.251584 0.736308 -0.048928 0.668028 0.095890
0.498514 0.235969 1.251682 0.736474 -0.048917 0.667838 0.095941
0.498100 0.235980 1.251802 0.736698 -0.048913 0.667588 0.095971
0.497676 0.236001 1.251940 0.736941 -0.048878 0.667318 0.095999
0.497246 0.236035 1.252095 0.737186 -0.048809 0.667048 0.096031
0.496816 0.236081 1.252265 0.737421 -0.048709 0.666790 0.096067
0.496386 0.236138 1.252448 0.737642 -0.048585 0.666548 0.096106
0.495958 0.236207 1.252642 0.737848 -0.048441 0.666326 0.096147
0.495531 0.236286 1.252845 0.738037 -0.048282 0.666122 0.096188
0.495105 0.236374 1.253056 0.738209 -0.048110 0.665937 0.096230
0.494681 0.236471 1.253273 0.738367 -0.047927 0.665770 0.096272
0.494258 0.236574 1.253495 0.738509 -0.047734 0.665619 0.096315
0.493836 0.236684 1.253721 0.738638 -0.047533 0.665484 0.096359
0.493413 0.236799 1.253950 0.738755 -0.047325 0.665363 0.096404
0.492992 0.236918 1.254181 0.738860 -0.047109 0.665255 0.096450
0.492570 0.237042 1.254414 0.738954 -0.046887 0.665159 0.096497
0.492147 0.237169 1.254646 0.739039 -0.046660 0.665073 0.096546
0.491724 0.237299 1.254879 0.739115 -0.046428 0.664998 0.096596
0.491301 0.237431 1.255112 0.739184 -0.046192 0.664931 0.096648
0.490877 0.237565 1.255343 0.739244 -0.045951 0.664872 0.096701
0.490451 0.237701 1.255574 0.739299 -0.045708 0.664820 0.096757
0.490025 0.237838 1.255803 0.739347 -0.045461 0.664775 0.096814
0.489598 0.237975 1.256030 0.739390 -0.045212 0.664736 0.096872
0.489170 0.238114 1.256256 0.739427 -0.044961 0.664703 0.096933
0.488740 0.238253 1.256480 0.739460 -0.044709 0.664674 0.096994
0.488309 0.238393 1.256703 0.739489 -0.044455 0.664650 0.097057
0.487877 0.238533 1.256924 0.739514 -0.044200 0.664630 0.097122
0.487444 0.238674 1.257143 0.739535 -0.043945 0.664614 0.097187
0.487010 0.238814 1.257361 0.739552 -0.043689 0.664602 0.097254
0.486575 0.238955 1.257577 0.739566 -0.043433 0.664593 0.097322
0.486139 0.239095 1.257791 0.739577 -0.043177 0.664588 0.097390
0.485703 0.239235 1.258004 0.739586 -0.042922 0.664584 0.097459
0.485268 0.239374 1.258213 0.739595 -0.042669 0.664581 0.097528
0.484834 0.239511 1.258421 0.739603 -0.042420 0.664577 0.097597
0.484403 0.239645 1.258625 0.739610 -0.042177 0.664574 0.097665
0.483974 0.239775 1.258827 0.739618 -0.041938 0.664571 0.097735
0.483548 0.239901 1.259027 0.739625 -0.041706 0.664568 0.097805
0.483126 0.240021 1.259224 0.739631 -0.041481 0.664564 0.097877
0.482708 0.240136 1.259419 0.739636 -0.041262 0.664561 0.097951
0.482294 0.240246 1.259611 0.739641 -0.041044 0.664558 0.098029
0.481887 0.240352 1.259800 0.739645 -0.040826 0.664555 0.098109
0.481453 0.240469 1.259997 0.739758 -0.040761 0.664438 0.098079
0.481006 0.240595 1.260201 0.739927 -0.040723 0.664262 0.098013
0.480553 0.240729 1.260412 0.740119 -0.040682 0.664061 0.097934
0.480098 0.240870 1.260630 0.740317 -0.040628 0.663856 0.097852
0.479644 0.241017 1.260855 0.740511 -0.040559 0.663656 0.097771
0.479190 0.241169 1.261087 0.740696 -0.040476 0.663467 0.097693
0.478738 0.241325 1.261324 0.740868 -0.040381 0.663290 0.097618
0.478287 0.241484 1.261565 0.741029 -0.040275 0.663128 0.097547
0.477838 0.241646 1.261811 0.741176 -0.040160 0.662980 0.097481
0.477390 0.241810 1.262059 0.741311 -0.040036 0.662846 0.097418
0.476944 0.241976 1.262309 0.741435 -0.039904 0.662724 0.097360
0.476498 0.242143 1.262561 0.741547 -0.039765 0.662615 0.097305
0.476053 0.242310 1.262813 0.741649 -0.039620 0.662517 0.097255
0.475609 0.242478 1.263066 0.741741 -0.039469 0.662429 0.097209
0.475164 0.242645 1.263319 0.741825 -0.039313 0.662351 0.097167
0.474720 0.242813 1.263571 0.741900 -0.039152 0.662282 0.097130
0.474276 0.242980 1.263823 0.741968 -0.038987 0.662221 0.097096
0.473832 0.243146 1.264074 0.742029 -0.038818 0.662167 0.097065
0.473388 0.243311 1.264324 0.742083 -0.038646 0.662120 0.097039
0.472943 0.243476 1.264573 0.742131 -0.038471 0.662079 0.097015
0.472498 0.243639 1.264821 0.742174 -0.038294 0.662045 0.096996
0.472053 0.243801 1.265067 0.742211 -0.038114 0.662016 0.096979
0.471607 0.243962 1.265312 0.742244 -0.037932 0.661992 0.096965
0.471161 0.244122 1.265555 0.742272 -0.037748 0.661973 0.096955
0.470715 0.244281 1.265797 0.742295 -0.037563 0.661958 0.096947
0.470268 0.244438 1.266038 0.742314 -0.037376 0.661948 0.096942
0.469820 0.244594 1.266278 0.742329 -0.037188 0.661942 0.096939
0.469372 0.244749 1.266516 0.742340 -0.036999 0.661940 0.096939
0.468924 0.244903 1.266753 0.742348 -0.036809 0.661942 0.096941
0.468475 0.245055 1.266989 0.742351 -0.036618 0.661948 0.096945
0.468025 0.245207 1.267224 0.742352 -0.036427 0.661957 0.096951
0.467576 0.245356 1.267458 0.742348 -0.036235 0.661970 0.096960
0.467126 0.245505 1.267691 0.742342 -0.036043 0.661987 0.096970
0.466675 0.245653 1.267923 0.742332 -0.035850 0.662007 0.096982
0.466225 0.245799 1.268154 0.742319 -0.035656 0.662030 0.096995
0.465773 0.245944 1.268384 0.742302 -0.035463 0.662056 0.097011
0.465322 0.246088 1.268613 0.742283 -0.035269 0.662086 0.097028
0.464871 0.246230 1.268841 0.742261 -0.035075 0.662118 0.097046
0.464420 0.246371 1.269068 0.742238 -0.034882 0.662152 0.097065
0.463971 0.246510 1.269293 0.742213 -0.034691 0.662186 0.097085
0.463505 0.246670 1.269526 0.742313 -0.034698 0.662093 0.096953
0.463034 0.246848 1.269775 0.742469 -0.034782 0.661944 0.096750
0.462566 0.247039 1.270040 0.742643 -0.034889 0.661777 0.096515
0.462103 0.247239 1.270321 0.742817 -0.034996 0.661613 0.096268
0.461646 0.247446 1.270618 0.742979 -0.035095 0.661462 0.096019
0.461195 0.247659 1.270928 0.743124 -0.035182 0.661330 0.095772
0.460751 0.247875 1.271249 0.743251 -0.035256 0.661218 0.095530
0.460312 0.248094 1.271580 0.743359 -0.035317 0.661127 0.095294
0.459879 0.248315 1.271920 0.743448 -0.035365 0.661057 0.095066
0.459449 0.248536 1.272266 0.743520 -0.035402 0.661006 0.094845
0.459023 0.248757 1.272618 0.743576 -0.035426 0.660972 0.094632
0.458601 0.248978 1.272974 0.743618 -0.035440 0.660954 0.094427
0.458181 0.249198 1.273333 0.743645 -0.035443 0.660951 0.094230
0.457763 0.249416 1.273694 0.743661 -0.035437 0.660961 0.094041
0.457346 0.249632 1.274055 0.743665 -0.035421 0.660983 0.093860
0.456931 0.249846 1.274417 0.743659 -0.035398 0.661015 0.093687
0.456517 0.250058 1.274779 0.743644 -0.035366 0.661057 0.093521
0.456104 0.250267 1.275140 0.743622 -0.035327 0.661106 0.093363
0.455690 0.250473 1.275500 0.743592 -0.035281 0.661164 0.093212
0.455277 0.250676 1.275858 0.743556 -0.035229 0.661227 0.093068
0.454864 0.250877 1.276214 0.743514 -0.035171 0.661297 0.092930
0.454450 0.251075 1.276568 0.743467 -0.035108 0.661371 0.092798
0.454036 0.251270 1.276920 0.743416 -0.035040 0.661450 0.092673
0.453622 0.251462 1.277270 0.743360 -0.034968 0.661534 0.092553
0.453206 0.251651 1.277617 0.743301 -0.034892 0.661620 0.092439
0.452790 0.251837 1.277961 0.743238 -0.034812 0.661710 0.092330
0.452374 0.252021 1.278303 0.743172 -0.034728 0.661803 0.092226
0.451956 0.252202 1.278642 0.743104 -0.034642 0.661898 0.092126
0.451538 0.252381 1.278979 0.743033 -0.034552 0.661996 0.092031
0.451119 0.252556 1.279314 0.742959 -0.034459 0.662096 0.091941
0.450698 0.252730 1.279646 0.742883 -0.034364 0.662199 0.091854
0.450277 0.252901 1.279975 0.742805 -0.034266 0.662303 0.091772
0.449855 0.253069 1.280302 0.742724 -0.034166 0.662409 0.091693
0.449433 0.253235 1.280627 0.742642 -0.034064 0.662517 0.091617
0.449009 0.253399 1.280949 0.742558 -0.033960 0.662627 0.091546
0.448584 0.253561 1.281269 0.742472 -0.033853 0.662738 0.091477
0.448159 0.253720 1.281587 0.742384 -0.033745 0.662851 0.091412
0.447732 0.253878 1.281902 0.742295 -0.033635 0.662965 0.091349
0.447305 0.254033 1.282216 0.742203 -0.033524 0.663081 0.091289
0.446877 0.254187 1.282527 0.742111 -0.033411 0.663198 0.091232
0.446431 0.254362 1.282841 0.742136 -0.033493 0.663195 0.091020
0.445981 0.254553 1.283165 0.742212 -0.033651 0.663141 0.090738
0.445533 0.254756 1.283502 0.742305 -0.033832 0.663070 0.090426
0.445088 0.254966 1.283850 0.742399 -0.034015 0.663000 0.090102
0.444647 0.255183 1.284210 0.742484 -0.034191 0.662940 0.089775
0.444211 0.255404 1.284579 0.742556 -0.034356 0.662894 0.089452
0.443779 0.255628 1.284956 0.742613 -0.034509 0.662865 0.089133
0.443351 0.255853 1.285341 0.742656 -0.034649 0.662852 0.088822
0.442927 0.256079 1.285731 0.742684 -0.034777 0.662855 0.088518
0.442505 0.256305 1.286125 0.742698 -0.034892 0.662872 0.088222
0.442085 0.256531 1.286523 0.742699 -0.034995 0.662904 0.087935
0.441667 0.256755 1.286923 0.742688 -0.035087 0.662948 0.087656
0.441251 0.256978 1.287325 0.742667 -0.035169 0.663003 0.087385
0.440836 0.257199 1.287727 0.742636 -0.035240 0.663068 0.087124
0.440421 0.257418 1.288129 0.742597 -0.035301 0.663142 0.086870
0.440007 0.257634 1.288530 0.742549 -0.035354 0.663225 0.086625
0.439594 0.257848 1.288930 0.742495 -0.035397 0.663314 0.086388
0.439180 0.258059 1.289329 0.742434 -0.035433 0.663410 0.086158
0.438766 0.258267 1.289726 0.742368 -0.035461 0.663511 0.085937
0.438352 0.258472 1.290120 0.742297 -0.035481 0.663618 0.085722
0.437937 0.258674 1.290512 0.742221 -0.035495 0.663728 0.085515
0.437522 0.258873 1.290902 0.742141 -0.035502 0.663843 0.085315
0.437106 0.259069 1.291289 0.742058 -0.035504 0.663961 0.085121
0.436689 0.259262 1.291672 0.741971 -0.035499 0.664082 0.084933
0.436271 0.259452 1.292053 0.741882 -0.035489 0.664206 0.084752
0.435852 0.259639 1.292431 0.741789 -0.035475 0.664332 0.084577
0.435432 0.259822 1.292806 0.741695 -0.035455 0.664460 0.084408
0.435012 0.260003 1.293178 0.741598 -0.035431 0.664590 0.084244
0.434590 0.260181 1.293547 0.741499 -0.035403 0.664722 0.084085
0.434167 0.260356 1.293912 0.741398 -0.035371 0.664856 0.083931
0.433744 0.260528 1.294275 0.741296 -0.035335 0.664991 0.083782
0.433319 0.260698 1.294635 0.741191 -0.035295 0.665127 0.083638
0.432893 0.260865 1.294992 0.741086 -0.035252 0.665265 0.083499
0.432466 0.261028 1.295346 0.740979 -0.035206 0.665403 0.083363
0.432038 0.261190 1.295697 0.740870 -0.035156 0.665543 0.083232
0.431609 0.261349 1.296046 0.740760 -0.035104 0.665684 0.083105
0.431179 0.261505 1.296392 0.740649 -0.035049 0.665826 0.082982
0.430748 0.261659 1.296735 0.740537 -0.034991 0.665969 0.082862
0.430316 0.261810 1.297076 0.740424 -0.034931 0.666112 0.082746
0.429883 0.261959 1.297414 0.740309 -0.034868 0.666257 0.082633
0.429437 0.262130 1.297757 0.740291 -0.035007 0.666304 0.082359
0.428989 0.262316 1.298111 0.740307 -0.035213 0.666316 0.082023
0.428543 0.262512 1.298476 0.740336 -0.035441 0.666317 0.081658
0.428100 0.262715 1.298851 0.740363 -0.035673 0.666321 0.081282
0.427660 0.262924 1.299236 0.740381 -0.035900 0.666334 0.080903
0.427224 0.263136 1.299629 0.740389 -0.036119 0.666360 0.080526
0.426791 0.263350 1.300029 0.740384 -0.036326 0.666399 0.080153
0.426361 0.263566 1.300435 0.740367 -0.036523 0.666451 0.079787
0.425933 0.263782 1.300846 0.740338 -0.036709 0.666516 0.079427
0.425508 0.263999 1.301261 0.740297 -0.036883 0.666593 0.079075
0.425084 0.264214 1.301678 0.740246 -0.037046 0.666682 0.078730
0.424661 0.264429 1.302097 0.740186 -0.037199 0.666780 0.078394
0.424239 0.264642 1.302517 0.740117 -0.037341 0.666887 0.078065
0.423817 0.264853 1.302937 0.740040 -0.037474 0.667002 0.077745
0.423396 0.265061 1.303357 0.739956 -0.037596 0.667125 0.077432
0.422975 0.265268 1.303776 0.739866 -0.037710 0.667253 0.077128
0.422554 0.265472 1.304193 0.739771 -0.037814 0.667388 0.076832
0.422133 0.265673 1.304609 0.739670 -0.037910 0.667527 0.076543
0.421711 0.265871 1.305023 0.739565 -0.037998 0.667670 0.076262
0.421289 0.266066 1.305434 0.739456 -0.038078 0.667818 0.075989
0.420866 0.266258 1.305843 0.739344 -0.038151 0.667968 0.075723
0.420443 0.266447 1.306249 0.739228 -0.038217 0.668122 0.075464
0.420018 0.266632 1.306652 0.739110 -0.038276 0.668278 0.075212
0.419593 0.266815 1.307052 0.738989 -0.038328 0.668436 0.074967
0.419167 0.266994 1.307448 0.738866 -0.038375 0.668595 0.074728
0.418740 0.267170 1.307842 0.738741 -0.038415 0.668757 0.074496
0.418312 0.267343 1.308232 0.738615 -0.038450 0.668920 0.074270
0.417883 0.267512 1.308619 0.738487 -0.038480 0.669083 0.074050
0.417452 0.267679 1.309003 0.738358 -0.038505 0.669248 0.073836
0.417021 0.267842 1.309384 0.738227 -0.038524 0.669414 0.073628
0.416589 0.268003 1.309761 0.738096 -0.038539 0.669581 0.073425
0.416155 0.268160 1.310136 0.737963 -0.038550 0.669748 0.073227
0.415721 0.268314 1.310507 0.737830 -0.038557 0.669915 0.073034
0.415286 0.268466 1.310874 0.737696 -0.038559 0.670083 0.072847
0.414849 0.268614 1.311239 0.737561 -0.038558 0.670251 0.072664
0.414411 0.268760 1.311601 0.737426 -0.038552 0.670420 0.072485
0.413973 0.268903 1.311960 0.737289 -0.038544 0.670589 0.072312
0.413533 0.269043 1.312316 0.737153 -0.038531 0.670758 0.072142
0.413093 0.269181 1.312669 0.737016 -0.038516 0.670928 0.071977
0.412651 0.269315 1.313019 0.736878 -0.038497 0.671097 0.071816
0.412208 0.269472 1.313383 0.736786 -0.038692 0.671222 0.071491
0.411769 0.269642 1.313762 0.736696 -0.038966 0.671345 0.071103
0.411337 0.269823 1.314154 0.736601 -0.039271 0.671476 0.070686
0.410909 0.270010 1.314558 0.736495 -0.039586 0.671619 0.070256
0.410486 0.270202 1.314973 0.736377 -0.039900 0.671775 0.069824
0.410066 0.270397 1.315396 0.736248 -0.040207 0.671943 0.069393
0.409650 0.270594 1.315826 0.736107 -0.040506 0.672123 0.068966
0.409235 0.270793 1.316262 0.735956 -0.040793 0.672314 0.068546
0.408823 0.270991 1.316702 0.735796 -0.041069 0.672514 0.068133
0.408412 0.271190 1.317146 0.735628 -0.041334 0.672723 0.067727
0.408002 0.271387 1.317593 0.735452 -0.041587 0.672939 0.067330
0.407592 0.271583 1.318040 0.735270 -0.041828 0.673162 0.066942
0.407183 0.271778 1.318489 0.735083 -0.042057 0.673390 0.066562
0.406773 0.271970 1.318937 0.734891 -0.042276 0.673622 0.066190
0.406364 0.272161 1.319385 0.734695 -0.042483 0.673859 0.065828
0.405954 0.272348 1.319832 0.734495 -0.042680 0.674098 0.065474
0.405543 0.272533 1.320277 0.734293 -0.042867 0.674340 0.065128
0.405132 0.272715 1.320720 0.734088 -0.043044 0.674584 0.064791
0.404719 0.272895 1.321161 0.733882 -0.043211 0.674830 0.064462
0.404306 0.273071 1.321599 0.733674 -0.043369 0.675076 0.064142
0.403892 0.273244 1.322034 0.733465 -0.043518 0.675323 0.063829
0.403476 0.273413 1.322466 0.733255 -0.043659 0.675571 0.063524
0.403060 0.273580 1.322895 0.733045 -0.043792 0.675818 0.063226
0.402642 0.273743 1.323321 0.732834 -0.043916 0.676065 0.062936
0.402223 0.273903 1.323743 0.732624 -0.044033 0.676312 0.062653
0.401802 0.274060 1.324162 0.732414 -0.044143 0.676558 0.062377
0.401380 0.274213 1.324577 0.732204 -0.044246 0.676803 0.062108
0.400957 0.274363 1.324988 0.731995 -0.044342 0.677047 0.061845
0.400532 0.274510 1.325396 0.731786 -0.044431 0.677290 0.061589
0.400106 0.274654 1.325800 0.731578 -0.044515 0.677532 0.061339
0.399679 0.274794 1.326200 0.731370 -0.044592 0.677773 0.061095
0.399251 0.274931 1.326597 0.731164 -0.044664 0.678013 0.060857
0.398821 0.275066 1.326990 0.730958 -0.044730 0.678251 0.060624
0.398389 0.275197 1.327380 0.730753 -0.044790 0.678488 0.060397
0.397957 0.275325 1.327766 0.730550 -0.044846 0.678723 0.060176
0.397523 0.275450 1.328149 0.730347 -0.044896 0.678957 0.059959
0.397088 0.275572 1.328528 0.730145 -0.044942 0.679190 0.059748
0.396651 0.275691 1.328904 0.729944 -0.044983 0.679421 0.059541
0.396214 0.275807 1.329276 0.729744 -0.045020 0.679651 0.059339
0.395775 0.275920 1.329646 0.729546 -0.045052 0.679879 0.059142
0.395340 0.276057 1.330033 0.729373 -0.045064 0.680072 0.059047
0.394907 0.276211 1.330437 0.729208 -0.045169 0.680256 0.058888
0.394476 0.276378 1.330858 0.729046 -0.045322 0.680436 0.058691
0.394048 0.276557 1.331294 0.728885 -0.045495 0.680616 0.058474
0.393621 0.276746 1.331744 0.728721 -0.045676 0.680799 0.058245
0.393195 0.276942 1.332207 0.728553 -0.045857 0.680986 0.058011
0.392771 0.277146 1.332681 0.728381 -0.046033 0.681178 0.057774
0.392346 0.277355 1.333165 0.728204 -0.046205 0.681377 0.057536
0.391923 0.277569 1.333659 0.728021 -0.046369 0.681580 0.057298
0.391499 0.277787 1.334160 0.727834 -0.046527 0.681789 0.057061
0.391075 0.278008 1.334667 0.727642 -0.046677 0.682003 0.056824
0.390650 0.278231 1.335179 0.727447 -0.046820 0.682222 0.056589
0.390225 0.278456 1.335696 0.727247 -0.046957 0.682444 0.056356
0.389799 0.278682 1.336216 0.727045 -0.047087 0.682670 0.056123
0.389371 0.278909 1.336737 0.726840 -0.047211 0.682899 0.055892
0.388943 0.279136 1.337261 0.726633 -0.047330 0.683130 0.055663
0.388513 0.279363 1.337784 0.726424 -0.047443 0.683363 0.055435
0.388082 0.279589 1.338308 0.726214 -0.047550 0.683597 0.055207
0.387649 0.279814 1.338831 0.726002 -0.047654 0.683832 0.054981
0.387214 0.280038 1.339353 0.725790 -0.047752 0.684068 0.054756
0.386778 0.280260 1.339873 0.725578 -0.047847 0.684305 0.054532
0.386340 0.280481 1.340391 0.725366 -0.047938 0.684542 0.054309
0.385901 0.280699 1.340906 0.725153 -0.048026 0.684778 0.054086
0.385459 0.280915 1.341418 0.724941 -0.048110 0.685014 0.053865
0.385016 0.281128 1.341927 0.724730 -0.048192 0.685250 0.053644
0.384572 0.281338 1.342433 0.724519 -0.048270 0.685484 0.053423
0.384125 0.281545 1.342934 0.724308 -0.048347 0.685718 0.053203
0.383677 0.281750 1.343432 0.724099 -0.048421 0.685951 0.052984
0.383227 0.281951 1.343925 0.723891 -0.048493 0.686183 0.052765
0.382776 0.282149 1.344414 0.723683 -0.048564 0.686413 0.052546
0.382322 0.282343 1.344899 0.723477 -0.048633 0.686642 0.052328
0.381868 0.282533 1.345379 0.723272 -0.048700 0.686870 0.052111
0.381411 0.282721 1.345855 0.723068 -0.048765 0.687096 0.051893
0.380953 0.282904 1.346326 0.722866 -0.048830 0.687321 0.051677
0.380494 0.283084 1.346792 0.722665 -0.048893 0.687544 0.051460
0.380033 0.283259 1.347253 0.722465 -0.048956 0.687766 0.051244
0.379570 0.283431 1.347709 0.722266 -0.049017 0.687986 0.051028
0.379107 0.283599 1.348161 0.722069 -0.049078 0.688205 0.050813
0.378641 0.283764 1.348607 0.721874 -0.049137 0.688421 0.050598
0.378175 0.283924 1.349049 0.721679 -0.049196 0.688637 0.050383
0.377721 0.284107 1.349516 0.721486 -0.048961 0.688841 0.050588
0.377273 0.284305 1.350002 0.721289 -0.048772 0.689046 0.050778
0.376828 0.284515 1.350503 0.721086 -0.048641 0.689257 0.050921
0.376386 0.284735 1.351019 0.720878 -0.048552 0.689474 0.051025
0.375945 0.284962 1.351548 0.720665 -0.048490 0.689695 0.051098
0.375504 0.285195 1.352088 0.720448 -0.048449 0.689921 0.051147
0.375064 0.285433 1.352637 0.720226 -0.048421 0.690152 0.051176
0.374624 0.285675 1.353194 0.720000 -0.048405 0.690388 0.051187
0.374184 0.285919 1.353757 0.719771 -0.048399 0.690628 0.051184
0.373742 0.286166 1.354326 0.719538 -0.048399 0.690872 0.051167
0.373300 0.286413 1.354898 0.719303 -0.048405 0.691119 0.051139
0.372857 0.286660 1.355473 0.719065 -0.048417 0.691368 0.051101
0.372412 0.286907 1.356049 0.718826 -0.048432 0.691619 0.051054
0.371966 0.287154 1.356626 0.718586 -0.048450 0.691871 0.050999
0.371518 0.287399 1.357203 0.718346 -0.048472 0.692124 0.050937
0.371068 0.287642 1.357778 0.718105 -0.048495 0.692377 0.050868
0.370617 0.287883 1.358352 0.717864 -0.048520 0.692630 0.050794
0.370164 0.288122 1.358923 0.717625 -0.048546 0.692882 0.050714
0.369709 0.288357 1.359491 0.717386 -0.048572 0.693134 0.050631
0.369252 0.288590 1.360056 0.717148 -0.048599 0.693384 0.050543
0.368794 0.288819 1.360616 0.716912 -0.048627 0.693633 0.050451
0.368333 0.289045 1.361173 0.716678 -0.048653 0.693880 0.050357
0.367871 0.289266 1.361724 0.716446 -0.048680 0.694125 0.050260
0.367407 0.289484 1.362271 0.716216 -0.048706 0.694368 0.050161
0.366941 0.289697 1.362812 0.715987 -0.048731 0.694609 0.050060
0.366473 0.289906 1.363348 0.715762 -0.048755 0.694847 0.049958
0.366004 0.290111 1.363878 0.715538 -0.048778 0.695083 0.049854
0.365532 0.290311 1.364402 0.715317 -0.048799 0.695316 0.049750
0.365059 0.290506 1.364921 0.715099 -0.048819 0.695547 0.049645
0.364585 0.290697 1.365433 0.714883 -0.048838 0.695775 0.049539
0.364109 0.290883 1.365940 0.714669 -0.048855 0.696001 0.049434
0.363631 0.291064 1.366440 0.714458 -0.048870 0.696224 0.049328
0.363152 0.291240 1.366934 0.714250 -0.048884 0.696444 0.049222
0.362672 0.291411 1.367422 0.714045 -0.048895 0.696661 0.049117
0.362190 0.291578 1.367904 0.713841 -0.048905 0.696876 0.049012
0.361707 0.291739 1.368379 0.713641 -0.048913 0.697088 0.048907
0.361223 0.291896 1.368849 0.713443 -0.048920 0.697298 0.048803
0.360737 0.292047 1.369312 0.713247 -0.048924 0.697505 0.048700
0.360250 0.292194 1.369769 0.713054 -0.048926 0.697709 0.048598
0.359763 0.292336 1.370220 0.712864 -0.048926 0.697911 0.048496
0.359293 0.292496 1.370707 0.712635 -0.048831 0.698138 0.048677
0.358836 0.292672 1.371224 0.712372 -0.048838 0.698396 0.048824
0.358385 0.292860 1.371767 0.712090 -0.048917 0.698671 0.048928
0.357940 0.293059 1.372331 0.711795 -0.049033 0.698958 0.049005
0.357497 0.293266 1.372914 0.711493 -0.049167 0.699252 0.049065
0.357056 0.293481 1.373513 0.711185 -0.049307 0.699552 0.049116
0.356616 0.293701 1.374125 0.710873 -0.049445 0.699856 0.049163
0.356176 0.293925 1.374749 0.710558 -0.049577 0.700163 0.049210
0.355736 0.294151 1.375381 0.710242 -0.049700 0.700472 0.049259
0.355295 0.294380 1.376020 0.709924 -0.049812 0.700782 0.049311
0.354854 0.294609 1.376665 0.709606 -0.049912 0.701093 0.049369
0.354411 0.294839 1.377312 0.709289 -0.049999 0.701403 0.049433
0.353966 0.295068 1.377962 0.708973 -0.050072 0.701712 0.049505
0.353520 0.295295 1.378612 0.708659 -0.050129 0.702019 0.049585
0.353073 0.295521 1.379262 0.708348 -0.050172 0.702323 0.049674
0.352623 0.295744 1.379910 0.708041 -0.050198 0.702625 0.049772
0.352171 0.295965 1.380556 0.707736 -0.050209 0.702923 0.049880
0.351717 0.296182 1.381198 0.707436 -0.050204 0.703216 0.049999
0.351261 0.296396 1.381836 0.707141 -0.050182 0.703506 0.050129
0.350803 0.296606 1.382469 0.706850 -0.050143 0.703791 0.050269
0.350343 0.296811 1.383096 0.706563 -0.050098 0.704072 0.050412
0.349881 0.297012 1.383718 0.706280 -0.050053 0.704349 0.050548
0.349416 0.297209 1.384333 0.706001 -0.050010 0.704623 0.050677
0.348950 0.297400 1.384942 0.705726 -0.049969 0.704892 0.050799
0.348481 0.297587 1.385544 0.705455 -0.049931 0.705158 0.050914
0.348010 0.297768 1.386138 0.705189 -0.049894 0.705419 0.051023
0.347538 0.297944 1.386725 0.704927 -0.049859 0.705676 0.051126
0.347063 0.298115 1.387304 0.704669 -0.049825 0.705929 0.051223
0.346587 0.298280 1.387876 0.704416 -0.049793 0.706177 0.051315
0.346109 0.298440 1.388440 0.704167 -0.049761 0.706421 0.051402
0.345629 0.298594 1.388995 0.703922 -0.049731 0.706661 0.051485
0.345147 0.298743 1.389543 0.703682 -0.049700 0.706897 0.051563
0.344664 0.298886 1.390083 0.703446 -0.049670 0.707128 0.051637
0.344180 0.299024 1.390615 0.703214 -0.049640 0.707356 0.051708
0.343693 0.299156 1.391139 0.702986 -0.049611 0.707579 0.051775
0.343206 0.299283 1.391655 0.702763 -0.049581 0.707798 0.051838
0.342717 0.299404 1.392163 0.702544 -0.049551 0.708014 0.051899
0.342227 0.299519 1.392663 0.702328 -0.049520 0.708225 0.051957
0.341735 0.299629 1.393156 0.702117 -0.049490 0.708433 0.052012
0.341243 0.299734 1.393640 0.701909 -0.049458 0.708637 0.052065
0.340769 0.299849 1.394163 0.701653 -0.049470 0.708875 0.052272
0.340304 0.299972 1.394714 0.701364 -0.049606 0.709139 0.052441
0.339844 0.300104 1.395287 0.701060 -0.049820 0.709415 0.052571
0.339388 0.300243 1.395880 0.700749 -0.050075 0.709696 0.052676
0.338932 0.300389 1.396489 0.700437 -0.050347 0.709978 0.052766
0.338478 0.300540 1.397113 0.700123 -0.050625 0.710262 0.052848
0.338024 0.300694 1.397748 0.699810 -0.050901 0.710545 0.052926
0.337569 0.300852 1.398392 0.699497 -0.051171 0.710828 0.053004
0.337114 0.301011 1.399043 0.699184 -0.051430 0.711111 0.053083
0.336658 0.301171 1.399700 0.698873 -0.051677 0.711392 0.053167
0.336201 0.301331 1.400360 0.698564 -0.051911 0.711672 0.053257
0.335742 0.301490 1.401022 0.698258 -0.052131 0.711949 0.053353
0.335283 0.301648 1.401683 0.697954 -0.052335 0.712224 0.053457
0.334821 0.301804 1.402344 0.697655 -0.052522 0.712495 0.053569
0.334358 0.301958 1.403003 0.697359 -0.052693 0.712763 0.053690
0.333893 0.302108 1.403658 0.697069 -0.052846 0.713026 0.053821
0.333427 0.302255 1.404308 0.696783 -0.052982 0.713284 0.053963
0.332958 0.302399 1.404954 0.696502 -0.053099 0.713538 0.054115
0.332488 0.302538 1.405594 0.696227 -0.053199 0.713786 0.054278
0.332016 0.302674 1.406228 0.695959 -0.053279 0.714029 0.054452
0.331542 0.302805 1.406855 0.695696 -0.053342 0.714267 0.054638
0.331066 0.302931 1.407474 0.695439 -0.053386 0.714498 0.054836
0.330588 0.303052 1.408086 0.695188 -0.053411 0.714724 0.055045
0.330109 0.303168 1.408690 0.694944 -0.053418 0.714944 0.055267
0.329628 0.303279 1.409285 0.694706 -0.053406 0.715158 0.055500
0.329145 0.303385 1.409873 0.694474 -0.053377 0.715366 0.055745
0.328661 0.303486 1.410451 0.694249 -0.053329 0.715569 0.056003
0.328175 0.303581 1.411021 0.694030 -0.053263 0.715765 0.056272
0.327688 0.303671 1.411582 0.693816 -0.053189 0.715956 0.056544
0.327199 0.303755 1.412134 0.693607 -0.053114 0.716143 0.056809
0.326709 0.303834 1.412677 0.693402 -0.053041 0.716327 0.057067
0.326218 0.303907 1.413211 0.693202 -0.052969 0.716506 0.057318
0.325725 0.303975 1.413736 0.693006 -0.052899 0.716681 0.057561
0.325231 0.304037 1.414252 0.692814 -0.052829 0.716852 0.057797
0.324736 0.304094 1.414760 0.692627 -0.052761 0.717019 0.058027
0.324240 0.304146 1.415259 0.692444 -0.052694 0.717183 0.058250
0.323743 0.304192 1.415749 0.692265 -0.052628 0.717343 0.058467
0.323246 0.304233 1.416231 0.692090 -0.052563 0.717500 0.058677
0.322747 0.304268 1.416705 0.691919 -0.052498 0.717653 0.058882
0.322247 0.304299 1.417170 0.691751 -0.052434 0.717802 0.059081
0.321769 0.304334 1.417683 0.691517 -0.052471 0.718002 0.059370
0.321304 0.304374 1.418236 0.691230 -0.052615 0.718245 0.059632
0.320849 0.304418 1.418819 0.690911 -0.052825 0.718517 0.059871
0.320401 0.304465 1.419429 0.690571 -0.053071 0.718808 0.060095
0.319957 0.304515 1.420058 0.690217 -0.053335 0.719110 0.060311
0.319517 0.304567 1.420703 0.689854 -0.053608 0.719420 0.060524
0.319079 0.304620 1.421361 0.689486 -0.053881 0.719734 0.060736
0.318642 0.304672 1.422029 0.689114 -0.054151 0.720051 0.060951
0.318206 0.304724 1.422703 0.688742 -0.054415 0.720369 0.061170
0.317771 0.304775 1.423382 0.688371 -0.054670 0.720686 0.061393
0.317335 0.304824 1.424063 0.688001 -0.054914 0.721000 0.061623
0.316899 0.304870 1.424744 0.687635 -0.055146 0.721312 0.061860
0.316463 0.304914 1.425424 0.687273 -0.055365 0.721619 0.062104
0.316025 0.304955 1.426102 0.686915 -0.055568 0.721922 0.062357
0.315586 0.304992 1.426776 0.686563 -0.055757 0.722220 0.062618
0.315146 0.305026 1.427445 0.686217 -0.055929 0.722511 0.062889
0.314705 0.305056 1.428108 0.685878 -0.056085 0.722797 0.063169
0.314262 0.305081 1.428765 0.685545 -0.056223 0.723076 0.063459
0.313817 0.305103 1.429415 0.685220 -0.056344 0.723349 0.063760
0.313371 0.305120 1.430057 0.684902 -0.056448 0.723614 0.064070
0.312923 0.305133 1.430691 0.684592 -0.056533 0.723873 0.064391
0.312474 0.305142 1.431317 0.684289 -0.056600 0.724124 0.064723
0.312023 0.305146 1.431933 0.683994 -0.056650 0.724369 0.065065
0.311570 0.305145 1.432541 0.683706 -0.056681 0.724606 0.065418
0.311116 0.305139 1.433139 0.683427 -0.056694 0.724835 0.065781
0.310660 0.305130 1.433727 0.683155 -0.056689 0.725058 0.066155
0.310203 0.305115 1.434306 0.682891 -0.056666 0.725274 0.066539
0.309744 0.305095 1.434876 0.682634 -0.056626 0.725482 0.066934
0.309283 0.305072 1.435435 0.682385 -0.056568 0.725683 0.067339
0.308822 0.305043 1.435985 0.682143 -0.056492 0.725878 0.067754
0.308358 0.305010 1.436526 0.681909 -0.056400 0.726066 0.068179
0.307894 0.304972 1.437057 0.681681 -0.056293 0.726247 0.068611
0.307428 0.304930 1.437578 0.681458 -0.056186 0.726424 0.069036
0.306961 0.304883 1.438090 0.681241 -0.056080 0.726596 0.069451
0.306492 0.304831 1.438592 0.681029 -0.055976 0.726764 0.069855
0.306023 0.304776 1.439085 0.680822 -0.055875 0.726928 0.070251
0.305552 0.304716 1.439569 0.680620 -0.055775 0.727087 0.070636
0.305080 0.304651 1.440043 0.680423 -0.055677 0.727243 0.071012
0.304607 0.304583 1.440509 0.680230 -0.055581 0.727395 0.071378
0.304134 0.304510 1.440967 0.680042 -0.055487 0.727543 0.071736
0.303679 0.304438 1.441472 0.679790 -0.055556 0.727732 0.072139
0.303241 0.304368 1.442015 0.679478 -0.055789 0.727971 0.072496
0.302812 0.304299 1.442586 0.679127 -0.056115 0.728241 0.072822
0.302390 0.304232 1.443178 0.678752 -0.056490 0.728530 0.073131
0.301973 0.304165 1.443787 0.678363 -0.056887 0.728831 0.073433
0.301558 0.304099 1.444406 0.677967 -0.057293 0.729138 0.073734
0.301145 0.304032 1.445034 0.677567 -0.057698 0.729447 0.074035
0.300733 0.303965 1.445668 0.677167 -0.058097 0.729755 0.074341
0.300321 0.303896 1.446304 0.676769 -0.058486 0.730062 0.074652
0.299909 0.303825 1.446941 0.676375 -0.058863 0.730364 0.074970
0.299497 0.303751 1.447577 0.675985 -0.059224 0.730662 0.075294
0.299083 0.303675 1.448210 0.675602 -0.059570 0.730954 0.075627
0.298669 0.303597 1.448840 0.675225 -0.059898 0.731240 0.075969
0.298253 0.303515 1.449464 0.674855 -0.060208 0.731520 0.076319
0.297835 0.303430 1.450083 0.674493 -0.060500 0.731792 0.076679
0.297417 0.303342 1.450696 0.674140 -0.060771 0.732056 0.077047
0.296996 0.303250 1.451301 0.673794 -0.061023 0.732313 0.077426
0.296574 0.303155 1.451899 0.673457 -0.061255 0.732562 0.077815
0.296151 0.303057 1.452489 0.673129 -0.061466 0.732804 0.078213
0.295725 0.302955 1.453070 0.672810 -0.061657 0.733037 0.078621
0.295298 0.302849 1.453642 0.672500 -0.061828 0.733263 0.079039
0.294869 0.302740 1.454205 0.672198 -0.061977 0.733480 0.079467
0.294439 0.302627 1.454759 0.671905 -0.062107 0.733690 0.079905
0.294007 0.302510 1.455304 0.671621 -0.062216 0.733892 0.080353
0.293573 0.302390 1.455839 0.671346 -0.062304 0.734086 0.080811
0.293138 0.302267 1.456365 0.671079 -0.062373 0.734273 0.081278
0.292701 0.302139 1.456881 0.670820 -0.062422 0.734452 0.081754
0.292263 0.302009 1.457388 0.670570 -0.062451 0.734624 0.082240
0.291823 0.301875 1.457886 0.670328 -0.062462 0.734789 0.082736
0.291381 0.301737 1.458375 0.670093 -0.062453 0.734946 0.083240
0.290939 0.301596 1.458854 0.669866 -0.062425 0.735097 0.083753
0.290495 0.301452 1.459324 0.669647 -0.062379 0.735241 0.084275
0.290049 0.301305 1.459785 0.669436 -0.062314 0.735378 0.084806
0.289603 0.301154 1.460237 0.669231 -0.062232 0.735509 0.085345
0.289155 0.301001 1.460681 0.669033 -0.062133 0.735633 0.085893
0.288706 0.300844 1.461116 0.668843 -0.062016 0.735752 0.086448
0.288256 0.300684 1.461542 0.668657 -0.061894 0.735866 0.086999
0.287805 0.300521 1.461960 0.668476 -0.061771 0.735976 0.087539
0.287353 0.300355 1.462370 0.668300 -0.061650 0.736083 0.088067
0.286899 0.300186 1.462772 0.668128 -0.061531 0.736188 0.088583
0.286462 0.300018 1.463227 0.667913 -0.061603 0.736318 0.089072
0.286033 0.299852 1.463717 0.667665 -0.061809 0.736472 0.089512
0.285612 0.299687 1.464234 0.667396 -0.062089 0.736642 0.089923
0.285194 0.299524 1.464772 0.667112 -0.062409 0.736824 0.090318
0.284780 0.299362 1.465327 0.666819 -0.062750 0.737012 0.090706
0.284368 0.299201 1.465894 0.666522 -0.063099 0.737204 0.091090
0.283958 0.299040 1.466469 0.666222 -0.063449 0.737397 0.091473
0.283548 0.298878 1.467051 0.665922 -0.063795 0.737590 0.091859
0.283139 0.298716 1.467636 0.665624 -0.064134 0.737782 0.092247
0.282730 0.298553 1.468222 0.665329 -0.064463 0.737970 0.092641
0.282320 0.298388 1.468808 0.665037 -0.064779 0.738155 0.093039
0.281910 0.298222 1.469391 0.664750 -0.065081 0.738336 0.093443
0.281499 0.298054 1.469972 0.664469 -0.065367 0.738512 0.093855
0.281087 0.297883 1.470548 0.664193 -0.065638 0.738682 0.094273
0.280674 0.297710 1.471119 0.663924 -0.065891 0.738847 0.094699
0.280259 0.297535 1.471683 0.663662 -0.066126 0.739006 0.095133
0.279844 0.297358 1.472241 0.663406 -0.066342 0.739160 0.095574
0.279428 0.297178 1.472792 0.663157 -0.066540 0.739307 0.096025
0.279010 0.296995 1.473334 0.662916 -0.066718 0.739447 0.096483
0.278590 0.296810 1.473869 0.662682 -0.066878 0.739582 0.096950
0.278170 0.296622 1.474395 0.662455 -0.067017 0.739710 0.097426
0.277748 0.296431 1.474913 0.662235 -0.067137 0.739831 0.097910
0.277325 0.296238 1.475421 0.662023 -0.067238 0.739947 0.098403
0.276901 0.296042 1.475921 0.661818 -0.067319 0.740056 0.098904
0.276475 0.295843 1.476412 0.661620 -0.067381 0.740159 0.099414
0.276048 0.295641 1.476894 0.661430 -0.067424 0.740256 0.099932
0.275620 0.295437 1.477367 0.661246 -0.067448 0.740346 0.100459
0.275191 0.295231 1.477831 0.661069 -0.067453 0.740431 0.100993
0.274760 0.295021 1.478286 0.660898 -0.067439 0.740510 0.101536
0.274329 0.294810 1.478733 0.660734 -0.067408 0.740584 0.102087
0.273896 0.294595 1.479170 0.660577 -0.067358 0.740652 0.102646
0.273462 0.294378 1.479600 0.660426 -0.067291 0.740714 0.103212
0.273028 0.294159 1.480020 0.660281 -0.067207 0.740771 0.103786
0.272592 0.293937 1.480432 0.660141 -0.067105 0.740823 0.104367
0.272156 0.293713 1.480836 0.660008 -0.066987 0.740869 0.104956
0.271718 0.293487 1.481232 0.659879 -0.066852 0.740911 0.105552
0.271280 0.293258 1.481620 0.659757 -0.066701 0.740947 0.106155
0.270841 0.293027 1.482000 0.659639 -0.066534 0.740979 0.106764
0.270402 0.292794 1.482373 0.659525 -0.066366 0.741009 0.107364
0.269961 0.292559 1.482738 0.659414 -0.066200 0.741038 0.107951
0.269537 0.292323 1.483167 0.659245 -0.066246 0.741107 0.108483
0.269127 0.292086 1.483650 0.659015 -0.066415 0.741224 0.108973
0.268727 0.291849 1.484173 0.658740 -0.066659 0.741377 0.109445
0.268335 0.291612 1.484726 0.658432 -0.066950 0.741556 0.109908
0.267948 0.291372 1.485302 0.658102 -0.067269 0.741752 0.110370
0.267566 0.291131 1.485895 0.657757 -0.067606 0.741958 0.110832
0.267187 0.290888 1.486499 0.657403 -0.067952 0.742171 0.111297
0.266810 0.290643 1.487110 0.657044 -0.068300 0.742386 0.111765
0.266434 0.290396 1.487726 0.656684 -0.068646 0.742601 0.112238
0.266059 0.290146 1.488343 0.656326 -0.068986 0.742814 0.112717
0.265685 0.289893 1.488960 0.655970 -0.069317 0.743023 0.113202
0.265310 0.289638 1.489574 0.655619 -0.069637 0.743228 0.113693
0.264935 0.289380 1.490184 0.655274 -0.069944 0.743428 0.114190
0.264560 0.289120 1.490789 0.654935 -0.070237 0.743621 0.114695
0.264183 0.288858 1.491387 0.654603 -0.070514 0.743808 0.115207
0.263806 0.288592 1.491979 0.654279 -0.070774 0.743988 0.115726
0.263428 0.288325 1.492563 0.653963 -0.071017 0.744160 0.116253
0.263048 0.288054 1.493139 0.653655 -0.071242 0.744326 0.116787
0.262667 0.287782 1.493705 0.653355 -0.071448 0.744484 0.117329
0.262285 0.287507 1.494263 0.653064 -0.071635 0.744635 0.117879
0.261901 0.287230 1.494812 0.652781 -0.071804 0.744778 0.118436
0.261517 0.286953 1.495351 0.652504 -0.071951 0.744916 0.119003
0.261132 0.286677 1.495881 0.652233 -0.072074 0.745049 0.119580
0.260746 0.286404 1.496400 0.651967 -0.072174 0.745177 0.120166
0.260359 0.286135 1.496910 0.651707 -0.072249 0.745302 0.120761
0.259971 0.285872 1.497410 0.651453 -0.072300 0.745421 0.121361
0.259583 0.285616 1.497900 0.651206 -0.072327 0.745536 0.121966
0.259193 0.285367 1.498380 0.650965 -0.072330 0.745646 0.122574
0.258801 0.285126 1.498850 0.650732 -0.072310 0.745751 0.123184
0.258408 0.284893 1.499311 0.650506 -0.072266 0.745851 0.123795
0.258012 0.284670 1.499762 0.650288 -0.072198 0.745946 0.124405
0.257615 0.284455 1.500203 0.650077 -0.072108 0.746037 0.125015
0.257216 0.284251 1.500635 0.649875 -0.071994 0.746122 0.125624
0.256814 0.284056 1.501058 0.649680 -0.071857 0.746203 0.126231
0.256409 0.283872 1.501471 0.649493 -0.071698 0.746278 0.126835
0.256003 0.283697 1.501875 0.649312 -0.071528 0.746352 0.127423
0.255593 0.283533 1.502271 0.649137 -0.071352 0.746424 0.127988
0.255181 0.283379 1.502658 0.648967 -0.071171 0.746496 0.128530
0.254766 0.283236 1.503036 0.648804 -0.070986 0.746566 0.129048
0.254348 0.283104 1.503405 0.648646 -0.070797 0.746636 0.129542
0.253934 0.282960 1.503827 0.648500 -0.070794 0.746688 0.129970
0.253525 0.282800 1.504286 0.648326 -0.070931 0.746761 0.130344
0.253119 0.282630 1.504771 0.648120 -0.071144 0.746857 0.130704
0.252718 0.282453 1.505275 0.647888 -0.071393 0.746971 0.131069
0.252321 0.282273 1.505792 0.647637 -0.071659 0.747097 0.131443
0.251926 0.282091 1.506318 0.647372 -0.071929 0.747233 0.131828
0.251533 0.281910 1.506848 0.647100 -0.072195 0.747373 0.132223
0.251141 0.281730 1.507380 0.646823 -0.072453 0.747516 0.132628
0.250750 0.281555 1.507912 0.646546 -0.072697 0.747659 0.133040
0.250360 0.281383 1.508441 0.646269 -0.072926 0.747801 0.133458
0.249970 0.281217 1.508967 0.645996 -0.073138 0.747941 0.133881
0.249579 0.281056 1.509487 0.645727 -0.073329 0.748078 0.134309
0.249187 0.280901 1.510002 0.645463 -0.073500 0.748212 0.134740
0.248794 0.280754 1.510510 0.645205 -0.073649 0.748341 0.135174
0.248399 0.280614 1.511011 0.644955 -0.073775 0.748465 0.135610
0.248003 0.280481 1.511504 0.644711 -0.073878 0.748585 0.136048
0.247605 0.280357 1.511989 0.644476 -0.073957 0.748701 0.136486
0.247204 0.280240 1.512466 0.644249 -0.074012 0.748811 0.136926
0.246801 0.280132 1.512933 0.644029 -0.074042 0.748916 0.137365
0.246396 0.280033 1.513393 0.643818 -0.074048 0.749016 0.137805
0.245989 0.279942 1.513843 0.643616 -0.074029 0.749111 0.138244
0.245578 0.279860 1.514285 0.643422 -0.073986 0.749201 0.138682
0.245165 0.279787 1.514718 0.643236 -0.073918 0.749286 0.139119
0.244749 0.279722 1.515142 0.643059 -0.073826 0.749366 0.139555
0.244330 0.279667 1.515557 0.642889 -0.073709 0.749442 0.139989
0.243908 0.279621 1.515964 0.642728 -0.073569 0.749513 0.140422
0.243484 0.279584 1.516362 0.642576 -0.073405 0.749579 0.140853
0.243056 0.279555 1.516752 0.642431 -0.073218 0.749641 0.141282
0.242625 0.279536 1.517133 0.642293 -0.073007 0.749698 0.141709
0.242192 0.279525 1.517506 0.642164 -0.072776 0.749752 0.142132
0.241755 0.279524 1.517871 0.642039 -0.072536 0.749806 0.142534
0.241315 0.279531 1.518228 0.641920 -0.072292 0.749859 0.142914
0.240873 0.279546 1.518577 0.641806 -0.072042 0.749912 0.143272
0.240427 0.279570 1.518918 0.641696 -0.071789 0.749966 0.143606
0.239979 0.279603 1.519252 0.641592 -0.071531 0.750020 0.143919
0.239527 0.279644 1.519578 0.641493 -0.071269 0.750074 0.144209
0.239073 0.279693 1.519897 0.641398 -0.071003 0.750128 0.144479
0.238616 0.279751 1.520209 0.641308 -0.070732 0.750183 0.144727
0.238156 0.279816 1.520515 0.641223 -0.070458 0.750238 0.144954
0.237693 0.279890 1.520813 0.641141 -0.070179 0.750294 0.145161
0.237233 0.279959 1.521173 0.641091 -0.069964 0.750316 0.145371
0.236778 0.280030 1.521586 0.641015 -0.069853 0.750365 0.145511
0.236329 0.280101 1.522037 0.640902 -0.069811 0.750444 0.145621
0.235884 0.280172 1.522515 0.640758 -0.069812 0.750547 0.145722
0.235442 0.280244 1.523013 0.640590 -0.069839 0.750668 0.145825
0.235002 0.280317 1.523524 0.640406 -0.069878 0.750800 0.145931
0.234564 0.280392 1.524043 0.640211 -0.069922 0.750941 0.146043
0.234126 0.280470 1.524567 0.640010 -0.069963 0.751086 0.146161
0.233688 0.280550 1.525092 0.639806 -0.069999 0.751232 0.146285
0.233250 0.280633 1.525617 0.639602 -0.070024 0.751378 0.146413
0.232811 0.280720 1.526139 0.639399 -0.070036 0.751523 0.146547
0.232371 0.280811 1.526657 0.639200 -0.070033 0.751666 0.146686
0.231930 0.280906 1.527170 0.639005 -0.070012 0.751806 0.146830
0.231487 0.281005 1.527676 0.638815 -0.069972 0.751942 0.146978
0.231042 0.281108 1.528176 0.638630 -0.069913 0.752075 0.147130
0.230595 0.281217 1.528669 0.638452 -0.069833 0.752203 0.147287
0.230145 0.281330 1.529155 0.638279 -0.069732 0.752327 0.147448
0.229694 0.281447 1.529632 0.638113 -0.069610 0.752447 0.147612
0.229240 0.281570 1.530101 0.637954 -0.069466 0.752563 0.147780
0.228783 0.281698 1.530562 0.637801 -0.069300 0.752674 0.147952
0.228324 0.281831 1.531014 0.637655 -0.069112 0.752781 0.148126
0.227863 0.281968 1.531458 0.637513 -0.068917 0.752887 0.148286
0.227399 0.282112 1.531893 0.637375 -0.068716 0.752994 0.148428
0.226932 0.282260 1.532320 0.637242 -0.068511 0.753100 0.148553
0.226462 0.282413 1.532739 0.637114 -0.068301 0.753207 0.148661
0.225990 0.282572 1.533149 0.636990 -0.068087 0.753313 0.148751
0.225515 0.282735 1.533550 0.636871 -0.067868 0.753419 0.148824
0.225038 0.282904 1.533944 0.636756 -0.067643 0.753526 0.148880
0.224558 0.283078 1.534330 0.636645 -0.067414 0.753632 0.148920
0.224075 0.283257 1.534708 0.636539 -0.067181 0.753738 0.148943
0.223589 0.283441 1.535078 0.636437 -0.066942 0.753844 0.148951
0.223101 0.283630 1.535440 0.636338 -0.066698 0.753950 0.148943
0.222610 0.283824 1.535795 0.636244 -0.066449 0.754056 0.148921
0.222117 0.284023 1.536142 0.636153 -0.066195 0.754163 0.148883
0.221621 0.284226 1.536483 0.636067 -0.065936 0.754269 0.148830
0.221123 0.284434 1.536816 0.635984 -0.065672 0.754375 0.148763
0.220622 0.284647 1.537142 0.635904 -0.065403 0.754481 0.148682
0.220118 0.284865 1.537462 0.635828 -0.065129 0.754588 0.148588
0.219612 0.285087 1.537774 0.635755 -0.064850 0.754694 0.148480
0.219104 0.285313 1.538081 0.635686 -0.064566 0.754801 0.148359
0.218595 0.285524 1.538440 0.635676 -0.064202 0.754839 0.148367
0.218088 0.285724 1.538838 0.635643 -0.063868 0.754894 0.148371
0.217584 0.285915 1.539265 0.635580 -0.063567 0.754971 0.148377
0.217084 0.286099 1.539711 0.635493 -0.063292 0.755065 0.148394
0.216586 0.286276 1.540172 0.635385 -0.063034 0.755170 0.148424
0.216091 0.286448 1.540642 0.635264 -0.062787 0.755284 0.148467
0.215597 0.286617 1.541117 0.635134 -0.062545 0.755403 0.148523
0.215105 0.286783 1.541594 0.634997 -0.062303 0.755525 0.148589
0.214613 0.286947 1.542071 0.634857 -0.062059 0.755648 0.148666
0.214122 0.287111 1.542547 0.634716 -0.061808 0.755770 0.148753
0.213631 0.287275 1.543019 0.634574 -0.061549 0.755891 0.148848
0.213140 0.287439 1.543487 0.634434 -0.061279 0.756010 0.148951
0.212649 0.287603 1.543950 0.634296 -0.060997 0.756127 0.149061
0.212157 0.287770 1.544407 0.634159 -0.060717 0.756246 0.149159
0.211664 0.287937 1.544858 0.634023 -0.060439 0.756365 0.149245
0.211170 0.288107 1.545302 0.633889 -0.060162 0.756486 0.149315
0.210674 0.288279 1.545739 0.633757 -0.059887 0.756607 0.149371
0.210177 0.288454 1.546169 0.633628 -0.059612 0.756728 0.149413
0.209679 0.288631 1.546591 0.633502 -0.059336 0.756850 0.149440
0.209179 0.288811 1.547006 0.633378 -0.059060 0.756973 0.149453
0.208678 0.288995 1.547414 0.633257 -0.058783 0.757096 0.149451
0.208175 0.289181 1.547813 0.633140 -0.058503 0.757219 0.149435
0.207669 0.289371 1.548206 0.633026 -0.058222 0.757342 0.149406
0.207162 0.289564 1.548591 0.632914 -0.057938 0.757465 0.149362
0.206653 0.289760 1.548969 0.632806 -0.057651 0.757589 0.149305
0.206142 0.289960 1.549339 0.632701 -0.057362 0.757712 0.149235
0.205629 0.290164 1.549702 0.632599 -0.057069 0.757836 0.149151
0.205114 0.290371 1.550058 0.632501 -0.056773 0.757959 0.149054
0.204596 0.290581 1.550407 0.632405 -0.056474 0.758083 0.148944
0.204077 0.290796 1.550749 0.632312 -0.056172 0.758207 0.148822
0.203556 0.291013 1.551084 0.632223 -0.055866 0.758331 0.148687
0.203032 0.291235 1.551413 0.632136 -0.055557 0.758454 0.148540
0.202506 0.291459 1.551734 0.632052 -0.055244 0.758578 0.148382
0.201979 0.291688 1.552050 0.631971 -0.054927 0.758702 0.148211
0.201449 0.291920 1.552359 0.631893 -0.054607 0.758826 0.148028
0.200917 0.292155 1.552662 0.631818 -0.054283 0.758950 0.147835
0.200382 0.292393 1.552958 0.631745 -0.053956 0.759074 0.147630
0.199846 0.292635 1.553249 0.631675 -0.053625 0.759197 0.147414
0.199308 0.292881 1.553534 0.631607 -0.053290 0.759321 0.147188
0.198768 0.293129 1.553813 0.631542 -0.052952 0.759445 0.146951
0.198225 0.293364 1.554149 0.631555 -0.052443 0.759481 0.146890
0.197684 0.293578 1.554531 0.631560 -0.051987 0.759525 0.146805
0.197146 0.293773 1.554945 0.631533 -0.051587 0.759591 0.146716
0.196614 0.293952 1.555383 0.631478 -0.051229 0.759676 0.146641
0.196085 0.294117 1.555837 0.631397 -0.050900 0.759775 0.146587
0.195561 0.294272 1.556302 0.631298 -0.050598 0.759887 0.146544
0.195040 0.294418 1.556773 0.631183 -0.050325 0.760009 0.146502
0.194523 0.294557 1.557248 0.631057 -0.050076 0.760138 0.146457
0.194007 0.294690 1.557723 0.630923 -0.049845 0.760274 0.146409
0.193494 0.294820 1.558196 0.630784 -0.049630 0.760413 0.146356
0.192982 0.294946 1.558667 0.630642 -0.049426 0.760556 0.146297
0.192472 0.295071 1.559134 0.630498 -0.049230 0.760701 0.146231
0.191962 0.295195 1.559596 0.630353 -0.049041 0.760847 0.146157
0.191453 0.295318 1.560052 0.630208 -0.048857 0.760995 0.146076
0.190943 0.295441 1.560503 0.630063 -0.048675 0.761143 0.145986
0.190434 0.295566 1.560947 0.629920 -0.048495 0.761292 0.145887
0.189925 0.295691 1.561384 0.629779 -0.048315 0.761441 0.145779
0.189414 0.295818 1.561814 0.629639 -0.048134 0.761591 0.145662
0.188903 0.295947 1.562237 0.629502 -0.047953 0.761740 0.145535
0.188391 0.296078 1.562652 0.629367 -0.047769 0.761889 0.145399
0.187878 0.296212 1.563060 0.629234 -0.047582 0.762038 0.145253
0.187364 0.296349 1.563461 0.629104 -0.047392 0.762187 0.145097
0.186848 0.296488 1.563855 0.628977 -0.047199 0.762335 0.144932
0.186330 0.296631 1.564241 0.628853 -0.047002 0.762483 0.144756
0.185811 0.296776 1.564620 0.628732 -0.046801 0.762631 0.144571
0.185291 0.296925 1.564992 0.628613 -0.046596 0.762778 0.144375
0.184769 0.297078 1.565356 0.628497 -0.046386 0.762925 0.144170
0.184245 0.297234 1.565714 0.628384 -0.046172 0.763072 0.143956
0.183719 0.297393 1.566065 0.628274 -0.045953 0.763218 0.143731
0.183191 0.297556 1.566408 0.628167 -0.045729 0.763363 0.143497
0.182661 0.297722 1.566746 0.628063 -0.045500 0.763509 0.143253
0.182130 0.297892 1.567076 0.627961 -0.045266 0.763653 0.143000
0.181596 0.298066 1.567400 0.627863 -0.045027 0.763798 0.142738
0.181061 0.298243 1.567718 0.627767 -0.044783 0.763942 0.142466
0.180523 0.298424 1.568029 0.627673 -0.044534 0.764085 0.142186
0.179984 0.298608 1.568334 0.627583 -0.044280 0.764228 0.141896
0.179443 0.298796 1.568633 0.627495 -0.044021 0.764371 0.141598
0.178899 0.298987 1.568926 0.627409 -0.043758 0.764513 0.141291
0.178354 0.299182 1.569214 0.627326 -0.043489 0.764654 0.140975
0.177807 0.299381 1.569495 0.627246 -0.043215 0.764796 0.140651
0.177253 0.299581 1.569829 0.627231 -0.042636 0.764853 0.140584
0.176699 0.299778 1.570192 0.627180 -0.042061 0.764940 0.140508
0.176145 0.299971 1.570576 0.627099 -0.041511 0.765052 0.140422
0.175592 0.300161 1.570973 0.626996 -0.040989 0.765183 0.140326
0.175040 0.300347 1.571379 0.626876 -0.040493 0.765326 0.140221
0.174488 0.300531 1.571789 0.626745 -0.040020 0.765479 0.140108
0.173936 0.300714 1.572200 0.626606 -0.039566 0.765639 0.139986
0.173384 0.300895 1.572611 0.626462 -0.039128 0.765803 0.139853
0.172832 0.301076 1.573020 0.626316 -0.038703 0.765971 0.139711
0.172280 0.301257 1.573425 0.626168 -0.038288 0.766141 0.139559
0.171727 0.301439 1.573826 0.626019 -0.037880 0.766312 0.139397
0.171174 0.301621 1.574223 0.625871 -0.037479 0.766484 0.139225
0.170620 0.301805 1.574614 0.625724 -0.037083 0.766656 0.139043
0.170065 0.301989 1.574999 0.625579 -0.036690 0.766828 0.138850
0.169508 0.302176 1.575379 0.625435 -0.036300 0.767001 0.138648
0.168951 0.302364 1.575752 0.625293 -0.035912 0.767173 0.138435
0.168392 0.302554 1.576119 0.625153 -0.035526 0.767345 0.138213
0.167832 0.302745 1.576480 0.625016 -0.035140 0.767517 0.137980
0.167271 0.302939 1.576834 0.624881 -0.034754 0.767688 0.137738
0.166708 0.303135 1.577182 0.624748 -0.034368 0.767858 0.137487
0.166144 0.303334 1.577524 0.624618 -0.033982 0.768028 0.137226
0.165578 0.303534 1.577860 0.624489 -0.033596 0.768197 0.136956
0.165011 0.303737 1.578189 0.624364 -0.033208 0.768366 0.136676
0.164442 0.303942 1.578513 0.624241 -0.032820 0.768534 0.136387
0.163871 0.304150 1.578830 0.624120 -0.032430 0.768702 0.136090
0.163299 0.304359 1.579141 0.624001 -0.032040 0.768869 0.135783
0.162726 0.304572 1.579447 0.623885 -0.031647 0.769035 0.135468
0.162150 0.304786 1.579746 0.623771 -0.031253 0.769200 0.135145
0.161573 0.305003 1.580040 0.623660 -0.030858 0.769365 0.134813
0.160995 0.305222 1.580329 0.623550 -0.030461 0.769529 0.134472
0.160414 0.305443 1.580612 0.623443 -0.030063 0.769692 0.134124
0.159832 0.305667 1.580889 0.623338 -0.029662 0.769854 0.133768
0.159249 0.305893 1.581161 0.623236 -0.029260 0.770016 0.133404
0.158664 0.306121 1.581428 0.623135 -0.028856 0.770177 0.133032
0.158077 0.306351 1.581690 0.623036 -0.028451 0.770337 0.132653
0.157489 0.306583 1.581947 0.622939 -0.028043 0.770497 0.132266
0.156899 0.306817 1.582199 0.622845 -0.027634 0.770656 0.131873
0.156307 0.307053 1.582446 0.622752 -0.027223 0.770814 0.131472
0.155714 0.307291 1.582688 0.622661 -0.026810 0.770971 0.131065
0.155119 0.307532 1.582925 0.622572 -0.026396 0.771128 0.130651
0.154514 0.307770 1.583223 0.622571 -0.025672 0.771193 0.130415
0.153909 0.307996 1.583560 0.622565 -0.024994 0.771269 0.130121
0.153304 0.308211 1.583925 0.622538 -0.024374 0.771366 0.129794
0.152702 0.308416 1.584310 0.622490 -0.023805 0.771480 0.129453
0.152103 0.308612 1.584709 0.622425 -0.023278 0.771607 0.129105
0.151509 0.308801 1.585116 0.622348 -0.022786 0.771743 0.128754
0.150920 0.308984 1.585527 0.622262 -0.022323 0.771885 0.128400
0.150338 0.309162 1.585941 0.622170 -0.021883 0.772030 0.128044
0.149762 0.309336 1.586354 0.622074 -0.021465 0.772178 0.127687
0.149193 0.309506 1.586766 0.621976 -0.021063 0.772327 0.127329
0.148632 0.309673 1.587174 0.621877 -0.020676 0.772476 0.126971
0.148078 0.309836 1.587579 0.621778 -0.020303 0.772625 0.126612
0.147533 0.309996 1.587979 0.621679 -0.019941 0.772772 0.126254
0.146995 0.310152 1.588374 0.621581 -0.019590 0.772919 0.125897
0.146465 0.310306 1.588763 0.621483 -0.019248 0.773064 0.125542
0.145944 0.310456 1.589146 0.621386 -0.018916 0.773207 0.125189
0.145431 0.310603 1.589523 0.621290 -0.018592 0.773349 0.124838
0.144927 0.310746 1.589895 0.621195 -0.018277 0.773489 0.124491
0.144431 0.310886 1.590260 0.621101 -0.017969 0.773627 0.124146
0.143943 0.311023 1.590618 0.621007 -0.017668 0.773764 0.123805
0.143464 0.311156 1.590971 0.620915 -0.017375 0.773898 0.123468
0.142993 0.311286 1.591317 0.620823 -0.017089 0.774031 0.123135
0.142530 0.311413 1.591658 0.620733 -0.016809 0.774162 0.122806
0.142076 0.311536 1.591992 0.620643 -0.016537 0.774291 0.122482
0.141629 0.311656 1.592320 0.620554 -0.016270 0.774419 0.122162
0.141191 0.311772 1.592642 0.620466 -0.016011 0.774544 0.121847
0.140761 0.311885 1.592958 0.620379 -0.015757 0.774668 0.121537
0.140339 0.311995 1.593268 0.620292 -0.015510 0.774790 0.121232
0.139925 0.312101 1.593573 0.620206 -0.015269 0.774911 0.120931
0.139519 0.312204 1.593872 0.620121 -0.015034 0.775029 0.120636
0.139120 0.312304 1.594166 0.620037 -0.014805 0.775147 0.120346
0.138729 0.312401 1.594454 0.619953 -0.014581 0.775262 0.120060
0.138346 0.312495 1.594737 0.619870 -0.014364 0.775376 0.119780
0.137970 0.312585 1.595014 0.619788 -0.014152 0.775488 0.119505
0.137601 0.312673 1.595287 0.619706 -0.013945 0.775598 0.119235
0.137239 0.312758 1.595554 0.619626 -0.013744 0.775707 0.118970
0.136885 0.312839 1.595816 0.619545 -0.013548 0.775814 0.118709
0.136537 0.312918 1.596074 0.619466 -0.013357 0.775920 0.118454
0.136197 0.312994 1.596327 0.619387 -0.013171 0.776024 0.118204
0.135863 0.313068 1.596575 0.619309 -0.012991 0.776127 0.117958
0.135523 0.313143 1.596872 0.619306 -0.012453 0.776152 0.117866
0.135185 0.313207 1.597207 0.619288 -0.011915 0.776198 0.117718
0.134854 0.313257 1.597567 0.619241 -0.011414 0.776269 0.117545
0.134531 0.313295 1.597944 0.619166 -0.010955 0.776362 0.117371
0.134217 0.313321 1.598331 0.619069 -0.010537 0.776470 0.117204
0.133913 0.313337 1.598724 0.618955 -0.010154 0.776590 0.117047
0.133617 0.313343 1.599119 0.618830 -0.009803 0.776717 0.116899
0.133331 0.313342 1.599514 0.618695 -0.009480 0.776848 0.116761
0.133052 0.313333 1.599908 0.618554 -0.009180 0.776984 0.116631
0.132782 0.313319 1.600299 0.618409 -0.008901 0.777121 0.116509
0.132519 0.313298 1.600686 0.618261 -0.008640 0.777259 0.116394
0.132264 0.313274 1.601069 0.618111 -0.008395 0.777397 0.116285
0.132016 0.313244 1.601446 0.617960 -0.008164 0.777535 0.116182
0.131775 0.313212 1.601819 0.617808 -0.007946 0.777673 0.116084
0.131540 0.313176 1.602185 0.617656 -0.007739 0.777809 0.115992
0.131311 0.313136 1.602547 0.617504 -0.007543 0.777945 0.115904
0.131089 0.313095 1.602902 0.617353 -0.007357 0.778079 0.115820
0.130872 0.313051 1.603252 0.617202 -0.007181 0.778213 0.115739
0.130660 0.313005 1.603595 0.617051 -0.007012 0.778345 0.115663
0.130454 0.312957 1.603934 0.616902 -0.006852 0.778475 0.115589
0.130253 0.312908 1.604266 0.616754 -0.006698 0.778605 0.115519
0.130057 0.312857 1.604592 0.616607 -0.006552 0.778732 0.115451
0.129866 0.312805 1.604913 0.616461 -0.006412 0.778859 0.115386
0.129679 0.312752 1.605228 0.616316 -0.006279 0.778984 0.115324
0.129496 0.312698 1.605538 0.616173 -0.006151 0.779107 0.115263
0.129318 0.312643 1.605842 0.616030 -0.006029 0.779229 0.115205
0.129144 0.312588 1.606140 0.615890 -0.005912 0.779350 0.115149
0.128974 0.312532 1.606434 0.615750 -0.005801 0.779469 0.115094
0.128808 0.312475 1.606722 0.615612 -0.005694 0.779586 0.115041
0.128646 0.312418 1.607005 0.615476 -0.005591 0.779702 0.114990
0.128487 0.312361 1.607282 0.615341 -0.005493 0.779817 0.114940
0.128332 0.312303 1.607555 0.615207 -0.005400 0.779930 0.114891
0.128180 0.312246 1.607823 0.615075 -0.005310 0.780042 0.114844
0.128031 0.312188 1.608086 0.614945 -0.005224 0.780152 0.114798
0.127886 0.312130 1.608344 0.614816 -0.005141 0.780261 0.114753
0.127744 0.312073 1.608598 0.614688 -0.005063 0.780368 0.114710
0.127604 0.312015 1.608847 0.614562 -0.004987 0.780474 0.114667
0.127468 0.311957 1.609091 0.614438 -0.004915 0.780579 0.114625
0.127335 0.311900 1.609331 0.614315 -0.004846 0.780682 0.114584
0.127205 0.311843 1.609566 0.614194 -0.004780 0.780784 0.114544
0.127069 0.311799 1.609840 0.614181 -0.004337 0.780791 0.114580
0.126932 0.311751 1.610140 0.614174 -0.003793 0.780799 0.114580
0.126800 0.311694 1.610457 0.614151 -0.003242 0.780823 0.114555
0.126675 0.311627 1.610786 0.614109 -0.002713 0.780863 0.114527
0.126558 0.311551 1.611122 0.614050 -0.002213 0.780913 0.114505
0.126448 0.311465 1.611461 0.613979 -0.001744 0.780972 0.114493
0.126345 0.311370 1.611801 0.613898 -0.001306 0.781038 0.114491
0.126249 0.311269 1.612141 0.613809 -0.000897 0.781107 0.114498
0.126160 0.311161 1.612479 0.613714 -0.000512 0.781180 0.114513
0.126077 0.311048 1.612815 0.613614 -0.000151 0.781255 0.114537
0.125999 0.310930 1.613147 0.613511 0.000189 0.781331 0.114567
0.125926 0.310809 1.613475 0.613405 0.000510 0.781409 0.114604
0.125858 0.310684 1.613799 0.613297 0.000813 0.781488 0.114645
0.125794 0.310557 1.614118 0.613187 0.001101 0.781567 0.114692
0.125734 0.310427 1.614433 0.613076 0.001374 0.781646 0.114742
0.125678 0.310295 1.614744 0.612964 0.001634 0.781725 0.114796
0.125625 0.310162 1.615049 0.612851 0.001880 0.781805 0.114853
0.125575 0.310028 1.615350 0.612738 0.002115 0.781884 0.114913
0.125528 0.309893 1.615646 0.612624 0.002339 0.781963 0.114975
0.125484 0.309757 1.615937 0.612511 0.002553 0.782042 0.115039
0.125442 0.309621 1.616223 0.612397 0.002757 0.782121 0.115105
0.125402 0.309485 1.616505 0.612283 0.002951 0.782200 0.115171
0.125365 0.309349 1.616781 0.612170 0.003137 0.782278 0.115239
0.125329 0.309214 1.617053 0.612057 0.003315 0.782355 0.115307
0.125295 0.309078 1.617321 0.611944 0.003484 0.782433 0.115376
0.125262 0.308944 1.617584 0.611832 0.003647 0.782509 0.115444
0.125231 0.308810 1.617842 0.611720 0.003802 0.782586 0.115513
0.125202 0.308677 1.618096 0.611609 0.003951 0.782662 0.115582
0.125174 0.308544 1.618345 0.611499 0.004093 0.782737 0.115651
0.125146 0.308413 1.618590 0.611389 0.004230 0.782812 0.115719
0.125120 0.308283 1.618831 0.611281 0.004360 0.782886 0.115787
0.125095 0.308154 1.619068 0.611173 0.004485 0.782960 0.115854
0.125071 0.308026 1.619300 0.611065 0.004605 0.783033 0.115921
0.125048 0.307899 1.619529 0.610959 0.004720 0.783105 0.115987
0.125026 0.307774 1.619753 0.610854 0.004829 0.783177 0.116052
0.125004 0.307650 1.619974 0.610750 0.004935 0.783248 0.116116
0.124983 0.307527 1.620190 0.610646 0.005035 0.783319 0.116179
0.124963 0.307406 1.620403 0.610544 0.005132 0.783389 0.116241
0.124943 0.307286 1.620612 0.610442 0.005224 0.783458 0.116302
0.124924 0.307168 1.620817 0.610342 0.005313 0.783527 0.116362
0.124906 0.307071 1.621062 0.610380 0.005713 0.783495 0.116360
0.124903 0.306981 1.621324 0.610457 0.006100 0.783450 0.116236
0.124917 0.306891 1.621598 0.610542 0.006448 0.783408 0.116057
0.124946 0.306797 1.621880 0.610625 0.006756 0.783369 0.115861
0.124990 0.306696 1.622165 0.610702 0.007026 0.783335 0.115668
0.125046 0.306588 1.622453 0.610773 0.007262 0.783306 0.115484
0.125113 0.306472 1.622742 0.610835 0.007467 0.783280 0.115315
0.125189 0.306349 1.623029 0.610891 0.007644 0.783257 0.115161
0.125274 0.306218 1.623315 0.610941 0.007797 0.783237 0.115023
0.125365 0.306080 1.623598 0.610985 0.007928 0.783220 0.114901
0.125463 0.305936 1.623879 0.611022 0.008039 0.783205 0.114793
0.125566 0.305786 1.624156 0.611055 0.008134 0.783192 0.114701
0.125674 0.305631 1.624430 0.611082 0.008212 0.783181 0.114621
0.125785 0.305471 1.624701 0.611105 0.008277 0.783173 0.114555
0.125900 0.305308 1.624967 0.611123 0.008330 0.783166 0.114499
0.126016 0.305142 1.625229 0.611138 0.008371 0.783161 0.114455
0.126135 0.304972 1.625488 0.611148 0.008402 0.783157 0.114420
0.126256 0.304801 1.625742 0.611156 0.008424 0.783155 0.114395
0.126378 0.304627 1.625993 0.611159 0.008438 0.783154 0.114377
0.126500 0.304452 1.626239 0.611160 0.008445 0.783155 0.114367
0.126623 0.304277 1.626481 0.611158 0.008444 0.783157 0.114363
0.126746 0.304100 1.626720 0.611153 0.008438 0.783161 0.114366
0.126869 0.303923 1.626954 0.611146 0.008426 0.783165 0.114374
0.126992 0.303746 1.627184 0.611137 0.008410 0.783171 0.114387
0.127115 0.303569 1.627411 0.611125 0.008389 0.783177 0.114405
0.127237 0.303393 1.627633 0.611112 0.008363 0.783185 0.114426
0.127358 0.303217 1.627852 0.611097 0.008335 0.783194 0.114451
0.127478 0.303042 1.628067 0.611080 0.008302 0.783203 0.114479
0.127597 0.302869 1.628278 0.611061 0.008267 0.783213 0.114510
0.127715 0.302696 1.628486 0.611041 0.008230 0.783225 0.114543
0.127831 0.302525 1.628690 0.611020 0.008190 0.783236 0.114578
0.127946 0.302355 1.628890 0.610998 0.008147 0.783249 0.114615
0.128060 0.302187 1.629087 0.610974 0.008103 0.783262 0.114654
0.128173 0.302020 1.629280 0.610949 0.008057 0.783276 0.114694
0.128283 0.301855 1.629470 0.610924 0.008010 0.783290 0.114735
0.128393 0.301692 1.629657 0.610897 0.007962 0.783305 0.114777
0.128500 0.301530 1.629840 0.610870 0.007912 0.783321 0.114820
0.128606 0.301371 1.630021 0.610842 0.007861 0.783337 0.114864
0.128711 0.301214 1.630198 0.610814 0.007809 0.783353 0.114908
0.128814 0.301058 1.630371 0.610784 0.007757 0.783370 0.114952
0.128909 0.300929 1.630598 0.610886 0.008160 0.783292 0.114913
0.129016 0.300800 1.630862 0.611019 0.008639 0.783210 0.114733
0.129142 0.300661 1.631153 0.611152 0.009101 0.783137 0.114491
0.129285 0.300507 1.631462 0.611275 0.009517 0.783072 0.114235
0.129446 0.300337 1.631784 0.611387 0.009880 0.783016 0.113988
0.129623 0.300149 1.632114 0.611488 0.010188 0.782966 0.113761
0.129814 0.299946 1.632450 0.611579 0.010446 0.782922 0.113558
0.130017 0.299728 1.632788 0.611660 0.010658 0.782882 0.113380
0.130230 0.299497 1.633126 0.611732 0.010829 0.782845 0.113227
0.130452 0.299253 1.633464 0.611795 0.010964 0.782812 0.113097
0.130682 0.298999 1.633800 0.611852 0.011068 0.782782 0.112991
0.130917 0.298735 1.634134 0.611901 0.011143 0.782755 0.112907
0.131158 0.298463 1.634464 0.611944 0.011194 0.782729 0.112843
0.131402 0.298184 1.634790 0.611981 0.011224 0.782707 0.112797
0.131649 0.297899 1.635113 0.612013 0.011234 0.782686 0.112768
0.131898 0.297609 1.635431 0.612040 0.011228 0.782667 0.112754
0.132149 0.297315 1.635744 0.612062 0.011207 0.782650 0.112755
0.132400 0.297018 1.636053 0.612079 0.011172 0.782635 0.112769
0.132652 0.296719 1.636357 0.612093 0.011126 0.782621 0.112794
0.132903 0.296417 1.636656 0.612103 0.011070 0.782609 0.112830
0.133154 0.296115 1.636950 0.612109 0.011004 0.782599 0.112875
0.133403 0.295813 1.637240 0.612112 0.010930 0.782590 0.112928
0.133651 0.295510 1.637525 0.612112 0.010849 0.782582 0.112989
0.133896 0.295208 1.637804 0.612109 0.010762 0.782576 0.113056
0.134140 0.294907 1.638079 0.612103 0.010669 0.782571 0.113129
0.134381 0.294607 1.638350 0.612095 0.010571 0.782567 0.113207
0.134620 0.294308 1.638615 0.612085 0.010469 0.782565 0.113290
0.134856 0.294012 1.638876 0.612073 0.010364 0.782563 0.113376
0.135089 0.293718 1.639132 0.612059 0.010255 0.782563 0.113466
0.135319 0.293426 1.639384 0.612043 0.010143 0.782563 0.113558
0.135546 0.293137 1.639632 0.612025 0.010030 0.782565 0.113653
0.135769 0.292850 1.639875 0.612006 0.009914 0.782567 0.113749
0.135989 0.292567 1.640113 0.611985 0.009796 0.782570 0.113848
0.136206 0.292286 1.640348 0.611964 0.009678 0.782575 0.113947
0.136419 0.292009 1.640578 0.611940 0.009558 0.782580 0.114047
0.136629 0.291735 1.640804 0.611916 0.009437 0.782585 0.114148
0.136835 0.291465 1.641026 0.611891 0.009316 0.782592 0.114249
0.137038 0.291198 1.641244 0.611865 0.009194 0.782599 0.114351
0.137237 0.290935 1.641458 0.611838 0.009073 0.782606 0.114452
0.137433 0.290675 1.641669 0.611810 0.008951 0.782615 0.114554
0.137629 0.290455 1.641928 0.611893 0.009251 0.782541 0.114590
0.137845 0.290251 1.642211 0.612008 0.009646 0.782459 0.114501
0.138082 0.290049 1.642508 0.612129 0.010042 0.782384 0.114336
0.138338 0.289844 1.642813 0.612248 0.010416 0.782315 0.114139
0.138612 0.289632 1.643121 0.612362 0.010763 0.782250 0.113935
0.138901 0.289412 1.643429 0.612471 0.011083 0.782190 0.113734
0.139201 0.289183 1.643736 0.612575 0.011380 0.782132 0.113542
0.139511 0.288946 1.644039 0.612673 0.011653 0.782077 0.113365
0.139829 0.288700 1.644338 0.612764 0.011900 0.782024 0.113210
0.140154 0.288445 1.644634 0.612847 0.012121 0.781975 0.113078
0.140484 0.288181 1.644925 0.612924 0.012316 0.781927 0.112971
0.140818 0.287909 1.645211 0.612993 0.012488 0.781883 0.112886
0.141155 0.287631 1.645493 0.613055 0.012638 0.781841 0.112822
0.141494 0.287345 1.645770 0.613111 0.012768 0.781801 0.112779
0.141834 0.287055 1.646043 0.613161 0.012880 0.781763 0.112754
0.142174 0.286760 1.646311 0.613206 0.012975 0.781728 0.112746
0.142514 0.286461 1.646575 0.613245 0.013055 0.781695 0.112754
0.142852 0.286159 1.646834 0.613280 0.013121 0.781663 0.112776
0.143189 0.285855 1.647088 0.613309 0.013173 0.781634 0.112810
0.143523 0.285549 1.647338 0.613335 0.013214 0.781607 0.112856
0.143855 0.285242 1.647584 0.613356 0.013245 0.781582 0.112912
0.144184 0.284934 1.647826 0.613373 0.013266 0.781558 0.112978
0.144510 0.284627 1.648063 0.613387 0.013277 0.781536 0.113051
0.144833 0.284319 1.648297 0.613398 0.013281 0.781516 0.113132
0.145151 0.284013 1.648526 0.613405 0.013277 0.781498 0.113220
0.145466 0.283707 1.648751 0.613410 0.013267 0.781481 0.113313
0.145776 0.283403 1.648972 0.613412 0.013250 0.781465 0.113411
0.146083 0.283101 1.649190 0.613411 0.013228 0.781451 0.113514
0.146385 0.282801 1.649403 0.613408 0.013201 0.781439 0.113620
0.146682 0.282504 1.649613 0.613403 0.013169 0.781427 0.113730
0.146975 0.282208 1.649819 0.613396 0.013133 0.781417 0.113842
0.147264 0.281916 1.650022 0.613387 0.013093 0.781408 0.113957
0.147547 0.281626 1.650220 0.613376 0.013050 0.781401 0.114074
0.147826 0.281340 1.650416 0.613363 0.013004 0.781394 0.114192
0.148101 0.281056 1.650608 0.613349 0.012955 0.781389 0.114311
0.148371 0.280776 1.650796 0.613333 0.012903 0.781384 0.114432
0.148636 0.280499 1.650982 0.613316 0.012849 0.781381 0.114553
0.148896 0.280226 1.651164 0.613298 0.012794 0.781378 0.114675
0.149152 0.279956 1.651342 0.613278 0.012736 0.781377 0.114796
0.149403 0.279689 1.651518 0.613257 0.012676 0.781376 0.114918
0.149652 0.279463 1.651751 0.613303 0.013022 0.781316 0.115049
0.149912 0.279261 1.652016 0.613366 0.013409 0.781261 0.115039
0.150185 0.279073 1.652303 0.613433 0.013770 0.781219 0.114923
0.150471 0.278891 1.652606 0.613500 0.014093 0.781187 0.114741
0.150769 0.278712 1.652918 0.613566 0.014377 0.781163 0.114514
0.151077 0.278533 1.653236 0.613632 0.014624 0.781145 0.114257
0.151393 0.278352 1.653558 0.613695 0.014840 0.781132 0.113979
0.151717 0.278170 1.653880 0.613756 0.015036 0.781122 0.113693
0.152046 0.277985 1.654200 0.613812 0.015217 0.781116 0.113406
0.152383 0.277796 1.654518 0.613864 0.015383 0.781113 0.113125
0.152724 0.277603 1.654833 0.613910 0.015530 0.781112 0.112860
0.153071 0.277403 1.655143 0.613951 0.015659 0.781113 0.112613
0.153420 0.277198 1.655450 0.613986 0.015767 0.781116 0.112385
0.153772 0.276987 1.655751 0.614016 0.015858 0.781120 0.112179
0.154125 0.276770 1.656048 0.614040 0.015931 0.781126 0.111992
0.154478 0.276548 1.656340 0.614060 0.015989 0.781134 0.111825
0.154831 0.276321 1.656627 0.614075 0.016033 0.781143 0.111676
0.155182 0.276090 1.656909 0.614085 0.016064 0.781153 0.111544
0.155531 0.275855 1.657186 0.614091 0.016083 0.781164 0.111428
0.155879 0.275618 1.657458 0.614094 0.016091 0.781176 0.111328
0.156224 0.275378 1.657725 0.614092 0.016090 0.781189 0.111242
0.156565 0.275136 1.657988 0.614088 0.016080 0.781204 0.111168
0.156904 0.274893 1.658245 0.614080 0.016062 0.781219 0.111107
0.157239 0.274649 1.658498 0.614069 0.016038 0.781235 0.111057
0.157570 0.274404 1.658746 0.614055 0.016006 0.781252 0.111017
0.157897 0.274159 1.658989 0.614039 0.015969 0.781270 0.110986
0.158220 0.273914 1.659228 0.614021 0.015927 0.781289 0.110964
0.158539 0.273670 1.659463 0.614000 0.015880 0.781308 0.110950
0.158853 0.273426 1.659693 0.613977 0.015829 0.781328 0.110943
0.159163 0.273184 1.659919 0.613952 0.015774 0.781349 0.110943
0.159468 0.272942 1.660140 0.613926 0.015716 0.781370 0.110949
0.159769 0.272702 1.660358 0.613897 0.015655 0.781391 0.110960
0.160065 0.272464 1.660571 0.613868 0.015591 0.781414 0.110977
0.160356 0.272228 1.660781 0.613837 0.015525 0.781437 0.110998
0.160643 0.271994 1.660986 0.613804 0.015456 0.781460 0.111023
0.160925 0.271762 1.661188 0.613771 0.015386 0.781483 0.111053
0.161203 0.271532 1.661386 0.613736 0.015314 0.781507 0.111086
0.161475 0.271304 1.661580 0.613700 0.015241 0.781532 0.111122
0.161743 0.271079 1.661771 0.613663 0.015167 0.781556 0.111161
0.162007 0.270857 1.661958 0.613626 0.015091 0.781581 0.111203
0.162263 0.270670 1.662188 0.613633 0.015466 0.781548 0.111347
0.162521 0.270501 1.662442 0.613647 0.015906 0.781526 0.111363
0.162787 0.270342 1.662715 0.613661 0.016336 0.781518 0.111281
0.163061 0.270185 1.662999 0.613673 0.016741 0.781521 0.111137
0.163342 0.270030 1.663291 0.613682 0.017115 0.781532 0.110950
0.163631 0.269873 1.663589 0.613689 0.017457 0.781549 0.110731
0.163925 0.269714 1.663889 0.613695 0.017771 0.781572 0.110489
0.164224 0.269552 1.664192 0.613699 0.018058 0.781600 0.110227
0.164528 0.269387 1.664494 0.613700 0.018322 0.781631 0.109949
0.164836 0.269220 1.664797 0.613701 0.018563 0.781667 0.109655
0.165147 0.269049 1.665098 0.613699 0.018783 0.781705 0.109349
0.165462 0.268874 1.665399 0.613695 0.018975 0.781747 0.109040
0.165781 0.268693 1.665699 0.613688 0.019138 0.781792 0.108731
0.166104 0.268508 1.665998 0.613678 0.019269 0.781839 0.108423
0.166432 0.268316 1.666295 0.613664 0.019374 0.781889 0.108124
0.166764 0.268119 1.666590 0.613646 0.019457 0.781940 0.107841
0.167101 0.267916 1.666882 0.613624 0.019521 0.781992 0.107576
0.167442 0.267707 1.667170 0.613598 0.019567 0.782045 0.107330
0.167788 0.267492 1.667454 0.613569 0.019597 0.782098 0.107105
0.168138 0.267271 1.667734 0.613537 0.019611 0.782151 0.106900
0.168492 0.267045 1.668010 0.613501 0.019610 0.782204 0.106716
0.168850 0.266812 1.668282 0.613463 0.019595 0.782257 0.106553
0.169213 0.266574 1.668549 0.613423 0.019566 0.782309 0.106409
0.169580 0.266330 1.668812 0.613380 0.019524 0.782360 0.106286
0.169951 0.266081 1.669070 0.613335 0.019469 0.782410 0.106183
0.170326 0.265826 1.669323 0.613289 0.019402 0.782460 0.106099
0.170705 0.265565 1.669572 0.613241 0.019323 0.782508 0.106035
0.171088 0.265300 1.669816 0.613192 0.019231 0.782555 0.105989
0.171473 0.265028 1.670056 0.613142 0.019127 0.782600 0.105963
0.171859 0.264752 1.670290 0.613091 0.019010 0.782644 0.105954
0.172245 0.264472 1.670520 0.613040 0.018882 0.782686 0.105963
0.172630 0.264187 1.670744 0.612988 0.018744 0.782726 0.105988
0.173014 0.263899 1.670964 0.612936 0.018598 0.782765 0.106027
0.173396 0.263609 1.671178 0.612884 0.018444 0.782802 0.106081
0.173776 0.263317 1.671388 0.612832 0.018283 0.782838 0.106146
0.174153 0.263023 1.671593 0.612780 0.018116 0.782873 0.106223
0.174526 0.262728 1.671794 0.612727 0.017944 0.782906 0.106310
0.174896 0.262433 1.671990 0.612675 0.017769 0.782938 0.106406
0.175261 0.262137 1.672182 0.612623 0.017590 0.782969 0.106510
0.175623 0.261843 1.672370 0.612570 0.017408 0.782998 0.106621
0.175972 0.261597 1.672579 0.612568 0.017663 0.782959 0.106883
0.176316 0.261381 1.672802 0.612596 0.018012 0.782908 0.107034
0.176657 0.261188 1.673037 0.612643 0.018390 0.782855 0.107095
0.176997 0.261009 1.673282 0.612699 0.018777 0.782802 0.107096
0.177335 0.260840 1.673536 0.612760 0.019167 0.782750 0.107053
0.177671 0.260680 1.673798 0.612822 0.019556 0.782702 0.106980
0.178005 0.260525 1.674065 0.612883 0.019943 0.782657 0.106885
0.178337 0.260375 1.674337 0.612942 0.020314 0.782619 0.106755
0.178667 0.260228 1.674613 0.612998 0.020667 0.782589 0.106591
0.178995 0.260083 1.674891 0.613049 0.021003 0.782566 0.106397
0.179321 0.259941 1.675171 0.613097 0.021323 0.782550 0.106174
0.179645 0.259799 1.675452 0.613139 0.021628 0.782542 0.105927
0.179967 0.259659 1.675735 0.613177 0.021918 0.782541 0.105655
0.180288 0.259519 1.676017 0.613210 0.022195 0.782547 0.105363
0.180608 0.259380 1.676300 0.613238 0.022456 0.782559 0.105052
0.180927 0.259238 1.676582 0.613261 0.022696 0.782578 0.104731
0.181247 0.259095 1.676864 0.613278 0.022915 0.782601 0.104408
0.181569 0.258948 1.677145 0.613290 0.023114 0.782628 0.104092
0.181893 0.258798 1.677423 0.613297 0.023295 0.782657 0.103786
0.182220 0.258643 1.677699 0.613300 0.023460 0.782688 0.103495
0.182549 0.258484 1.677972 0.613299 0.023609 0.782721 0.103220
0.182881 0.258320 1.678241 0.613294 0.023743 0.782755 0.102960
0.183216 0.258151 1.678507 0.613286 0.023861 0.782790 0.102718
0.183555 0.257977 1.678769 0.613274 0.023964 0.782825 0.102494
0.183897 0.257797 1.679027 0.613260 0.024052 0.782861 0.102288
0.184242 0.257611 1.679281 0.613244 0.024126 0.782896 0.102100
0.184591 0.257419 1.679530 0.613225 0.024186 0.782931 0.101930
0.184944 0.257222 1.679776 0.613205 0.024232 0.782965 0.101779
0.185300 0.257019 1.680017 0.613182 0.024264 0.782998 0.101647
0.185661 0.256809 1.680254 0.613159 0.024283 0.783031 0.101532
0.186025 0.256594 1.680487 0.613134 0.024288 0.783063 0.101436
0.186393 0.256373 1.680716 0.613108 0.024280 0.783094 0.101358
0.186764 0.256146 1.680940 0.613081 0.024259 0.783123 0.101298
0.187140 0.255913 1.681160 0.613053 0.024226 0.783152 0.101255
0.187519 0.255674 1.681376 0.613024 0.024180 0.783179 0.101230
0.187902 0.255429 1.681588 0.612995 0.024122 0.783204 0.101222
0.188289 0.255179 1.681795 0.612966 0.024052 0.783228 0.101231
0.188679 0.254922 1.681999 0.612936 0.023971 0.783251 0.101257
0.189072 0.254660 1.682198 0.612907 0.023876 0.783271 0.101299
0.189466 0.254393 1.682393 0.612878 0.023769 0.783289 0.101357
0.189851 0.254176 1.682595 0.612890 0.023968 0.783257 0.101492
0.190229 0.254003 1.682807 0.612922 0.024236 0.783218 0.101533
0.190602 0.253861 1.683030 0.612965 0.024525 0.783183 0.101478
0.190968 0.253745 1.683261 0.613012 0.024826 0.783153 0.101348
0.191327 0.253649 1.683499 0.613059 0.025135 0.783131 0.101161
0.191680 0.253568 1.683743 0.613103 0.025450 0.783116 0.100929
0.192026 0.253500 1.683991 0.613143 0.025771 0.783109 0.100661
0.192367 0.253442 1.684242 0.613177 0.026095 0.783109 0.100365
0.192703 0.253390 1.684494 0.613205 0.026416 0.783116 0.100053
0.193037 0.253342 1.684748 0.613228 0.026730 0.783128 0.099733
0.193368 0.253297 1.685002 0.613246 0.027035 0.783145 0.099409
0.193698 0.253251 1.685256 0.613259 0.027328 0.783166 0.099087
0.194028 0.253204 1.685508 0.613267 0.027608 0.783189 0.098770
0.194358 0.253156 1.685760 0.613271 0.027875 0.783216 0.098459
0.194688 0.253104 1.686009 0.613271 0.028129 0.783245 0.098158
0.195019 0.253049 1.686256 0.613267 0.028369 0.783276 0.097867
0.195352 0.252989 1.686501 0.613260 0.028594 0.783308 0.097588
0.195686 0.252924 1.686743 0.613251 0.028806 0.783340 0.097323
0.196023 0.252853 1.686982 0.613238 0.029003 0.783374 0.097072
0.196362 0.252777 1.687218 0.613224 0.029186 0.783408 0.096835
0.196704 0.252694 1.687451 0.613207 0.029354 0.783442 0.096614
0.197049 0.252605 1.687680 0.613189 0.029508 0.783475 0.096409
0.197397 0.252509 1.687905 0.613170 0.029647 0.783509 0.096220
0.197748 0.252406 1.688127 0.613149 0.029772 0.783541 0.096048
0.198103 0.252297 1.688346 0.613127 0.029882 0.783573 0.095893
0.198461 0.252179 1.688560 0.613105 0.029978 0.783604 0.095754
0.198822 0.252055 1.688771 0.613082 0.030060 0.783633 0.095633
0.199187 0.251924 1.688979 0.613058 0.030129 0.783662 0.095528
0.199556 0.251785 1.689182 0.613035 0.030183 0.783689 0.095441
0.199929 0.251638 1.689382 0.613011 0.030223 0.783715 0.095370
0.200305 0.251485 1.689578 0.612987 0.030251 0.783739 0.095316
0.200685 0.251324 1.689771 0.612963 0.030264 0.783762 0.095278
0.201068 0.251155 1.689960 0.612940 0.030265 0.783783 0.095257
0.201456 0.250980 1.690145 0.612916 0.030253 0.783802 0.095252
0.201846 0.250797 1.690327 0.612893 0.030228 0.783819 0.095263
0.202241 0.250607 1.690505 0.612871 0.030191 0.783835 0.095289
0.202639 0.250410 1.690679 0.612849 0.030141 0.783849 0.095332
0.203040 0.250207 1.690850 0.612827 0.030080 0.783861 0.095389
0.203445 0.249996 1.691018 0.612807 0.030007 0.783872 0.095461
0.203853 0.249779 1.691182 0.612787 0.029922 0.783880 0.095548
0.204256 0.249614 1.691334 0.612813 0.030035 0.783855 0.095553
0.204655 0.249490 1.691482 0.612861 0.030248 0.783819 0.095469
0.205049 0.249396 1.691630 0.612924 0.030506 0.783778 0.095317
0.205441 0.249321 1.691780 0.612994 0.030788 0.783736 0.095120
0.205830 0.249261 1.691932 0.613067 0.031080 0.783695 0.094895
0.206217 0.249211 1.692086 0.613141 0.031374 0.783655 0.094650
0.206601 0.249167 1.692243 0.613212 0.031663 0.783619 0.094393
0.206984 0.249126 1.692401 0.613281 0.031944 0.783585 0.094129
0.207365 0.249086 1.692562 0.613347 0.032215 0.783555 0.093862
0.207744 0.249046 1.692723 0.613409 0.032475 0.783527 0.093597
0.208123 0.249004 1.692886 0.613467 0.032722 0.783503 0.093335
0.208502 0.248960 1.693049 0.613521 0.032956 0.783481 0.093078
0.208881 0.248912 1.693211 0.613572 0.033177 0.783461 0.092830
0.209261 0.248859 1.693374 0.613620 0.033383 0.783443 0.092590
0.209641 0.248801 1.693535 0.613665 0.033576 0.783427 0.092361
0.210023 0.248738 1.693696 0.613707 0.033754 0.783411 0.092144
0.210406 0.248668 1.693855 0.613747 0.033919 0.783397 0.091939
0.210791 0.248592 1.694013 0.613785 0.034068 0.783383 0.091748
0.211178 0.248510 1.694169 0.613821 0.034204 0.783370 0.091570
0.211567 0.248420 1.694323 0.613855 0.034325 0.783357 0.091407
0.211958 0.248323 1.694475 0.613888 0.034433 0.783344 0.091259
0.212352 0.248219 1.694625 0.613920 0.034526 0.783330 0.091125
0.212748 0.248107 1.694773 0.613951 0.034605 0.783317 0.091007
0.213148 0.247988 1.694919 0.613981 0.034671 0.783302 0.090904
0.213549 0.247861 1.695063 0.614010 0.034722 0.783287 0.090816
0.213954 0.247727 1.695204 0.614038 0.034760 0.783271 0.090744
0.214361 0.247585 1.695343 0.614066 0.034785 0.783255 0.090688
0.214772 0.247435 1.695480 0.614094 0.034797 0.783237 0.090646
0.215185 0.247278 1.695614 0.614122 0.034796 0.783219 0.090620
0.215601 0.247113 1.695746 0.614149 0.034782 0.783199 0.090609
0.216020 0.246940 1.695875 0.614176 0.034755 0.783179 0.090613
0.216441 0.246760 1.696002 0.614203 0.034716 0.783157 0.090632
0.216866 0.246572 1.696127 0.614231 0.034665 0.783134 0.090666
0.217293 0.246378 1.696249 0.614258 0.034602 0.783110 0.090714
0.217723 0.246176 1.696369 0.614285 0.034527 0.783084 0.090776
0.218156 0.245966 1.696487 0.614313 0.034441 0.783058 0.090852
0.218591 0.245750 1.696602 0.614341 0.034344 0.783030 0.090942
0.219029 0.245526 1.696715 0.614369 0.034236 0.783000 0.091046
0.219470 0.245296 1.696826 0.614397 0.034117 0.782970 0.091163
0.219913 0.245059 1.696934 0.614426 0.033988 0.782938 0.091293
0.220366 0.244881 1.697018 0.614514 0.033907 0.782878 0.091240
0.220824 0.244751 1.697090 0.614632 0.033883 0.782803 0.091097
0.221284 0.244657 1.697157 0.614768 0.033905 0.782718 0.090903
0.221745 0.244589 1.697221 0.614914 0.033959 0.782627 0.090678
0.222203 0.244539 1.697285 0.615062 0.034036 0.782536 0.090431
0.222659 0.244503 1.697350 0.615211 0.034127 0.782445 0.090170
0.223112 0.244476 1.697415 0.615358 0.034226 0.782356 0.089901
0.223563 0.244455 1.697483 0.615501 0.034329 0.782271 0.089626
0.224011 0.244437 1.697552 0.615640 0.034432 0.782188 0.089351
0.224456 0.244420 1.697622 0.615774 0.034533 0.782109 0.089077
0.224899 0.244403 1.697694 0.615904 0.034629 0.782034 0.088806
0.225341 0.244383 1.697767 0.616029 0.034721 0.781961 0.088542
0.225781 0.244361 1.697841 0.616150 0.034805 0.781891 0.088284
0.226220 0.244334 1.697915 0.616267 0.034882 0.781823 0.088036
0.226658 0.244303 1.697990 0.616381 0.034951 0.781757 0.087798
0.227097 0.244266 1.698065 0.616491 0.035011 0.781694 0.087570
0.227535 0.244223 1.698140 0.616597 0.035061 0.781631 0.087355
0.227974 0.244174 1.698216 0.616701 0.035102 0.781570 0.087152
0.228413 0.244118 1.698291 0.616802 0.035133 0.781510 0.086962
0.228853 0.244055 1.698365 0.616901 0.035153 0.781451 0.086785
0.229294 0.243985 1.698439 0.616997 0.035163 0.781393 0.086623
0.229736 0.243906 1.698513 0.617091 0.035162 0.781335 0.086475
0.230179 0.243821 1.698586 0.617184 0.035151 0.781277 0.086341
0.230624 0.243727 1.698658 0.617274 0.035129 0.781220 0.086222
0.231071 0.243625 1.698729 0.617364 0.035096 0.781162 0.086117
0.231519 0.243515 1.698799 0.617451 0.035052 0.781105 0.086027
0.231968 0.243397 1.698869 0.617538 0.034998 0.781047 0.085952
0.232420 0.243271 1.698938 0.617623 0.034933 0.780989 0.085892
0.232873 0.243137 1.699005 0.617707 0.034858 0.780931 0.085846
0.233328 0.242994 1.699072 0.617790 0.034773 0.780873 0.085815
0.233784 0.242844 1.699137 0.617872 0.034677 0.780814 0.085798
0.234243 0.242685 1.699202 0.617953 0.034571 0.780755 0.085796
0.234703 0.242518 1.699265 0.618033 0.034455 0.780695 0.085808
0.235165 0.242344 1.699328 0.618113 0.034329 0.780635 0.085834
0.235629 0.242161 1.699389 0.618192 0.034193 0.780574 0.085873
0.236095 0.241971 1.699449 0.618270 0.034048 0.780513 0.085927
0.236563 0.241773 1.699508 0.618347 0.033893 0.780451 0.085993
0.237032 0.241568 1.699566 0.618424 0.033729 0.780388 0.086073
0.237503 0.241354 1.699623 0.618500 0.033556 0.780325 0.086166
0.237975 0.241134 1.699679 0.618575 0.033374 0.780261 0.086272
0.238460 0.240968 1.699708 0.618704 0.033173 0.780181 0.086150
0.238948 0.240841 1.699722 0.618857 0.033012 0.780092 0.085921
0.239438 0.240743 1.699725 0.619025 0.032901 0.779994 0.085650
0.239927 0.240664 1.699722 0.619200 0.032827 0.779889 0.085362
0.240416 0.240600 1.699715 0.619378 0.032782 0.779782 0.085066
0.240903 0.240546 1.699706 0.619556 0.032755 0.779674 0.084769
0.241389 0.240497 1.699696 0.619733 0.032741 0.779566 0.084475
0.241872 0.240451 1.699685 0.619907 0.032735 0.779459 0.084185
0.242354 0.240406 1.699675 0.620077 0.032734 0.779354 0.083903
0.242833 0.240360 1.699665 0.620244 0.032733 0.779251 0.083629
0.243311 0.240313 1.699656 0.620407 0.032732 0.779149 0.083364
0.243787 0.240262 1.699647 0.620567 0.032728 0.779050 0.083110
0.244262 0.240206 1.699640 0.620722 0.032720 0.778952 0.082868
0.244737 0.240146 1.699633 0.620874 0.032707 0.778856 0.082638
0.245211 0.240080 1.699627 0.621023 0.032688 0.778761 0.082421
0.245684 0.240008 1.699622 0.621168 0.032662 0.778668 0.082217
0.246157 0.239929 1.699618 0.621310 0.032630 0.778576 0.082026
0.246630 0.239843 1.699614 0.621450 0.032589 0.778485 0.081850
0.247103 0.239751 1.699611 0.621586 0.032540 0.778395 0.081688
0.247577 0.239650 1.699608 0.621720 0.032483 0.778306 0.081540
0.248051 0.239543 1.699606 0.621852 0.032417 0.778217 0.081407
0.248526 0.239427 1.699604 0.621981 0.032343 0.778129 0.081288
0.249001 0.239303 1.699603 0.622109 0.032259 0.778042 0.081184
0.249478 0.239172 1.699602 0.622234 0.032167 0.777955 0.081094
0.249955 0.239032 1.699601 0.622357 0.032065 0.777868 0.081019
0.250433 0.238885 1.699601 0.622478 0.031955 0.777782 0.080959
0.250912 0.238729 1.699601 0.622598 0.031835 0.777696 0.080913
0.251392 0.238565 1.699601 0.622716 0.031706 0.777610 0.080881
0.251873 0.238393 1.699602 0.622832 0.031568 0.777524 0.080863
0.252355 0.238213 1.699602 0.622947 0.031422 0.777439 0.080860
0.252838 0.238025 1.699603 0.623061 0.031266 0.777353 0.080870
0.253322 0.237829 1.699604 0.623172 0.031102 0.777268 0.080895
0.253808 0.237625 1.699604 0.623283 0.030929 0.777182 0.080933
0.254294 0.237413 1.699605 0.623392 0.030747 0.777096 0.080984
0.254782 0.237194 1.699606 0.623500 0.030558 0.777011 0.081048
0.255270 0.236967 1.699607 0.623606 0.030359 0.776925 0.081125
0.255760 0.236732 1.699608 0.623712 0.030153 0.776839 0.081215
0.256251 0.236490 1.699609 0.623816 0.029939 0.776753 0.081318
0.256742 0.236241 1.699610 0.623919 0.029717 0.776667 0.081433
0.257235 0.235984 1.699611 0.624020 0.029487 0.776580 0.081560
0.257746 0.235786 1.699591 0.624167 0.029189 0.776485 0.081457
0.258269 0.235626 1.699554 0.624344 0.028936 0.776367 0.081313
0.258799 0.235495 1.699506 0.624539 0.028721 0.776235 0.081145
0.259331 0.235384 1.699450 0.624746 0.028538 0.776095 0.080965
0.259864 0.235287 1.699390 0.624957 0.028381 0.775950 0.080780
0.260395 0.235201 1.699327 0.625169 0.028244 0.775803 0.080595
0.260925 0.235121 1.699263 0.625381 0.028122 0.775656 0.080411
0.261452 0.235045 1.699199 0.625589 0.028011 0.775510 0.080232
0.261977 0.234971 1.699135 0.625794 0.027908 0.775367 0.080058
0.262499 0.234896 1.699072 0.625996 0.027809 0.775225 0.079890
0.263018 0.234819 1.699009 0.626193 0.027713 0.775086 0.079730
0.263536 0.234740 1.698948 0.626385 0.027617 0.774949 0.079579
0.264051 0.234656 1.698889 0.626574 0.027521 0.774814 0.079438
0.264564 0.234569 1.698830 0.626758 0.027422 0.774682 0.079306
0.265076 0.234476 1.698773 0.626939 0.027321 0.774552 0.079185
0.265586 0.234377 1.698717 0.627116 0.027215 0.774424 0.079075
0.266096 0.234271 1.698663 0.627289 0.027105 0.774298 0.078976
0.266604 0.234160 1.698610 0.627458 0.026990 0.774173 0.078889
0.267112 0.234041 1.698558 0.627624 0.026869 0.774050 0.078814
0.267618 0.233915 1.698508 0.627787 0.026742 0.773929 0.078752
0.268125 0.233782 1.698458 0.627947 0.026609 0.773809 0.078701
0.268631 0.233641 1.698410 0.628104 0.026469 0.773690 0.078663
0.269137 0.233493 1.698363 0.628258 0.026322 0.773573 0.078637
0.269642 0.233336 1.698318 0.628410 0.026168 0.773456 0.078623
0.270148 0.233172 1.698273 0.628559 0.026007 0.773341 0.078623
0.270653 0.233000 1.698229 0.628705 0.025839 0.773226 0.078634
0.271159 0.232820 1.698186 0.628849 0.025663 0.773113 0.078658
0.271665 0.232632 1.698144 0.628991 0.025481 0.773000 0.078694
0.272171 0.232436 1.698103 0.629130 0.025291 0.772888 0.078743
0.272677 0.232232 1.698063 0.629267 0.025093 0.772776 0.078803
0.273183 0.232020 1.698024 0.629403 0.024889 0.772665 0.078876
0.273690 0.231800 1.697986 0.629536 0.024677 0.772555 0.078960
0.274197 0.231572 1.697948 0.629667 0.024458 0.772445 0.079057
0.274704 0.231337 1.697911 0.629796 0.024231 0.772336 0.079164
0.275212 0.231094 1.697875 0.629923 0.023998 0.772227 0.079284
0.275720 0.230843 1.697840 0.630048 0.023758 0.772119 0.079414
0.276228 0.230585 1.697805 0.630172 0.023510 0.772011 0.079556
0.276736 0.230319 1.697771 0.630294 0.023256 0.771904 0.079709
0.277245 0.230046 1.697738 0.630414 0.022996 0.771797 0.079872
0.277754 0.229765 1.697705 0.630532 0.022728 0.771690 0.080047
0.278283 0.229553 1.697657 0.630675 0.022329 0.771597 0.079927
0.278823 0.229393 1.697603 0.630824 0.021963 0.771506 0.079738
0.279367 0.229272 1.697543 0.630972 0.021646 0.771416 0.079517
0.279910 0.229181 1.697481 0.631118 0.021373 0.771329 0.079278
0.280451 0.229113 1.697417 0.631260 0.021137 0.771245 0.079027
0.280989 0.229062 1.697351 0.631397 0.020931 0.771165 0.078768
0.281523 0.229023 1.697285 0.631529 0.020751 0.771089 0.078506
0.282051 0.228994 1.697220 0.631656 0.020592 0.771015 0.078243
0.282576 0.228970 1.697154 0.631778 0.020449 0.770945 0.077981
0.283095 0.228950 1.697089 0.631896 0.020320 0.770878 0.077724
0.283611 0.228931 1.697025 0.632010 0.020201 0.770813 0.077472
0.284123 0.228912 1.696961 0.632120 0.020090 0.770750 0.077228
0.284632 0.228892 1.696898 0.632227 0.019985 0.770690 0.076991
0.285137 0.228868 1.696837 0.632330 0.019883 0.770630 0.076764
0.285640 0.228841 1.696776 0.632430 0.019784 0.770572 0.076546
0.286140 0.228809 1.696716 0.632527 0.019686 0.770516 0.076340
0.286638 0.228772 1.696658 0.632622 0.019588 0.770460 0.076145
0.287135 0.228728 1.696600 0.632714 0.019488 0.770405 0.075962
0.287630 0.228678 1.696543 0.632804 0.019386 0.770350 0.075791
0.288124 0.228621 1.696488 0.632892 0.019282 0.770296 0.075633
0.288617 0.228556 1.696433 0.632978 0.019173 0.770242 0.075488
0.289109 0.228484 1.696380 0.633062 0.019061 0.770189 0.075356
0.289600 0.228403 1.696327 0.633145 0.018943 0.770135 0.075238
0.290091 0.228314 1.696276 0.633226 0.018821 0.770082 0.075133
0.290582 0.228216 1.696225 0.633306 0.018693 0.770028 0.075042
0.291073 0.228110 1.696176 0.633384 0.018559 0.769974 0.074964
0.291563 0.227994 1.696127 0.633461 0.018419 0.769921 0.074901
0.292054 0.227870 1.696079 0.633537 0.018273 0.769867 0.074851
0.292544 0.227737 1.696032 0.633611 0.018121 0.769812 0.074814
0.293035 0.227595 1.695986 0.633685 0.017962 0.769758 0.074791
0.293526 0.227444 1.695940 0.633758 0.017796 0.769703 0.074782
0.294017 0.227284 1.695896 0.633829 0.017624 0.769647 0.074786
0.294509 0.227115 1.695852 0.633900 0.017445 0.769591 0.074803
0.295000 0.226937 1.695809 0.633970 0.017259 0.769535 0.074834
0.295493 0.226750 1.695766 0.634038 0.017066 0.769479 0.074877
0.295985 0.226554 1.695725 0.634106 0.016867 0.769421 0.074934
0.296478 0.226349 1.695684 0.634174 0.016661 0.769364 0.075003
0.296972 0.226136 1.695644 0.634240 0.016448 0.769306 0.075084
0.297466 0.225914 1.695604 0.634306 0.016228 0.769247 0.075178
0.297960 0.225683 1.695565 0.634370 0.016002 0.769188 0.075284
0.298472 0.225496 1.695502 0.634465 0.015648 0.769134 0.075119
0.298996 0.225341 1.695420 0.634577 0.015296 0.769072 0.074875
0.299526 0.225210 1.695325 0.634702 0.014972 0.769001 0.074605
0.300061 0.225097 1.695219 0.634835 0.014680 0.768924 0.074330
0.300596 0.224997 1.695105 0.634973 0.014416 0.768842 0.074058
0.301132 0.224905 1.694985 0.635113 0.014178 0.768756 0.073794
0.301666 0.224818 1.694860 0.635254 0.013961 0.768667 0.073541
0.302198 0.224734 1.694732 0.635395 0.013761 0.768577 0.073298
0.302729 0.224651 1.694602 0.635536 0.013575 0.768486 0.073068
0.303257 0.224566 1.694469 0.635676 0.013399 0.768394 0.072851
0.303783 0.224479 1.694336 0.635814 0.013232 0.768302 0.072647
0.304307 0.224389 1.694202 0.635951 0.013071 0.768209 0.072457
0.304829 0.224294 1.694068 0.636087 0.012913 0.768116 0.072281
0.305349 0.224194 1.693934 0.636220 0.012759 0.768024 0.072118
0.305868 0.224089 1.693801 0.636352 0.012605 0.767931 0.071970
0.306385 0.223976 1.693669 0.636482 0.012452 0.767838 0.071835
0.306900 0.223857 1.693537 0.636610 0.012297 0.767746 0.071715
0.307415 0.223731 1.693407 0.636737 0.012141 0.767653 0.071608
0.307929 0.223597 1.693278 0.636861 0.011982 0.767561 0.071516
0.308441 0.223456 1.693150 0.636984 0.011820 0.767469 0.071437
0.308953 0.223306 1.693024 0.637105 0.011654 0.767377 0.071373
0.309464 0.223149 1.692900 0.637225 0.011484 0.767285 0.071322
0.309975 0.222983 1.692777 0.637342 0.011309 0.767193 0.071285
0.310485 0.222808 1.692655 0.637458 0.011130 0.767102 0.071261
0.310994 0.222625 1.692536 0.637573 0.010945 0.767010 0.071251
0.311504 0.222434 1.692418 0.637686 0.010755 0.766919 0.071254
0.312012 0.222233 1.692302 0.637797 0.010559 0.766827 0.071270
0.312521 0.222025 1.692187 0.637906 0.010358 0.766736 0.071300
0.313029 0.221807 1.692074 0.638014 0.010150 0.766645 0.071342
0.313537 0.221581 1.691963 0.638121 0.009937 0.766554 0.071397
0.314045 0.221347 1.691854 0.638226 0.009718 0.766464 0.071465
0.314553 0.221103 1.691746 0.638329 0.009492 0.766373 0.071545
0.315060 0.220852 1.691640 0.638431 0.009261 0.766282 0.071636
0.315568 0.220592 1.691536 0.638531 0.009023 0.766192 0.071740
0.316075 0.220323 1.691433 0.638630 0.008780 0.766101 0.071856
0.316582 0.220047 1.691332 0.638728 0.008530 0.766011 0.071984
0.317089 0.219762 1.691233 0.638824 0.008274 0.765920 0.072122
0.317596 0.219469 1.691136 0.638919 0.008013 0.765830 0.072272
0.318103 0.219168 1.691039 0.639012 0.007744 0.765739 0.072433
0.318608 0.218860 1.690944 0.639105 0.007468 0.765648 0.072606
0.319125 0.218608 1.690841 0.639205 0.007099 0.765578 0.072509
0.319649 0.218396 1.690733 0.639300 0.006777 0.765516 0.072353
0.320174 0.218215 1.690624 0.639391 0.006507 0.765459 0.072173
0.320699 0.218056 1.690512 0.639478 0.006277 0.765407 0.071980
0.321222 0.217913 1.690400 0.639561 0.006080 0.765358 0.071778
0.321742 0.217783 1.690287 0.639640 0.005907 0.765312 0.071574
0.322259 0.217661 1.690174 0.639716 0.005755 0.765269 0.071369
0.322772 0.217545 1.690060 0.639790 0.005619 0.765227 0.071167
0.323282 0.217432 1.689947 0.639861 0.005496 0.765187 0.070970
0.323789 0.217320 1.689834 0.639930 0.005382 0.765148 0.070779
0.324293 0.217208 1.689722 0.639997 0.005276 0.765109 0.070596
0.324793 0.217094 1.689610 0.640062 0.005176 0.765071 0.070422
0.325291 0.216978 1.689500 0.640126 0.005079 0.765034 0.070258
0.325787 0.216859 1.689390 0.640188 0.004984 0.764997 0.070103
0.326280 0.216734 1.689281 0.640249 0.004890 0.764959 0.069960
0.326772 0.216605 1.689174 0.640309 0.004797 0.764922 0.069828
0.327262 0.216470 1.689068 0.640368 0.004702 0.764884 0.069708
0.327750 0.216329 1.688963 0.640425 0.004605 0.764847 0.069600
0.328238 0.216180 1.688859 0.640482 0.004505 0.764809 0.069504
0.328724 0.216025 1.688757 0.640537 0.004401 0.764770 0.069420
0.329209 0.215863 1.688657 0.640592 0.004294 0.764731 0.069350
0.329693 0.215692 1.688557 0.640646 0.004182 0.764692 0.069292
0.330177 0.215514 1.688459 0.640699 0.004065 0.764653 0.069247
0.330660 0.215328 1.688363 0.640751 0.003943 0.764612 0.069215
0.331142 0.215134 1.688268 0.640802 0.003815 0.764572 0.069196
0.331625 0.214931 1.688174 0.640853 0.003681 0.764530 0.069189
0.332107 0.214719 1.688082 0.640903 0.003541 0.764488 0.069196
0.332588 0.214500 1.687992 0.640953 0.003395 0.764446 0.069215
0.333070 0.214271 1.687903 0.641001 0.003242 0.764403 0.069247
0.333551 0.214034 1.687815 0.641049 0.003083 0.764359 0.069291
0.334033 0.213789 1.687728 0.641097 0.002917 0.764315 0.069348
0.334514 0.213534 1.687643 0.641144 0.002745 0.764270 0.069417
0.334995 0.213272 1.687559 0.641190 0.002564 0.764224 0.069500
0.335473 0.213001 1.687477 0.641237 0.002373 0.764176 0.069594
0.335949 0.212724 1.687395 0.641285 0.002173 0.764127 0.069701
0.336422 0.212440 1.687314 0.641333 0.001965 0.764077 0.069819
0.336892 0.212151 1.687233 0.641382 0.001749 0.764025 0.069948
0.337357 0.211857 1.687154 0.641431 0.001527 0.763971 0.070086
0.337817 0.211560 1.687075 0.641481 0.001299 0.763916 0.070233
0.338273 0.211259 1.686997 0.641531 0.001066 0.763860 0.070387
0.338765 0.211021 1.686904 0.641608 0.000733 0.763803 0.070304
0.339278 0.210829 1.686802 0.641698 0.000428 0.763742 0.070160
0.339804 0.210670 1.686695 0.641792 0.000161 0.763678 0.069989
0.340337 0.210535 1.686585 0.641889 -0.000072 0.763613 0.069803
0.340872 0.210418 1.686472 0.641987 -0.000277 0.763549 0.069607
0.341408 0.210313 1.686358 0.642083 -0.000459 0.763486 0.069407
0.341943 0.210215 1.686243 0.642179 -0.000622 0.763424 0.069206
0.342475 0.210123 1.686127 0.642272 -0.000771 0.763364 0.069007
0.343004 0.210033 1.686012 0.642363 -0.000907 0.763304 0.068812
0.343531 0.209944 1.685896 0.642453 -0.001034 0.763246 0.068623
0.344055 0.209854 1.685781 0.642541 -0.001154 0.763188 0.068442
0.344575 0.209761 1.685667 0.642627 -0.001268 0.763131 0.068269
0.345093 0.209664 1.685554 0.642711 -0.001379 0.763074 0.068105
0.345608 0.209563 1.685441 0.642793 -0.001488 0.763018 0.067951
0.346121 0.209456 1.685330 0.642874 -0.001596 0.762963 0.067808
0.346631 0.209343 1.685219 0.642954 -0.001704 0.762907 0.067676
0.347139 0.209224 1.685110 0.643032 -0.001812 0.762852 0.067556
0.347645 0.209097 1.685002 0.643108 -0.001923 0.762797 0.067447
0.348150 0.208962 1.684895 0.643183 -0.002036 0.762742 0.067351
0.348653 0.208820 1.684790 0.643257 -0.002153 0.762686 0.067267
0.349154 0.208670 1.684686 0.643330 -0.002273 0.762631 0.067195
0.349655 0.208511 1.684584 0.643401 -0.002398 0.762576 0.067136
0.350154 0.208343 1.684483 0.643471 -0.002527 0.762520 0.067089
0.350652 0.208167 1.684383 0.643540 -0.002661 0.762465 0.067055
0.351149 0.207982 1.684285 0.643608 -0.002801 0.762409 0.067034
0.351645 0.207787 1.684188 0.643675 -0.002945 0.762353 0.067025
0.352140 0.207583 1.684093 0.643740 -0.003096 0.762297 0.067029
0.352634 0.207371 1.683999 0.643805 -0.003255 0.762240 0.067046
0.353125 0.207150 1.683906 0.643870 -0.003422 0.762182 0.067076
0.353614 0.206921 1.683814 0.643934 -0.003599 0.762122 0.067119
0.354098 0.206685 1.683723 0.643999 -0.003783 0.762062 0.067174
0.354579 0.206443 1.683633 0.644064 -0.003975 0.762001 0.067240
0.355054 0.206195 1.683543 0.644129 -0.004173 0.761938 0.067317
0.355525 0.205943 1.683455 0.644193 -0.004376 0.761874 0.067403
0.355991 0.205687 1.683368 0.644258 -0.004584 0.761810 0.067497
0.356451 0.205429 1.683282 0.644323 -0.004796 0.761745 0.067599
0.356905 0.205167 1.683196 0.644387 -0.005011 0.761679 0.067707
0.357354 0.204905 1.683112 0.644452 -0.005229 0.761613 0.067822
0.357797 0.204640 1.683028 0.644515 -0.005448 0.761547 0.067941
0.358233 0.204376 1.682946 0.644579 -0.005668 0.761481 0.068066
0.358697 0.204167 1.682848 0.644656 -0.005946 0.761425 0.067932
0.359179 0.203997 1.682740 0.644739 -0.006175 0.761371 0.067731
0.359672 0.203853 1.682623 0.644825 -0.006357 0.761317 0.067502
0.360173 0.203726 1.682501 0.644912 -0.006502 0.761263 0.067263
0.360677 0.203610 1.682374 0.645001 -0.006621 0.761208 0.067020
0.361184 0.203501 1.682243 0.645091 -0.006719 0.761152 0.066780
0.361691 0.203395 1.682108 0.645181 -0.006802 0.761096 0.066547
0.362197 0.203289 1.681971 0.645271 -0.006874 0.761038 0.066323
0.362703 0.203181 1.681832 0.645362 -0.006938 0.760979 0.066110
0.363208 0.203071 1.681692 0.645452 -0.006996 0.760920 0.065908
0.363711 0.202956 1.681551 0.645542 -0.007051 0.760859 0.065720
0.364212 0.202835 1.681409 0.645632 -0.007104 0.760797 0.065544
0.364712 0.202709 1.681266 0.645722 -0.007157 0.760734 0.065383
0.365210 0.202575 1.681124 0.645811 -0.007210 0.760671 0.065235
0.365707 0.202434 1.680982 0.645900 -0.007265 0.760606 0.065102
0.366203 0.202286 1.680841 0.645988 -0.007323 0.760541 0.064982
0.366697 0.202129 1.680700 0.646076 -0.007386 0.760475 0.064878
0.367188 0.201964 1.680560 0.646163 -0.007455 0.760408 0.064788
0.367676 0.201791 1.680421 0.646251 -0.007532 0.760339 0.064713
0.368160 0.201612 1.680283 0.646339 -0.007617 0.760269 0.064652
0.368639 0.201426 1.680145 0.646427 -0.007708 0.760197 0.064604
0.369114 0.201235 1.680009 0.646514 -0.007806 0.760124 0.064569
0.369584 0.201038 1.679873 0.646602 -0.007910 0.760051 0.064546
0.370049 0.200838 1.679739 0.646690 -0.008019 0.759976 0.064533
0.370508 0.200634 1.679606 0.646777 -0.008133 0.759901 0.064530
0.370961 0.200426 1.679474 0.646864 -0.008251 0.759825 0.064536
0.371408 0.200217 1.679344 0.646951 -0.008372 0.759748 0.064550
0.371849 0.200005 1.679215 0.647037 -0.008496 0.759672 0.064572
0.372285 0.199792 1.679088 0.647122 -0.008622 0.759595 0.064600
0.372713 0.199578 1.678963 0.647207 -0.008750 0.759519 0.064633
0.373136 0.199364 1.678839 0.647291 -0.008880 0.759442 0.064673
0.373552 0.199149 1.678717 0.647375 -0.009011 0.759366 0.064717
0.373962 0.198935 1.678597 0.647457 -0.009142 0.759290 0.064765
0.374366 0.198721 1.678478 0.647538 -0.009274 0.759215 0.064816
0.374763 0.198509 1.678361 0.647618 -0.009406 0.759140 0.064871
0.375153 0.198297 1.678246 0.647698 -0.009538 0.759066 0.064928
0.375538 0.198086 1.678133 0.647776 -0.009669 0.758992 0.064988
0.375916 0.197878 1.678021 0.647853 -0.009800 0.758920 0.065050
0.376288 0.197671 1.677912 0.647929 -0.009930 0.758848 0.065114
0.376653 0.197465 1.677804 0.648004 -0.010058 0.758776 0.065179
0.377059 0.197307 1.677677 0.648094 -0.010267 0.758713 0.064987
0.377491 0.197178 1.677539 0.648191 -0.010434 0.758648 0.064745
0.377943 0.197064 1.677391 0.648292 -0.010561 0.758582 0.064492
0.378408 0.196957 1.677235 0.648396 -0.010660 0.758513 0.064239
0.378880 0.196853 1.677071 0.648503 -0.010744 0.758441 0.063996
0.379358 0.196748 1.676902 0.648612 -0.010818 0.758366 0.063767
0.379837 0.196640 1.676728 0.648725 -0.010887 0.758287 0.063554
0.380317 0.196528 1.676549 0.648839 -0.010954 0.758204 0.063359
0.380795 0.196411 1.676367 0.648956 -0.011021 0.758118 0.063182
0.381270 0.196289 1.676182 0.649075 -0.011088 0.758028 0.063022
0.381742 0.196163 1.675994 0.649196 -0.011155 0.757936 0.062879
0.382209 0.196031 1.675805 0.649319 -0.011224 0.757840 0.062752
0.382672 0.195896 1.675614 0.649442 -0.011294 0.757742 0.062640
0.383130 0.195757 1.675423 0.649567 -0.011365 0.757643 0.062541
0.383583 0.195614 1.675231 0.649692 -0.011437 0.757541 0.062456
0.384030 0.195469 1.675040 0.649818 -0.011510 0.757438 0.062382
0.384471 0.195321 1.674849 0.649943 -0.011584 0.757335 0.062319
0.384906 0.195170 1.674659 0.650069 -0.011659 0.757230 0.062265
0.385336 0.195019 1.674470 0.650194 -0.011734 0.757125 0.062221
0.385759 0.194865 1.674282 0.650319 -0.011810 0.757020 0.062184
0.386176 0.194711 1.674096 0.650443 -0.011886 0.756914 0.062155
0.386586 0.194556 1.673912 0.650566 -0.011963 0.756809 0.062133
0.386991 0.194401 1.673729 0.650688 -0.012040 0.756705 0.062116
0.387389 0.194246 1.673549 0.650809 -0.012117 0.756600 0.062105
0.387780 0.194090 1.673371 0.650928 -0.012193 0.756497 0.062099
0.388166 0.193935 1.673194 0.651046 -0.012270 0.756394 0.062097
0.388545 0.193781 1.673021 0.651163 -0.012346 0.756292 0.062099
0.388918 0.193628 1.672849 0.651278 -0.012421 0.756191 0.062105
0.389285 0.193475 1.672681 0.651392 -0.012496 0.756091 0.062114
0.389645 0.193324 1.672514 0.651504 -0.012571 0.755993 0.062125
0.390000 0.193174 1.672351 0.651614 -0.012644 0.755896 0.062139
0.390348 0.193025 1.672189 0.651723 -0.012717 0.755799 0.062155
0.390690 0.192878 1.672031 0.651829 -0.012789 0.755705 0.062172
0.391027 0.192732 1.671875 0.651935 -0.012860 0.755611 0.062192
0.391357 0.192588 1.671721 0.652038 -0.012930 0.755519 0.062213
0.391682 0.192446 1.671570 0.652139 -0.012999 0.755428 0.062235
0.392000 0.192306 1.671422 0.652239 -0.013067 0.755339 0.062258
0.392314 0.192168 1.671277 0.652337 -0.013133 0.755252 0.062282
0.392621 0.192031 1.671134 0.652433 -0.013199 0.755165 0.062306
0.392923 0.191897 1.670993 0.652528 -0.013263 0.755080 0.062331
0.393261 0.191800 1.670845 0.652621 -0.013454 0.755017 0.062083
0.393621 0.191725 1.670692 0.652708 -0.013622 0.754963 0.061787
0.393997 0.191661 1.670536 0.652791 -0.013762 0.754914 0.061482
0.394383 0.191602 1.670376 0.652871 -0.013886 0.754867 0.061179
0.394775 0.191544 1.670212 0.652950 -0.013999 0.754820 0.060884
0.395170 0.191485 1.670045 0.653029 -0.014106 0.754773 0.060602
0.395566 0.191423 1.669875 0.653109 -0.014208 0.754723 0.060334
0.395962 0.191357 1.669702 0.653190 -0.014309 0.754671 0.060081
0.396355 0.191287 1.669527 0.653272 -0.014407 0.754617 0.059845
0.396747 0.191213 1.669350 0.653356 -0.014504 0.754560 0.059624
0.397135 0.191135 1.669171 0.653441 -0.014601 0.754500 0.059419
0.397519 0.191054 1.668991 0.653528 -0.014696 0.754438 0.059229
0.397899 0.190969 1.668811 0.653616 -0.014791 0.754374 0.059052
0.398275 0.190880 1.668631 0.653705 -0.014885 0.754308 0.058889
0.398646 0.190789 1.668450 0.653794 -0.014978 0.754241 0.058737
0.399013 0.190696 1.668270 0.653884 -0.015071 0.754172 0.058597
0.399375 0.190599 1.668091 0.653974 -0.015162 0.754102 0.058468
0.399731 0.190502 1.667912 0.654065 -0.015253 0.754031 0.058348
0.400083 0.190402 1.667735 0.654155 -0.015343 0.753959 0.058238
0.400430 0.190301 1.667559 0.654245 -0.015432 0.753887 0.058135
0.400771 0.190200 1.667385 0.654335 -0.015520 0.753814 0.058041
0.401108 0.190097 1.667212 0.654424 -0.015606 0.753742 0.057953
0.401439 0.189994 1.667041 0.654513 -0.015692 0.753669 0.057872
0.401765 0.189891 1.666872 0.654601 -0.015776 0.753597 0.057797
0.402085 0.189787 1.666705 0.654688 -0.015860 0.753524 0.057728
0.402401 0.189683 1.666540 0.654775 -0.015942 0.753453 0.057664
0.402711 0.189580 1.666378 0.654860 -0.016022 0.753381 0.057604
0.403017 0.189477 1.666218 0.654944 -0.016102 0.753310 0.057549
0.403317 0.189375 1.666059 0.655028 -0.016180 0.753240 0.057498
0.403612 0.189273 1.665904 0.655110 -0.016256 0.753171 0.057451
0.403903 0.189172 1.665750 0.655191 -0.016332 0.753102 0.057407
0.404188 0.189072 1.665599 0.655271 -0.016405 0.753034 0.057366
0.404468 0.188973 1.665451 0.655349 -0.016477 0.752967 0.057328
0.404744 0.188874 1.665305 0.655427 -0.016548 0.752901 0.057293
0.405014 0.188777 1.665161 0.655503 -0.016617 0.752835 0.057260
0.405280 0.188682 1.665020 0.655578 -0.016685 0.752771 0.057230
0.405541 0.188587 1.664881 0.655651 -0.016751 0.752708 0.057201
0.405798 0.188494 1.664744 0.655723 -0.016815 0.752645 0.057175
0.406050 0.188402 1.664610 0.655794 -0.016878 0.752584 0.057150
0.406297 0.188311 1.664478 0.655864 -0.016939 0.752524 0.057127
0.406581 0.188261 1.664343 0.655955 -0.017012 0.752457 0.056935
0.406889 0.188234 1.664210 0.656052 -0.017031 0.752389 0.056712
0.407212 0.188218 1.664081 0.656148 -0.017017 0.752324 0.056477
0.407544 0.188206 1.663957 0.656241 -0.016988 0.752261 0.056235
0.407881 0.188193 1.663838 0.656329 -0.016956 0.752203 0.055993
0.408221 0.188178 1.663723 0.656414 -0.016927 0.752147 0.055753
0.408561 0.188159 1.663612 0.656495 -0.016903 0.752094 0.055519
0.408901 0.188135 1.663505 0.656573 -0.016886 0.752043 0.055292
0.409239 0.188106 1.663401 0.656648 -0.016876 0.751994 0.055074
0.409574 0.188071 1.663300 0.656720 -0.016873 0.751946 0.054865
0.409907 0.188031 1.663202 0.656791 -0.016876 0.751900 0.054666
0.410236 0.187985 1.663106 0.656859 -0.016886 0.751854 0.054476
0.410562 0.187936 1.663013 0.656925 -0.016902 0.751808 0.054296
0.410884 0.187882 1.662921 0.656990 -0.016923 0.751764 0.054125
0.411202 0.187825 1.662832 0.657053 -0.016948 0.751720 0.053963
0.411515 0.187764 1.662745 0.657114 -0.016977 0.751676 0.053809
0.411825 0.187700 1.662660 0.657175 -0.017009 0.751633 0.053663
0.412130 0.187634 1.662577 0.657234 -0.017045 0.751591 0.053525
0.412431 0.187565 1.662496 0.657292 -0.017083 0.751548 0.053394
0.412727 0.187494 1.662416 0.657348 -0.017124 0.751507 0.053269
0.413019 0.187421 1.662338 0.657404 -0.017166 0.751466 0.053151
0.413307 0.187347 1.662261 0.657458 -0.017211 0.751425 0.053039
0.413590 0.187272 1.662186 0.657511 -0.017256 0.751385 0.052933
0.413869 0.187196 1.662113 0.657563 -0.017303 0.751345 0.052832
0.414143 0.187119 1.662041 0.657615 -0.017350 0.751306 0.052736
0.414413 0.187042 1.661970 0.657665 -0.017398 0.751268 0.052644
0.414679 0.186964 1.661901 0.657714 -0.017447 0.751230 0.052557
0.414940 0.186886 1.661833 0.657762 -0.017495 0.751192 0.052474
0.415197 0.186808 1.661767 0.657809 -0.017544 0.751155 0.052395
0.415450 0.186730 1.661702 0.657855 -0.017593 0.751119 0.052320
0.415699 0.186653 1.661638 0.657900 -0.017642 0.751083 0.052248
0.415943 0.186576 1.661575 0.657944 -0.017690 0.751048 0.052179
0.416183 0.186499 1.661514 0.657988 -0.017738 0.751014 0.052113
0.416419 0.186423 1.661454 0.658030 -0.017785 0.750980 0.052050
0.416651 0.186348 1.661395 0.658072 -0.017832 0.750947 0.051990
0.416879 0.186273 1.661337 0.658112 -0.017878 0.750914 0.051932
0.417103 0.186199 1.661280 0.658152 -0.017923 0.750882 0.051877
0.417323 0.186126 1.661225 0.658191 -0.017968 0.750850 0.051824
0.417539 0.186054 1.661170 0.658229 -0.018012 0.750819 0.051773
0.417751 0.185983 1.661117 0.658267 -0.018055 0.750789 0.051724
0.417987 0.185943 1.661049 0.658319 -0.018269 0.750763 0.051355
0.418237 0.185923 1.660973 0.658377 -0.018465 0.750736 0.050929
0.418495 0.185913 1.660891 0.658439 -0.018635 0.750707 0.050491
0.418760 0.185909 1.660804 0.658503 -0.018784 0.750677 0.050053
0.419027 0.185908 1.660713 0.658569 -0.018919 0.750644 0.049622
0.419294 0.185908 1.660618 0.658636 -0.019045 0.750610 0.049201
0.419562 0.185907 1.660521 0.658704 -0.019163 0.750573 0.048792
0.419828 0.185905 1.660420 0.658774 -0.019275 0.750535 0.048396
0.420093 0.185901 1.660318 0.658845 -0.019382 0.750495 0.048014
0.420355 0.185895 1.660214 0.658916 -0.019486 0.750453 0.047646
0.420614 0.185888 1.660109 0.658989 -0.019586 0.750409 0.047292
0.420871 0.185878 1.660002 0.659061 -0.019682 0.750364 0.046952
0.421124 0.185866 1.659895 0.659135 -0.019776 0.750318 0.046624
0.421373 0.185852 1.659787 0.659208 -0.019867 0.750270 0.046308
0.421620 0.185837 1.659679 0.659282 -0.019955 0.750222 0.046004
0.421863 0.185820 1.659571 0.659356 -0.020041 0.750172 0.045712
0.422102 0.185802 1.659463 0.659430 -0.020124 0.750122 0.045430
0.422338 0.185783 1.659355 0.659503 -0.020206 0.750072 0.045158
0.422570 0.185762 1.659249 0.659576 -0.020285 0.750021 0.044896
0.422799 0.185740 1.659142 0.659649 -0.020362 0.749970 0.044643
0.423024 0.185718 1.659037 0.659721 -0.020436 0.749919 0.044399
0.423246 0.185695 1.658932 0.659793 -0.020509 0.749869 0.044163
0.423464 0.185671 1.658829 0.659863 -0.020580 0.749818 0.043935
0.423678 0.185647 1.658726 0.659933 -0.020649 0.749767 0.043715
0.423889 0.185622 1.658625 0.660002 -0.020717 0.749717 0.043502
0.424097 0.185597 1.658525 0.660071 -0.020782 0.749667 0.043295
0.424301 0.185571 1.658426 0.660138 -0.020846 0.749617 0.043095
0.424502 0.185546 1.658329 0.660204 -0.020908 0.749568 0.042902
0.424699 0.185520 1.658233 0.660270 -0.020968 0.749520 0.042714
0.424893 0.185494 1.658139 0.660334 -0.021027 0.749472 0.042532
0.425070 0.185489 1.658051 0.660391 -0.021043 0.749436 0.042279
0.425234 0.185504 1.657969 0.660440 -0.021021 0.749410 0.041977
0.425386 0.185535 1.657894 0.660483 -0.020968 0.749392 0.041637
0.425527 0.185583 1.657823 0.660522 -0.020889 0.749381 0.041272
0.425660 0.185644 1.657758 0.660557 -0.020791 0.749374 0.040890
0.425786 0.185716 1.657696 0.660589 -0.020678 0.749370 0.040497
0.425905 0.185797 1.657637 0.660619 -0.020556 0.749368 0.040101
0.426020 0.185886 1.657581 0.660647 -0.020428 0.749367 0.039705
0.426130 0.185980 1.657527 0.660675 -0.020297 0.749367 0.039314
0.426237 0.186078 1.657475 0.660701 -0.020166 0.749368 0.038930
0.426371 0.186196 1.657418 0.660735 -0.020210 0.749364 0.038396
0.426516 0.186329 1.657365 0.660760 -0.020260 0.749368 0.037856
0.426666 0.186472 1.657316 0.660776 -0.020301 0.749380 0.037324
0.426819 0.186623 1.657270 0.660785 -0.020337 0.749396 0.036803
0.426973 0.186777 1.657226 0.660790 -0.020371 0.749416 0.036292
0.427137 0.186919 1.657183 0.660791 -0.020441 0.749435 0.035836
0.427305 0.187051 1.657141 0.660790 -0.020536 0.749454 0.035417
0.427477 0.187175 1.657100 0.660787 -0.020645 0.749471 0.035023
0.427649 0.187291 1.657058 0.660784 -0.020765 0.749489 0.034651
0.427821 0.187400 1.657017 0.660780 -0.020889 0.749505 0.034295
0.427993 0.187504 1.656975 0.660776 -0.021016 0.749520 0.033956
0.428163 0.187601 1.656933 0.660772 -0.021143 0.749534 0.033630
0.428332 0.187694 1.656892 0.660769 -0.021271 0.749548 0.033317
0.428500 0.187782 1.656850 0.660766 -0.021398 0.749560 0.033016
0.428657 0.187878 1.656808 0.660764 -0.021491 0.749574 0.032686
0.428806 0.187981 1.656766 0.660762 -0.021554 0.749588 0.032339
0.428947 0.188091 1.656725 0.660762 -0.021593 0.749603 0.031980
0.429083 0.188207 1.656684 0.660761 -0.021614 0.749618 0.031615
0.429212 0.188327 1.656643 0.660761 -0.021621 0.749634 0.031247
0.429337 0.188451 1.656603 0.660762 -0.021617 0.749649 0.030879
0.429458 0.188577 1.656563 0.660762 -0.021604 0.749664 0.030513
0.429575 0.188706 1.656524 0.660762 -0.021586 0.749679 0.030152
0.429689 0.188836 1.656486 0.660763 -0.021562 0.749693 0.029795
0.429810 0.188952 1.656448 0.660763 -0.021575 0.749705 0.029492
0.429935 0.189056 1.656411 0.660763 -0.021611 0.749714 0.029222
0.430053 0.189164 1.656374 0.660763 -0.021631 0.749725 0.028938
0.430166 0.189275 1.656338 0.660762 -0.021636 0.749736 0.028644
0.430274 0.189388 1.656302 0.660762 -0.021629 0.749748 0.028344
0.430378 0.189504 1.656268 0.660761 -0.021614 0.749761 0.028042
0.430478 0.189621 1.656235 0.660759 -0.021590 0.749774 0.027740
0.430575 0.189740 1.656203 0.660757 -0.021562 0.749788 0.027440
0.430670 0.189859 1.656172 0.660755 -0.021530 0.749801 0.027142
0.430771 0.189964 1.656141 0.660754 -0.021530 0.749812 0.026895
0.430868 0.190070 1.656111 0.660752 -0.021521 0.749823 0.026640
0.430960 0.190179 1.656081 0.660750 -0.021503 0.749834 0.026379
0.431043 0.190286 1.656054 0.660747 -0.021472 0.749847 0.026108
0.431118 0.190393 1.656029 0.660743 -0.021429 0.749861 0.025829
0.431185 0.190500 1.656005 0.660738 -0.021375 0.749877 0.025544
0.431246 0.190608 1.655984 0.660733 -0.021313 0.749893 0.025255
0.431301 0.190716 1.655964 0.660727 -0.021242 0.749911 0.024962
0.431354 0.190836 1.655955 0.660722 -0.021306 0.749930 0.024443
0.431407 0.190961 1.655950 0.660717 -0.021384 0.749950 0.023875
0.431460 0.191090 1.655945 0.660713 -0.021453 0.749970 0.023290
0.431511 0.191222 1.655940 0.660711 -0.021507 0.749989 0.022700
0.431561 0.191358 1.655936 0.660709 -0.021546 0.750007 0.022106
0.431610 0.191498 1.655931 0.660708 -0.021574 0.750024 0.021511
0.431657 0.191642 1.655926 0.660708 -0.021590 0.750041 0.020915
0.431702 0.191790 1.655921 0.660708 -0.021596 0.750057 0.020320
0.431745 0.191941 1.655916 0.660708 -0.021593 0.750073 0.019726
0.431786 0.192095 1.655911 0.660709 -0.021582 0.750088 0.019134
0.431826 0.192252 1.655905 0.660709 -0.021566 0.750103 0.018546
0.431864 0.192411 1.655900 0.660710 -0.021543 0.750117 0.017962
0.431901 0.192573 1.655895 0.660710 -0.021515 0.750131 0.017382
0.431935 0.192736 1.655890 0.660710 -0.021483 0.750145 0.016807
0.431969 0.192902 1.655885 0.660710 -0.021447 0.750159 0.016238
0.432001 0.193069 1.655880 0.660710 -0.021408 0.750172 0.015675
0.432032 0.193237 1.655875 0.660710 -0.021366 0.750185 0.015118
0.432062 0.193406 1.655871 0.660709 -0.021322 0.750198 0.014568
0.432090 0.193543 1.655866 0.660709 -0.021332 0.750208 0.014058
0.432115 0.193652 1.655861 0.660710 -0.021376 0.750213 0.013597
0.432138 0.193738 1.655856 0.660713 -0.021445 0.750216 0.013172
0.432160 0.193811 1.655851 0.660717 -0.021521 0.750218 0.012770
0.432181 0.193874 1.655847 0.660720 -0.021602 0.750219 0.012386
0.432202 0.193929 1.655843 0.660724 -0.021684 0.750220 0.012015
0.432221 0.193979 1.655840 0.660728 -0.021764 0.750220 0.011654
0.432240 0.194026 1.655837 0.660731 -0.021841 0.750220 0.011299
0.432258 0.194071 1.655834 0.660735 -0.021913 0.750220 0.010950
0.432275 0.194115 1.655832 0.660738 -0.021979 0.750220 0.010604
0.432291 0.194160 1.655830 0.660741 -0.022040 0.750220 0.010260
0.432307 0.194206 1.655828 0.660744 -0.022094 0.750221 0.009919
0.432321 0.194253 1.655827 0.660747 -0.022143 0.750221 0.009580
0.432336 0.194303 1.655825 0.660749 -0.022185 0.750222 0.009242
0.432349 0.194354 1.655824 0.660751 -0.022221 0.750223 0.008906
0.432362 0.194409 1.655823 0.660753 -0.022252 0.750224 0.008572
0.432374 0.194469 1.655823 0.660754 -0.022282 0.750226 0.008245
0.432385 0.194536 1.655823 0.660755 -0.022311 0.750228 0.007926
0.432395 0.194608 1.655823 0.660756 -0.022342 0.750230 0.007615
0.432405 0.194684 1.655823 0.660756 -0.022373 0.750232 0.007313
0.432415 0.194765 1.655823 0.660756 -0.022406 0.750234 0.007020
0.432424 0.194848 1.655823 0.660755 -0.022440 0.750236 0.006735
0.432426 0.194941 1.655871 0.660728 -0.022733 0.750255 0.006171
0.432427 0.195040 1.655924 0.660702 -0.023081 0.750273 0.005563
0.432428 0.195143 1.655971 0.660682 -0.023438 0.750284 0.004963
0.432430 0.195248 1.656011 0.660667 -0.023795 0.750289 0.004379
0.432433 0.195355 1.656046 0.660658 -0.024149 0.750289 0.003813
0.432438 0.195463 1.656075 0.660652 -0.024500 0.750285 0.003264
0.432443 0.195571 1.656100 0.660649 -0.024848 0.750279 0.002730
0.432449 0.195679 1.656122 0.660648 -0.025193 0.750270 0.002210
0.432456 0.195786 1.656141 0.660648 -0.025534 0.750260 0.001701
0.432463 0.195893 1.656159 0.660648 -0.025872 0.750249 0.001203
0.432472 0.195999 1.656175 0.660649 -0.026206 0.750237 0.000715
0.432481 0.196105 1.656189 0.660650 -0.026536 0.750225 0.000236
0.432490 0.196209 1.656203 0.660651 -0.026861 0.750212 -0.000235
0.432499 0.196313 1.656215 0.660652 -0.027182 0.750200 -0.000698
0.432509 0.196415 1.656227 0.660652 -0.027499 0.750187 -0.001154
0.432518 0.196517 1.656239 0.660652 -0.027811 0.750175 -0.001603
0.432528 0.196618 1.656250 0.660652 -0.028118 0.750163 -0.002045
0.432538 0.196718 1.656261 0.660651 -0.028419 0.750151 -0.002481
0.432548 0.196816 1.656272 0.660650 -0.028716 0.750139 -0.002910
0.432557 0.196914 1.656283 0.660648 -0.029008 0.750128 -0.003334
0.432567 0.197011 1.656293 0.660646 -0.029294 0.750116 -0.003751
0.432576 0.197106 1.656304 0.660643 -0.029575 0.750105 -0.004162
0.432585 0.197201 1.656314 0.660641 -0.029851 0.750095 -0.004568
0.432594 0.197295 1.656324 0.660637 -0.030122 0.750084 -0.004967
0.432603 0.197387 1.656334 0.660634 -0.030387 0.750074 -0.005361
0.432611 0.197480 1.656344 0.660630 -0.030646 0.750064 -0.005749
0.432619 0.197571 1.656354 0.660626 -0.030899 0.750054 -0.006131
0.432627 0.197661 1.656364 0.660622 -0.031147 0.750044 -0.006508
0.432635 0.197751 1.656373 0.660617 -0.031390 0.750035 -0.006879
0.432642 0.197840 1.656383 0.660613 -0.031628 0.750025 -0.007244
0.432649 0.197928 1.656392 0.660608 -0.031861 0.750016 -0.007603
0.432656 0.198014 1.656402 0.660602 -0.032089 0.750008 -0.007957
0.432663 0.198100 1.656412 0.660597 -0.032313 0.749999 -0.008304
0.432669 0.198185 1.656421 0.660591 -0.032531 0.749991 -0.008646
0.432676 0.198269 1.656431 0.660585 -0.032746 0.749983 -0.008983
0.432682 0.198351 1.656441 0.660579 -0.032956 0.749975 -0.009313
0.432688 0.198433 1.656450 0.660573 -0.033162 0.749967 -0.009638
0.432694 0.198513 1.656460 0.660567 -0.033363 0.749959 -0.009957
0.432699 0.198593 1.656469 0.660560 -0.033561 0.749952 -0.010271
0.432705 0.198671 1.656478 0.660554 -0.033754 0.749945 -0.010579
0.432702 0.198767 1.656541 0.660506 -0.034257 0.749955 -0.011199
0.432697 0.198878 1.656615 0.660457 -0.034848 0.749961 -0.011883
0.432691 0.198999 1.656689 0.660415 -0.035479 0.749957 -0.012572
0.432685 0.199127 1.656759 0.660380 -0.036130 0.749945 -0.013248
0.432681 0.199258 1.656825 0.660352 -0.036798 0.749925 -0.013910
0.432677 0.199392 1.656887 0.660327 -0.037479 0.749901 -0.014557
0.432675 0.199527 1.656945 0.660307 -0.038170 0.749872 -0.015191
0.432675 0.199662 1.657001 0.660288 -0.038869 0.749839 -0.015814
0.432676 0.199796 1.657054 0.660271 -0.039574 0.749804 -0.016427
0.432678 0.199929 1.657105 0.660256 -0.040285 0.749766 -0.017034
0.432682 0.200059 1.657153 0.660240 -0.040999 0.749727 -0.017636
0.432687 0.200188 1.657201 0.660225 -0.041716 0.749687 -0.018235
0.432692 0.200315 1.657245 0.660211 -0.042429 0.749644 -0.018826
0.432699 0.200440 1.657286 0.660198 -0.043135 0.749601 -0.019406
0.432706 0.200563 1.657325 0.660186 -0.043830 0.749557 -0.019974
0.432714 0.200683 1.657361 0.660174 -0.044513 0.749512 -0.020532
0.432722 0.200802 1.657395 0.660162 -0.045185 0.749466 -0.021079
0.432730 0.200919 1.657427 0.660151 -0.045845 0.749421 -0.021617
0.432739 0.201034 1.657458 0.660139 -0.046493 0.749376 -0.022146
0.432747 0.201147 1.657488 0.660127 -0.047128 0.749331 -0.022667
0.432755 0.201259 1.657516 0.660115 -0.047752 0.749287 -0.023181
0.432763 0.201369 1.657545 0.660103 -0.048363 0.749243 -0.023687
0.432770 0.201478 1.657572 0.660089 -0.048962 0.749199 -0.024187
0.432777 0.201585 1.657599 0.660076 -0.049549 0.749157 -0.024680
0.432784 0.201692 1.657626 0.660062 -0.050124 0.749114 -0.025165
0.432790 0.201797 1.657652 0.660048 -0.050687 0.749073 -0.025645
0.432796 0.201900 1.657678 0.660033 -0.051239 0.749032 -0.026117
0.432802 0.202003 1.657705 0.660017 -0.051779 0.748992 -0.026583
0.432807 0.202104 1.657730 0.660001 -0.052309 0.748953 -0.027043
0.432811 0.202204 1.657756 0.659985 -0.052828 0.748914 -0.027497
0.432816 0.202303 1.657782 0.659969 -0.053336 0.748876 -0.027944
0.432820 0.202401 1.657807 0.659952 -0.053834 0.748839 -0.028384
0.432823 0.202498 1.657833 0.659934 -0.054321 0.748803 -0.028819
0.432827 0.202593 1.657858 0.659916 -0.054799 0.748767 -0.029248
0.432830 0.202688 1.657883 0.659898 -0.055266 0.748732 -0.029670
0.432832 0.202781 1.657909 0.659879 -0.055725 0.748698 -0.030086
0.432835 0.202874 1.657934 0.659860 -0.056174 0.748665 -0.030496
0.432837 0.202965 1.657959 0.659841 -0.056615 0.748632 -0.030900
0.432839 0.203055 1.657984 0.659821 -0.057046 0.748600 -0.031297
0.432841 0.203144 1.658008 0.659802 -0.057469 0.748569 -0.031688
0.432832 0.203234 1.658068 0.659739 -0.058138 0.748546 -0.032299
0.432819 0.203331 1.658137 0.659671 -0.058870 0.748520 -0.032948
0.432804 0.203434 1.658207 0.659608 -0.059626 0.748487 -0.033593
0.432789 0.203540 1.658274 0.659550 -0.060397 0.748448 -0.034225
0.432773 0.203646 1.658339 0.659495 -0.061178 0.748404 -0.034841
0.432759 0.203751 1.658402 0.659445 -0.061967 0.748356 -0.035443
0.432745 0.203855 1.658462 0.659396 -0.062763 0.748304 -0.036032
0.432733 0.203956 1.658520 0.659349 -0.063565 0.748250 -0.036610
0.432722 0.204053 1.658575 0.659304 -0.064371 0.748193 -0.037179
0.432713 0.204147 1.658628 0.659259 -0.065181 0.748134 -0.037741
0.432705 0.204238 1.658680 0.659214 -0.065993 0.748074 -0.038298
0.432699 0.204324 1.658730 0.659170 -0.066806 0.748012 -0.038852
0.432693 0.204407 1.658778 0.659125 -0.067619 0.747950 -0.039402
0.432689 0.204486 1.658825 0.659080 -0.068433 0.747886 -0.039952
0.432686 0.204562 1.658871 0.659035 -0.069245 0.747822 -0.040502
0.432683 0.204635 1.658915 0.658989 -0.070057 0.747757 -0.041052
0.432681 0.204704 1.658959 0.658942 -0.070866 0.747692 -0.041604
0.432680 0.204771 1.659001 0.658894 -0.071672 0.747626 -0.042158
0.432679 0.204835 1.659043 0.658846 -0.072475 0.747559 -0.042715
0.432678 0.204898 1.659084 0.658797 -0.073275 0.747492 -0.043276
0.432678 0.204959 1.659124 0.658746 -0.074073 0.747426 -0.043841
0.432677 0.205018 1.659163 0.658693 -0.074869 0.747359 -0.044410
0.432677 0.205075 1.659201 0.658639 -0.075663 0.747293 -0.044984
0.432677 0.205130 1.659239 0.658584 -0.076454 0.747226 -0.045561
0.432677 0.205184 1.659276 0.658527 -0.077243 0.747159 -0.046142
0.432677 0.205236 1.659313 0.658468 -0.078030 0.747093 -0.046727
0.432676 0.205286 1.659349 0.658409 -0.078814 0.747026 -0.047315
0.432676 0.205335 1.659385 0.658348 -0.079596 0.746959 -0.047906
0.432676 0.205382 1.659419 0.658286 -0.080373 0.746892 -0.048498
0.432676 0.205427 1.659451 0.658225 -0.081140 0.746825 -0.049083
0.432677 0.205471 1.659481 0.658165 -0.081894 0.746757 -0.049659
0.432677 0.205514 1.659509 0.658106 -0.082635 0.746689 -0.050225
0.432677 0.205556 1.659534 0.658048 -0.083362 0.746622 -0.050782
0.432678 0.205596 1.659559 0.657990 -0.084077 0.746556 -0.051329
0.432678 0.205635 1.659582 0.657933 -0.084779 0.746490 -0.051868
0.432678 0.205673 1.659604 0.657876 -0.085469 0.746424 -0.052397
0.432679 0.205709 1.659625 0.657819 -0.086146 0.746360 -0.052918
0.432679 0.205745 1.659645 0.657762 -0.086811 0.746296 -0.053431
0.432679 0.205779 1.659665 0.657705 -0.087465 0.746234 -0.053935
0.432679 0.205812 1.659684 0.657649 -0.088106 0.746172 -0.054432
0.432672 0.205861 1.659723 0.657576 -0.088838 0.746108 -0.054999
0.432662 0.205920 1.659766 0.657499 -0.089617 0.746040 -0.055579
0.432650 0.205988 1.659810 0.657421 -0.090423 0.745968 -0.056150
0.432637 0.206061 1.659852 0.657346 -0.091244 0.745893 -0.056703
0.432626 0.206135 1.659891 0.657271 -0.092079 0.745815 -0.057239
0.432614 0.206208 1.659928 0.657198 -0.092927 0.745734 -0.057758
0.432604 0.206280 1.659962 0.657124 -0.093786 0.745652 -0.058262
0.432596 0.206349 1.659993 0.657051 -0.094651 0.745569 -0.058754
0.432588 0.206416 1.660022 0.656977 -0.095520 0.745485 -0.059238
0.432582 0.206481 1.660049 0.656902 -0.096392 0.745401 -0.059716
0.432577 0.206542 1.660075 0.656826 -0.097267 0.745316 -0.060192
0.432574 0.206601 1.660098 0.656749 -0.098142 0.745231 -0.060667
0.432571 0.206658 1.660121 0.656670 -0.099017 0.745146 -0.061142
0.432569 0.206712 1.660143 0.656588 -0.099892 0.745061 -0.061621
0.432568 0.206764 1.660164 0.656504 -0.100767 0.744978 -0.062105
0.432567 0.206815 1.660184 0.656418 -0.101640 0.744894 -0.062593
0.432567 0.206864 1.660204 0.656329 -0.102510 0.744811 -0.063085
0.432567 0.206911 1.660223 0.656239 -0.103376 0.744729 -0.063582
0.432567 0.206958 1.660242 0.656144 -0.104245 0.744648 -0.064090
0.432568 0.207004 1.660261 0.656049 -0.105104 0.744566 -0.064601
0.432568 0.207054 1.660282 0.655949 -0.105957 0.744488 -0.065134
0.432567 0.207110 1.660304 0.655843 -0.106804 0.744411 -0.065683
0.432567 0.207162 1.660325 0.655740 -0.107644 0.744333 -0.066227
0.432566 0.207211 1.660346 0.655637 -0.108478 0.744254 -0.066770
0.432566 0.207257 1.660366 0.655534 -0.109308 0.744174 -0.067314
0.432566 0.207301 1.660387 0.655432 -0.110133 0.744093 -0.067861
0.432566 0.207343 1.660406 0.655329 -0.110955 0.744012 -0.068410
0.432566 0.207383 1.660426 0.655225 -0.111772 0.743929 -0.068963
0.432566 0.207421 1.660445 0.655122 -0.112585 0.743847 -0.069518
0.432566 0.207458 1.660464 0.655017 -0.113394 0.743763 -0.070078
0.432565 0.207493 1.660482 0.654912 -0.114199 0.743679 -0.070642
0.432565 0.207528 1.660500 0.654806 -0.114999 0.743595 -0.071210
0.432565 0.207561 1.660517 0.654700 -0.115796 0.743510 -0.071781
0.432564 0.207593 1.660535 0.654592 -0.116590 0.743425 -0.072357
0.432564 0.207624 1.660552 0.654484 -0.117379 0.743339 -0.072936
0.432563 0.207655 1.660568 0.654375 -0.118165 0.743254 -0.073520
0.432562 0.207684 1.660585 0.654264 -0.118947 0.743167 -0.074107
0.432562 0.207713 1.660601 0.654153 -0.119726 0.743081 -0.074698
0.432561 0.207741 1.660617 0.654041 -0.120502 0.742994 -0.075293
0.432560 0.207769 1.660633 0.653928 -0.121274 0.742907 -0.075891
0.432550 0.207809 1.660647 0.653816 -0.122132 0.742799 -0.076538
0.432533 0.207857 1.660663 0.653704 -0.123042 0.742679 -0.077200
0.432510 0.207911 1.660681 0.653592 -0.123986 0.742552 -0.077858
0.432484 0.207968 1.660700 0.653481 -0.124953 0.742420 -0.078502
0.432456 0.208026 1.660720 0.653370 -0.125934 0.742285 -0.079129
0.432424 0.208080 1.660738 0.653255 -0.126943 0.742149 -0.079742
0.432392 0.208130 1.660754 0.653136 -0.127967 0.742013 -0.080337
0.432359 0.208176 1.660770 0.653015 -0.129000 0.741878 -0.080917
0.432326 0.208218 1.660784 0.652892 -0.130038 0.741743 -0.081483
0.432295 0.208257 1.660797 0.652767 -0.131079 0.741608 -0.082038
0.432265 0.208292 1.660810 0.652640 -0.132121 0.741474 -0.082585
0.432232 0.208334 1.660828 0.652506 -0.133148 0.741345 -0.083157
0.432197 0.208382 1.660850 0.652367 -0.134161 0.741218 -0.083750
0.432166 0.208427 1.660871 0.652232 -0.135163 0.741089 -0.084326
0.432138 0.208459 1.660901 0.652055 -0.136311 0.740954 -0.085034
0.432108 0.208498 1.660941 0.651847 -0.137505 0.740823 -0.085843
0.432083 0.208526 1.660998 0.651599 -0.138769 0.740709 -0.086671
0.432062 0.208546 1.661066 0.651323 -0.140068 0.740608 -0.087510
0.432043 0.208566 1.661125 0.651073 -0.141318 0.740496 -0.088313
0.432026 0.208584 1.661176 0.650842 -0.142528 0.740374 -0.089090
0.432010 0.208601 1.661220 0.650626 -0.143703 0.740245 -0.089850
0.431995 0.208617 1.661258 0.650423 -0.144851 0.740109 -0.090598
0.431980 0.208631 1.661290 0.650229 -0.145974 0.739967 -0.091338
0.431965 0.208644 1.661318 0.650043 -0.147076 0.739821 -0.092073
0.431950 0.208656 1.661342 0.649863 -0.148161 0.739671 -0.092806
0.431935 0.208667 1.661363 0.649688 -0.149230 0.739518 -0.093537
0.431921 0.208677 1.661380 0.649516 -0.150286 0.739362 -0.094270
0.431906 0.208686 1.661396 0.649346 -0.151330 0.739205 -0.095004
0.431891 0.208695 1.661409 0.649178 -0.152363 0.739045 -0.095740
0.431876 0.208704 1.661421 0.649010 -0.153387 0.738885 -0.096478
0.431860 0.208713 1.661431 0.648843 -0.154403 0.738723 -0.097219
0.431845 0.208720 1.661439 0.648675 -0.155411 0.738560 -0.097962
0.431830 0.208728 1.661447 0.648508 -0.156412 0.738397 -0.098708
0.431814 0.208736 1.661454 0.648339 -0.157407 0.738233 -0.099457
0.431798 0.208743 1.661459 0.648170 -0.158396 0.738069 -0.100209
0.431775 0.208765 1.661474 0.647980 -0.159391 0.737906 -0.101050
0.431753 0.208786 1.661487 0.647793 -0.160378 0.737744 -0.101868
0.431733 0.208804 1.661498 0.647609 -0.161357 0.737581 -0.102668
0.431714 0.208820 1.661507 0.647425 -0.162331 0.737418 -0.103455
0.431697 0.208833 1.661514 0.647243 -0.163300 0.737255 -0.104232
0.431679 0.208862 1.661519 0.647059 -0.164350 0.737069 -0.105039
0.431660 0.208901 1.661525 0.646874 -0.165450 0.736870 -0.105846
0.431640 0.208946 1.661532 0.646690 -0.166580 0.736663 -0.106638
0.431620 0.208995 1.661537 0.646507 -0.167729 0.736450 -0.107412
0.431601 0.209045 1.661543 0.646324 -0.168891 0.736235 -0.108165
0.431592 0.209072 1.661541 0.646123 -0.170144 0.736019 -0.108867
0.431582 0.209102 1.661539 0.645924 -0.171381 0.735803 -0.109564
0.431570 0.209133 1.661538 0.645726 -0.172604 0.735588 -0.110257
0.431557 0.209166 1.661537 0.645529 -0.173814 0.735372 -0.110948
0.431542 0.209199 1.661537 0.645332 -0.175010 0.735156 -0.111638
0.431528 0.209233 1.661536 0.645136 -0.176193 0.734941 -0.112328
0.431504 0.209282 1.661542 0.644926 -0.177374 0.734722 -0.113101
0.431482 0.209330 1.661547 0.644719 -0.178540 0.734506 -0.113853
0.431461 0.209376 1.661551 0.644513 -0.179694 0.734291 -0.114588
0.431440 0.209420 1.661553 0.644309 -0.180837 0.734076 -0.115310
0.431421 0.209462 1.661555 0.644106 -0.181969 0.733862 -0.116023
0.431402 0.209500 1.661556 0.643904 -0.183091 0.733648 -0.116730
0.431383 0.209537 1.661556 0.643702 -0.184202 0.733435 -0.117433
0.431365 0.209572 1.661555 0.643501 -0.185304 0.733221 -0.118133
0.431347 0.209605 1.661553 0.643300 -0.186396 0.733008 -0.118833
0.431329 0.209636 1.661551 0.643099 -0.187479 0.732794 -0.119533
0.431311 0.209666 1.661548 0.642897 -0.188553 0.732581 -0.120234
0.431293 0.209694 1.661545 0.642695 -0.189618 0.732367 -0.120937
0.431267 0.209740 1.661549 0.642477 -0.190684 0.732149 -0.121740
0.431242 0.209784 1.661551 0.642260 -0.191740 0.731933 -0.122520
0.431219 0.209825 1.661552 0.642045 -0.192786 0.731719 -0.123282
0.431198 0.209863 1.661551 0.641832 -0.193823 0.731506 -0.124030
0.431177 0.209898 1.661550 0.641619 -0.194852 0.731294 -0.124767
0.431158 0.209930 1.661547 0.641407 -0.195873 0.731082 -0.125497
0.431139 0.209960 1.661544 0.641196 -0.196886 0.730871 -0.126222
0.431121 0.209987 1.661539 0.640985 -0.197891 0.730659 -0.126943
0.431103 0.210012 1.661534 0.640774 -0.198888 0.730448 -0.127662
0.431086 0.210036 1.661529 0.640564 -0.199877 0.730237 -0.128381
0.431070 0.210058 1.661522 0.640353 -0.200859 0.730025 -0.129100
0.431053 0.210079 1.661516 0.640142 -0.201834 0.729814 -0.129820
0.431037 0.210099 1.661509 0.639930 -0.202802 0.729602 -0.130542
0.431020 0.210118 1.661501 0.639719 -0.203762 0.729391 -0.131265
0.431004 0.210137 1.661493 0.639506 -0.204716 0.729179 -0.131990
0.430988 0.210155 1.661485 0.639293 -0.205664 0.728967 -0.132717
0.430963 0.210192 1.661485 0.639064 -0.206613 0.728748 -0.133547
0.430940 0.210231 1.661479 0.638814 -0.207684 0.728494 -0.134462
0.430920 0.210270 1.661473 0.638556 -0.208818 0.728221 -0.135404
0.430900 0.210309 1.661467 0.638296 -0.209984 0.727939 -0.136345
0.430881 0.210347 1.661460 0.638035 -0.211166 0.727652 -0.137272
0.430863 0.210381 1.661453 0.637774 -0.212355 0.727361 -0.138183
0.430846 0.210413 1.661444 0.637515 -0.213546 0.727070 -0.139075
0.430830 0.210442 1.661435 0.637258 -0.214735 0.726777 -0.139952
0.430814 0.210467 1.661425 0.637001 -0.215920 0.726485 -0.140814
0.430800 0.210489 1.661413 0.636744 -0.217101 0.726193 -0.141664
0.430786 0.210507 1.661400 0.636488 -0.218275 0.725900 -0.142504
0.430773 0.210523 1.661385 0.636233 -0.219443 0.725608 -0.143336
0.430760 0.210537 1.661370 0.635977 -0.220604 0.725317 -0.144161
0.430748 0.210548 1.661353 0.635722 -0.221757 0.725026 -0.144981
0.430736 0.210557 1.661335 0.635466 -0.222902 0.724735 -0.145797
0.430725 0.210565 1.661317 0.635210 -0.224038 0.724445 -0.146610
0.430709 0.210586 1.661297 0.634951 -0.225169 0.724143 -0.147490
0.430691 0.210613 1.661277 0.634686 -0.226297 0.723839 -0.148392
0.430675 0.210636 1.661257 0.634420 -0.227417 0.723541 -0.149269
0.430660 0.210656 1.661237 0.634153 -0.228528 0.723247 -0.150126
0.430647 0.210672 1.661217 0.633887 -0.229629 0.722957 -0.150965
0.430634 0.210685 1.661197 0.633622 -0.230721 0.722669 -0.151790
0.430623 0.210694 1.661176 0.633358 -0.231802 0.722383 -0.152603
0.430612 0.210701 1.661155 0.633095 -0.232873 0.722099 -0.153408
0.430602 0.210706 1.661133 0.632833 -0.233934 0.721816 -0.154206
0.430592 0.210708 1.661111 0.632572 -0.234986 0.721534 -0.154997
0.430583 0.210709 1.661088 0.632311 -0.236028 0.721252 -0.155784
0.430574 0.210708 1.661065 0.632052 -0.237060 0.720971 -0.156568
0.430566 0.210706 1.661042 0.631793 -0.238083 0.720691 -0.157348
0.430558 0.210703 1.661017 0.631535 -0.239097 0.720411 -0.158127
0.430550 0.210700 1.660993 0.631277 -0.240102 0.720132 -0.158903
0.430542 0.210696 1.660967 0.631020 -0.241099 0.719852 -0.159678
0.430534 0.210691 1.660942 0.630764 -0.242087 0.719574 -0.160452
0.430520 0.210704 1.660915 0.630504 -0.243070 0.719280 -0.161303
0.430508 0.210714 1.660888 0.630242 -0.244049 0.718991 -0.162135
0.430496 0.210722 1.660861 0.629979 -0.245021 0.718705 -0.162952
0.430486 0.210728 1.660835 0.629716 -0.245987 0.718423 -0.163756
0.430476 0.210732 1.660808 0.629454 -0.246945 0.718143 -0.164549
0.430467 0.210733 1.660781 0.629191 -0.247896 0.717866 -0.165334
0.430459 0.210733 1.660754 0.628929 -0.248840 0.717589 -0.166110
0.430451 0.210732 1.660727 0.628668 -0.249773 0.717316 -0.166876
0.430442 0.210745 1.660703 0.628382 -0.250815 0.717005 -0.167723
0.430431 0.210768 1.660682 0.628085 -0.251914 0.716675 -0.168596
0.430418 0.210798 1.660664 0.627784 -0.253043 0.716335 -0.169471
0.430404 0.210833 1.660648 0.627482 -0.254187 0.715990 -0.170334
0.430390 0.210871 1.660633 0.627179 -0.255339 0.715643 -0.171183
0.430375 0.210909 1.660619 0.626875 -0.256495 0.715296 -0.172016
0.430361 0.210948 1.660605 0.626572 -0.257651 0.714949 -0.172834
0.430346 0.210986 1.660591 0.626269 -0.258805 0.714602 -0.173640
0.430331 0.211022 1.660577 0.625966 -0.259955 0.714257 -0.174436
0.430316 0.211058 1.660562 0.625662 -0.261100 0.713913 -0.175223
0.430301 0.211092 1.660546 0.625358 -0.262239 0.713569 -0.176003
0.430286 0.211125 1.660531 0.625053 -0.263371 0.713228 -0.176779
0.430270 0.211157 1.660515 0.624748 -0.264496 0.712887 -0.177551
0.430255 0.211188 1.660498 0.624442 -0.265612 0.712547 -0.178321
0.430240 0.211218 1.660482 0.624136 -0.266720 0.712209 -0.179089
0.430225 0.211247 1.660466 0.623830 -0.267819 0.711871 -0.179857
0.430209 0.211276 1.660449 0.623523 -0.268909 0.711535 -0.180625
0.430193 0.211305 1.660433 0.623215 -0.269989 0.711200 -0.181393
0.430168 0.211357 1.660421 0.622899 -0.271060 0.710845 -0.182272
0.430144 0.211407 1.660409 0.622580 -0.272127 0.710496 -0.183129
0.430121 0.211454 1.660397 0.622260 -0.273188 0.710153 -0.183966
0.430100 0.211499 1.660384 0.621941 -0.274240 0.709814 -0.184787
0.430079 0.211540 1.660372 0.621622 -0.275284 0.709479 -0.185594
0.430060 0.211579 1.660359 0.621303 -0.276319 0.709147 -0.186389
0.430041 0.211616 1.660346 0.620986 -0.277343 0.708817 -0.187176
0.430023 0.211650 1.660333 0.620670 -0.278358 0.708490 -0.187954
0.430006 0.211682 1.660320 0.620356 -0.279363 0.708165 -0.188727
0.429989 0.211713 1.660307 0.620042 -0.280356 0.707842 -0.189492
0.429973 0.211743 1.660294 0.619730 -0.281337 0.707524 -0.190248
0.429958 0.211772 1.660281 0.619419 -0.282304 0.707210 -0.190993
0.429943 0.211800 1.660269 0.619110 -0.283255 0.706902 -0.191726
0.429929 0.211828 1.660258 0.618803 -0.284191 0.706600 -0.192447
0.429915 0.211856 1.660247 0.618498 -0.285109 0.706303 -0.193155
0.429901 0.211884 1.660237 0.618197 -0.286011 0.706012 -0.193851
0.429888 0.211912 1.660228 0.617899 -0.286894 0.705726 -0.194534
0.429874 0.211939 1.660219 0.617605 -0.287760 0.705446 -0.195204
0.429861 0.211967 1.660212 0.617316 -0.288608 0.705171 -0.195861
0.429848 0.211995 1.660205 0.617030 -0.289438 0.704901 -0.196505
0.429835 0.212023 1.660198 0.616749 -0.290250 0.704636 -0.197137
0.429822 0.212051 1.660193 0.616473 -0.291044 0.704377 -0.197757
0.429811 0.212088 1.660189 0.616181 -0.291933 0.704058 -0.198490
0.429803 0.212130 1.660189 0.615880 -0.292876 0.703709 -0.199273
0.429796 0.212176 1.660192 0.615571 -0.293850 0.703344 -0.200077
0.429790 0.212224 1.660197 0.615259 -0.294844 0.702971 -0.200887
0.429785 0.212272 1.660202 0.614943 -0.295849 0.702593 -0.201698
0.429781 0.212321 1.660208 0.614624 -0.296860 0.702213 -0.202506
0.429778 0.212370 1.660214 0.614302 -0.297875 0.701833 -0.203309
0.429775 0.212417 1.660220 0.613978 -0.298891 0.701452 -0.204109
0.429772 0.212463 1.660227 0.613651 -0.299906 0.701073 -0.204905
0.429770 0.212508 1.660233 0.613322 -0.300920 0.700694 -0.205699
0.429768 0.212552 1.660239 0.612991 -0.301930 0.700316 -0.206489
0.429766 0.212594 1.660245 0.612658 -0.302936 0.699940 -0.207278
0.429764 0.212635 1.660250 0.612323 -0.303938 0.699565 -0.208066
0.429762 0.212676 1.660256 0.611988 -0.304933 0.699191 -0.208852
0.429750 0.212742 1.660268 0.611641 -0.305920 0.698792 -0.209758
0.429740 0.212805 1.660279 0.611289 -0.306906 0.698404 -0.210634
0.429732 0.212864 1.660291 0.610935 -0.307886 0.698027 -0.211480
0.429726 0.212920 1.660303 0.610580 -0.308858 0.697659 -0.212298
0.429721 0.212972 1.660315 0.610227 -0.309818 0.697301 -0.213090
0.429717 0.213020 1.660327 0.609876 -0.310764 0.696952 -0.213857
0.429714 0.213066 1.660340 0.609529 -0.311695 0.696611 -0.214601
0.429713 0.213109 1.660352 0.609186 -0.312609 0.696279 -0.215324
0.429711 0.213150 1.660365 0.608847 -0.313505 0.695954 -0.216027
0.429710 0.213188 1.660379 0.608514 -0.314383 0.695637 -0.216712
0.429710 0.213225 1.660392 0.608186 -0.315242 0.695327 -0.217378
0.429710 0.213260 1.660406 0.607864 -0.316082 0.695023 -0.218027
0.429710 0.213293 1.660420 0.607548 -0.316903 0.694726 -0.218661
0.429710 0.213326 1.660435 0.607239 -0.317706 0.694436 -0.219279
0.429710 0.213358 1.660449 0.606935 -0.318489 0.694151 -0.219883
0.429710 0.213389 1.660464 0.606638 -0.319254 0.693872 -0.220473
0.429710 0.213419 1.660480 0.606347 -0.320000 0.693599 -0.221049
0.429710 0.213449 1.660495 0.606062 -0.320729 0.693332 -0.221613
0.429710 0.213479 1.660511 0.605783 -0.321440 0.693070 -0.222165
0.429709 0.213508 1.660527 0.605510 -0.322135 0.692813 -0.222704
0.429709 0.213538 1.660543 0.605243 -0.322812 0.692560 -0.223232
0.429708 0.213567 1.660559 0.604982 -0.323473 0.692313 -0.223749
0.429707 0.213596 1.660575 0.604727 -0.324119 0.692071 -0.224256
0.429706 0.213625 1.660592 0.604477 -0.324750 0.691833 -0.224751
0.429704 0.213653 1.660608 0.604232 -0.325365 0.691599 -0.225237
0.429703 0.213682 1.660624 0.603992 -0.325967 0.691370 -0.225712
0.429705 0.213715 1.660635 0.603718 -0.326675 0.691073 -0.226332
0.429709 0.213749 1.660642 0.603424 -0.327437 0.690744 -0.227016
0.429715 0.213786 1.660648 0.603121 -0.328225 0.690401 -0.227728
0.429722 0.213825 1.660653 0.602813 -0.329025 0.690052 -0.228447
0.429730 0.213865 1.660656 0.602502 -0.329828 0.689702 -0.229164
0.429739 0.213906 1.660658 0.602190 -0.330630 0.689354 -0.229873
0.429749 0.213947 1.660659 0.601878 -0.331429 0.689010 -0.230573
0.429760 0.213989 1.660660 0.601565 -0.332221 0.688670 -0.231261
0.429770 0.214030 1.660660 0.601254 -0.333007 0.688335 -0.231939
0.429781 0.214071 1.660659 0.600943 -0.333785 0.688005 -0.232605
0.429793 0.214112 1.660659 0.600633 -0.334554 0.687680 -0.233260
0.429804 0.214152 1.660659 0.600325 -0.335313 0.687360 -0.233904
0.429815 0.214192 1.660658 0.600020 -0.336063 0.687045 -0.234537
0.429826 0.214231 1.660658 0.599716 -0.336802 0.686735 -0.235160
0.429838 0.214270 1.660658 0.599415 -0.337531 0.686430 -0.235772
0.429849 0.214308 1.660658 0.599116 -0.338248 0.686131 -0.236374
0.429859 0.214346 1.660659 0.598821 -0.338953 0.685836 -0.236965
0.429870 0.214384 1.660660 0.598529 -0.339647 0.685547 -0.237547
0.429881 0.214421 1.660661 0.598240 -0.340329 0.685262 -0.238118
0.429891 0.214458 1.660663 0.597955 -0.340999 0.684983 -0.238679
0.429901 0.214494 1.660666 0.597674 -0.341657 0.684708 -0.239230
0.429910 0.214530 1.660669 0.597396 -0.342302 0.684439 -0.239770
0.429920 0.214566 1.660672 0.597123 -0.342936 0.684174 -0.240301
0.429929 0.214601 1.660676 0.596853 -0.343557 0.683915 -0.240822
0.429938 0.214636 1.660681 0.596588 -0.344166 0.683660 -0.241333
0.429947 0.214671 1.660686 0.596327 -0.344763 0.683410 -0.241834
0.429956 0.214705 1.660691 0.596070 -0.345348 0.683164 -0.242324
0.429964 0.214739 1.660697 0.595818 -0.345922 0.682924 -0.242806
0.429972 0.214772 1.660703 0.595570 -0.346484 0.682687 -0.243277
0.429980 0.214805 1.660709 0.595326 -0.347034 0.682456 -0.243739
0.429988 0.214838 1.660716 0.595086 -0.347573 0.682229 -0.244192
0.429995 0.214870 1.660723 0.594851 -0.348101 0.682006 -0.244635
0.430002 0.214902 1.660730 0.594621 -0.348617 0.681787 -0.245068
0.430009 0.214933 1.660737 0.594394 -0.349124 0.681573 -0.245493
0.430016 0.214963 1.660745 0.594172 -0.349619 0.681363 -0.245909
0.430023 0.214994 1.660752 0.593954 -0.350104 0.681157 -0.246316
0.430030 0.215023 1.660760 0.593740 -0.350579 0.680955 -0.246714
0.430036 0.215053 1.660768 0.593530 -0.351045 0.680756 -0.247104
0.430043 0.215081 1.660775 0.593324 -0.351500 0.680562 -0.247486
0.430049 0.215110 1.660783 0.593123 -0.351946 0.680372 -0.247859
0.430066 0.215141 1.660801 0.592884 -0.352466 0.680146 -0.248310
0.430092 0.215174 1.660827 0.592629 -0.353016 0.679905 -0.248795
0.430123 0.215209 1.660860 0.592369 -0.353576 0.679659 -0.249291
0.430157 0.215244 1.660900 0.592109 -0.354136 0.679411 -0.249790
0.430193 0.215280 1.660944 0.591851 -0.354689 0.679165 -0.250285
0.430231 0.215316 1.660992 0.591597 -0.355234 0.678921 -0.250776
0.430269 0.215351 1.661043 0.591346 -0.355768 0.678680 -0.251260
0.430308 0.215386 1.661097 0.591100 -0.356292 0.678443 -0.251738
0.430346 0.215421 1.661152 0.590859 -0.356804 0.678209 -0.252210
0.430384 0.215456 1.661210 0.590621 -0.357305 0.677979 -0.252674
0.430421 0.215490 1.661268 0.590388 -0.357795 0.677752 -0.253132
0.430458 0.215525 1.661328 0.590160 -0.358274 0.677529 -0.253584
0.430494 0.215559 1.661389 0.589935 -0.358743 0.677310 -0.254030
0.430529 0.215593 1.661451 0.589714 -0.359201 0.677094 -0.254470
0.430564 0.215627 1.661514 0.589498 -0.359649 0.676882 -0.254903
0.430598 0.215661 1.661577 0.589284 -0.360088 0.676673 -0.255331
0.430631 0.215694 1.661640 0.589075 -0.360517 0.676468 -0.255753
0.430663 0.215728 1.661704 0.588869 -0.360937 0.676266 -0.256169
0.430695 0.215762 1.661768 0.588666 -0.361348 0.676068 -0.256579
0.430726 0.215796 1.661832 0.588466 -0.361750 0.675872 -0.256984
0.430756 0.215830 1.661897 0.588269 -0.362145 0.675680 -0.257384
0.430786 0.215864 1.661961 0.588076 -0.362531 0.675491 -0.257777
0.430815 0.215897 1.662026 0.587885 -0.362910 0.675306 -0.258166
0.430843 0.215931 1.662090 0.587698 -0.363281 0.675123 -0.258548
0.430870 0.215965 1.662154 0.587513 -0.363645 0.674943 -0.258926
0.430897 0.215998 1.662218 0.587331 -0.364001 0.674767 -0.259298
0.430923 0.216032 1.662282 0.587152 -0.364351 0.674593 -0.259664
0.430949 0.216065 1.662346 0.586975 -0.364694 0.674422 -0.260026
0.430974 0.216099 1.662409 0.586801 -0.365030 0.674255 -0.260382
0.430998 0.216132 1.662472 0.586630 -0.365359 0.674090 -0.260732
0.431022 0.216165 1.662535 0.586461 -0.365682 0.673928 -0.261077
0.431045 0.216198 1.662597 0.586295 -0.365999 0.673768 -0.261417
0.431068 0.216230 1.662659 0.586131 -0.366310 0.673612 -0.261752
0.431090 0.216263 1.662720 0.585970 -0.366615 0.673458 -0.262081
0.431112 0.216295 1.662781 0.585812 -0.366913 0.673307 -0.262406
0.431133 0.216327 1.662841 0.585656 -0.367207 0.673158 -0.262725
0.431153 0.216359 1.662901 0.585502 -0.367494 0.673013 -0.263039
0.431173 0.216390 1.662961 0.585351 -0.367776 0.672869 -0.263348
0.431193 0.216422 1.663020 0.585202 -0.368052 0.672729 -0.263652
0.431212 0.216453 1.663078 0.585055 -0.368323 0.672591 -0.263952
0.431240 0.216487 1.663137 0.584887 -0.368647 0.672412 -0.264327
0.431273 0.216522 1.663199 0.584705 -0.369001 0.672215 -0.264736
0.431310 0.216555 1.663263 0.584514 -0.369372 0.672009 -0.265162
0.431350 0.216589 1.663329 0.584318 -0.369752 0.671800 -0.265595
0.431392 0.216621 1.663397 0.584118 -0.370135 0.671590 -0.266031
0.431431 0.216653 1.663465 0.583916 -0.370518 0.671379 -0.266475
0.431467 0.216684 1.663533 0.583713 -0.370897 0.671168 -0.266922
0.431501 0.216716 1.663602 0.583511 -0.371272 0.670959 -0.267369
0.431532 0.216748 1.663672 0.583309 -0.371641 0.670752 -0.267815
0.431561 0.216781 1.663741 0.583109 -0.372004 0.670549 -0.268258
0.431589 0.216814 1.663812 0.582910 -0.372359 0.670348 -0.268697
0.431615 0.216847 1.663882 0.582712 -0.372709 0.670151 -0.269132
0.431639 0.216881 1.663953 0.582517 -0.373051 0.669958 -0.269562
0.431662 0.216915 1.664025 0.582324 -0.373387 0.669768 -0.269986
0.431684 0.216949 1.664096 0.582133 -0.373716 0.669581 -0.270406
0.431705 0.216984 1.664169 0.581944 -0.374038 0.669397 -0.270821
0.431724 0.217019 1.664241 0.581757 -0.374354 0.669217 -0.271231
0.431742 0.217054 1.664313 0.581573 -0.374663 0.669039 -0.271637
0.431759 0.217089 1.664386 0.581391 -0.374967 0.668864 -0.272038
0.431775 0.217124 1.664458 0.581212 -0.375263 0.668693 -0.272434
0.431790 0.217160 1.664531 0.581035 -0.375554 0.668524 -0.272824
0.431805 0.217196 1.664604 0.580860 -0.375839 0.668358 -0.273210
0.431818 0.217231 1.664677 0.580688 -0.376118 0.668195 -0.273591
0.431831 0.217267 1.664750 0.580517 -0.376392 0.668035 -0.273967
0.431844 0.217303 1.664823 0.580349 -0.376661 0.667877 -0.274338
0.431856 0.217339 1.664896 0.580184 -0.376924 0.667723 -0.274704
0.431868 0.217374 1.664968 0.580020 -0.377182 0.667570 -0.275065
0.431879 0.217410 1.665041 0.579858 -0.377435 0.667421 -0.275420
0.431890 0.217445 1.665113 0.579699 -0.377683 0.667274 -0.275771
0.431900 0.217481 1.665185 0.579542 -0.377927 0.667129 -0.276117
0.431911 0.217516 1.665257 0.579387 -0.378167 0.666987 -0.276459
0.431921 0.217551 1.665328 0.579233 -0.378401 0.666847 -0.276795
0.431931 0.217586 1.665399 0.579082 -0.378632 0.666710 -0.277127
0.431940 0.217620 1.665470 0.578933 -0.378859 0.666575 -0.277454
0.431950 0.217655 1.665540 0.578786 -0.379081 0.666442 -0.277776
0.431959 0.217689 1.665609 0.578641 -0.379299 0.666311 -0.278094
0.431968 0.217722 1.665678 0.578497 -0.379514 0.666183 -0.278407
0.431977 0.217756 1.665747 0.578356 -0.379725 0.666057 -0.278716
0.431985 0.217789 1.665815 0.578216 -0.379932 0.665932 -0.279020
0.431994 0.217822 1.665883 0.578078 -0.380136 0.665810 -0.279319
0.432005 0.217845 1.665956 0.577873 -0.380484 0.665581 -0.279816
0.432018 0.217862 1.666036 0.577633 -0.380909 0.665296 -0.280411
0.432032 0.217878 1.666121 0.577374 -0.381372 0.664983 -0.281056
0.432046 0.217893 1.666209 0.577106 -0.381854 0.664656 -0.281724
0.432059 0.217909 1.666299 0.576834 -0.382345 0.664323 -0.282401
0.432072 0.217925 1.666390 0.576560 -0.382838 0.663988 -0.283078
0.432085 0.217943 1.666481 0.576288 -0.383329 0.663654 -0.283751
0.432096 0.217961 1.666572 0.576017 -0.383816 0.663324 -0.284415
0.432108 0.217981 1.666662 0.575748 -0.384297 0.662997 -0.285071
0.432119 0.218001 1.666753 0.575482 -0.384772 0.662675 -0.285716
0.432129 0.218021 1.666842 0.575218 -0.385240 0.662357 -0.286350
0.432140 0.218042 1.666931 0.574958 -0.385702 0.662045 -0.286973
0.432150 0.218063 1.667019 0.574700 -0.386156 0.661738 -0.287586
0.432160 0.218085 1.667107 0.574446 -0.386603 0.661436 -0.288189
0.432169 0.218106 1.667195 0.574194 -0.387042 0.661139 -0.288780
0.432179 0.218128 1.667281 0.573946 -0.387473 0.660848 -0.289362
0.432188 0.218149 1.667368 0.573701 -0.387898 0.660561 -0.289934
0.432197 0.218171 1.667453 0.573459 -0.388314 0.660279 -0.290495
0.432207 0.218192 1.667538 0.573221 -0.388724 0.660002 -0.291048
0.432216 0.218213 1.667623 0.572985 -0.389126 0.659730 -0.291591
0.432224 0.218234 1.667706 0.572753 -0.389520 0.659462 -0.292125
0.432233 0.218255 1.667790 0.572524 -0.389908 0.659199 -0.292651
0.432242 0.218276 1.667872 0.572298 -0.390289 0.658940 -0.293167
0.432250 0.218297 1.667954 0.572076 -0.390662 0.658686 -0.293676
0.432258 0.218318 1.668035 0.571856 -0.391029 0.658435 -0.294176
0.432266 0.218338 1.668116 0.571640 -0.391389 0.658189 -0.294667
0.432274 0.218358 1.668196 0.571427 -0.391743 0.657947 -0.295151
0.432282 0.218379 1.668275 0.571217 -0.392091 0.657709 -0.295627
0.432290 0.218399 1.668353 0.571009 -0.392432 0.657475 -0.296095
0.432298 0.218418 1.668431 0.570805 -0.392767 0.657245 -0.296555
0.432305 0.218438 1.668508 0.570604 -0.393096 0.657018 -0.297009
0.432312 0.218457 1.668584 0.570406 -0.393419 0.656795 -0.297454
0.432320 0.218477 1.668659 0.570210 -0.393737 0.656576 -0.297893
0.432327 0.218496 1.668733 0.570017 -0.394049 0.656360 -0.298324
0.432334 0.218515 1.668807 0.569827 -0.394356 0.656148 -0.298748
0.432341 0.218534 1.668880 0.569640 -0.394657 0.655939 -0.299166
0.432347 0.218552 1.668952 0.569456 -0.394953 0.655734 -0.299576
0.432354 0.218570 1.669023 0.569274 -0.395244 0.655532 -0.299980
0.432361 0.218588 1.669093 0.569094 -0.395530 0.655333 -0.300377
0.432367 0.218606 1.669162 0.568918 -0.395811 0.655137 -0.300768
0.432377 0.218614 1.669245 0.568691 -0.396193 0.654856 -0.301307
0.432389 0.218618 1.669338 0.568433 -0.396634 0.654527 -0.301926
0.432403 0.218622 1.669437 0.568157 -0.397110 0.654173 -0.302588
0.432418 0.218627 1.669541 0.567871 -0.397604 0.653805 -0.303271
0.432433 0.218634 1.669646 0.567578 -0.398108 0.653431 -0.303962
0.432448 0.218643 1.669752 0.567283 -0.398617 0.653055 -0.304654
0.432462 0.218654 1.669858 0.566986 -0.399126 0.652680 -0.305344
0.432477 0.218667 1.669965 0.566689 -0.399633 0.652308 -0.306027
0.432491 0.218682 1.670072 0.566392 -0.400136 0.651939 -0.306703
0.432506 0.218698 1.670178 0.566096 -0.400635 0.651576 -0.307370
0.432520 0.218715 1.670284 0.565801 -0.401128 0.651218 -0.308028
0.432533 0.218733 1.670391 0.565508 -0.401614 0.650865 -0.308677
0.432547 0.218752 1.670497 0.565217 -0.402094 0.650517 -0.309317
0.432560 0.218771 1.670603 0.564928 -0.402567 0.650175 -0.309948
0.432573 0.218791 1.670709 0.564642 -0.403032 0.649839 -0.310570
0.432585 0.218812 1.670816 0.564358 -0.403490 0.649508 -0.311184
0.432598 0.218832 1.670922 0.564077 -0.403940 0.649182 -0.311788
0.432610 0.218853 1.671028 0.563799 -0.404382 0.648862 -0.312384
0.432621 0.218873 1.671134 0.563523 -0.404817 0.648547 -0.312972
0.432633 0.218894 1.671240 0.563251 -0.405244 0.648237 -0.313552
0.432644 0.218915 1.671346 0.562982 -0.405663 0.647932 -0.314124
0.432655 0.218936 1.671452 0.562716 -0.406074 0.647631 -0.314687
0.432665 0.218957 1.671557 0.562453 -0.406477 0.647336 -0.315243
0.432675 0.218978 1.671662 0.562194 -0.406874 0.647046 -0.315791
0.432685 0.218999 1.671767 0.561938 -0.407262 0.646760 -0.316331
0.432695 0.219020 1.671871 0.561685 -0.407644 0.646478 -0.316864
0.432704 0.219042 1.671975 0.561435 -0.408018 0.646202 -0.317388
0.432713 0.219063 1.672078 0.561189 -0.408385 0.645929 -0.317906
0.432722 0.219084 1.672181 0.560946 -0.408746 0.645661 -0.318416
0.432730 0.219105 1.672283 0.560706 -0.409099 0.645398 -0.318918
0.432739 0.219126 1.672385 0.560470 -0.409446 0.645138 -0.319413
0.432747 0.219146 1.672485 0.560237 -0.409786 0.644883 -0.319900
0.432755 0.219167 1.672586 0.560007 -0.410121 0.644632 -0.320380
0.432763 0.219188 1.672685 0.559780 -0.410449 0.644385 -0.320853
0.432770 0.219208 1.672783 0.559556 -0.410771 0.644142 -0.321319
0.432778 0.219229 1.672881 0.559336 -0.411087 0.643903 -0.321777
0.432785 0.219249 1.672977 0.559119 -0.411397 0.643667 -0.322228
0.432792 0.219269 1.673073 0.558905 -0.411701 0.643436 -0.322673
0.432799 0.219289 1.673168 0.558694 -0.412001 0.643208 -0.323110
0.432805 0.219308 1.673262 0.558486 -0.412294 0.642984 -0.323540
0.432813 0.219312 1.673367 0.558213 -0.412709 0.642657 -0.324132
0.432820 0.219308 1.673479 0.557904 -0.413191 0.642276 -0.324805
0.432827 0.219301 1.673595 0.557577 -0.413711 0.641865 -0.325516
0.432834 0.219294 1.673712 0.557242 -0.414252 0.641438 -0.326242
0.432840 0.219289 1.673827 0.556902 -0.414805 0.641005 -0.326971
0.432846 0.219285 1.673940 0.556561 -0.415363 0.640569 -0.327696
0.432851 0.219284 1.674051 0.556221 -0.415923 0.640134 -0.328412
0.432855 0.219284 1.674158 0.555882 -0.416483 0.639703 -0.329117
0.432859 0.219286 1.674262 0.555546 -0.417041 0.639276 -0.329806
0.432864 0.219288 1.674364 0.555212 -0.417595 0.638855 -0.330481
0.432868 0.219290 1.674462 0.554882 -0.418144 0.638441 -0.331142
0.432872 0.219293 1.674558 0.554556 -0.418687 0.638033 -0.331788
0.432876 0.219296 1.674652 0.554232 -0.419225 0.637632 -0.332420
0.432880 0.219299 1.674745 0.553912 -0.419755 0.637236 -0.333042
0.432885 0.219303 1.674836 0.553594 -0.420278 0.636848 -0.333653
0.432889 0.219307 1.674925 0.553280 -0.420794 0.636465 -0.334254
0.432893 0.219312 1.675013 0.552969 -0.421303 0.636088 -0.334844
0.432897 0.219316 1.675101 0.552662 -0.421804 0.635718 -0.335424
0.432901 0.219321 1.675187 0.552358 -0.422297 0.635353 -0.335994
0.432906 0.219325 1.675272 0.552058 -0.422782 0.634995 -0.336554
0.432910 0.219330 1.675355 0.551762 -0.423259 0.634643 -0.337104
0.432914 0.219335 1.675438 0.551470 -0.423728 0.634296 -0.337644
0.432918 0.219339 1.675520 0.551182 -0.424190 0.633955 -0.338176
0.432922 0.219344 1.675601 0.550898 -0.424644 0.633619 -0.338698
0.432926 0.219348 1.675680 0.550617 -0.425090 0.633289 -0.339212
0.432930 0.219352 1.675759 0.550341 -0.425528 0.632964 -0.339716
0.432934 0.219357 1.675837 0.550069 -0.425959 0.632644 -0.340212
0.432938 0.219361 1.675913 0.549801 -0.426382 0.632330 -0.340700
0.432942 0.219365 1.675989 0.549536 -0.426798 0.632021 -0.341179
0.432946 0.219369 1.676064 0.549276 -0.427206 0.631716 -0.341651
0.432949 0.219372 1.676137 0.549020 -0.427607 0.631417 -0.342114
0.432953 0.219376 1.676210 0.548768 -0.428001 0.631123 -0.342569
0.432957 0.219380 1.676282 0.548519 -0.428388 0.630833 -0.343016
0.432960 0.219383 1.676352 0.548275 -0.428768 0.630548 -0.343456
0.432963 0.219387 1.676422 0.548034 -0.429142 0.630267 -0.343889
0.432967 0.219390 1.676491 0.547797 -0.429509 0.629991 -0.344313
0.432970 0.219393 1.676558 0.547564 -0.429869 0.629720 -0.344731
0.432973 0.219396 1.676625 0.547334 -0.430223 0.629453 -0.345141
0.432976 0.219399 1.676690 0.547108 -0.430570 0.629190 -0.345544
0.432979 0.219402 1.676755 0.546886 -0.430912 0.628932 -0.345941
0.432986 0.219388 1.676830 0.546614 -0.431327 0.628608 -0.346443
0.432996 0.219365 1.676911 0.546315 -0.431780 0.628247 -0.347003
0.433006 0.219339 1.676996 0.546003 -0.432252 0.627866 -0.347596
0.433017 0.219313 1.677083 0.545684 -0.432732 0.627474 -0.348206
0.433028 0.219289 1.677170 0.545362 -0.433216 0.627077 -0.348825
0.433039 0.219267 1.677257 0.545039 -0.433698 0.626678 -0.349447
0.433049 0.219248 1.677344 0.544717 -0.434177 0.626281 -0.350067
0.433059 0.219232 1.677430 0.544396 -0.434651 0.625886 -0.350683
0.433068 0.219218 1.677515 0.544077 -0.435118 0.625497 -0.351292
0.433077 0.219207 1.677599 0.543761 -0.435579 0.625112 -0.351894
0.433085 0.219198 1.677684 0.543449 -0.436033 0.624732 -0.352489
0.433093 0.219190 1.677767 0.543139 -0.436480 0.624358 -0.353074
0.433100 0.219184 1.677851 0.542833 -0.436920 0.623991 -0.353652
0.433107 0.219179 1.677934 0.542530 -0.437352 0.623629 -0.354220
0.433114 0.219174 1.678017 0.542231 -0.437776 0.623273 -0.354780
0.433120 0.219171 1.678100 0.541935 -0.438193 0.622923 -0.355332
0.433127 0.219167 1.678182 0.541643 -0.438602 0.622578 -0.355875
0.433132 0.219165 1.678265 0.541355 -0.439005 0.622240 -0.356409
0.433138 0.219162 1.678347 0.541070 -0.439399 0.621907 -0.356936
0.433143 0.219160 1.678429 0.540789 -0.439787 0.621580 -0.357454
0.433148 0.219158 1.678510 0.540512 -0.440167 0.621258 -0.357964
0.433153 0.219157 1.678592 0.540239 -0.440540 0.620941 -0.358466
0.433158 0.219155 1.678673 0.539970 -0.440906 0.620630 -0.358961
0.433162 0.219154 1.678753 0.539705 -0.441265 0.620324 -0.359448
0.433167 0.219153 1.678834 0.539443 -0.441617 0.620023 -0.359927
0.433171 0.219152 1.678913 0.539186 -0.441962 0.619727 -0.360398
0.433175 0.219151 1.678993 0.538932 -0.442301 0.619436 -0.360862
0.433179 0.219150 1.679071 0.538682 -0.442633 0.619149 -0.361318
0.433182 0.219149 1.679150 0.538437 -0.442959 0.618868 -0.361767
0.433186 0.219149 1.679227 0.538195 -0.443279 0.618591 -0.362209
0.433189 0.219148 1.679304 0.537956 -0.443592 0.618319 -0.362644
0.433193 0.219148 1.679380 0.537722 -0.443900 0.618051 -0.363071
0.433196 0.219147 1.679456 0.537491 -0.444201 0.617788 -0.363492
0.433199 0.219147 1.679531 0.537264 -0.444497 0.617529 -0.363906
0.433202 0.219147 1.679605 0.537041 -0.444787 0.617275 -0.364312
0.433205 0.219146 1.679678 0.536821 -0.445071 0.617025 -0.364712
0.433208 0.219146 1.679750 0.536605 -0.445351 0.616779 -0.365105
0.433211 0.219146 1.679822 0.536393 -0.445624 0.616537 -0.365492
0.433214 0.219146 1.679893 0.536184 -0.445893 0.616299 -0.365872
0.433216 0.219146 1.679963 0.535979 -0.446156 0.616065 -0.366245
0.433221 0.219135 1.680038 0.535738 -0.446467 0.615790 -0.366681
0.433227 0.219120 1.680114 0.535481 -0.446802 0.615492 -0.367149
0.433233 0.219104 1.680192 0.535215 -0.447149 0.615182 -0.367633
0.433239 0.219088 1.680269 0.534946 -0.447501 0.614866 -0.368125
0.433245 0.219075 1.680344 0.534675 -0.447856 0.614547 -0.368618
0.433250 0.219063 1.680418 0.534405 -0.448209 0.614230 -0.369108
0.433255 0.219053 1.680490 0.534137 -0.448561 0.613915 -0.369593
0.433260 0.219046 1.680561 0.533872 -0.448909 0.613603 -0.370072
0.433264 0.219039 1.680630 0.533609 -0.449253 0.613295 -0.370543
0.433268 0.219035 1.680697 0.533349 -0.449593 0.612992 -0.371006
0.433272 0.219031 1.680763 0.533093 -0.449928 0.612693 -0.371461
0.433276 0.219028 1.680828 0.532840 -0.450259 0.612400 -0.371908
0.433280 0.219026 1.680892 0.532590 -0.450584 0.612111 -0.372347
0.433284 0.219025 1.680955 0.532343 -0.450905 0.611827 -0.372778
0.433287 0.219024 1.681017 0.532100 -0.451220 0.611548 -0.373201
0.433290 0.219023 1.681078 0.531861 -0.451531 0.611273 -0.373616
0.433294 0.219022 1.681138 0.531625 -0.451836 0.611003 -0.374024
0.433297 0.219022 1.681197 0.531392 -0.452137 0.610738 -0.374425
0.433300 0.219021 1.681255 0.531163 -0.452432 0.610477 -0.374819
0.433303 0.219021 1.681313 0.530937 -0.452722 0.610221 -0.375206
0.433306 0.219021 1.681370 0.530714 -0.453007 0.609969 -0.375586
0.433309 0.219020 1.681426 0.530495 -0.453287 0.609721 -0.375960
0.433311 0.219020 1.681481 0.530280 -0.453562 0.609477 -0.376327
0.433314 0.219020 1.681536 0.530068 -0.453833 0.609237 -0.376688
0.433317 0.219020 1.681589 0.529859 -0.454098 0.609001 -0.377043
0.433319 0.219020 1.681642 0.529654 -0.454359 0.608770 -0.377392
0.433321 0.219020 1.681694 0.529452 -0.454615 0.608542 -0.377735
0.433324 0.219020 1.681746 0.529253 -0.454866 0.608317 -0.378072
0.433326 0.219020 1.681797 0.529057 -0.455113 0.608097 -0.378403
0.433328 0.219021 1.681846 0.528865 -0.455355 0.607880 -0.378728
0.433330 0.219021 1.681896 0.528676 -0.455593 0.607666 -0.379048
0.433332 0.219021 1.681944 0.528490 -0.455827 0.607457 -0.379363
0.433334 0.219022 1.681992 0.528308 -0.456056 0.607250 -0.379672
0.433336 0.219022 1.682038 0.528128 -0.456281 0.607047 -0.379976
0.433337 0.219023 1.682084 0.527952 -0.456502 0.606848 -0.380274
0.433339 0.219023 1.682130 0.527778 -0.456720 0.606651 -0.380568
0.433341 0.219024 1.682174 0.527607 -0.456933 0.606458 -0.380856
0.433342 0.219024 1.682216 0.527441 -0.457145 0.606268 -0.381136
0.433344 0.219023 1.682253 0.527278 -0.457355 0.606079 -0.381408
0.433345 0.219021 1.682288 0.527119 -0.457564 0.605894 -0.381672
0.433348 0.219017 1.682319 0.526951 -0.457786 0.605698 -0.381949
0.433351 0.219010 1.682346 0.526779 -0.458012 0.605499 -0.382230
0.433355 0.219003 1.682370 0.526608 -0.458238 0.605300 -0.382509
0.433359 0.218995 1.682390 0.526439 -0.458463 0.605102 -0.382786
0.433363 0.218986 1.682409 0.526273 -0.458684 0.604907 -0.383057
0.433366 0.218978 1.682425 0.526111 -0.458902 0.604714 -0.383324
0.433369 0.218970 1.682439 0.525951 -0.459116 0.604525 -0.383586
0.433372 0.218962 1.682451 0.525794 -0.459326 0.604338 -0.383843
0.433375 0.218954 1.682461 0.525641 -0.459533 0.604154 -0.384094
0.433378 0.218946 1.682470 0.525491 -0.459736 0.603974 -0.384340
0.433380 0.218938 1.682478 0.525344 -0.459936 0.603797 -0.384582
0.433382 0.218931 1.682485 0.525199 -0.460131 0.603622 -0.384819
0.433384 0.218924 1.682492 0.525057 -0.460324 0.603451 -0.385051
0.433386 0.218917 1.682497 0.524918 -0.460513 0.603282 -0.385278
0.433387 0.218910 1.682501 0.524782 -0.460698 0.603116 -0.385502
0.433388 0.218904 1.682505 0.524648 -0.460881 0.602953 -0.385721
0.433389 0.218898 1.682509 0.524517 -0.461060 0.602793 -0.385936
0.433390 0.218892 1.682512 0.524388 -0.461236 0.602635 -0.386148
0.433391 0.218886 1.682515 0.524261 -0.461409 0.602480 -0.386355
0.433392 0.218880 1.682518 0.524136 -0.461578 0.602328 -0.386559
0.433392 0.218875 1.682520 0.524014 -0.461745 0.602178 -0.386759
0.433393 0.218870 1.682522 0.523894 -0.461908 0.602030 -0.386956
0.433393 0.218865 1.682524 0.523776 -0.462069 0.601885 -0.387150
0.433394 0.218860 1.682526 0.523660 -0.462227 0.601743 -0.387340
0.433394 0.218855 1.682528 0.523546 -0.462382 0.601602 -0.387527
0.433394 0.218851 1.682529 0.523434 -0.462534 0.601464 -0.387711
0.433394 0.218847 1.682531 0.523325 -0.462683 0.601329 -0.387891
0.433394 0.218843 1.682533 0.523217 -0.462829 0.601195 -0.388069
0.433395 0.218839 1.682534 0.523111 -0.462973 0.601064 -0.388244
0.433395 0.218835 1.682536 0.523007 -0.463114 0.600934 -0.388416
0.433395 0.218832 1.682537 0.522904 -0.463253 0.600807 -0.388585
0.433395 0.218828 1.682538 0.522804 -0.463389 0.600682 -0.388751
0.433395 0.218825 1.682540 0.522705 -0.463522 0.600559 -0.388915
0.433395 0.218822 1.682541 0.522609 -0.463653 0.600438 -0.389075
0.433395 0.218819 1.682543 0.522513 -0.463782 0.600319 -0.389234
0.433395 0.218817 1.682544 0.522420 -0.463908 0.600202 -0.389389
0.433394 0.218814 1.682545 0.522328 -0.464032 0.600087 -0.389542
0.433394 0.218812 1.682547 0.522238 -0.464154 0.599973 -0.389693
0.433394 0.218810 1.682548 0.522150 -0.464273 0.599862 -0.389841
0.433394 0.218808 1.682549 0.522063 -0.464390 0.599752 -0.389986
0.433392 0.218825 1.682539 0.522028 -0.464450 0.599698 -0.390045
0.433390 0.218853 1.682524 0.522023 -0.464476 0.599679 -0.390050
0.433388 0.218884 1.682506 0.522034 -0.464483 0.599683 -0.390022
0.433386 0.218916 1.682489 0.522055 -0.464476 0.599702 -0.389972
0.433386 0.218947 1.682472 0.522080 -0.464462 0.599731 -0.389911
0.433386 0.218975 1.682457 0.522108 -0.464442 0.599766 -0.389843
0.433386 0.219001 1.682445 0.522138 -0.464419 0.599804 -0.389771
0.433388 0.219024 1.682433 0.522168 -0.464394 0.599845 -0.389699
0.433389 0.219045 1.682423 0.522198 -0.464367 0.599886 -0.389627
0.433391 0.219064 1.682415 0.522228 -0.464339 0.599927 -0.389557
0.433393 0.219081 1.682408 0.522258 -0.464310 0.599968 -0.389488
0.433395 0.219098 1.682401 0.522287 -0.464281 0.600008 -0.389422
0.433396 0.219113 1.682396 0.522316 -0.464251 0.600047 -0.389359
0.433398 0.219127 1.682391 0.522345 -0.464220 0.600086 -0.389297
0.433400 0.219140 1.682386 0.522374 -0.464190 0.600123 -0.389237
0.433401 0.219153 1.682382 0.522402 -0.464159 0.600159 -0.389180
0.433402 0.219166 1.682377 0.522431 -0.464128 0.600195 -0.389124
0.433403 0.219178 1.682374 0.522458 -0.464097 0.600230 -0.389070
0.433404 0.219190 1.682370 0.522486 -0.464067 0.600263 -0.389017
0.433405 0.219202 1.682366 0.522513 -0.464036 0.600296 -0.388966
0.433406 0.219214 1.682362 0.522540 -0.464006 0.600328 -0.388916
0.433406 0.219226 1.682359 0.522567 -0.463976 0.600360 -0.388867
0.433406 0.219237 1.682355 0.522594 -0.463947 0.600390 -0.388820
0.433406 0.219249 1.682351 0.522620 -0.463917 0.600420 -0.388773
0.433407 0.219260 1.682348 0.522646 -0.463889 0.600450 -0.388727
0.433407 0.219271 1.682344 0.522671 -0.463861 0.600478 -0.388682
0.433407 0.219283 1.682340 0.522696 -0.463833 0.600506 -0.388638
0.433406 0.219294 1.682336 0.522721 -0.463805 0.600534 -0.388595
0.433406 0.219305 1.682332 0.522745 -0.463779 0.600561 -0.388553
0.433406 0.219315 1.682328 0.522769 -0.463753 0.600587 -0.388511
0.433406 0.219326 1.682324 0.522793 -0.463727 0.600613 -0.388470
0.433406 0.219337 1.682320 0.522816 -0.463702 0.600638 -0.388430
0.433405 0.219348 1.682316 0.522839 -0.463677 0.600663 -0.388390
0.433405 0.219358 1.682312 0.522861 -0.463653 0.600687 -0.388351
0.433405 0.219368 1.682308 0.522883 -0.463630 0.600711 -0.388313
0.433405 0.219379 1.682303 0.522905 -0.463607 0.600734 -0.388275
0.433404 0.219389 1.682299 0.522926 -0.463585 0.600757 -0.388238
0.433404 0.219399 1.682295 0.522947 -0.463563 0.600779 -0.388202
0.433404 0.219409 1.682290 0.522967 -0.463541 0.600801 -0.388166
0.433403 0.219419 1.682286 0.522987 -0.463521 0.600823 -0.388131
0.433394 0.219472 1.682250 0.523098 -0.463420 0.600936 -0.387925
0.433381 0.219548 1.682199 0.523266 -0.463267 0.601113 -0.387608
0.433366 0.219635 1.682143 0.523466 -0.463082 0.601331 -0.387221
0.433351 0.219725 1.682087 0.523683 -0.462876 0.601577 -0.386791
0.433336 0.219812 1.682034 0.523909 -0.462661 0.601839 -0.386334
0.433323 0.219895 1.681983 0.524137 -0.462443 0.602109 -0.385864
0.433310 0.219974 1.681936 0.524365 -0.462226 0.602383 -0.385388
0.433299 0.220048 1.681890 0.524587 -0.462014 0.602656 -0.384913
0.433288 0.220118 1.681847 0.524804 -0.461808 0.602927 -0.384440
0.433279 0.220184 1.681806 0.525016 -0.461607 0.603194 -0.383971
0.433270 0.220247 1.681766 0.525223 -0.461412 0.603458 -0.383507
0.433262 0.220307 1.681727 0.525425 -0.461222 0.603718 -0.383050
0.433255 0.220365 1.681690 0.525623 -0.461037 0.603973 -0.382598
0.433248 0.220421 1.681653 0.525817 -0.460855 0.604225 -0.382154
0.433243 0.220476 1.681618 0.526007 -0.460677 0.604472 -0.381716
0.433238 0.220529 1.681583 0.526192 -0.460502 0.604715 -0.381286
0.433233 0.220581 1.681550 0.526375 -0.460331 0.604954 -0.380863
0.433229 0.220633 1.681518 0.526548 -0.460166 0.605187 -0.380452
0.433225 0.220684 1.681489 0.526715 -0.460006 0.605414 -0.380051
0.433221 0.220736 1.681460 0.526876 -0.459850 0.605638 -0.379660
0.433218 0.220787 1.681434 0.527033 -0.459698 0.605857 -0.379276
0.433215 0.220837 1.681409 0.527185 -0.459550 0.606073 -0.378901
0.433212 0.220888 1.681385 0.527333 -0.459404 0.606284 -0.378533
0.433210 0.220937 1.681362 0.527477 -0.459261 0.606492 -0.378172
0.433208 0.220987 1.681340 0.527618 -0.459121 0.606696 -0.377819
0.433206 0.221035 1.681319 0.527755 -0.458983 0.606897 -0.377472
0.433204 0.221083 1.681300 0.527889 -0.458847 0.607094 -0.377132
0.433203 0.221130 1.681281 0.528021 -0.458714 0.607287 -0.376799
0.433201 0.221176 1.681263 0.528149 -0.458583 0.607477 -0.376473
0.433200 0.221221 1.681246 0.528274 -0.458454 0.607664 -0.376153
0.433199 0.221266 1.681230 0.528397 -0.458327 0.607847 -0.375839
0.433198 0.221311 1.681215 0.528517 -0.458203 0.608026 -0.375532
0.433197 0.221354 1.681200 0.528635 -0.458080 0.608202 -0.375230
0.433197 0.221397 1.681186 0.528750 -0.457959 0.608375 -0.374935
0.433196 0.221441 1.681177 0.528848 -0.457850 0.608540 -0.374662
0.433195 0.221484 1.681168 0.528948 -0.457740 0.608705 -0.374389
0.433195 0.221527 1.681158 0.529049 -0.457630 0.608867 -0.374117
0.433195 0.221568 1.681148 0.529150 -0.457520 0.609027 -0.373848
0.433194 0.221608 1.681138 0.529250 -0.457411 0.609184 -0.373583
0.433194 0.221648 1.681128 0.529349 -0.457303 0.609339 -0.373322
0.433163 0.221710 1.681071 0.529639 -0.456987 0.609700 -0.372707
0.433120 0.221795 1.681014 0.530015 -0.456538 0.610182 -0.371934
0.433074 0.221893 1.680967 0.530378 -0.456069 0.610712 -0.371121
0.433027 0.221997 1.680930 0.530713 -0.455608 0.611266 -0.370297
0.432985 0.222104 1.680887 0.531064 -0.455136 0.611840 -0.369423
0.432947 0.222209 1.680839 0.531423 -0.454664 0.612425 -0.368518
0.432914 0.222312 1.680787 0.531783 -0.454196 0.613015 -0.367594
0.432885 0.222410 1.680732 0.532142 -0.453736 0.613604 -0.366659
0.432859 0.222504 1.680675 0.532495 -0.453286 0.614189 -0.365721
0.432836 0.222593 1.680616 0.532842 -0.452847 0.614768 -0.364786
0.432816 0.222677 1.680555 0.533181 -0.452422 0.615339 -0.363855
0.432795 0.222755 1.680512 0.533451 -0.452051 0.615890 -0.362987
0.432775 0.222829 1.680480 0.533685 -0.451707 0.616431 -0.362151
0.432755 0.222899 1.680457 0.533897 -0.451380 0.616965 -0.361337
0.432736 0.222966 1.680440 0.534092 -0.451066 0.617491 -0.360541
0.432725 0.223027 1.680432 0.534361 -0.450660 0.618094 -0.359616
0.432720 0.223082 1.680432 0.534633 -0.450248 0.618706 -0.358673
0.432718 0.223131 1.680439 0.534895 -0.449842 0.619314 -0.357741
0.432718 0.223174 1.680451 0.535144 -0.449449 0.619913 -0.356825
0.432721 0.223210 1.680468 0.535378 -0.449068 0.620501 -0.355931
0.432725 0.223241 1.680491 0.535600 -0.448701 0.621076 -0.355057
0.432730 0.223267 1.680517 0.535808 -0.448345 0.621639 -0.354204
0.432736 0.223287 1.680547 0.536005 -0.448002 0.622190 -0.353372
0.432744 0.223303 1.680580 0.536191 -0.447671 0.622729 -0.352560
0.432752 0.223315 1.680615 0.536366 -0.447351 0.623256 -0.351767
0.432761 0.223323 1.680653 0.536532 -0.447041 0.623772 -0.350993
0.432770 0.223328 1.680693 0.536689 -0.446741 0.624276 -0.350237
0.432780 0.223329 1.680735 0.536838 -0.446451 0.624770 -0.349499
0.432791 0.223327 1.680779 0.536979 -0.446171 0.625252 -0.348777
0.432798 0.223328 1.680809 0.537131 -0.445893 0.625714 -0.348069
0.432803 0.223331 1.680827 0.537294 -0.445615 0.626159 -0.347371
0.432805 0.223338 1.680837 0.537465 -0.445338 0.626590 -0.346685
0.432806 0.223346 1.680840 0.537638 -0.445064 0.627009 -0.346010
0.432805 0.223357 1.680837 0.537813 -0.444793 0.627416 -0.345349
0.432804 0.223370 1.680829 0.537987 -0.444527 0.627811 -0.344701
0.432801 0.223385 1.680818 0.538159 -0.444266 0.628196 -0.344067
0.432799 0.223400 1.680805 0.538328 -0.444011 0.628571 -0.343448
0.432796 0.223417 1.680790 0.538492 -0.443761 0.628936 -0.342843
0.432792 0.223434 1.680773 0.538653 -0.443518 0.629292 -0.342251
0.432789 0.223452 1.680755 0.538809 -0.443282 0.629639 -0.341674
0.432726 0.223466 1.680753 0.539080 -0.442833 0.630195 -0.340803
0.432655 0.223437 1.680777 0.539354 -0.442356 0.630926 -0.339633
0.432576 0.223387 1.680819 0.539584 -0.441915 0.631716 -0.338371
0.432489 0.223328 1.680871 0.539780 -0.441501 0.632527 -0.337082
0.432395 0.223267 1.680931 0.539956 -0.441101 0.633341 -0.335792
0.432295 0.223208 1.680995 0.540124 -0.440704 0.634152 -0.334511
0.432191 0.223154 1.681062 0.540289 -0.440304 0.634955 -0.333245
0.432082 0.223107 1.681132 0.540458 -0.439897 0.635748 -0.331995
0.431971 0.223068 1.681202 0.540631 -0.439480 0.636531 -0.330762
0.431857 0.223036 1.681274 0.540813 -0.439052 0.637302 -0.329547
0.431741 0.223011 1.681345 0.541002 -0.438612 0.638063 -0.328348
0.431623 0.222994 1.681418 0.541199 -0.438161 0.638812 -0.327165
0.431504 0.222984 1.681490 0.541405 -0.437699 0.639551 -0.325997
0.431384 0.222980 1.681562 0.541620 -0.437225 0.640280 -0.324845
0.431263 0.222983 1.681634 0.541843 -0.436741 0.640998 -0.323706
0.431142 0.222991 1.681706 0.542074 -0.436246 0.641707 -0.322581
0.431020 0.223005 1.681777 0.542312 -0.435741 0.642406 -0.321469
0.430898 0.223023 1.681849 0.542559 -0.435226 0.643096 -0.320369
0.430775 0.223047 1.681920 0.542812 -0.434703 0.643776 -0.319282
0.430653 0.223074 1.681990 0.543062 -0.434184 0.644441 -0.318220
0.430531 0.223106 1.682060 0.543307 -0.433672 0.645088 -0.317187
0.430409 0.223141 1.682129 0.543547 -0.433166 0.645719 -0.316181
0.430287 0.223179 1.682198 0.543781 -0.432668 0.646334 -0.315202
0.430166 0.223220 1.682266 0.544011 -0.432177 0.646933 -0.314249
0.430045 0.223264 1.682333 0.544235 -0.431693 0.647517 -0.313322
0.429925 0.223310 1.682400 0.544453 -0.431217 0.648087 -0.312420
0.429806 0.223359 1.682466 0.544667 -0.430748 0.648641 -0.311541
0.429687 0.223409 1.682532 0.544876 -0.430287 0.649182 -0.310687
0.429570 0.223462 1.682597 0.545079 -0.429832 0.649710 -0.309855
0.429453 0.223516 1.682661 0.545278 -0.429386 0.650224 -0.309044
0.429337 0.223571 1.682724 0.545472 -0.428946 0.650726 -0.308256
0.429222 0.223628 1.682787 0.545661 -0.428514 0.651215 -0.307488
0.429108 0.223685 1.682850 0.545845 -0.428089 0.651693 -0.306740
0.428996 0.223744 1.682911 0.546025 -0.427671 0.652158 -0.306012
0.428884 0.223803 1.682972 0.546201 -0.427260 0.652613 -0.305303
0.428773 0.223863 1.683032 0.546372 -0.426857 0.653057 -0.304612
0.428664 0.223924 1.683092 0.546538 -0.426460 0.653489 -0.303939
0.428556 0.223985 1.683151 0.546701 -0.426071 0.653912 -0.303284
0.428449 0.224047 1.683209 0.546859 -0.425688 0.654325 -0.302646
0.428343 0.224109 1.683267 0.547013 -0.425312 0.654727 -0.302024
0.428194 0.224113 1.683341 0.547216 -0.424813 0.655362 -0.300981
0.428013 0.224089 1.683418 0.547382 -0.424327 0.656075 -0.299807
0.427810 0.224056 1.683490 0.547525 -0.423856 0.656819 -0.298581
0.427590 0.224024 1.683554 0.547660 -0.423387 0.657574 -0.297335
0.427358 0.224000 1.683607 0.547800 -0.422911 0.658328 -0.296083
0.427117 0.223989 1.683649 0.547953 -0.422421 0.659077 -0.294832
0.426870 0.223992 1.683681 0.548122 -0.421912 0.659817 -0.293587
0.426618 0.224010 1.683703 0.548309 -0.421384 0.660548 -0.292351
0.426363 0.224043 1.683716 0.548516 -0.420835 0.661268 -0.291125
0.426106 0.224090 1.683720 0.548741 -0.420265 0.661977 -0.289910
0.425847 0.224152 1.683717 0.548985 -0.419674 0.662675 -0.288707
0.425587 0.224227 1.683708 0.549245 -0.419064 0.663363 -0.287516
0.425327 0.224314 1.683692 0.549522 -0.418435 0.664040 -0.286337
0.425066 0.224413 1.683672 0.549814 -0.417789 0.664706 -0.285170
0.424805 0.224522 1.683648 0.550119 -0.417127 0.665364 -0.284016
0.424545 0.224640 1.683620 0.550437 -0.416450 0.666011 -0.282873
0.424286 0.224767 1.683589 0.550767 -0.415759 0.666649 -0.281742
0.424027 0.224902 1.683555 0.551107 -0.415055 0.667279 -0.280623
0.423770 0.225044 1.683519 0.551457 -0.414340 0.667899 -0.279515
0.423513 0.225192 1.683482 0.551816 -0.413613 0.668511 -0.278418
0.423259 0.225346 1.683443 0.552182 -0.412876 0.669116 -0.277331
0.423006 0.225504 1.683403 0.552556 -0.412131 0.669712 -0.276254
0.422754 0.225667 1.683362 0.552936 -0.411377 0.670300 -0.275187
0.422505 0.225834 1.683321 0.553323 -0.410615 0.670882 -0.274130
0.422258 0.226003 1.683279 0.553714 -0.409846 0.671456 -0.273082
0.422013 0.226176 1.683238 0.554102 -0.409083 0.672017 -0.272056
0.421770 0.226350 1.683196 0.554484 -0.408329 0.672564 -0.271056
0.421530 0.226526 1.683154 0.554859 -0.407586 0.673098 -0.270083
0.421292 0.226704 1.683112 0.555226 -0.406852 0.673618 -0.269136
0.421057 0.226882 1.683071 0.555586 -0.406129 0.674125 -0.268213
0.420824 0.227062 1.683030 0.555938 -0.405417 0.674620 -0.267315
0.420594 0.227241 1.682990 0.556283 -0.404716 0.675102 -0.266441
0.420367 0.227421 1.682951 0.556621 -0.404026 0.675572 -0.265590
0.420142 0.227600 1.682912 0.556951 -0.403347 0.676031 -0.264762
0.419921 0.227778 1.682874 0.557273 -0.402680 0.676479 -0.263955
0.419702 0.227956 1.682837 0.557588 -0.402023 0.676915 -0.263170
0.419486 0.228133 1.682801 0.557896 -0.401378 0.677341 -0.262405
0.419273 0.228309 1.682765 0.558196 -0.400744 0.677757 -0.261661
0.419063 0.228484 1.682731 0.558490 -0.400121 0.678163 -0.260936
0.418855 0.228657 1.682698 0.558776 -0.399509 0.678559 -0.260230
0.418595 0.228762 1.682696 0.559054 -0.398855 0.679107 -0.259203
0.418296 0.228830 1.682712 0.559278 -0.398248 0.679706 -0.258082
0.417972 0.228880 1.682738 0.559465 -0.397677 0.680324 -0.256927
0.417629 0.228924 1.682771 0.559631 -0.397125 0.680948 -0.255763
0.417274 0.228970 1.682807 0.559790 -0.396578 0.681571 -0.254602
0.416910 0.229023 1.682846 0.559949 -0.396029 0.682188 -0.253452
0.416541 0.229085 1.682887 0.560112 -0.395472 0.682798 -0.252317
0.416167 0.229157 1.682928 0.560283 -0.394903 0.683399 -0.251197
0.415792 0.229241 1.682970 0.560463 -0.394321 0.683991 -0.250095
0.415416 0.229335 1.683013 0.560653 -0.393725 0.684575 -0.249010
0.415039 0.229440 1.683056 0.560852 -0.393115 0.685150 -0.247943
0.414663 0.229555 1.683100 0.561061 -0.392491 0.685716 -0.246892
0.414288 0.229679 1.683144 0.561279 -0.391853 0.686273 -0.245858
0.413915 0.229811 1.683188 0.561506 -0.391203 0.686823 -0.244839
0.413544 0.229952 1.683232 0.561741 -0.390540 0.687365 -0.243834
0.413175 0.230099 1.683277 0.561984 -0.389867 0.687899 -0.242844
0.412808 0.230252 1.683322 0.562235 -0.389182 0.688425 -0.241866
0.412445 0.230412 1.683368 0.562493 -0.388488 0.688945 -0.240901
0.412084 0.230575 1.683413 0.562757 -0.387785 0.689458 -0.239947
0.411727 0.230743 1.683459 0.563027 -0.387074 0.689965 -0.239003
0.411373 0.230915 1.683505 0.563303 -0.386355 0.690465 -0.238070
0.411023 0.231089 1.683551 0.563585 -0.385629 0.690959 -0.237145
0.410676 0.231266 1.683597 0.563871 -0.384897 0.691447 -0.236229
0.410333 0.231445 1.683643 0.564162 -0.384159 0.691930 -0.235321
0.409994 0.231626 1.683689 0.564458 -0.383416 0.692407 -0.234420
0.409659 0.231808 1.683735 0.564757 -0.382667 0.692879 -0.233525
0.409328 0.231990 1.683782 0.565060 -0.381915 0.693345 -0.232637
0.409002 0.232173 1.683828 0.565367 -0.381158 0.693807 -0.231755
0.408679 0.232356 1.683874 0.565677 -0.380399 0.694263 -0.230877
0.408361 0.232538 1.683920 0.565988 -0.379640 0.694713 -0.230010
0.408047 0.232720 1.683966 0.566291 -0.378893 0.695153 -0.229164
0.407737 0.232902 1.684011 0.566588 -0.378158 0.695582 -0.228341
0.407432 0.233082 1.684056 0.566877 -0.377437 0.696001 -0.227540
0.407131 0.233261 1.684101 0.567158 -0.376729 0.696410 -0.226761
0.406835 0.233438 1.684146 0.567432 -0.376034 0.696808 -0.226003
0.406543 0.233614 1.684190 0.567698 -0.375352 0.697198 -0.225266
0.406255 0.233789 1.684235 0.567958 -0.374684 0.697577 -0.224548
0.405972 0.233961 1.684278 0.568210 -0.374028 0.697948 -0.223850
0.405693 0.234131 1.684322 0.568455 -0.373386 0.698310 -0.223170
0.405419 0.234300 1.684366 0.568694 -0.372756 0.698663 -0.222509
0.405082 0.234392 1.684431 0.568892 -0.372119 0.699147 -0.221546
0.404702 0.234442 1.684505 0.569036 -0.371530 0.699682 -0.220472
0.404291 0.234472 1.684581 0.569146 -0.370976 0.700240 -0.219347
0.403858 0.234494 1.684654 0.569241 -0.370440 0.700806 -0.218199
0.403408 0.234519 1.684724 0.569333 -0.369907 0.701371 -0.217043
0.402947 0.234553 1.684788 0.569430 -0.369370 0.701932 -0.215887
0.402479 0.234598 1.684848 0.569536 -0.368821 0.702486 -0.214739
0.402005 0.234658 1.684902 0.569656 -0.368255 0.703032 -0.213603
0.401529 0.234732 1.684953 0.569789 -0.367670 0.703571 -0.212481
0.401051 0.234821 1.684999 0.569936 -0.367065 0.704101 -0.211374
0.400573 0.234924 1.685043 0.570097 -0.366440 0.704622 -0.210283
0.400096 0.235040 1.685083 0.570271 -0.365795 0.705136 -0.209209
0.399620 0.235169 1.685121 0.570458 -0.365132 0.705642 -0.208150
0.399146 0.235310 1.685157 0.570656 -0.364451 0.706140 -0.207108
0.398675 0.235461 1.685191 0.570865 -0.363754 0.706631 -0.206081
0.398206 0.235622 1.685224 0.571084 -0.363042 0.707114 -0.205068
0.397741 0.235791 1.685255 0.571312 -0.362316 0.707591 -0.204069
0.397280 0.235968 1.685286 0.571549 -0.361576 0.708062 -0.203083
0.396823 0.236152 1.685316 0.571794 -0.360825 0.708526 -0.202110
0.396369 0.236341 1.685345 0.572046 -0.360063 0.708984 -0.201148
0.395920 0.236536 1.685373 0.572304 -0.359291 0.709436 -0.200197
0.395476 0.236734 1.685402 0.572568 -0.358511 0.709882 -0.199256
0.395037 0.236937 1.685429 0.572838 -0.357722 0.710323 -0.198324
0.394602 0.237142 1.685457 0.573113 -0.356927 0.710758 -0.197402
0.394172 0.237349 1.685485 0.573393 -0.356125 0.711188 -0.196487
0.393747 0.237558 1.685512 0.573676 -0.355318 0.711613 -0.195580
0.393328 0.237769 1.685540 0.573964 -0.354505 0.712033 -0.194680
0.392914 0.237980 1.685567 0.574255 -0.353688 0.712449 -0.193786
0.392505 0.238191 1.685595 0.574549 -0.352868 0.712859 -0.192898
0.392102 0.238403 1.685622 0.574845 -0.352044 0.713266 -0.192016
0.391705 0.238613 1.685650 0.575145 -0.351217 0.713667 -0.191138
0.391312 0.238824 1.685678 0.575447 -0.350388 0.714065 -0.190265
0.390926 0.239033 1.685706 0.575749 -0.349561 0.714457 -0.189400
0.390545 0.239240 1.685734 0.576044 -0.348745 0.714840 -0.188556
0.390170 0.239446 1.685761 0.576332 -0.347944 0.715215 -0.187734
0.389800 0.239651 1.685789 0.576612 -0.347158 0.715580 -0.186935
0.389436 0.239853 1.685817 0.576885 -0.346386 0.715937 -0.186157
0.389078 0.240053 1.685845 0.577150 -0.345630 0.716285 -0.185401
0.388725 0.240250 1.685873 0.577407 -0.344888 0.716625 -0.184665
0.388378 0.240445 1.685901 0.577658 -0.344161 0.716957 -0.183949
0.387974 0.240567 1.685960 0.577821 -0.343488 0.717375 -0.183060
0.387533 0.240646 1.686034 0.577910 -0.342891 0.717830 -0.182117
0.387064 0.240702 1.686113 0.577955 -0.342340 0.718302 -0.181147
0.386578 0.240748 1.686194 0.577978 -0.341814 0.718781 -0.180164
0.386078 0.240794 1.686272 0.577994 -0.341296 0.719261 -0.179174
0.385570 0.240844 1.686346 0.578012 -0.340775 0.719739 -0.178184
0.385057 0.240903 1.686417 0.578038 -0.340245 0.720213 -0.177198
0.384541 0.240971 1.686484 0.578074 -0.339700 0.720681 -0.176220
0.384025 0.241051 1.686547 0.578122 -0.339138 0.721144 -0.175250
0.383509 0.241142 1.686607 0.578182 -0.338558 0.721600 -0.174291
0.382995 0.241243 1.686664 0.578255 -0.337960 0.722051 -0.173343
0.382483 0.241355 1.686718 0.578339 -0.337344 0.722495 -0.172405
0.381974 0.241477 1.686770 0.578435 -0.336711 0.722934 -0.171479
0.381469 0.241607 1.686820 0.578543 -0.336063 0.723366 -0.170563
0.380968 0.241746 1.686869 0.578660 -0.335399 0.723793 -0.169657
0.380471 0.241891 1.686916 0.578787 -0.334721 0.724215 -0.168761
0.379980 0.242043 1.686961 0.578923 -0.334030 0.724631 -0.167875
0.379493 0.242201 1.687006 0.579067 -0.333328 0.725042 -0.166997
0.379011 0.242363 1.687050 0.579219 -0.332615 0.725448 -0.166126
0.378534 0.242530 1.687093 0.579378 -0.331891 0.725849 -0.165263
0.378063 0.242700 1.687135 0.579544 -0.331159 0.726246 -0.164407
0.377598 0.242873 1.687177 0.579716 -0.330419 0.726637 -0.163557
0.377138 0.243048 1.687218 0.579894 -0.329671 0.727024 -0.162713
0.376684 0.243225 1.687259 0.580077 -0.328917 0.727407 -0.161873
0.376237 0.243403 1.687299 0.580266 -0.328157 0.727785 -0.161039
0.375795 0.243582 1.687340 0.580459 -0.327391 0.728159 -0.160208
0.375359 0.243761 1.687380 0.580656 -0.326621 0.728529 -0.159381
0.374929 0.243941 1.687420 0.580857 -0.325847 0.728895 -0.158558
0.374506 0.244120 1.687459 0.581062 -0.325069 0.729257 -0.157737
0.374088 0.244298 1.687499 0.581271 -0.324288 0.729615 -0.156918
0.373677 0.244476 1.687538 0.581483 -0.323504 0.729969 -0.156102
0.373272 0.244652 1.687577 0.581698 -0.322718 0.730319 -0.155288
0.372873 0.244827 1.687616 0.581916 -0.321930 0.730665 -0.154475
0.372481 0.245000 1.687655 0.582137 -0.321140 0.731008 -0.153663
0.372095 0.245172 1.687694 0.582360 -0.320349 0.731348 -0.152852
0.371714 0.245342 1.687732 0.582585 -0.319557 0.731683 -0.152044
0.371340 0.245509 1.687770 0.582805 -0.318779 0.732011 -0.151252
0.370972 0.245674 1.687808 0.583019 -0.318015 0.732332 -0.150481
0.370611 0.245837 1.687846 0.583226 -0.317267 0.732646 -0.149729
0.370255 0.245998 1.687883 0.583427 -0.316534 0.732953 -0.148996
0.369840 0.246089 1.687963 0.583536 -0.315839 0.733350 -0.148084
0.369382 0.246138 1.688070 0.583576 -0.315195 0.733792 -0.147105
0.368894 0.246163 1.688195 0.583572 -0.314588 0.734256 -0.146100
0.368385 0.246177 1.688330 0.583543 -0.314006 0.734729 -0.145090
0.367861 0.246188 1.688472 0.583501 -0.313436 0.735204 -0.144082
0.367326 0.246203 1.688618 0.583454 -0.312870 0.735677 -0.143084
0.366783 0.246226 1.688766 0.583410 -0.312302 0.736144 -0.142099
0.366235 0.246257 1.688915 0.583371 -0.311727 0.736606 -0.141128
0.365684 0.246300 1.689066 0.583338 -0.311141 0.737061 -0.140173
0.365131 0.246355 1.689217 0.583315 -0.310542 0.737510 -0.139236
0.364579 0.246421 1.689369 0.583300 -0.309929 0.737952 -0.138316
0.364029 0.246498 1.689520 0.583294 -0.309302 0.738389 -0.137412
0.363480 0.246586 1.689672 0.583298 -0.308661 0.738819 -0.136525
0.362935 0.246684 1.689823 0.583310 -0.308006 0.739243 -0.135653
0.362392 0.246790 1.689975 0.583331 -0.307338 0.739661 -0.134796
0.361854 0.246905 1.690125 0.583360 -0.306658 0.740073 -0.133952
0.361321 0.247028 1.690275 0.583397 -0.305967 0.740480 -0.133120
0.360792 0.247156 1.690425 0.583442 -0.305265 0.740882 -0.132299
0.360268 0.247291 1.690573 0.583493 -0.304554 0.741278 -0.131489
0.359749 0.247431 1.690721 0.583552 -0.303833 0.741669 -0.130687
0.359236 0.247575 1.690868 0.583617 -0.303105 0.742056 -0.129894
0.358729 0.247723 1.691013 0.583688 -0.302369 0.742437 -0.129108
0.358228 0.247874 1.691158 0.583765 -0.301626 0.742813 -0.128329
0.357732 0.248027 1.691301 0.583848 -0.300878 0.743185 -0.127555
0.357243 0.248182 1.691443 0.583936 -0.300123 0.743552 -0.126787
0.356760 0.248339 1.691584 0.584029 -0.299365 0.743915 -0.126022
0.356284 0.248497 1.691723 0.584128 -0.298601 0.744273 -0.125261
0.355814 0.248656 1.691861 0.584230 -0.297834 0.744626 -0.124503
0.355351 0.248815 1.691997 0.584338 -0.297063 0.744976 -0.123748
0.354894 0.248974 1.692132 0.584449 -0.296290 0.745321 -0.122995
0.354444 0.249133 1.692265 0.584565 -0.295514 0.745662 -0.122243
0.354000 0.249291 1.692396 0.584685 -0.294736 0.745999 -0.121492
0.353563 0.249448 1.692526 0.584808 -0.293955 0.746332 -0.120742
0.353133 0.249603 1.692655 0.584935 -0.293174 0.746660 -0.119992
0.352710 0.249758 1.692782 0.585066 -0.292391 0.746985 -0.119242
0.352293 0.249911 1.692907 0.585199 -0.291607 0.747306 -0.118492
0.351883 0.250062 1.693030 0.585336 -0.290822 0.747623 -0.117741
0.351479 0.250212 1.693152 0.585476 -0.290037 0.747937 -0.116990
0.351082 0.250359 1.693272 0.585619 -0.289251 0.748246 -0.116237
0.350691 0.250505 1.693390 0.585765 -0.288465 0.748552 -0.115483
0.350240 0.250579 1.693548 0.585776 -0.287816 0.748917 -0.114685
0.349746 0.250611 1.693728 0.585702 -0.287253 0.749315 -0.113867
0.349222 0.250619 1.693921 0.585581 -0.286740 0.749732 -0.113038
0.348677 0.250617 1.694119 0.585434 -0.286254 0.750157 -0.112204
0.348118 0.250613 1.694318 0.585277 -0.285778 0.750585 -0.111371
0.347549 0.250613 1.694516 0.585119 -0.285302 0.751012 -0.110540
0.346972 0.250620 1.694711 0.584966 -0.284819 0.751435 -0.109716
0.346390 0.250637 1.694903 0.584821 -0.284325 0.751854 -0.108898
0.345804 0.250667 1.695092 0.584687 -0.283816 0.752267 -0.108091
0.345217 0.250708 1.695278 0.584565 -0.283290 0.752674 -0.107293
0.344630 0.250762 1.695460 0.584454 -0.282746 0.753076 -0.106507
0.344043 0.250829 1.695640 0.584355 -0.282183 0.753473 -0.105733
0.343460 0.250907 1.695817 0.584268 -0.281602 0.753865 -0.104970
0.342879 0.250996 1.695991 0.584192 -0.281003 0.754252 -0.104217
0.342301 0.251095 1.696163 0.584127 -0.280387 0.754634 -0.103476
0.341728 0.251204 1.696333 0.584071 -0.279755 0.755011 -0.102744
0.341160 0.251320 1.696501 0.584026 -0.279109 0.755383 -0.102020
0.340596 0.251444 1.696666 0.583989 -0.278449 0.755751 -0.101305
0.340038 0.251575 1.696829 0.583962 -0.277776 0.756115 -0.100596
0.339485 0.251711 1.696990 0.583942 -0.277092 0.756474 -0.099894
0.338939 0.251852 1.697149 0.583930 -0.276398 0.756828 -0.099197
0.338398 0.251997 1.697306 0.583926 -0.275694 0.757179 -0.098505
0.337864 0.252146 1.697462 0.583929 -0.274981 0.757525 -0.097817
0.337337 0.252298 1.697615 0.583939 -0.274261 0.757867 -0.097132
0.336816 0.252452 1.697766 0.583955 -0.273533 0.758204 -0.096449
0.336301 0.252608 1.697915 0.583977 -0.272799 0.758538 -0.095768
0.335794 0.252765 1.698062 0.584005 -0.272059 0.758867 -0.095089
0.335293 0.252924 1.698207 0.584039 -0.271314 0.759193 -0.094410
0.334800 0.253082 1.698350 0.584078 -0.270565 0.759514 -0.093732
0.334313 0.253241 1.698491 0.584122 -0.269812 0.759831 -0.093053
0.333834 0.253400 1.698631 0.584172 -0.269055 0.760145 -0.092374
0.333361 0.253558 1.698768 0.584225 -0.268295 0.760454 -0.091694
0.332896 0.253715 1.698903 0.584284 -0.267532 0.760760 -0.091012
0.332438 0.253871 1.699036 0.584346 -0.266767 0.761062 -0.090329
0.331987 0.254026 1.699168 0.584413 -0.266000 0.761360 -0.089644
0.331544 0.254179 1.699297 0.584484 -0.265232 0.761654 -0.088957
0.331107 0.254331 1.699425 0.584559 -0.264462 0.761945 -0.088267
0.330677 0.254481 1.699550 0.584637 -0.263691 0.762232 -0.087575
0.330255 0.254628 1.699674 0.584719 -0.262920 0.762515 -0.086880
0.329839 0.254774 1.699796 0.584805 -0.262148 0.762794 -0.086181
0.329373 0.254870 1.699966 0.584789 -0.261413 0.763146 -0.085404
0.328870 0.254933 1.700169 0.584708 -0.260710 0.763538 -0.084597
0.328344 0.254977 1.700395 0.584586 -0.260031 0.763952 -0.083789
0.327801 0.255011 1.700637 0.584438 -0.259371 0.764377 -0.082988
0.327247 0.255039 1.700889 0.584276 -0.258723 0.764806 -0.082200
0.326689 0.255067 1.701149 0.584106 -0.258081 0.765235 -0.081426
0.326127 0.255097 1.701414 0.583933 -0.257442 0.765662 -0.080665
0.325565 0.255130 1.701682 0.583762 -0.256803 0.766085 -0.079917
0.325004 0.255167 1.701952 0.583594 -0.256162 0.766505 -0.079181
0.324446 0.255208 1.702223 0.583431 -0.255517 0.766919 -0.078456
0.323891 0.255254 1.702494 0.583273 -0.254867 0.767327 -0.077740
0.323341 0.255305 1.702764 0.583122 -0.254213 0.767731 -0.077034
0.322795 0.255360 1.703034 0.582977 -0.253554 0.768129 -0.076335
0.322254 0.255420 1.703302 0.582838 -0.252889 0.768521 -0.075643
0.321719 0.255483 1.703569 0.582707 -0.252220 0.768908 -0.074957
0.321190 0.255549 1.703833 0.582582 -0.251546 0.769289 -0.074276
0.320667 0.255618 1.704095 0.582464 -0.250867 0.769665 -0.073598
0.320150 0.255690 1.704355 0.582353 -0.250184 0.770036 -0.072924
0.319640 0.255764 1.704611 0.582248 -0.249497 0.770401 -0.072251
0.319136 0.255840 1.704865 0.582150 -0.248806 0.770761 -0.071581
0.318639 0.255918 1.705116 0.582058 -0.248112 0.771116 -0.070911
0.318149 0.255996 1.705364 0.581973 -0.247414 0.771466 -0.070242
0.317666 0.256076 1.705608 0.581894 -0.246713 0.771811 -0.069572
0.317190 0.256156 1.705849 0.581820 -0.246010 0.772151 -0.068902
0.316720 0.256237 1.706087 0.581753 -0.245305 0.772485 -0.068231
0.316258 0.256318 1.706321 0.581691 -0.244597 0.772815 -0.067558
0.315803 0.256398 1.706552 0.581636 -0.243887 0.773140 -0.066883
0.315354 0.256479 1.706779 0.581585 -0.243175 0.773461 -0.066206
0.314913 0.256559 1.707003 0.581540 -0.242462 0.773776 -0.065526
0.314479 0.256639 1.707223 0.581501 -0.241747 0.774087 -0.064844
0.314052 0.256718 1.707440 0.581466 -0.241031 0.774393 -0.064159
0.313631 0.256796 1.707653 0.581437 -0.240315 0.774694 -0.063470
0.313218 0.256874 1.707863 0.581413 -0.239597 0.774991 -0.062778
0.312811 0.256950 1.708069 0.581393 -0.238878 0.775284 -0.062082
0.312412 0.257025 1.708272 0.581378 -0.238159 0.775572 -0.061383
0.312019 0.257099 1.708471 0.581368 -0.237439 0.775856 -0.060680
0.311632 0.257172 1.708667 0.581362 -0.236719 0.776135 -0.059973
0.311253 0.257243 1.708859 0.581361 -0.235999 0.776410 -0.059262
0.310880 0.257314 1.709048 0.581364 -0.235278 0.776680 -0.058547
0.310513 0.257382 1.709234 0.581371 -0.234557 0.776947 -0.057828
0.310107 0.257407 1.709474 0.581274 -0.233922 0.777266 -0.057083
0.309672 0.257403 1.709751 0.581109 -0.233347 0.777616 -0.056346
0.309217 0.257381 1.710055 0.580899 -0.232814 0.777984 -0.055626
0.308750 0.257350 1.710378 0.580663 -0.232310 0.778361 -0.054925
0.308275 0.257312 1.710713 0.580412 -0.231824 0.778741 -0.054243
0.307795 0.257273 1.711056 0.580152 -0.231349 0.779122 -0.053577
0.307313 0.257235 1.711405 0.579890 -0.230880 0.779501 -0.052925
0.306830 0.257198 1.711758 0.579628 -0.230412 0.779877 -0.052285
0.306349 0.257163 1.712112 0.579370 -0.229945 0.780248 -0.051654
0.305871 0.257132 1.712467 0.579116 -0.229476 0.780616 -0.051031
0.305395 0.257104 1.712821 0.578869 -0.229003 0.780978 -0.050415
0.304923 0.257079 1.713174 0.578628 -0.228526 0.781335 -0.049805
0.304455 0.257058 1.713524 0.578394 -0.228044 0.781688 -0.049198
0.303992 0.257040 1.713872 0.578168 -0.227557 0.782035 -0.048594
0.303534 0.257026 1.714217 0.577949 -0.227064 0.782377 -0.047992
0.303080 0.257014 1.714558 0.577739 -0.226566 0.782713 -0.047391
0.302632 0.257005 1.714895 0.577536 -0.226062 0.783045 -0.046790
0.302190 0.256999 1.715228 0.577340 -0.225553 0.783371 -0.046188
0.301753 0.256995 1.715557 0.577153 -0.225038 0.783693 -0.045586
0.301322 0.256993 1.715881 0.576973 -0.224517 0.784009 -0.044982
0.300897 0.256993 1.716201 0.576801 -0.223992 0.784321 -0.044375
0.300478 0.256995 1.716516 0.576636 -0.223461 0.784628 -0.043765
0.300064 0.256998 1.716826 0.576479 -0.222924 0.784930 -0.043153
0.299657 0.257003 1.717131 0.576329 -0.222383 0.785227 -0.042536
0.299256 0.257009 1.717431 0.576186 -0.221838 0.785519 -0.041916
0.298861 0.257016 1.717726 0.576050 -0.221287 0.785807 -0.041292
0.298471 0.257024 1.718017 0.575921 -0.220732 0.786090 -0.040663
0.298088 0.257032 1.718302 0.575800 -0.220173 0.786369 -0.040030
0.297711 0.257042 1.718582 0.575684 -0.219610 0.786643 -0.039391
0.297340 0.257052 1.718857 0.575575 -0.219043 0.786913 -0.038748
0.296975 0.257062 1.719128 0.575473 -0.218472 0.787178 -0.038100
0.296615 0.257073 1.719393 0.575377 -0.217897 0.787439 -0.037447
0.296262 0.257084 1.719654 0.575287 -0.217319 0.787695 -0.036788
0.295915 0.257095 1.719910 0.575203 -0.216738 0.787947 -0.036124
0.295573 0.257107 1.720161 0.575125 -0.216153 0.788195 -0.035455
0.295237 0.257118 1.720407 0.575053 -0.215565 0.788439 -0.034780
0.294907 0.257130 1.720649 0.574986 -0.214974 0.788679 -0.034100
0.294583 0.257141 1.720886 0.574925 -0.214381 0.788914 -0.033415
0.294264 0.257152 1.721119 0.574869 -0.213784 0.789146 -0.032724
0.293951 0.257163 1.721348 0.574819 -0.213186 0.789373 -0.032028
0.293610 0.257154 1.721634 0.574679 -0.212610 0.789663 -0.031192
0.293246 0.257133 1.721963 0.574483 -0.212053 0.789989 -0.030322
0.292862 0.257105 1.722322 0.574250 -0.211517 0.790335 -0.029466
0.292465 0.257075 1.722704 0.573991 -0.210998 0.790692 -0.028638
0.292058 0.257046 1.723101 0.573718 -0.210492 0.791053 -0.027843
0.291644 0.257018 1.723510 0.573437 -0.209994 0.791416 -0.027077
0.291225 0.256995 1.723927 0.573152 -0.209502 0.791778 -0.026337
0.290804 0.256975 1.724348 0.572867 -0.209011 0.792137 -0.025619
0.290381 0.256960 1.724773 0.572584 -0.208521 0.792493 -0.024919
0.289958 0.256949 1.725198 0.572305 -0.208029 0.792845 -0.024236
0.289535 0.256944 1.725624 0.572032 -0.207535 0.793192 -0.023566
0.289114 0.256942 1.726048 0.571764 -0.207037 0.793535 -0.022906
0.288695 0.256945 1.726470 0.571502 -0.206536 0.793872 -0.022256
0.288278 0.256952 1.726889 0.571247 -0.206029 0.794205 -0.021613
0.287864 0.256963 1.727304 0.571000 -0.205518 0.794532 -0.020976
0.287453 0.256977 1.727715 0.570759 -0.205002 0.794855 -0.020343
0.287045 0.256995 1.728122 0.570526 -0.204480 0.795173 -0.019713
0.286642 0.257016 1.728524 0.570300 -0.203954 0.795485 -0.019085
0.286242 0.257039 1.728921 0.570082 -0.203422 0.795793 -0.018458
0.285847 0.257065 1.729312 0.569870 -0.202885 0.796095 -0.017832
0.285456 0.257094 1.729698 0.569667 -0.202343 0.796393 -0.017205
0.285070 0.257124 1.730078 0.569470 -0.201796 0.796685 -0.016577
0.284688 0.257156 1.730453 0.569281 -0.201244 0.796973 -0.015947
0.284311 0.257189 1.730821 0.569098 -0.200687 0.797256 -0.015315
0.283939 0.257224 1.731183 0.568923 -0.200126 0.797534 -0.014680
0.283572 0.257261 1.731540 0.568755 -0.199561 0.797807 -0.014042
0.283210 0.257298 1.731890 0.568593 -0.198991 0.798076 -0.013401
0.282853 0.257336 1.732234 0.568438 -0.198417 0.798340 -0.012756
0.282502 0.257374 1.732572 0.568290 -0.197840 0.798599 -0.012107
0.282155 0.257414 1.732904 0.568148 -0.197258 0.798853 -0.011453
0.281813 0.257453 1.733231 0.568012 -0.196673 0.799103 -0.010796
0.281477 0.257493 1.733551 0.567883 -0.196085 0.799348 -0.010133
0.281146 0.257533 1.733865 0.567759 -0.195493 0.799589 -0.009466
0.280820 0.257574 1.734174 0.567642 -0.194899 0.799825 -0.008794
0.280499 0.257614 1.734477 0.567530 -0.194301 0.800057 -0.008117
0.280183 0.257654 1.734774 0.567424 -0.193701 0.800284 -0.007435
0.279872 0.257694 1.735066 0.567324 -0.193097 0.800507 -0.006748
0.279566 0.257734 1.735352 0.567229 -0.192492 0.800725 -0.006056
0.279266 0.257773 1.735632 0.567140 -0.191884 0.800939 -0.005359
0.278970 0.257812 1.735908 0.567056 -0.191273 0.801149 -0.004656
0.278656 0.257851 1.736221 0.566917 -0.190442 0.801451 -0.003651
0.278324 0.257883 1.736566 0.566749 -0.189489 0.801800 -0.002514
0.277980 0.257905 1.736936 0.566559 -0.188492 0.802172 -0.001339
0.277626 0.257917 1.737327 0.566352 -0.187487 0.802554 -0.000167
0.277267 0.257920 1.737734 0.566132 -0.186495 0.802940 0.000988
0.276903 0.257916 1.738156 0.565902 -0.185523 0.803326 0.002123
0.276537 0.257904 1.738589 0.565664 -0.184573 0.803708 0.003235
0.276170 0.257887 1.739030 0.565423 -0.183648 0.804084 0.004323
0.275804 0.257866 1.739478 0.565180 -0.182745 0.804454 0.005390
0.275438 0.257840 1.739929 0.564937 -0.181865 0.804817 0.006436
0.275075 0.257811 1.740382 0.564695 -0.181004 0.805172 0.007465
0.274714 0.257779 1.740835 0.564455 -0.180161 0.805519 0.008479
0.274356 0.257745 1.741287 0.564218 -0.179334 0.805858 0.009479
0.274002 0.257710 1.741738 0.563985 -0.178521 0.806189 0.010468
0.273651 0.257673 1.742186 0.563756 -0.177721 0.806513 0.011447
0.273309 0.257635 1.742626 0.563554 -0.176935 0.806813 0.012398
0.272978 0.257595 1.743057 0.563378 -0.176164 0.807090 0.013328
0.272656 0.257553 1.743482 0.563224 -0.175410 0.807346 0.014243
0.272344 0.257508 1.743901 0.563092 -0.174672 0.807582 0.015146
0.272041 0.257460 1.744315 0.562977 -0.173949 0.807800 0.016039
0.271746 0.257408 1.744725 0.562880 -0.173243 0.808002 0.016922
0.271459 0.257352 1.745130 0.562796 -0.172552 0.808189 0.017798
0.271179 0.257292 1.745531 0.562726 -0.171876 0.808362 0.018667
0.270907 0.257228 1.745928 0.562667 -0.171215 0.808523 0.019529
0.270642 0.257160 1.746321 0.562618 -0.170567 0.808673 0.020387
0.270383 0.257089 1.746711 0.562579 -0.169931 0.808812 0.021240
0.270131 0.257014 1.747096 0.562547 -0.169308 0.808942 0.022089
0.269885 0.256936 1.747478 0.562523 -0.168696 0.809063 0.022935
0.269644 0.256854 1.747856 0.562505 -0.168093 0.809177 0.023779
0.269409 0.256770 1.748229 0.562494 -0.167501 0.809283 0.024621
0.269179 0.256683 1.748598 0.562487 -0.166916 0.809382 0.025463
0.268954 0.256593 1.748963 0.562485 -0.166339 0.809475 0.026303
0.268735 0.256501 1.749323 0.562488 -0.165769 0.809562 0.027144
0.268520 0.256407 1.749679 0.562495 -0.165205 0.809644 0.027985
0.268310 0.256311 1.750029 0.562505 -0.164646 0.809721 0.028827
0.268104 0.256214 1.750375 0.562519 -0.164091 0.809794 0.029669
0.267903 0.256116 1.750716 0.562536 -0.163541 0.809862 0.030513
0.267705 0.256017 1.751052 0.562556 -0.162994 0.809926 0.031359
0.267512 0.255916 1.751382 0.562578 -0.162450 0.809987 0.032206
0.267323 0.255815 1.751708 0.562603 -0.161908 0.810044 0.033055
0.267160 0.255744 1.752033 0.562654 -0.161069 0.810123 0.034312
0.267004 0.255683 1.752368 0.562711 -0.160058 0.810221 0.035782
0.266848 0.255621 1.752716 0.562761 -0.158971 0.810330 0.037337
0.266690 0.255556 1.753076 0.562798 -0.157861 0.810447 0.038915
0.266530 0.255486 1.753449 0.562821 -0.156753 0.810569 0.040488
0.266368 0.255409 1.753831 0.562831 -0.155661 0.810693 0.042047
0.266204 0.255327 1.754223 0.562829 -0.154589 0.810818 0.043586
0.266037 0.255239 1.754622 0.562815 -0.153540 0.810944 0.045105
0.265869 0.255146 1.755028 0.562791 -0.152513 0.811070 0.046604
0.265699 0.255049 1.755440 0.562757 -0.151509 0.811195 0.048083
0.265526 0.254947 1.755858 0.562715 -0.150527 0.811319 0.049542
0.265353 0.254843 1.756281 0.562665 -0.149564 0.811443 0.050983
0.265177 0.254735 1.756709 0.562608 -0.148621 0.811565 0.052406
0.265000 0.254625 1.757141 0.562545 -0.147696 0.811686 0.053811
0.264821 0.254513 1.757577 0.562475 -0.146788 0.811806 0.055199
0.264640 0.254399 1.758016 0.562399 -0.145897 0.811924 0.056570
0.264458 0.254284 1.758459 0.562318 -0.145021 0.812042 0.057924
0.264274 0.254167 1.758905 0.562233 -0.144161 0.812158 0.059262
0.264089 0.254049 1.759353 0.562142 -0.143315 0.812272 0.060583
0.263902 0.253931 1.759802 0.562049 -0.142484 0.812385 0.061886
0.263715 0.253812 1.760251 0.561952 -0.141669 0.812496 0.063170
0.263528 0.253694 1.760697 0.561852 -0.140879 0.812605 0.064418
0.263341 0.253576 1.761141 0.561747 -0.140116 0.812712 0.065628
0.263154 0.253458 1.761581 0.561639 -0.139378 0.812818 0.066802
0.262969 0.253341 1.762017 0.561528 -0.138665 0.812922 0.067942
0.262785 0.253226 1.762448 0.561415 -0.137975 0.813024 0.069049
0.262602 0.253112 1.762874 0.561301 -0.137306 0.813124 0.070123
0.262420 0.252999 1.763294 0.561185 -0.136658 0.813223 0.071167
0.262241 0.252887 1.763709 0.561067 -0.136030 0.813320 0.072182
0.262063 0.252777 1.764117 0.560949 -0.135421 0.813414 0.073169
0.261886 0.252669 1.764520 0.560831 -0.134830 0.813507 0.074129
0.261712 0.252562 1.764917 0.560712 -0.134257 0.813598 0.075062
0.261540 0.252456 1.765307 0.560594 -0.133700 0.813688 0.075970
0.261370 0.252353 1.765691 0.560475 -0.133159 0.813775 0.076854
0.261203 0.252250 1.766069 0.560357 -0.132633 0.813861 0.077714
0.261037 0.252150 1.766441 0.560239 -0.132123 0.813944 0.078551
0.260874 0.252051 1.766806 0.560122 -0.131626 0.814026 0.079366
0.260713 0.251953 1.767165 0.560005 -0.131144 0.814107 0.080160
0.260554 0.251858 1.767518 0.559889 -0.130676 0.814185 0.080933
0.260398 0.251763 1.767865 0.559774 -0.130221 0.814262 0.081685
0.260262 0.251705 1.768222 0.559642 -0.129521 0.814370 0.082628
0.260135 0.251661 1.768591 0.559494 -0.128686 0.814498 0.083664
0.260013 0.251622 1.768974 0.559330 -0.127797 0.814641 0.084724
0.259893 0.251582 1.769366 0.559151 -0.126899 0.814794 0.085774
0.259774 0.251538 1.769768 0.558959 -0.126014 0.814954 0.086802
0.259656 0.251488 1.770177 0.558757 -0.125155 0.815118 0.087803
0.259539 0.251431 1.770593 0.558545 -0.124327 0.815285 0.088777
0.259421 0.251368 1.771014 0.558325 -0.123531 0.815453 0.089724
0.259303 0.251299 1.771440 0.558097 -0.122769 0.815622 0.090645
0.259185 0.251224 1.771869 0.557864 -0.122039 0.815791 0.091541
0.259066 0.251143 1.772302 0.557625 -0.121341 0.815960 0.092412
0.258945 0.251057 1.772739 0.557381 -0.120674 0.816129 0.093260
0.258823 0.250967 1.773178 0.557133 -0.120036 0.816298 0.094083
0.258700 0.250872 1.773620 0.556881 -0.119426 0.816467 0.094884
0.258576 0.250773 1.774065 0.556625 -0.118844 0.816635 0.095662
0.258450 0.250670 1.774513 0.556366 -0.118289 0.816804 0.096417
0.258322 0.250565 1.774962 0.556104 -0.117758 0.816972 0.097149
0.258192 0.250457 1.775413 0.555840 -0.117254 0.817140 0.097856
0.258062 0.250347 1.775862 0.555575 -0.116773 0.817307 0.098539
0.257931 0.250235 1.776310 0.555310 -0.116316 0.817472 0.099199
0.257800 0.250122 1.776754 0.555046 -0.115880 0.817636 0.099836
0.257669 0.250008 1.777195 0.554783 -0.115464 0.817798 0.100453
0.257538 0.249894 1.777632 0.554522 -0.115065 0.817957 0.101049
0.257408 0.249780 1.778064 0.554263 -0.114684 0.818115 0.101628
0.257279 0.249666 1.778490 0.554007 -0.114318 0.818269 0.102188
0.257150 0.249553 1.778911 0.553754 -0.113967 0.818422 0.102732
0.257023 0.249440 1.779326 0.553504 -0.113629 0.818572 0.103259
0.256897 0.249329 1.779736 0.553257 -0.113305 0.818719 0.103771
0.256772 0.249218 1.780139 0.553013 -0.112992 0.818863 0.104269
0.256648 0.249108 1.780536 0.552773 -0.112690 0.819005 0.104752
0.256526 0.248999 1.780927 0.552537 -0.112399 0.819144 0.105222
0.256406 0.248891 1.781312 0.552304 -0.112119 0.819281 0.105679
0.256287 0.248785 1.781690 0.552075 -0.111848 0.819415 0.106123
0.256169 0.248679 1.782062 0.551850 -0.111586 0.819546 0.106555
0.256054 0.248575 1.782428 0.551628 -0.111334 0.819675 0.106975
0.255940 0.248473 1.782788 0.551410 -0.111090 0.819801 0.107384
0.255827 0.248371 1.783142 0.551196 -0.110854 0.819925 0.107781
0.255716 0.248271 1.783490 0.550985 -0.110626 0.820047 0.108168
0.255607 0.248172 1.783832 0.550778 -0.110406 0.820166 0.108545
0.255500 0.248074 1.784168 0.550575 -0.110194 0.820282 0.108911
0.255398 0.248001 1.784537 0.550344 -0.109704 0.820432 0.109446
0.255301 0.247937 1.784933 0.550086 -0.109112 0.820609 0.110005
0.255208 0.247872 1.785350 0.549808 -0.108492 0.820804 0.110551
0.255118 0.247801 1.785784 0.549515 -0.107878 0.821010 0.111075
0.255030 0.247721 1.786231 0.549210 -0.107289 0.821224 0.111576
0.254943 0.247632 1.786688 0.548897 -0.106732 0.821440 0.112056
0.254858 0.247532 1.787154 0.548577 -0.106209 0.821658 0.112519
0.254772 0.247422 1.787627 0.548252 -0.105722 0.821877 0.112966
0.254687 0.247303 1.788105 0.547924 -0.105268 0.822094 0.113398
0.254602 0.247174 1.788587 0.547592 -0.104847 0.822311 0.113818
0.254516 0.247038 1.789073 0.547258 -0.104457 0.822527 0.114227
0.254429 0.246895 1.789561 0.546922 -0.104098 0.822740 0.114622
0.254342 0.246745 1.790049 0.546586 -0.103766 0.822952 0.115004
0.254255 0.246590 1.790535 0.546251 -0.103461 0.823161 0.115373
0.254168 0.246431 1.791018 0.545918 -0.103179 0.823368 0.115731
0.254081 0.246269 1.791498 0.545586 -0.102919 0.823571 0.116079
0.253995 0.246104 1.791973 0.545257 -0.102678 0.823771 0.116417
0.253909 0.245937 1.792442 0.544931 -0.102455 0.823968 0.116746
0.253824 0.245769 1.792906 0.544609 -0.102247 0.824162 0.117067
0.253739 0.245600 1.793363 0.544290 -0.102052 0.824352 0.117381
0.253656 0.245431 1.793813 0.543976 -0.101870 0.824538 0.117687
0.253574 0.245262 1.794257 0.543665 -0.101700 0.824721 0.117986
0.253492 0.245093 1.794694 0.543360 -0.101540 0.824900 0.118279
0.253412 0.244925 1.795124 0.543058 -0.101389 0.825076 0.118565
0.253333 0.244758 1.795546 0.542762 -0.101247 0.825248 0.118845
0.253255 0.244592 1.795962 0.542470 -0.101112 0.825417 0.119119
0.253179 0.244428 1.796370 0.542183 -0.100985 0.825582 0.119387
0.253103 0.244264 1.796771 0.541900 -0.100865 0.825745 0.119650
0.253029 0.244103 1.797165 0.541623 -0.100751 0.825903 0.119906
0.252956 0.243943 1.797552 0.541350 -0.100643 0.826059 0.120158
0.252884 0.243785 1.797932 0.541082 -0.100541 0.826211 0.120403
0.252814 0.243629 1.798305 0.540819 -0.100444 0.826360 0.120643
0.252744 0.243475 1.798671 0.540561 -0.100351 0.826506 0.120878
0.252676 0.243322 1.799031 0.540307 -0.100264 0.826649 0.121108
0.252609 0.243172 1.799384 0.540058 -0.100181 0.826789 0.121333
0.252543 0.243024 1.799731 0.539813 -0.100102 0.826926 0.121553
0.252478 0.242877 1.800071 0.539573 -0.100027 0.827060 0.121767
0.252414 0.242733 1.800405 0.539337 -0.099955 0.827192 0.121977
0.252351 0.242591 1.800733 0.539105 -0.099888 0.827321 0.122183
0.252290 0.242450 1.801055 0.538878 -0.099824 0.827447 0.122383
0.252230 0.242343 1.801440 0.538613 -0.099385 0.827601 0.122862
0.252176 0.242252 1.801867 0.538308 -0.098854 0.827795 0.123321
0.252129 0.242166 1.802325 0.537974 -0.098309 0.828016 0.123730
0.252088 0.242078 1.802802 0.537619 -0.097781 0.828255 0.124092
0.252052 0.241984 1.803294 0.537251 -0.097282 0.828503 0.124420
0.252020 0.241883 1.803794 0.536875 -0.096817 0.828756 0.124721
0.251992 0.241772 1.804299 0.536495 -0.096387 0.829010 0.125003
0.251967 0.241653 1.804805 0.536113 -0.095991 0.829262 0.125272
0.251945 0.241525 1.805310 0.535731 -0.095627 0.829512 0.125532
0.251926 0.241390 1.805812 0.535351 -0.095292 0.829757 0.125786
0.251909 0.241248 1.806310 0.534973 -0.094983 0.829998 0.126035
0.251894 0.241099 1.806802 0.534599 -0.094698 0.830234 0.126281
0.251881 0.240945 1.807288 0.534229 -0.094435 0.830465 0.126526
0.251869 0.240787 1.807768 0.533863 -0.094192 0.830691 0.126769
0.251860 0.240624 1.808240 0.533502 -0.093967 0.830911 0.127012
0.251852 0.240459 1.808705 0.533146 -0.093758 0.831126 0.127254
0.251845 0.240291 1.809163 0.532796 -0.093563 0.831336 0.127495
0.251839 0.240121 1.809612 0.532450 -0.093382 0.831541 0.127735
0.251835 0.239949 1.810053 0.532110 -0.093213 0.831741 0.127975
0.251832 0.239777 1.810487 0.531775 -0.093055 0.831936 0.128214
0.251829 0.239603 1.810912 0.531446 -0.092907 0.832126 0.128452
0.251828 0.239430 1.811330 0.531122 -0.092768 0.832311 0.128688
0.251827 0.239257 1.811739 0.530804 -0.092638 0.832493 0.128923
0.251827 0.239084 1.812141 0.530491 -0.092515 0.832669 0.129157
0.251828 0.238912 1.812535 0.530184 -0.092400 0.832842 0.129388
0.251829 0.238740 1.812922 0.529882 -0.092291 0.833011 0.129618
0.251831 0.238570 1.813301 0.529585 -0.092189 0.833175 0.129846
0.251833 0.238401 1.813673 0.529293 -0.092092 0.833336 0.130071
0.251836 0.238234 1.814037 0.529007 -0.092000 0.833493 0.130294
0.251839 0.238068 1.814395 0.528726 -0.091914 0.833647 0.130515
0.251843 0.237904 1.814745 0.528449 -0.091832 0.833797 0.130733
0.251846 0.237741 1.815089 0.528178 -0.091755 0.833943 0.130948
0.251850 0.237580 1.815426 0.527912 -0.091681 0.834087 0.131160
0.251854 0.237422 1.815756 0.527650 -0.091612 0.834227 0.131369
0.251859 0.237265 1.816081 0.527393 -0.091546 0.834364 0.131576
0.251863 0.237110 1.816398 0.527141 -0.091484 0.834498 0.131779
0.251867 0.236957 1.816710 0.526894 -0.091425 0.834629 0.131979
0.251872 0.236807 1.817016 0.526651 -0.091368 0.834757 0.132176
0.251877 0.236658 1.817316 0.526412 -0.091315 0.834883 0.132370
0.251881 0.236512 1.817610 0.526178 -0.091265 0.835006 0.132561
0.251878 0.236391 1.817982 0.525884 -0.090774 0.835159 0.133102
0.251880 0.236281 1.818406 0.525533 -0.090193 0.835362 0.133607
0.251889 0.236169 1.818866 0.525144 -0.089610 0.835599 0.134048
0.251905 0.236049 1.819351 0.524729 -0.089055 0.835856 0.134438
0.251926 0.235917 1.819852 0.524298 -0.088541 0.836124 0.134792
0.251954 0.235770 1.820363 0.523858 -0.088072 0.836396 0.135121
0.251986 0.235610 1.820880 0.523413 -0.087647 0.836668 0.135435
0.252022 0.235436 1.821400 0.522967 -0.087264 0.836938 0.135740
0.252062 0.235249 1.821918 0.522521 -0.086920 0.837204 0.136039
0.252105 0.235051 1.822433 0.522078 -0.086612 0.837463 0.136337
0.252151 0.234843 1.822944 0.521639 -0.086336 0.837717 0.136634
0.252199 0.234625 1.823449 0.521205 -0.086089 0.837964 0.136932
0.252250 0.234400 1.823948 0.520776 -0.085868 0.838204 0.137232
0.252303 0.234168 1.824439 0.520353 -0.085670 0.838438 0.137534
0.252357 0.233931 1.824923 0.519936 -0.085493 0.838664 0.137839
0.252413 0.233689 1.825398 0.519525 -0.085334 0.838885 0.138145
0.252470 0.233443 1.825866 0.519121 -0.085192 0.839098 0.138453
0.252528 0.233195 1.826324 0.518724 -0.085065 0.839306 0.138763
0.252587 0.232944 1.826774 0.518333 -0.084951 0.839508 0.139074
0.252646 0.232693 1.827216 0.517948 -0.084849 0.839704 0.139386
0.252706 0.232441 1.827648 0.517570 -0.084757 0.839894 0.139698
0.252767 0.232188 1.828073 0.517199 -0.084675 0.840079 0.140010
0.252828 0.231937 1.828488 0.516835 -0.084602 0.840258 0.140322
0.252888 0.231685 1.828896 0.516477 -0.084537 0.840433 0.140633
0.252949 0.231435 1.829295 0.516125 -0.084478 0.840603 0.140943
0.253010 0.231187 1.829686 0.515779 -0.084426 0.840769 0.141251
0.253071 0.230940 1.830069 0.515441 -0.084379 0.840930 0.141558
0.253132 0.230696 1.830444 0.515108 -0.084338 0.841086 0.141862
0.253192 0.230453 1.830812 0.514781 -0.084301 0.841239 0.142164
0.253252 0.230213 1.831172 0.514460 -0.084268 0.841388 0.142464
0.253311 0.229976 1.831525 0.514146 -0.084239 0.841533 0.142761
0.253370 0.229742 1.831871 0.513837 -0.084214 0.841674 0.143054
0.253428 0.229510 1.832209 0.513534 -0.084192 0.841812 0.143345
0.253486 0.229282 1.832541 0.513236 -0.084173 0.841946 0.143632
0.253543 0.229056 1.832866 0.512944 -0.084156 0.842077 0.143916
0.253599 0.228834 1.833184 0.512658 -0.084142 0.842205 0.144196
0.253655 0.228615 1.833496 0.512377 -0.084130 0.842330 0.144472
0.253710 0.228399 1.833802 0.512101 -0.084121 0.842452 0.144745
0.253764 0.228186 1.834102 0.511830 -0.084113 0.842571 0.145013
0.253817 0.227976 1.834395 0.511565 -0.084107 0.842687 0.145278
0.253859 0.227800 1.834759 0.511230 -0.083676 0.842832 0.145862
0.253902 0.227641 1.835169 0.510834 -0.083147 0.843030 0.146409
0.253949 0.227486 1.835612 0.510395 -0.082603 0.843265 0.146892
0.254001 0.227328 1.836077 0.509929 -0.082074 0.843523 0.147324
0.254060 0.227162 1.836557 0.509445 -0.081574 0.843795 0.147722
0.254124 0.226986 1.837047 0.508951 -0.081108 0.844072 0.148095
0.254195 0.226799 1.837542 0.508453 -0.080677 0.844351 0.148452
0.254272 0.226599 1.838039 0.507954 -0.080283 0.844628 0.148799
0.254356 0.226386 1.838535 0.507459 -0.079923 0.844899 0.149140
0.254445 0.226162 1.839027 0.506970 -0.079598 0.845164 0.149478
0.254539 0.225927 1.839515 0.506489 -0.079305 0.845420 0.149815
0.254637 0.225681 1.839997 0.506017 -0.079042 0.845667 0.150153
0.254739 0.225426 1.840472 0.505555 -0.078806 0.845905 0.150493
0.254845 0.225162 1.840940 0.505103 -0.078596 0.846134 0.150835
0.254953 0.224892 1.841400 0.504660 -0.078408 0.846354 0.151179
0.255064 0.224615 1.841852 0.504227 -0.078241 0.846565 0.151526
0.255177 0.224333 1.842297 0.503804 -0.078094 0.846768 0.151875
0.255291 0.224047 1.842733 0.503391 -0.077964 0.846963 0.152225
0.255407 0.223757 1.843161 0.502987 -0.077851 0.847151 0.152577
0.255524 0.223464 1.843581 0.502591 -0.077751 0.847331 0.152930
0.255642 0.223169 1.843993 0.502205 -0.077666 0.847504 0.153283
0.255760 0.222873 1.844397 0.501827 -0.077592 0.847670 0.153636
0.255878 0.222576 1.844793 0.501458 -0.077530 0.847830 0.153989
0.255997 0.222279 1.845181 0.501096 -0.077477 0.847985 0.154342
0.256115 0.221981 1.845561 0.500743 -0.077434 0.848134 0.154693
0.256233 0.221684 1.845934 0.500397 -0.077399 0.848277 0.155043
0.256350 0.221389 1.846300 0.500058 -0.077371 0.848416 0.155391
0.256467 0.221095 1.846658 0.499726 -0.077351 0.848549 0.155738
0.256583 0.220802 1.847009 0.499402 -0.077336 0.848679 0.156081
0.256699 0.220512 1.847354 0.499084 -0.077327 0.848804 0.156423
0.256813 0.220223 1.847691 0.498773 -0.077323 0.848925 0.156761
0.256926 0.219938 1.848021 0.498468 -0.077324 0.849042 0.157097
0.257038 0.219655 1.848345 0.498169 -0.077329 0.849155 0.157429
0.257149 0.219375 1.848663 0.497876 -0.077338 0.849265 0.157758
0.257258 0.219098 1.848974 0.497589 -0.077350 0.849372 0.158083
0.257366 0.218824 1.849279 0.497307 -0.077365 0.849475 0.158404
0.257472 0.218554 1.849578 0.497032 -0.077382 0.849576 0.158722
0.257577 0.218288 1.849870 0.496761 -0.077402 0.849674 0.159036
0.257681 0.218024 1.850157 0.496496 -0.077424 0.849769 0.159345
0.257783 0.217765 1.850439 0.496236 -0.077448 0.849861 0.159651
0.257892 0.217558 1.850787 0.495936 -0.077120 0.849967 0.160176
0.258011 0.217383 1.851182 0.495592 -0.076710 0.850119 0.160631
0.258137 0.217226 1.851611 0.495216 -0.076282 0.850306 0.161003
0.258270 0.217076 1.852065 0.494818 -0.075860 0.850517 0.161312
0.258407 0.216925 1.852537 0.494406 -0.075456 0.850742 0.161575
0.258548 0.216771 1.853022 0.493985 -0.075077 0.850977 0.161805
0.258693 0.216610 1.853514 0.493558 -0.074726 0.851216 0.162012
0.258841 0.216441 1.854012 0.493129 -0.074403 0.851456 0.162204
0.258992 0.216261 1.854511 0.492700 -0.074107 0.851696 0.162387
0.259146 0.216072 1.855012 0.492271 -0.073840 0.851933 0.162565
0.259304 0.215872 1.855510 0.491845 -0.073599 0.852166 0.162742
0.259464 0.215662 1.856005 0.491424 -0.073385 0.852394 0.162918
0.259626 0.215442 1.856495 0.491010 -0.073196 0.852615 0.163096
0.259791 0.215214 1.856980 0.490603 -0.073031 0.852828 0.163277
0.259956 0.214977 1.857457 0.490205 -0.072888 0.853034 0.163460
0.260123 0.214734 1.857928 0.489816 -0.072766 0.853232 0.163648
0.260290 0.214483 1.858391 0.489435 -0.072662 0.853423 0.163839
0.260458 0.214228 1.858847 0.489063 -0.072576 0.853606 0.164034
0.260627 0.213968 1.859295 0.488699 -0.072505 0.853782 0.164232
0.260795 0.213703 1.859735 0.488344 -0.072448 0.853951 0.164434
0.260963 0.213436 1.860167 0.487997 -0.072404 0.854114 0.164638
0.261130 0.213166 1.860591 0.487658 -0.072372 0.854270 0.164846
0.261297 0.212895 1.861007 0.487327 -0.072350 0.854421 0.165055
0.261463 0.212621 1.861416 0.487003 -0.072338 0.854565 0.165267
0.261628 0.212348 1.861817 0.486687 -0.072335 0.854705 0.165480
0.261792 0.212073 1.862210 0.486377 -0.072339 0.854839 0.165694
0.261954 0.211799 1.862596 0.486075 -0.072350 0.854968 0.165910
0.262116 0.211526 1.862974 0.485779 -0.072368 0.855093 0.166126
0.262275 0.211253 1.863345 0.485490 -0.072391 0.855213 0.166342
0.262434 0.210982 1.863709 0.485207 -0.072420 0.855329 0.166559
0.262590 0.210712 1.864066 0.484930 -0.072452 0.855441 0.166775
0.262745 0.210444 1.864415 0.484660 -0.072489 0.855549 0.166991
0.262898 0.210178 1.864758 0.484394 -0.072530 0.855654 0.167206
0.263049 0.209914 1.865095 0.484135 -0.072573 0.855755 0.167420
0.263198 0.209653 1.865424 0.483881 -0.072620 0.855853 0.167633
0.263345 0.209394 1.865747 0.483632 -0.072668 0.855948 0.167845
0.263491 0.209138 1.866064 0.483388 -0.072719 0.856040 0.168056
0.263634 0.208885 1.866375 0.483149 -0.072771 0.856130 0.168265
0.263775 0.208635 1.866679 0.482915 -0.072826 0.856216 0.168472
0.263914 0.208388 1.866978 0.482686 -0.072881 0.856300 0.168677
0.264062 0.208190 1.867323 0.482412 -0.072583 0.856411 0.169025
0.264222 0.208018 1.867702 0.482099 -0.072174 0.856565 0.169316
0.264392 0.207856 1.868106 0.481760 -0.071727 0.856747 0.169548
0.264570 0.207695 1.868528 0.481406 -0.071276 0.856946 0.169738
0.264755 0.207526 1.868965 0.481042 -0.070840 0.857155 0.169901
0.264945 0.207348 1.869411 0.480672 -0.070430 0.857367 0.170046
0.265140 0.207156 1.869864 0.480301 -0.070049 0.857580 0.170180
0.265339 0.206951 1.870320 0.479929 -0.069700 0.857791 0.170310
0.265543 0.206732 1.870778 0.479558 -0.069383 0.857998 0.170439
0.265750 0.206498 1.871237 0.479190 -0.069098 0.858201 0.170570
0.265962 0.206250 1.871694 0.478825 -0.068844 0.858398 0.170706
0.266177 0.205988 1.872148 0.478463 -0.068619 0.858589 0.170849
0.266396 0.205713 1.872600 0.478106 -0.068421 0.858774 0.170999
0.266619 0.205425 1.873047 0.477753 -0.068250 0.858952 0.171158
0.266846 0.205125 1.873489 0.477407 -0.068104 0.859123 0.171326
0.267075 0.204814 1.873926 0.477069 -0.067984 0.859285 0.171502
0.267307 0.204493 1.874355 0.476740 -0.067887 0.859438 0.171686
0.267542 0.204162 1.874777 0.476420 -0.067813 0.859583 0.171878
0.267777 0.203824 1.875192 0.476110 -0.067758 0.859720 0.172077
0.268014 0.203479 1.875599 0.475809 -0.067723 0.859848 0.172284
0.268252 0.203127 1.875999 0.475517 -0.067704 0.859968 0.172496
0.268490 0.202771 1.876391 0.475235 -0.067702 0.860080 0.172715
0.268727 0.202411 1.876775 0.474961 -0.067713 0.860186 0.172939
0.268964 0.202047 1.877152 0.474695 -0.067737 0.860284 0.173168
0.269201 0.201681 1.877521 0.474438 -0.067773 0.860377 0.173400
0.269436 0.201314 1.877883 0.474188 -0.067820 0.860463 0.173636
0.269670 0.200945 1.878238 0.473945 -0.067876 0.860544 0.173875
0.269903 0.200576 1.878586 0.473710 -0.067940 0.860620 0.174116
0.270133 0.200207 1.878928 0.473481 -0.068012 0.860691 0.174358
0.270362 0.199839 1.879262 0.473259 -0.068091 0.860758 0.174602
0.270589 0.199472 1.879590 0.473042 -0.068175 0.860820 0.174847
0.270813 0.199107 1.879911 0.472832 -0.068265 0.860879 0.175092
0.271035 0.198743 1.880226 0.472627 -0.068360 0.860934 0.175337
0.271255 0.198382 1.880534 0.472428 -0.068459 0.860986 0.175582
0.271471 0.198024 1.880837 0.472234 -0.068561 0.861034 0.175826
0.271686 0.197668 1.881133 0.472045 -0.068667 0.861080 0.176069
0.271897 0.197316 1.881424 0.471860 -0.068775 0.861123 0.176311
0.272105 0.196967 1.881709 0.471680 -0.068884 0.861163 0.176552
0.272311 0.196621 1.881988 0.471505 -0.068996 0.861201 0.176791
0.272513 0.196280 1.882262 0.471333 -0.069110 0.861238 0.177028
0.272743 0.195998 1.882579 0.471128 -0.068976 0.861304 0.177304
0.272993 0.195751 1.882928 0.470896 -0.068738 0.861402 0.177534
0.273256 0.195521 1.883301 0.470644 -0.068456 0.861524 0.177719
0.273528 0.195296 1.883693 0.470379 -0.068161 0.861661 0.177871
0.273806 0.195071 1.884098 0.470104 -0.067870 0.861808 0.177999
0.274087 0.194840 1.884513 0.469823 -0.067595 0.861959 0.178112
0.274371 0.194600 1.884935 0.469539 -0.067340 0.862112 0.178215
0.274657 0.194350 1.885361 0.469252 -0.067110 0.862266 0.178314
0.274944 0.194088 1.885789 0.468965 -0.066904 0.862418 0.178412
0.275232 0.193815 1.886218 0.468678 -0.066723 0.862568 0.178512
0.275522 0.193530 1.886646 0.468391 -0.066567 0.862713 0.178616
0.275813 0.193234 1.887072 0.468107 -0.066434 0.862855 0.178727
0.276105 0.192926 1.887496 0.467825 -0.066324 0.862993 0.178844
0.276398 0.192607 1.887917 0.467545 -0.066235 0.863125 0.178969
0.276693 0.192277 1.888334 0.467268 -0.066166 0.863252 0.179104
0.276990 0.191937 1.888746 0.466995 -0.066117 0.863374 0.179248
0.277288 0.191588 1.889154 0.466725 -0.066086 0.863490 0.179402
0.277588 0.191228 1.889557 0.466458 -0.066072 0.863601 0.179566
0.277891 0.190860 1.889955 0.466196 -0.066075 0.863706 0.179741
0.278194 0.190484 1.890346 0.465940 -0.066095 0.863805 0.179925
0.278499 0.190100 1.890730 0.465692 -0.066132 0.863896 0.180117
0.278804 0.189709 1.891107 0.465452 -0.066184 0.863979 0.180317
0.279108 0.189312 1.891477 0.465220 -0.066251 0.864056 0.180524
0.279413 0.188911 1.891839 0.464997 -0.066331 0.864125 0.180737
0.279716 0.188505 1.892194 0.464782 -0.066424 0.864187 0.180957
0.280019 0.188097 1.892542 0.464575 -0.066527 0.864244 0.181182
0.280320 0.187686 1.892883 0.464376 -0.066640 0.864294 0.181412
0.280618 0.187273 1.893216 0.464184 -0.066763 0.864338 0.181646
0.280915 0.186860 1.893543 0.463999 -0.066893 0.864378 0.181883
0.281209 0.186446 1.893864 0.463820 -0.067030 0.864413 0.182122
0.281500 0.186033 1.894177 0.463648 -0.067173 0.864443 0.182364
0.281789 0.185621 1.894485 0.463481 -0.067322 0.864469 0.182608
0.282074 0.185210 1.894786 0.463320 -0.067475 0.864492 0.182853
0.282356 0.184800 1.895081 0.463165 -0.067632 0.864511 0.183098
0.282635 0.184394 1.895370 0.463014 -0.067793 0.864527 0.183344
0.282910 0.183989 1.895654 0.462868 -0.067956 0.864541 0.183589
0.283181 0.183588 1.895932 0.462726 -0.068122 0.864551 0.183834
0.283449 0.183190 1.896204 0.462589 -0.068289 0.864560 0.184078
0.283713 0.182796 1.896472 0.462455 -0.068458 0.864566 0.184320
0.283973 0.182406 1.896733 0.462326 -0.068628 0.864571 0.184562
0.284258 0.182080 1.897040 0.462156 -0.068575 0.864602 0.184858
0.284559 0.181795 1.897379 0.461952 -0.068420 0.864667 0.185120
0.284870 0.181534 1.897743 0.461722 -0.068215 0.864758 0.185345
0.285186 0.181286 1.898124 0.461473 -0.067988 0.864868 0.185538
0.285503 0.181043 1.898517 0.461209 -0.067755 0.864990 0.185707
0.285821 0.180801 1.898920 0.460936 -0.067527 0.865121 0.185860
0.286138 0.180557 1.899328 0.460655 -0.067310 0.865257 0.186002
0.286453 0.180308 1.899740 0.460368 -0.067106 0.865396 0.186137
0.286767 0.180053 1.900153 0.460079 -0.066918 0.865536 0.186269
0.287080 0.179790 1.900566 0.459787 -0.066747 0.865676 0.186401
0.287391 0.179521 1.900979 0.459495 -0.066592 0.865814 0.186535
0.287701 0.179243 1.901389 0.459203 -0.066454 0.865951 0.186672
0.288011 0.178958 1.901797 0.458911 -0.066331 0.866084 0.186814
0.288320 0.178664 1.902202 0.458621 -0.066225 0.866214 0.186963
0.288628 0.178363 1.902602 0.458334 -0.066135 0.866339 0.187117
0.288935 0.178054 1.902997 0.458053 -0.066062 0.866459 0.187275
0.289241 0.177739 1.903386 0.457779 -0.066006 0.866573 0.187439
0.289545 0.177417 1.903769 0.457512 -0.065965 0.866680 0.187608
0.289848 0.177090 1.904145 0.457253 -0.065938 0.866781 0.187782
0.290149 0.176759 1.904515 0.457001 -0.065925 0.866876 0.187959
0.290447 0.176425 1.904878 0.456758 -0.065924 0.866966 0.188141
0.290743 0.176087 1.905234 0.456521 -0.065935 0.867049 0.188326
0.291036 0.175747 1.905584 0.456292 -0.065956 0.867127 0.188515
0.291326 0.175405 1.905928 0.456070 -0.065986 0.867200 0.188706
0.291613 0.175062 1.906265 0.455855 -0.066024 0.867268 0.188899
0.291897 0.174719 1.906596 0.455646 -0.066071 0.867332 0.189094
0.292177 0.174375 1.906921 0.455443 -0.066124 0.867392 0.189291
0.292454 0.174033 1.907240 0.455246 -0.066183 0.867448 0.189488
0.292728 0.173691 1.907553 0.455054 -0.066248 0.867500 0.189687
0.292998 0.173350 1.907860 0.454868 -0.066317 0.867549 0.189885
0.293264 0.173011 1.908161 0.454687 -0.066391 0.867594 0.190084
0.293526 0.172675 1.908457 0.454511 -0.066469 0.867637 0.190282
0.293784 0.172340 1.908747 0.454339 -0.066550 0.867678 0.190480
0.294039 0.172009 1.909032 0.454172 -0.066633 0.867715 0.190676
0.294289 0.171680 1.909311 0.454009 -0.066720 0.867751 0.190873
0.294536 0.171354 1.909586 0.453850 -0.066808 0.867784 0.191067
0.294778 0.171032 1.909855 0.453696 -0.066898 0.867816 0.191261
0.295017 0.170713 1.910119 0.453544 -0.066989 0.867846 0.191452
0.295251 0.170398 1.910378 0.453397 -0.067081 0.867874 0.191643
0.295482 0.170086 1.910633 0.453252 -0.067175 0.867900 0.191831
0.295750 0.169832 1.910911 0.453069 -0.067096 0.867992 0.191875
0.296046 0.169609 1.911208 0.452864 -0.066907 0.868116 0.191863
0.296360 0.169399 1.911519 0.452649 -0.066658 0.868256 0.191827
0.296688 0.169192 1.911839 0.452427 -0.066384 0.868402 0.191781
0.297026 0.168979 1.912166 0.452203 -0.066106 0.868551 0.191733
0.297370 0.168758 1.912496 0.451977 -0.065834 0.868699 0.191690
0.297719 0.168524 1.912829 0.451753 -0.065578 0.868843 0.191654
0.298071 0.168278 1.913163 0.451530 -0.065342 0.868982 0.191629
0.298426 0.168017 1.913496 0.451309 -0.065126 0.869116 0.191615
0.298782 0.167743 1.913827 0.451091 -0.064933 0.869244 0.191614
0.299141 0.167454 1.914157 0.450877 -0.064762 0.869365 0.191626
0.299501 0.167151 1.914484 0.450666 -0.064612 0.869480 0.191653
0.299861 0.166835 1.914808 0.450458 -0.064484 0.869588 0.191694
0.300223 0.166506 1.915128 0.450256 -0.064378 0.869688 0.191748
0.300585 0.166166 1.915443 0.450060 -0.064293 0.869781 0.191814
0.300947 0.165813 1.915753 0.449873 -0.064229 0.869866 0.191892
0.301308 0.165452 1.916058 0.449693 -0.064185 0.869942 0.191981
0.301669 0.165081 1.916357 0.449522 -0.064160 0.870011 0.192079
0.302027 0.164702 1.916650 0.449359 -0.064152 0.870072 0.192187
0.302384 0.164317 1.916938 0.449204 -0.064161 0.870126 0.192303
0.302738 0.163926 1.917221 0.449057 -0.064184 0.870173 0.192426
0.303090 0.163530 1.917497 0.448917 -0.064221 0.870213 0.192557
0.303439 0.163130 1.917769 0.448784 -0.064270 0.870248 0.192693
0.303784 0.162727 1.918035 0.448658 -0.064331 0.870277 0.192835
0.304126 0.162322 1.918296 0.448537 -0.064401 0.870301 0.192982
0.304465 0.161916 1.918553 0.448423 -0.064481 0.870321 0.193133
0.304799 0.161509 1.918804 0.448314 -0.064569 0.870337 0.193288
0.305129 0.161102 1.919050 0.448209 -0.064665 0.870348 0.193445
0.305456 0.160695 1.919292 0.448109 -0.064767 0.870356 0.193605
0.305777 0.160289 1.919530 0.448014 -0.064875 0.870361 0.193767
0.306095 0.159884 1.919762 0.447923 -0.064988 0.870364 0.193931
0.306408 0.159482 1.919991 0.447835 -0.065105 0.870363 0.194095
0.306716 0.159081 1.920215 0.447751 -0.065226 0.870361 0.194261
0.307020 0.158684 1.920436 0.447670 -0.065351 0.870356 0.194427
0.307319 0.158289 1.920652 0.447592 -0.065479 0.870349 0.194593
0.307613 0.157898 1.920864 0.447517 -0.065609 0.870341 0.194758
0.307902 0.157510 1.921072 0.447445 -0.065741 0.870331 0.194924
0.308187 0.157126 1.921277 0.447375 -0.065874 0.870320 0.195088
0.308467 0.156746 1.921478 0.447307 -0.066009 0.870308 0.195252
0.308742 0.156370 1.921675 0.447241 -0.066144 0.870295 0.195415
0.309072 0.156056 1.921906 0.447160 -0.066193 0.870333 0.195416
0.309437 0.155775 1.922161 0.447069 -0.066155 0.870389 0.195387
0.309824 0.155510 1.922434 0.446970 -0.066065 0.870455 0.195347
0.310224 0.155253 1.922720 0.446865 -0.065949 0.870528 0.195302
0.310633 0.154993 1.923014 0.446754 -0.065825 0.870605 0.195257
0.311047 0.154729 1.923314 0.446639 -0.065704 0.870682 0.195216
0.311462 0.154455 1.923616 0.446522 -0.065591 0.870759 0.195181
0.311879 0.154172 1.923921 0.446403 -0.065492 0.870833 0.195154
0.312295 0.153878 1.924225 0.446285 -0.065410 0.870904 0.195136
0.312710 0.153572 1.924527 0.446170 -0.065346 0.870970 0.195126
0.313122 0.153257 1.924827 0.446060 -0.065301 0.871030 0.195125
0.313531 0.152932 1.925123 0.445954 -0.065275 0.871084 0.195132
0.313937 0.152597 1.925416 0.445853 -0.065266 0.871133 0.195148
0.314340 0.152255 1.925704 0.445758 -0.065273 0.871176 0.195171
0.314738 0.151906 1.925989 0.445667 -0.065297 0.871213 0.195203
0.315132 0.151551 1.926269 0.445582 -0.065334 0.871246 0.195241
0.315521 0.151190 1.926545 0.445502 -0.065385 0.871273 0.195286
0.315906 0.150825 1.926817 0.445426 -0.065448 0.871296 0.195337
0.316286 0.150457 1.927085 0.445354 -0.065521 0.871314 0.195394
0.316660 0.150085 1.927348 0.445286 -0.065604 0.871329 0.195455
0.317030 0.149712 1.927607 0.445222 -0.065696 0.871340 0.195521
0.317394 0.149338 1.927862 0.445161 -0.065796 0.871347 0.195591
0.317752 0.148962 1.928113 0.445104 -0.065904 0.871352 0.195664
0.318106 0.148587 1.928360 0.445049 -0.066017 0.871354 0.195741
0.318453 0.148212 1.928602 0.444998 -0.066136 0.871354 0.195820
0.318796 0.147838 1.928841 0.444948 -0.066259 0.871351 0.195902
0.319132 0.147465 1.929076 0.444901 -0.066387 0.871347 0.195986
0.319464 0.147094 1.929307 0.444856 -0.066519 0.871341 0.196071
0.319789 0.146725 1.929534 0.444813 -0.066653 0.871333 0.196158
0.320109 0.146358 1.929757 0.444772 -0.066790 0.871324 0.196246
0.320424 0.145995 1.929977 0.444732 -0.066929 0.871313 0.196335
0.320733 0.145634 1.930193 0.444694 -0.067070 0.871302 0.196424
0.321036 0.145277 1.930406 0.444657 -0.067212 0.871289 0.196514
0.321334 0.144923 1.930615 0.444621 -0.067355 0.871276 0.196604
0.321627 0.144573 1.930820 0.444587 -0.067498 0.871262 0.196694
0.321914 0.144227 1.931022 0.444553 -0.067642 0.871248 0.196784
0.322196 0.143885 1.931221 0.444521 -0.067785 0.871233 0.196874
0.322473 0.143547 1.931417 0.444489 -0.067928 0.871218 0.196963
0.322744 0.143214 1.931609 0.444458 -0.068071 0.871203 0.197052
0.323011 0.142885 1.931798 0.444428 -0.068213 0.871187 0.197140
0.323340 0.142616 1.932001 0.444375 -0.068315 0.871250 0.196946
0.323711 0.142380 1.932213 0.444315 -0.068319 0.871329 0.196728
0.324111 0.142160 1.932428 0.444253 -0.068255 0.871412 0.196521
0.324531 0.141947 1.932643 0.444192 -0.068152 0.871495 0.196330
0.324966 0.141732 1.932854 0.444136 -0.068030 0.871572 0.196158
0.325411 0.141514 1.933060 0.444086 -0.067902 0.871642 0.196004
0.325863 0.141289 1.933259 0.444044 -0.067774 0.871704 0.195869
0.326319 0.141056 1.933451 0.444010 -0.067653 0.871756 0.195753
0.326777 0.140814 1.933637 0.443985 -0.067540 0.871800 0.195655
0.327236 0.140565 1.933815 0.443969 -0.067437 0.871834 0.195575
0.327696 0.140308 1.933987 0.443961 -0.067345 0.871859 0.195511
0.328154 0.140044 1.934152 0.443961 -0.067264 0.871877 0.195462
0.328610 0.139774 1.934312 0.443968 -0.067195 0.871886 0.195427
0.329063 0.139498 1.934465 0.443981 -0.067135 0.871889 0.195405
0.329513 0.139216 1.934613 0.444000 -0.067085 0.871886 0.195394
0.329959 0.138930 1.934757 0.444025 -0.067046 0.871876 0.195395
0.330401 0.138641 1.934895 0.444054 -0.067015 0.871861 0.195405
0.330839 0.138348 1.935029 0.444087 -0.066992 0.871842 0.195423
0.331272 0.138053 1.935160 0.444124 -0.066977 0.871818 0.195450
0.331699 0.137756 1.935286 0.444164 -0.066970 0.871791 0.195483
0.332122 0.137457 1.935409 0.444207 -0.066969 0.871760 0.195522
0.332538 0.137158 1.935529 0.444252 -0.066974 0.871727 0.195567
0.332949 0.136858 1.935646 0.444300 -0.066985 0.871691 0.195617
0.333354 0.136558 1.935760 0.444349 -0.067002 0.871652 0.195671
0.333753 0.136258 1.935871 0.444399 -0.067023 0.871612 0.195728
0.334146 0.135960 1.935980 0.444450 -0.067048 0.871571 0.195789
0.334533 0.135663 1.936086 0.444502 -0.067078 0.871528 0.195852
0.334914 0.135367 1.936190 0.444555 -0.067111 0.871483 0.195918
0.335288 0.135072 1.936293 0.444608 -0.067147 0.871438 0.195986
0.335656 0.134780 1.936393 0.444661 -0.067186 0.871393 0.196055
0.336018 0.134490 1.936491 0.444714 -0.067228 0.871346 0.196125
0.336374 0.134203 1.936588 0.444768 -0.067271 0.871300 0.196197
0.336723 0.133918 1.936682 0.444820 -0.067317 0.871253 0.196269
0.337066 0.133637 1.936776 0.444873 -0.067365 0.871206 0.196342
0.337403 0.133358 1.936867 0.444925 -0.067414 0.871159 0.196415
0.337734 0.133082 1.936958 0.444976 -0.067464 0.871113 0.196488
0.338059 0.132810 1.937046 0.445027 -0.067516 0.871066 0.196561
0.338378 0.132541 1.937134 0.445077 -0.067568 0.871020 0.196633
0.338691 0.132276 1.937219 0.445127 -0.067621 0.870975 0.196706
0.338997 0.132014 1.937304 0.445175 -0.067674 0.870929 0.196777
0.339366 0.131801 1.937425 0.445195 -0.067716 0.870949 0.196630
0.339771 0.131613 1.937571 0.445198 -0.067697 0.870988 0.196459
0.340200 0.131435 1.937733 0.445187 -0.067636 0.871036 0.196290
0.340645 0.131258 1.937904 0.445167 -0.067555 0.871090 0.196127
0.341099 0.131076 1.938082 0.445140 -0.067466 0.871144 0.195975
0.341559 0.130884 1.938262 0.445109 -0.067378 0.871198 0.195836
0.342024 0.130682 1.938442 0.445077 -0.067297 0.871249 0.195713
0.342489 0.130466 1.938622 0.445044 -0.067225 0.871295 0.195605
0.342955 0.130238 1.938799 0.445014 -0.067168 0.871336 0.195513
0.343421 0.129998 1.938974 0.444988 -0.067125 0.871370 0.195435
0.343884 0.129745 1.939144 0.444967 -0.067098 0.871397 0.195372
0.344345 0.129482 1.939311 0.444951 -0.067086 0.871417 0.195323
0.344802 0.129208 1.939475 0.444940 -0.067089 0.871430 0.195287
0.345256 0.128924 1.939634 0.444935 -0.067105 0.871437 0.195264
0.345706 0.128633 1.939790 0.444934 -0.067135 0.871438 0.195252
0.346151 0.128334 1.939942 0.444938 -0.067176 0.871433 0.195250
0.346592 0.128029 1.940091 0.444945 -0.067229 0.871423 0.195259
0.347027 0.127718 1.940237 0.444957 -0.067291 0.871408 0.195276
0.347457 0.127402 1.940380 0.444972 -0.067363 0.871390 0.195301
0.347882 0.127083 1.940519 0.444989 -0.067443 0.871367 0.195333
0.348301 0.126760 1.940656 0.445009 -0.067531 0.871341 0.195373
0.348714 0.126435 1.940790 0.445032 -0.067626 0.871312 0.195417
0.349121 0.126108 1.940922 0.445056 -0.067726 0.871281 0.195468
0.349522 0.125780 1.941051 0.445082 -0.067833 0.871247 0.195523
0.349917 0.125452 1.941178 0.445109 -0.067943 0.871211 0.195582
0.350305 0.125123 1.941302 0.445138 -0.068058 0.871174 0.195645
0.350688 0.124794 1.941425 0.445167 -0.068177 0.871135 0.195711
0.351064 0.124466 1.941545 0.445197 -0.068299 0.871094 0.195779
0.351434 0.124139 1.941663 0.445228 -0.068423 0.871053 0.195850
0.351797 0.123814 1.941780 0.445259 -0.068550 0.871011 0.195924
0.352154 0.123491 1.941894 0.445290 -0.068678 0.870968 0.195998
0.352505 0.123170 1.942007 0.445321 -0.068807 0.870925 0.196075
0.352850 0.122851 1.942118 0.445352 -0.068938 0.870881 0.196152
0.353189 0.122535 1.942227 0.445383 -0.069069 0.870837 0.196230
0.353521 0.122222 1.942335 0.445414 -0.069201 0.870793 0.196309
0.353847 0.121912 1.942441 0.445444 -0.069333 0.870749 0.196389
0.354168 0.121606 1.942545 0.445474 -0.069464 0.870705 0.196468
0.354482 0.121303 1.942648 0.445504 -0.069595 0.870662 0.196548
0.354790 0.121003 1.942749 0.445533 -0.069726 0.870619 0.196627
0.355093 0.120708 1.942849 0.445561 -0.069856 0.870576 0.196706
0.355467 0.120452 1.942963 0.445576 -0.070064 0.870623 0.196388
0.355887 0.120216 1.943084 0.445593 -0.070233 0.870686 0.196009
0.356339 0.119986 1.943207 0.445615 -0.070366 0.870750 0.195630
0.356814 0.119755 1.943328 0.445643 -0.070477 0.870807 0.195268
0.357303 0.119517 1.943445 0.445680 -0.070577 0.870857 0.194927
0.357803 0.119271 1.943555 0.445726 -0.070674 0.870896 0.194611
0.358310 0.119014 1.943659 0.445781 -0.070773 0.870925 0.194320
0.358820 0.118747 1.943755 0.445845 -0.070877 0.870943 0.194055
0.359333 0.118469 1.943844 0.445918 -0.070987 0.870950 0.193814
0.359847 0.118181 1.943926 0.445999 -0.071105 0.870947 0.193596
0.360359 0.117884 1.944001 0.446088 -0.071230 0.870935 0.193400
0.360870 0.117579 1.944071 0.446184 -0.071362 0.870914 0.193225
0.361378 0.117266 1.944135 0.446285 -0.071501 0.870886 0.193068
0.361883 0.116946 1.944194 0.446392 -0.071648 0.870849 0.192929
0.362384 0.116620 1.944248 0.446504 -0.071800 0.870807 0.192806
0.362880 0.116290 1.944299 0.446620 -0.071958 0.870758 0.192698
0.363372 0.115955 1.944345 0.446739 -0.072121 0.870705 0.192604
0.363858 0.115616 1.944389 0.446861 -0.072289 0.870646 0.192522
0.364338 0.115275 1.944429 0.446984 -0.072460 0.870584 0.192451
0.364813 0.114932 1.944467 0.447110 -0.072635 0.870519 0.192390
0.365281 0.114587 1.944502 0.447237 -0.072814 0.870450 0.192339
0.365743 0.114242 1.944536 0.447364 -0.072994 0.870379 0.192297
0.366199 0.113896 1.944567 0.447492 -0.073177 0.870305 0.192262
0.366648 0.113550 1.944597 0.447620 -0.073362 0.870230 0.192234
0.367090 0.113205 1.944625 0.447748 -0.073548 0.870153 0.192212
0.367525 0.112861 1.944653 0.447875 -0.073734 0.870076 0.192196
0.367953 0.112518 1.944679 0.448002 -0.073921 0.869997 0.192186
0.368374 0.112178 1.944704 0.448127 -0.074109 0.869918 0.192179
0.368788 0.111839 1.944728 0.448251 -0.074296 0.869838 0.192177
0.369195 0.111503 1.944752 0.448375 -0.074483 0.869759 0.192179
0.369596 0.111169 1.944775 0.448496 -0.074669 0.869679 0.192184
0.369989 0.110839 1.944797 0.448616 -0.074854 0.869599 0.192191
0.370375 0.110511 1.944819 0.448734 -0.075038 0.869520 0.192202
0.370754 0.110187 1.944841 0.448851 -0.075221 0.869441 0.192214
0.371126 0.109867 1.944862 0.448966 -0.075402 0.869363 0.192228
0.371491 0.109551 1.944883 0.449078 -0.075581 0.869286 0.192245
0.371850 0.109238 1.944904 0.449189 -0.075759 0.869210 0.192262
0.372202 0.108929 1.944924 0.449297 -0.075935 0.869134 0.192281
0.372547 0.108625 1.944945 0.449404 -0.076108 0.869059 0.192301
0.372885 0.108325 1.944965 0.449508 -0.076279 0.868986 0.192322
0.373305 0.108081 1.945003 0.449600 -0.076485 0.868989 0.192012
0.373774 0.107869 1.945050 0.449691 -0.076617 0.869004 0.191678
0.374276 0.107673 1.945099 0.449784 -0.076688 0.869020 0.191358
0.374801 0.107485 1.945144 0.449882 -0.076722 0.869032 0.191057
0.375339 0.107299 1.945183 0.449985 -0.076732 0.869039 0.190777
0.375887 0.107111 1.945215 0.450096 -0.076729 0.869039 0.190519
0.376441 0.106920 1.945237 0.450214 -0.076718 0.869030 0.190282
0.376998 0.106723 1.945252 0.450340 -0.076705 0.869013 0.190068
0.377556 0.106522 1.945258 0.450474 -0.076690 0.868988 0.189874
0.378113 0.106316 1.945257 0.450615 -0.076677 0.868954 0.189701
0.378669 0.106105 1.945248 0.450762 -0.076665 0.868912 0.189546
0.379222 0.105890 1.945233 0.450915 -0.076656 0.868863 0.189409
0.379772 0.105670 1.945212 0.451073 -0.076650 0.868808 0.189289
0.380317 0.105447 1.945186 0.451235 -0.076647 0.868747 0.189183
0.380857 0.105220 1.945156 0.451401 -0.076647 0.868681 0.189092
0.381392 0.104991 1.945121 0.451570 -0.076651 0.868610 0.189012
0.381921 0.104760 1.945083 0.451741 -0.076657 0.868535 0.188945
0.382444 0.104527 1.945043 0.451914 -0.076666 0.868457 0.188887
0.382961 0.104293 1.944999 0.452088 -0.076678 0.868376 0.188839
0.383471 0.104058 1.944954 0.452262 -0.076692 0.868293 0.188800
0.383974 0.103823 1.944907 0.452437 -0.076708 0.868207 0.188768
0.384470 0.103587 1.944859 0.452612 -0.076727 0.868120 0.188743
0.384959 0.103352 1.944809 0.452786 -0.076748 0.868031 0.188725
0.385440 0.103117 1.944759 0.452959 -0.076770 0.867942 0.188712
0.385914 0.102883 1.944708 0.453131 -0.076794 0.867851 0.188704
0.386380 0.102650 1.944657 0.453301 -0.076820 0.867761 0.188700
0.386839 0.102418 1.944606 0.453470 -0.076847 0.867670 0.188700
0.387290 0.102188 1.944555 0.453637 -0.076874 0.867580 0.188704
0.387734 0.101960 1.944504 0.453802 -0.076903 0.867489 0.188711
0.388169 0.101734 1.944454 0.453965 -0.076933 0.867399 0.188720
0.388598 0.101509 1.944403 0.454126 -0.076964 0.867310 0.188732
0.389019 0.101287 1.944354 0.454284 -0.076994 0.867222 0.188746
0.389432 0.101068 1.944305 0.454439 -0.077026 0.867134 0.188761
0.389837 0.100851 1.944257 0.454593 -0.077057 0.867047 0.188778
0.390236 0.100636 1.944209 0.454743 -0.077089 0.866961 0.188797
0.390627 0.100425 1.944162 0.454891 -0.077121 0.866877 0.188816
0.391010 0.100216 1.944117 0.455036 -0.077153 0.866793 0.188836
0.391387 0.100010 1.944072 0.455178 -0.077185 0.866711 0.188857
0.391756 0.099807 1.944028 0.455318 -0.077217 0.866630 0.188879
0.392119 0.099607 1.943985 0.455454 -0.077249 0.866551 0.188901
0.392543 0.099437 1.943962 0.455569 -0.077357 0.866556 0.188559
0.393006 0.099276 1.943952 0.455678 -0.077434 0.866577 0.188163
0.393491 0.099113 1.943950 0.455787 -0.077484 0.866602 0.187767
0.393991 0.098942 1.943950 0.455897 -0.077523 0.866624 0.187382
0.394499 0.098760 1.943951 0.456009 -0.077561 0.866640 0.187016
0.395011 0.098565 1.943950 0.456124 -0.077603 0.866650 0.186671
0.395526 0.098355 1.943947 0.456244 -0.077655 0.866652 0.186347
0.396040 0.098132 1.943942 0.456368 -0.077717 0.866646 0.186046
0.396552 0.097895 1.943934 0.456495 -0.077790 0.866632 0.185767
0.397061 0.097645 1.943924 0.456626 -0.077875 0.866611 0.185509
0.397567 0.097384 1.943911 0.456761 -0.077972 0.866582 0.185271
0.398068 0.097113 1.943895 0.456899 -0.078079 0.866546 0.185052
0.398564 0.096832 1.943878 0.457039 -0.078197 0.866505 0.184851
0.399055 0.096542 1.943859 0.457181 -0.078324 0.866458 0.184667
0.399541 0.096245 1.943839 0.457325 -0.078460 0.866406 0.184498
0.400020 0.095941 1.943818 0.457470 -0.078604 0.866349 0.184343
0.400494 0.095631 1.943796 0.457615 -0.078755 0.866288 0.184202
0.400961 0.095316 1.943773 0.457761 -0.078913 0.866224 0.184073
0.401421 0.094998 1.943750 0.457907 -0.079076 0.866157 0.183955
0.401875 0.094675 1.943726 0.458053 -0.079245 0.866088 0.183848
0.402321 0.094350 1.943702 0.458198 -0.079418 0.866016 0.183751
0.402761 0.094023 1.943678 0.458342 -0.079595 0.865942 0.183662
0.403194 0.093695 1.943655 0.458485 -0.079775 0.865867 0.183582
0.403620 0.093366 1.943631 0.458626 -0.079958 0.865790 0.183509
0.404039 0.093036 1.943608 0.458766 -0.080143 0.865713 0.183443
0.404450 0.092706 1.943585 0.458905 -0.080330 0.865635 0.183383
0.404855 0.092377 1.943563 0.459041 -0.080518 0.865557 0.183329
0.405253 0.092049 1.943541 0.459176 -0.080708 0.865478 0.183281
0.405643 0.091722 1.943520 0.459309 -0.080898 0.865399 0.183237
0.406027 0.091397 1.943500 0.459439 -0.081088 0.865320 0.183198
0.406403 0.091074 1.943480 0.459567 -0.081278 0.865242 0.183163
0.406773 0.090753 1.943461 0.459694 -0.081468 0.865163 0.183132
0.407135 0.090435 1.943443 0.459817 -0.081657 0.865086 0.183104
0.407491 0.090119 1.943425 0.459939 -0.081845 0.865009 0.183079
0.407840 0.089807 1.943408 0.460058 -0.082032 0.864932 0.183056
0.408183 0.089497 1.943392 0.460174 -0.082217 0.864857 0.183037
0.408519 0.089192 1.943377 0.460288 -0.082401 0.864782 0.183019
0.408848 0.088889 1.943362 0.460400 -0.082583 0.864709 0.183004
0.409172 0.088591 1.943348 0.460510 -0.082764 0.864636 0.182990
0.409488 0.088296 1.943335 0.460617 -0.082942 0.864565 0.182978
0.409850 0.088035 1.943323 0.460704 -0.083202 0.864565 0.182639
0.410240 0.087795 1.943309 0.460790 -0.083431 0.864579 0.182252
0.410648 0.087569 1.943290 0.460880 -0.083624 0.864594 0.181863
0.411068 0.087350 1.943263 0.460976 -0.083791 0.864606 0.181486
0.411495 0.087137 1.943228 0.461078 -0.083939 0.864613 0.181124
0.411927 0.086926 1.943184 0.461187 -0.084072 0.864614 0.180779
0.412361 0.086719 1.943133 0.461303 -0.084193 0.864609 0.180453
0.412797 0.086512 1.943073 0.461425 -0.084305 0.864597 0.180146
0.413232 0.086308 1.943006 0.461553 -0.084409 0.864578 0.179856
0.413666 0.086104 1.942933 0.461688 -0.084507 0.864554 0.179583
0.414098 0.085902 1.942854 0.461827 -0.084600 0.864524 0.179327
0.414528 0.085701 1.942769 0.461970 -0.084687 0.864488 0.179085
0.414954 0.085501 1.942680 0.462117 -0.084771 0.864449 0.178858
0.415377 0.085303 1.942587 0.462267 -0.084850 0.864405 0.178644
0.415795 0.085107 1.942491 0.462420 -0.084925 0.864358 0.178442
0.416210 0.084912 1.942392 0.462574 -0.084997 0.864307 0.178252
0.416619 0.084720 1.942290 0.462731 -0.085066 0.864254 0.178072
0.417024 0.084529 1.942187 0.462888 -0.085132 0.864198 0.177902
0.417424 0.084341 1.942082 0.463045 -0.085196 0.864141 0.177741
0.417819 0.084155 1.941977 0.463203 -0.085256 0.864081 0.177588
0.418208 0.083972 1.941870 0.463361 -0.085314 0.864021 0.177442
0.418591 0.083790 1.941763 0.463518 -0.085370 0.863959 0.177304
0.418969 0.083612 1.941656 0.463675 -0.085424 0.863897 0.177173
0.419341 0.083436 1.941548 0.463831 -0.085475 0.863834 0.177047
0.419708 0.083263 1.941441 0.463985 -0.085524 0.863771 0.176927
0.420068 0.083092 1.941335 0.464138 -0.085571 0.863707 0.176813
0.420423 0.082925 1.941229 0.464290 -0.085616 0.863644 0.176703
0.420772 0.082760 1.941124 0.464440 -0.085660 0.863581 0.176597
0.421115 0.082598 1.941020 0.464588 -0.085701 0.863517 0.176496
0.421453 0.082438 1.940917 0.464734 -0.085741 0.863455 0.176399
0.421784 0.082282 1.940815 0.464878 -0.085780 0.863392 0.176305
0.422110 0.082129 1.940714 0.465021 -0.085816 0.863331 0.176215
0.422429 0.081978 1.940615 0.465161 -0.085851 0.863270 0.176128
0.422744 0.081830 1.940516 0.465298 -0.085884 0.863209 0.176044
0.423052 0.081686 1.940420 0.465434 -0.085916 0.863150 0.175962
0.423355 0.081544 1.940325 0.465567 -0.085947 0.863091 0.175883
0.423652 0.081405 1.940231 0.465698 -0.085976 0.863033 0.175806
0.423944 0.081269 1.940139 0.465826 -0.086003 0.862976 0.175732
0.424230 0.081136 1.940048 0.465952 -0.086029 0.862920 0.175660
0.424511 0.081005 1.939959 0.466076 -0.086054 0.862865 0.175589
0.424833 0.080892 1.939878 0.466194 -0.086094 0.862844 0.175361
0.425180 0.080783 1.939800 0.466312 -0.086102 0.862828 0.175120
0.425542 0.080673 1.939722 0.466433 -0.086089 0.862811 0.174889
0.425914 0.080558 1.939643 0.466556 -0.086066 0.862791 0.174671
0.426291 0.080434 1.939560 0.466684 -0.086039 0.862765 0.174470
0.426672 0.080303 1.939474 0.466815 -0.086014 0.862734 0.174285
0.427055 0.080162 1.939384 0.466950 -0.085993 0.862697 0.174116
0.427437 0.080012 1.939291 0.467089 -0.085977 0.862654 0.173965
0.427819 0.079854 1.939194 0.467231 -0.085968 0.862605 0.173829
0.428199 0.079689 1.939095 0.467376 -0.085966 0.862551 0.173709
0.428577 0.079516 1.938994 0.467525 -0.085970 0.862492 0.173603
0.428952 0.079337 1.938890 0.467675 -0.085981 0.862428 0.173511
0.429324 0.079152 1.938785 0.467827 -0.085997 0.862359 0.173431
0.429693 0.078962 1.938678 0.467981 -0.086020 0.862288 0.173362
0.430058 0.078767 1.938571 0.468136 -0.086048 0.862212 0.173304
0.430419 0.078568 1.938463 0.468291 -0.086081 0.862135 0.173255
0.430775 0.078366 1.938355 0.468447 -0.086118 0.862054 0.173216
0.431127 0.078161 1.938247 0.468602 -0.086160 0.861972 0.173184
0.431475 0.077954 1.938140 0.468757 -0.086206 0.861888 0.173160
0.431817 0.077744 1.938032 0.468911 -0.086255 0.861803 0.173142
0.432155 0.077533 1.937926 0.469065 -0.086308 0.861716 0.173130
0.432488 0.077321 1.937820 0.469217 -0.086364 0.861629 0.173124
0.432816 0.077109 1.937715 0.469367 -0.086422 0.861542 0.173123
0.433138 0.076896 1.937612 0.469517 -0.086482 0.861454 0.173126
0.433456 0.076682 1.937509 0.469664 -0.086544 0.861366 0.173133
0.433769 0.076470 1.937408 0.469810 -0.086608 0.861278 0.173144
0.434076 0.076257 1.937309 0.469953 -0.086674 0.861190 0.173157
0.434378 0.076046 1.937211 0.470095 -0.086741 0.861103 0.173174
0.434675 0.075835 1.937114 0.470234 -0.086809 0.861016 0.173193
0.434967 0.075626 1.937019 0.470372 -0.086878 0.860930 0.173214
0.435253 0.075418 1.936926 0.470507 -0.086948 0.860844 0.173237
0.435535 0.075211 1.936834 0.470639 -0.087018 0.860760 0.173262
0.435811 0.075007 1.936744 0.470770 -0.087089 0.860676 0.173288
0.436082 0.074804 1.936656 0.470898 -0.087159 0.860593 0.173315
0.436349 0.074604 1.936570 0.471023 -0.087230 0.860512 0.173343
0.436610 0.074405 1.936486 0.471146 -0.087301 0.860431 0.173372
0.436867 0.074209 1.936403 0.471267 -0.087371 0.860352 0.173402
0.437118 0.074015 1.936322 0.471385 -0.087441 0.860274 0.173432
0.437365 0.073824 1.936242 0.471501 -0.087511 0.860197 0.173463
0.437608 0.073635 1.936165 0.471615 -0.087580 0.860122 0.173494
0.437881 0.073468 1.936088 0.471720 -0.087664 0.860097 0.173285
0.438174 0.073310 1.936012 0.471828 -0.087714 0.860086 0.173020
0.438479 0.073154 1.935934 0.471940 -0.087739 0.860078 0.172743
0.438791 0.072996 1.935855 0.472056 -0.087751 0.860068 0.172468
0.439107 0.072835 1.935773 0.472176 -0.087756 0.860055 0.172203
0.439425 0.072669 1.935689 0.472299 -0.087759 0.860038 0.171951
0.439743 0.072497 1.935602 0.472424 -0.087765 0.860016 0.171713
0.440060 0.072319 1.935513 0.472552 -0.087773 0.859989 0.171489
0.440376 0.072137 1.935423 0.472683 -0.087786 0.859958 0.171279
0.440690 0.071949 1.935331 0.472815 -0.087804 0.859923 0.171083
0.440994 0.071777 1.935237 0.472937 -0.087773 0.859903 0.170860
0.441291 0.071614 1.935143 0.473055 -0.087713 0.859890 0.170630
0.441583 0.071459 1.935049 0.473170 -0.087639 0.859879 0.170403
0.441871 0.071307 1.934955 0.473284 -0.087561 0.859868 0.170184
0.442155 0.071156 1.934861 0.473400 -0.087487 0.859853 0.169975
0.442435 0.071005 1.934767 0.473516 -0.087420 0.859835 0.169778
0.442713 0.070853 1.934674 0.473634 -0.087362 0.859812 0.169594
0.442987 0.070700 1.934581 0.473752 -0.087315 0.859785 0.169423
0.443261 0.070537 1.934489 0.473876 -0.087300 0.859748 0.169277
0.443534 0.070367 1.934398 0.474002 -0.087307 0.859703 0.169147
0.443803 0.070191 1.934307 0.474129 -0.087330 0.859654 0.169030
0.444070 0.070012 1.934217 0.474256 -0.087363 0.859601 0.168924
0.444333 0.069829 1.934128 0.474383 -0.087405 0.859545 0.168827
0.444593 0.069644 1.934039 0.474510 -0.087453 0.859488 0.168738
0.444849 0.069457 1.933952 0.474636 -0.087507 0.859429 0.168656
0.445101 0.069268 1.933865 0.474761 -0.087564 0.859369 0.168580
0.445345 0.069091 1.933780 0.474878 -0.087589 0.859320 0.168490
0.445583 0.068922 1.933697 0.474990 -0.087596 0.859276 0.168394
0.445816 0.068760 1.933615 0.475100 -0.087592 0.859235 0.168296
0.446045 0.068601 1.933534 0.475207 -0.087586 0.859195 0.168201
0.446269 0.068446 1.933455 0.475312 -0.087579 0.859156 0.168108
0.446491 0.068285 1.933378 0.475419 -0.087598 0.859109 0.168032
0.446711 0.068121 1.933302 0.475527 -0.087634 0.859059 0.167967
0.446924 0.067963 1.933229 0.475627 -0.087655 0.859016 0.167889
0.447132 0.067812 1.933157 0.475722 -0.087667 0.858979 0.167805
0.447334 0.067665 1.933088 0.475813 -0.087675 0.858944 0.167719
0.447515 0.067507 1.933034 0.475876 -0.087730 0.858922 0.167624
0.447679 0.067341 1.932994 0.475917 -0.087817 0.858910 0.167523
0.447826 0.067170 1.932966 0.475940 -0.087927 0.858907 0.167418
0.447960 0.066996 1.932948 0.475949 -0.088050 0.858911 0.167310
0.448113 0.066809 1.932949 0.475935 -0.088160 0.858929 0.167195
0.448279 0.066613 1.932962 0.475904 -0.088252 0.858962 0.167064
0.448454 0.066408 1.932982 0.475862 -0.088330 0.859006 0.166916
0.448638 0.066194 1.933007 0.475811 -0.088398 0.859060 0.166752
0.448827 0.065974 1.933033 0.475755 -0.088459 0.859119 0.166572
0.449021 0.065747 1.933059 0.475695 -0.088515 0.859183 0.166382
0.449220 0.065514 1.933084 0.475634 -0.088566 0.859249 0.166189
0.449424 0.065277 1.933106 0.475575 -0.088616 0.859316 0.165984
0.449634 0.065036 1.933123 0.475520 -0.088662 0.859381 0.165782
0.449848 0.064790 1.933135 0.475473 -0.088701 0.859440 0.165593
0.450067 0.064541 1.933142 0.475434 -0.088736 0.859491 0.165420
0.450288 0.064287 1.933143 0.475403 -0.088770 0.859535 0.165262
0.450512 0.064029 1.933139 0.475378 -0.088805 0.859572 0.165120
0.450737 0.063766 1.933130 0.475361 -0.088843 0.859602 0.164993
0.450978 0.063485 1.933110 0.475374 -0.088924 0.859600 0.164924
0.451234 0.063198 1.933074 0.475422 -0.089004 0.859570 0.164899
0.451496 0.062918 1.933023 0.475487 -0.089043 0.859533 0.164886
0.451762 0.062644 1.932961 0.475566 -0.089059 0.859487 0.164886
0.452036 0.062359 1.932889 0.475664 -0.089097 0.859423 0.164921
0.452315 0.062068 1.932807 0.475774 -0.089149 0.859345 0.164979
0.452597 0.061772 1.932718 0.475895 -0.089212 0.859256 0.165057
0.452876 0.061485 1.932622 0.476018 -0.089241 0.859171 0.165129
0.453153 0.061204 1.932521 0.476144 -0.089252 0.859086 0.165201
0.453434 0.060917 1.932414 0.476279 -0.089288 0.858990 0.165296
0.453715 0.060624 1.932304 0.476421 -0.089340 0.858884 0.165407
0.453992 0.060341 1.932189 0.476561 -0.089367 0.858784 0.165510
0.454270 0.060052 1.932072 0.476708 -0.089413 0.858675 0.165629
0.454547 0.059760 1.931953 0.476858 -0.089473 0.858560 0.165761
0.454819 0.059480 1.931832 0.477005 -0.089505 0.858451 0.165880
0.455087 0.059207 1.931709 0.477151 -0.089521 0.858347 0.165995
0.455354 0.058930 1.931586 0.477301 -0.089560 0.858234 0.166125
0.455621 0.058649 1.931461 0.477454 -0.089616 0.858116 0.166266
0.455885 0.058367 1.931336 0.477608 -0.089682 0.857994 0.166414
0.456141 0.058099 1.931213 0.477753 -0.089717 0.857886 0.166539
0.456373 0.057830 1.931108 0.477860 -0.089780 0.857802 0.166627
0.456585 0.057560 1.931022 0.477936 -0.089865 0.857738 0.166693
0.456781 0.057291 1.930951 0.477989 -0.089966 0.857689 0.166740
0.456963 0.057024 1.930893 0.478023 -0.090078 0.857652 0.166770
0.457128 0.056758 1.930846 0.478040 -0.090199 0.857626 0.166790
0.457279 0.056491 1.930810 0.478045 -0.090329 0.857608 0.166801
0.457420 0.056206 1.930784 0.478038 -0.090421 0.857612 0.166751
0.457552 0.055903 1.930767 0.478023 -0.090483 0.857629 0.166671
0.457675 0.055583 1.930757 0.478000 -0.090523 0.857656 0.166578
0.457790 0.055247 1.930754 0.477969 -0.090550 0.857690 0.166476
0.457896 0.054895 1.930757 0.477933 -0.090570 0.857728 0.166376
0.457996 0.054527 1.930765 0.477891 -0.090590 0.857767 0.166281
0.458090 0.054146 1.930778 0.477845 -0.090613 0.857807 0.166193
0.458178 0.053751 1.930795 0.477795 -0.090644 0.857847 0.166114
0.458262 0.053344 1.930816 0.477742 -0.090686 0.857886 0.166045
0.458342 0.052926 1.930841 0.477686 -0.090740 0.857923 0.165984
0.458418 0.052497 1.930869 0.477628 -0.090807 0.857958 0.165933
0.458490 0.052058 1.930899 0.477568 -0.090888 0.857991 0.165890
0.458560 0.051610 1.930933 0.477506 -0.090984 0.858022 0.165855
0.458627 0.051154 1.930968 0.477442 -0.091095 0.858051 0.165830
0.458692 0.050691 1.931006 0.477378 -0.091218 0.858077 0.165811
0.458754 0.050222 1.931046 0.477313 -0.091356 0.858101 0.165801
0.458814 0.049748 1.931087 0.477246 -0.091506 0.858122 0.165798
0.458872 0.049269 1.931130 0.477180 -0.091668 0.858141 0.165801
0.458928 0.048786 1.931174 0.477113 -0.091841 0.858158 0.165811
0.458983 0.048299 1.931219 0.477046 -0.092025 0.858172 0.165828
0.459037 0.047811 1.931266 0.476979 -0.092218 0.858185 0.165850
0.459089 0.047321 1.931313 0.476912 -0.092420 0.858195 0.165877
0.459139 0.046829 1.931361 0.476845 -0.092630 0.858203 0.165910
0.459189 0.046337 1.931409 0.476779 -0.092847 0.858209 0.165947
0.459237 0.045845 1.931458 0.476713 -0.093071 0.858213 0.165989
0.459284 0.045353 1.931507 0.476647 -0.093300 0.858216 0.166035
0.459331 0.044862 1.931557 0.476582 -0.093535 0.858217 0.166084
0.459376 0.044373 1.931607 0.476517 -0.093773 0.858217 0.166137
0.459420 0.043886 1.931657 0.476452 -0.094016 0.858216 0.166193
0.459463 0.043401 1.931707 0.476388 -0.094261 0.858213 0.166252
0.459506 0.042919 1.931758 0.476324 -0.094510 0.858209 0.166313
0.459548 0.042440 1.931808 0.476261 -0.094760 0.858205 0.166377
0.459589 0.041964 1.931858 0.476198 -0.095012 0.858199 0.166442
0.459629 0.041492 1.931908 0.476136 -0.095265 0.858192 0.166509
0.459668 0.041023 1.931957 0.476075 -0.095518 0.858185 0.166578
0.459707 0.040559 1.932006 0.476014 -0.095772 0.858176 0.166648
0.459745 0.040100 1.932055 0.475955 -0.096025 0.858167 0.166720
0.459783 0.039645 1.932103 0.475896 -0.096278 0.858157 0.166793
0.459820 0.039195 1.932151 0.475837 -0.096529 0.858147 0.166868
0.459856 0.038750 1.932198 0.475780 -0.096780 0.858136 0.166943
0.459902 0.038288 1.932249 0.475719 -0.096979 0.858130 0.167030
0.459955 0.037811 1.932302 0.475656 -0.097142 0.858128 0.167127
0.460015 0.037319 1.932357 0.475589 -0.097280 0.858130 0.167229
0.460079 0.036814 1.932414 0.475518 -0.097406 0.858134 0.167336
0.460147 0.036295 1.932473 0.475443 -0.097526 0.858139 0.167451
0.460217 0.035764 1.932533 0.475366 -0.097649 0.858144 0.167573
0.460289 0.035221 1.932595 0.475287 -0.097779 0.858148 0.167702
0.460362 0.034666 1.932657 0.475206 -0.097920 0.858150 0.167839
0.460436 0.034100 1.932721 0.475124 -0.098074 0.858150 0.167982
0.460509 0.033525 1.932786 0.475040 -0.098243 0.858147 0.168133
0.460582 0.032941 1.932851 0.474956 -0.098427 0.858142 0.168289
0.460654 0.032349 1.932918 0.474871 -0.098626 0.858135 0.168452
0.460726 0.031750 1.932985 0.474785 -0.098841 0.858124 0.168620
0.460796 0.031143 1.933054 0.474694 -0.099081 0.858115 0.168782
0.460864 0.030531 1.933125 0.474600 -0.099343 0.858105 0.168943
0.460931 0.029913 1.933198 0.474504 -0.099623 0.858093 0.169106
0.460996 0.029292 1.933272 0.474408 -0.099919 0.858080 0.169272
0.461061 0.028669 1.933345 0.474315 -0.100217 0.858061 0.169450
0.461125 0.028044 1.933418 0.474226 -0.100517 0.858038 0.169639
0.461188 0.027420 1.933488 0.474139 -0.100821 0.858011 0.169835
0.461251 0.026795 1.933558 0.474056 -0.101127 0.857981 0.170037
0.461312 0.026172 1.933627 0.473974 -0.101437 0.857949 0.170244
0.461373 0.025549 1.933694 0.473893 -0.101749 0.857915 0.170453
0.461433 0.024930 1.933761 0.473814 -0.102065 0.857879 0.170665
0.461491 0.024312 1.933828 0.473736 -0.102384 0.857842 0.170879
0.461549 0.023698 1.933894 0.473659 -0.102705 0.857803 0.171093
0.461605 0.023088 1.933959 0.473582 -0.103028 0.857764 0.171308
0.461661 0.022482 1.934024 0.473506 -0.103353 0.857724 0.171524
0.461715 0.021880 1.934089 0.473430 -0.103679 0.857683 0.171738
0.461768 0.021282 1.934153 0.473355 -0.104006 0.857642 0.171953
0.461821 0.020690 1.934216 0.473280 -0.104334 0.857601 0.172166
0.461872 0.020104 1.934280 0.473206 -0.104662 0.857559 0.172379
0.461923 0.019523 1.934343 0.473133 -0.104989 0.857517 0.172590
0.461972 0.018948 1.934405 0.473060 -0.105316 0.857474 0.172800
0.462021 0.018380 1.934467 0.472988 -0.105643 0.857432 0.173009
0.462069 0.017818 1.934529 0.472917 -0.105968 0.857390 0.173216
0.462115 0.017262 1.934590 0.472846 -0.106292 0.857347 0.173422
0.462161 0.016713 1.934651 0.472775 -0.106614 0.857305 0.173625
0.462207 0.016172 1.934711 0.472706 -0.106934 0.857262 0.173827
0.462251 0.015637 1.934771 0.472637 -0.107252 0.857220 0.174027
0.462301 0.015083 1.934831 0.472566 -0.107541 0.857182 0.174227
0.462356 0.014510 1.934892 0.472493 -0.107813 0.857147 0.174432
0.462414 0.013921 1.934953 0.472419 -0.108075 0.857112 0.174641
0.462476 0.013315 1.935013 0.472343 -0.108336 0.857077 0.174857
0.462539 0.012696 1.935073 0.472266 -0.108600 0.857040 0.175079
0.462605 0.012063 1.935134 0.472188 -0.108871 0.857002 0.175306
0.462671 0.011418 1.935194 0.472110 -0.109150 0.856962 0.175540
0.462738 0.010763 1.935254 0.472030 -0.109440 0.856920 0.175779
0.462805 0.010099 1.935314 0.471950 -0.109742 0.856876 0.176024
0.462872 0.009426 1.935374 0.471869 -0.110054 0.856829 0.176273
0.462939 0.008747 1.935434 0.471788 -0.110377 0.856780 0.176525
0.463005 0.008063 1.935494 0.471705 -0.110709 0.856730 0.176781
0.463070 0.007375 1.935554 0.471623 -0.111051 0.856677 0.177040
0.463135 0.006683 1.935613 0.471540 -0.111402 0.856624 0.177302
0.463198 0.005989 1.935673 0.471456 -0.111760 0.856568 0.177566
0.463260 0.005294 1.935732 0.471372 -0.112126 0.856512 0.177831
0.463321 0.004599 1.935792 0.471288 -0.112497 0.856454 0.178097
0.463381 0.003904 1.935851 0.471204 -0.112874 0.856395 0.178364
0.463439 0.003211 1.935910 0.471119 -0.113256 0.856336 0.178631
0.463497 0.002520 1.935969 0.471035 -0.113641 0.856275 0.178899
0.463553 0.001832 1.936028 0.470952 -0.114030 0.856213 0.179166
0.463608 0.001147 1.936086 0.470868 -0.114421 0.856151 0.179434
0.463662 0.000466 1.936144 0.470785 -0.114814 0.856088 0.179701
0.463714 -0.000211 1.936202 0.470703 -0.115209 0.856024 0.179967
0.463766 -0.000882 1.936260 0.470621 -0.115604 0.855960 0.180233
0.463817 -0.001549 1.936317 0.470540 -0.116000 0.855895 0.180498
0.463866 -0.002209 1.936375 0.470460 -0.116395 0.855830 0.180762
0.463915 -0.002863 1.936431 0.470381 -0.116788 0.855764 0.181024
0.463963 -0.003510 1.936486 0.470304 -0.117179 0.855698 0.181285
0.464010 -0.004150 1.936541 0.470227 -0.117567 0.855632 0.181545
0.464056 -0.004783 1.936596 0.470152 -0.117952 0.855566 0.181803
0.464101 -0.005408 1.936649 0.470077 -0.118334 0.855499 0.182059
0.464146 -0.006025 1.936703 0.470004 -0.118713 0.855433 0.182313
0.464190 -0.006635 1.936755 0.469932 -0.119088 0.855367 0.182565
0.464233 -0.007236 1.936807 0.469861 -0.119459 0.855300 0.182814
0.464275 -0.007828 1.936859 0.469793 -0.119824 0.855233 0.183065
0.464317 -0.008412 1.936910 0.469726 -0.120183 0.855166 0.183316
0.464359 -0.008987 1.936960 0.469661 -0.120537 0.855098 0.183565
0.464399 -0.009554 1.937010 0.469597 -0.120887 0.855031 0.183812
0.464439 -0.010111 1.937059 0.469534 -0.121231 0.854964 0.184056
0.464491 -0.010682 1.937103 0.469487 -0.121486 0.854885 0.184380
0.464548 -0.011267 1.937147 0.469443 -0.121699 0.854800 0.184744
0.464608 -0.011867 1.937191 0.469399 -0.121892 0.854713 0.185130
0.464670 -0.012481 1.937236 0.469354 -0.122076 0.854624 0.185530
0.464734 -0.013107 1.937281 0.469307 -0.122261 0.854535 0.185937
0.464797 -0.013744 1.937328 0.469257 -0.122450 0.854446 0.186347
0.464861 -0.014391 1.937376 0.469205 -0.122647 0.854357 0.186758
0.464923 -0.015045 1.937425 0.469150 -0.122853 0.854267 0.187169
0.464985 -0.015707 1.937474 0.469094 -0.123069 0.854177 0.187580
0.465047 -0.016374 1.937524 0.469035 -0.123294 0.854087 0.187990
0.465107 -0.017046 1.937574 0.468975 -0.123529 0.853996 0.188398
0.465166 -0.017721 1.937625 0.468914 -0.123773 0.853904 0.188805
0.465223 -0.018397 1.937675 0.468852 -0.124024 0.853812 0.189209
0.465279 -0.019075 1.937724 0.468789 -0.124282 0.853720 0.189611
0.465334 -0.019753 1.937774 0.468726 -0.124546 0.853628 0.190010
0.465388 -0.020430 1.937823 0.468662 -0.124817 0.853535 0.190405
0.465441 -0.021105 1.937872 0.468599 -0.125092 0.853442 0.190798
0.465492 -0.021778 1.937921 0.468535 -0.125371 0.853349 0.191188
0.465542 -0.022448 1.937969 0.468471 -0.125654 0.853256 0.191575
0.465591 -0.023113 1.938017 0.468408 -0.125941 0.853162 0.191958
0.465639 -0.023774 1.938065 0.468345 -0.126229 0.853068 0.192338
0.465686 -0.024431 1.938112 0.468282 -0.126520 0.852975 0.192715
0.465732 -0.025082 1.938159 0.468220 -0.126812 0.852881 0.193087
0.465777 -0.025727 1.938206 0.468159 -0.127105 0.852788 0.193456
0.465821 -0.026365 1.938252 0.468098 -0.127399 0.852694 0.193820
0.465864 -0.026997 1.938298 0.468038 -0.127692 0.852601 0.194180
0.465907 -0.027621 1.938344 0.467979 -0.127985 0.852509 0.194536
0.465948 -0.028239 1.938389 0.467921 -0.128277 0.852416 0.194887
0.465989 -0.028848 1.938433 0.467864 -0.128567 0.852325 0.195233
0.466029 -0.029450 1.938477 0.467808 -0.128856 0.852234 0.195575
0.466069 -0.030044 1.938521 0.467753 -0.129143 0.852143 0.195912
0.466108 -0.030629 1.938564 0.467699 -0.129428 0.852053 0.196245
0.466146 -0.031205 1.938606 0.467646 -0.129710 0.851964 0.196572
0.466184 -0.031774 1.938648 0.467593 -0.129989 0.851875 0.196895
0.466221 -0.032333 1.938689 0.467542 -0.130265 0.851788 0.197212
0.466258 -0.032883 1.938730 0.467492 -0.130538 0.851701 0.197525
0.466294 -0.033425 1.938770 0.467443 -0.130808 0.851615 0.197832
0.466329 -0.033957 1.938809 0.467396 -0.131074 0.851530 0.198135
0.466364 -0.034481 1.938848 0.467349 -0.131336 0.851446 0.198432
0.466399 -0.034995 1.938886 0.467303 -0.131595 0.851363 0.198724
0.466449 -0.035536 1.938915 0.467278 -0.131799 0.851260 0.199087
0.466504 -0.036103 1.938943 0.467254 -0.131992 0.851153 0.199475
0.466562 -0.036694 1.938971 0.467228 -0.132184 0.851043 0.199878
0.466619 -0.037306 1.939000 0.467197 -0.132381 0.850932 0.200291
0.466677 -0.037937 1.939030 0.467162 -0.132586 0.850821 0.200710
0.466733 -0.038584 1.939061 0.467122 -0.132800 0.850710 0.201131
0.466787 -0.039245 1.939093 0.467079 -0.133024 0.850598 0.201554
0.466840 -0.039917 1.939126 0.467032 -0.133258 0.850487 0.201977
0.466892 -0.040599 1.939160 0.466982 -0.133502 0.850376 0.202400
0.466941 -0.041290 1.939194 0.466930 -0.133755 0.850264 0.202822
0.466989 -0.041987 1.939229 0.466876 -0.134019 0.850151 0.203244
0.467035 -0.042689 1.939264 0.466821 -0.134292 0.850038 0.203666
0.467080 -0.043394 1.939300 0.466764 -0.134572 0.849924 0.204086
0.467123 -0.044102 1.939336 0.466707 -0.134861 0.849809 0.204504
0.467164 -0.044811 1.939372 0.466649 -0.135156 0.849694 0.204921
0.467204 -0.045520 1.939408 0.466591 -0.135457 0.849578 0.205335
0.467243 -0.046228 1.939444 0.466533 -0.135763 0.849461 0.205746
0.467280 -0.046934 1.939480 0.466475 -0.136074 0.849344 0.206155
0.467316 -0.047637 1.939516 0.466417 -0.136388 0.849227 0.206561
0.467351 -0.048337 1.939551 0.466359 -0.136705 0.849110 0.206962
0.467385 -0.049032 1.939587 0.466303 -0.137024 0.848992 0.207361
0.467418 -0.049722 1.939622 0.466246 -0.137345 0.848875 0.207755
0.467450 -0.050406 1.939656 0.466191 -0.137666 0.848758 0.208144
0.467481 -0.051084 1.939691 0.466136 -0.137987 0.848641 0.208530
0.467511 -0.051755 1.939725 0.466082 -0.138308 0.848525 0.208911
0.467541 -0.052419 1.939758 0.466030 -0.138629 0.848409 0.209287
0.467570 -0.053075 1.939791 0.465978 -0.138947 0.848294 0.209658
0.467598 -0.053724 1.939823 0.465927 -0.139264 0.848179 0.210024
0.467625 -0.054363 1.939855 0.465877 -0.139579 0.848065 0.210385
0.467652 -0.054995 1.939887 0.465828 -0.139890 0.847952 0.210740
0.467678 -0.055617 1.939917 0.465781 -0.140199 0.847840 0.211091
0.467704 -0.056231 1.939948 0.465735 -0.140505 0.847729 0.211436
0.467730 -0.056835 1.939977 0.465689 -0.140807 0.847619 0.211776
0.467755 -0.057429 1.940006 0.465645 -0.141106 0.847510 0.212110
0.467779 -0.058014 1.940035 0.465602 -0.141400 0.847402 0.212439
0.467803 -0.058590 1.940062 0.465561 -0.141690 0.847295 0.212762
0.467827 -0.059156 1.940089 0.465520 -0.141976 0.847190 0.213080
0.467851 -0.059711 1.940116 0.465481 -0.142257 0.847086 0.213392
0.467874 -0.060258 1.940142 0.465443 -0.142534 0.846983 0.213699
0.467897 -0.060794 1.940167 0.465406 -0.142806 0.846881 0.214001
0.467932 -0.061352 1.940193 0.465391 -0.142990 0.846756 0.214405
0.467973 -0.061933 1.940221 0.465385 -0.143131 0.846620 0.214860
0.468018 -0.062533 1.940252 0.465381 -0.143249 0.846480 0.215341
0.468066 -0.063151 1.940285 0.465377 -0.143358 0.846338 0.215836
0.468115 -0.063784 1.940320 0.465373 -0.143463 0.846193 0.216340
0.468165 -0.064429 1.940356 0.465368 -0.143570 0.846048 0.216848
0.468215 -0.065085 1.940393 0.465362 -0.143680 0.845902 0.217356
0.468264 -0.065750 1.940431 0.465354 -0.143797 0.845756 0.217864
0.468314 -0.066422 1.940469 0.465346 -0.143921 0.845608 0.218372
0.468362 -0.067100 1.940507 0.465338 -0.144052 0.845460 0.218877
0.468410 -0.067782 1.940545 0.465328 -0.144192 0.845311 0.219381
0.468456 -0.068467 1.940583 0.465319 -0.144339 0.845161 0.219882
0.468502 -0.069153 1.940621 0.465309 -0.144494 0.845010 0.220380
0.468546 -0.069839 1.940658 0.465298 -0.144656 0.844859 0.220875
0.468589 -0.070525 1.940695 0.465288 -0.144825 0.844707 0.221367
0.468630 -0.071209 1.940731 0.465276 -0.144999 0.844557 0.221850
0.468670 -0.071890 1.940766 0.465262 -0.145177 0.844408 0.222326
0.468708 -0.072566 1.940801 0.465248 -0.145359 0.844261 0.222796
0.468746 -0.073238 1.940835 0.465234 -0.145544 0.844115 0.223259
0.468782 -0.073905 1.940868 0.465219 -0.145731 0.843970 0.223716
0.468817 -0.074566 1.940901 0.465204 -0.145920 0.843826 0.224167
0.468850 -0.075220 1.940934 0.465189 -0.146111 0.843683 0.224612
0.468883 -0.075868 1.940966 0.465174 -0.146303 0.843541 0.225051
0.468915 -0.076508 1.940997 0.465158 -0.146495 0.843400 0.225483
0.468946 -0.077140 1.941028 0.465144 -0.146687 0.843261 0.225909
0.468976 -0.077764 1.941059 0.465129 -0.146880 0.843123 0.226329
0.469006 -0.078379 1.941089 0.465115 -0.147071 0.842987 0.226742
0.469035 -0.078986 1.941119 0.465101 -0.147262 0.842851 0.227149
0.469063 -0.079584 1.941148 0.465088 -0.147452 0.842718 0.227549
0.469090 -0.080173 1.941177 0.465075 -0.147640 0.842585 0.227943
0.469117 -0.080753 1.941205 0.465062 -0.147827 0.842455 0.228330
0.469144 -0.081323 1.941233 0.465050 -0.148012 0.842326 0.228711
0.469169 -0.081883 1.941261 0.465039 -0.148194 0.842198 0.229085
0.469195 -0.082435 1.941288 0.465028 -0.148375 0.842072 0.229453
0.469220 -0.082976 1.941314 0.465017 -0.148553 0.841948 0.229814
0.469245 -0.083508 1.941340 0.465008 -0.148728 0.841825 0.230169
0.469269 -0.084030 1.941366 0.464998 -0.148901 0.841705 0.230518
0.469293 -0.084543 1.941391 0.464989 -0.149070 0.841586 0.230861
0.469316 -0.085046 1.941416 0.464981 -0.149237 0.841468 0.231197
0.469339 -0.085539 1.941440 0.464973 -0.149402 0.841353 0.231527
0.469381 -0.086056 1.941466 0.464993 -0.149493 0.841199 0.231986
0.469433 -0.086594 1.941496 0.465018 -0.149557 0.841030 0.232505
0.469490 -0.087150 1.941529 0.465043 -0.149611 0.840855 0.233052
0.469549 -0.087723 1.941566 0.465066 -0.149662 0.840678 0.233613
0.469608 -0.088309 1.941604 0.465086 -0.149715 0.840500 0.234178
0.469668 -0.088906 1.941644 0.465103 -0.149772 0.840323 0.234744
0.469728 -0.089512 1.941686 0.465118 -0.149834 0.840145 0.235310
0.469786 -0.090125 1.941728 0.465131 -0.149903 0.839967 0.235876
0.469843 -0.090743 1.941771 0.465143 -0.149978 0.839789 0.236438
0.469899 -0.091366 1.941814 0.465154 -0.150060 0.839611 0.236997
0.469953 -0.091991 1.941857 0.465163 -0.150150 0.839433 0.237551
0.470005 -0.092617 1.941900 0.465172 -0.150245 0.839255 0.238101
0.470055 -0.093243 1.941943 0.465180 -0.150348 0.839078 0.238646
0.470104 -0.093869 1.941985 0.465187 -0.150456 0.838901 0.239185
0.470150 -0.094493 1.942027 0.465191 -0.150573 0.838728 0.239709
0.470194 -0.095115 1.942068 0.465191 -0.150698 0.838559 0.240221
0.470235 -0.095733 1.942109 0.465189 -0.150830 0.838392 0.240723
0.470275 -0.096347 1.942149 0.465185 -0.150966 0.838228 0.241216
0.470314 -0.096956 1.942189 0.465181 -0.151107 0.838066 0.241701
0.470351 -0.097560 1.942229 0.465176 -0.151250 0.837905 0.242179
0.470387 -0.098158 1.942268 0.465170 -0.151396 0.837746 0.242649
0.470421 -0.098750 1.942307 0.465164 -0.151543 0.837588 0.243113
0.470454 -0.099335 1.942346 0.465157 -0.151692 0.837432 0.243569
0.470486 -0.099913 1.942384 0.465150 -0.151842 0.837278 0.244018
0.470517 -0.100484 1.942421 0.465143 -0.151991 0.837126 0.244461
0.470547 -0.101046 1.942458 0.465136 -0.152141 0.836975 0.244896
0.470576 -0.101601 1.942495 0.465130 -0.152290 0.836826 0.245324
0.470604 -0.102148 1.942532 0.465123 -0.152439 0.836679 0.245746
0.470632 -0.102686 1.942568 0.465116 -0.152587 0.836534 0.246160
0.470658 -0.103216 1.942603 0.465110 -0.152733 0.836391 0.246567
0.470684 -0.103737 1.942639 0.465103 -0.152878 0.836250 0.246968
0.470709 -0.104249 1.942674 0.465097 -0.153022 0.836111 0.247361
0.470734 -0.104753 1.942708 0.465091 -0.153164 0.835974 0.247748
0.470758 -0.105248 1.942742 0.465086 -0.153304 0.835839 0.248127
0.470782 -0.105734 1.942776 0.465080 -0.153442 0.835705 0.248500
0.470805 -0.106212 1.942809 0.465075 -0.153579 0.835574 0.248866
0.470827 -0.106680 1.942841 0.465070 -0.153713 0.835445 0.249226
0.470849 -0.107140 1.942874 0.465065 -0.153845 0.835318 0.249578
0.470871 -0.107592 1.942905 0.465061 -0.153975 0.835194 0.249924
0.470892 -0.108034 1.942937 0.465056 -0.154103 0.835071 0.250264
0.470925 -0.108507 1.942972 0.465066 -0.154198 0.834924 0.250678
0.470965 -0.109006 1.943009 0.465083 -0.154273 0.834762 0.251138
0.471009 -0.109526 1.943049 0.465104 -0.154337 0.834592 0.251625
0.471054 -0.110063 1.943089 0.465128 -0.154395 0.834415 0.252129
0.471101 -0.110615 1.943130 0.465154 -0.154449 0.834236 0.252642
0.471148 -0.111180 1.943171 0.465180 -0.154503 0.834054 0.253161
0.471193 -0.111754 1.943211 0.465207 -0.154558 0.833870 0.253682
0.471238 -0.112337 1.943252 0.465234 -0.154620 0.833685 0.254204
0.471282 -0.112926 1.943292 0.465261 -0.154688 0.833498 0.254725
0.471324 -0.113520 1.943332 0.465287 -0.154763 0.833311 0.255244
0.471364 -0.114117 1.943372 0.465314 -0.154846 0.833122 0.255760
0.471402 -0.114717 1.943411 0.465339 -0.154935 0.832934 0.256273
0.471439 -0.115318 1.943449 0.465364 -0.155032 0.832745 0.256782
0.471474 -0.115919 1.943487 0.465389 -0.155136 0.832556 0.257287
0.471507 -0.116519 1.943525 0.465412 -0.155246 0.832367 0.257788
0.471538 -0.117117 1.943562 0.465435 -0.155361 0.832180 0.258283
0.471568 -0.117713 1.943598 0.465457 -0.155482 0.831992 0.258773
0.471595 -0.118305 1.943634 0.465479 -0.155607 0.831806 0.259258
0.471622 -0.118894 1.943669 0.465499 -0.155736 0.831621 0.259737
0.471646 -0.119478 1.943704 0.465519 -0.155869 0.831437 0.260211
0.471669 -0.120058 1.943739 0.465538 -0.156005 0.831254 0.260680
0.471690 -0.120632 1.943773 0.465557 -0.156143 0.831072 0.261143
0.471709 -0.121200 1.943807 0.465574 -0.156283 0.830892 0.261601
0.471727 -0.121763 1.943841 0.465591 -0.156426 0.830713 0.262052
0.471743 -0.122319 1.943875 0.465608 -0.156565 0.830536 0.262501
0.471757 -0.122868 1.943908 0.465623 -0.156702 0.830361 0.262945
0.471769 -0.123409 1.943941 0.465638 -0.156842 0.830189 0.263379
0.471781 -0.123944 1.943974 0.465652 -0.156984 0.830019 0.263806
0.471792 -0.124472 1.944006 0.465665 -0.157127 0.829850 0.264226
0.471801 -0.124993 1.944039 0.465678 -0.157272 0.829684 0.264640
0.471810 -0.125506 1.944072 0.465690 -0.157416 0.829520 0.265048
0.471818 -0.126012 1.944104 0.465701 -0.157561 0.829357 0.265449
0.471824 -0.126510 1.944136 0.465713 -0.157706 0.829197 0.265844
0.471830 -0.127001 1.944168 0.465723 -0.157851 0.829039 0.266232
0.471835 -0.127484 1.944199 0.465734 -0.157995 0.828883 0.266615
0.471839 -0.127960 1.944231 0.465744 -0.158138 0.828729 0.266990
0.471843 -0.128428 1.944262 0.465753 -0.158281 0.828577 0.267360
0.471845 -0.128888 1.944292 0.465762 -0.158423 0.828428 0.267723
0.471848 -0.129340 1.944323 0.465771 -0.158563 0.828280 0.268080
0.471849 -0.129785 1.944353 0.465779 -0.158702 0.828135 0.268430
0.471854 -0.130253 1.944400 0.465772 -0.158836 0.827995 0.268797
0.471865 -0.130741 1.944454 0.465761 -0.158967 0.827852 0.269181
0.471881 -0.131247 1.944513 0.465751 -0.159094 0.827704 0.269577
0.471900 -0.131767 1.944573 0.465743 -0.159219 0.827551 0.269984
0.471923 -0.132298 1.944632 0.465739 -0.159344 0.827394 0.270398
0.471947 -0.132839 1.944691 0.465738 -0.159467 0.827234 0.270818
0.471972 -0.133386 1.944748 0.465740 -0.159591 0.827070 0.271241
0.471997 -0.133938 1.944803 0.465745 -0.159714 0.826904 0.271667
0.472022 -0.134494 1.944857 0.465751 -0.159839 0.826735 0.272095
0.472045 -0.135053 1.944908 0.465760 -0.159965 0.826565 0.272525
0.472067 -0.135612 1.944959 0.465769 -0.160094 0.826392 0.272957
0.472087 -0.136173 1.945009 0.465778 -0.160226 0.826219 0.273388
0.472105 -0.136733 1.945057 0.465787 -0.160361 0.826045 0.273818
0.472120 -0.137292 1.945104 0.465796 -0.160499 0.825871 0.274247
0.472134 -0.137850 1.945151 0.465805 -0.160640 0.825697 0.274674
0.472146 -0.138404 1.945197 0.465813 -0.160784 0.825523 0.275098
0.472156 -0.138956 1.945242 0.465821 -0.160931 0.825349 0.275520
0.472163 -0.139505 1.945287 0.465828 -0.161080 0.825176 0.275938
0.472169 -0.140049 1.945331 0.465834 -0.161232 0.825004 0.276353
0.472173 -0.140589 1.945375 0.465840 -0.161386 0.824833 0.276764
0.472176 -0.141124 1.945419 0.465845 -0.161540 0.824663 0.277173
0.472177 -0.141653 1.945461 0.465851 -0.161693 0.824493 0.277578
0.472177 -0.142177 1.945504 0.465856 -0.161846 0.824325 0.277978
0.472176 -0.142695 1.945545 0.465861 -0.162000 0.824159 0.278374
0.472173 -0.143207 1.945587 0.465865 -0.162153 0.823994 0.278765
0.472169 -0.143712 1.945628 0.465869 -0.162307 0.823831 0.279150
0.472164 -0.144211 1.945668 0.465872 -0.162461 0.823670 0.279531
0.472157 -0.144704 1.945708 0.465875 -0.162615 0.823511 0.279906
0.472150 -0.145189 1.945748 0.465877 -0.162769 0.823353 0.280276
0.472142 -0.145669 1.945787 0.465878 -0.162923 0.823198 0.280640
0.472133 -0.146141 1.945825 0.465880 -0.163076 0.823044 0.280999
0.472123 -0.146606 1.945864 0.465880 -0.163229 0.822893 0.281353
0.472112 -0.147065 1.945902 0.465880 -0.163381 0.822743 0.281701
0.472101 -0.147517 1.945939 0.465880 -0.163533 0.822596 0.282044
0.472089 -0.147961 1.945976 0.465879 -0.163683 0.822451 0.282381
0.472076 -0.148399 1.946013 0.465878 -0.163833 0.822307 0.282713
0.472063 -0.148830 1.946049 0.465877 -0.163982 0.822166 0.283040
0.472050 -0.149253 1.946085 0.465875 -0.164129 0.822027 0.283361
0.472036 -0.149670 1.946120 0.465872 -0.164276 0.821890 0.283677
0.472021 -0.150080 1.946156 0.465870 -0.164421 0.821756 0.283987
0.472024 -0.150511 1.946205 0.465854 -0.164573 0.821619 0.284321
0.472038 -0.150961 1.946261 0.465835 -0.164726 0.821474 0.284680
0.472059 -0.151426 1.946318 0.465817 -0.164879 0.821322 0.285060
0.472083 -0.151905 1.946374 0.465801 -0.165034 0.821164 0.285453
0.472107 -0.152396 1.946428 0.465786 -0.165192 0.821001 0.285855
0.472131 -0.152895 1.946479 0.465772 -0.165352 0.820834 0.286262
0.472153 -0.153403 1.946527 0.465759 -0.165516 0.820665 0.286674
0.472174 -0.153916 1.946573 0.465746 -0.165684 0.820494 0.287087
0.472192 -0.154435 1.946616 0.465734 -0.165857 0.820321 0.287502
0.472207 -0.154957 1.946656 0.465722 -0.166034 0.820146 0.287917
0.472219 -0.155483 1.946695 0.465709 -0.166217 0.819970 0.288332
0.472228 -0.156010 1.946733 0.465696 -0.166405 0.819794 0.288747
0.472235 -0.156539 1.946768 0.465683 -0.166596 0.819617 0.289161
0.472238 -0.157068 1.946803 0.465669 -0.166792 0.819439 0.289573
0.472240 -0.157596 1.946837 0.465654 -0.166992 0.819262 0.289983
0.472238 -0.158124 1.946869 0.465639 -0.167195 0.819084 0.290392
0.472235 -0.158650 1.946901 0.465624 -0.167400 0.818907 0.290798
0.472229 -0.159173 1.946932 0.465608 -0.167608 0.818730 0.291201
0.472221 -0.159694 1.946963 0.465591 -0.167819 0.818554 0.291600
0.472211 -0.160211 1.946993 0.465574 -0.168030 0.818379 0.291997
0.472200 -0.160725 1.947023 0.465557 -0.168243 0.818205 0.292390
0.472187 -0.161234 1.947052 0.465540 -0.168457 0.818031 0.292779
0.472172 -0.161740 1.947080 0.465522 -0.168672 0.817859 0.293165
0.472156 -0.162240 1.947109 0.465504 -0.168886 0.817688 0.293546
0.472138 -0.162736 1.947137 0.465486 -0.169101 0.817519 0.293923
0.472119 -0.163226 1.947165 0.465468 -0.169316 0.817351 0.294295
0.472099 -0.163711 1.947192 0.465449 -0.169530 0.817184 0.294664
0.472078 -0.164190 1.947219 0.465431 -0.169743 0.817019 0.295027
0.472056 -0.164663 1.947246 0.465412 -0.169956 0.816856 0.295386
0.472034 -0.165131 1.947272 0.465393 -0.170167 0.816694 0.295741
0.472010 -0.165592 1.947299 0.465375 -0.170377 0.816534 0.296090
0.471986 -0.166047 1.947324 0.465356 -0.170586 0.816376 0.296435
0.471961 -0.166496 1.947350 0.465337 -0.170793 0.816220 0.296775
0.471936 -0.166939 1.947375 0.465318 -0.170999 0.816066 0.297110
0.471910 -0.167375 1.947400 0.465300 -0.171202 0.815914 0.297440
0.471884 -0.167805 1.947425 0.465281 -0.171404 0.815764 0.297765
0.471858 -0.168228 1.947450 0.465262 -0.171604 0.815615 0.298086
0.471831 -0.168645 1.947474 0.465244 -0.171801 0.815469 0.298401
0.471804 -0.169055 1.947498 0.465225 -0.171997 0.815325 0.298711
0.471776 -0.169459 1.947521 0.465207 -0.172190 0.815182 0.299017
0.471768 -0.169866 1.947567 0.465168 -0.172403 0.815068 0.299266
0.471773 -0.170276 1.947624 0.465130 -0.172613 0.814957 0.299506
0.471788 -0.170689 1.947685 0.465098 -0.172817 0.814843 0.299750
0.471809 -0.171104 1.947748 0.465073 -0.173011 0.814724 0.300000
0.471833 -0.171518 1.947810 0.465054 -0.173197 0.814600 0.300257
0.471859 -0.171932 1.947871 0.465042 -0.173377 0.814473 0.300518
0.471887 -0.172345 1.947930 0.465034 -0.173551 0.814343 0.300782
0.471914 -0.172756 1.947986 0.465029 -0.173721 0.814211 0.301048
0.471942 -0.173164 1.948041 0.465028 -0.173888 0.814077 0.301315
0.471968 -0.173570 1.948093 0.465029 -0.174052 0.813942 0.301581
0.471995 -0.173973 1.948144 0.465032 -0.174213 0.813807 0.301848
0.472020 -0.174372 1.948192 0.465037 -0.174373 0.813672 0.302113
0.472044 -0.174768 1.948239 0.465042 -0.174531 0.813537 0.302377
0.472068 -0.175159 1.948284 0.465048 -0.174688 0.813402 0.302640
0.472090 -0.175547 1.948327 0.465055 -0.174843 0.813268 0.302900
0.472112 -0.175930 1.948369 0.465063 -0.174997 0.813135 0.303158
0.472133 -0.176309 1.948410 0.465070 -0.175150 0.813002 0.303414
0.472153 -0.176683 1.948449 0.465078 -0.175301 0.812870 0.303668
0.472172 -0.177053 1.948488 0.465085 -0.175450 0.812740 0.303918
0.472190 -0.177418 1.948525 0.465093 -0.175599 0.812611 0.304166
0.472207 -0.177777 1.948561 0.465101 -0.175745 0.812483 0.304411
0.472223 -0.178132 1.948596 0.465109 -0.175890 0.812357 0.304653
0.472239 -0.178481 1.948631 0.465117 -0.176033 0.812232 0.304892
0.472254 -0.178825 1.948664 0.465124 -0.176174 0.812108 0.305127
0.472269 -0.179164 1.948697 0.465132 -0.176313 0.811986 0.305360
0.472283 -0.179497 1.948729 0.465139 -0.176451 0.811865 0.305590
0.472296 -0.179826 1.948760 0.465147 -0.176586 0.811747 0.305816
0.472309 -0.180148 1.948791 0.465154 -0.176720 0.811629 0.306039
0.472322 -0.180466 1.948821 0.465161 -0.176851 0.811514 0.306258
0.472334 -0.180778 1.948851 0.465169 -0.176980 0.811400 0.306474
0.472345 -0.181085 1.948879 0.465176 -0.177108 0.811288 0.306687
0.472356 -0.181387 1.948908 0.465182 -0.177233 0.811177 0.306897
0.472367 -0.181683 1.948936 0.465189 -0.177356 0.811068 0.307103
0.472378 -0.181974 1.948963 0.465196 -0.177478 0.810961 0.307307
0.472388 -0.182259 1.948990 0.465203 -0.177597 0.810855 0.307507
0.472398 -0.182540 1.949016 0.465209 -0.177713 0.810751 0.307704
0.472408 -0.182815 1.949042 0.465216 -0.177828 0.810648 0.307897
0.472418 -0.183086 1.949067 0.465223 -0.177941 0.810547 0.308088
0.472427 -0.183351 1.949092 0.465229 -0.178051 0.810448 0.308276
0.472436 -0.183611 1.949116 0.465236 -0.178159 0.810350 0.308460
0.472457 -0.183886 1.949154 0.465228 -0.178274 0.810262 0.308636
0.472483 -0.184174 1.949198 0.465219 -0.178387 0.810170 0.308825
0.472514 -0.184474 1.949243 0.465212 -0.178495 0.810074 0.309027
0.472545 -0.184784 1.949289 0.465208 -0.178599 0.809972 0.309240
0.472577 -0.185101 1.949333 0.465207 -0.178701 0.809866 0.309462
0.472607 -0.185425 1.949375 0.465207 -0.178801 0.809756 0.309689
0.472636 -0.185755 1.949416 0.465210 -0.178900 0.809645 0.309920
0.472662 -0.186088 1.949455 0.465213 -0.179000 0.809531 0.310154
0.472687 -0.186425 1.949491 0.465218 -0.179101 0.809415 0.310390
0.472710 -0.186764 1.949526 0.465224 -0.179202 0.809298 0.310628
0.472731 -0.187104 1.949559 0.465230 -0.179306 0.809180 0.310867
0.472750 -0.187446 1.949591 0.465236 -0.179411 0.809062 0.311106
0.472767 -0.187789 1.949622 0.465242 -0.179517 0.808942 0.311346
0.472781 -0.188131 1.949652 0.465248 -0.179626 0.808822 0.311586
0.472795 -0.188473 1.949680 0.465254 -0.179737 0.808702 0.311826
0.472806 -0.188814 1.949708 0.465259 -0.179849 0.808581 0.312065
0.472816 -0.189154 1.949735 0.465264 -0.179963 0.808461 0.312303
0.472824 -0.189493 1.949761 0.465269 -0.180078 0.808341 0.312540
0.472830 -0.189829 1.949787 0.465273 -0.180195 0.808221 0.312776
0.472835 -0.190163 1.949812 0.465277 -0.180312 0.808102 0.313011
0.472839 -0.190494 1.949837 0.465281 -0.180431 0.807983 0.313244
0.472842 -0.190823 1.949861 0.465284 -0.180550 0.807865 0.313475
0.472844 -0.191149 1.949885 0.465287 -0.180670 0.807748 0.313704
0.472844 -0.191472 1.949908 0.465289 -0.180790 0.807631 0.313931
0.472843 -0.191791 1.949931 0.465291 -0.180910 0.807516 0.314156
0.472842 -0.192107 1.949953 0.465293 -0.181030 0.807401 0.314379
0.472839 -0.192420 1.949976 0.465295 -0.181151 0.807287 0.314599
0.472836 -0.192728 1.949998 0.465296 -0.181270 0.807175 0.314817
0.472832 -0.193033 1.950019 0.465296 -0.181390 0.807063 0.315032
0.472828 -0.193334 1.950041 0.465297 -0.181509 0.806953 0.315245
0.472823 -0.193631 1.950062 0.465297 -0.181628 0.806844 0.315455
0.472817 -0.193924 1.950082 0.465297 -0.181746 0.806737 0.315663
0.472811 -0.194213 1.950103 0.465297 -0.181863 0.806630 0.315868
0.472804 -0.194498 1.950123 0.465297 -0.181980 0.806525 0.316070
0.472797 -0.194779 1.950143 0.465296 -0.182095 0.806421 0.316269
0.472790 -0.195056 1.950163 0.465295 -0.182210 0.806319 0.316465
0.472782 -0.195328 1.950182 0.465294 -0.182323 0.806217 0.316659
0.472774 -0.195596 1.950201 0.465293 -0.182435 0.806118 0.316850
0.472766 -0.195860 1.950220 0.465292 -0.182547 0.806019 0.317038
0.472757 -0.196120 1.950239 0.465291 -0.182657 0.805922 0.317223
0.472756 -0.196391 1.950277 0.465272 -0.182793 0.805850 0.317357
0.472759 -0.196673 1.950326 0.465252 -0.182936 0.805778 0.317485
0.472764 -0.196966 1.950380 0.465235 -0.183078 0.805702 0.317621
0.472768 -0.197266 1.950438 0.465224 -0.183219 0.805619 0.317767
0.472772 -0.197572 1.950497 0.465218 -0.183357 0.805529 0.317922
0.472773 -0.197884 1.950557 0.465216 -0.183494 0.805435 0.318086
0.472773 -0.198200 1.950617 0.465217 -0.183630 0.805336 0.318257
0.472771 -0.198520 1.950676 0.465221 -0.183766 0.805232 0.318434
0.472766 -0.198843 1.950735 0.465227 -0.183903 0.805125 0.318617
0.472760 -0.199167 1.950792 0.465235 -0.184040 0.805015 0.318805
0.472751 -0.199493 1.950849 0.465244 -0.184179 0.804902 0.318996
0.472741 -0.199821 1.950905 0.465253 -0.184319 0.804788 0.319190
0.472728 -0.200148 1.950960 0.465263 -0.184462 0.804672 0.319386
0.472714 -0.200476 1.951014 0.465273 -0.184606 0.804554 0.319584
0.472698 -0.200804 1.951067 0.465282 -0.184752 0.804436 0.319784
0.472680 -0.201130 1.951119 0.465291 -0.184900 0.804317 0.319984
0.472661 -0.201456 1.951171 0.465300 -0.185050 0.804198 0.320184
0.472641 -0.201781 1.951222 0.465308 -0.185201 0.804079 0.320384
0.472619 -0.202103 1.951272 0.465316 -0.185354 0.803959 0.320584
0.472596 -0.202425 1.951321 0.465323 -0.185508 0.803840 0.320784
0.472572 -0.202743 1.951370 0.465329 -0.185663 0.803722 0.320982
0.472547 -0.203060 1.951418 0.465334 -0.185819 0.803604 0.321180
0.472521 -0.203374 1.951465 0.465339 -0.185975 0.803486 0.321376
0.472494 -0.203686 1.951512 0.465343 -0.186133 0.803369 0.321571
0.472466 -0.203994 1.951558 0.465347 -0.186290 0.803253 0.321765
0.472437 -0.204300 1.951603 0.465350 -0.186447 0.803138 0.321957
0.472408 -0.204602 1.951648 0.465352 -0.186605 0.803024 0.322147
0.472379 -0.204901 1.951693 0.465353 -0.186762 0.802911 0.322336
0.472348 -0.205197 1.951737 0.465355 -0.186919 0.802799 0.322522
0.472318 -0.205489 1.951780 0.465355 -0.187075 0.802688 0.322707
0.472287 -0.205778 1.951823 0.465355 -0.187230 0.802578 0.322889
0.472255 -0.206063 1.951865 0.465355 -0.187385 0.802470 0.323070
0.472224 -0.206345 1.951906 0.465354 -0.187539 0.802362 0.323248
0.472192 -0.206623 1.951947 0.465353 -0.187691 0.802257 0.323424
0.472160 -0.206897 1.951988 0.465351 -0.187843 0.802152 0.323598
0.472128 -0.207167 1.952027 0.465350 -0.187993 0.802049 0.323769
0.472096 -0.207433 1.952067 0.465347 -0.188142 0.801947 0.323938
0.472064 -0.207695 1.952105 0.465345 -0.188289 0.801846 0.324105
0.472032 -0.207954 1.952144 0.465342 -0.188435 0.801747 0.324270
0.472000 -0.208209 1.952181 0.465339 -0.188580 0.801649 0.324432
0.471977 -0.208470 1.952232 0.465300 -0.188785 0.801599 0.324491
0.471960 -0.208739 1.952291 0.465250 -0.189016 0.801561 0.324523
0.471946 -0.209013 1.952353 0.465197 -0.189257 0.801524 0.324551
0.471935 -0.209293 1.952417 0.465144 -0.189505 0.801483 0.324582
0.471926 -0.209575 1.952481 0.465097 -0.189756 0.801435 0.324624
0.471916 -0.209861 1.952545 0.465051 -0.190009 0.801382 0.324672
0.471906 -0.210149 1.952606 0.465006 -0.190261 0.801326 0.324726
0.471894 -0.210439 1.952667 0.464963 -0.190511 0.801268 0.324784
0.471881 -0.210728 1.952726 0.464921 -0.190760 0.801207 0.324847
0.471868 -0.211018 1.952783 0.464881 -0.191007 0.801145 0.324914
0.471852 -0.211308 1.952839 0.464841 -0.191253 0.801081 0.324984
0.471836 -0.211597 1.952894 0.464802 -0.191496 0.801016 0.325056
0.471820 -0.211883 1.952947 0.464769 -0.191727 0.800946 0.325139
0.471803 -0.212167 1.952997 0.464739 -0.191948 0.800874 0.325230
0.471786 -0.212448 1.953045 0.464714 -0.192159 0.800799 0.325326
0.471769 -0.212726 1.953091 0.464691 -0.192361 0.800723 0.325426
0.471752 -0.213000 1.953136 0.464670 -0.192555 0.800647 0.325529
0.471734 -0.213271 1.953180 0.464650 -0.192743 0.800571 0.325633
0.471717 -0.213538 1.953222 0.464632 -0.192925 0.800495 0.325737
0.471699 -0.213802 1.953264 0.464615 -0.193102 0.800419 0.325843
0.471681 -0.214061 1.953304 0.464598 -0.193275 0.800344 0.325948
0.471663 -0.214317 1.953344 0.464582 -0.193445 0.800270 0.326053
0.471644 -0.214569 1.953383 0.464566 -0.193611 0.800196 0.326158
0.471626 -0.214818 1.953421 0.464551 -0.193774 0.800123 0.326262
0.471607 -0.215063 1.953458 0.464536 -0.193934 0.800051 0.326365
0.471588 -0.215304 1.953495 0.464520 -0.194092 0.799980 0.326468
0.471569 -0.215541 1.953532 0.464505 -0.194247 0.799909 0.326570
0.471550 -0.215775 1.953567 0.464490 -0.194401 0.799840 0.326671
0.471531 -0.216005 1.953603 0.464475 -0.194552 0.799771 0.326771
0.471512 -0.216232 1.953637 0.464460 -0.194701 0.799703 0.326869
0.471493 -0.216455 1.953672 0.464444 -0.194848 0.799636 0.326967
0.471474 -0.216674 1.953705 0.464429 -0.194994 0.799570 0.327064
0.471455 -0.216890 1.953739 0.464414 -0.195137 0.799505 0.327160
0.471436 -0.217102 1.953771 0.464399 -0.195279 0.799440 0.327254
0.471416 -0.217311 1.953804 0.464384 -0.195418 0.799377 0.327347
0.471397 -0.217517 1.953836 0.464369 -0.195556 0.799314 0.327439
0.471378 -0.217719 1.953867 0.464354 -0.195692 0.799252 0.327530
0.471359 -0.217918 1.953898 0.464339 -0.195826 0.799191 0.327620
0.471340 -0.218113 1.953929 0.464324 -0.195958 0.799131 0.327709
0.471322 -0.218305 1.953959 0.464310 -0.196089 0.799072 0.327796
0.471305 -0.218492 1.954002 0.464295 -0.196177 0.799015 0.327900
0.471289 -0.218679 1.954052 0.464283 -0.196249 0.798958 0.328014
0.471273 -0.218866 1.954106 0.464272 -0.196315 0.798901 0.328129
0.471258 -0.219054 1.954162 0.464263 -0.196379 0.798844 0.328243
0.471243 -0.219243 1.954220 0.464254 -0.196445 0.798786 0.328356
0.471227 -0.219432 1.954279 0.464247 -0.196511 0.798727 0.328469
0.471211 -0.219622 1.954337 0.464242 -0.196581 0.798667 0.328583
0.471195 -0.219811 1.954395 0.464237 -0.196652 0.798605 0.328698
0.471178 -0.220000 1.954453 0.464233 -0.196724 0.798542 0.328813
0.471161 -0.220189 1.954510 0.464230 -0.196799 0.798477 0.328930
0.471143 -0.220377 1.954567 0.464227 -0.196874 0.798412 0.329047
0.471125 -0.220565 1.954622 0.464225 -0.196950 0.798346 0.329165
0.471106 -0.220751 1.954677 0.464223 -0.197027 0.798279 0.329283
0.471088 -0.220936 1.954731 0.464222 -0.197105 0.798212 0.329402
0.471068 -0.221119 1.954785 0.464220 -0.197183 0.798145 0.329521
0.471049 -0.221301 1.954837 0.464218 -0.197260 0.798077 0.329640
0.471029 -0.221481 1.954889 0.464216 -0.197338 0.798010 0.329758
0.471009 -0.221659 1.954939 0.464214 -0.197416 0.797946 0.329871
0.470989 -0.221834 1.954988 0.464210 -0.197494 0.797884 0.329979
0.470969 -0.222008 1.955036 0.464206 -0.197573 0.797824 0.330084
0.470949 -0.222179 1.955083 0.464201 -0.197652 0.797765 0.330185
0.470929 -0.222348 1.955129 0.464195 -0.197732 0.797707 0.330285
0.470909 -0.222515 1.955174 0.464188 -0.197812 0.797651 0.330382
0.470888 -0.222679 1.955219 0.464181 -0.197893 0.797596 0.330477
0.470868 -0.222842 1.955263 0.464173 -0.197974 0.797541 0.330571
0.470848 -0.223002 1.955306 0.464164 -0.198055 0.797488 0.330664
0.470828 -0.223160 1.955350 0.464156 -0.198136 0.797432 0.330761
0.470807 -0.223316 1.955393 0.464148 -0.198216 0.797378 0.330855
0.470787 -0.223469 1.955435 0.464139 -0.198295 0.797325 0.330948
0.470767 -0.223621 1.955477 0.464131 -0.198374 0.797271 0.331043
0.470746 -0.223770 1.955519 0.464122 -0.198451 0.797218 0.331136
0.470726 -0.223916 1.955560 0.464113 -0.198527 0.797167 0.331226
0.470707 -0.224060 1.955600 0.464104 -0.198602 0.797117 0.331313
0.470687 -0.224201 1.955639 0.464095 -0.198676 0.797069 0.331399
0.470667 -0.224340 1.955678 0.464085 -0.198749 0.797021 0.331483
0.470648 -0.224476 1.955716 0.464076 -0.198821 0.796975 0.331565
0.470629 -0.224610 1.955754 0.464065 -0.198893 0.796929 0.331646
0.470610 -0.224742 1.955791 0.464055 -0.198965 0.796884 0.331725
0.470591 -0.224872 1.955827 0.464045 -0.199035 0.796840 0.331803
0.470573 -0.224999 1.955864 0.464034 -0.199105 0.796797 0.331879
0.470548 -0.225121 1.955903 0.464031 -0.199140 0.796756 0.331962
0.470519 -0.225240 1.955944 0.464033 -0.199161 0.796717 0.332041
0.470488 -0.225358 1.955986 0.464037 -0.199177 0.796680 0.332113
0.470454 -0.225475 1.956030 0.464039 -0.199193 0.796647 0.332179
0.470417 -0.225593 1.956077 0.464039 -0.199215 0.796616 0.332240
0.470379 -0.225711 1.956125 0.464037 -0.199241 0.796587 0.332298
0.470339 -0.225830 1.956173 0.464034 -0.199271 0.796557 0.332354
0.470298 -0.225949 1.956222 0.464030 -0.199306 0.796528 0.332409
0.470255 -0.226070 1.956271 0.464024 -0.199346 0.796499 0.332464
0.470212 -0.226191 1.956321 0.464017 -0.199390 0.796469 0.332519
0.470167 -0.226313 1.956371 0.464009 -0.199438 0.796438 0.332575
0.470122 -0.226436 1.956421 0.463999 -0.199490 0.796407 0.332632
0.470074 -0.226559 1.956474 0.463984 -0.199549 0.796378 0.332689
0.470024 -0.226681 1.956530 0.463964 -0.199614 0.796349 0.332746
0.469974 -0.226805 1.956586 0.463944 -0.199682 0.796319 0.332805
0.469923 -0.226929 1.956642 0.463923 -0.199752 0.796289 0.332865
0.469871 -0.227053 1.956698 0.463902 -0.199824 0.796258 0.332925
0.469818 -0.227176 1.956756 0.463877 -0.199898 0.796229 0.332984
0.469764 -0.227298 1.956815 0.463849 -0.199976 0.796202 0.333042
0.469709 -0.227421 1.956874 0.463821 -0.200053 0.796173 0.333101
0.469655 -0.227543 1.956931 0.463795 -0.200131 0.796144 0.333161
0.469601 -0.227664 1.956988 0.463768 -0.200209 0.796115 0.333221
0.469546 -0.227784 1.957046 0.463738 -0.200288 0.796088 0.333278
0.469491 -0.227904 1.957103 0.463710 -0.200368 0.796061 0.333337
0.469436 -0.228022 1.957161 0.463678 -0.200448 0.796035 0.333393
0.469381 -0.228139 1.957218 0.463647 -0.200528 0.796009 0.333451
0.469326 -0.228256 1.957274 0.463617 -0.200608 0.795983 0.333508
0.469272 -0.228371 1.957329 0.463587 -0.200687 0.795956 0.333565
0.469217 -0.228485 1.957385 0.463554 -0.200767 0.795932 0.333619
0.469162 -0.228598 1.957442 0.463519 -0.200849 0.795910 0.333673
0.469107 -0.228709 1.957498 0.463486 -0.200929 0.795887 0.333726
0.469053 -0.228820 1.957552 0.463453 -0.201009 0.795863 0.333780
0.468999 -0.228930 1.957605 0.463420 -0.201088 0.795840 0.333833
0.468946 -0.229038 1.957658 0.463388 -0.201166 0.795817 0.333886
0.468893 -0.229145 1.957709 0.463356 -0.201244 0.795794 0.333937
0.468840 -0.229250 1.957762 0.463321 -0.201322 0.795774 0.333987
0.468787 -0.229354 1.957816 0.463284 -0.201401 0.795755 0.334034
0.468734 -0.229456 1.957869 0.463248 -0.201479 0.795736 0.334082
0.468682 -0.229557 1.957920 0.463213 -0.201556 0.795717 0.334130
0.468630 -0.229657 1.957971 0.463178 -0.201633 0.795698 0.334177
0.468566 -0.229739 1.958010 0.463147 -0.201672 0.795687 0.334224
0.468494 -0.229805 1.958046 0.463097 -0.201712 0.795706 0.334223
0.468414 -0.229866 1.958081 0.463034 -0.201768 0.795735 0.334207
0.468330 -0.229926 1.958116 0.462960 -0.201845 0.795769 0.334184
0.468243 -0.229985 1.958152 0.462877 -0.201940 0.795804 0.334157
0.468154 -0.230045 1.958190 0.462787 -0.202050 0.795840 0.334129
0.468062 -0.230105 1.958231 0.462690 -0.202171 0.795879 0.334098
0.467969 -0.230164 1.958274 0.462588 -0.202298 0.795919 0.334066
0.467874 -0.230222 1.958320 0.462481 -0.202431 0.795962 0.334033
0.467765 -0.230286 1.958381 0.462332 -0.202607 0.796027 0.333977
0.467646 -0.230356 1.958455 0.462157 -0.202811 0.796105 0.333910
0.467530 -0.230422 1.958526 0.461998 -0.202994 0.796173 0.333856
0.467419 -0.230485 1.958596 0.461851 -0.203161 0.796235 0.333811
0.467310 -0.230546 1.958664 0.461713 -0.203315 0.796292 0.333772
0.467204 -0.230605 1.958732 0.461581 -0.203460 0.796347 0.333736
0.467099 -0.230662 1.958798 0.461453 -0.203598 0.796399 0.333702
0.466997 -0.230717 1.958864 0.461329 -0.203730 0.796451 0.333670
0.466895 -0.230771 1.958930 0.461206 -0.203859 0.796502 0.333638
0.466795 -0.230823 1.958995 0.461084 -0.203985 0.796554 0.333607
0.466695 -0.230874 1.959061 0.460963 -0.204109 0.796605 0.333576
0.466584 -0.230931 1.959139 0.460806 -0.204273 0.796675 0.333525
0.466465 -0.230992 1.959226 0.460627 -0.204460 0.796756 0.333464
0.466350 -0.231051 1.959309 0.460467 -0.204625 0.796826 0.333418
0.466240 -0.231107 1.959389 0.460319 -0.204772 0.796889 0.333381
0.466133 -0.231161 1.959467 0.460181 -0.204906 0.796948 0.333348
0.466030 -0.231212 1.959542 0.460050 -0.205032 0.797003 0.333319
0.465928 -0.231262 1.959616 0.459924 -0.205151 0.797056 0.333292
0.465829 -0.231311 1.959688 0.459802 -0.205265 0.797109 0.333266
0.465731 -0.231358 1.959759 0.459681 -0.205377 0.797160 0.333242
0.465624 -0.231411 1.959840 0.459529 -0.205526 0.797228 0.333197
0.465509 -0.231468 1.959929 0.459357 -0.205698 0.797304 0.333145
0.465399 -0.231523 1.960014 0.459203 -0.205847 0.797370 0.333107
0.465294 -0.231576 1.960095 0.459063 -0.205979 0.797429 0.333078
0.465192 -0.231625 1.960173 0.458932 -0.206099 0.797484 0.333053
0.465094 -0.231673 1.960248 0.458808 -0.206210 0.797535 0.333031
0.464998 -0.231719 1.960321 0.458689 -0.206315 0.797585 0.333011
0.464904 -0.231764 1.960392 0.458574 -0.206416 0.797633 0.332993
0.464802 -0.231814 1.960472 0.458429 -0.206554 0.797696 0.332955
0.464693 -0.231869 1.960559 0.458267 -0.206713 0.797767 0.332910
0.464589 -0.231921 1.960641 0.458123 -0.206849 0.797827 0.332880
0.464459 -0.231951 1.960686 0.458008 -0.206953 0.797902 0.332794
0.464311 -0.231970 1.960712 0.457914 -0.207037 0.797970 0.332707
0.464151 -0.231985 1.960726 0.457832 -0.207114 0.798030 0.332628
0.463985 -0.231998 1.960734 0.457757 -0.207189 0.798083 0.332558
0.463799 -0.232019 1.960750 0.457646 -0.207316 0.798152 0.332467
0.463614 -0.232039 1.960763 0.457547 -0.207430 0.798209 0.332393
0.463431 -0.232059 1.960775 0.457457 -0.207536 0.798260 0.332329
0.463250 -0.232079 1.960785 0.457374 -0.207637 0.798305 0.332273
0.463071 -0.232099 1.960794 0.457294 -0.207735 0.798347 0.332221
0.462894 -0.232119 1.960804 0.457217 -0.207830 0.798386 0.332172
0.462719 -0.232139 1.960814 0.457142 -0.207923 0.798425 0.332126
0.462546 -0.232159 1.960824 0.457067 -0.208016 0.798462 0.332081
0.462374 -0.232179 1.960835 0.456992 -0.208108 0.798499 0.332037
0.462205 -0.232199 1.960847 0.456917 -0.208201 0.798535 0.331995
0.462037 -0.232220 1.960860 0.456841 -0.208293 0.798572 0.331953
0.461870 -0.232241 1.960874 0.456764 -0.208387 0.798609 0.331912
0.461705 -0.232262 1.960889 0.456686 -0.208481 0.798646 0.331872
0.461541 -0.232284 1.960905 0.456607 -0.208575 0.798683 0.331832
0.461379 -0.232307 1.960923 0.456526 -0.208671 0.798720 0.331792
0.461207 -0.232336 1.960950 0.456413 -0.208808 0.798774 0.331732
0.461029 -0.232372 1.960986 0.456280 -0.208969 0.798836 0.331665
0.460855 -0.232407 1.961021 0.456160 -0.209111 0.798889 0.331612
0.460686 -0.232441 1.961054 0.456050 -0.209239 0.798937 0.331568
0.460521 -0.232473 1.961086 0.455948 -0.209356 0.798980 0.331530
0.460359 -0.232505 1.961117 0.455852 -0.209466 0.799021 0.331495
0.460200 -0.232536 1.961147 0.455759 -0.209570 0.799060 0.331463
0.460043 -0.232566 1.961177 0.455669 -0.209671 0.799097 0.331432
0.459892 -0.232597 1.961204 0.455587 -0.209769 0.799129 0.331408
0.459745 -0.232628 1.961228 0.455509 -0.209864 0.799155 0.331389
0.459602 -0.232660 1.961251 0.455436 -0.209958 0.799179 0.331373
0.459461 -0.232692 1.961272 0.455364 -0.210054 0.799202 0.331356
0.459323 -0.232725 1.961292 0.455293 -0.210150 0.799224 0.331340
0.459187 -0.232759 1.961311 0.455223 -0.210247 0.799245 0.331324
0.459053 -0.232792 1.961330 0.455153 -0.210345 0.799265 0.331309
0.458921 -0.232826 1.961348 0.455084 -0.210443 0.799285 0.331295
0.458790 -0.232861 1.961365 0.455016 -0.210542 0.799303 0.331281
0.458662 -0.232896 1.961383 0.454947 -0.210641 0.799321 0.331268
0.458535 -0.232931 1.961400 0.454879 -0.210740 0.799339 0.331257
0.458409 -0.232967 1.961417 0.454811 -0.210839 0.799356 0.331245
0.458286 -0.233002 1.961434 0.454743 -0.210938 0.799373 0.331235
0.458118 -0.232993 1.961406 0.454715 -0.210959 0.799406 0.331181
0.457922 -0.232957 1.961354 0.454704 -0.210951 0.799446 0.331105
0.457708 -0.232905 1.961290 0.454699 -0.210939 0.799488 0.331017
0.457463 -0.232856 1.961231 0.454645 -0.210998 0.799556 0.330888
0.457199 -0.232807 1.961180 0.454564 -0.211095 0.799635 0.330747
0.456925 -0.232759 1.961138 0.454466 -0.211214 0.799720 0.330601
0.456658 -0.232705 1.961096 0.454388 -0.211306 0.799790 0.330480
0.456405 -0.232638 1.961052 0.454335 -0.211357 0.799854 0.330367
0.456163 -0.232559 1.961007 0.454300 -0.211375 0.799913 0.330258
0.455932 -0.232470 1.960961 0.454280 -0.211366 0.799972 0.330150
0.455712 -0.232371 1.960913 0.454272 -0.211335 0.800029 0.330042
0.455502 -0.232262 1.960865 0.454273 -0.211287 0.800086 0.329934
0.455301 -0.232147 1.960816 0.454281 -0.211224 0.800143 0.329824
0.455107 -0.232024 1.960766 0.454293 -0.211151 0.800201 0.329713
0.454921 -0.231897 1.960716 0.454309 -0.211070 0.800260 0.329601
0.454742 -0.231764 1.960666 0.454326 -0.210985 0.800319 0.329487
0.454569 -0.231628 1.960616 0.454345 -0.210896 0.800379 0.329373
0.454401 -0.231489 1.960567 0.454363 -0.210805 0.800440 0.329258
0.454238 -0.231348 1.960518 0.454381 -0.210714 0.800502 0.329142
0.454079 -0.231206 1.960470 0.454398 -0.210623 0.800564 0.329025
0.453924 -0.231062 1.960423 0.454413 -0.210533 0.800627 0.328908
0.453773 -0.230919 1.960377 0.454427 -0.210446 0.800691 0.328791
0.453624 -0.230776 1.960332 0.454438 -0.210361 0.800755 0.328674
0.453479 -0.230633 1.960288 0.454447 -0.210279 0.800819 0.328557
0.453336 -0.230492 1.960246 0.454453 -0.210201 0.800883 0.328441
0.453195 -0.230352 1.960205 0.454457 -0.210127 0.800948 0.328325
0.453056 -0.230214 1.960165 0.454459 -0.210057 0.801013 0.328211
0.452919 -0.230079 1.960127 0.454458 -0.209991 0.801077 0.328097
0.452766 -0.229956 1.960103 0.454408 -0.209989 0.801164 0.327955
0.452617 -0.229835 1.960080 0.454367 -0.209975 0.801243 0.327827
0.452472 -0.229715 1.960057 0.454332 -0.209952 0.801317 0.327708
0.452331 -0.229597 1.960034 0.454302 -0.209925 0.801388 0.327595
0.452192 -0.229481 1.960012 0.454275 -0.209894 0.801456 0.327487
0.452057 -0.229366 1.959989 0.454251 -0.209862 0.801521 0.327382
0.451929 -0.229253 1.959965 0.454238 -0.209821 0.801577 0.327287
0.451809 -0.229140 1.959939 0.454234 -0.209774 0.801628 0.327199
0.451693 -0.229027 1.959911 0.454232 -0.209726 0.801679 0.327107
0.451580 -0.228915 1.959883 0.454231 -0.209678 0.801731 0.327013
0.451470 -0.228804 1.959855 0.454231 -0.209630 0.801781 0.326919
0.451363 -0.228694 1.959826 0.454231 -0.209583 0.801832 0.326825
0.451208 -0.228521 1.959752 0.454287 -0.209403 0.801873 0.326762
0.451026 -0.228306 1.959652 0.454371 -0.209154 0.801911 0.326712
0.450827 -0.228062 1.959538 0.454466 -0.208874 0.801949 0.326666
0.450618 -0.227798 1.959419 0.454561 -0.208582 0.801990 0.326619
0.450367 -0.227539 1.959322 0.454562 -0.208394 0.802080 0.326515
0.450091 -0.227283 1.959246 0.454505 -0.208268 0.802199 0.326384
0.449799 -0.227030 1.959189 0.454408 -0.208181 0.802336 0.326237
0.449520 -0.226769 1.959131 0.454345 -0.208051 0.802450 0.326128
0.449253 -0.226502 1.959073 0.454304 -0.207894 0.802552 0.326035
0.448995 -0.226229 1.959016 0.454275 -0.207719 0.802649 0.325947
0.448746 -0.225950 1.958961 0.454253 -0.207530 0.802747 0.325858
0.448479 -0.225678 1.958926 0.454170 -0.207407 0.802883 0.325715
0.448201 -0.225412 1.958907 0.454048 -0.207321 0.803041 0.325550
0.447916 -0.225152 1.958902 0.453901 -0.207260 0.803211 0.325375
0.447627 -0.224896 1.958910 0.453735 -0.207217 0.803390 0.325193
0.447335 -0.224646 1.958928 0.453556 -0.207186 0.803574 0.325008
0.447041 -0.224400 1.958955 0.453366 -0.207164 0.803762 0.324822
0.446745 -0.224159 1.958991 0.453169 -0.207150 0.803952 0.324635
0.446449 -0.223923 1.959033 0.452965 -0.207142 0.804144 0.324449
0.446177 -0.223688 1.959064 0.452817 -0.207093 0.804296 0.324309
0.445925 -0.223453 1.959083 0.452712 -0.207012 0.804421 0.324199
0.445690 -0.223217 1.959092 0.452640 -0.206905 0.804526 0.324107
0.445470 -0.222980 1.959091 0.452593 -0.206777 0.804616 0.324030
0.445262 -0.222743 1.959081 0.452567 -0.206633 0.804696 0.323961
0.445065 -0.222505 1.959065 0.452554 -0.206478 0.804769 0.323897
0.444876 -0.222267 1.959044 0.452550 -0.206313 0.804838 0.323834
0.444695 -0.222029 1.959019 0.452551 -0.206144 0.804907 0.323770
0.444519 -0.221791 1.958991 0.452553 -0.205972 0.804977 0.323704
0.444348 -0.221553 1.958962 0.452555 -0.205800 0.805048 0.323633
0.444180 -0.221317 1.958933 0.452553 -0.205629 0.805123 0.323558
0.444016 -0.221081 1.958904 0.452549 -0.205460 0.805200 0.323478
0.443854 -0.220847 1.958877 0.452539 -0.205295 0.805281 0.323395
0.443673 -0.220624 1.958867 0.452467 -0.205196 0.805399 0.323267
0.443479 -0.220411 1.958873 0.452355 -0.205137 0.805535 0.323121
0.443277 -0.220206 1.958890 0.452217 -0.205105 0.805683 0.322966
0.443068 -0.220010 1.958916 0.452061 -0.205094 0.805836 0.322808
0.442855 -0.219821 1.958952 0.451892 -0.205097 0.805994 0.322650
0.442638 -0.219640 1.958994 0.451714 -0.205112 0.806153 0.322492
0.442418 -0.219465 1.959043 0.451528 -0.205136 0.806313 0.322337
0.442197 -0.219298 1.959097 0.451337 -0.205169 0.806473 0.322184
0.441928 -0.219072 1.959087 0.451264 -0.205034 0.806588 0.322083
0.441586 -0.218844 1.959067 0.451148 -0.204969 0.806713 0.321972
0.441235 -0.218586 1.959025 0.451102 -0.204802 0.806804 0.321915
0.440849 -0.218331 1.958992 0.451010 -0.204704 0.806913 0.321834
0.440442 -0.218080 1.958970 0.450889 -0.204645 0.807030 0.321748
0.440048 -0.217811 1.958942 0.450819 -0.204509 0.807126 0.321694
0.439666 -0.217528 1.958910 0.450778 -0.204323 0.807214 0.321646
0.439268 -0.217253 1.958895 0.450684 -0.204210 0.807330 0.321561
0.438860 -0.216986 1.958897 0.450554 -0.204139 0.807459 0.321461
0.438447 -0.216725 1.958912 0.450400 -0.204097 0.807599 0.321354
0.438030 -0.216470 1.958939 0.450228 -0.204073 0.807746 0.321241
0.437612 -0.216219 1.958977 0.450043 -0.204063 0.807898 0.321124
0.437194 -0.215974 1.959023 0.449846 -0.204064 0.808055 0.321005
0.436775 -0.215733 1.959078 0.449641 -0.204074 0.808215 0.320883
0.436386 -0.215484 1.959121 0.449495 -0.204015 0.808347 0.320791
0.436020 -0.215227 1.959152 0.449393 -0.203905 0.808463 0.320712
0.435674 -0.214962 1.959174 0.449323 -0.203757 0.808568 0.320639
0.435346 -0.214691 1.959188 0.449276 -0.203579 0.808669 0.320564
0.435031 -0.214414 1.959195 0.449244 -0.203381 0.808767 0.320487
0.434729 -0.214133 1.959197 0.449221 -0.203169 0.808866 0.320404
0.434435 -0.213848 1.959196 0.449201 -0.202951 0.808967 0.320314
0.434150 -0.213562 1.959194 0.449180 -0.202731 0.809072 0.320218
0.433846 -0.213293 1.959210 0.449095 -0.202595 0.809200 0.320101
0.433530 -0.213038 1.959239 0.448967 -0.202515 0.809340 0.319975
0.433207 -0.212795 1.959278 0.448813 -0.202472 0.809488 0.319846
0.432880 -0.212563 1.959328 0.448639 -0.202456 0.809640 0.319716
0.432549 -0.212341 1.959384 0.448451 -0.202459 0.809794 0.319587
0.432216 -0.212128 1.959447 0.448254 -0.202477 0.809949 0.319460
0.431883 -0.211924 1.959516 0.448050 -0.202507 0.810104 0.319334
0.431549 -0.211727 1.959589 0.447840 -0.202547 0.810258 0.319211
0.431215 -0.211539 1.959666 0.447625 -0.202595 0.810412 0.319091
0.430899 -0.211342 1.959736 0.447447 -0.202586 0.810560 0.318971
0.430579 -0.211155 1.959810 0.447253 -0.202604 0.810709 0.318854
0.430258 -0.210978 1.959889 0.447049 -0.202642 0.810857 0.318739
0.429952 -0.210793 1.959961 0.446875 -0.202632 0.811001 0.318623
0.429642 -0.210619 1.960037 0.446685 -0.202652 0.811145 0.318510
0.429332 -0.210455 1.960117 0.446485 -0.202694 0.811287 0.318401
0.429021 -0.210300 1.960200 0.446278 -0.202752 0.811428 0.318296
0.428711 -0.210153 1.960285 0.446067 -0.202821 0.811566 0.318195
0.428403 -0.210012 1.960371 0.445854 -0.202898 0.811703 0.318096
0.427998 -0.209837 1.960408 0.445653 -0.203009 0.811850 0.317932
0.427561 -0.209602 1.960400 0.445544 -0.202965 0.811978 0.317784
0.427083 -0.209352 1.960381 0.445439 -0.202924 0.812091 0.317670
0.426581 -0.209090 1.960358 0.445335 -0.202882 0.812198 0.317570
0.426063 -0.208817 1.960335 0.445229 -0.202837 0.812305 0.317473
0.425537 -0.208536 1.960315 0.445120 -0.202790 0.812416 0.317373
0.425005 -0.208249 1.960298 0.445006 -0.202742 0.812531 0.317267
0.424470 -0.207958 1.960286 0.444886 -0.202693 0.812653 0.317155
0.423936 -0.207663 1.960278 0.444762 -0.202642 0.812780 0.317037
0.423406 -0.207366 1.960277 0.444634 -0.202590 0.812911 0.316913
0.422880 -0.207067 1.960280 0.444502 -0.202536 0.813047 0.316785
0.422361 -0.206777 1.960292 0.444359 -0.202518 0.813173 0.316670
0.421848 -0.206494 1.960310 0.444207 -0.202532 0.813293 0.316568
0.421342 -0.206220 1.960335 0.444046 -0.202575 0.813406 0.316476
0.420843 -0.205953 1.960366 0.443877 -0.202644 0.813513 0.316393
0.420351 -0.205694 1.960401 0.443700 -0.202737 0.813616 0.316318
0.419865 -0.205442 1.960442 0.443516 -0.202851 0.813714 0.316251
0.419386 -0.205198 1.960486 0.443327 -0.202984 0.813808 0.316189
0.418914 -0.204961 1.960533 0.443133 -0.203133 0.813898 0.316134
0.418448 -0.204732 1.960584 0.442936 -0.203296 0.813984 0.316083
0.417989 -0.204509 1.960636 0.442735 -0.203472 0.814067 0.316038
0.417536 -0.204293 1.960691 0.442531 -0.203659 0.814147 0.315997
0.417089 -0.204083 1.960747 0.442326 -0.203855 0.814224 0.315960
0.416649 -0.203879 1.960805 0.442119 -0.204059 0.814298 0.315926
0.416215 -0.203682 1.960863 0.441912 -0.204270 0.814369 0.315896
0.415787 -0.203490 1.960922 0.441704 -0.204486 0.814439 0.315868
0.415366 -0.203305 1.960982 0.441496 -0.204706 0.814506 0.315843
0.414950 -0.203124 1.961042 0.441289 -0.204929 0.814571 0.315821
0.414541 -0.202949 1.961102 0.441083 -0.205155 0.814634 0.315800
0.414137 -0.202779 1.961162 0.440877 -0.205383 0.814695 0.315781
0.413739 -0.202614 1.961221 0.440673 -0.205611 0.814754 0.315764
0.413347 -0.202454 1.961280 0.440471 -0.205840 0.814812 0.315748
0.412961 -0.202298 1.961339 0.440270 -0.206069 0.814868 0.315734
0.412581 -0.202146 1.961397 0.440071 -0.206297 0.814923 0.315721
0.412206 -0.201999 1.961454 0.439874 -0.206524 0.814976 0.315708
0.411837 -0.201856 1.961511 0.439680 -0.206750 0.815029 0.315697
0.411473 -0.201717 1.961567 0.439488 -0.206974 0.815079 0.315686
0.411115 -0.201582 1.961622 0.439298 -0.207196 0.815129 0.315676
0.410762 -0.201450 1.961676 0.439111 -0.207415 0.815178 0.315666
0.410414 -0.201322 1.961729 0.438926 -0.207632 0.815226 0.315657
0.409981 -0.201154 1.961740 0.438762 -0.207889 0.815257 0.315635
0.409495 -0.200955 1.961731 0.438626 -0.208128 0.815251 0.315683
0.408976 -0.200728 1.961713 0.438507 -0.208348 0.815224 0.315773
0.408436 -0.200477 1.961694 0.438394 -0.208557 0.815190 0.315879
0.407885 -0.200205 1.961677 0.438280 -0.208758 0.815159 0.315984
0.407327 -0.199915 1.961664 0.438162 -0.208955 0.815136 0.316077
0.406766 -0.199608 1.961657 0.438037 -0.209148 0.815124 0.316155
0.406203 -0.199287 1.961655 0.437905 -0.209341 0.815122 0.316214
0.405641 -0.198953 1.961658 0.437765 -0.209532 0.815133 0.316253
0.405082 -0.198608 1.961666 0.437620 -0.209719 0.815155 0.316274
0.404529 -0.198250 1.961680 0.437471 -0.209899 0.815187 0.316277
0.403984 -0.197883 1.961700 0.437319 -0.210072 0.815229 0.316265
0.403448 -0.197507 1.961726 0.437162 -0.210235 0.815281 0.316239
0.402920 -0.197124 1.961758 0.437001 -0.210390 0.815342 0.316202
0.402402 -0.196735 1.961795 0.436837 -0.210536 0.815411 0.316154
0.401892 -0.196341 1.961837 0.436669 -0.210674 0.815487 0.316096
0.401393 -0.195944 1.961883 0.436498 -0.210804 0.815571 0.316030
0.400902 -0.195544 1.961933 0.436325 -0.210928 0.815660 0.315957
0.400421 -0.195142 1.961986 0.436150 -0.211045 0.815755 0.315876
0.399948 -0.194739 1.962042 0.435973 -0.211156 0.815854 0.315790
0.399485 -0.194336 1.962101 0.435795 -0.211261 0.815957 0.315698
0.399029 -0.193933 1.962161 0.435616 -0.211361 0.816064 0.315602
0.398583 -0.193532 1.962223 0.435437 -0.211456 0.816173 0.315502
0.398145 -0.193133 1.962285 0.435258 -0.211547 0.816285 0.315399
0.397715 -0.192735 1.962349 0.435080 -0.211634 0.816399 0.315293
0.397292 -0.192341 1.962413 0.434902 -0.211717 0.816514 0.315185
0.396878 -0.191950 1.962478 0.434724 -0.211796 0.816630 0.315075
0.396471 -0.191562 1.962542 0.434548 -0.211873 0.816747 0.314964
0.396072 -0.191178 1.962607 0.434373 -0.211946 0.816864 0.314851
0.395679 -0.190798 1.962671 0.434200 -0.212016 0.816982 0.314738
0.395294 -0.190423 1.962735 0.434028 -0.212085 0.817099 0.314625
0.394916 -0.190052 1.962799 0.433858 -0.212150 0.817216 0.314511
0.394544 -0.189686 1.962862 0.433690 -0.212214 0.817333 0.314397
0.394179 -0.189325 1.962924 0.433524 -0.212276 0.817449 0.314284
0.393821 -0.188969 1.962985 0.433359 -0.212335 0.817564 0.314171
0.393468 -0.188619 1.963046 0.433197 -0.212394 0.817677 0.314058
0.393122 -0.188274 1.963105 0.433037 -0.212450 0.817790 0.313947
0.392782 -0.187934 1.963164 0.432879 -0.212506 0.817902 0.313836
0.392447 -0.187600 1.963222 0.432723 -0.212560 0.818012 0.313727
0.392119 -0.187272 1.963278 0.432570 -0.212612 0.818122 0.313618
0.391715 -0.186923 1.963290 0.432434 -0.212726 0.818220 0.313471
0.391264 -0.186560 1.963275 0.432327 -0.212837 0.818279 0.313390
0.390783 -0.186186 1.963246 0.432238 -0.212942 0.818312 0.313354
0.390285 -0.185802 1.963210 0.432162 -0.213044 0.818332 0.313340
0.389780 -0.185407 1.963172 0.432092 -0.213141 0.818346 0.313332
0.389273 -0.185004 1.963136 0.432025 -0.213235 0.818362 0.313321
0.388767 -0.184592 1.963102 0.431958 -0.213324 0.818381 0.313301
0.388265 -0.184172 1.963072 0.431890 -0.213410 0.818406 0.313270
0.387769 -0.183744 1.963047 0.431821 -0.213491 0.818439 0.313225
0.387279 -0.183308 1.963026 0.431750 -0.213567 0.818479 0.313166
0.386796 -0.182864 1.963010 0.431676 -0.213639 0.818528 0.313092
0.386321 -0.182414 1.962998 0.431601 -0.213706 0.818584 0.313004
0.385854 -0.181957 1.962990 0.431524 -0.213767 0.818648 0.312901
0.385395 -0.181493 1.962986 0.431445 -0.213823 0.818719 0.312783
0.384945 -0.181023 1.962985 0.431365 -0.213874 0.818798 0.312652
0.384503 -0.180546 1.962988 0.431285 -0.213919 0.818884 0.312507
0.384070 -0.180064 1.962993 0.431204 -0.213958 0.818977 0.312349
0.383645 -0.179576 1.963000 0.431123 -0.213992 0.819076 0.312179
0.383230 -0.179082 1.963010 0.431042 -0.214020 0.819180 0.311996
0.382822 -0.178583 1.963022 0.430963 -0.214042 0.819291 0.311801
0.382423 -0.178079 1.963036 0.430884 -0.214058 0.819407 0.311595
0.382033 -0.177571 1.963052 0.430805 -0.214067 0.819527 0.311381
0.381652 -0.177060 1.963070 0.430725 -0.214069 0.819652 0.311162
0.381279 -0.176547 1.963090 0.430645 -0.214063 0.819780 0.310938
0.380915 -0.176034 1.963113 0.430564 -0.214052 0.819911 0.310711
0.380558 -0.175521 1.963138 0.430482 -0.214035 0.820046 0.310481
0.380209 -0.175009 1.963164 0.430400 -0.214013 0.820183 0.310250
0.379868 -0.174499 1.963192 0.430316 -0.213986 0.820322 0.310017
0.379534 -0.173991 1.963221 0.430232 -0.213955 0.820462 0.309782
0.379206 -0.173487 1.963251 0.430147 -0.213920 0.820604 0.309548
0.378886 -0.172986 1.963282 0.430062 -0.213883 0.820747 0.309314
0.378572 -0.172489 1.963313 0.429977 -0.213843 0.820890 0.309080
0.378265 -0.171997 1.963345 0.429892 -0.213801 0.821033 0.308846
0.377963 -0.171510 1.963378 0.429807 -0.213756 0.821177 0.308614
0.377667 -0.171028 1.963410 0.429722 -0.213711 0.821320 0.308384
0.377377 -0.170552 1.963443 0.429638 -0.213663 0.821462 0.308155
0.377093 -0.170082 1.963475 0.429554 -0.213615 0.821604 0.307928
0.376814 -0.169618 1.963507 0.429471 -0.213566 0.821744 0.307703
0.376540 -0.169160 1.963540 0.429388 -0.213516 0.821884 0.307480
0.376270 -0.168710 1.963571 0.429306 -0.213467 0.822022 0.307260
0.375909 -0.168249 1.963566 0.429197 -0.213481 0.822157 0.307040
0.375486 -0.167784 1.963540 0.429086 -0.213506 0.822264 0.306890
0.375024 -0.167315 1.963501 0.428974 -0.213539 0.822354 0.306785
0.374536 -0.166845 1.963455 0.428859 -0.213581 0.822434 0.306702
0.374031 -0.166373 1.963405 0.428741 -0.213631 0.822510 0.306628
0.373516 -0.165901 1.963354 0.428619 -0.213689 0.822586 0.306552
0.372996 -0.165428 1.963304 0.428497 -0.213751 0.822664 0.306472
0.372476 -0.164954 1.963256 0.428373 -0.213815 0.822745 0.306383
0.371958 -0.164478 1.963211 0.428248 -0.213879 0.822830 0.306284
0.371444 -0.164000 1.963170 0.428123 -0.213943 0.822919 0.306175
0.370934 -0.163520 1.963132 0.427996 -0.214005 0.823014 0.306053
0.370430 -0.163038 1.963098 0.427870 -0.214065 0.823114 0.305920
0.369933 -0.162554 1.963068 0.427743 -0.214123 0.823219 0.305774
0.369442 -0.162067 1.963040 0.427616 -0.214178 0.823329 0.305616
0.368958 -0.161578 1.963016 0.427490 -0.214229 0.823445 0.305446
0.368482 -0.161086 1.962995 0.427364 -0.214276 0.823565 0.305264
0.368013 -0.160591 1.962976 0.427239 -0.214319 0.823690 0.305071
0.367552 -0.160094 1.962960 0.427116 -0.214358 0.823820 0.304866
0.367098 -0.159594 1.962945 0.426994 -0.214393 0.823954 0.304649
0.366652 -0.159091 1.962933 0.426873 -0.214423 0.824093 0.304422
0.366214 -0.158585 1.962923 0.426755 -0.214448 0.824235 0.304185
0.365784 -0.158076 1.962914 0.426639 -0.214468 0.824382 0.303937
0.365362 -0.157564 1.962907 0.426525 -0.214483 0.824532 0.303679
0.364948 -0.157049 1.962901 0.426414 -0.214492 0.824685 0.303411
0.364541 -0.156531 1.962896 0.426306 -0.214497 0.824842 0.303133
0.364143 -0.156010 1.962892 0.426201 -0.214496 0.825002 0.302846
0.363752 -0.155486 1.962889 0.426098 -0.214489 0.825165 0.302550
0.363369 -0.154959 1.962887 0.425999 -0.214477 0.825332 0.302245
0.362994 -0.154429 1.962886 0.425903 -0.214460 0.825500 0.301932
0.362626 -0.153896 1.962885 0.425810 -0.214437 0.825672 0.301610
0.362266 -0.153360 1.962885 0.425720 -0.214409 0.825846 0.301279
0.361914 -0.152821 1.962886 0.425634 -0.214375 0.826022 0.300942
0.361569 -0.152281 1.962888 0.425550 -0.214335 0.826200 0.300602
0.361232 -0.151740 1.962891 0.425466 -0.214287 0.826380 0.300259
0.360902 -0.151200 1.962897 0.425384 -0.214234 0.826561 0.299916
0.360578 -0.150661 1.962904 0.425302 -0.214176 0.826742 0.299573
0.360262 -0.150125 1.962912 0.425220 -0.214113 0.826925 0.299230
0.359953 -0.149590 1.962921 0.425139 -0.214046 0.827107 0.298889
0.359649 -0.149060 1.962932 0.425057 -0.213975 0.827290 0.298549
0.359352 -0.148533 1.962944 0.424976 -0.213901 0.827473 0.298212
0.358973 -0.148002 1.962926 0.424912 -0.213804 0.827595 0.298035
0.358537 -0.147470 1.962893 0.424858 -0.213685 0.827673 0.297980
0.358065 -0.146936 1.962853 0.424805 -0.213559 0.827727 0.297994
0.357569 -0.146401 1.962812 0.424748 -0.213432 0.827773 0.298041
0.357059 -0.145866 1.962773 0.424684 -0.213309 0.827816 0.298098
0.356540 -0.145330 1.962737 0.424614 -0.213191 0.827863 0.298153
0.356017 -0.144794 1.962707 0.424537 -0.213078 0.827916 0.298198
0.355493 -0.144257 1.962681 0.424453 -0.212970 0.827975 0.298230
0.354971 -0.143718 1.962661 0.424364 -0.212865 0.828042 0.298246
0.354451 -0.143179 1.962645 0.424270 -0.212763 0.828116 0.298246
0.353935 -0.142639 1.962635 0.424171 -0.212664 0.828198 0.298229
0.353423 -0.142097 1.962629 0.424069 -0.212566 0.828288 0.298195
0.352917 -0.141554 1.962627 0.423964 -0.212469 0.828385 0.298144
0.352417 -0.141010 1.962629 0.423856 -0.212373 0.828489 0.298077
0.351923 -0.140464 1.962634 0.423747 -0.212277 0.828599 0.297994
0.351435 -0.139916 1.962642 0.423637 -0.212180 0.828715 0.297896
0.350954 -0.139367 1.962653 0.423526 -0.212082 0.828838 0.297783
0.350480 -0.138817 1.962666 0.423415 -0.211983 0.828966 0.297655
0.350012 -0.138264 1.962681 0.423304 -0.211883 0.829099 0.297513
0.349552 -0.137711 1.962698 0.423193 -0.211781 0.829238 0.297357
0.349099 -0.137155 1.962717 0.423084 -0.211676 0.829381 0.297188
0.348654 -0.136597 1.962737 0.422976 -0.211570 0.829528 0.297006
0.348215 -0.136038 1.962758 0.422869 -0.211461 0.829680 0.296812
0.347784 -0.135477 1.962780 0.422765 -0.211349 0.829835 0.296605
0.347361 -0.134915 1.962803 0.422662 -0.211235 0.829995 0.296387
0.346944 -0.134350 1.962826 0.422561 -0.211118 0.830158 0.296157
0.346535 -0.133784 1.962851 0.422463 -0.210998 0.830324 0.295916
0.346134 -0.133215 1.962875 0.422368 -0.210875 0.830494 0.295664
0.345739 -0.132645 1.962900 0.422275 -0.210749 0.830666 0.295402
0.345352 -0.132074 1.962925 0.422185 -0.210620 0.830842 0.295129
0.344972 -0.131500 1.962950 0.422098 -0.210488 0.831020 0.294846
0.344598 -0.130925 1.962976 0.422013 -0.210352 0.831201 0.294554
0.344232 -0.130347 1.963001 0.421932 -0.210213 0.831384 0.294251
0.343873 -0.129769 1.963027 0.421854 -0.210071 0.831570 0.293940
0.343520 -0.129188 1.963052 0.421779 -0.209925 0.831758 0.293620
0.343174 -0.128605 1.963077 0.421707 -0.209776 0.831948 0.293291
0.342835 -0.128021 1.963102 0.421639 -0.209624 0.832140 0.292953
0.342503 -0.127435 1.963127 0.421573 -0.209469 0.832334 0.292607
0.342177 -0.126848 1.963152 0.421511 -0.209310 0.832530 0.292252
0.341857 -0.126259 1.963176 0.421452 -0.209148 0.832728 0.291890
0.341483 -0.125661 1.963168 0.421387 -0.209009 0.832918 0.291542
0.341075 -0.125059 1.963142 0.421331 -0.208845 0.833072 0.291299
0.340646 -0.124454 1.963102 0.421281 -0.208665 0.833204 0.291123
0.340206 -0.123846 1.963054 0.421234 -0.208476 0.833324 0.290982
0.339763 -0.123236 1.963001 0.421189 -0.208284 0.833439 0.290857
0.339321 -0.122624 1.962944 0.421147 -0.208088 0.833551 0.290735
0.338881 -0.122009 1.962885 0.421106 -0.207891 0.833664 0.290612
0.338448 -0.121392 1.962825 0.421069 -0.207692 0.833778 0.290482
0.338020 -0.120773 1.962764 0.421033 -0.207490 0.833894 0.290344
0.337599 -0.120152 1.962704 0.421000 -0.207286 0.834013 0.290197
0.337186 -0.119529 1.962644 0.420970 -0.207080 0.834134 0.290039
0.336780 -0.118903 1.962585 0.420941 -0.206871 0.834259 0.289871
0.336381 -0.118276 1.962527 0.420914 -0.206660 0.834387 0.289692
0.335990 -0.117648 1.962470 0.420890 -0.206446 0.834518 0.289503
0.335606 -0.117017 1.962414 0.420867 -0.206230 0.834652 0.289302
0.335229 -0.116385 1.962359 0.420846 -0.206011 0.834790 0.289091
0.334859 -0.115752 1.962306 0.420826 -0.205790 0.834932 0.288869
0.334495 -0.115117 1.962254 0.420808 -0.205566 0.835076 0.288636
0.334139 -0.114481 1.962203 0.420792 -0.205340 0.835224 0.288393
0.333789 -0.113843 1.962154 0.420778 -0.205112 0.835375 0.288140
0.333445 -0.113205 1.962105 0.420765 -0.204881 0.835529 0.287877
0.333107 -0.112565 1.962059 0.420753 -0.204647 0.835686 0.287604
0.332775 -0.111924 1.962013 0.420743 -0.204411 0.835845 0.287321
0.332449 -0.111282 1.961969 0.420735 -0.204173 0.836008 0.287028
0.332129 -0.110639 1.961926 0.420728 -0.203933 0.836174 0.286727
0.331815 -0.109995 1.961884 0.420723 -0.203691 0.836342 0.286416
0.331506 -0.109351 1.961843 0.420719 -0.203446 0.836513 0.286096
0.331202 -0.108705 1.961803 0.420717 -0.203199 0.836686 0.285768
0.330904 -0.108059 1.961765 0.420717 -0.202950 0.836862 0.285431
0.330611 -0.107412 1.961728 0.420718 -0.202699 0.837040 0.285086
0.330322 -0.106764 1.961691 0.420720 -0.202445 0.837221 0.284732
0.330039 -0.106116 1.961656 0.420724 -0.202190 0.837403 0.284370
0.329760 -0.105467 1.961622 0.420729 -0.201933 0.837588 0.284000
0.329486 -0.104818 1.961589 0.420737 -0.201673 0.837775 0.283623
0.329217 -0.104168 1.961557 0.420745 -0.201412 0.837964 0.283238
0.328952 -0.103517 1.961526 0.420755 -0.201149 0.838154 0.282845
0.328692 -0.102866 1.961496 0.420767 -0.200884 0.838347 0.282446
0.328435 -0.102215 1.961466 0.420780 -0.200617 0.838541 0.282039
0.328183 -0.101563 1.961438 0.420795 -0.200349 0.838737 0.281625
0.327935 -0.100911 1.961410 0.420811 -0.200079 0.838934 0.281204
0.327624 -0.100244 1.961357 0.420832 -0.199790 0.839101 0.280880
0.327268 -0.099567 1.961291 0.420858 -0.199458 0.839229 0.280695
0.326885 -0.098882 1.961218 0.420879 -0.199101 0.839338 0.280591
0.326485 -0.098190 1.961143 0.420894 -0.198733 0.839440 0.280525
0.326075 -0.097492 1.961066 0.420901 -0.198358 0.839543 0.280471
0.325662 -0.096788 1.960991 0.420901 -0.197981 0.839649 0.280418
0.325249 -0.096078 1.960917 0.420897 -0.197602 0.839761 0.280357
0.324837 -0.095363 1.960845 0.420888 -0.197222 0.839879 0.280285
0.324429 -0.094644 1.960777 0.420877 -0.196840 0.840003 0.280200
0.324025 -0.093920 1.960711 0.420862 -0.196456 0.840133 0.280100
0.323626 -0.093193 1.960648 0.420845 -0.196072 0.840270 0.279986
0.323232 -0.092464 1.960588 0.420826 -0.195686 0.840412 0.279858
0.322844 -0.091731 1.960531 0.420806 -0.195300 0.840559 0.279715
0.322461 -0.090996 1.960477 0.420784 -0.194912 0.840713 0.279557
0.322083 -0.090260 1.960426 0.420761 -0.194524 0.840871 0.279386
0.321711 -0.089521 1.960377 0.420738 -0.194136 0.841034 0.279201
0.321344 -0.088782 1.960330 0.420713 -0.193746 0.841202 0.279002
0.320982 -0.088042 1.960286 0.420689 -0.193356 0.841374 0.278791
0.320626 -0.087301 1.960244 0.420664 -0.192966 0.841550 0.278567
0.320274 -0.086559 1.960204 0.420638 -0.192576 0.841730 0.278331
0.319927 -0.085817 1.960166 0.420613 -0.192185 0.841914 0.278084
0.319586 -0.085075 1.960130 0.420588 -0.191795 0.842101 0.277824
0.319248 -0.084333 1.960095 0.420564 -0.191404 0.842291 0.277554
0.318916 -0.083592 1.960063 0.420539 -0.191013 0.842485 0.277272
0.318588 -0.082850 1.960031 0.420515 -0.190622 0.842681 0.276980
0.318264 -0.082110 1.960001 0.420492 -0.190232 0.842880 0.276678
0.317945 -0.081370 1.959973 0.420469 -0.189841 0.843082 0.276366
0.317629 -0.080630 1.959946 0.420448 -0.189451 0.843286 0.276044
0.317318 -0.079892 1.959920 0.420427 -0.189061 0.843493 0.275712
0.317011 -0.079154 1.959895 0.420406 -0.188671 0.843702 0.275371
0.316708 -0.078417 1.959872 0.420387 -0.188281 0.843912 0.275021
0.316408 -0.077681 1.959850 0.420369 -0.187892 0.844125 0.274663
0.316113 -0.076947 1.959828 0.420352 -0.187503 0.844339 0.274295
0.315821 -0.076213 1.959808 0.420336 -0.187115 0.844555 0.273920
0.315532 -0.075481 1.959788 0.420321 -0.186726 0.844773 0.273536
0.315247 -0.074750 1.959770 0.420307 -0.186339 0.844992 0.273144
0.314966 -0.074020 1.959752 0.420295 -0.185951 0.845213 0.272744
0.314688 -0.073291 1.959735 0.420284 -0.185564 0.845435 0.272337
0.314413 -0.072564 1.959719 0.420274 -0.185177 0.845658 0.271922
0.314141 -0.071837 1.959704 0.420265 -0.184791 0.845882 0.271500
0.313828 -0.071099 1.959652 0.420274 -0.184434 0.846096 0.271064
0.313487 -0.070354 1.959579 0.420305 -0.184037 0.846264 0.270760
0.313127 -0.069604 1.959491 0.420347 -0.183615 0.846405 0.270543
0.312759 -0.068847 1.959395 0.420393 -0.183179 0.846531 0.270370
0.312388 -0.068086 1.959292 0.420440 -0.182735 0.846652 0.270219
0.312016 -0.067319 1.959186 0.420489 -0.182286 0.846770 0.270076
0.311647 -0.066548 1.959078 0.420538 -0.181835 0.846889 0.269932
0.311282 -0.065772 1.958969 0.420587 -0.181380 0.847009 0.269784
0.310922 -0.064993 1.958861 0.420636 -0.180924 0.847132 0.269629
0.310567 -0.064211 1.958753 0.420685 -0.180465 0.847258 0.269464
0.310217 -0.063426 1.958646 0.420733 -0.180005 0.847387 0.269290
0.309872 -0.062639 1.958541 0.420781 -0.179543 0.847520 0.269106
0.309532 -0.061850 1.958438 0.420828 -0.179080 0.847657 0.268910
0.309197 -0.061060 1.958336 0.420874 -0.178615 0.847797 0.268704
0.308866 -0.060269 1.958237 0.420919 -0.178150 0.847941 0.268487
0.308540 -0.059477 1.958141 0.420963 -0.177684 0.848090 0.268258
0.308218 -0.058685 1.958046 0.421006 -0.177218 0.848241 0.268018
0.307900 -0.057893 1.957954 0.421048 -0.176751 0.848397 0.267768
0.307586 -0.057101 1.957864 0.421089 -0.176284 0.848556 0.267506
0.307276 -0.056310 1.957776 0.421129 -0.175817 0.848719 0.267234
0.306969 -0.055519 1.957691 0.421168 -0.175350 0.848886 0.266952
0.306665 -0.054729 1.957608 0.421206 -0.174882 0.849055 0.266658
0.306364 -0.053940 1.957527 0.421243 -0.174415 0.849228 0.266355
0.306066 -0.053152 1.957449 0.421279 -0.173949 0.849404 0.266042
0.305771 -0.052365 1.957372 0.421315 -0.173482 0.849583 0.265718
0.305479 -0.051580 1.957298 0.421350 -0.173017 0.849765 0.265385
0.305189 -0.050796 1.957226 0.421384 -0.172551 0.849950 0.265043
0.304902 -0.050014 1.957155 0.421417 -0.172087 0.850137 0.264691
0.304618 -0.049234 1.957087 0.421450 -0.171622 0.850327 0.264330
0.304335 -0.048455 1.957021 0.421482 -0.171159 0.850519 0.263960
0.304055 -0.047679 1.956957 0.421514 -0.170696 0.850713 0.263582
0.303777 -0.046904 1.956894 0.421546 -0.170234 0.850910 0.263195
0.303502 -0.046131 1.956833 0.421577 -0.169773 0.851109 0.262799
0.303228 -0.045360 1.956774 0.421608 -0.169313 0.851310 0.262396
0.302957 -0.044591 1.956717 0.421639 -0.168854 0.851513 0.261984
0.302687 -0.043824 1.956661 0.421669 -0.168395 0.851717 0.261565
0.302419 -0.043059 1.956607 0.421700 -0.167938 0.851923 0.261138
0.302153 -0.042296 1.956555 0.421730 -0.167482 0.852131 0.260703
0.301889 -0.041536 1.956504 0.421760 -0.167026 0.852341 0.260262
0.301627 -0.040777 1.956454 0.421790 -0.166572 0.852551 0.259813
0.301320 -0.040015 1.956368 0.421861 -0.166191 0.852744 0.259309
0.300978 -0.039250 1.956262 0.421968 -0.165761 0.852879 0.258967
0.300609 -0.038482 1.956147 0.422087 -0.165300 0.852981 0.258730
0.300223 -0.037711 1.956028 0.422207 -0.164825 0.853070 0.258545
0.299827 -0.036937 1.955907 0.422323 -0.164345 0.853154 0.258383
0.299423 -0.036160 1.955787 0.422431 -0.163863 0.853241 0.258227
0.299016 -0.035380 1.955670 0.422533 -0.163381 0.853331 0.258067
0.298607 -0.034597 1.955555 0.422627 -0.162899 0.853428 0.257899
0.298198 -0.033812 1.955444 0.422714 -0.162418 0.853530 0.257720
0.297790 -0.033024 1.955337 0.422795 -0.161937 0.853639 0.257529
0.297384 -0.032234 1.955234 0.422869 -0.161457 0.853755 0.257325
0.296979 -0.031444 1.955136 0.422936 -0.160978 0.853877 0.257108
0.296576 -0.030652 1.955041 0.422999 -0.160499 0.854006 0.256878
0.296176 -0.029859 1.954951 0.423056 -0.160021 0.854140 0.256635
0.295778 -0.029067 1.954864 0.423108 -0.159543 0.854281 0.256378
0.295382 -0.028274 1.954781 0.423155 -0.159066 0.854427 0.256109
0.294989 -0.027482 1.954702 0.423198 -0.158589 0.854579 0.255827
0.294598 -0.026690 1.954626 0.423237 -0.158113 0.854736 0.255533
0.294210 -0.025899 1.954554 0.423272 -0.157638 0.854898 0.255227
0.293825 -0.025109 1.954484 0.423304 -0.157163 0.855064 0.254910
0.293442 -0.024321 1.954418 0.423333 -0.156688 0.855235 0.254581
0.293061 -0.023533 1.954354 0.423359 -0.156215 0.855409 0.254242
0.292683 -0.022748 1.954293 0.423382 -0.155742 0.855588 0.253891
0.292308 -0.021964 1.954234 0.423403 -0.155269 0.855770 0.253531
0.291935 -0.021182 1.954178 0.423422 -0.154798 0.855956 0.253160
0.291564 -0.020401 1.954125 0.423440 -0.154327 0.856145 0.252779
0.291195 -0.019623 1.954073 0.423455 -0.153856 0.856337 0.252389
0.290829 -0.018847 1.954024 0.423469 -0.153387 0.856532 0.251990
0.290465 -0.018073 1.953976 0.423481 -0.152919 0.856730 0.251582
0.290104 -0.017302 1.953931 0.423492 -0.152451 0.856930 0.251165
0.289744 -0.016533 1.953887 0.423503 -0.151984 0.857133 0.250739
0.289387 -0.015766 1.953845 0.423512 -0.151519 0.857337 0.250305
0.289032 -0.015001 1.953805 0.423520 -0.151054 0.857544 0.249863
0.288679 -0.014239 1.953767 0.423527 -0.150590 0.857753 0.249414
0.288329 -0.013479 1.953730 0.423534 -0.150127 0.857964 0.248956
0.287980 -0.012722 1.953694 0.423541 -0.149665 0.858176 0.248491
0.287634 -0.011968 1.953660 0.423547 -0.149204 0.858390 0.248019
0.287289 -0.011215 1.953627 0.423552 -0.148745 0.858605 0.247540
0.286947 -0.010466 1.953596 0.423557 -0.148286 0.858822 0.247055
0.286606 -0.009719 1.953566 0.423562 -0.147829 0.859039 0.246562
0.286253 -0.008984 1.953511 0.423556 -0.147599 0.859249 0.245979
0.285886 -0.008250 1.953441 0.423561 -0.147378 0.859407 0.245553
0.285511 -0.007511 1.953361 0.423570 -0.147143 0.859534 0.245232
0.285130 -0.006764 1.953273 0.423581 -0.146889 0.859648 0.244965
0.284747 -0.006007 1.953179 0.423593 -0.146616 0.859758 0.244722
0.284366 -0.005240 1.953081 0.423605 -0.146322 0.859869 0.244486
0.283985 -0.004462 1.952980 0.423618 -0.146008 0.859984 0.244248
0.283608 -0.003675 1.952877 0.423632 -0.145672 0.860103 0.244004
0.283234 -0.002880 1.952773 0.423648 -0.145318 0.860228 0.243749
0.282862 -0.002077 1.952669 0.423664 -0.144946 0.860358 0.243483
0.282494 -0.001266 1.952565 0.423681 -0.144556 0.860494 0.243205
0.282129 -0.000450 1.952462 0.423699 -0.144151 0.860635 0.242915
0.281766 0.000371 1.952359 0.423716 -0.143733 0.860782 0.242612
0.281407 0.001197 1.952259 0.423733 -0.143302 0.860934 0.242296
0.281049 0.002027 1.952159 0.423750 -0.142860 0.861091 0.241968
0.280694 0.002859 1.952062 0.423766 -0.142408 0.861254 0.241629
0.280341 0.003693 1.951967 0.423781 -0.141948 0.861421 0.241277
0.279990 0.004529 1.951873 0.423795 -0.141480 0.861593 0.240915
0.279641 0.005366 1.951782 0.423808 -0.141005 0.861768 0.240541
0.279293 0.006203 1.951693 0.423820 -0.140525 0.861948 0.240156
0.278947 0.007040 1.951606 0.423830 -0.140039 0.862132 0.239762
0.278602 0.007877 1.951521 0.423840 -0.139550 0.862319 0.239357
0.278258 0.008713 1.951439 0.423848 -0.139057 0.862510 0.238943
0.277915 0.009548 1.951358 0.423855 -0.138561 0.862703 0.238519
0.277573 0.010382 1.951280 0.423860 -0.138062 0.862900 0.238086
0.277233 0.011214 1.951204 0.423865 -0.137562 0.863099 0.237645
0.276893 0.012043 1.951131 0.423868 -0.137060 0.863301 0.237195
0.276554 0.012871 1.951059 0.423870 -0.136558 0.863505 0.236737
0.276216 0.013696 1.950990 0.423872 -0.136054 0.863712 0.236271
0.275879 0.014519 1.950922 0.423872 -0.135550 0.863920 0.235797
0.275542 0.015339 1.950857 0.423871 -0.135046 0.864131 0.235316
0.275207 0.016156 1.950794 0.423870 -0.134543 0.864343 0.234828
0.274871 0.016970 1.950732 0.423867 -0.134039 0.864556 0.234333
0.274537 0.017781 1.950673 0.423864 -0.133536 0.864772 0.233831
0.274203 0.018588 1.950615 0.423861 -0.133034 0.864988 0.233323
0.273870 0.019393 1.950560 0.423856 -0.132533 0.865206 0.232809
0.273538 0.020194 1.950506 0.423851 -0.132033 0.865425 0.232288
0.273206 0.020992 1.950453 0.423846 -0.131535 0.865644 0.231761
0.272874 0.021786 1.950403 0.423840 -0.131037 0.865865 0.231229
0.272544 0.022577 1.950354 0.423833 -0.130541 0.866087 0.230691
0.272214 0.023336 1.950285 0.423817 -0.130370 0.866300 0.230015
0.271876 0.024081 1.950205 0.423816 -0.130243 0.866451 0.229520
0.271532 0.024819 1.950116 0.423826 -0.130116 0.866561 0.229156
0.271185 0.025556 1.950020 0.423845 -0.129980 0.866648 0.228871
0.270835 0.026295 1.949916 0.423874 -0.129828 0.866720 0.228632
0.270485 0.027036 1.949808 0.423910 -0.129657 0.866785 0.228415
0.270134 0.027782 1.949696 0.423948 -0.129469 0.866849 0.228206
0.269783 0.028532 1.949582 0.423989 -0.129262 0.866916 0.227995
0.269432 0.029286 1.949468 0.424030 -0.129039 0.866986 0.227778
0.269082 0.030043 1.949353 0.424071 -0.128799 0.867061 0.227552
0.268732 0.030804 1.949239 0.424111 -0.128544 0.867141 0.227316
0.268382 0.031568 1.949127 0.424150 -0.128276 0.867227 0.227068
0.268033 0.032334 1.949015 0.424187 -0.127994 0.867318 0.226808
0.267683 0.033103 1.948906 0.424222 -0.127701 0.867415 0.226537
0.267334 0.033872 1.948799 0.424255 -0.127398 0.867518 0.226253
0.266986 0.034643 1.948694 0.424286 -0.127084 0.867626 0.225957
0.266637 0.035415 1.948592 0.424315 -0.126762 0.867739 0.225650
0.266288 0.036186 1.948492 0.424341 -0.126432 0.867857 0.225331
0.265939 0.036958 1.948395 0.424364 -0.126094 0.867980 0.225001
0.265590 0.037729 1.948301 0.424386 -0.125750 0.868108 0.224660
0.265241 0.038500 1.948209 0.424405 -0.125400 0.868241 0.224308
0.264892 0.039270 1.948120 0.424421 -0.125044 0.868377 0.223945
0.264543 0.040038 1.948034 0.424436 -0.124684 0.868518 0.223572
0.264193 0.040806 1.947950 0.424448 -0.124319 0.868663 0.223190
0.263844 0.041572 1.947868 0.424458 -0.123950 0.868812 0.222797
0.263494 0.042336 1.947790 0.424466 -0.123577 0.868964 0.222395
0.263144 0.043098 1.947713 0.424472 -0.123201 0.869119 0.221983
0.262794 0.043858 1.947640 0.424477 -0.122822 0.869278 0.221563
0.262443 0.044616 1.947568 0.424480 -0.122441 0.869439 0.221134
0.262093 0.045372 1.947499 0.424481 -0.122057 0.869604 0.220696
0.261742 0.046125 1.947432 0.424481 -0.121670 0.869771 0.220250
0.261391 0.046876 1.947368 0.424479 -0.121282 0.869941 0.219796
0.261040 0.047625 1.947306 0.424477 -0.120892 0.870113 0.219335
0.260689 0.048371 1.947246 0.424473 -0.120500 0.870288 0.218865
0.260338 0.049114 1.947187 0.424468 -0.120107 0.870464 0.218388
0.259987 0.049855 1.947131 0.424462 -0.119713 0.870643 0.217904
0.259636 0.050593 1.947077 0.424455 -0.119317 0.870823 0.217413
0.259284 0.051328 1.947025 0.424447 -0.118921 0.871005 0.216915
0.258933 0.052061 1.946975 0.424439 -0.118524 0.871189 0.216411
0.258581 0.052791 1.946926 0.424429 -0.118125 0.871374 0.215899
0.258234 0.053496 1.946870 0.424402 -0.118004 0.871550 0.215308
0.257880 0.054191 1.946812 0.424377 -0.117914 0.871677 0.214894
0.257520 0.054884 1.946753 0.424352 -0.117820 0.871774 0.214601
0.257154 0.055579 1.946692 0.424327 -0.117715 0.871856 0.214376
0.256785 0.056278 1.946628 0.424304 -0.117592 0.871929 0.214190
0.256412 0.056982 1.946562 0.424285 -0.117448 0.871999 0.214022
0.256038 0.057692 1.946495 0.424266 -0.117285 0.872071 0.213858
0.255661 0.058407 1.946427 0.424247 -0.117103 0.872146 0.213688
0.255282 0.059128 1.946360 0.424226 -0.116903 0.872227 0.213508
0.254902 0.059854 1.946294 0.424203 -0.116686 0.872315 0.213314
0.254520 0.060584 1.946229 0.424179 -0.116454 0.872409 0.213106
0.254137 0.061318 1.946166 0.424152 -0.116207 0.872509 0.212883
0.253752 0.062056 1.946104 0.424123 -0.115947 0.872616 0.212645
0.253367 0.062796 1.946044 0.424091 -0.115675 0.872729 0.212393
0.252980 0.063539 1.945987 0.424057 -0.115391 0.872848 0.212125
0.252592 0.064283 1.945932 0.424021 -0.115097 0.872972 0.211844
0.252204 0.065029 1.945878 0.423983 -0.114794 0.873103 0.211548
0.251814 0.065776 1.945827 0.423943 -0.114481 0.873238 0.211239
0.251424 0.066523 1.945778 0.423901 -0.114161 0.873378 0.210917
0.251033 0.067270 1.945731 0.423857 -0.113834 0.873523 0.210582
0.250641 0.068017 1.945686 0.423812 -0.113499 0.873672 0.210235
0.250248 0.068764 1.945644 0.423765 -0.113159 0.873825 0.209876
0.249855 0.069510 1.945603 0.423716 -0.112813 0.873982 0.209506
0.249461 0.070255 1.945564 0.423666 -0.112462 0.874143 0.209124
0.249067 0.070999 1.945527 0.423615 -0.112106 0.874307 0.208731
0.248672 0.071741 1.945492 0.423563 -0.111746 0.874475 0.208328
0.248277 0.072482 1.945458 0.423511 -0.111382 0.874645 0.207915
0.247881 0.073221 1.945427 0.423457 -0.111015 0.874818 0.207492
0.247484 0.073958 1.945397 0.423403 -0.110644 0.874994 0.207060
0.247088 0.074693 1.945368 0.423348 -0.110270 0.875172 0.206618
0.246691 0.075426 1.945341 0.423292 -0.109893 0.875352 0.206168
0.246294 0.076156 1.945316 0.423236 -0.109514 0.875535 0.205709
0.245896 0.076885 1.945292 0.423180 -0.109133 0.875719 0.205241
0.245498 0.077610 1.945269 0.423124 -0.108749 0.875906 0.204766
0.245100 0.078334 1.945248 0.423068 -0.108364 0.876093 0.204282
0.244702 0.079054 1.945228 0.423012 -0.107976 0.876283 0.203791
0.244303 0.079772 1.945209 0.422955 -0.107587 0.876474 0.203293
0.243905 0.080488 1.945192 0.422899 -0.107197 0.876666 0.202787
0.243506 0.081200 1.945175 0.422843 -0.106806 0.876859 0.202274
0.243107 0.081910 1.945160 0.422788 -0.106413 0.877053 0.201755
0.242734 0.082602 1.945133 0.422702 -0.106331 0.877255 0.201097
0.242370 0.083292 1.945099 0.422614 -0.106289 0.877419 0.200590
0.242010 0.083985 1.945058 0.422526 -0.106246 0.877560 0.200182
0.241652 0.084686 1.945010 0.422440 -0.106190 0.877689 0.199823
0.241297 0.085395 1.944955 0.422362 -0.106106 0.877810 0.199504
0.240943 0.086114 1.944892 0.422293 -0.105990 0.877923 0.199213
0.240591 0.086841 1.944822 0.422235 -0.105841 0.878030 0.198942
0.240240 0.087575 1.944746 0.422190 -0.105659 0.878132 0.198686
0.239891 0.088316 1.944663 0.422157 -0.105445 0.878228 0.198443
0.239544 0.089063 1.944574 0.422138 -0.105200 0.878319 0.198211
0.239198 0.089814 1.944479 0.422131 -0.104927 0.878405 0.197990
0.238854 0.090568 1.944379 0.422137 -0.104626 0.878486 0.197779
0.238511 0.091325 1.944275 0.422155 -0.104300 0.878561 0.197578
0.238169 0.092084 1.944166 0.422184 -0.103952 0.878632 0.197385
0.237827 0.092844 1.944054 0.422220 -0.103584 0.878701 0.197191
0.237484 0.093605 1.943942 0.422259 -0.103202 0.878772 0.196991
0.237141 0.094366 1.943828 0.422300 -0.102806 0.878846 0.196782
0.236796 0.095128 1.943716 0.422341 -0.102399 0.878923 0.196563
0.236449 0.095890 1.943604 0.422381 -0.101984 0.879004 0.196332
0.236101 0.096651 1.943493 0.422420 -0.101560 0.879088 0.196089
0.235751 0.097412 1.943385 0.422457 -0.101129 0.879177 0.195835
0.235400 0.098171 1.943278 0.422492 -0.100693 0.879269 0.195568
0.235046 0.098930 1.943173 0.422525 -0.100251 0.879366 0.195290
0.234691 0.099686 1.943071 0.422556 -0.099805 0.879466 0.195000
0.234334 0.100441 1.942971 0.422584 -0.099355 0.879571 0.194698
0.233975 0.101194 1.942873 0.422609 -0.098901 0.879679 0.194384
0.233614 0.101945 1.942778 0.422632 -0.098445 0.879791 0.194060
0.233250 0.102693 1.942686 0.422653 -0.097987 0.879906 0.193724
0.232886 0.103440 1.942596 0.422671 -0.097526 0.880024 0.193377
0.232519 0.104183 1.942508 0.422687 -0.097064 0.880146 0.193020
0.232150 0.104924 1.942423 0.422701 -0.096600 0.880271 0.192652
0.231779 0.105662 1.942341 0.422712 -0.096136 0.880399 0.192274
0.231407 0.106398 1.942261 0.422722 -0.095670 0.880530 0.191886
0.231033 0.107130 1.942184 0.422729 -0.095204 0.880664 0.191488
0.230657 0.107860 1.942109 0.422735 -0.094737 0.880800 0.191081
0.230280 0.108587 1.942036 0.422739 -0.094270 0.880938 0.190665
0.229901 0.109310 1.941965 0.422741 -0.093803 0.881079 0.190239
0.229520 0.110031 1.941897 0.422741 -0.093336 0.881222 0.189805
0.229138 0.110748 1.941831 0.422741 -0.092868 0.881367 0.189362
0.228755 0.111462 1.941767 0.422738 -0.092402 0.881514 0.188911
0.228401 0.112153 1.941698 0.422710 -0.092227 0.881682 0.188275
0.228059 0.112833 1.941627 0.422680 -0.092097 0.881823 0.187744
0.227722 0.113508 1.941554 0.422654 -0.091967 0.881942 0.187306
0.227387 0.114179 1.941479 0.422633 -0.091826 0.882048 0.186926
0.227054 0.114850 1.941401 0.422618 -0.091668 0.882144 0.186584
0.226721 0.115519 1.941319 0.422610 -0.091493 0.882233 0.186268
0.226388 0.116188 1.941234 0.422611 -0.091298 0.882315 0.185971
0.226056 0.116855 1.941145 0.422621 -0.091085 0.882391 0.185692
0.225723 0.117522 1.941052 0.422641 -0.090852 0.882461 0.185428
0.225390 0.118186 1.940955 0.422670 -0.090601 0.882525 0.185177
0.225058 0.118849 1.940855 0.422709 -0.090332 0.882584 0.184940
0.224725 0.119509 1.940752 0.422757 -0.090046 0.882637 0.184716
0.224393 0.120166 1.940645 0.422815 -0.089744 0.882684 0.184504
0.224060 0.120822 1.940536 0.422881 -0.089427 0.882727 0.184302
0.223727 0.121474 1.940425 0.422951 -0.089099 0.882769 0.184100
0.223392 0.122125 1.940315 0.423022 -0.088762 0.882812 0.183893
0.223055 0.122773 1.940204 0.423094 -0.088417 0.882857 0.183678
0.222716 0.123420 1.940096 0.423166 -0.088066 0.882904 0.183454
0.222375 0.124064 1.939988 0.423236 -0.087711 0.882955 0.183220
0.222032 0.124707 1.939883 0.423303 -0.087351 0.883009 0.182976
0.221686 0.125348 1.939780 0.423369 -0.086986 0.883066 0.182720
0.221339 0.125987 1.939679 0.423432 -0.086619 0.883127 0.182454
0.220989 0.126624 1.939580 0.423493 -0.086248 0.883191 0.182176
0.220646 0.127256 1.939488 0.423577 -0.085870 0.883253 0.181858
0.220307 0.127880 1.939403 0.423682 -0.085489 0.883314 0.181500
0.219971 0.128493 1.939326 0.423801 -0.085111 0.883373 0.181109
0.219636 0.129094 1.939257 0.423932 -0.084740 0.883433 0.180687
0.219302 0.129683 1.939197 0.424069 -0.084379 0.883493 0.180241
0.218968 0.130258 1.939146 0.424210 -0.084030 0.883554 0.179772
0.218633 0.130820 1.939103 0.424353 -0.083694 0.883615 0.179286
0.218297 0.131368 1.939067 0.424496 -0.083372 0.883679 0.178785
0.217959 0.131904 1.939039 0.424638 -0.083065 0.883743 0.178270
0.217620 0.132427 1.939018 0.424778 -0.082772 0.883809 0.177745
0.217280 0.132939 1.939003 0.424915 -0.082492 0.883877 0.177211
0.216938 0.133440 1.938993 0.425049 -0.082226 0.883946 0.176670
0.216594 0.133930 1.938988 0.425179 -0.081970 0.884016 0.176122
0.216248 0.134412 1.938988 0.425305 -0.081726 0.884088 0.175568
0.215900 0.134885 1.938991 0.425427 -0.081490 0.884162 0.175010
0.215551 0.135350 1.938998 0.425545 -0.081264 0.884237 0.174448
0.215200 0.135809 1.939008 0.425660 -0.081044 0.884314 0.173883
0.214913 0.136249 1.939012 0.425749 -0.081083 0.884379 0.173312
0.214660 0.136684 1.939011 0.425838 -0.081162 0.884409 0.172903
0.214427 0.137119 1.939004 0.425930 -0.081237 0.884417 0.172598
0.214208 0.137557 1.938991 0.426029 -0.081298 0.884413 0.172345
0.213997 0.137998 1.938973 0.426134 -0.081341 0.884404 0.172114
0.213791 0.138443 1.938950 0.426244 -0.081366 0.884392 0.171889
0.213589 0.138891 1.938923 0.426358 -0.081373 0.884380 0.171663
0.213389 0.139341 1.938893 0.426477 -0.081362 0.884369 0.171433
0.213189 0.139795 1.938861 0.426598 -0.081335 0.884359 0.171195
0.212989 0.140250 1.938826 0.426721 -0.081294 0.884351 0.170950
0.212788 0.140708 1.938790 0.426846 -0.081239 0.884345 0.170696
0.212586 0.141167 1.938752 0.426970 -0.081171 0.884342 0.170433
0.212381 0.141627 1.938714 0.427095 -0.081091 0.884341 0.170162
0.212174 0.142089 1.938675 0.427220 -0.081001 0.884343 0.169881
0.211964 0.142553 1.938636 0.427343 -0.080899 0.884348 0.169591
0.211752 0.143018 1.938597 0.427466 -0.080789 0.884356 0.169293
0.211536 0.143484 1.938559 0.427586 -0.080668 0.884368 0.168985
0.211316 0.143952 1.938520 0.427705 -0.080539 0.884383 0.168668
0.211093 0.144421 1.938482 0.427822 -0.080401 0.884401 0.168342
0.210866 0.144891 1.938445 0.427938 -0.080255 0.884422 0.168006
0.210636 0.145363 1.938408 0.428051 -0.080101 0.884447 0.167662
0.210402 0.145836 1.938372 0.428162 -0.079940 0.884475 0.167308
0.210164 0.146311 1.938336 0.428271 -0.079770 0.884506 0.166946
0.209922 0.146787 1.938302 0.428377 -0.079594 0.884540 0.166574
0.209676 0.147264 1.938268 0.428482 -0.079410 0.884577 0.166194
0.209427 0.147743 1.938235 0.428584 -0.079220 0.884618 0.165804
0.209173 0.148223 1.938203 0.428685 -0.079023 0.884661 0.165406
0.208916 0.148704 1.938172 0.428783 -0.078820 0.884708 0.165000
0.208655 0.149187 1.938142 0.428879 -0.078610 0.884757 0.164584
0.208390 0.149671 1.938112 0.428974 -0.078394 0.884809 0.164161
0.208122 0.150156 1.938084 0.429066 -0.078172 0.884864 0.163728
0.207850 0.150643 1.938056 0.429157 -0.077944 0.884921 0.163288
0.207574 0.151130 1.938029 0.429246 -0.077711 0.884982 0.162840
0.207295 0.151619 1.938003 0.429333 -0.077472 0.885044 0.162383
0.207012 0.152109 1.937978 0.429419 -0.077228 0.885109 0.161919
0.206725 0.152600 1.937954 0.429502 -0.076979 0.885176 0.161447
0.206436 0.153092 1.937930 0.429585 -0.076725 0.885246 0.160967
0.206142 0.153584 1.937908 0.429666 -0.076465 0.885317 0.160480
0.205846 0.154078 1.937886 0.429745 -0.076202 0.885391 0.159986
0.205546 0.154572 1.937865 0.429823 -0.075933 0.885467 0.159484
0.205315 0.155066 1.937839 0.429854 -0.075925 0.885536 0.159021
0.205119 0.155572 1.937809 0.429873 -0.075924 0.885571 0.158771
0.204941 0.156094 1.937775 0.429892 -0.075892 0.885587 0.158649
0.204774 0.156631 1.937736 0.429914 -0.075824 0.885594 0.158580
0.204611 0.157185 1.937692 0.429942 -0.075723 0.885599 0.158524
0.204451 0.157751 1.937645 0.429975 -0.075590 0.885605 0.158463
0.204292 0.158329 1.937595 0.430014 -0.075429 0.885614 0.158388
0.204131 0.158917 1.937543 0.430058 -0.075243 0.885625 0.158294
0.203967 0.159512 1.937488 0.430106 -0.075034 0.885640 0.158181
0.203800 0.160114 1.937433 0.430158 -0.074805 0.885658 0.158048
0.203630 0.160721 1.937376 0.430212 -0.074558 0.885679 0.157896
0.203455 0.161333 1.937320 0.430268 -0.074296 0.885705 0.157725
0.203276 0.161948 1.937263 0.430325 -0.074021 0.885733 0.157537
0.203091 0.162565 1.937207 0.430384 -0.073733 0.885765 0.157331
0.202902 0.163184 1.937151 0.430442 -0.073435 0.885801 0.157110
0.202707 0.163804 1.937096 0.430501 -0.073127 0.885840 0.156872
0.202507 0.164425 1.937042 0.430559 -0.072811 0.885882 0.156620
0.202301 0.165047 1.936989 0.430617 -0.072487 0.885928 0.156354
0.202090 0.165668 1.936938 0.430674 -0.072156 0.885977 0.156073
0.201873 0.166290 1.936887 0.430730 -0.071819 0.886028 0.155779
0.201651 0.166911 1.936838 0.430785 -0.071476 0.886083 0.155472
0.201423 0.167532 1.936790 0.430839 -0.071129 0.886141 0.155153
0.201190 0.168152 1.936744 0.430892 -0.070776 0.886202 0.154821
0.200951 0.168771 1.936699 0.430943 -0.070419 0.886265 0.154478
0.200707 0.169390 1.936655 0.430994 -0.070058 0.886331 0.154123
0.200457 0.170007 1.936612 0.431042 -0.069693 0.886400 0.153757
0.200203 0.170623 1.936571 0.431090 -0.069325 0.886471 0.153380
0.199943 0.171238 1.936531 0.431136 -0.068953 0.886544 0.152993
0.199678 0.171852 1.936493 0.431181 -0.068578 0.886620 0.152595
0.199408 0.172465 1.936456 0.431225 -0.068200 0.886697 0.152188
0.199133 0.173076 1.936419 0.431268 -0.067820 0.886777 0.151771
0.198853 0.173686 1.936384 0.431309 -0.067436 0.886859 0.151345
0.198568 0.174295 1.936351 0.431350 -0.067051 0.886943 0.150910
0.198279 0.174902 1.936318 0.431389 -0.066663 0.887029 0.150465
0.197985 0.175508 1.936286 0.431427 -0.066272 0.887116 0.150012
0.197687 0.176112 1.936256 0.431465 -0.065880 0.887205 0.149551
0.197384 0.176715 1.936226 0.431501 -0.065485 0.887295 0.149081
0.197077 0.177316 1.936197 0.431537 -0.065089 0.887387 0.148604
0.196765 0.177916 1.936170 0.431571 -0.064690 0.887481 0.148118
0.196450 0.178514 1.936143 0.431605 -0.064290 0.887576 0.147625
0.196230 0.179120 1.936104 0.431577 -0.064159 0.887673 0.147181
0.196062 0.179745 1.936054 0.431535 -0.064046 0.887746 0.146913
0.195925 0.180391 1.935991 0.431495 -0.063907 0.887803 0.146743
0.195807 0.181055 1.935917 0.431462 -0.063732 0.887853 0.146615
0.195700 0.181737 1.935829 0.431439 -0.063521 0.887898 0.146501
0.195600 0.182434 1.935731 0.431425 -0.063274 0.887941 0.146386
0.195503 0.183144 1.935623 0.431422 -0.062994 0.887983 0.146264
0.195409 0.183864 1.935506 0.431429 -0.062684 0.888023 0.146131
0.195315 0.184592 1.935381 0.431446 -0.062347 0.888063 0.145986
0.195220 0.185327 1.935250 0.431471 -0.061985 0.888102 0.145828
0.195123 0.186067 1.935114 0.431504 -0.061603 0.888140 0.145657
0.195022 0.186810 1.934974 0.431543 -0.061201 0.888179 0.145473
0.194917 0.187557 1.934830 0.431587 -0.060783 0.888219 0.145276
0.194808 0.188305 1.934684 0.431636 -0.060351 0.888259 0.145066
0.194693 0.189055 1.934536 0.431689 -0.059906 0.888300 0.144844
0.194573 0.189805 1.934387 0.431745 -0.059450 0.888342 0.144609
0.194446 0.190554 1.934237 0.431803 -0.058985 0.888385 0.144361
0.194312 0.191304 1.934087 0.431856 -0.058511 0.888431 0.144108
0.194169 0.192053 1.933935 0.431907 -0.058031 0.888480 0.143847
0.194021 0.192802 1.933784 0.431960 -0.057542 0.888530 0.143573
0.193866 0.193549 1.933634 0.432017 -0.057047 0.888581 0.143286
0.193705 0.194295 1.933485 0.432075 -0.056546 0.888633 0.142985
0.193537 0.195039 1.933337 0.432135 -0.056040 0.888687 0.142671
0.193363 0.195781 1.933190 0.432196 -0.055530 0.888741 0.142345
0.193181 0.196520 1.933046 0.432258 -0.055017 0.888797 0.142007
0.192993 0.197257 1.932903 0.432319 -0.054501 0.888855 0.141657
0.192799 0.197990 1.932762 0.432381 -0.053984 0.888914 0.141296
0.192597 0.198720 1.932624 0.432442 -0.053465 0.888974 0.140924
0.192388 0.199447 1.932488 0.432503 -0.052945 0.889036 0.140541
0.192173 0.200171 1.932354 0.432564 -0.052424 0.889100 0.140149
0.191952 0.200891 1.932222 0.432623 -0.051902 0.889165 0.139747
0.191723 0.201607 1.932092 0.432682 -0.051381 0.889231 0.139335
0.191488 0.202321 1.931965 0.432739 -0.050859 0.889299 0.138914
0.191247 0.203030 1.931840 0.432796 -0.050337 0.889368 0.138484
0.190999 0.203736 1.931717 0.432851 -0.049815 0.889439 0.138045
0.190745 0.204439 1.931597 0.432906 -0.049293 0.889511 0.137598
0.190485 0.205138 1.931478 0.432960 -0.048772 0.889584 0.137143
0.190218 0.205834 1.931362 0.433012 -0.048251 0.889658 0.136679
0.189946 0.206526 1.931248 0.433063 -0.047730 0.889733 0.136208
0.189668 0.207215 1.931136 0.433114 -0.047210 0.889810 0.135729
0.189474 0.207930 1.931043 0.433082 -0.046916 0.889914 0.135245
0.189327 0.208673 1.930959 0.433022 -0.046676 0.890024 0.134798
0.189206 0.209438 1.930878 0.432956 -0.046444 0.890136 0.134354
0.189101 0.210221 1.930796 0.432892 -0.046202 0.890248 0.133896
0.189006 0.211018 1.930711 0.432835 -0.045945 0.890361 0.133419
0.188916 0.211826 1.930622 0.432786 -0.045670 0.890473 0.132925
0.188827 0.212640 1.930528 0.432746 -0.045377 0.890583 0.132416
0.188739 0.213459 1.930429 0.432714 -0.045068 0.890691 0.131896
0.188649 0.214282 1.930324 0.432689 -0.044742 0.890798 0.131367
0.188556 0.215105 1.930215 0.432672 -0.044401 0.890902 0.130830
0.188460 0.215929 1.930102 0.432662 -0.044047 0.891004 0.130288
0.188359 0.216753 1.929984 0.432658 -0.043680 0.891104 0.129741
0.188252 0.217575 1.929863 0.432660 -0.043302 0.891201 0.129191
0.188140 0.218395 1.929738 0.432667 -0.042912 0.891297 0.128636
0.188022 0.219213 1.929611 0.432679 -0.042514 0.891391 0.128077
0.187897 0.220029 1.929482 0.432695 -0.042106 0.891483 0.127515
0.187766 0.220841 1.929351 0.432715 -0.041690 0.891574 0.126950
0.187627 0.221650 1.929218 0.432738 -0.041266 0.891663 0.126381
0.187481 0.222456 1.929084 0.432764 -0.040836 0.891751 0.125808
0.187328 0.223259 1.928949 0.432794 -0.040400 0.891838 0.125231
0.187168 0.224057 1.928814 0.432825 -0.039958 0.891924 0.124651
0.187000 0.224852 1.928679 0.432859 -0.039511 0.892008 0.124067
0.186825 0.225643 1.928543 0.432895 -0.039060 0.892093 0.123480
0.186642 0.226430 1.928408 0.432932 -0.038604 0.892176 0.122888
0.186452 0.227213 1.928273 0.432971 -0.038144 0.892259 0.122292
0.186254 0.227991 1.928138 0.433012 -0.037681 0.892341 0.121693
0.186048 0.228766 1.928004 0.433053 -0.037215 0.892422 0.121090
0.185836 0.229536 1.927871 0.433096 -0.036746 0.892503 0.120482
0.185616 0.230302 1.927738 0.433139 -0.036275 0.892584 0.119871
0.185388 0.231064 1.927607 0.433183 -0.035801 0.892664 0.119256
0.185154 0.231822 1.927477 0.433228 -0.035325 0.892744 0.118638
0.184912 0.232575 1.927347 0.433273 -0.034847 0.892823 0.118015
0.184663 0.233324 1.927219 0.433318 -0.034367 0.892902 0.117389
0.184407 0.234069 1.927093 0.433364 -0.033886 0.892981 0.116759
0.184144 0.234809 1.926967 0.433410 -0.033404 0.893059 0.116125
0.183875 0.235545 1.926843 0.433457 -0.032921 0.893137 0.115488
0.183598 0.236277 1.926720 0.433503 -0.032436 0.893215 0.114848
0.183315 0.237005 1.926599 0.433550 -0.031951 0.893292 0.114204
0.183026 0.237728 1.926479 0.433596 -0.031464 0.893370 0.113556
0.182730 0.238448 1.926361 0.433643 -0.030977 0.893446 0.112905
0.182516 0.239220 1.926268 0.433656 -0.030529 0.893511 0.112467
0.182349 0.240033 1.926187 0.433669 -0.030122 0.893577 0.112001
0.182211 0.240877 1.926110 0.433694 -0.029728 0.893644 0.111472
0.182091 0.241742 1.926033 0.433736 -0.029333 0.893710 0.110887
0.181981 0.242621 1.925953 0.433794 -0.028931 0.893772 0.110258
0.181877 0.243508 1.925869 0.433865 -0.028518 0.893832 0.109598
0.181775 0.244400 1.925780 0.433949 -0.028096 0.893888 0.108915
0.181675 0.245294 1.925686 0.434043 -0.027664 0.893941 0.108219
0.181574 0.246186 1.925586 0.434147 -0.027223 0.893989 0.107513
0.181470 0.247076 1.925481 0.434257 -0.026774 0.894034 0.106803
0.181363 0.247963 1.925371 0.434375 -0.026317 0.894076 0.106089
0.181252 0.248845 1.925257 0.434498 -0.025855 0.894114 0.105375
0.181136 0.249722 1.925138 0.434626 -0.025386 0.894149 0.104661
0.181014 0.250594 1.925015 0.434758 -0.024912 0.894181 0.103947
0.180887 0.251460 1.924889 0.434894 -0.024433 0.894211 0.103235
0.180753 0.252321 1.924759 0.435033 -0.023950 0.894238 0.102524
0.180612 0.253175 1.924627 0.435175 -0.023463 0.894263 0.101814
0.180465 0.254023 1.924493 0.435319 -0.022973 0.894286 0.101106
0.180310 0.254865 1.924357 0.435465 -0.022479 0.894307 0.100398
0.180148 0.255701 1.924220 0.435612 -0.021983 0.894327 0.099691
0.179978 0.256531 1.924081 0.435761 -0.021484 0.894345 0.098984
0.179801 0.257354 1.923941 0.435910 -0.020984 0.894362 0.098278
0.179617 0.258172 1.923801 0.436060 -0.020481 0.894378 0.097572
0.179424 0.258983 1.923660 0.436210 -0.019976 0.894393 0.096866
0.179224 0.259789 1.923519 0.436360 -0.019471 0.894407 0.096160
0.179016 0.260588 1.923378 0.436510 -0.018964 0.894421 0.095453
0.178800 0.261382 1.923237 0.436660 -0.018456 0.894433 0.094746
0.178577 0.262170 1.923096 0.436809 -0.017947 0.894445 0.094038
0.178346 0.262952 1.922956 0.436957 -0.017437 0.894457 0.093330
0.178107 0.263729 1.922816 0.437105 -0.016927 0.894468 0.092621
0.177861 0.264500 1.922677 0.437252 -0.016416 0.894479 0.091911
0.177607 0.265265 1.922538 0.437398 -0.015905 0.894490 0.091200
0.177345 0.266025 1.922401 0.437543 -0.015393 0.894501 0.090488
0.177076 0.266780 1.922264 0.437687 -0.014882 0.894511 0.089775
0.176800 0.267529 1.922128 0.437829 -0.014370 0.894521 0.089061
0.176517 0.268273 1.921994 0.437970 -0.013859 0.894531 0.088345
0.176226 0.269011 1.921860 0.438109 -0.013347 0.894541 0.087629
0.175928 0.269745 1.921728 0.438248 -0.012836 0.894551 0.086911
0.175624 0.270473 1.921597 0.438384 -0.012325 0.894560 0.086193
0.175312 0.271197 1.921467 0.438519 -0.011814 0.894570 0.085473
0.175051 0.271982 1.921373 0.438611 -0.011295 0.894577 0.085000
0.174819 0.272815 1.921298 0.438691 -0.010831 0.894595 0.084459
0.174602 0.273682 1.921231 0.438772 -0.010397 0.894619 0.083828
0.174393 0.274573 1.921167 0.438859 -0.009970 0.894647 0.083126
0.174186 0.275482 1.921103 0.438955 -0.009542 0.894675 0.082371
0.173979 0.276402 1.921035 0.439058 -0.009106 0.894701 0.081579
0.173770 0.277329 1.920964 0.439168 -0.008662 0.894726 0.080762
0.173557 0.278259 1.920888 0.439284 -0.008209 0.894748 0.079928
0.173339 0.279190 1.920807 0.439406 -0.007746 0.894767 0.079084
0.173117 0.280121 1.920721 0.439532 -0.007275 0.894784 0.078234
0.172888 0.281050 1.920630 0.439663 -0.006795 0.894797 0.077381
0.172654 0.281975 1.920534 0.439797 -0.006307 0.894809 0.076526
0.172412 0.282896 1.920434 0.439935 -0.005813 0.894817 0.075672
0.172164 0.283812 1.920329 0.440074 -0.005312 0.894823 0.074819
0.171909 0.284723 1.920221 0.440217 -0.004805 0.894827 0.073967
0.171646 0.285628 1.920109 0.440361 -0.004293 0.894828 0.073118
0.171376 0.286528 1.919995 0.440506 -0.003776 0.894828 0.072271
0.171099 0.287421 1.919877 0.440653 -0.003255 0.894826 0.071427
0.170814 0.288308 1.919758 0.440800 -0.002730 0.894822 0.070584
0.170522 0.289188 1.919636 0.440948 -0.002202 0.894816 0.069745
0.170222 0.290062 1.919513 0.441096 -0.001671 0.894809 0.068907
0.169915 0.290930 1.919389 0.441245 -0.001138 0.894801 0.068071
0.169600 0.291790 1.919263 0.441393 -0.000602 0.894791 0.067238
0.169278 0.292644 1.919136 0.441541 -0.000065 0.894780 0.066407
0.168949 0.293491 1.919009 0.441688 0.000474 0.894769 0.065577
0.168612 0.294331 1.918881 0.441835 0.001014 0.894756 0.064749
0.168268 0.295164 1.918753 0.441981 0.001555 0.894743 0.063923
0.167917 0.295991 1.918625 0.442126 0.002096 0.894729 0.063098
0.167558 0.296810 1.918497 0.442269 0.002638 0.894714 0.062275
0.167193 0.297624 1.918369 0.442412 0.003181 0.894698 0.061454
0.166821 0.298430 1.918241 0.442553 0.003724 0.894682 0.060633
0.166442 0.299230 1.918114 0.442693 0.004267 0.894666 0.059814
0.166056 0.300022 1.917987 0.442831 0.004811 0.894649 0.058997
0.165665 0.300809 1.917862 0.442966 0.005357 0.894632 0.058183
0.165270 0.301587 1.917739 0.443099 0.005903 0.894616 0.057372
0.164870 0.302359 1.917618 0.443227 0.006450 0.894600 0.056565
0.164468 0.303122 1.917499 0.443352 0.006995 0.894584 0.055764
0.164063 0.303878 1.917382 0.443472 0.007539 0.894569 0.054969
0.163657 0.304625 1.917267 0.443589 0.008080 0.894555 0.054179
0.163250 0.305363 1.917155 0.443702 0.008618 0.894541 0.053397
0.162881 0.306188 1.917089 0.443767 0.009265 0.894530 0.052928
0.162534 0.307077 1.917050 0.443808 0.009893 0.894534 0.052405
0.162200 0.308012 1.917026 0.443840 0.010503 0.894547 0.051793
0.161874 0.308980 1.917008 0.443867 0.011106 0.894565 0.051106
0.161553 0.309970 1.916993 0.443894 0.011708 0.894586 0.050363
0.161235 0.310974 1.916976 0.443922 0.012313 0.894608 0.049583
0.160921 0.311986 1.916955 0.443951 0.012923 0.894629 0.048778
0.160608 0.313001 1.916928 0.443983 0.013538 0.894649 0.047960
0.160297 0.314016 1.916895 0.444016 0.014159 0.894666 0.047135
0.159988 0.315029 1.916855 0.444052 0.014785 0.894681 0.046310
0.159681 0.316036 1.916809 0.444091 0.015415 0.894694 0.045489
0.159375 0.317036 1.916756 0.444131 0.016049 0.894703 0.044675
0.159071 0.318029 1.916697 0.444174 0.016686 0.894710 0.043869
0.158769 0.319011 1.916632 0.444219 0.017324 0.894715 0.043073
0.158468 0.319984 1.916561 0.444265 0.017963 0.894716 0.042289
0.158170 0.320945 1.916486 0.444314 0.018602 0.894715 0.041517
0.157874 0.321895 1.916405 0.444364 0.019240 0.894712 0.040757
0.157580 0.322833 1.916321 0.444415 0.019877 0.894706 0.040010
0.157288 0.323759 1.916232 0.444467 0.020511 0.894699 0.039276
0.156999 0.324672 1.916141 0.444521 0.021142 0.894689 0.038555
0.156712 0.325571 1.916046 0.444575 0.021769 0.894677 0.037847
0.156428 0.326458 1.915949 0.444630 0.022391 0.894663 0.037152
0.156146 0.327331 1.915849 0.444686 0.023009 0.894648 0.036470
0.155868 0.328191 1.915747 0.444742 0.023622 0.894631 0.035800
0.155592 0.329037 1.915644 0.444799 0.024229 0.894613 0.035144
0.155320 0.329870 1.915539 0.444856 0.024829 0.894593 0.034500
0.155051 0.330689 1.915432 0.444914 0.025424 0.894572 0.033869
0.154784 0.331495 1.915325 0.444971 0.026011 0.894549 0.033250
0.154521 0.332287 1.915217 0.445029 0.026592 0.894526 0.032643
0.154262 0.333065 1.915108 0.445087 0.027165 0.894501 0.032048
0.154006 0.333830 1.914998 0.445145 0.027731 0.894476 0.031466
0.153753 0.334582 1.914889 0.445203 0.028290 0.894449 0.030895
0.153504 0.335321 1.914779 0.445261 0.028841 0.894422 0.030335
0.153258 0.336046 1.914668 0.445319 0.029384 0.894394 0.029787
0.153016 0.336759 1.914558 0.445376 0.029919 0.894365 0.029251
0.152777 0.337458 1.914448 0.445434 0.030447 0.894336 0.028725
0.152542 0.338145 1.914339 0.445491 0.030966 0.894306 0.028210
0.152311 0.338819 1.914229 0.445548 0.031478 0.894275 0.027707
0.152083 0.339481 1.914120 0.445605 0.031981 0.894244 0.027213
0.151859 0.340130 1.914011 0.445662 0.032477 0.894213 0.026730
0.151661 0.340852 1.913942 0.445701 0.033117 0.894177 0.026475
0.151482 0.341621 1.913896 0.445738 0.033753 0.894144 0.026149
0.151319 0.342422 1.913864 0.445778 0.034369 0.894114 0.025732
0.151166 0.343242 1.913840 0.445820 0.034964 0.894083 0.025239
0.151023 0.344072 1.913819 0.445865 0.035541 0.894053 0.024689
0.150887 0.344906 1.913799 0.445913 0.036102 0.894023 0.024095
0.150758 0.345741 1.913779 0.445964 0.036647 0.893992 0.023469
0.150634 0.346572 1.913757 0.446018 0.037176 0.893960 0.022819
0.150516 0.347397 1.913732 0.446073 0.037692 0.893928 0.022151
0.150401 0.348215 1.913706 0.446131 0.038192 0.893895 0.021469
0.150290 0.349024 1.913676 0.446190 0.038680 0.893860 0.020778
0.150184 0.349822 1.913643 0.446250 0.039159 0.893825 0.020090
0.150081 0.350610 1.913607 0.446312 0.039632 0.893789 0.019410
0.149982 0.351387 1.913566 0.446375 0.040099 0.893751 0.018743
0.149887 0.352151 1.913521 0.446439 0.040561 0.893711 0.018089
0.149795 0.352903 1.913472 0.446504 0.041019 0.893670 0.017451
0.149706 0.353642 1.913420 0.446571 0.041473 0.893628 0.016828
0.149621 0.354369 1.913364 0.446638 0.041922 0.893585 0.016220
0.149538 0.355083 1.913306 0.446706 0.042367 0.893540 0.015628
0.149458 0.355785 1.913244 0.446776 0.042807 0.893495 0.015051
0.149381 0.356474 1.913181 0.446846 0.043242 0.893448 0.014489
0.149307 0.357150 1.913114 0.446916 0.043672 0.893401 0.013942
0.149234 0.357814 1.913046 0.446987 0.044097 0.893352 0.013409
0.149165 0.358465 1.912976 0.447058 0.044517 0.893303 0.012889
0.149097 0.359104 1.912905 0.447130 0.044931 0.893254 0.012384
0.149032 0.359732 1.912832 0.447202 0.045339 0.893204 0.011891
0.148969 0.360347 1.912758 0.447274 0.045742 0.893154 0.011412
0.148908 0.360950 1.912683 0.447346 0.046139 0.893103 0.010945
0.148849 0.361542 1.912608 0.447418 0.046531 0.893052 0.010490
0.148792 0.362123 1.912531 0.447490 0.046916 0.893001 0.010047
0.148737 0.362692 1.912454 0.447562 0.047296 0.892950 0.009615
0.148684 0.363250 1.912377 0.447634 0.047669 0.892898 0.009195
0.148632 0.363798 1.912300 0.447705 0.048037 0.892847 0.008785
0.148583 0.364334 1.912222 0.447776 0.048399 0.892796 0.008386
0.148535 0.364860 1.912144 0.447847 0.048755 0.892744 0.007998
0.148488 0.365376 1.912066 0.447917 0.049105 0.892693 0.007619
0.148443 0.365881 1.911988 0.447987 0.049449 0.892642 0.007250
0.148400 0.366377 1.911911 0.448056 0.049787 0.892591 0.006891
0.148358 0.366862 1.911833 0.448125 0.050119 0.892541 0.006541
0.148318 0.367338 1.911756 0.448194 0.050446 0.892490 0.006200
0.148296 0.367890 1.911722 0.448217 0.050941 0.892451 0.006116
0.148288 0.368493 1.911713 0.448224 0.051445 0.892420 0.005985
0.148290 0.369129 1.911720 0.448224 0.051933 0.892393 0.005775
0.148299 0.369786 1.911735 0.448223 0.052404 0.892368 0.005495
0.148314 0.370456 1.911753 0.448221 0.052857 0.892344 0.005157
0.148334 0.371133 1.911772 0.448221 0.053293 0.892320 0.004776
0.148359 0.371811 1.911790 0.448223 0.053715 0.892296 0.004361
0.148386 0.372488 1.911805 0.448228 0.054123 0.892271 0.003920
0.148416 0.373162 1.911817 0.448235 0.054518 0.892245 0.003458
0.148449 0.373831 1.911826 0.448244 0.054901 0.892219 0.002980
0.148483 0.374494 1.911831 0.448256 0.055271 0.892191 0.002488
0.148518 0.375149 1.911833 0.448270 0.055630 0.892163 0.001983
0.148554 0.375797 1.911833 0.448287 0.055976 0.892134 0.001469
0.148591 0.376436 1.911830 0.448305 0.056310 0.892105 0.000944
0.148628 0.377068 1.911825 0.448324 0.056632 0.892075 0.000411
0.148665 0.377690 1.911818 0.448345 0.056944 0.892045 -0.000127
0.148702 0.378303 1.911808 0.448367 0.057249 0.892014 -0.000661
0.148740 0.378907 1.911796 0.448390 0.057550 0.891983 -0.001186
0.148779 0.379501 1.911780 0.448413 0.057847 0.891951 -0.001700
0.148818 0.380086 1.911762 0.448437 0.058141 0.891919 -0.002203
0.148857 0.380660 1.911740 0.448462 0.058433 0.891886 -0.002692
0.148897 0.381224 1.911716 0.448488 0.058723 0.891852 -0.003169
0.148938 0.381779 1.911689 0.448515 0.059011 0.891818 -0.003634
0.148979 0.382323 1.911661 0.448542 0.059296 0.891783 -0.004085
0.149020 0.382858 1.911629 0.448570 0.059578 0.891748 -0.004525
0.149061 0.383383 1.911596 0.448599 0.059859 0.891713 -0.004952
0.149103 0.383898 1.911562 0.448628 0.060136 0.891677 -0.005368
0.149144 0.384403 1.911525 0.448658 0.060410 0.891641 -0.005772
0.149186 0.384899 1.911487 0.448688 0.060681 0.891605 -0.006165
0.149228 0.385386 1.911448 0.448718 0.060950 0.891568 -0.006547
0.149270 0.385863 1.911408 0.448749 0.061215 0.891532 -0.006918
0.149313 0.386332 1.911366 0.448781 0.061477 0.891495 -0.007279
0.149355 0.386791 1.911324 0.448812 0.061735 0.891459 -0.007631
0.149397 0.387242 1.911281 0.448844 0.061990 0.891422 -0.007972
0.149439 0.387683 1.911237 0.448876 0.062242 0.891385 -0.008304
0.149482 0.388117 1.911193 0.448907 0.062490 0.891349 -0.008627
0.149524 0.388542 1.911148 0.448940 0.062735 0.891312 -0.008941
0.149566 0.388958 1.911103 0.448972 0.062976 0.891276 -0.009246
0.149608 0.389367 1.911058 0.449004 0.063213 0.891240 -0.009543
0.149650 0.389767 1.911012 0.449036 0.063447 0.891204 -0.009832
0.149721 0.390245 1.911009 0.449019 0.063804 0.891186 -0.009886
0.149812 0.390775 1.911031 0.448987 0.064159 0.891176 -0.009976
0.149917 0.391340 1.911069 0.448950 0.064497 0.891169 -0.010137
0.150032 0.391928 1.911116 0.448911 0.064818 0.891162 -0.010362
0.150156 0.392530 1.911166 0.448875 0.065123 0.891155 -0.010639
0.150285 0.393139 1.911216 0.448841 0.065414 0.891147 -0.010958
0.150420 0.393751 1.911265 0.448812 0.065691 0.891137 -0.011312
0.150559 0.394361 1.911310 0.448788 0.065955 0.891124 -0.011692
0.150701 0.394967 1.911351 0.448768 0.066208 0.891110 -0.012091
0.150847 0.395567 1.911388 0.448753 0.066449 0.891094 -0.012507
0.150994 0.396161 1.911421 0.448742 0.066680 0.891077 -0.012935
0.151142 0.396747 1.911450 0.448735 0.066899 0.891057 -0.013374
0.151292 0.397326 1.911476 0.448731 0.067108 0.891036 -0.013823
0.151442 0.397896 1.911498 0.448731 0.067307 0.891014 -0.014281
0.151592 0.398458 1.911517 0.448734 0.067494 0.890991 -0.014746
0.151741 0.399011 1.911534 0.448739 0.067672 0.890967 -0.015219
0.151891 0.399555 1.911548 0.448747 0.067843 0.890942 -0.015689
0.152041 0.400090 1.911558 0.448756 0.068011 0.890916 -0.016151
0.152190 0.400615 1.911565 0.448767 0.068177 0.890890 -0.016603
0.152340 0.401131 1.911568 0.448780 0.068342 0.890862 -0.017042
0.152489 0.401638 1.911568 0.448794 0.068507 0.890834 -0.017468
0.152639 0.402135 1.911565 0.448810 0.068671 0.890806 -0.017882
0.152787 0.402623 1.911559 0.448827 0.068835 0.890776 -0.018283
0.152935 0.403102 1.911549 0.448845 0.068998 0.890746 -0.018672
0.153082 0.403572 1.911537 0.448865 0.069161 0.890716 -0.019048
0.153229 0.404032 1.911523 0.448886 0.069324 0.890685 -0.019413
0.153375 0.404484 1.911507 0.448907 0.069485 0.890653 -0.019766
0.153520 0.404927 1.911488 0.448930 0.069646 0.890622 -0.020108
0.153663 0.405361 1.911467 0.448954 0.069806 0.890590 -0.020439
0.153806 0.405787 1.911445 0.448978 0.069965 0.890557 -0.020760
0.153947 0.406204 1.911421 0.449004 0.070123 0.890525 -0.021070
0.154088 0.406613 1.911396 0.449030 0.070279 0.890492 -0.021371
0.154227 0.407015 1.911370 0.449056 0.070434 0.890460 -0.021663
0.154364 0.407408 1.911342 0.449083 0.070588 0.890427 -0.021946
0.154501 0.407793 1.911314 0.449110 0.070740 0.890394 -0.022220
0.154636 0.408171 1.911284 0.449138 0.070891 0.890362 -0.022485
0.154770 0.408542 1.911254 0.449166 0.071040 0.890329 -0.022743
0.154902 0.408905 1.911223 0.449194 0.071188 0.890297 -0.022992
0.155033 0.409261 1.911191 0.449223 0.071334 0.890264 -0.023234
0.155162 0.409610 1.911158 0.449252 0.071479 0.890232 -0.023468
0.155327 0.410032 1.911173 0.449221 0.071799 0.890226 -0.023321
0.155517 0.410502 1.911214 0.449175 0.072114 0.890227 -0.023191
0.155728 0.411001 1.911270 0.449126 0.072401 0.890230 -0.023128
0.155953 0.411519 1.911335 0.449079 0.072664 0.890232 -0.023128
0.156192 0.412047 1.911404 0.449036 0.072906 0.890233 -0.023177
0.156441 0.412580 1.911473 0.448996 0.073130 0.890232 -0.023263
0.156698 0.413116 1.911542 0.448961 0.073339 0.890230 -0.023377
0.156963 0.413651 1.911608 0.448931 0.073534 0.890225 -0.023516
0.157232 0.414181 1.911670 0.448907 0.073716 0.890218 -0.023676
0.157506 0.414705 1.911729 0.448888 0.073885 0.890209 -0.023854
0.157783 0.415221 1.911783 0.448876 0.074040 0.890197 -0.024049
0.158062 0.415729 1.911833 0.448868 0.074183 0.890183 -0.024257
0.158343 0.416228 1.911879 0.448866 0.074314 0.890167 -0.024478
0.158626 0.416718 1.911921 0.448869 0.074433 0.890149 -0.024710
0.158908 0.417198 1.911960 0.448876 0.074540 0.890130 -0.024952
0.159191 0.417670 1.911997 0.448887 0.074635 0.890109 -0.025205
0.159473 0.418132 1.912031 0.448902 0.074719 0.890087 -0.025468
0.159754 0.418584 1.912063 0.448920 0.074793 0.890065 -0.025738
0.160034 0.419028 1.912092 0.448940 0.074860 0.890041 -0.026008
0.160313 0.419463 1.912118 0.448962 0.074925 0.890016 -0.026272
0.160592 0.419888 1.912141 0.448986 0.074987 0.889992 -0.026527
0.160869 0.420305 1.912160 0.449012 0.075049 0.889966 -0.026773
0.161145 0.420712 1.912176 0.449040 0.075110 0.889940 -0.027009
0.161420 0.421111 1.912189 0.449069 0.075171 0.889913 -0.027236
0.161692 0.421501 1.912200 0.449100 0.075233 0.889885 -0.027453
0.161963 0.421882 1.912207 0.449132 0.075294 0.889857 -0.027661
0.162232 0.422256 1.912212 0.449165 0.075356 0.889829 -0.027860
0.162499 0.422621 1.912215 0.449200 0.075417 0.889800 -0.028050
0.162763 0.422978 1.912215 0.449236 0.075479 0.889771 -0.028232
0.163025 0.423328 1.912213 0.449273 0.075541 0.889742 -0.028406
0.163285 0.423670 1.912210 0.449310 0.075603 0.889712 -0.028573
0.163542 0.424005 1.912204 0.449348 0.075665 0.889683 -0.028732
0.163796 0.424332 1.912197 0.449387 0.075727 0.889653 -0.028885
0.164047 0.424653 1.912189 0.449427 0.075789 0.889623 -0.029030
0.164296 0.424966 1.912179 0.449467 0.075851 0.889593 -0.029170
0.164541 0.425273 1.912168 0.449507 0.075913 0.889563 -0.029303
0.164784 0.425574 1.912156 0.449547 0.075974 0.889533 -0.029431
0.165024 0.425868 1.912143 0.449588 0.076035 0.889503 -0.029554
0.165261 0.426156 1.912129 0.449629 0.076097 0.889473 -0.029671
0.165494 0.426438 1.912114 0.449671 0.076157 0.889443 -0.029783
0.165777 0.426790 1.912146 0.449658 0.076390 0.889441 -0.029428
0.166096 0.427185 1.912204 0.449640 0.076597 0.889445 -0.029078
0.166440 0.427604 1.912277 0.449625 0.076765 0.889447 -0.028795
0.166806 0.428037 1.912358 0.449618 0.076901 0.889446 -0.028574
0.167189 0.428475 1.912441 0.449618 0.077011 0.889442 -0.028403
0.167585 0.428914 1.912525 0.449625 0.077099 0.889435 -0.028267
0.167994 0.429352 1.912607 0.449639 0.077170 0.889425 -0.028159
0.168413 0.429786 1.912687 0.449659 0.077225 0.889413 -0.028072
0.168839 0.430217 1.912765 0.449684 0.077267 0.889399 -0.028000
0.169272 0.430644 1.912839 0.449714 0.077298 0.889383 -0.027943
0.169709 0.431067 1.912911 0.449748 0.077319 0.889365 -0.027897
0.170149 0.431486 1.912979 0.449785 0.077331 0.889347 -0.027864
0.170589 0.431901 1.913046 0.449824 0.077335 0.889327 -0.027842
0.171030 0.432314 1.913110 0.449866 0.077332 0.889306 -0.027832
0.171470 0.432724 1.913173 0.449909 0.077323 0.889285 -0.027835
0.171906 0.433131 1.913233 0.449954 0.077307 0.889264 -0.027852
0.172339 0.433534 1.913292 0.450001 0.077286 0.889240 -0.027887
0.172768 0.433931 1.913349 0.450051 0.077256 0.889216 -0.027941
0.173192 0.434323 1.913404 0.450104 0.077220 0.889190 -0.028013
0.173611 0.434708 1.913455 0.450159 0.077179 0.889163 -0.028095
0.174025 0.435086 1.913504 0.450216 0.077138 0.889135 -0.028180
0.174436 0.435457 1.913548 0.450274 0.077098 0.889106 -0.028263
0.174841 0.435821 1.913589 0.450333 0.077060 0.889077 -0.028343
0.175242 0.436178 1.913626 0.450394 0.077025 0.889047 -0.028420
0.175638 0.436528 1.913660 0.450456 0.076993 0.889016 -0.028492
0.176029 0.436872 1.913690 0.450518 0.076964 0.888985 -0.028560
0.176415 0.437208 1.913717 0.450581 0.076937 0.888953 -0.028623
0.176796 0.437538 1.913740 0.450645 0.076914 0.888921 -0.028682
0.177172 0.437861 1.913761 0.450710 0.076894 0.888888 -0.028737
0.177543 0.438177 1.913779 0.450775 0.076876 0.888855 -0.028787
0.177909 0.438488 1.913794 0.450841 0.076861 0.888821 -0.028834
0.178270 0.438792 1.913807 0.450906 0.076849 0.888788 -0.028877
0.178625 0.439090 1.913818 0.450972 0.076839 0.888754 -0.028917
0.178975 0.439382 1.913827 0.451038 0.076831 0.888720 -0.028954
0.179320 0.439668 1.913834 0.451104 0.076826 0.888686 -0.028987
0.179659 0.439949 1.913839 0.451170 0.076823 0.888652 -0.029018
0.179993 0.440224 1.913842 0.451236 0.076821 0.888617 -0.029047
0.180322 0.440494 1.913844 0.451302 0.076822 0.888583 -0.029072
0.180646 0.440759 1.913844 0.451367 0.076825 0.888549 -0.029096
0.180965 0.441019 1.913843 0.451432 0.076829 0.888515 -0.029118
0.181328 0.441326 1.913900 0.451421 0.076988 0.888523 -0.028610
0.181724 0.441660 1.913992 0.451389 0.077100 0.888546 -0.028080
0.182146 0.442006 1.914105 0.451352 0.077155 0.888575 -0.027601
0.182590 0.442355 1.914231 0.451316 0.077164 0.888606 -0.027176
0.183052 0.442701 1.914365 0.451283 0.077138 0.888637 -0.026793
0.183531 0.443043 1.914503 0.451254 0.077083 0.888667 -0.026444
0.184025 0.443378 1.914644 0.451230 0.077004 0.888695 -0.026120
0.184532 0.443704 1.914786 0.451210 0.076906 0.888723 -0.025816
0.185052 0.444023 1.914929 0.451194 0.076791 0.888749 -0.025528
0.185582 0.444334 1.915070 0.451183 0.076660 0.888774 -0.025253
0.186121 0.444636 1.915211 0.451178 0.076514 0.888797 -0.024991
0.186667 0.444931 1.915350 0.451177 0.076354 0.888818 -0.024741
0.187219 0.445219 1.915487 0.451182 0.076181 0.888837 -0.024503
0.187774 0.445500 1.915622 0.451192 0.075998 0.888854 -0.024277
0.188331 0.445776 1.915756 0.451206 0.075804 0.888869 -0.024064
0.188889 0.446048 1.915888 0.451223 0.075603 0.888883 -0.023864
0.189446 0.446315 1.916019 0.451243 0.075394 0.888895 -0.023679
0.190001 0.446579 1.916149 0.451267 0.075179 0.888906 -0.023508
0.190553 0.446841 1.916278 0.451292 0.074959 0.888916 -0.023353
0.191100 0.447101 1.916405 0.451319 0.074735 0.888925 -0.023214
0.191642 0.447360 1.916532 0.451348 0.074507 0.888932 -0.023093
0.192177 0.447614 1.916656 0.451380 0.074277 0.888938 -0.022988
0.192707 0.447865 1.916777 0.451413 0.074050 0.888942 -0.022891
0.193230 0.448111 1.916895 0.451448 0.073826 0.888946 -0.022800
0.193747 0.448351 1.917008 0.451486 0.073607 0.888947 -0.022711
0.194257 0.448586 1.917117 0.451524 0.073394 0.888947 -0.022623
0.194761 0.448816 1.917222 0.451564 0.073186 0.888946 -0.022535
0.195259 0.449041 1.917322 0.451606 0.072984 0.888944 -0.022446
0.195749 0.449260 1.917419 0.451649 0.072788 0.888941 -0.022357
0.196233 0.449475 1.917511 0.451692 0.072598 0.888936 -0.022266
0.196710 0.449684 1.917600 0.451737 0.072413 0.888931 -0.022175
0.197180 0.449889 1.917685 0.451783 0.072235 0.888925 -0.022083
0.197643 0.450089 1.917767 0.451829 0.072062 0.888917 -0.021990
0.198099 0.450285 1.917845 0.451876 0.071895 0.888909 -0.021896
0.198548 0.450476 1.917920 0.451923 0.071733 0.888901 -0.021802
0.198991 0.450663 1.917992 0.451971 0.071576 0.888891 -0.021708
0.199426 0.450847 1.918062 0.452019 0.071425 0.888881 -0.021614
0.199854 0.451026 1.918128 0.452067 0.071279 0.888871 -0.021519
0.200276 0.451201 1.918192 0.452115 0.071137 0.888860 -0.021425
0.200690 0.451373 1.918253 0.452164 0.071001 0.888849 -0.021332
0.201155 0.451586 1.918355 0.452205 0.070948 0.888843 -0.020831
0.201654 0.451820 1.918480 0.452259 0.070834 0.888836 -0.020345
0.202177 0.452063 1.918618 0.452324 0.070667 0.888826 -0.019919
0.202720 0.452307 1.918765 0.452398 0.070463 0.888813 -0.019547
0.203278 0.452547 1.918917 0.452478 0.070232 0.888798 -0.019215
0.203850 0.452782 1.919072 0.452564 0.069982 0.888780 -0.018914
0.204434 0.453010 1.919229 0.452654 0.069715 0.888762 -0.018636
0.205029 0.453230 1.919386 0.452747 0.069434 0.888742 -0.018376
0.205633 0.453442 1.919544 0.452842 0.069142 0.888721 -0.018131
0.206246 0.453647 1.919701 0.452940 0.068839 0.888699 -0.017899
0.206866 0.453844 1.919858 0.453039 0.068528 0.888677 -0.017678
0.207493 0.454034 1.920014 0.453140 0.068207 0.888655 -0.017468
0.208125 0.454218 1.920170 0.453243 0.067878 0.888631 -0.017269
0.208761 0.454395 1.920324 0.453349 0.067540 0.888606 -0.017082
0.209398 0.454567 1.920476 0.453458 0.067194 0.888580 -0.016906
0.210037 0.454735 1.920627 0.453570 0.066841 0.888553 -0.016743
0.210674 0.454898 1.920777 0.453684 0.066482 0.888525 -0.016592
0.211309 0.455058 1.920925 0.453799 0.066118 0.888495 -0.016454
0.211941 0.455216 1.921072 0.453916 0.065750 0.888465 -0.016330
0.212568 0.455372 1.921218 0.454033 0.065380 0.888435 -0.016221
0.213189 0.455528 1.921363 0.454151 0.065007 0.888403 -0.016127
0.213804 0.455683 1.921508 0.454269 0.064634 0.888372 -0.016049
0.214412 0.455837 1.921651 0.454388 0.064259 0.888339 -0.015990
0.215011 0.455990 1.921792 0.454508 0.063884 0.888306 -0.015949
0.215601 0.456139 1.921930 0.454627 0.063513 0.888272 -0.015921
0.216183 0.456285 1.922065 0.454747 0.063147 0.888237 -0.015897
0.216757 0.456428 1.922196 0.454867 0.062788 0.888202 -0.015876
0.217323 0.456568 1.922323 0.454986 0.062438 0.888166 -0.015855
0.217881 0.456703 1.922446 0.455104 0.062096 0.888129 -0.015833
0.218430 0.456836 1.922565 0.455222 0.061763 0.888093 -0.015810
0.218970 0.456964 1.922680 0.455339 0.061439 0.888056 -0.015785
0.219503 0.457090 1.922791 0.455455 0.061123 0.888018 -0.015758
0.220027 0.457212 1.922898 0.455570 0.060816 0.887981 -0.015730
0.220542 0.457332 1.923002 0.455684 0.060517 0.887943 -0.015700
0.221049 0.457448 1.923102 0.455797 0.060226 0.887906 -0.015669
0.221548 0.457562 1.923199 0.455909 0.059944 0.887868 -0.015636
0.222039 0.457673 1.923293 0.456019 0.059669 0.887830 -0.015602
0.222521 0.457782 1.923383 0.456129 0.059402 0.887792 -0.015567
0.222995 0.457888 1.923471 0.456237 0.059143 0.887755 -0.015531
0.223460 0.457992 1.923556 0.456344 0.058892 0.887717 -0.015495
0.223960 0.458127 1.923685 0.456415 0.058672 0.887701 -0.015132
0.224482 0.458276 1.923840 0.456477 0.058389 0.887695 -0.014768
0.225019 0.458432 1.924010 0.456535 0.058056 0.887692 -0.014446
0.225568 0.458589 1.924187 0.456595 0.057690 0.887689 -0.014167
0.226127 0.458745 1.924368 0.456655 0.057302 0.887687 -0.013922
0.226694 0.458898 1.924550 0.456717 0.056900 0.887685 -0.013704
0.227268 0.459046 1.924733 0.456781 0.056489 0.887681 -0.013506
0.227849 0.459190 1.924915 0.456847 0.056071 0.887676 -0.013326
0.228436 0.459330 1.925096 0.456914 0.055648 0.887671 -0.013161
0.229028 0.459465 1.925275 0.456983 0.055222 0.887664 -0.013008
0.229624 0.459597 1.925452 0.457053 0.054792 0.887657 -0.012868
0.230223 0.459724 1.925626 0.457126 0.054359 0.887648 -0.012740
0.230823 0.459848 1.925798 0.457202 0.053922 0.887637 -0.012625
0.231424 0.459969 1.925967 0.457281 0.053483 0.887624 -0.012521
0.232024 0.460087 1.926134 0.457363 0.053044 0.887610 -0.012425
0.232622 0.460204 1.926296 0.457445 0.052609 0.887595 -0.012328
0.233218 0.460321 1.926454 0.457527 0.052183 0.887579 -0.012229
0.233811 0.460437 1.926607 0.457609 0.051767 0.887562 -0.012125
0.234400 0.460554 1.926757 0.457691 0.051362 0.887545 -0.012016
0.234983 0.460672 1.926901 0.457771 0.050969 0.887528 -0.011903
0.235561 0.460791 1.927042 0.457851 0.050589 0.887510 -0.011786
0.236132 0.460913 1.927178 0.457928 0.050223 0.887493 -0.011666
0.236696 0.461038 1.927310 0.458005 0.049871 0.887475 -0.011544
0.237252 0.461165 1.927437 0.458080 0.049533 0.887456 -0.011422
0.237799 0.461293 1.927560 0.458154 0.049208 0.887438 -0.011302
0.238337 0.461421 1.927678 0.458228 0.048896 0.887418 -0.011187
0.238866 0.461548 1.927791 0.458302 0.048595 0.887398 -0.011074
0.239386 0.461674 1.927899 0.458376 0.048306 0.887377 -0.010964
0.239897 0.461799 1.928003 0.458449 0.048028 0.887355 -0.010855
0.240399 0.461923 1.928102 0.458522 0.047761 0.887334 -0.010748
0.240893 0.462045 1.928196 0.458594 0.047503 0.887311 -0.010643
0.241377 0.462166 1.928287 0.458666 0.047255 0.887289 -0.010539
0.241853 0.462285 1.928373 0.458737 0.047016 0.887266 -0.010436
0.242320 0.462403 1.928456 0.458808 0.046787 0.887243 -0.010334
0.242778 0.462520 1.928535 0.458877 0.046566 0.887220 -0.010233
0.243228 0.462636 1.928610 0.458946 0.046353 0.887196 -0.010134
0.243670 0.462751 1.928683 0.459014 0.046149 0.887173 -0.010036
0.244103 0.462864 1.928752 0.459081 0.045953 0.887150 -0.009940
0.244527 0.462976 1.928818 0.459147 0.045764 0.887126 -0.009845
0.244943 0.463088 1.928881 0.459212 0.045583 0.887103 -0.009752
0.245392 0.463218 1.929002 0.459249 0.045316 0.887100 -0.009454
0.245862 0.463356 1.929157 0.459277 0.044936 0.887108 -0.009186
0.246347 0.463495 1.929332 0.459302 0.044482 0.887120 -0.008971
0.246843 0.463631 1.929518 0.459327 0.043981 0.887134 -0.008800
0.247348 0.463763 1.929710 0.459354 0.043451 0.887148 -0.008664
0.247862 0.463889 1.929906 0.459382 0.042905 0.887161 -0.008553
0.248383 0.464010 1.930103 0.459413 0.042349 0.887172 -0.008462
0.248910 0.464125 1.930300 0.459445 0.041787 0.887183 -0.008386
0.249444 0.464235 1.930497 0.459479 0.041221 0.887192 -0.008323
0.249982 0.464340 1.930694 0.459515 0.040655 0.887200 -0.008272
0.250526 0.464441 1.930889 0.459553 0.040087 0.887207 -0.008232
0.251073 0.464537 1.931082 0.459592 0.039521 0.887213 -0.008200
0.251624 0.464629 1.931272 0.459633 0.038960 0.887216 -0.008166
0.252176 0.464718 1.931458 0.459676 0.038406 0.887219 -0.008126
0.252730 0.464803 1.931640 0.459720 0.037862 0.887220 -0.008080
0.253284 0.464883 1.931816 0.459767 0.037328 0.887218 -0.008029
0.253836 0.464956 1.931986 0.459816 0.036804 0.887215 -0.007973
0.254388 0.465024 1.932150 0.459868 0.036291 0.887210 -0.007911
0.254937 0.465086 1.932308 0.459922 0.035787 0.887203 -0.007842
0.255483 0.465141 1.932461 0.459977 0.035292 0.887195 -0.007766
0.256027 0.465191 1.932609 0.460034 0.034808 0.887185 -0.007684
0.256568 0.465236 1.932751 0.460093 0.034332 0.887174 -0.007596
0.257105 0.465275 1.932888 0.460153 0.033866 0.887162 -0.007502
0.257638 0.465310 1.933021 0.460214 0.033409 0.887148 -0.007402
0.258168 0.465340 1.933149 0.460276 0.032961 0.887134 -0.007297
0.258692 0.465365 1.933272 0.460338 0.032522 0.887119 -0.007187
0.259212 0.465387 1.933392 0.460401 0.032092 0.887103 -0.007073
0.259727 0.465406 1.933507 0.460464 0.031670 0.887086 -0.006955
0.260236 0.465420 1.933619 0.460528 0.031258 0.887068 -0.006834
0.260740 0.465432 1.933727 0.460592 0.030854 0.887050 -0.006710
0.261239 0.465441 1.933831 0.460656 0.030458 0.887032 -0.006584
0.261732 0.465448 1.933932 0.460719 0.030071 0.887013 -0.006455
0.262218 0.465452 1.934030 0.460783 0.029693 0.886994 -0.006325
0.262699 0.465454 1.934125 0.460846 0.029322 0.886974 -0.006193
0.263173 0.465454 1.934217 0.460909 0.028960 0.886954 -0.006060
0.263642 0.465452 1.934306 0.460971 0.028606 0.886934 -0.005926
0.264103 0.465448 1.934392 0.461033 0.028261 0.886914 -0.005792
0.264559 0.465444 1.934476 0.461095 0.027923 0.886894 -0.005657
0.265008 0.465438 1.934557 0.461155 0.027593 0.886873 -0.005521
0.265450 0.465431 1.934635 0.461215 0.027271 0.886853 -0.005386
0.265921 0.465464 1.934768 0.461264 0.026849 0.886841 -0.005204
0.266409 0.465520 1.934931 0.461310 0.026348 0.886833 -0.005090
0.266908 0.465586 1.935109 0.461354 0.025807 0.886826 -0.005038
0.267414 0.465658 1.935295 0.461398 0.025249 0.886820 -0.005028
0.267927 0.465730 1.935483 0.461440 0.024689 0.886814 -0.005041
0.268446 0.465802 1.935671 0.461481 0.024135 0.886807 -0.005063
0.268971 0.465872 1.935857 0.461521 0.023590 0.886801 -0.005086
0.269502 0.465940 1.936040 0.461559 0.023057 0.886795 -0.005103
0.270037 0.466007 1.936219 0.461595 0.022537 0.886790 -0.005113
0.270576 0.466070 1.936394 0.461630 0.022030 0.886784 -0.005112
0.271119 0.466131 1.936564 0.461666 0.021536 0.886778 -0.005101
0.271663 0.466190 1.936728 0.461703 0.021053 0.886770 -0.005079
0.272209 0.466246 1.936887 0.461741 0.020583 0.886761 -0.005050
0.272754 0.466296 1.937040 0.461782 0.020123 0.886751 -0.005014
0.273298 0.466341 1.937186 0.461824 0.019673 0.886739 -0.004971
0.273841 0.466380 1.937327 0.461868 0.019233 0.886726 -0.004920
0.274382 0.466414 1.937461 0.461914 0.018802 0.886712 -0.004862
0.274920 0.466443 1.937590 0.461961 0.018379 0.886697 -0.004796
0.275456 0.466467 1.937714 0.462010 0.017965 0.886680 -0.004723
0.275989 0.466486 1.937833 0.462060 0.017559 0.886663 -0.004643
0.276518 0.466501 1.937947 0.462110 0.017161 0.886645 -0.004556
0.277043 0.466511 1.938056 0.462161 0.016771 0.886626 -0.004464
0.277565 0.466518 1.938162 0.462213 0.016389 0.886607 -0.004366
0.278082 0.466521 1.938263 0.462265 0.016014 0.886587 -0.004263
0.278594 0.466520 1.938360 0.462318 0.015647 0.886566 -0.004155
0.279101 0.466517 1.938453 0.462371 0.015288 0.886546 -0.004044
0.279603 0.466511 1.938544 0.462424 0.014936 0.886524 -0.003929
0.280100 0.466502 1.938630 0.462477 0.014592 0.886503 -0.003811
0.280591 0.466492 1.938714 0.462529 0.014255 0.886482 -0.003691
0.281076 0.466479 1.938794 0.462582 0.013925 0.886460 -0.003568
0.281556 0.466464 1.938872 0.462634 0.013603 0.886438 -0.003443
0.282029 0.466447 1.938947 0.462686 0.013288 0.886416 -0.003317
0.282497 0.466429 1.939019 0.462738 0.012979 0.886394 -0.003189
0.282958 0.466410 1.939089 0.462789 0.012678 0.886373 -0.003060
0.283413 0.466390 1.939157 0.462839 0.012384 0.886351 -0.002931
0.283861 0.466369 1.939222 0.462889 0.012097 0.886329 -0.002801
0.284303 0.466346 1.939285 0.462938 0.011817 0.886308 -0.002671
0.284738 0.466324 1.939346 0.462987 0.011543 0.886286 -0.002541
0.285167 0.466300 1.939405 0.463035 0.011276 0.886265 -0.002411
0.285589 0.466277 1.939462 0.463082 0.011016 0.886244 -0.002281
0.286042 0.466297 1.939569 0.463119 0.010628 0.886230 -0.002149
0.286511 0.466342 1.939700 0.463154 0.010163 0.886217 -0.002093
0.286992 0.466400 1.939840 0.463190 0.009663 0.886204 -0.002100
0.287482 0.466466 1.939981 0.463226 0.009153 0.886190 -0.002146
0.287980 0.466536 1.940120 0.463262 0.008647 0.886176 -0.002212
0.288484 0.466607 1.940252 0.463299 0.008153 0.886162 -0.002285
0.288995 0.466675 1.940377 0.463337 0.007673 0.886146 -0.002358
0.289512 0.466739 1.940495 0.463375 0.007208 0.886130 -0.002426
0.290034 0.466797 1.940604 0.463414 0.006757 0.886113 -0.002484
0.290563 0.466848 1.940704 0.463454 0.006319 0.886095 -0.002529
0.291097 0.466892 1.940796 0.463497 0.005892 0.886075 -0.002561
0.291635 0.466929 1.940879 0.463543 0.005475 0.886054 -0.002577
0.292177 0.466958 1.940954 0.463591 0.005066 0.886031 -0.002579
0.292722 0.466980 1.941021 0.463643 0.004666 0.886006 -0.002565
0.293270 0.466994 1.941082 0.463697 0.004272 0.885980 -0.002537
0.293818 0.467002 1.941135 0.463753 0.003886 0.885953 -0.002496
0.294368 0.467004 1.941183 0.463811 0.003506 0.885924 -0.002441
0.294918 0.467000 1.941225 0.463871 0.003133 0.885894 -0.002375
0.295468 0.466990 1.941261 0.463933 0.002767 0.885863 -0.002297
0.296016 0.466975 1.941293 0.463996 0.002406 0.885831 -0.002209
0.296563 0.466955 1.941320 0.464060 0.002053 0.885799 -0.002111
0.297108 0.466930 1.941343 0.464125 0.001705 0.885766 -0.002005
0.297651 0.466901 1.941362 0.464191 0.001364 0.885732 -0.001891
0.298191 0.466869 1.941377 0.464257 0.001029 0.885698 -0.001770
0.298727 0.466833 1.941389 0.464324 0.000700 0.885664 -0.001643
0.299260 0.466793 1.941398 0.464391 0.000377 0.885629 -0.001510
0.299789 0.466751 1.941405 0.464458 0.000060 0.885594 -0.001371
0.300313 0.466706 1.941409 0.464525 -0.000251 0.885559 -0.001228
0.300833 0.466658 1.941410 0.464593 -0.000556 0.885524 -0.001082
0.301348 0.466608 1.941410 0.464659 -0.000855 0.885489 -0.000931
0.301858 0.466556 1.941407 0.464726 -0.001148 0.885453 -0.000777
0.302363 0.466503 1.941403 0.464792 -0.001435 0.885418 -0.000621
0.302862 0.466448 1.941397 0.464858 -0.001716 0.885383 -0.000463
0.303355 0.466391 1.941390 0.464923 -0.001991 0.885349 -0.000303
0.303842 0.466334 1.941382 0.464988 -0.002261 0.885314 -0.000141
0.304324 0.466275 1.941372 0.465052 -0.002524 0.885280 0.000021
0.304799 0.466216 1.941361 0.465115 -0.002782 0.885246 0.000185
0.305268 0.466156 1.941350 0.465177 -0.003035 0.885212 0.000349
0.305730 0.466096 1.941337 0.465238 -0.003282 0.885179 0.000513
0.306186 0.466035 1.941324 0.465299 -0.003523 0.885146 0.000677
0.306677 0.466033 1.941358 0.465389 -0.003793 0.885098 0.000932
0.307187 0.466062 1.941415 0.465492 -0.004109 0.885042 0.001098
0.307706 0.466109 1.941483 0.465601 -0.004444 0.884983 0.001183
0.308232 0.466164 1.941555 0.465712 -0.004780 0.884923 0.001217
0.308764 0.466224 1.941626 0.465823 -0.005107 0.884863 0.001223
0.309301 0.466285 1.941695 0.465932 -0.005422 0.884803 0.001217
0.309843 0.466346 1.941761 0.466038 -0.005725 0.884745 0.001210
0.310390 0.466405 1.941824 0.466142 -0.006014 0.884688 0.001207
0.310941 0.466462 1.941882 0.466244 -0.006290 0.884633 0.001209
0.311495 0.466512 1.941934 0.466344 -0.006555 0.884578 0.001217
0.312053 0.466556 1.941982 0.466443 -0.006809 0.884524 0.001234
0.312615 0.466592 1.942025 0.466539 -0.007055 0.884472 0.001262
0.313181 0.466621 1.942063 0.466634 -0.007294 0.884420 0.001300
0.313752 0.466641 1.942096 0.466727 -0.007527 0.884368 0.001350
0.314325 0.466653 1.942125 0.466821 -0.007755 0.884317 0.001413
0.314902 0.466655 1.942148 0.466916 -0.007982 0.884265 0.001488
0.315481 0.466649 1.942167 0.467011 -0.008206 0.884212 0.001575
0.316061 0.466635 1.942181 0.467108 -0.008429 0.884159 0.001675
0.316642 0.466613 1.942192 0.467205 -0.008652 0.884105 0.001786
0.317224 0.466583 1.942198 0.467303 -0.008873 0.884051 0.001908
0.317805 0.466546 1.942202 0.467402 -0.009094 0.883996 0.002040
0.318385 0.466503 1.942202 0.467501 -0.009315 0.883941 0.002181
0.318964 0.466453 1.942200 0.467600 -0.009534 0.883886 0.002331
0.319541 0.466398 1.942195 0.467699 -0.009752 0.883831 0.002488
0.320116 0.466337 1.942187 0.467798 -0.009970 0.883775 0.002653
0.320687 0.466271 1.942178 0.467897 -0.010186 0.883720 0.002823
0.321255 0.466201 1.942167 0.467995 -0.010400 0.883665 0.003000
0.321820 0.466127 1.942155 0.468093 -0.010613 0.883610 0.003181
0.322380 0.466048 1.942141 0.468190 -0.010825 0.883555 0.003367
0.322936 0.465967 1.942125 0.468287 -0.011034 0.883501 0.003557
0.323487 0.465882 1.942109 0.468382 -0.011242 0.883446 0.003749
0.324034 0.465794 1.942092 0.468477 -0.011448 0.883393 0.003945
0.324575 0.465704 1.942074 0.468571 -0.011651 0.883339 0.004143
0.325110 0.465612 1.942055 0.468664 -0.011852 0.883286 0.004343
0.325640 0.465517 1.942035 0.468756 -0.012051 0.883234 0.004544
0.326164 0.465421 1.942015 0.468846 -0.012247 0.883182 0.004746
0.326681 0.465324 1.941995 0.468935 -0.012441 0.883131 0.004949
0.327193 0.465225 1.941975 0.469024 -0.012632 0.883080 0.005153
0.327698 0.465125 1.941954 0.469110 -0.012820 0.883030 0.005356
0.328197 0.465025 1.941933 0.469196 -0.013005 0.882981 0.005559
0.328727 0.464979 1.941956 0.469328 -0.013165 0.882906 0.005912
0.329273 0.464962 1.942002 0.469477 -0.013358 0.882822 0.006181
0.329825 0.464960 1.942060 0.469631 -0.013565 0.882735 0.006370
0.330381 0.464966 1.942122 0.469787 -0.013771 0.882649 0.006507
0.330940 0.464974 1.942188 0.469939 -0.013971 0.882563 0.006614
0.331502 0.464982 1.942253 0.470089 -0.014162 0.882480 0.006708
0.332066 0.464989 1.942319 0.470234 -0.014343 0.882399 0.006797
0.332633 0.464995 1.942383 0.470374 -0.014515 0.882321 0.006886
0.333203 0.464999 1.942446 0.470510 -0.014679 0.882245 0.006980
0.333774 0.465001 1.942507 0.470641 -0.014834 0.882172 0.007080
0.334348 0.465001 1.942566 0.470768 -0.014981 0.882101 0.007186
0.334924 0.464999 1.942624 0.470890 -0.015121 0.882032 0.007299
0.335501 0.464996 1.942679 0.471007 -0.015253 0.881966 0.007419
0.336080 0.464991 1.942733 0.471121 -0.015378 0.881902 0.007546
0.336660 0.464985 1.942783 0.471231 -0.015496 0.881840 0.007681
0.337240 0.464977 1.942830 0.471340 -0.015610 0.881779 0.007821
0.337820 0.464968 1.942875 0.471448 -0.015719 0.881718 0.007969
0.338397 0.464959 1.942916 0.471554 -0.015823 0.881658 0.008123
0.338972 0.464951 1.942954 0.471659 -0.015922 0.881598 0.008282
0.339543 0.464941 1.942989 0.471763 -0.016017 0.881540 0.008443
0.340109 0.464929 1.943021 0.471866 -0.016107 0.881481 0.008605
0.340670 0.464914 1.943049 0.471968 -0.016193 0.881424 0.008769
0.341226 0.464897 1.943073 0.472069 -0.016277 0.881366 0.008934
0.341777 0.464877 1.943095 0.472169 -0.016357 0.881309 0.009101
0.342322 0.464855 1.943114 0.472268 -0.016436 0.881253 0.009270
0.342861 0.464831 1.943130 0.472366 -0.016512 0.881197 0.009441
0.343394 0.464804 1.943144 0.472463 -0.016587 0.881142 0.009614
0.343920 0.464775 1.943155 0.472559 -0.016660 0.881087 0.009787
0.344440 0.464745 1.943164 0.472654 -0.016731 0.881033 0.009962
0.344954 0.464713 1.943172 0.472747 -0.016800 0.880980 0.010137
0.345461 0.464680 1.943177 0.472839 -0.016867 0.880927 0.010313
0.345961 0.464645 1.943181 0.472930 -0.016933 0.880875 0.010489
0.346454 0.464609 1.943183 0.473019 -0.016997 0.880824 0.010664
0.346941 0.464573 1.943184 0.473107 -0.017059 0.880773 0.010839
0.347420 0.464536 1.943184 0.473193 -0.017119 0.880724 0.011014
0.347892 0.464498 1.943183 0.473278 -0.017177 0.880675 0.011187
0.348357 0.464460 1.943180 0.473361 -0.017233 0.880627 0.011360
0.348814 0.464422 1.943177 0.473443 -0.017288 0.880579 0.011531
0.349265 0.464384 1.943173 0.473523 -0.017340 0.880533 0.011701
0.349708 0.464345 1.943168 0.473602 -0.017391 0.880487 0.011869
0.350181 0.464341 1.943202 0.473742 -0.017426 0.880407 0.012174
0.350670 0.464351 1.943256 0.473902 -0.017510 0.880316 0.012399
0.351168 0.464365 1.943321 0.474071 -0.017619 0.880221 0.012554
0.351673 0.464380 1.943392 0.474240 -0.017739 0.880126 0.012668
0.352183 0.464391 1.943466 0.474407 -0.017862 0.880032 0.012760
0.352699 0.464398 1.943541 0.474571 -0.017983 0.879940 0.012844
0.353219 0.464400 1.943617 0.474730 -0.018101 0.879850 0.012928
0.353744 0.464397 1.943692 0.474885 -0.018216 0.879763 0.013016
0.354273 0.464388 1.943768 0.475034 -0.018327 0.879679 0.013110
0.354806 0.464375 1.943843 0.475179 -0.018435 0.879597 0.013212
0.355343 0.464358 1.943917 0.475319 -0.018538 0.879517 0.013321
0.355884 0.464336 1.943990 0.475454 -0.018638 0.879440 0.013438
0.356428 0.464311 1.944061 0.475585 -0.018734 0.879366 0.013563
0.356975 0.464282 1.944132 0.475711 -0.018825 0.879294 0.013696
0.357524 0.464249 1.944200 0.475832 -0.018912 0.879224 0.013836
0.358077 0.464214 1.944267 0.475950 -0.018994 0.879156 0.013983
0.358632 0.464177 1.944333 0.476062 -0.019072 0.879091 0.014137
0.359189 0.464137 1.944396 0.476171 -0.019145 0.879028 0.014297
0.359748 0.464094 1.944457 0.476277 -0.019213 0.878966 0.014464
0.360308 0.464050 1.944515 0.476381 -0.019278 0.878906 0.014638
0.360868 0.464004 1.944570 0.476484 -0.019341 0.878846 0.014817
0.361426 0.463956 1.944622 0.476585 -0.019401 0.878786 0.015001
0.361982 0.463904 1.944670 0.476686 -0.019459 0.878727 0.015187
0.362535 0.463849 1.944715 0.476785 -0.019515 0.878669 0.015375
0.363085 0.463789 1.944757 0.476884 -0.019570 0.878610 0.015567
0.363632 0.463725 1.944796 0.476982 -0.019626 0.878552 0.015762
0.364174 0.463658 1.944832 0.477080 -0.019682 0.878495 0.015959
0.364712 0.463587 1.944865 0.477176 -0.019738 0.878437 0.016160
0.365246 0.463512 1.944896 0.477271 -0.019794 0.878381 0.016363
0.365775 0.463435 1.944925 0.477366 -0.019851 0.878324 0.016568
0.366299 0.463355 1.944951 0.477459 -0.019909 0.878268 0.016775
0.366817 0.463273 1.944976 0.477551 -0.019967 0.878213 0.016983
0.367331 0.463188 1.944998 0.477642 -0.020025 0.878158 0.017192
0.367838 0.463102 1.945019 0.477731 -0.020083 0.878104 0.017403
0.368340 0.463014 1.945039 0.477819 -0.020141 0.878051 0.017613
0.368836 0.462925 1.945056 0.477906 -0.020199 0.877998 0.017823
0.369325 0.462834 1.945073 0.477992 -0.020256 0.877945 0.018034
0.369809 0.462743 1.945089 0.478076 -0.020313 0.877894 0.018243
0.370286 0.462650 1.945103 0.478159 -0.020370 0.877843 0.018452
0.370756 0.462558 1.945116 0.478240 -0.020426 0.877793 0.018660
0.371254 0.462492 1.945167 0.478394 -0.020508 0.877702 0.018923
0.371764 0.462437 1.945237 0.478573 -0.020648 0.877597 0.019093
0.372280 0.462384 1.945319 0.478761 -0.020818 0.877489 0.019192
0.372801 0.462328 1.945408 0.478950 -0.021001 0.877380 0.019250
0.373325 0.462269 1.945502 0.479136 -0.021188 0.877273 0.019288
0.373851 0.462205 1.945599 0.479317 -0.021374 0.877169 0.019319
0.374380 0.462136 1.945698 0.479493 -0.021558 0.877067 0.019350
0.374912 0.462062 1.945800 0.479663 -0.021739 0.876969 0.019385
0.375447 0.461983 1.945902 0.479827 -0.021915 0.876874 0.019427
0.375984 0.461899 1.946006 0.479985 -0.022088 0.876782 0.019475
0.376523 0.461812 1.946110 0.480137 -0.022257 0.876693 0.019531
0.377064 0.461721 1.946213 0.480284 -0.022420 0.876607 0.019595
0.377607 0.461626 1.946317 0.480425 -0.022580 0.876524 0.019666
0.378152 0.461528 1.946420 0.480561 -0.022734 0.876444 0.019745
0.378699 0.461428 1.946523 0.480691 -0.022883 0.876367 0.019831
0.379247 0.461324 1.946625 0.480817 -0.023026 0.876292 0.019925
0.379797 0.461219 1.946725 0.480937 -0.023164 0.876220 0.020025
0.380348 0.461112 1.946824 0.481054 -0.023297 0.876150 0.020132
0.380899 0.461002 1.946920 0.481167 -0.023426 0.876082 0.020246
0.381450 0.460891 1.947014 0.481279 -0.023551 0.876014 0.020366
0.381999 0.460780 1.947106 0.481388 -0.023673 0.875948 0.020494
0.382547 0.460669 1.947195 0.481495 -0.023792 0.875883 0.020627
0.383092 0.460558 1.947282 0.481601 -0.023907 0.875818 0.020766
0.383633 0.460448 1.947366 0.481704 -0.024019 0.875755 0.020909
0.384170 0.460341 1.947448 0.481806 -0.024126 0.875693 0.021055
0.384702 0.460237 1.947528 0.481905 -0.024228 0.875632 0.021204
0.385229 0.460136 1.947605 0.482002 -0.024326 0.875572 0.021356
0.385749 0.460039 1.947679 0.482097 -0.024417 0.875513 0.021508
0.386263 0.459948 1.947751 0.482190 -0.024502 0.875456 0.021661
0.386769 0.459860 1.947820 0.482280 -0.024581 0.875400 0.021813
0.387268 0.459776 1.947887 0.482369 -0.024652 0.875346 0.021962
0.387758 0.459695 1.947950 0.482456 -0.024717 0.875292 0.022107
0.388239 0.459616 1.948010 0.482540 -0.024776 0.875241 0.022250
0.388713 0.459538 1.948068 0.482623 -0.024831 0.875190 0.022391
0.389178 0.459463 1.948123 0.482704 -0.024881 0.875140 0.022529
0.389634 0.459389 1.948175 0.482783 -0.024927 0.875092 0.022666
0.390083 0.459317 1.948224 0.482861 -0.024969 0.875044 0.022801
0.390523 0.459247 1.948271 0.482936 -0.025007 0.874998 0.022934
0.390955 0.459179 1.948316 0.483011 -0.025042 0.874952 0.023065
0.391379 0.459113 1.948359 0.483083 -0.025073 0.874908 0.023194
0.391826 0.459060 1.948425 0.483241 -0.025098 0.874815 0.023396
0.392292 0.459011 1.948496 0.483440 -0.025177 0.874700 0.023508
0.392769 0.458960 1.948568 0.483655 -0.025286 0.874576 0.023561
0.393255 0.458905 1.948640 0.483874 -0.025407 0.874451 0.023586
0.393748 0.458845 1.948711 0.484093 -0.025533 0.874325 0.023603
0.394248 0.458779 1.948779 0.484309 -0.025658 0.874202 0.023620
0.394755 0.458708 1.948844 0.484521 -0.025781 0.874080 0.023644
0.395267 0.458632 1.948907 0.484728 -0.025901 0.873961 0.023677
0.395784 0.458551 1.948967 0.484930 -0.026017 0.873844 0.023721
0.396307 0.458466 1.949024 0.485127 -0.026128 0.873730 0.023775
0.396834 0.458376 1.949079 0.485319 -0.026235 0.873618 0.023840
0.397365 0.458283 1.949130 0.485507 -0.026337 0.873509 0.023915
0.397900 0.458186 1.949177 0.485691 -0.026436 0.873401 0.024001
0.398436 0.458086 1.949221 0.485873 -0.026533 0.873294 0.024097
0.398974 0.457984 1.949261 0.486052 -0.026627 0.873189 0.024203
0.399512 0.457880 1.949298 0.486229 -0.026719 0.873084 0.024317
0.400050 0.457776 1.949332 0.486404 -0.026808 0.872981 0.024440
0.400586 0.457672 1.949363 0.486575 -0.026894 0.872879 0.024570
0.401120 0.457568 1.949391 0.486745 -0.026977 0.872778 0.024705
0.401650 0.457467 1.949415 0.486911 -0.027056 0.872679 0.024846
0.402177 0.457367 1.949437 0.487075 -0.027131 0.872581 0.024990
0.402699 0.457271 1.949457 0.487236 -0.027201 0.872484 0.025138
0.403217 0.457179 1.949473 0.487395 -0.027265 0.872390 0.025288
0.403728 0.457091 1.949487 0.487550 -0.027323 0.872297 0.025439
0.404233 0.457008 1.949499 0.487702 -0.027375 0.872205 0.025591
0.404731 0.456931 1.949508 0.487852 -0.027420 0.872116 0.025743
0.405222 0.456859 1.949514 0.487998 -0.027459 0.872028 0.025894
0.405706 0.456794 1.949518 0.488141 -0.027489 0.871943 0.026044
0.406181 0.456737 1.949520 0.488282 -0.027512 0.871859 0.026192
0.406647 0.456686 1.949520 0.488419 -0.027526 0.871777 0.026337
0.407105 0.456644 1.949517 0.488553 -0.027531 0.871698 0.026480
0.407553 0.456608 1.949511 0.488684 -0.027528 0.871620 0.026617
0.407992 0.456577 1.949503 0.488812 -0.027516 0.871545 0.026748
0.408420 0.456551 1.949492 0.488937 -0.027497 0.871472 0.026874
0.408839 0.456529 1.949479 0.489059 -0.027470 0.871400 0.026995
0.409248 0.456511 1.949463 0.489178 -0.027438 0.871330 0.027113
0.409648 0.456496 1.949445 0.489295 -0.027401 0.871262 0.027226
0.410039 0.456486 1.949425 0.489409 -0.027358 0.871196 0.027336
0.410420 0.456479 1.949403 0.489521 -0.027312 0.871132 0.027442
0.410793 0.456475 1.949379 0.489630 -0.027260 0.871069 0.027544
0.411170 0.456483 1.949386 0.489791 -0.027185 0.870976 0.027695
0.411550 0.456494 1.949409 0.489957 -0.027175 0.870881 0.027746
0.411932 0.456505 1.949435 0.490126 -0.027199 0.870785 0.027736
0.412316 0.456516 1.949459 0.490299 -0.027235 0.870689 0.027696
0.412703 0.456527 1.949479 0.490471 -0.027275 0.870592 0.027644
0.413090 0.456538 1.949495 0.490643 -0.027313 0.870495 0.027593
0.413479 0.456549 1.949505 0.490814 -0.027347 0.870399 0.027546
0.413867 0.456562 1.949511 0.490983 -0.027377 0.870304 0.027505
0.414255 0.456576 1.949513 0.491150 -0.027400 0.870210 0.027472
0.414641 0.456592 1.949509 0.491314 -0.027418 0.870118 0.027446
0.415025 0.456612 1.949501 0.491477 -0.027428 0.870027 0.027427
0.415406 0.456633 1.949489 0.491636 -0.027432 0.869937 0.027412
0.415783 0.456654 1.949472 0.491793 -0.027428 0.869848 0.027400
0.416156 0.456676 1.949451 0.491948 -0.027418 0.869762 0.027393
0.416524 0.456698 1.949425 0.492100 -0.027404 0.869676 0.027389
0.416889 0.456720 1.949396 0.492249 -0.027385 0.869592 0.027388
0.417249 0.456742 1.949363 0.492396 -0.027362 0.869510 0.027392
0.417604 0.456763 1.949327 0.492541 -0.027335 0.869428 0.027400
0.417956 0.456785 1.949288 0.492683 -0.027306 0.869348 0.027411
0.418302 0.456806 1.949246 0.492823 -0.027273 0.869269 0.027425
0.418644 0.456827 1.949201 0.492961 -0.027238 0.869192 0.027442
0.418980 0.456849 1.949154 0.493096 -0.027200 0.869116 0.027462
0.419313 0.456870 1.949105 0.493229 -0.027160 0.869041 0.027485
0.419640 0.456892 1.949053 0.493359 -0.027118 0.868968 0.027509
0.419962 0.456914 1.949000 0.493487 -0.027073 0.868895 0.027536
0.420279 0.456936 1.948946 0.493613 -0.027026 0.868825 0.027564
0.420592 0.456959 1.948889 0.493736 -0.026977 0.868755 0.027595
0.420899 0.456981 1.948831 0.493857 -0.026926 0.868687 0.027626
0.421201 0.457005 1.948772 0.493976 -0.026873 0.868620 0.027659
0.421498 0.457028 1.948712 0.494093 -0.026818 0.868554 0.027692
0.421791 0.457052 1.948651 0.494207 -0.026761 0.868490 0.027727
0.422078 0.457077 1.948589 0.494319 -0.026703 0.868427 0.027762
0.422360 0.457102 1.948526 0.494428 -0.026643 0.868365 0.027798
0.422637 0.457127 1.948463 0.494535 -0.026581 0.868305 0.027835
0.422909 0.457154 1.948399 0.494640 -0.026518 0.868246 0.027872
0.423176 0.457180 1.948334 0.494743 -0.026454 0.868188 0.027909
0.423438 0.457207 1.948269 0.494844 -0.026388 0.868131 0.027946
0.423695 0.457235 1.948204 0.494942 -0.026321 0.868076 0.027983
0.423948 0.457264 1.948139 0.495039 -0.026253 0.868022 0.028020
0.424195 0.457293 1.948073 0.495133 -0.026183 0.867969 0.028057
0.424442 0.457336 1.948030 0.495280 -0.026061 0.867886 0.028139
0.424689 0.457388 1.947996 0.495454 -0.025976 0.867791 0.028081
0.424926 0.457444 1.947971 0.495632 -0.025900 0.867697 0.027944
0.425154 0.457502 1.947953 0.495805 -0.025824 0.867606 0.027761
0.425370 0.457563 1.947941 0.495971 -0.025743 0.867520 0.027553
0.425576 0.457626 1.947934 0.496129 -0.025653 0.867440 0.027330
0.425771 0.457692 1.947933 0.496278 -0.025555 0.867364 0.027099
0.425955 0.457760 1.947937 0.496419 -0.025451 0.867294 0.026862
0.426130 0.457831 1.947945 0.496554 -0.025341 0.867227 0.026623
0.426295 0.457904 1.947956 0.496682 -0.025227 0.867165 0.026383
0.426452 0.457979 1.947971 0.496804 -0.025110 0.867105 0.026143
0.426600 0.458055 1.947988 0.496921 -0.024991 0.867049 0.025904
0.426740 0.458133 1.948008 0.497032 -0.024869 0.866996 0.025666
0.426872 0.458213 1.948031 0.497139 -0.024747 0.866945 0.025430
0.426998 0.458294 1.948055 0.497242 -0.024624 0.866896 0.025196
0.427117 0.458376 1.948082 0.497340 -0.024501 0.866850 0.024965
0.427229 0.458459 1.948110 0.497435 -0.024377 0.866806 0.024736
0.427336 0.458543 1.948139 0.497526 -0.024254 0.866764 0.024511
0.427437 0.458628 1.948170 0.497613 -0.024132 0.866723 0.024288
0.427532 0.458713 1.948201 0.497697 -0.024009 0.866684 0.024069
0.427623 0.458799 1.948234 0.497778 -0.023888 0.866647 0.023853
0.427708 0.458886 1.948267 0.497855 -0.023766 0.866612 0.023640
0.427789 0.458972 1.948301 0.497930 -0.023646 0.866578 0.023431
0.427861 0.459069 1.948333 0.497994 -0.023479 0.866551 0.023227
0.427924 0.459175 1.948364 0.498049 -0.023280 0.866530 0.023025
0.427979 0.459288 1.948392 0.498098 -0.023060 0.866514 0.022821
0.428028 0.459407 1.948418 0.498141 -0.022827 0.866500 0.022617
0.428071 0.459531 1.948441 0.498180 -0.022586 0.866489 0.022414
0.428109 0.459658 1.948463 0.498216 -0.022342 0.866480 0.022212
0.428142 0.459788 1.948483 0.498250 -0.022096 0.866472 0.022013
0.428172 0.459919 1.948502 0.498281 -0.021853 0.866465 0.021817
0.428199 0.460051 1.948520 0.498311 -0.021613 0.866459 0.021624
0.428223 0.460183 1.948537 0.498339 -0.021378 0.866453 0.021435
0.428244 0.460315 1.948553 0.498367 -0.021147 0.866448 0.021251
0.428263 0.460446 1.948568 0.498393 -0.020922 0.866442 0.021071
0.428281 0.460577 1.948583 0.498419 -0.020704 0.866437 0.020895
0.428297 0.460706 1.948598 0.498444 -0.020491 0.866432 0.020723
0.428312 0.460833 1.948612 0.498468 -0.020284 0.866427 0.020555
0.428325 0.460959 1.948626 0.498492 -0.020083 0.866422 0.020391
0.428338 0.461083 1.948639 0.498515 -0.019887 0.866417 0.020231
0.428326 0.461193 1.948666 0.498548 -0.019611 0.866407 0.020102
0.428309 0.461295 1.948687 0.498587 -0.019351 0.866394 0.019957
0.428291 0.461392 1.948702 0.498628 -0.019115 0.866379 0.019812
0.428271 0.461487 1.948713 0.498668 -0.018900 0.866364 0.019673
0.428250 0.461580 1.948721 0.498707 -0.018703 0.866349 0.019545
0.428229 0.461670 1.948728 0.498744 -0.018521 0.866334 0.019429
0.428213 0.461749 1.948737 0.498787 -0.018400 0.866314 0.019329
0.428202 0.461814 1.948749 0.498832 -0.018321 0.866291 0.019273
0.428197 0.461869 1.948763 0.498876 -0.018270 0.866267 0.019255
0.428196 0.461913 1.948780 0.498919 -0.018238 0.866242 0.019264
0.428200 0.461949 1.948799 0.498961 -0.018220 0.866218 0.019290
0.428206 0.461979 1.948820 0.499001 -0.018211 0.866195 0.019325
0.428214 0.462004 1.948843 0.499038 -0.018206 0.866172 0.019364
0.428225 0.462025 1.948867 0.499074 -0.018203 0.866151 0.019403
0.428236 0.462043 1.948892 0.499107 -0.018199 0.866131 0.019438
0.428249 0.462059 1.948918 0.499138 -0.018193 0.866112 0.019468
0.428261 0.462074 1.948944 0.499168 -0.018185 0.866095 0.019492
0.428274 0.462089 1.948971 0.499196 -0.018172 0.866079 0.019510
0.428286 0.462104 1.948997 0.499222 -0.018156 0.866064 0.019521
0.428298 0.462119 1.949024 0.499246 -0.018136 0.866050 0.019525
0.428309 0.462135 1.949050 0.499269 -0.018112 0.866038 0.019524
0.428320 0.462151 1.949075 0.499291 -0.018084 0.866026 0.019517
0.428329 0.462169 1.949100 0.499312 -0.018053 0.866015 0.019506
0.428338 0.462188 1.949124 0.499331 -0.018019 0.866005 0.019490
0.428345 0.462207 1.949148 0.499350 -0.017982 0.865995 0.019470
0.428352 0.462228 1.949170 0.499368 -0.017944 0.865986 0.019447
0.428357 0.462250 1.949192 0.499385 -0.017903 0.865978 0.019422
0.428362 0.462273 1.949214 0.499401 -0.017861 0.865970 0.019394
0.428366 0.462296 1.949234 0.499416 -0.017819 0.865962 0.019364
0.428369 0.462321 1.949254 0.499431 -0.017776 0.865955 0.019333
0.428371 0.462346 1.949273 0.499446 -0.017732 0.865949 0.019300
0.428373 0.462372 1.949292 0.499460 -0.017688 0.865942 0.019266
0.428374 0.462398 1.949309 0.499473 -0.017644 0.865936 0.019231
0.428374 0.462425 1.949327 0.499486 -0.017601 0.865930 0.019195
0.428374 0.462452 1.949343 0.499498 -0.017558 0.865925 0.019159
0.428373 0.462480 1.949359 0.499510 -0.017515 0.865920 0.019123
0.428372 0.462507 1.949375 0.499522 -0.017473 0.865915 0.019086
0.428370 0.462535 1.949390 0.499533 -0.017431 0.865910 0.019049
0.428368 0.462563 1.949405 0.499544 -0.017390 0.865905 0.019012
0.428366 0.462592 1.949419 0.499555 -0.017350 0.865901 0.018975
0.428329 0.462555 1.949442 0.499568 -0.017243 0.865897 0.018877
0.428282 0.462499 1.949463 0.499584 -0.017099 0.865894 0.018755
0.428230 0.462442 1.949481 0.499599 -0.016935 0.865891 0.018622
0.428175 0.462388 1.949495 0.499613 -0.016760 0.865889 0.018487
0.428118 0.462338 1.949507 0.499627 -0.016581 0.865888 0.018355
0.428058 0.462292 1.949517 0.499640 -0.016401 0.865886 0.018224
0.427997 0.462250 1.949525 0.499652 -0.016224 0.865885 0.018097
0.427935 0.462211 1.949532 0.499665 -0.016053 0.865884 0.017972
0.427874 0.462175 1.949537 0.499677 -0.015888 0.865882 0.017851
0.427812 0.462141 1.949541 0.499690 -0.015731 0.865880 0.017732
0.427751 0.462109 1.949544 0.499703 -0.015582 0.865878 0.017617
0.427690 0.462078 1.949547 0.499716 -0.015440 0.865875 0.017505
0.427631 0.462048 1.949548 0.499729 -0.015306 0.865872 0.017396
0.427573 0.462018 1.949549 0.499742 -0.015180 0.865869 0.017291
0.427516 0.461989 1.949549 0.499755 -0.015062 0.865865 0.017190
0.427461 0.461960 1.949548 0.499768 -0.014950 0.865861 0.017092
0.427407 0.461931 1.949548 0.499781 -0.014845 0.865858 0.016997
0.427355 0.461902 1.949546 0.499794 -0.014746 0.865854 0.016905
0.427304 0.461872 1.949545 0.499806 -0.014652 0.865850 0.016817
0.427255 0.461843 1.949543 0.499818 -0.014564 0.865846 0.016732
0.427208 0.461813 1.949541 0.499830 -0.014481 0.865843 0.016650
0.427162 0.461784 1.949539 0.499841 -0.014402 0.865839 0.016571
0.427118 0.461753 1.949537 0.499852 -0.014328 0.865835 0.016494
0.427075 0.461723 1.949534 0.499862 -0.014257 0.865832 0.016420
0.427034 0.461693 1.949531 0.499872 -0.014190 0.865829 0.016349
0.426994 0.461663 1.949528 0.499881 -0.014126 0.865826 0.016280
0.426956 0.461632 1.949525 0.499890 -0.014065 0.865823 0.016214
0.426919 0.461601 1.949521 0.499898 -0.014008 0.865820 0.016149
0.426884 0.461571 1.949517 0.499906 -0.013952 0.865818 0.016087
0.426850 0.461540 1.949513 0.499914 -0.013900 0.865815 0.016027
0.426817 0.461509 1.949509 0.499920 -0.013848 0.865813 0.015973
0.426785 0.461479 1.949505 0.499926 -0.013798 0.865812 0.015922
0.426755 0.461448 1.949501 0.499932 -0.013750 0.865810 0.015875
0.426726 0.461417 1.949497 0.499937 -0.013704 0.865809 0.015830
0.426698 0.461386 1.949493 0.499941 -0.013659 0.865808 0.015786
0.426671 0.461355 1.949489 0.499945 -0.013615 0.865807 0.015745
0.426645 0.461325 1.949485 0.499948 -0.013573 0.865806 0.015705
0.426619 0.461294 1.949480 0.499951 -0.013533 0.865806 0.015667
0.426595 0.461264 1.949475 0.499954 -0.013494 0.865806 0.015629
0.426572 0.461235 1.949471 0.499956 -0.013457 0.865806 0.015593
0.426475 0.461114 1.949474 0.499939 -0.013267 0.865818 0.015619
0.426346 0.460970 1.949472 0.499915 -0.013037 0.865835 0.015661
0.426202 0.460824 1.949464 0.499888 -0.012809 0.865853 0.015709
0.426050 0.460682 1.949451 0.499860 -0.012596 0.865871 0.015761
0.425893 0.460544 1.949433 0.499833 -0.012403 0.865889 0.015813
0.425734 0.460409 1.949412 0.499808 -0.012228 0.865905 0.015861
0.425572 0.460277 1.949389 0.499785 -0.012071 0.865919 0.015902
0.425410 0.460147 1.949364 0.499764 -0.011931 0.865933 0.015935
0.425247 0.460018 1.949338 0.499744 -0.011805 0.865945 0.015959
0.425084 0.459890 1.949311 0.499726 -0.011692 0.865957 0.015978
0.424923 0.459763 1.949284 0.499708 -0.011589 0.865969 0.015996
0.424764 0.459639 1.949255 0.499690 -0.011496 0.865980 0.016018
0.424606 0.459517 1.949226 0.499673 -0.011411 0.865990 0.016044
0.424452 0.459397 1.949197 0.499656 -0.011333 0.866000 0.016073
0.424300 0.459278 1.949167 0.499640 -0.011262 0.866010 0.016105
0.424151 0.459162 1.949137 0.499623 -0.011197 0.866020 0.016140
0.424005 0.459047 1.949107 0.499606 -0.011138 0.866030 0.016177
0.423862 0.458934 1.949076 0.499590 -0.011084 0.866039 0.016217
0.423722 0.458822 1.949046 0.499574 -0.011034 0.866049 0.016258
0.423585 0.458711 1.949015 0.499557 -0.010988 0.866058 0.016302
0.423450 0.458602 1.948984 0.499541 -0.010947 0.866067 0.016347
0.423319 0.458494 1.948953 0.499524 -0.010909 0.866076 0.016394
0.423191 0.458388 1.948921 0.499507 -0.010874 0.866085 0.016442
0.423066 0.458283 1.948890 0.499491 -0.010843 0.866094 0.016491
0.422946 0.458177 1.948858 0.499475 -0.010816 0.866103 0.016547
0.422829 0.458072 1.948825 0.499459 -0.010793 0.866111 0.016606
0.422718 0.457964 1.948793 0.499445 -0.010782 0.866118 0.016674
0.422611 0.457854 1.948763 0.499433 -0.010780 0.866124 0.016748
0.422510 0.457741 1.948734 0.499421 -0.010785 0.866129 0.016827
0.422413 0.457627 1.948705 0.499410 -0.010797 0.866133 0.016908
0.422319 0.457512 1.948678 0.499399 -0.010813 0.866138 0.016992
0.422230 0.457396 1.948652 0.499389 -0.010833 0.866142 0.017077
0.422144 0.457279 1.948626 0.499378 -0.010856 0.866146 0.017162
0.422062 0.457162 1.948601 0.499367 -0.010881 0.866150 0.017249
0.421982 0.457045 1.948576 0.499357 -0.010909 0.866154 0.017336
0.421906 0.456928 1.948552 0.499346 -0.010938 0.866159 0.017423
0.421832 0.456812 1.948529 0.499334 -0.010969 0.866163 0.017511
0.421762 0.456696 1.948506 0.499323 -0.011000 0.866167 0.017598
0.421693 0.456581 1.948482 0.499311 -0.011033 0.866172 0.017686
0.421627 0.456466 1.948460 0.499299 -0.011067 0.866177 0.017773
0.421503 0.456298 1.948443 0.499331 -0.011163 0.866159 0.017683
0.421353 0.456111 1.948431 0.499327 -0.011133 0.866157 0.017912
0.421190 0.455923 1.948416 0.499309 -0.011066 0.866161 0.018245
0.421020 0.455742 1.948395 0.499286 -0.010989 0.866168 0.018621
0.420845 0.455566 1.948369 0.499259 -0.010905 0.866175 0.019019
0.420666 0.455396 1.948339 0.499231 -0.010812 0.866184 0.019434
0.420484 0.455231 1.948307 0.499201 -0.010711 0.866192 0.019855
0.420299 0.455071 1.948272 0.499172 -0.010603 0.866201 0.020278
0.420112 0.454914 1.948236 0.499142 -0.010487 0.866209 0.020700
0.419924 0.454762 1.948197 0.499115 -0.010378 0.866216 0.021101
0.419735 0.454612 1.948157 0.499091 -0.010277 0.866222 0.021473
0.419545 0.454465 1.948114 0.499069 -0.010185 0.866228 0.021824
0.419356 0.454322 1.948070 0.499046 -0.010098 0.866233 0.022158
0.419166 0.454181 1.948024 0.499024 -0.010017 0.866239 0.022480
0.418977 0.454043 1.947975 0.499001 -0.009938 0.866245 0.022791
0.418789 0.453907 1.947926 0.498976 -0.009863 0.866252 0.023093
0.418601 0.453772 1.947875 0.498949 -0.009791 0.866260 0.023387
0.418414 0.453640 1.947823 0.498921 -0.009721 0.866269 0.023674
0.418229 0.453504 1.947773 0.498895 -0.009666 0.866278 0.023952
0.418046 0.453366 1.947725 0.498869 -0.009623 0.866285 0.024224
0.417865 0.453226 1.947678 0.498844 -0.009591 0.866293 0.024489
0.417687 0.453083 1.947633 0.498818 -0.009566 0.866301 0.024747
0.417510 0.452939 1.947589 0.498791 -0.009547 0.866309 0.024999
0.417336 0.452793 1.947546 0.498764 -0.009534 0.866318 0.025245
0.417164 0.452646 1.947504 0.498735 -0.009525 0.866328 0.025486
0.416993 0.452497 1.947463 0.498705 -0.009522 0.866338 0.025715
0.416824 0.452348 1.947424 0.498676 -0.009524 0.866348 0.025935
0.416656 0.452198 1.947385 0.498645 -0.009530 0.866359 0.026148
0.416490 0.452047 1.947348 0.498613 -0.009537 0.866372 0.026356
0.416325 0.451895 1.947312 0.498578 -0.009546 0.866385 0.026559
0.416161 0.451742 1.947277 0.498542 -0.009557 0.866400 0.026758
0.415999 0.451589 1.947242 0.498504 -0.009570 0.866415 0.026953
0.415839 0.451435 1.947208 0.498465 -0.009586 0.866432 0.027143
0.415680 0.451281 1.947174 0.498424 -0.009604 0.866450 0.027329
0.415523 0.451125 1.947141 0.498381 -0.009624 0.866468 0.027511
0.415369 0.450969 1.947108 0.498338 -0.009647 0.866487 0.027688
0.415215 0.450813 1.947075 0.498292 -0.009670 0.866508 0.027861
0.415063 0.450657 1.947041 0.498243 -0.009692 0.866530 0.028030
0.414914 0.450500 1.947007 0.498193 -0.009715 0.866553 0.028193
0.414765 0.450343 1.946973 0.498141 -0.009740 0.866578 0.028353
0.414548 0.450196 1.946944 0.498096 -0.009721 0.866603 0.028380
0.414295 0.450047 1.946917 0.498037 -0.009675 0.866632 0.028532
0.414028 0.449898 1.946888 0.497980 -0.009606 0.866656 0.028845
0.413754 0.449754 1.946851 0.497932 -0.009544 0.866671 0.029229
0.413475 0.449616 1.946809 0.497897 -0.009494 0.866677 0.029645
0.413198 0.449476 1.946760 0.497888 -0.009481 0.866668 0.030085
0.412923 0.449336 1.946706 0.497899 -0.009495 0.866645 0.030532
0.412650 0.449197 1.946647 0.497926 -0.009528 0.866613 0.030980
0.412378 0.449059 1.946584 0.497966 -0.009572 0.866574 0.031423
0.412102 0.448928 1.946522 0.498000 -0.009598 0.866539 0.031856
0.411822 0.448803 1.946459 0.498028 -0.009606 0.866507 0.032277
0.411533 0.448695 1.946392 0.498047 -0.009565 0.866482 0.032677
0.411236 0.448600 1.946321 0.498058 -0.009493 0.866461 0.033060
0.410933 0.448516 1.946248 0.498065 -0.009400 0.866444 0.033424
0.410625 0.448440 1.946173 0.498069 -0.009292 0.866430 0.033772
0.410319 0.448357 1.946104 0.498075 -0.009205 0.866413 0.034131
0.410017 0.448268 1.946040 0.498082 -0.009135 0.866395 0.034499
0.409718 0.448173 1.945980 0.498090 -0.009076 0.866376 0.034871
0.409422 0.448073 1.945923 0.498097 -0.009027 0.866358 0.035242
0.409129 0.447970 1.945869 0.498104 -0.008984 0.866339 0.035611
0.408839 0.447864 1.945817 0.498109 -0.008948 0.866322 0.035972
0.408552 0.447756 1.945767 0.498113 -0.008917 0.866305 0.036326
0.408268 0.447646 1.945718 0.498116 -0.008890 0.866289 0.036669
0.407986 0.447534 1.945671 0.498115 -0.008866 0.866276 0.037004
0.407706 0.447422 1.945624 0.498111 -0.008844 0.866264 0.037328
0.407429 0.447309 1.945579 0.498105 -0.008824 0.866255 0.037642
0.407153 0.447196 1.945534 0.498096 -0.008805 0.866247 0.037945
0.406880 0.447082 1.945488 0.498084 -0.008789 0.866241 0.038238
0.406609 0.446969 1.945443 0.498070 -0.008773 0.866236 0.038520
0.406340 0.446855 1.945397 0.498054 -0.008761 0.866234 0.038791
0.406073 0.446742 1.945352 0.498036 -0.008750 0.866232 0.039052
0.405808 0.446628 1.945307 0.498015 -0.008743 0.866233 0.039304
0.405546 0.446513 1.945261 0.497993 -0.008738 0.866235 0.039545
0.405285 0.446398 1.945216 0.497969 -0.008737 0.866238 0.039777
0.405027 0.446283 1.945171 0.497943 -0.008738 0.866243 0.040000
0.404771 0.446167 1.945126 0.497915 -0.008743 0.866249 0.040213
0.404518 0.446050 1.945081 0.497886 -0.008751 0.866256 0.040417
0.404267 0.445933 1.945036 0.497855 -0.008762 0.866264 0.040613
0.404018 0.445815 1.944991 0.497823 -0.008776 0.866274 0.040801
0.403772 0.445696 1.944947 0.497789 -0.008793 0.866285 0.040980
0.403479 0.445562 1.944912 0.497768 -0.008881 0.866295 0.040999
0.403162 0.445429 1.944882 0.497753 -0.008983 0.866302 0.041015
0.402830 0.445315 1.944844 0.497745 -0.009019 0.866301 0.041119
0.402492 0.445201 1.944803 0.497742 -0.009055 0.866293 0.041305
0.402159 0.445077 1.944760 0.497749 -0.009089 0.866275 0.041613
0.401830 0.444948 1.944714 0.497769 -0.009130 0.866246 0.041970
0.401496 0.444828 1.944664 0.497784 -0.009138 0.866218 0.042344
0.401157 0.444722 1.944611 0.497792 -0.009114 0.866197 0.042701
0.400814 0.444627 1.944555 0.497795 -0.009067 0.866179 0.043042
0.400465 0.444541 1.944498 0.497793 -0.009002 0.866164 0.043369
0.400113 0.444461 1.944438 0.497789 -0.008923 0.866152 0.043683
0.399758 0.444388 1.944378 0.497782 -0.008832 0.866141 0.043986
0.399406 0.444307 1.944323 0.497778 -0.008758 0.866128 0.044292
0.399056 0.444219 1.944271 0.497777 -0.008696 0.866114 0.044600
0.398711 0.444125 1.944224 0.497776 -0.008641 0.866099 0.044911
0.398369 0.444026 1.944180 0.497777 -0.008591 0.866083 0.045226
0.398030 0.443923 1.944139 0.497778 -0.008541 0.866066 0.045545
0.397694 0.443816 1.944101 0.497779 -0.008492 0.866049 0.045867
0.397362 0.443707 1.944065 0.497779 -0.008441 0.866032 0.046195
0.397034 0.443596 1.944031 0.497779 -0.008390 0.866015 0.046528
0.396709 0.443483 1.943997 0.497776 -0.008339 0.865998 0.046863
0.396388 0.443369 1.943963 0.497772 -0.008289 0.865983 0.047198
0.396070 0.443255 1.943929 0.497765 -0.008241 0.865970 0.047530
0.395756 0.443139 1.943895 0.497755 -0.008196 0.865957 0.047857
0.395445 0.443022 1.943862 0.497743 -0.008154 0.865947 0.048177
0.395137 0.442904 1.943828 0.497729 -0.008115 0.865938 0.048489
0.394833 0.442785 1.943794 0.497712 -0.008080 0.865931 0.048792
0.394532 0.442665 1.943760 0.497693 -0.008049 0.865926 0.049085
0.394234 0.442544 1.943726 0.497671 -0.008022 0.865922 0.049369
0.393940 0.442421 1.943693 0.497648 -0.007999 0.865920 0.049642
0.393649 0.442298 1.943659 0.497623 -0.007981 0.865920 0.049906
0.393360 0.442174 1.943625 0.497595 -0.007967 0.865921 0.050160
0.393075 0.442049 1.943591 0.497566 -0.007957 0.865924 0.050405
0.392793 0.441923 1.943557 0.497536 -0.007952 0.865928 0.050640
0.392515 0.441795 1.943523 0.497503 -0.007952 0.865933 0.050867
0.392239 0.441666 1.943490 0.497469 -0.007956 0.865940 0.051084
0.391966 0.441536 1.943456 0.497434 -0.007964 0.865948 0.051294
0.391697 0.441405 1.943423 0.497397 -0.007976 0.865957 0.051495
0.391430 0.441272 1.943390 0.497358 -0.007993 0.865967 0.051689
0.391167 0.441138 1.943357 0.497318 -0.008013 0.865979 0.051876
0.390857 0.440984 1.943332 0.497298 -0.008073 0.865985 0.051948
0.390522 0.440830 1.943305 0.497288 -0.008136 0.865986 0.052036
0.390173 0.440688 1.943270 0.497288 -0.008163 0.865976 0.052193
0.389817 0.440551 1.943229 0.497294 -0.008189 0.865960 0.052396
0.389458 0.440417 1.943181 0.497306 -0.008211 0.865938 0.052640
0.389099 0.440285 1.943127 0.497322 -0.008229 0.865912 0.052913
0.388741 0.440155 1.943070 0.497343 -0.008242 0.865882 0.053204
0.388384 0.440027 1.943009 0.497365 -0.008248 0.865850 0.053510
0.388030 0.439901 1.942945 0.497390 -0.008247 0.865816 0.053830
0.387674 0.439785 1.942874 0.497412 -0.008216 0.865783 0.054159
0.387317 0.439679 1.942798 0.497431 -0.008163 0.865751 0.054499
0.386964 0.439572 1.942720 0.497451 -0.008112 0.865718 0.054857
0.386614 0.439463 1.942641 0.497472 -0.008059 0.865683 0.055230
0.386268 0.439353 1.942563 0.497492 -0.008003 0.865647 0.055615
0.385926 0.439241 1.942484 0.497513 -0.007943 0.865610 0.056011
0.385588 0.439127 1.942406 0.497532 -0.007878 0.865573 0.056417
0.385253 0.439011 1.942328 0.497550 -0.007807 0.865536 0.056833
0.384919 0.438904 1.942246 0.497564 -0.007709 0.865501 0.057256
0.384588 0.438794 1.942165 0.497577 -0.007610 0.865466 0.057690
0.384260 0.438682 1.942085 0.497588 -0.007509 0.865431 0.058133
0.383936 0.438568 1.942007 0.497598 -0.007404 0.865395 0.058585
0.383616 0.438452 1.941929 0.497607 -0.007296 0.865360 0.059045
0.383299 0.438334 1.941852 0.497614 -0.007187 0.865325 0.059509
0.382984 0.438221 1.941772 0.497614 -0.007067 0.865294 0.059969
0.382673 0.438106 1.941692 0.497612 -0.006955 0.865265 0.060424
0.382366 0.437988 1.941614 0.497607 -0.006850 0.865237 0.060872
0.382063 0.437867 1.941536 0.497601 -0.006753 0.865210 0.061310
0.381764 0.437745 1.941459 0.497593 -0.006663 0.865185 0.061737
0.381467 0.437625 1.941380 0.497578 -0.006568 0.865165 0.062153
0.381174 0.437502 1.941303 0.497562 -0.006482 0.865145 0.062556
0.380885 0.437377 1.941227 0.497544 -0.006405 0.865128 0.062948
0.380598 0.437250 1.941153 0.497525 -0.006336 0.865112 0.063329
0.380316 0.437120 1.941080 0.497504 -0.006274 0.865097 0.063698
0.380036 0.436988 1.941009 0.497481 -0.006218 0.865085 0.064055
0.379759 0.436858 1.940936 0.497451 -0.006158 0.865076 0.064404
0.379484 0.436726 1.940867 0.497421 -0.006107 0.865069 0.064736
0.379211 0.436591 1.940799 0.497389 -0.006065 0.865063 0.065055
0.378941 0.436455 1.940734 0.497357 -0.006031 0.865059 0.065363
0.378673 0.436317 1.940671 0.497325 -0.006004 0.865056 0.065659
0.378409 0.436176 1.940610 0.497291 -0.005984 0.865053 0.065946
0.378092 0.436035 1.940555 0.497270 -0.005905 0.865047 0.066187
0.377755 0.435890 1.940496 0.497261 -0.005851 0.865035 0.066425
0.377406 0.435743 1.940432 0.497263 -0.005811 0.865014 0.066681
0.377051 0.435597 1.940364 0.497273 -0.005779 0.864987 0.066958
0.376693 0.435450 1.940291 0.497290 -0.005753 0.864955 0.067252
0.376335 0.435304 1.940217 0.497315 -0.005730 0.864917 0.067557
0.375978 0.435158 1.940140 0.497345 -0.005709 0.864875 0.067871
0.375623 0.435013 1.940062 0.497380 -0.005687 0.864829 0.068196
0.375270 0.434868 1.939982 0.497418 -0.005662 0.864781 0.068534
0.374920 0.434724 1.939901 0.497458 -0.005631 0.864730 0.068886
0.374572 0.434581 1.939819 0.497499 -0.005596 0.864678 0.069251
0.374227 0.434438 1.939736 0.497541 -0.005553 0.864624 0.069629
0.373885 0.434296 1.939652 0.497582 -0.005504 0.864569 0.070020
0.373546 0.434154 1.939569 0.497623 -0.005447 0.864513 0.070423
0.373210 0.434013 1.939485 0.497663 -0.005383 0.864456 0.070837
0.372876 0.433872 1.939400 0.497701 -0.005314 0.864400 0.071261
0.372546 0.433731 1.939315 0.497738 -0.005244 0.864344 0.071685
0.372220 0.433591 1.939230 0.497772 -0.005178 0.864290 0.072105
0.371896 0.433450 1.939144 0.497804 -0.005115 0.864237 0.072517
0.371576 0.433310 1.939057 0.497832 -0.005056 0.864187 0.072921
0.371259 0.433173 1.938968 0.497858 -0.004994 0.864140 0.073313
0.370943 0.433040 1.938876 0.497879 -0.004930 0.864096 0.073694
0.370630 0.432909 1.938783 0.497897 -0.004868 0.864054 0.074065
0.370320 0.432780 1.938687 0.497913 -0.004808 0.864014 0.074425
0.370012 0.432652 1.938591 0.497925 -0.004750 0.863977 0.074774
0.369707 0.432521 1.938497 0.497935 -0.004705 0.863943 0.075110
0.369405 0.432387 1.938407 0.497942 -0.004671 0.863910 0.075435
0.369107 0.432249 1.938318 0.497948 -0.004645 0.863880 0.075748
0.368812 0.432108 1.938232 0.497952 -0.004628 0.863851 0.076050
0.368521 0.431965 1.938149 0.497954 -0.004617 0.863824 0.076343
0.368233 0.431819 1.938067 0.497954 -0.004613 0.863799 0.076626
0.367947 0.431670 1.937988 0.497951 -0.004616 0.863776 0.076900
0.367665 0.431520 1.937911 0.497947 -0.004624 0.863755 0.077165
0.367386 0.431367 1.937836 0.497941 -0.004638 0.863736 0.077422
0.367110 0.431213 1.937762 0.497932 -0.004657 0.863718 0.077670
0.366837 0.431056 1.937691 0.497921 -0.004681 0.863703 0.077911
0.366567 0.430897 1.937621 0.497909 -0.004710 0.863689 0.078145
0.366299 0.430737 1.937554 0.497894 -0.004744 0.863676 0.078372
0.366035 0.430575 1.937488 0.497878 -0.004783 0.863666 0.078592
0.365773 0.430410 1.937423 0.497859 -0.004827 0.863657 0.078806
0.365471 0.430229 1.937370 0.497849 -0.004822 0.863645 0.079001
0.365143 0.430055 1.937315 0.497834 -0.004782 0.863630 0.079259
0.364806 0.429884 1.937254 0.497824 -0.004743 0.863608 0.079562
0.364466 0.429714 1.937185 0.497818 -0.004704 0.863580 0.079904
0.364126 0.429546 1.937111 0.497818 -0.004663 0.863545 0.080279
0.363788 0.429379 1.937031 0.497823 -0.004620 0.863505 0.080682
0.363453 0.429213 1.936948 0.497832 -0.004571 0.863460 0.081108
0.363122 0.429047 1.936861 0.497844 -0.004518 0.863412 0.081554
0.362796 0.428882 1.936771 0.497858 -0.004465 0.863361 0.082011
0.362474 0.428717 1.936678 0.497872 -0.004414 0.863309 0.082471
0.362156 0.428552 1.936582 0.497886 -0.004368 0.863258 0.082929
0.361843 0.428388 1.936485 0.497899 -0.004326 0.863207 0.083380
0.361535 0.428226 1.936383 0.497911 -0.004282 0.863157 0.083824
0.361230 0.428068 1.936277 0.497921 -0.004238 0.863109 0.084260
0.360929 0.427912 1.936168 0.497930 -0.004195 0.863062 0.084687
0.360632 0.427758 1.936057 0.497937 -0.004155 0.863017 0.085103
0.360338 0.427606 1.935943 0.497941 -0.004116 0.862975 0.085510
0.360047 0.427455 1.935828 0.497944 -0.004080 0.862934 0.085905
0.359759 0.427306 1.935712 0.497943 -0.004046 0.862896 0.086290
0.359475 0.427152 1.935598 0.497941 -0.004025 0.862861 0.086662
0.359193 0.426996 1.935488 0.497936 -0.004014 0.862827 0.087022
0.358915 0.426836 1.935380 0.497930 -0.004010 0.862796 0.087370
0.358641 0.426673 1.935275 0.497921 -0.004014 0.862766 0.087708
0.358369 0.426508 1.935173 0.497911 -0.004025 0.862739 0.088037
0.358101 0.426341 1.935073 0.497899 -0.004041 0.862713 0.088356
0.357835 0.426171 1.934975 0.497885 -0.004063 0.862689 0.088666
0.357573 0.426000 1.934880 0.497868 -0.004091 0.862667 0.088969
0.357313 0.425826 1.934787 0.497850 -0.004123 0.862647 0.089263
0.357056 0.425651 1.934696 0.497830 -0.004160 0.862629 0.089549
0.356802 0.425474 1.934607 0.497807 -0.004202 0.862613 0.089828
0.356550 0.425298 1.934518 0.497782 -0.004240 0.862598 0.090106
0.356301 0.425122 1.934428 0.497754 -0.004278 0.862586 0.090380
0.356055 0.424946 1.934339 0.497723 -0.004318 0.862575 0.090651
0.355812 0.424769 1.934250 0.497689 -0.004359 0.862566 0.090918
0.355572 0.424589 1.934165 0.497654 -0.004410 0.862559 0.091172
0.355334 0.424406 1.934083 0.497619 -0.004471 0.862553 0.091416
0.355098 0.424220 1.934003 0.497583 -0.004538 0.862549 0.091652
0.354866 0.424031 1.933927 0.497546 -0.004612 0.862545 0.091882
0.354636 0.423839 1.933853 0.497508 -0.004693 0.862543 0.092107
0.354409 0.423644 1.933782 0.497470 -0.004778 0.862541 0.092327
0.354145 0.423426 1.933725 0.497454 -0.004793 0.862529 0.092523
0.353867 0.423207 1.933665 0.497450 -0.004761 0.862506 0.092754
0.353586 0.422989 1.933597 0.497457 -0.004730 0.862475 0.093009
0.353306 0.422770 1.933523 0.497470 -0.004710 0.862439 0.093277
0.353030 0.422552 1.933442 0.497490 -0.004700 0.862397 0.093554
0.352758 0.422336 1.933353 0.497517 -0.004697 0.862351 0.093837
0.352492 0.422121 1.933258 0.497550 -0.004701 0.862301 0.094122
0.352231 0.421908 1.933158 0.497587 -0.004711 0.862249 0.094407
0.351975 0.421697 1.933052 0.497626 -0.004725 0.862195 0.094691
0.351724 0.421488 1.932943 0.497666 -0.004743 0.862141 0.094972
0.351477 0.421279 1.932831 0.497707 -0.004765 0.862086 0.095251
0.351235 0.421072 1.932716 0.497747 -0.004791 0.862033 0.095526
0.350997 0.420865 1.932599 0.497785 -0.004819 0.861980 0.095798
0.350763 0.420659 1.932480 0.497823 -0.004851 0.861928 0.096066
0.350533 0.420453 1.932361 0.497858 -0.004885 0.861878 0.096330
0.350306 0.420247 1.932240 0.497890 -0.004922 0.861830 0.096590
0.350083 0.420041 1.932120 0.497921 -0.004962 0.861784 0.096847
0.349864 0.419834 1.931999 0.497948 -0.005004 0.861739 0.097100
0.349646 0.419625 1.931882 0.497970 -0.005055 0.861699 0.097345
0.349431 0.419413 1.931769 0.497987 -0.005112 0.861661 0.097582
0.349218 0.419198 1.931660 0.498001 -0.005174 0.861627 0.097813
0.349007 0.418980 1.931554 0.498012 -0.005242 0.861594 0.098039
0.348799 0.418760 1.931450 0.498020 -0.005315 0.861564 0.098260
0.348594 0.418538 1.931350 0.498026 -0.005393 0.861536 0.098476
0.348393 0.418315 1.931250 0.498031 -0.005473 0.861507 0.098694
0.348196 0.418090 1.931150 0.498035 -0.005555 0.861480 0.098911
0.348002 0.417865 1.931050 0.498038 -0.005639 0.861453 0.099128
0.347811 0.417638 1.930952 0.498039 -0.005728 0.861427 0.099343
0.347624 0.417410 1.930854 0.498038 -0.005820 0.861402 0.099556
0.347435 0.417184 1.930759 0.498035 -0.005912 0.861380 0.099752
0.347246 0.416961 1.930667 0.498029 -0.006004 0.861361 0.099939
0.347056 0.416738 1.930579 0.498021 -0.006100 0.861344 0.100119
0.346865 0.416516 1.930495 0.498011 -0.006200 0.861329 0.100294
0.346675 0.416292 1.930415 0.497999 -0.006305 0.861315 0.100464
0.346484 0.416068 1.930338 0.497986 -0.006413 0.861302 0.100633
0.346295 0.415844 1.930262 0.497973 -0.006524 0.861290 0.100798
0.346108 0.415619 1.930188 0.497959 -0.006638 0.861278 0.100962
0.345921 0.415394 1.930115 0.497945 -0.006755 0.861266 0.101124
0.345737 0.415169 1.930044 0.497930 -0.006876 0.861255 0.101284
0.345554 0.414942 1.929975 0.497914 -0.007000 0.861245 0.101443
0.345302 0.414725 1.929921 0.497814 -0.007015 0.861303 0.101440
0.345020 0.414495 1.929878 0.497708 -0.007044 0.861367 0.101415
0.344732 0.414255 1.929837 0.497635 -0.007051 0.861395 0.101531
0.344471 0.413973 1.929790 0.497650 -0.007077 0.861340 0.101923
0.344239 0.413660 1.929734 0.497747 -0.007175 0.861227 0.102397
0.344011 0.413355 1.929674 0.497831 -0.007261 0.861123 0.102855
0.343785 0.413056 1.929611 0.497904 -0.007335 0.861027 0.103302
0.343559 0.412767 1.929546 0.497967 -0.007401 0.860938 0.103725
0.343331 0.412486 1.929478 0.498023 -0.007461 0.860857 0.104130
0.343103 0.412213 1.929409 0.498072 -0.007516 0.860780 0.104521
0.342874 0.411947 1.929338 0.498116 -0.007568 0.860709 0.104900
0.342644 0.411686 1.929265 0.498154 -0.007619 0.860641 0.105267
0.342415 0.411430 1.929192 0.498187 -0.007670 0.860578 0.105625
0.342185 0.411178 1.929119 0.498217 -0.007721 0.860517 0.105972
0.341955 0.410929 1.929045 0.498243 -0.007774 0.860460 0.106311
0.341726 0.410683 1.928971 0.498267 -0.007829 0.860405 0.106640
0.341498 0.410439 1.928897 0.498287 -0.007887 0.860353 0.106961
0.341271 0.410197 1.928824 0.498305 -0.007947 0.860303 0.107274
0.341044 0.409956 1.928751 0.498321 -0.008011 0.860255 0.107580
0.340819 0.409717 1.928679 0.498335 -0.008079 0.860209 0.107879
0.340596 0.409478 1.928608 0.498348 -0.008151 0.860164 0.108169
0.340373 0.409239 1.928538 0.498358 -0.008226 0.860122 0.108454
0.340153 0.409001 1.928469 0.498367 -0.008307 0.860081 0.108731
0.339934 0.408762 1.928401 0.498374 -0.008391 0.860041 0.109002
0.339718 0.408523 1.928335 0.498380 -0.008481 0.860004 0.109267
0.339503 0.408284 1.928270 0.498385 -0.008575 0.859967 0.109524
0.339290 0.408044 1.928206 0.498388 -0.008674 0.859932 0.109775
0.339079 0.407803 1.928144 0.498390 -0.008778 0.859899 0.110021
0.338869 0.407564 1.928084 0.498391 -0.008886 0.859867 0.110255
0.338659 0.407324 1.928026 0.498391 -0.008997 0.859837 0.110480
0.338451 0.407086 1.927969 0.498389 -0.009112 0.859809 0.110698
0.338244 0.406847 1.927914 0.498387 -0.009232 0.859782 0.110910
0.338039 0.406607 1.927861 0.498384 -0.009356 0.859755 0.111117
0.337834 0.406367 1.927809 0.498380 -0.009484 0.859730 0.111319
0.337632 0.406127 1.927759 0.498375 -0.009616 0.859706 0.111517
0.337431 0.405885 1.927711 0.498369 -0.009753 0.859683 0.111710
0.337232 0.405642 1.927665 0.498362 -0.009894 0.859660 0.111899
0.337036 0.405398 1.927620 0.498355 -0.010040 0.859639 0.112083
0.336841 0.405152 1.927577 0.498348 -0.010191 0.859618 0.112264
0.336648 0.404905 1.927536 0.498339 -0.010345 0.859598 0.112440
0.336410 0.404663 1.927501 0.498296 -0.010393 0.859620 0.112460
0.336136 0.404422 1.927483 0.498175 -0.010303 0.859670 0.112618
0.335875 0.404164 1.927479 0.498081 -0.010211 0.859700 0.112816
0.335628 0.403892 1.927490 0.498015 -0.010129 0.859709 0.113041
0.335420 0.403568 1.927519 0.498050 -0.010133 0.859647 0.113357
0.335249 0.403197 1.927568 0.498175 -0.010228 0.859527 0.113712
0.335084 0.402825 1.927629 0.498299 -0.010339 0.859416 0.113997
0.334920 0.402451 1.927706 0.498415 -0.010458 0.859315 0.114239
0.334758 0.402075 1.927798 0.498524 -0.010583 0.859223 0.114449
0.334596 0.401697 1.927906 0.498624 -0.010713 0.859138 0.114633
0.334427 0.401327 1.928024 0.498711 -0.010832 0.859066 0.114784
0.334253 0.400965 1.928153 0.498787 -0.010945 0.859004 0.114910
0.334072 0.400609 1.928293 0.498853 -0.011055 0.858950 0.115014
0.333886 0.400257 1.928443 0.498910 -0.011163 0.858904 0.115102
0.333695 0.399909 1.928604 0.498957 -0.011272 0.858865 0.115175
0.333497 0.399563 1.928776 0.498996 -0.011384 0.858833 0.115234
0.333295 0.399217 1.928959 0.499029 -0.011503 0.858807 0.115278
0.333088 0.398871 1.929152 0.499055 -0.011629 0.858785 0.115311
0.332877 0.398522 1.929356 0.499076 -0.011766 0.858769 0.115332
0.332663 0.398171 1.929569 0.499093 -0.011913 0.858755 0.115343
0.332445 0.397815 1.929793 0.499106 -0.012074 0.858745 0.115345
0.332225 0.397454 1.930025 0.499116 -0.012248 0.858737 0.115340
0.332009 0.397076 1.930269 0.499134 -0.012452 0.858723 0.115347
0.331797 0.396686 1.930517 0.499153 -0.012683 0.858709 0.115342
0.331580 0.396306 1.930757 0.499169 -0.012909 0.858701 0.115310
0.331359 0.395938 1.930991 0.499183 -0.013128 0.858696 0.115263
0.331136 0.395581 1.931219 0.499195 -0.013339 0.858693 0.115209
0.330910 0.395234 1.931442 0.499204 -0.013543 0.858692 0.115151
0.330681 0.394898 1.931660 0.499210 -0.013740 0.858694 0.115089
0.330451 0.394570 1.931874 0.499214 -0.013931 0.858697 0.115024
0.330219 0.394251 1.932085 0.499216 -0.014117 0.858702 0.114957
0.329985 0.393939 1.932292 0.499216 -0.014300 0.858708 0.114888
0.329750 0.393639 1.932491 0.499215 -0.014466 0.858714 0.114825
0.329514 0.393350 1.932684 0.499213 -0.014619 0.858720 0.114770
0.329278 0.393071 1.932870 0.499210 -0.014763 0.858726 0.114720
0.329043 0.392800 1.933051 0.499205 -0.014900 0.858733 0.114676
0.328805 0.392536 1.933231 0.499197 -0.015028 0.858740 0.114639
0.328566 0.392279 1.933409 0.499187 -0.015149 0.858748 0.114607
0.328326 0.392026 1.933585 0.499174 -0.015269 0.858757 0.114579
0.328087 0.391777 1.933760 0.499160 -0.015387 0.858767 0.114551
0.327798 0.391516 1.933962 0.499138 -0.015416 0.858800 0.114395
0.327497 0.391250 1.934163 0.499126 -0.015418 0.858826 0.114251
0.327198 0.390979 1.934355 0.499124 -0.015416 0.858842 0.114139
0.326903 0.390708 1.934538 0.499130 -0.015408 0.858849 0.114061
0.326612 0.390436 1.934714 0.499139 -0.015399 0.858851 0.114010
0.326327 0.390166 1.934885 0.499151 -0.015389 0.858848 0.113980
0.326048 0.389897 1.935051 0.499164 -0.015380 0.858843 0.113964
0.325773 0.389628 1.935212 0.499178 -0.015374 0.858836 0.113957
0.325504 0.389360 1.935370 0.499191 -0.015372 0.858829 0.113954
0.325240 0.389094 1.935525 0.499203 -0.015374 0.858821 0.113954
0.324980 0.388828 1.935677 0.499215 -0.015381 0.858815 0.113953
0.324724 0.388563 1.935827 0.499225 -0.015392 0.858809 0.113951
0.324471 0.388300 1.935974 0.499234 -0.015409 0.858804 0.113947
0.324222 0.388037 1.936120 0.499241 -0.015431 0.858800 0.113939
0.323976 0.387776 1.936264 0.499247 -0.015458 0.858798 0.113928
0.323732 0.387516 1.936406 0.499251 -0.015490 0.858797 0.113913
0.323489 0.387258 1.936549 0.499252 -0.015524 0.858798 0.113898
0.323247 0.387002 1.936691 0.499250 -0.015561 0.858800 0.113881
0.323006 0.386747 1.936834 0.499246 -0.015603 0.858804 0.113863
0.322766 0.386493 1.936977 0.499241 -0.015649 0.858810 0.113842
0.322528 0.386240 1.937119 0.499233 -0.015700 0.858816 0.113817
0.322291 0.385988 1.937260 0.499224 -0.015757 0.858824 0.113789
0.322055 0.385737 1.937401 0.499214 -0.015818 0.858833 0.113758
0.321820 0.385486 1.937541 0.499202 -0.015885 0.858843 0.113723
0.321587 0.385237 1.937680 0.499189 -0.015956 0.858855 0.113685
0.321355 0.384988 1.937819 0.499175 -0.016033 0.858867 0.113644
0.321125 0.384741 1.937957 0.499160 -0.016113 0.858880 0.113600
0.320896 0.384494 1.938094 0.499143 -0.016199 0.858894 0.113552
0.320668 0.384248 1.938231 0.499126 -0.016288 0.858909 0.113502
0.320441 0.384003 1.938366 0.499108 -0.016383 0.858925 0.113448
0.320216 0.383759 1.938501 0.499089 -0.016481 0.858942 0.113392
0.319993 0.383515 1.938635 0.499068 -0.016583 0.858959 0.113334
0.319770 0.383272 1.938769 0.499048 -0.016689 0.858977 0.113273
0.319549 0.383031 1.938901 0.499026 -0.016798 0.858996 0.113210
0.319330 0.382790 1.939033 0.499003 -0.016912 0.859016 0.113144
0.319111 0.382549 1.939164 0.498980 -0.017028 0.859036 0.113077
0.318894 0.382310 1.939294 0.498956 -0.017149 0.859057 0.113007
0.318679 0.382072 1.939424 0.498931 -0.017272 0.859078 0.112936
0.318464 0.381834 1.939552 0.498905 -0.017398 0.859100 0.112863
0.318251 0.381597 1.939680 0.498879 -0.017528 0.859123 0.112788
0.317978 0.381343 1.939842 0.498843 -0.017566 0.859174 0.112547
0.317693 0.381069 1.940006 0.498823 -0.017595 0.859221 0.112278
0.317404 0.380789 1.940167 0.498813 -0.017606 0.859256 0.112052
0.317115 0.380506 1.940323 0.498810 -0.017598 0.859279 0.111885
0.316829 0.380224 1.940475 0.498811 -0.017578 0.859294 0.111771
0.316548 0.379942 1.940624 0.498814 -0.017550 0.859302 0.111698
0.316273 0.379660 1.940768 0.498817 -0.017520 0.859307 0.111654
0.316002 0.379379 1.940910 0.498820 -0.017489 0.859308 0.111630
0.315737 0.379098 1.941049 0.498823 -0.017460 0.859309 0.111619
0.315476 0.378817 1.941187 0.498824 -0.017434 0.859309 0.111615
0.315220 0.378537 1.941322 0.498823 -0.017413 0.859310 0.111615
0.314968 0.378257 1.941455 0.498821 -0.017398 0.859312 0.111616
0.314721 0.377978 1.941588 0.498817 -0.017388 0.859314 0.111617
0.314476 0.377699 1.941718 0.498811 -0.017383 0.859318 0.111615
0.314235 0.377422 1.941848 0.498803 -0.017385 0.859323 0.111611
0.313996 0.377145 1.941976 0.498793 -0.017392 0.859329 0.111605
0.313760 0.376870 1.942104 0.498782 -0.017404 0.859337 0.111595
0.313525 0.376597 1.942233 0.498767 -0.017420 0.859347 0.111584
0.313290 0.376325 1.942362 0.498750 -0.017440 0.859358 0.111573
0.313057 0.376054 1.942491 0.498730 -0.017464 0.859370 0.111560
0.312825 0.375784 1.942620 0.498709 -0.017494 0.859384 0.111545
0.312594 0.375515 1.942748 0.498686 -0.017530 0.859399 0.111527
0.312364 0.375248 1.942877 0.498661 -0.017571 0.859416 0.111505
0.312136 0.374981 1.943005 0.498635 -0.017617 0.859433 0.111481
0.311908 0.374715 1.943133 0.498608 -0.017669 0.859451 0.111453
0.311682 0.374450 1.943260 0.498579 -0.017726 0.859470 0.111423
0.311458 0.374186 1.943387 0.498550 -0.017789 0.859490 0.111389
0.311234 0.373923 1.943513 0.498520 -0.017856 0.859511 0.111353
0.311012 0.373661 1.943639 0.498488 -0.017928 0.859533 0.111313
0.310790 0.373400 1.943764 0.498456 -0.018005 0.859556 0.111272
0.310570 0.373140 1.943888 0.498423 -0.018087 0.859579 0.111227
0.310352 0.372881 1.944012 0.498389 -0.018173 0.859603 0.111180
0.310134 0.372623 1.944135 0.498354 -0.018263 0.859628 0.111132
0.309918 0.372365 1.944258 0.498319 -0.018357 0.859653 0.111080
0.309703 0.372109 1.944380 0.498282 -0.018456 0.859678 0.111027
0.309489 0.371854 1.944501 0.498246 -0.018558 0.859705 0.110972
0.309276 0.371599 1.944621 0.498208 -0.018664 0.859732 0.110915
0.309065 0.371345 1.944741 0.498170 -0.018774 0.859759 0.110856
0.308855 0.371093 1.944860 0.498131 -0.018887 0.859787 0.110796
0.308646 0.370841 1.944979 0.498092 -0.019004 0.859815 0.110733
0.308375 0.370566 1.945132 0.498048 -0.019049 0.859877 0.110437
0.308080 0.370272 1.945291 0.498013 -0.019066 0.859940 0.110106
0.307781 0.369963 1.945442 0.497993 -0.019080 0.859992 0.109788
0.307484 0.369647 1.945585 0.497982 -0.019080 0.860033 0.109513
0.307190 0.369328 1.945722 0.497977 -0.019066 0.860065 0.109290
0.306902 0.369009 1.945854 0.497975 -0.019037 0.860089 0.109117
0.306619 0.368691 1.945981 0.497973 -0.018997 0.860106 0.108988
0.306344 0.368373 1.946104 0.497971 -0.018950 0.860121 0.108894
0.306075 0.368057 1.946222 0.497968 -0.018901 0.860133 0.108825
0.305813 0.367741 1.946337 0.497961 -0.018852 0.860144 0.108773
0.305557 0.367427 1.946449 0.497953 -0.018805 0.860155 0.108733
0.305306 0.367114 1.946558 0.497941 -0.018761 0.860167 0.108700
0.305061 0.366803 1.946665 0.497926 -0.018722 0.860180 0.108670
0.304820 0.366492 1.946771 0.497909 -0.018687 0.860194 0.108643
0.304583 0.366184 1.946875 0.497889 -0.018658 0.860210 0.108616
0.304349 0.365877 1.946978 0.497866 -0.018634 0.860227 0.108588
0.304118 0.365572 1.947079 0.497840 -0.018615 0.860246 0.108560
0.303891 0.365269 1.947180 0.497813 -0.018603 0.860266 0.108530
0.303665 0.364967 1.947280 0.497783 -0.018596 0.860287 0.108498
0.303441 0.364668 1.947380 0.497750 -0.018592 0.860310 0.108467
0.303218 0.364371 1.947481 0.497715 -0.018593 0.860335 0.108437
0.302995 0.364075 1.947583 0.497677 -0.018598 0.860360 0.108406
0.302774 0.363782 1.947684 0.497638 -0.018610 0.860387 0.108374
0.302555 0.363489 1.947785 0.497596 -0.018626 0.860415 0.108340
0.302336 0.363199 1.947886 0.497554 -0.018649 0.860443 0.108304
0.302118 0.362910 1.947986 0.497510 -0.018677 0.860473 0.108267
0.301902 0.362622 1.948087 0.497464 -0.018710 0.860503 0.108227
0.301686 0.362335 1.948187 0.497418 -0.018749 0.860534 0.108186
0.301472 0.362050 1.948287 0.497371 -0.018793 0.860566 0.108143
0.301258 0.361766 1.948387 0.497323 -0.018842 0.860599 0.108098
0.301046 0.361484 1.948487 0.497274 -0.018896 0.860632 0.108051
0.300835 0.361203 1.948586 0.497224 -0.018956 0.860665 0.108003
0.300624 0.360923 1.948685 0.497174 -0.019020 0.860699 0.107953
0.300415 0.360644 1.948783 0.497123 -0.019088 0.860734 0.107901
0.300207 0.360367 1.948882 0.497071 -0.019162 0.860768 0.107848
0.299999 0.360091 1.948980 0.497018 -0.019240 0.860804 0.107793
0.299793 0.359816 1.949078 0.496965 -0.019322 0.860840 0.107737
0.299587 0.359543 1.949175 0.496911 -0.019408 0.860876 0.107680
0.299382 0.359270 1.949273 0.496857 -0.019499 0.860913 0.107620
0.299178 0.358999 1.949370 0.496802 -0.019594 0.860950 0.107560
0.298920 0.358708 1.949501 0.496747 -0.019640 0.861013 0.107296
0.298638 0.358402 1.949640 0.496700 -0.019665 0.861076 0.107002
0.298352 0.358081 1.949774 0.496667 -0.019689 0.861131 0.106715
0.298065 0.357751 1.949903 0.496643 -0.019707 0.861176 0.106454
0.297781 0.357416 1.950029 0.496625 -0.019716 0.861215 0.106224
0.297500 0.357078 1.950151 0.496610 -0.019717 0.861248 0.106021
0.297223 0.356737 1.950270 0.496598 -0.019712 0.861278 0.105841
0.296950 0.356394 1.950386 0.496586 -0.019701 0.861305 0.105680
0.296681 0.356051 1.950500 0.496574 -0.019685 0.861330 0.105534
0.296416 0.355706 1.950613 0.496562 -0.019667 0.861354 0.105399
0.296155 0.355361 1.950724 0.496548 -0.019646 0.861377 0.105274
0.295897 0.355014 1.950835 0.496534 -0.019623 0.861401 0.105155
0.295642 0.354668 1.950944 0.496518 -0.019598 0.861424 0.105042
0.295389 0.354321 1.951053 0.496500 -0.019572 0.861448 0.104934
0.295139 0.353974 1.951162 0.496482 -0.019546 0.861473 0.104829
0.294890 0.353627 1.951270 0.496461 -0.019518 0.861497 0.104728
0.294644 0.353279 1.951378 0.496439 -0.019491 0.861522 0.104629
0.294399 0.352932 1.951486 0.496416 -0.019463 0.861548 0.104532
0.294156 0.352584 1.951594 0.496391 -0.019438 0.861575 0.104436
0.293916 0.352236 1.951701 0.496364 -0.019415 0.861602 0.104348
0.293677 0.351890 1.951807 0.496332 -0.019395 0.861630 0.104271
0.293441 0.351546 1.951914 0.496297 -0.019377 0.861659 0.104202
0.293208 0.351202 1.952020 0.496259 -0.019365 0.861689 0.104138
0.292977 0.350860 1.952125 0.496218 -0.019359 0.861720 0.104078
0.292748 0.350520 1.952230 0.496174 -0.019359 0.861752 0.104019
0.292522 0.350182 1.952334 0.496128 -0.019364 0.861786 0.103961
0.292297 0.349845 1.952437 0.496079 -0.019377 0.861820 0.103903
0.292075 0.349509 1.952540 0.496029 -0.019395 0.861856 0.103845
0.291854 0.349176 1.952642 0.495978 -0.019420 0.861892 0.103786
0.291634 0.348845 1.952744 0.495924 -0.019450 0.861929 0.103726
0.291417 0.348515 1.952845 0.495870 -0.019487 0.861967 0.103665
0.291200 0.348187 1.952945 0.495814 -0.019529 0.862005 0.103604
0.290985 0.347862 1.953045 0.495758 -0.019577 0.862044 0.103542
0.290771 0.347538 1.953145 0.495700 -0.019630 0.862084 0.103478
0.290558 0.347216 1.953244 0.495641 -0.019689 0.862124 0.103414
0.290347 0.346896 1.953343 0.495581 -0.019753 0.862165 0.103349
0.290136 0.346578 1.953442 0.495520 -0.019822 0.862206 0.103282
0.289926 0.346262 1.953541 0.495459 -0.019896 0.862248 0.103215
0.289717 0.345947 1.953639 0.495397 -0.019975 0.862290 0.103146
0.289509 0.345635 1.953737 0.495334 -0.020058 0.862332 0.103077
0.289259 0.345308 1.953859 0.495277 -0.020118 0.862387 0.102877
0.288986 0.344970 1.953990 0.495229 -0.020161 0.862438 0.102673
0.288701 0.344626 1.954124 0.495188 -0.020187 0.862482 0.102497
0.288410 0.344276 1.954257 0.495154 -0.020203 0.862519 0.102354
0.288116 0.343921 1.954390 0.495124 -0.020212 0.862549 0.102237
0.287826 0.343560 1.954518 0.495101 -0.020225 0.862575 0.102129
0.287540 0.343195 1.954642 0.495082 -0.020240 0.862598 0.102028
0.287257 0.342826 1.954764 0.495065 -0.020255 0.862618 0.101933
0.286977 0.342454 1.954883 0.495051 -0.020271 0.862636 0.101845
0.286701 0.342081 1.955002 0.495036 -0.020287 0.862654 0.101762
0.286429 0.341707 1.955119 0.495023 -0.020303 0.862671 0.101683
0.286159 0.341331 1.955235 0.495008 -0.020319 0.862687 0.101608
0.285892 0.340954 1.955350 0.494994 -0.020335 0.862704 0.101536
0.285627 0.340576 1.955465 0.494978 -0.020351 0.862721 0.101468
0.285364 0.340198 1.955579 0.494961 -0.020367 0.862738 0.101401
0.285103 0.339818 1.955693 0.494944 -0.020384 0.862755 0.101337
0.284844 0.339439 1.955807 0.494925 -0.020400 0.862772 0.101274
0.284586 0.339058 1.955921 0.494906 -0.020417 0.862790 0.101214
0.284330 0.338677 1.956035 0.494885 -0.020434 0.862809 0.101154
0.284074 0.338296 1.956149 0.494863 -0.020452 0.862828 0.101096
0.283819 0.337915 1.956265 0.494840 -0.020465 0.862847 0.101046
0.283563 0.337534 1.956383 0.494814 -0.020478 0.862866 0.101002
0.283308 0.337153 1.956501 0.494787 -0.020489 0.862886 0.100961
0.283053 0.336770 1.956621 0.494759 -0.020502 0.862907 0.100923
0.282799 0.336387 1.956741 0.494730 -0.020515 0.862927 0.100886
0.282546 0.336003 1.956861 0.494700 -0.020529 0.862948 0.100850
0.282293 0.335617 1.956982 0.494670 -0.020544 0.862970 0.100814
0.282041 0.335231 1.957102 0.494638 -0.020561 0.862991 0.100778
0.281789 0.334845 1.957224 0.494607 -0.020578 0.863013 0.100743
0.281539 0.334457 1.957345 0.494574 -0.020597 0.863035 0.100708
0.281289 0.334069 1.957466 0.494541 -0.020618 0.863058 0.100672
0.281040 0.333679 1.957588 0.494508 -0.020639 0.863081 0.100637
0.280792 0.333290 1.957709 0.494474 -0.020662 0.863104 0.100602
0.280545 0.332899 1.957830 0.494439 -0.020689 0.863127 0.100564
0.280302 0.332506 1.957949 0.494403 -0.020723 0.863152 0.100519
0.280061 0.332113 1.958065 0.494365 -0.020767 0.863180 0.100464
0.279824 0.331719 1.958180 0.494325 -0.020822 0.863209 0.100397
0.279589 0.331325 1.958294 0.494282 -0.020884 0.863241 0.100325
0.279357 0.330931 1.958406 0.494236 -0.020953 0.863274 0.100252
0.279127 0.330540 1.958516 0.494188 -0.021029 0.863308 0.100179
0.278880 0.330145 1.958635 0.494144 -0.021092 0.863341 0.100095
0.278623 0.329748 1.958758 0.494104 -0.021146 0.863372 0.100016
0.278361 0.329349 1.958882 0.494067 -0.021195 0.863400 0.099948
0.278099 0.328947 1.959004 0.494034 -0.021247 0.863425 0.099877
0.277836 0.328542 1.959123 0.494005 -0.021301 0.863449 0.099805
0.277575 0.328135 1.959242 0.493977 -0.021355 0.863472 0.099734
0.277314 0.327727 1.959360 0.493950 -0.021410 0.863494 0.099665
0.277054 0.327318 1.959478 0.493924 -0.021465 0.863515 0.099599
0.276795 0.326908 1.959595 0.493898 -0.021520 0.863536 0.099534
0.276537 0.326498 1.959711 0.493872 -0.021575 0.863557 0.099471
0.276281 0.326087 1.959828 0.493846 -0.021631 0.863577 0.099409
0.276025 0.325675 1.959944 0.493819 -0.021686 0.863598 0.099350
0.275771 0.325263 1.960060 0.493792 -0.021741 0.863619 0.099292
0.275517 0.324850 1.960176 0.493763 -0.021797 0.863641 0.099235
0.275263 0.324438 1.960294 0.493733 -0.021849 0.863662 0.099189
0.275008 0.324025 1.960414 0.493700 -0.021898 0.863684 0.099149
0.274754 0.323612 1.960535 0.493666 -0.021947 0.863706 0.099113
0.274500 0.323198 1.960656 0.493631 -0.021996 0.863729 0.099079
0.274247 0.322783 1.960778 0.493595 -0.022046 0.863752 0.099047
0.273994 0.322366 1.960900 0.493558 -0.022097 0.863775 0.099016
0.273742 0.321949 1.961022 0.493520 -0.022149 0.863799 0.098985
0.273491 0.321530 1.961144 0.493482 -0.022203 0.863823 0.098954
0.273240 0.321110 1.961266 0.493443 -0.022258 0.863848 0.098923
0.272991 0.320690 1.961388 0.493403 -0.022314 0.863873 0.098893
0.272742 0.320268 1.961510 0.493362 -0.022372 0.863898 0.098861
0.272494 0.319845 1.961632 0.493321 -0.022431 0.863923 0.098830
0.272247 0.319421 1.961754 0.493280 -0.022492 0.863949 0.098799
0.272000 0.318997 1.961876 0.493238 -0.022554 0.863975 0.098767
0.271756 0.318570 1.961995 0.493197 -0.022622 0.864001 0.098726
0.271514 0.318142 1.962112 0.493157 -0.022694 0.864027 0.098678
0.271274 0.317714 1.962229 0.493118 -0.022770 0.864054 0.098626
0.271033 0.317285 1.962347 0.493077 -0.022841 0.864080 0.098581
0.270792 0.316857 1.962465 0.493035 -0.022912 0.864107 0.098540
0.270552 0.316428 1.962584 0.492992 -0.022982 0.864134 0.098503
0.270313 0.315998 1.962701 0.492949 -0.023057 0.864162 0.098458
0.270075 0.315568 1.962819 0.492906 -0.023131 0.864189 0.098417
0.269838 0.315136 1.962935 0.492863 -0.023209 0.864217 0.098369
0.269601 0.314704 1.963052 0.492819 -0.023285 0.864245 0.098326
0.269364 0.314272 1.963170 0.492773 -0.023360 0.864274 0.098286
0.269127 0.313840 1.963287 0.492726 -0.023436 0.864303 0.098248
0.268881 0.313403 1.963407 0.492681 -0.023511 0.864328 0.098235
0.268627 0.312965 1.963533 0.492636 -0.023583 0.864351 0.098238
0.268369 0.312525 1.963664 0.492593 -0.023656 0.864373 0.098247
0.268107 0.312082 1.963799 0.492551 -0.023731 0.864393 0.098258
0.267842 0.311636 1.963937 0.492511 -0.023809 0.864413 0.098269
0.267573 0.311189 1.964081 0.492470 -0.023882 0.864431 0.098292
0.267300 0.310741 1.964230 0.492429 -0.023956 0.864449 0.098321
0.267024 0.310290 1.964381 0.492388 -0.024030 0.864467 0.098354
0.266748 0.309836 1.964534 0.492348 -0.024108 0.864484 0.098386
0.266470 0.309379 1.964688 0.492308 -0.024189 0.864501 0.098417
0.266195 0.308917 1.964840 0.492271 -0.024279 0.864517 0.098434
0.265923 0.308452 1.964990 0.492237 -0.024377 0.864533 0.098441
0.265652 0.307984 1.965139 0.492204 -0.024481 0.864549 0.098441
0.265380 0.307515 1.965290 0.492169 -0.024581 0.864565 0.098450
0.265108 0.307044 1.965442 0.492135 -0.024681 0.864580 0.098464
0.264837 0.306572 1.965594 0.492100 -0.024782 0.864596 0.098481
0.264566 0.306098 1.965747 0.492064 -0.024885 0.864611 0.098498
0.264297 0.305621 1.965899 0.492028 -0.024990 0.864626 0.098515
0.264029 0.305142 1.966050 0.491993 -0.025097 0.864641 0.098531
0.263762 0.304661 1.966202 0.491957 -0.025207 0.864657 0.098547
0.263496 0.304178 1.966352 0.491921 -0.025319 0.864673 0.098562
0.263234 0.303691 1.966498 0.491887 -0.025439 0.864688 0.098563
0.262976 0.303203 1.966642 0.491854 -0.025565 0.864704 0.098556
0.262717 0.302713 1.966786 0.491820 -0.025688 0.864719 0.098557
0.262460 0.302223 1.966931 0.491785 -0.025810 0.864735 0.098561
0.262203 0.301731 1.967075 0.491750 -0.025933 0.864751 0.098569
0.261948 0.301238 1.967218 0.491713 -0.026057 0.864767 0.098577
0.261696 0.300742 1.967358 0.491678 -0.026188 0.864783 0.098573
0.261444 0.300246 1.967498 0.491642 -0.026317 0.864800 0.098573
0.261194 0.299749 1.967638 0.491604 -0.026447 0.864817 0.098576
0.260945 0.299249 1.967775 0.491567 -0.026582 0.864835 0.098568
0.260697 0.298749 1.967913 0.491529 -0.026717 0.864853 0.098565
0.260450 0.298247 1.968050 0.491489 -0.026851 0.864871 0.098565
0.260205 0.297744 1.968185 0.491451 -0.026991 0.864890 0.098554
0.259960 0.297241 1.968320 0.491410 -0.027129 0.864909 0.098548
0.259716 0.296736 1.968455 0.491368 -0.027267 0.864929 0.098544
0.259472 0.296231 1.968590 0.491325 -0.027406 0.864950 0.098542
0.259230 0.295723 1.968722 0.491283 -0.027550 0.864971 0.098528
0.258988 0.295215 1.968854 0.491238 -0.027694 0.864992 0.098519
0.258747 0.294706 1.968986 0.491193 -0.027837 0.865015 0.098512
0.258494 0.294193 1.969121 0.491148 -0.027974 0.865032 0.098538
0.258234 0.293676 1.969255 0.491107 -0.028116 0.865049 0.098560
0.257970 0.293154 1.969389 0.491069 -0.028264 0.865064 0.098574
0.257703 0.292629 1.969522 0.491035 -0.028416 0.865077 0.098582
0.257434 0.292101 1.969656 0.491003 -0.028570 0.865090 0.098585
0.257163 0.291571 1.969789 0.490973 -0.028727 0.865102 0.098583
0.256891 0.291042 1.969922 0.490947 -0.028878 0.865111 0.098589
0.256617 0.290514 1.970057 0.490921 -0.029019 0.865118 0.098615
0.256341 0.289986 1.970194 0.490898 -0.029154 0.865122 0.098654
0.256066 0.289457 1.970330 0.490875 -0.029286 0.865125 0.098702
0.255792 0.288924 1.970466 0.490850 -0.029426 0.865130 0.098741
0.255518 0.288388 1.970602 0.490824 -0.029573 0.865136 0.098772
0.255246 0.287849 1.970738 0.490797 -0.029725 0.865144 0.098797
0.254974 0.287309 1.970874 0.490772 -0.029872 0.865149 0.098831
0.254703 0.286768 1.971009 0.490748 -0.030017 0.865153 0.098872
0.254436 0.286225 1.971140 0.490727 -0.030166 0.865156 0.098906
0.254171 0.285680 1.971268 0.490707 -0.030318 0.865158 0.098937
0.253910 0.285133 1.971394 0.490688 -0.030472 0.865161 0.098965
0.253651 0.284585 1.971517 0.490669 -0.030628 0.865163 0.098991
0.253393 0.284036 1.971642 0.490649 -0.030781 0.865165 0.099028
0.253135 0.283485 1.971766 0.490627 -0.030933 0.865166 0.099072
0.252879 0.282933 1.971890 0.490605 -0.031085 0.865168 0.099119
0.252625 0.282379 1.972014 0.490582 -0.031238 0.865170 0.099168
0.252371 0.281824 1.972137 0.490557 -0.031393 0.865173 0.099218
0.252120 0.281266 1.972259 0.490533 -0.031549 0.865175 0.099268
0.251871 0.280705 1.972378 0.490508 -0.031712 0.865179 0.099309
0.251624 0.280142 1.972495 0.490484 -0.031879 0.865182 0.099344
0.251378 0.279578 1.972613 0.490458 -0.032045 0.865186 0.099384
0.251133 0.279012 1.972730 0.490430 -0.032212 0.865191 0.099427
0.250889 0.278444 1.972847 0.490401 -0.032380 0.865196 0.099472
0.250647 0.277873 1.972962 0.490372 -0.032553 0.865201 0.099509
0.250407 0.277300 1.973074 0.490343 -0.032731 0.865207 0.099540
0.250167 0.276726 1.973188 0.490313 -0.032908 0.865214 0.099577
0.249928 0.276151 1.973301 0.490280 -0.033086 0.865221 0.099616
0.249690 0.275573 1.973414 0.490246 -0.033264 0.865229 0.099657
0.249452 0.274993 1.973527 0.490211 -0.033445 0.865237 0.099699
0.249216 0.274412 1.973639 0.490175 -0.033627 0.865245 0.099741
0.248981 0.273827 1.973749 0.490139 -0.033815 0.865255 0.099775
0.248748 0.273241 1.973856 0.490103 -0.034007 0.865264 0.099803
0.248515 0.272653 1.973964 0.490065 -0.034199 0.865274 0.099836
0.248271 0.272062 1.974080 0.490026 -0.034381 0.865280 0.099909
0.248022 0.271466 1.974196 0.489991 -0.034568 0.865285 0.099977
0.247771 0.270865 1.974311 0.489958 -0.034760 0.865289 0.100039
0.247518 0.270261 1.974426 0.489928 -0.034955 0.865292 0.100095
0.247263 0.269654 1.974543 0.489898 -0.035149 0.865294 0.100156
0.247006 0.269045 1.974662 0.489870 -0.035344 0.865294 0.100220
0.246749 0.268433 1.974780 0.489842 -0.035540 0.865295 0.100285
0.246491 0.267818 1.974899 0.489815 -0.035737 0.865294 0.100351
0.246235 0.267200 1.975015 0.489789 -0.035941 0.865294 0.100406
0.245981 0.266578 1.975129 0.489765 -0.036150 0.865293 0.100456
0.245727 0.265954 1.975244 0.489740 -0.036359 0.865292 0.100511
0.245474 0.265327 1.975359 0.489714 -0.036568 0.865291 0.100569
0.245222 0.264698 1.975473 0.489688 -0.036780 0.865290 0.100629
0.244971 0.264067 1.975586 0.489662 -0.036993 0.865289 0.100690
0.244722 0.263432 1.975699 0.489635 -0.037210 0.865287 0.100751
0.244473 0.262795 1.975811 0.489608 -0.037428 0.865286 0.100813
0.244228 0.262154 1.975920 0.489581 -0.037654 0.865285 0.100866
0.243985 0.261510 1.976026 0.489554 -0.037884 0.865285 0.100913
0.243743 0.260863 1.976132 0.489526 -0.038116 0.865285 0.100965
0.243502 0.260214 1.976237 0.489496 -0.038348 0.865285 0.101020
0.243262 0.259563 1.976342 0.489466 -0.038583 0.865285 0.101077
0.243024 0.258909 1.976446 0.489434 -0.038820 0.865285 0.101135
0.242788 0.258251 1.976548 0.489403 -0.039064 0.865286 0.101186
0.242554 0.257591 1.976646 0.489371 -0.039312 0.865287 0.101232
0.242321 0.256928 1.976745 0.489338 -0.039561 0.865289 0.101283
0.242089 0.256262 1.976843 0.489303 -0.039811 0.865291 0.101337
0.241858 0.255594 1.976941 0.489267 -0.040064 0.865293 0.101394
0.241628 0.254924 1.977037 0.489230 -0.040319 0.865295 0.101452
0.241401 0.254250 1.977131 0.489192 -0.040580 0.865298 0.101502
0.241176 0.253573 1.977222 0.489155 -0.040845 0.865302 0.101549
0.240951 0.252894 1.977313 0.489115 -0.041111 0.865305 0.101601
0.240727 0.252212 1.977404 0.489075 -0.041379 0.865309 0.101655
0.240504 0.251528 1.977494 0.489032 -0.041649 0.865314 0.101712
0.240282 0.250841 1.977583 0.488989 -0.041922 0.865318 0.101769
0.240061 0.250151 1.977670 0.488944 -0.042198 0.865323 0.101828
0.239843 0.249458 1.977755 0.488899 -0.042479 0.865329 0.101880
0.239626 0.248762 1.977838 0.488854 -0.042764 0.865334 0.101929
0.239411 0.248064 1.977919 0.488808 -0.043054 0.865340 0.101975
0.239196 0.247362 1.978000 0.488761 -0.043344 0.865347 0.102027
0.238983 0.246659 1.978080 0.488711 -0.043636 0.865353 0.102082
0.238755 0.245951 1.978169 0.488663 -0.043918 0.865355 0.102177
0.238521 0.245238 1.978261 0.488617 -0.044199 0.865355 0.102282
0.238284 0.244520 1.978352 0.488574 -0.044485 0.865353 0.102379
0.238044 0.243796 1.978444 0.488534 -0.044775 0.865349 0.102473
0.237803 0.243068 1.978536 0.488497 -0.045069 0.865344 0.102564
0.237561 0.242337 1.978630 0.488460 -0.045362 0.865338 0.102662
0.237317 0.241601 1.978724 0.488426 -0.045658 0.865330 0.102763
0.237073 0.240862 1.978817 0.488392 -0.045955 0.865321 0.102864
0.236830 0.240119 1.978910 0.488360 -0.046256 0.865311 0.102965
0.236588 0.239372 1.979001 0.488329 -0.046560 0.865300 0.103066
0.236348 0.238622 1.979091 0.488298 -0.046867 0.865289 0.103165
0.236109 0.237868 1.979179 0.488268 -0.047178 0.865277 0.103264
0.235872 0.237111 1.979265 0.488238 -0.047493 0.865265 0.103363
0.235638 0.236351 1.979349 0.488209 -0.047811 0.865252 0.103461
0.235405 0.235587 1.979431 0.488180 -0.048133 0.865239 0.103559
0.235177 0.234819 1.979509 0.488152 -0.048462 0.865226 0.103647
0.234951 0.234047 1.979584 0.488124 -0.048797 0.865213 0.103730
0.234729 0.233272 1.979656 0.488097 -0.049136 0.865199 0.103811
0.234508 0.232494 1.979727 0.488069 -0.049477 0.865185 0.103901
0.234289 0.231712 1.979797 0.488040 -0.049818 0.865171 0.103995
0.234071 0.230928 1.979864 0.488010 -0.050163 0.865156 0.104092
0.233856 0.230141 1.979930 0.487980 -0.050510 0.865141 0.104192
0.233643 0.229350 1.979994 0.487949 -0.050860 0.865126 0.104293
0.233434 0.228556 1.980054 0.487918 -0.051217 0.865111 0.104388
0.233227 0.227758 1.980110 0.487887 -0.051579 0.865095 0.104479
0.233023 0.226957 1.980165 0.487856 -0.051945 0.865080 0.104569
0.232821 0.226154 1.980217 0.487823 -0.052312 0.865065 0.104667
0.232620 0.225347 1.980269 0.487790 -0.052681 0.865049 0.104771
0.232421 0.224537 1.980318 0.487755 -0.053052 0.865032 0.104878
0.232224 0.223724 1.980365 0.487720 -0.053426 0.865016 0.104988
0.232030 0.222908 1.980409 0.487684 -0.053805 0.865000 0.105092
0.231839 0.222088 1.980450 0.487649 -0.054190 0.864983 0.105194
0.231650 0.221265 1.980489 0.487613 -0.054578 0.864967 0.105296
0.231463 0.220440 1.980526 0.487575 -0.054968 0.864950 0.105405
0.231277 0.219611 1.980561 0.487537 -0.055359 0.864933 0.105520
0.231093 0.218780 1.980594 0.487498 -0.055753 0.864915 0.105639
0.230912 0.217945 1.980624 0.487458 -0.056152 0.864898 0.105753
0.230732 0.217107 1.980652 0.487418 -0.056553 0.864880 0.105873
0.230555 0.216267 1.980677 0.487377 -0.056958 0.864861 0.105990
0.230380 0.215423 1.980700 0.487336 -0.057368 0.864843 0.106106
0.230194 0.214576 1.980730 0.487299 -0.057770 0.864820 0.106247
0.230001 0.213726 1.980757 0.487266 -0.058176 0.864795 0.106377
0.229803 0.212874 1.980782 0.487238 -0.058585 0.864769 0.106495
0.229603 0.212019 1.980805 0.487213 -0.058997 0.864742 0.106600
0.229398 0.211164 1.980827 0.487194 -0.059407 0.864712 0.106706
0.229192 0.210308 1.980848 0.487178 -0.059816 0.864680 0.106807
0.228985 0.209452 1.980867 0.487167 -0.060225 0.864646 0.106904
0.228778 0.208594 1.980884 0.487160 -0.060635 0.864610 0.106995
0.228573 0.207735 1.980898 0.487156 -0.061050 0.864574 0.107071
0.228371 0.206875 1.980908 0.487155 -0.061468 0.864537 0.107137
0.228172 0.206013 1.980915 0.487155 -0.061889 0.864499 0.107199
0.227973 0.205151 1.980921 0.487157 -0.062309 0.864459 0.107265
0.227775 0.204287 1.980924 0.487162 -0.062729 0.864418 0.107334
0.227580 0.203422 1.980926 0.487168 -0.063151 0.864375 0.107402
0.227387 0.202556 1.980924 0.487177 -0.063574 0.864331 0.107468
0.227196 0.201688 1.980920 0.487187 -0.063999 0.864285 0.107533
0.227007 0.200819 1.980913 0.487199 -0.064426 0.864239 0.107596
0.226823 0.199947 1.980902 0.487212 -0.064858 0.864193 0.107650
0.226641 0.199075 1.980889 0.487222 -0.065283 0.864146 0.107722
0.226460 0.198203 1.980875 0.487232 -0.065701 0.864097 0.107819
0.226280 0.197331 1.980858 0.487241 -0.066113 0.864046 0.107936
0.226103 0.196459 1.980838 0.487249 -0.066522 0.863994 0.108061
0.225930 0.195586 1.980815 0.487258 -0.066927 0.863941 0.108199
0.225759 0.194713 1.980788 0.487267 -0.067328 0.863885 0.108354
0.225589 0.193840 1.980759 0.487277 -0.067727 0.863827 0.108519
0.225423 0.192966 1.980726 0.487287 -0.068126 0.863770 0.108685
0.225261 0.192091 1.980690 0.487296 -0.068525 0.863712 0.108855
0.225101 0.191216 1.980650 0.487306 -0.068923 0.863652 0.109034
0.224943 0.190340 1.980606 0.487316 -0.069321 0.863591 0.109218
0.224786 0.189464 1.980559 0.487327 -0.069719 0.863529 0.109405
0.224634 0.188586 1.980509 0.487338 -0.070119 0.863467 0.109588
0.224486 0.187708 1.980455 0.487347 -0.070522 0.863406 0.109772
0.224344 0.186829 1.980395 0.487368 -0.070923 0.863338 0.109957
0.224207 0.185949 1.980332 0.487387 -0.071327 0.863270 0.110140
0.224075 0.185067 1.980262 0.487416 -0.071730 0.863197 0.110327
0.223947 0.184184 1.980190 0.487441 -0.072137 0.863125 0.110512
0.223821 0.183300 1.980115 0.487463 -0.072548 0.863054 0.110698
0.223697 0.182415 1.980037 0.487482 -0.072959 0.862984 0.110893
0.223576 0.181530 1.979955 0.487511 -0.073364 0.862905 0.111109
0.223460 0.180646 1.979870 0.487549 -0.073763 0.862819 0.111346
0.223332 0.179759 1.979798 0.487583 -0.074163 0.862737 0.111567
0.223191 0.178871 1.979738 0.487631 -0.074553 0.862648 0.111786
0.223041 0.177981 1.979684 0.487677 -0.074943 0.862562 0.111991
0.222880 0.177091 1.979636 0.487731 -0.075327 0.862472 0.112191
0.222712 0.176202 1.979591 0.487792 -0.075709 0.862380 0.112378
0.222541 0.175313 1.979547 0.487852 -0.076091 0.862290 0.112549
0.222366 0.174424 1.979504 0.487912 -0.076473 0.862201 0.112709
0.222186 0.173537 1.979460 0.487978 -0.076852 0.862110 0.112863
0.222002 0.172652 1.979415 0.488051 -0.077226 0.862015 0.113015
0.221817 0.171770 1.979372 0.488148 -0.077580 0.861905 0.113196
0.221632 0.170892 1.979328 0.488262 -0.077921 0.861784 0.113393
0.221447 0.170017 1.979283 0.488386 -0.078251 0.861655 0.113603
0.221266 0.169145 1.979234 0.488510 -0.078581 0.861528 0.113809
0.221087 0.168276 1.979182 0.488634 -0.078911 0.861400 0.114016
0.220909 0.167410 1.979127 0.488758 -0.079239 0.861271 0.114231
0.220730 0.166550 1.979071 0.488892 -0.079552 0.861133 0.114481
0.220551 0.165693 1.979014 0.489034 -0.079856 0.860988 0.114752
0.220371 0.164840 1.978955 0.489181 -0.080152 0.860839 0.115037
0.220195 0.163992 1.978893 0.489326 -0.080450 0.860692 0.115313
0.220023 0.163147 1.978828 0.489467 -0.080748 0.860546 0.115592
0.219849 0.162306 1.978761 0.489616 -0.081033 0.860393 0.115905
0.219674 0.161468 1.978693 0.489771 -0.081310 0.860233 0.116241
0.219499 0.160633 1.978624 0.489929 -0.081580 0.860070 0.116591
0.219328 0.159802 1.978551 0.490083 -0.081855 0.859910 0.116930
0.219160 0.158974 1.978474 0.490233 -0.082130 0.859752 0.117273
0.218991 0.158149 1.978398 0.490388 -0.082393 0.859586 0.117651
0.218821 0.157327 1.978320 0.490549 -0.082649 0.859416 0.118050
0.218650 0.156507 1.978240 0.490713 -0.082900 0.859241 0.118463
0.218495 0.155666 1.978153 0.490945 -0.083172 0.859030 0.118840
0.218340 0.154832 1.978065 0.491173 -0.083426 0.858821 0.119233
0.218184 0.154004 1.977977 0.491392 -0.083670 0.858614 0.119646
0.218027 0.153183 1.977888 0.491605 -0.083907 0.858409 0.120077
0.217869 0.152367 1.977797 0.491811 -0.084138 0.858205 0.120526
0.217711 0.151555 1.977704 0.492013 -0.084364 0.858002 0.120990
0.217550 0.150752 1.977612 0.492199 -0.084596 0.857812 0.121417
0.217384 0.149958 1.977521 0.492371 -0.084831 0.857632 0.121827
0.217216 0.149176 1.977433 0.492534 -0.085061 0.857460 0.122215
0.217046 0.148408 1.977346 0.492689 -0.085284 0.857295 0.122595
0.216873 0.147653 1.977260 0.492838 -0.085501 0.857134 0.122973
0.216699 0.146911 1.977174 0.492982 -0.085710 0.856975 0.123351
0.216521 0.146167 1.977097 0.493134 -0.085927 0.856829 0.123613
0.216341 0.145423 1.977024 0.493288 -0.086149 0.856692 0.123792
0.216157 0.144682 1.976955 0.493442 -0.086369 0.856561 0.123928
0.215976 0.143959 1.976892 0.493597 -0.086569 0.856438 0.124026
0.215797 0.143255 1.976834 0.493749 -0.086746 0.856319 0.124114
0.215618 0.142570 1.976778 0.493899 -0.086899 0.856203 0.124209
0.215439 0.141903 1.976724 0.494048 -0.087029 0.856089 0.124318
0.215261 0.141254 1.976672 0.494195 -0.087138 0.855974 0.124444
0.215084 0.140621 1.976619 0.494341 -0.087227 0.855860 0.124587
0.214907 0.140004 1.976566 0.494487 -0.087297 0.855745 0.124748
0.214736 0.139406 1.976514 0.494634 -0.087346 0.855630 0.124920
0.214569 0.138827 1.976460 0.494782 -0.087374 0.855514 0.125108
0.214407 0.138266 1.976405 0.494930 -0.087385 0.855397 0.125313
0.214250 0.137723 1.976348 0.495078 -0.087379 0.855280 0.125534
0.214097 0.137197 1.976290 0.495226 -0.087360 0.855162 0.125769
0.213948 0.136687 1.976229 0.495373 -0.087329 0.855044 0.126015
0.213804 0.136192 1.976167 0.495519 -0.087288 0.854926 0.126270
0.213664 0.135711 1.976102 0.495665 -0.087238 0.854808 0.126529
0.213527 0.135243 1.976036 0.495810 -0.087182 0.854691 0.126792
0.213394 0.134789 1.975969 0.495953 -0.087120 0.854574 0.127055
0.213265 0.134346 1.975900 0.496096 -0.087054 0.854459 0.127316
0.213139 0.133915 1.975830 0.496238 -0.086985 0.854346 0.127574
0.213016 0.133496 1.975760 0.496379 -0.086913 0.854233 0.127827
0.212896 0.133086 1.975688 0.496519 -0.086839 0.854123 0.128073
0.212778 0.132687 1.975616 0.496658 -0.086764 0.854014 0.128312
0.212664 0.132297 1.975543 0.496796 -0.086690 0.853906 0.128542
0.212552 0.131916 1.975470 0.496933 -0.086615 0.853801 0.128763
0.212442 0.131544 1.975397 0.497068 -0.086541 0.853698 0.128974
0.212334 0.131180 1.975323 0.497203 -0.086468 0.853596 0.129174
0.212229 0.130824 1.975249 0.497337 -0.086396 0.853497 0.129363
0.212125 0.130475 1.975175 0.497470 -0.086326 0.853399 0.129540
0.212023 0.130134 1.975101 0.497603 -0.086259 0.853304 0.129706
0.211923 0.129799 1.975027 0.497734 -0.086193 0.853210 0.129860
0.211824 0.129471 1.974953 0.497864 -0.086131 0.853119 0.130001
0.211727 0.129150 1.974880 0.497994 -0.086070 0.853030 0.130131
0.211631 0.128834 1.974807 0.498123 -0.086013 0.852942 0.130249
0.211536 0.128524 1.974734 0.498251 -0.085959 0.852857 0.130355
0.211442 0.128219 1.974661 0.498378 -0.085907 0.852773 0.130448
0.211350 0.127920 1.974589 0.498505 -0.085859 0.852692 0.130530
0.211258 0.127625 1.974517 0.498631 -0.085814 0.852612 0.130601
0.211159 0.127315 1.974461 0.498760 -0.085783 0.852548 0.130546
0.211052 0.126998 1.974418 0.498892 -0.085755 0.852493 0.130414
0.210939 0.126679 1.974385 0.499027 -0.085720 0.852444 0.130241
0.210822 0.126364 1.974359 0.499165 -0.085674 0.852397 0.130049
0.210700 0.126055 1.974339 0.499306 -0.085615 0.852351 0.129854
0.210576 0.125754 1.974322 0.499449 -0.085540 0.852303 0.129666
0.210452 0.125463 1.974307 0.499596 -0.085446 0.852253 0.129488
0.210329 0.125183 1.974295 0.499747 -0.085335 0.852201 0.129326
0.210207 0.124914 1.974283 0.499900 -0.085206 0.852145 0.129183
0.210086 0.124656 1.974271 0.500056 -0.085062 0.852086 0.129062
0.209966 0.124408 1.974259 0.500214 -0.084905 0.852025 0.128961
0.209848 0.124169 1.974246 0.500374 -0.084736 0.851960 0.128881
0.209731 0.123938 1.974232 0.500534 -0.084556 0.851893 0.128820
0.209616 0.123715 1.974217 0.500696 -0.084369 0.851823 0.128776
0.209503 0.123499 1.974201 0.500858 -0.084174 0.851751 0.128749
0.209391 0.123289 1.974184 0.501020 -0.083974 0.851678 0.128736
0.209281 0.123085 1.974166 0.501182 -0.083771 0.851602 0.128735
0.209172 0.122886 1.974146 0.501343 -0.083564 0.851526 0.128745
0.209065 0.122691 1.974126 0.501505 -0.083355 0.851449 0.128765
0.208959 0.122501 1.974104 0.501666 -0.083146 0.851370 0.128791
0.208855 0.122314 1.974082 0.501826 -0.082937 0.851291 0.128824
0.208752 0.122130 1.974058 0.501985 -0.082729 0.851212 0.128862
0.208651 0.121949 1.974034 0.502144 -0.082522 0.851132 0.128904
0.208551 0.121770 1.974009 0.502301 -0.082317 0.851052 0.128948
0.208453 0.121594 1.973983 0.502458 -0.082115 0.850972 0.128993
0.208355 0.121419 1.973956 0.502614 -0.081916 0.850893 0.129039
0.208259 0.121247 1.973929 0.502768 -0.081721 0.850813 0.129085
0.208164 0.121076 1.973901 0.502922 -0.081529 0.850734 0.129130
0.208068 0.120907 1.973875 0.503075 -0.081337 0.850653 0.129183
0.207971 0.120739 1.973849 0.503229 -0.081147 0.850572 0.129240
0.207876 0.120572 1.973824 0.503383 -0.080959 0.850490 0.129299
0.207780 0.120406 1.973800 0.503538 -0.080774 0.850407 0.129357
0.207686 0.120242 1.973775 0.503692 -0.080592 0.850324 0.129413
0.207592 0.120078 1.973749 0.503847 -0.080413 0.850241 0.129467
0.207500 0.119915 1.973724 0.504002 -0.080239 0.850158 0.129517
0.207409 0.119753 1.973697 0.504157 -0.080068 0.850076 0.129562
0.207318 0.119592 1.973670 0.504311 -0.079901 0.849993 0.129604
0.207229 0.119432 1.973643 0.504465 -0.079739 0.849912 0.129640
0.207141 0.119273 1.973615 0.504619 -0.079581 0.849831 0.129671
0.207054 0.119115 1.973586 0.504771 -0.079428 0.849750 0.129697
0.206962 0.118934 1.973559 0.504926 -0.079300 0.849686 0.129592
0.206863 0.118742 1.973537 0.505083 -0.079182 0.849632 0.129409
0.206758 0.118543 1.973517 0.505241 -0.079067 0.849584 0.129177
0.206648 0.118342 1.973499 0.505401 -0.078951 0.849540 0.128915
0.206535 0.118141 1.973482 0.505562 -0.078830 0.849497 0.128639
0.206419 0.117941 1.973466 0.505725 -0.078703 0.849454 0.128358
0.206300 0.117745 1.973449 0.505889 -0.078570 0.849411 0.128079
0.206181 0.117551 1.973433 0.506055 -0.078430 0.849366 0.127807
0.206060 0.117361 1.973416 0.506222 -0.078284 0.849319 0.127545
0.205936 0.117175 1.973401 0.506392 -0.078127 0.849268 0.127309
0.205811 0.116992 1.973388 0.506565 -0.077961 0.849212 0.127095
0.205685 0.116812 1.973375 0.506740 -0.077788 0.849153 0.126899
0.205560 0.116634 1.973361 0.506918 -0.077610 0.849090 0.126717
0.205435 0.116459 1.973346 0.507098 -0.077429 0.849024 0.126549
0.205310 0.116286 1.973330 0.507279 -0.077247 0.848956 0.126391
0.205187 0.116113 1.973312 0.507461 -0.077064 0.848886 0.126242
0.205066 0.115942 1.973293 0.507643 -0.076883 0.848815 0.126101
0.204946 0.115772 1.973271 0.507825 -0.076703 0.848742 0.125964
0.204827 0.115602 1.973248 0.508007 -0.076526 0.848669 0.125832
0.204710 0.115432 1.973223 0.508188 -0.076353 0.848595 0.125704
0.204594 0.115263 1.973196 0.508368 -0.076184 0.848521 0.125578
0.204479 0.115093 1.973167 0.508547 -0.076021 0.848447 0.125453
0.204366 0.114922 1.973137 0.508725 -0.075863 0.848373 0.125328
0.204254 0.114751 1.973106 0.508901 -0.075712 0.848299 0.125202
0.204143 0.114579 1.973073 0.509076 -0.075567 0.848226 0.125075
0.204034 0.114407 1.973038 0.509249 -0.075428 0.848154 0.124946
0.203926 0.114233 1.973003 0.509420 -0.075297 0.848082 0.124814
0.203818 0.114058 1.972966 0.509589 -0.075173 0.848011 0.124678
0.203712 0.113882 1.972928 0.509757 -0.075057 0.847941 0.124539
0.203607 0.113705 1.972889 0.509923 -0.074948 0.847872 0.124395
0.203502 0.113526 1.972849 0.510087 -0.074847 0.847804 0.124246
0.203399 0.113347 1.972808 0.510249 -0.074754 0.847737 0.124092
0.203296 0.113166 1.972767 0.510410 -0.074668 0.847672 0.123932
0.203194 0.112984 1.972724 0.510569 -0.074590 0.847607 0.123766
0.203093 0.112800 1.972681 0.510726 -0.074520 0.847543 0.123593
0.202993 0.112615 1.972637 0.510882 -0.074457 0.847481 0.123415
0.202893 0.112434 1.972599 0.511036 -0.074390 0.847420 0.123239
0.202794 0.112257 1.972563 0.511189 -0.074320 0.847359 0.123067
0.202695 0.112083 1.972530 0.511340 -0.074246 0.847298 0.122899
0.202597 0.111912 1.972499 0.511490 -0.074170 0.847238 0.122736
0.202498 0.111731 1.972461 0.511643 -0.074107 0.847192 0.122458
0.202397 0.111553 1.972418 0.511797 -0.074042 0.847153 0.122124
0.202295 0.111381 1.972372 0.511951 -0.073970 0.847119 0.121756
0.202192 0.111214 1.972325 0.512104 -0.073890 0.847088 0.121370
0.202087 0.111053 1.972276 0.512256 -0.073803 0.847060 0.120978
0.201980 0.110899 1.972227 0.512407 -0.073707 0.847033 0.120588
0.201873 0.110750 1.972177 0.512557 -0.073603 0.847006 0.120205
0.201764 0.110607 1.972127 0.512705 -0.073493 0.846978 0.119833
0.201635 0.110470 1.972081 0.512843 -0.073382 0.846962 0.119425
0.201489 0.110338 1.972038 0.512974 -0.073270 0.846953 0.118992
0.201330 0.110212 1.971999 0.513102 -0.073155 0.846949 0.118545
0.201162 0.110089 1.971963 0.513227 -0.073036 0.846946 0.118091
0.200987 0.109969 1.971929 0.513352 -0.072915 0.846944 0.117636
0.200807 0.109852 1.971896 0.513478 -0.072791 0.846941 0.117183
0.200624 0.109736 1.971865 0.513605 -0.072665 0.846937 0.116737
0.200440 0.109621 1.971834 0.513734 -0.072538 0.846930 0.116299
0.200257 0.109505 1.971804 0.513865 -0.072411 0.846920 0.115871
0.200073 0.109389 1.971774 0.513996 -0.072285 0.846907 0.115459
0.199891 0.109270 1.971743 0.514129 -0.072159 0.846891 0.115062
0.199711 0.109150 1.971713 0.514263 -0.072037 0.846872 0.114679
0.199534 0.109028 1.971681 0.514399 -0.071917 0.846850 0.114311
0.199360 0.108902 1.971649 0.514536 -0.071799 0.846823 0.113964
0.199189 0.108774 1.971616 0.514674 -0.071685 0.846793 0.113635
0.199022 0.108642 1.971583 0.514814 -0.071575 0.846759 0.113324
0.198861 0.108507 1.971547 0.514954 -0.071470 0.846723 0.113027
0.198704 0.108368 1.971510 0.515095 -0.071370 0.846683 0.112744
0.198552 0.108225 1.971471 0.515236 -0.071276 0.846641 0.112472
0.198405 0.108079 1.971429 0.515377 -0.071189 0.846598 0.112211
0.198263 0.107930 1.971386 0.515518 -0.071107 0.846552 0.111959
0.198126 0.107777 1.971341 0.515658 -0.071033 0.846505 0.111715
0.197994 0.107622 1.971293 0.515798 -0.070964 0.846457 0.111480
0.197867 0.107464 1.971244 0.515937 -0.070902 0.846407 0.111251
0.197744 0.107303 1.971193 0.516074 -0.070846 0.846357 0.111030
0.197625 0.107139 1.971140 0.516211 -0.070797 0.846306 0.110815
0.197511 0.106973 1.971086 0.516347 -0.070753 0.846254 0.110607
0.197401 0.106805 1.971030 0.516481 -0.070716 0.846202 0.110404
0.197294 0.106635 1.970973 0.516614 -0.070684 0.846149 0.110205
0.197191 0.106463 1.970914 0.516745 -0.070659 0.846097 0.110008
0.197090 0.106290 1.970855 0.516875 -0.070639 0.846045 0.109811
0.196991 0.106114 1.970794 0.517002 -0.070626 0.845994 0.109615
0.196893 0.105934 1.970718 0.517132 -0.070626 0.845953 0.109311
0.196794 0.105754 1.970629 0.517264 -0.070631 0.845921 0.108935
0.196693 0.105576 1.970533 0.517394 -0.070638 0.845895 0.108511
0.196590 0.105400 1.970431 0.517523 -0.070646 0.845874 0.108058
0.196484 0.105228 1.970327 0.517648 -0.070652 0.845856 0.107590
0.196376 0.105058 1.970220 0.517771 -0.070657 0.845841 0.107115
0.196265 0.104890 1.970113 0.517891 -0.070660 0.845828 0.106639
0.196153 0.104724 1.970006 0.518009 -0.070661 0.845815 0.106167
0.196039 0.104560 1.969899 0.518124 -0.070660 0.845802 0.105702
0.195924 0.104397 1.969792 0.518238 -0.070659 0.845790 0.105245
0.195808 0.104235 1.969686 0.518350 -0.070656 0.845777 0.104797
0.195691 0.104073 1.969580 0.518460 -0.070654 0.845764 0.104358
0.195574 0.103911 1.969474 0.518569 -0.070652 0.845750 0.103930
0.195456 0.103748 1.969369 0.518677 -0.070651 0.845735 0.103511
0.195338 0.103585 1.969264 0.518784 -0.070652 0.845720 0.103101
0.195220 0.103420 1.969160 0.518890 -0.070655 0.845703 0.102699
0.195102 0.103255 1.969055 0.518995 -0.070660 0.845686 0.102306
0.194985 0.103088 1.968951 0.519100 -0.070668 0.845668 0.101920
0.194868 0.102919 1.968847 0.519203 -0.070679 0.845649 0.101541
0.194751 0.102749 1.968743 0.519307 -0.070693 0.845629 0.101168
0.194634 0.102577 1.968639 0.519409 -0.070711 0.845608 0.100801
0.194518 0.102404 1.968535 0.519511 -0.070733 0.845587 0.100439
0.194402 0.102228 1.968431 0.519613 -0.070759 0.845564 0.100081
0.194287 0.102051 1.968328 0.519715 -0.070789 0.845541 0.099726
0.194172 0.101871 1.968224 0.519816 -0.070823 0.845518 0.099375
0.194058 0.101690 1.968121 0.519916 -0.070862 0.845494 0.099026
0.193946 0.101511 1.968021 0.520018 -0.070896 0.845469 0.098677
0.193836 0.101335 1.967923 0.520119 -0.070925 0.845445 0.098329
0.193728 0.101162 1.967827 0.520221 -0.070950 0.845420 0.097986
0.193622 0.100991 1.967733 0.520323 -0.070972 0.845395 0.097648
0.193516 0.100822 1.967640 0.520424 -0.070992 0.845369 0.097315
0.193411 0.100655 1.967548 0.520525 -0.071011 0.845343 0.096988
0.193307 0.100490 1.967456 0.520626 -0.071029 0.845316 0.096667
0.193204 0.100325 1.967365 0.520727 -0.071047 0.845288 0.096351
0.193102 0.100162 1.967274 0.520827 -0.071064 0.845260 0.096041
0.193000 0.099999 1.967184 0.520927 -0.071083 0.845232 0.095736
0.192898 0.099836 1.967094 0.521027 -0.071102 0.845203 0.095439
0.192797 0.099673 1.967004 0.521126 -0.071122 0.845173 0.095148
0.192695 0.099510 1.966915 0.521225 -0.071145 0.845142 0.094861
0.192595 0.099346 1.966826 0.521323 -0.071169 0.845110 0.094579
0.192493 0.099192 1.966721 0.521426 -0.071192 0.845082 0.094253
0.192393 0.099049 1.966603 0.521529 -0.071213 0.845054 0.093913
0.192292 0.098914 1.966476 0.521632 -0.071234 0.845028 0.093564
0.192191 0.098785 1.966344 0.521734 -0.071255 0.845002 0.093210
0.192090 0.098660 1.966209 0.521833 -0.071277 0.844978 0.092853
0.191988 0.098537 1.966071 0.521931 -0.071302 0.844955 0.092497
0.191885 0.098416 1.965932 0.522025 -0.071330 0.844933 0.092141
0.191782 0.098295 1.965793 0.522118 -0.071361 0.844912 0.091787
0.191678 0.098174 1.965655 0.522208 -0.071395 0.844891 0.091435
0.191574 0.098052 1.965517 0.522296 -0.071433 0.844871 0.091086
0.191470 0.097928 1.965380 0.522383 -0.071474 0.844851 0.090739
0.191365 0.097803 1.965243 0.522468 -0.071519 0.844832 0.090394
0.191260 0.097676 1.965108 0.522551 -0.071568 0.844813 0.090052
0.191155 0.097547 1.964974 0.522634 -0.071620 0.844794 0.089712
0.191050 0.097415 1.964842 0.522715 -0.071676 0.844774 0.089374
0.190944 0.097282 1.964710 0.522796 -0.071735 0.844755 0.089039
