x y z qx qy qz qw
-0.101157 0.136243 1.530273 0.377202 -0.546842 0.541646 0.515074
-0.101156 0.136264 1.530242 0.377150 -0.546848 0.541680 0.515071
-0.101152 0.136287 1.530206 0.377103 -0.546848 0.541712 0.515071
-0.101147 0.136311 1.530166 0.377060 -0.546843 0.541744 0.515074
-0.101140 0.136336 1.530124 0.377019 -0.546836 0.541776 0.515078
-0.101132 0.136361 1.530080 0.376980 -0.546825 0.541809 0.515084
-0.101122 0.136386 1.530035 0.376942 -0.546812 0.541841 0.515091
-0.101112 0.136411 1.529989 0.376904 -0.546798 0.541874 0.515099
-0.101101 0.136435 1.529943 0.376867 -0.546783 0.541907 0.515108
-0.101090 0.136460 1.529897 0.376830 -0.546767 0.541940 0.515118
-0.101078 0.136483 1.529851 0.376792 -0.546750 0.541972 0.515129
-0.101067 0.136507 1.529806 0.376755 -0.546733 0.542004 0.515141
-0.101055 0.136530 1.529760 0.376719 -0.546715 0.542036 0.515153
-0.101043 0.136552 1.529715 0.376682 -0.546698 0.542067 0.515165
-0.101031 0.136574 1.529671 0.376645 -0.546681 0.542098 0.515178
-0.101020 0.136595 1.529627 0.376608 -0.546664 0.542128 0.515191
-0.101008 0.136616 1.529584 0.376572 -0.546647 0.542157 0.515205
-0.100996 0.136636 1.529542 0.376536 -0.546631 0.542186 0.515218
-0.100985 0.136656 1.529500 0.376500 -0.546614 0.542214 0.515232
-0.100973 0.136676 1.529459 0.376465 -0.546598 0.542242 0.515246
-0.100962 0.136695 1.529419 0.376429 -0.546583 0.542269 0.515260
-0.100951 0.136713 1.529379 0.376394 -0.546567 0.542295 0.515274
-0.100940 0.136732 1.529340 0.376360 -0.546552 0.542321 0.515288
-0.100929 0.136750 1.529302 0.376326 -0.546538 0.542346 0.515302
-0.100918 0.136767 1.529265 0.376292 -0.546523 0.542371 0.515316
-0.100908 0.136784 1.529228 0.376258 -0.546509 0.542395 0.515329
-0.100897 0.136801 1.529192 0.376225 -0.546496 0.542419 0.515343
-0.100887 0.136818 1.529157 0.376193 -0.546482 0.542442 0.515356
-0.100877 0.136834 1.529122 0.376161 -0.546469 0.542465 0.515370
-0.100867 0.136850 1.529088 0.376129 -0.546456 0.542488 0.515383
-0.100857 0.136865 1.529054 0.376098 -0.546444 0.542510 0.515396
-0.100848 0.136880 1.529022 0.376067 -0.546432 0.542531 0.515409
-0.100838 0.136895 1.528990 0.376037 -0.546420 0.542552 0.515421
-0.100829 0.136910 1.528958 0.376007 -0.546408 0.542573 0.515434
-0.100819 0.136924 1.528927 0.375978 -0.546396 0.542593 0.515446
-0.100810 0.136938 1.528897 0.375949 -0.546385 0.542613 0.515458
-0.100802 0.136952 1.528867 0.375920 -0.546374 0.542632 0.515470
-0.100793 0.136966 1.528838 0.375892 -0.546363 0.542651 0.515482
-0.100784 0.136979 1.528810 0.375865 -0.546353 0.542670 0.515494
-0.100785 0.136993 1.528785 0.375801 -0.546364 0.542702 0.515494
-0.100797 0.137006 1.528763 0.375745 -0.546385 0.542697 0.515517
-0.100815 0.137017 1.528742 0.375693 -0.546416 0.542675 0.515547
-0.100838 0.137028 1.528722 0.375644 -0.546452 0.542643 0.515578
-0.100862 0.137038 1.528705 0.375599 -0.546491 0.542605 0.515609
-0.100887 0.137048 1.528689 0.375558 -0.546533 0.542564 0.515638
-0.100913 0.137058 1.528675 0.375520 -0.546576 0.542521 0.515665
-0.100939 0.137069 1.528662 0.375486 -0.546620 0.542477 0.515690
-0.100966 0.137080 1.528651 0.375454 -0.546663 0.542433 0.515713
-0.100992 0.137090 1.528641 0.375425 -0.546707 0.542389 0.515734
-0.101018 0.137102 1.528631 0.375398 -0.546750 0.542346 0.515754
-0.101044 0.137113 1.528623 0.375373 -0.546792 0.542304 0.515771
-0.101069 0.137124 1.528615 0.375350 -0.546833 0.542263 0.515788
-0.101094 0.137136 1.528608 0.375328 -0.546873 0.542223 0.515803
-0.101119 0.137147 1.528602 0.375308 -0.546912 0.542184 0.515817
-0.101143 0.137159 1.528596 0.375290 -0.546951 0.542146 0.515830
-0.101167 0.137171 1.528590 0.375272 -0.546988 0.542109 0.515842
-0.101191 0.137183 1.528584 0.375256 -0.547024 0.542073 0.515853
-0.101214 0.137194 1.528579 0.375241 -0.547059 0.542037 0.515864
-0.101237 0.137206 1.528574 0.375227 -0.547094 0.542003 0.515873
-0.101259 0.137218 1.528570 0.375214 -0.547127 0.541970 0.515883
-0.101281 0.137229 1.528565 0.375202 -0.547159 0.541938 0.515891
-0.101303 0.137241 1.528561 0.375191 -0.547190 0.541907 0.515900
-0.101324 0.137253 1.528557 0.375180 -0.547220 0.541876 0.515908
-0.101345 0.137264 1.528553 0.375170 -0.547249 0.541847 0.515915
-0.101366 0.137275 1.528549 0.375161 -0.547277 0.541818 0.515922
-0.101386 0.137287 1.528545 0.375152 -0.547304 0.541790 0.515929
-0.101406 0.137298 1.528541 0.375144 -0.547331 0.541763 0.515935
-0.101425 0.137309 1.528538 0.375136 -0.547356 0.541736 0.515942
-0.101444 0.137320 1.528534 0.375129 -0.547381 0.541710 0.515948
-0.101463 0.137331 1.528531 0.375123 -0.547405 0.541685 0.515953
-0.101481 0.137342 1.528528 0.375117 -0.547428 0.541661 0.515959
-0.101499 0.137352 1.528524 0.375111 -0.547451 0.541637 0.515964
-0.101517 0.137363 1.528521 0.375106 -0.547472 0.541613 0.515969
-0.101534 0.137373 1.528518 0.375101 -0.547493 0.541591 0.515974
-0.101551 0.137383 1.528515 0.375096 -0.547514 0.541569 0.515979
-0.101568 0.137393 1.528512 0.375092 -0.547534 0.541547 0.515984
-0.101584 0.137404 1.528509 0.375089 -0.547553 0.541526 0.515988
-0.101601 0.137413 1.528507 0.375085 -0.547571 0.541506 0.515992
-0.101616 0.137423 1.528504 0.375082 -0.547589 0.541486 0.515996
-0.101628 0.137439 1.528495 0.375021 -0.547623 0.541522 0.515967
-0.101633 0.137458 1.528477 0.374940 -0.547656 0.541580 0.515930
-0.101632 0.137480 1.528453 0.374854 -0.547679 0.541647 0.515898
-0.101626 0.137502 1.528423 0.374765 -0.547695 0.541719 0.515870
-0.101616 0.137525 1.528388 0.374674 -0.547706 0.541793 0.515847
-0.101602 0.137547 1.528350 0.374581 -0.547712 0.541868 0.515829
-0.101586 0.137568 1.528308 0.374485 -0.547715 0.541944 0.515816
-0.101568 0.137589 1.528265 0.374387 -0.547716 0.542019 0.515806
-0.101548 0.137609 1.528220 0.374287 -0.547716 0.542093 0.515801
-0.101527 0.137627 1.528175 0.374185 -0.547715 0.542166 0.515800
-0.101505 0.137645 1.528128 0.374082 -0.547713 0.542237 0.515802
-0.101482 0.137662 1.528082 0.373978 -0.547711 0.542307 0.515807
-0.101459 0.137677 1.528035 0.373873 -0.547709 0.542374 0.515814
-0.101435 0.137692 1.527988 0.373767 -0.547707 0.542439 0.515825
-0.101411 0.137705 1.527941 0.373661 -0.547705 0.542502 0.515837
-0.101387 0.137718 1.527895 0.373555 -0.547703 0.542563 0.515851
-0.101363 0.137730 1.527849 0.373450 -0.547702 0.542622 0.515867
-0.101338 0.137742 1.527804 0.373344 -0.547701 0.542679 0.515885
-0.101314 0.137752 1.527759 0.373239 -0.547701 0.542734 0.515904
-0.101290 0.137762 1.527715 0.373135 -0.547700 0.542786 0.515924
-0.101266 0.137772 1.527672 0.373032 -0.547700 0.542838 0.515945
-0.101242 0.137781 1.527629 0.372929 -0.547701 0.542887 0.515967
-0.101218 0.137789 1.527587 0.372828 -0.547701 0.542934 0.515989
-0.101194 0.137797 1.527545 0.372728 -0.547702 0.542980 0.516012
-0.101171 0.137805 1.527505 0.372629 -0.547704 0.543025 0.516035
-0.101148 0.137812 1.527465 0.372531 -0.547705 0.543068 0.516059
-0.101125 0.137819 1.527426 0.372435 -0.547707 0.543110 0.516083
-0.101102 0.137826 1.527387 0.372340 -0.547708 0.543150 0.516107
-0.101080 0.137832 1.527350 0.372246 -0.547710 0.543189 0.516132
-0.101058 0.137839 1.527313 0.372154 -0.547712 0.543227 0.516156
-0.101036 0.137845 1.527276 0.372064 -0.547714 0.543264 0.516180
-0.101014 0.137850 1.527241 0.371975 -0.547717 0.543299 0.516204
-0.100993 0.137856 1.527206 0.371887 -0.547719 0.543334 0.516228
-0.100972 0.137862 1.527171 0.371801 -0.547721 0.543368 0.516252
-0.100951 0.137867 1.527138 0.371717 -0.547724 0.543401 0.516276
-0.100931 0.137872 1.527105 0.371634 -0.547726 0.543433 0.516300
-0.100911 0.137877 1.527072 0.371552 -0.547729 0.543464 0.516323
-0.100891 0.137882 1.527041 0.371472 -0.547731 0.543494 0.516346
-0.100872 0.137887 1.527009 0.371394 -0.547733 0.543524 0.516369
-0.100853 0.137891 1.526979 0.371317 -0.547736 0.543553 0.516391
-0.100838 0.137904 1.526940 0.371135 -0.547782 0.543652 0.516368
-0.100820 0.137927 1.526893 0.370919 -0.547815 0.543789 0.516343
-0.100795 0.137956 1.526836 0.370696 -0.547831 0.543944 0.516324
-0.100764 0.137988 1.526769 0.370472 -0.547831 0.544109 0.516310
-0.100727 0.138022 1.526695 0.370250 -0.547819 0.544280 0.516302
-0.100685 0.138057 1.526615 0.370029 -0.547798 0.544455 0.516299
-0.100641 0.138091 1.526531 0.369809 -0.547769 0.544632 0.516301
-0.100593 0.138125 1.526443 0.369590 -0.547735 0.544809 0.516307
-0.100545 0.138159 1.526352 0.369372 -0.547697 0.544984 0.516318
-0.100495 0.138191 1.526260 0.369155 -0.547656 0.545158 0.516333
-0.100444 0.138222 1.526167 0.368940 -0.547614 0.545329 0.516351
-0.100393 0.138253 1.526073 0.368726 -0.547570 0.545497 0.516373
-0.100342 0.138281 1.525979 0.368514 -0.547525 0.545662 0.516398
-0.100290 0.138309 1.525885 0.368303 -0.547481 0.545823 0.516425
-0.100239 0.138336 1.525792 0.368094 -0.547436 0.545981 0.516455
-0.100189 0.138361 1.525699 0.367888 -0.547391 0.546135 0.516486
-0.100138 0.138386 1.525608 0.367684 -0.547347 0.546286 0.516519
-0.100089 0.138409 1.525517 0.367482 -0.547303 0.546432 0.516553
-0.100039 0.138432 1.525427 0.367284 -0.547260 0.546575 0.516589
-0.099991 0.138454 1.525339 0.367088 -0.547218 0.546715 0.516625
-0.099943 0.138475 1.525252 0.366895 -0.547177 0.546851 0.516663
-0.099895 0.138495 1.525166 0.366704 -0.547136 0.546984 0.516700
-0.099849 0.138515 1.525081 0.366517 -0.547096 0.547113 0.516739
-0.099803 0.138534 1.524998 0.366333 -0.547057 0.547239 0.516777
-0.099758 0.138553 1.524916 0.366152 -0.547018 0.547362 0.516816
-0.099713 0.138571 1.524835 0.365974 -0.546981 0.547483 0.516854
-0.099669 0.138588 1.524756 0.365799 -0.546944 0.547600 0.516893
-0.099626 0.138605 1.524678 0.365627 -0.546908 0.547714 0.516931
-0.099583 0.138622 1.524602 0.365458 -0.546872 0.547826 0.516969
-0.099541 0.138638 1.524527 0.365293 -0.546838 0.547935 0.517007
-0.099500 0.138653 1.524453 0.365130 -0.546804 0.548042 0.517045
-0.099460 0.138669 1.524381 0.364971 -0.546771 0.548146 0.517082
-0.099420 0.138684 1.524309 0.364814 -0.546738 0.548247 0.517119
-0.099381 0.138699 1.524239 0.364661 -0.546707 0.548347 0.517156
-0.099342 0.138713 1.524171 0.364510 -0.546675 0.548444 0.517192
-0.099304 0.138727 1.524103 0.364363 -0.546645 0.548539 0.517227
-0.099267 0.138741 1.524037 0.364218 -0.546615 0.548632 0.517263
-0.099231 0.138754 1.523972 0.364076 -0.546585 0.548723 0.517297
-0.099195 0.138767 1.523908 0.363937 -0.546556 0.548812 0.517331
-0.099160 0.138780 1.523845 0.363801 -0.546528 0.548899 0.517365
-0.099135 0.138803 1.523764 0.363505 -0.546588 0.549078 0.517319
-0.099107 0.138828 1.523655 0.363204 -0.546659 0.549237 0.517287
-0.099071 0.138853 1.523528 0.362909 -0.546727 0.549375 0.517276
-0.099029 0.138878 1.523388 0.362619 -0.546790 0.549499 0.517281
-0.098981 0.138903 1.523240 0.362330 -0.546848 0.549614 0.517300
-0.098927 0.138926 1.523087 0.362040 -0.546902 0.549723 0.517330
-0.098868 0.138948 1.522930 0.361749 -0.546953 0.549827 0.517369
-0.098806 0.138967 1.522772 0.361455 -0.547001 0.549927 0.517416
-0.098741 0.138985 1.522613 0.361159 -0.547049 0.550023 0.517471
-0.098674 0.139001 1.522455 0.360862 -0.547095 0.550115 0.517532
-0.098605 0.139014 1.522297 0.360563 -0.547141 0.550203 0.517599
-0.098534 0.139026 1.522141 0.360262 -0.547186 0.550286 0.517671
-0.098463 0.139036 1.521986 0.359962 -0.547231 0.550366 0.517748
-0.098390 0.139044 1.521833 0.359661 -0.547277 0.550442 0.517828
-0.098318 0.139051 1.521683 0.359361 -0.547322 0.550514 0.517912
-0.098245 0.139056 1.521535 0.359062 -0.547367 0.550582 0.517999
-0.098172 0.139060 1.521389 0.358764 -0.547413 0.550646 0.518089
-0.098099 0.139062 1.521245 0.358468 -0.547458 0.550708 0.518181
-0.098026 0.139064 1.521105 0.358175 -0.547504 0.550766 0.518274
-0.097954 0.139064 1.520966 0.357884 -0.547549 0.550821 0.518369
-0.097882 0.139064 1.520831 0.357596 -0.547594 0.550873 0.518464
-0.097811 0.139063 1.520698 0.357311 -0.547639 0.550922 0.518561
-0.097740 0.139061 1.520567 0.357029 -0.547684 0.550969 0.518658
-0.097670 0.139059 1.520439 0.356751 -0.547728 0.551014 0.518755
-0.097601 0.139056 1.520313 0.356477 -0.547772 0.551056 0.518852
-0.097533 0.139053 1.520190 0.356206 -0.547815 0.551097 0.518949
-0.097465 0.139049 1.520070 0.355939 -0.547858 0.551135 0.519046
-0.097398 0.139045 1.519951 0.355677 -0.547900 0.551172 0.519143
-0.097332 0.139041 1.519836 0.355418 -0.547941 0.551207 0.519238
-0.097267 0.139037 1.519722 0.355164 -0.547982 0.551241 0.519333
-0.097202 0.139032 1.519611 0.354914 -0.548022 0.551274 0.519427
-0.097139 0.139028 1.519501 0.354669 -0.548062 0.551305 0.519521
-0.097076 0.139023 1.519394 0.354427 -0.548100 0.551335 0.519613
-0.097015 0.139019 1.519290 0.354190 -0.548138 0.551364 0.519704
-0.096954 0.139014 1.519187 0.353957 -0.548174 0.551392 0.519794
-0.096894 0.139009 1.519086 0.353729 -0.548210 0.551419 0.519883
-0.096835 0.139005 1.518988 0.353505 -0.548245 0.551445 0.519971
-0.096777 0.139000 1.518891 0.353285 -0.548280 0.551471 0.520057
-0.096720 0.138995 1.518796 0.353069 -0.548313 0.551496 0.520142
-0.096664 0.138991 1.518703 0.352857 -0.548345 0.551520 0.520226
-0.096632 0.139008 1.518577 0.352469 -0.548453 0.551632 0.520257
-0.096611 0.139039 1.518417 0.352075 -0.548544 0.551714 0.520341
-0.096587 0.139080 1.518231 0.351693 -0.548613 0.551785 0.520450
-0.096556 0.139128 1.518024 0.351326 -0.548660 0.551856 0.520574
-0.096519 0.139179 1.517803 0.350973 -0.548687 0.551930 0.520705
-0.096475 0.139233 1.517571 0.350630 -0.548698 0.552008 0.520842
-0.096426 0.139288 1.517332 0.350296 -0.548695 0.552090 0.520982
-0.096373 0.139343 1.517089 0.349969 -0.548681 0.552177 0.521126
-0.096317 0.139398 1.516843 0.349646 -0.548658 0.552266 0.521271
-0.096259 0.139451 1.516596 0.349328 -0.548628 0.552358 0.521419
-0.096200 0.139504 1.516349 0.349015 -0.548593 0.552451 0.521567
-0.096140 0.139555 1.516103 0.348704 -0.548553 0.552545 0.521717
-0.096079 0.139604 1.515859 0.348398 -0.548510 0.552639 0.521867
-0.096017 0.139653 1.515616 0.348096 -0.548464 0.552733 0.522018
-0.095956 0.139699 1.515377 0.347797 -0.548417 0.552826 0.522168
-0.095896 0.139745 1.515140 0.347502 -0.548368 0.552918 0.522319
-0.095835 0.139789 1.514906 0.347211 -0.548317 0.553009 0.522469
-0.095775 0.139831 1.514676 0.346924 -0.548266 0.553098 0.522618
-0.095716 0.139873 1.514449 0.346642 -0.548215 0.553186 0.522767
-0.095658 0.139913 1.514226 0.346364 -0.548163 0.553273 0.522914
-0.095600 0.139952 1.514007 0.346090 -0.548111 0.553357 0.523060
-0.095543 0.139990 1.513791 0.345821 -0.548059 0.553441 0.523204
-0.095487 0.140027 1.513579 0.345556 -0.548007 0.553522 0.523347
-0.095432 0.140063 1.513370 0.345296 -0.547955 0.553603 0.523488
-0.095377 0.140099 1.513166 0.345041 -0.547903 0.553681 0.523628
-0.095324 0.140133 1.512965 0.344790 -0.547852 0.553758 0.523765
-0.095271 0.140167 1.512767 0.344544 -0.547801 0.553834 0.523901
-0.095219 0.140200 1.512574 0.344303 -0.547750 0.553908 0.524034
-0.095168 0.140232 1.512384 0.344066 -0.547699 0.553981 0.524165
-0.095118 0.140263 1.512197 0.343833 -0.547649 0.554053 0.524295
-0.095069 0.140294 1.512014 0.343605 -0.547599 0.554123 0.524422
-0.095021 0.140325 1.511834 0.343382 -0.547550 0.554192 0.524547
-0.094973 0.140355 1.511658 0.343163 -0.547501 0.554260 0.524670
-0.094926 0.140384 1.511485 0.342948 -0.547452 0.554327 0.524791
-0.094880 0.140413 1.511316 0.342738 -0.547404 0.554392 0.524909
-0.094835 0.140441 1.511149 0.342531 -0.547356 0.554457 0.525026
-0.094790 0.140469 1.510986 0.342329 -0.547308 0.554520 0.525140
-0.094747 0.140496 1.510826 0.342131 -0.547261 0.554582 0.525252
-0.094704 0.140523 1.510669 0.341938 -0.547214 0.554644 0.525363
-0.094662 0.140550 1.510515 0.341748 -0.547168 0.554704 0.525471
-0.094645 0.140596 1.510306 0.341400 -0.547219 0.554814 0.525527
-0.094626 0.140662 1.510056 0.341048 -0.547272 0.554905 0.525605
-0.094598 0.140740 1.509776 0.340724 -0.547306 0.554974 0.525707
-0.094556 0.140826 1.509475 0.340427 -0.547320 0.555031 0.525824
-0.094503 0.140917 1.509160 0.340151 -0.547316 0.555084 0.525952
-0.094440 0.141010 1.508836 0.339888 -0.547297 0.555135 0.526087
-0.094370 0.141105 1.508508 0.339633 -0.547267 0.555186 0.526229
-0.094293 0.141199 1.508178 0.339385 -0.547228 0.555238 0.526375
-0.094212 0.141291 1.507847 0.339139 -0.547183 0.555289 0.526526
-0.094127 0.141382 1.507518 0.338895 -0.547133 0.555341 0.526680
-0.094039 0.141470 1.507191 0.338652 -0.547080 0.555391 0.526838
-0.093950 0.141556 1.506867 0.338409 -0.547026 0.555441 0.526998
-0.093860 0.141639 1.506547 0.338167 -0.546970 0.555489 0.527162
-0.093770 0.141720 1.506232 0.337924 -0.546913 0.555536 0.527327
-0.093679 0.141797 1.505921 0.337682 -0.546857 0.555580 0.527493
-0.093588 0.141873 1.505615 0.337441 -0.546800 0.555623 0.527661
-0.093498 0.141945 1.505314 0.337200 -0.546745 0.555664 0.527829
-0.093408 0.142016 1.505018 0.336960 -0.546689 0.555704 0.527998
-0.093319 0.142084 1.504728 0.336721 -0.546635 0.555741 0.528167
-0.093231 0.142150 1.504443 0.336484 -0.546582 0.555777 0.528336
-0.093144 0.142213 1.504163 0.336249 -0.546529 0.555810 0.528505
-0.093058 0.142275 1.503888 0.336015 -0.546478 0.555843 0.528672
-0.092972 0.142335 1.503619 0.335784 -0.546427 0.555874 0.528839
-0.092888 0.142394 1.503354 0.335555 -0.546377 0.555903 0.529005
-0.092805 0.142450 1.503095 0.335329 -0.546329 0.555932 0.529169
-0.092723 0.142506 1.502841 0.335105 -0.546280 0.555959 0.529332
-0.092643 0.142559 1.502592 0.334884 -0.546233 0.555985 0.529493
-0.092563 0.142612 1.502347 0.334666 -0.546187 0.556010 0.529652
-0.092485 0.142663 1.502108 0.334451 -0.546141 0.556035 0.529810
-0.092408 0.142712 1.501873 0.334238 -0.546096 0.556058 0.529966
-0.092332 0.142761 1.501642 0.334029 -0.546051 0.556081 0.530119
-0.092257 0.142808 1.501417 0.333823 -0.546007 0.556103 0.530271
-0.092183 0.142855 1.501195 0.333621 -0.545964 0.556125 0.530420
-0.092111 0.142900 1.500979 0.333421 -0.545921 0.556146 0.530567
-0.092040 0.142945 1.500766 0.333225 -0.545879 0.556167 0.530712
-0.091970 0.142988 1.500558 0.333032 -0.545837 0.556187 0.530855
-0.091901 0.143031 1.500353 0.332842 -0.545796 0.556207 0.530996
-0.091833 0.143072 1.500153 0.332655 -0.545755 0.556227 0.531134
-0.091766 0.143113 1.499957 0.332472 -0.545714 0.556246 0.531271
-0.091701 0.143154 1.499764 0.332292 -0.545674 0.556265 0.531405
-0.091675 0.143218 1.499520 0.331951 -0.545715 0.556312 0.531528
-0.091661 0.143295 1.499222 0.331605 -0.545756 0.556313 0.531700
-0.091644 0.143381 1.498883 0.331287 -0.545776 0.556285 0.531907
-0.091620 0.143472 1.498516 0.330995 -0.545773 0.556245 0.532134
-0.091588 0.143566 1.498130 0.330723 -0.545748 0.556202 0.532372
-0.091548 0.143660 1.497731 0.330465 -0.545705 0.556163 0.532618
-0.091502 0.143754 1.497325 0.330217 -0.545645 0.556129 0.532868
-0.091450 0.143847 1.496914 0.329975 -0.545573 0.556101 0.533121
-0.091396 0.143938 1.496502 0.329738 -0.545491 0.556079 0.533375
-0.091338 0.144027 1.496090 0.329502 -0.545401 0.556062 0.533630
-0.091279 0.144113 1.495680 0.329269 -0.545305 0.556049 0.533886
-0.091218 0.144197 1.495273 0.329037 -0.545204 0.556040 0.534142
-0.091157 0.144278 1.494870 0.328806 -0.545100 0.556033 0.534397
-0.091095 0.144356 1.494471 0.328575 -0.544993 0.556029 0.534651
-0.091034 0.144432 1.494078 0.328347 -0.544885 0.556027 0.534905
-0.090973 0.144505 1.493690 0.328119 -0.544775 0.556027 0.535156
-0.090912 0.144576 1.493308 0.327893 -0.544665 0.556027 0.535407
-0.090852 0.144645 1.492932 0.327669 -0.544554 0.556028 0.535655
-0.090792 0.144712 1.492562 0.327447 -0.544444 0.556031 0.535901
-0.090733 0.144777 1.492199 0.327227 -0.544333 0.556033 0.536144
-0.090675 0.144839 1.491842 0.327009 -0.544224 0.556037 0.536385
-0.090618 0.144900 1.491491 0.326794 -0.544114 0.556040 0.536623
-0.090562 0.144960 1.491146 0.326582 -0.544006 0.556044 0.536858
-0.090507 0.145018 1.490808 0.326372 -0.543898 0.556049 0.537090
-0.090452 0.145074 1.490476 0.326165 -0.543791 0.556054 0.537319
-0.090399 0.145129 1.490150 0.325962 -0.543685 0.556059 0.537544
-0.090346 0.145182 1.489831 0.325761 -0.543580 0.556064 0.537767
-0.090294 0.145235 1.489517 0.325563 -0.543477 0.556070 0.537985
-0.090244 0.145286 1.489210 0.325369 -0.543374 0.556076 0.538201
-0.090194 0.145336 1.488908 0.325177 -0.543272 0.556082 0.538413
-0.090145 0.145385 1.488613 0.324989 -0.543171 0.556089 0.538621
-0.090096 0.145433 1.488322 0.324804 -0.543071 0.556096 0.538826
-0.090049 0.145480 1.488038 0.324622 -0.542973 0.556103 0.539027
-0.090003 0.145526 1.487759 0.324444 -0.542875 0.556111 0.539225
-0.089957 0.145571 1.487486 0.324268 -0.542779 0.556119 0.539419
-0.089912 0.145615 1.487218 0.324096 -0.542684 0.556127 0.539610
-0.089868 0.145659 1.486955 0.323927 -0.542589 0.556136 0.539797
-0.089825 0.145701 1.486697 0.323761 -0.542496 0.556145 0.539981
-0.089783 0.145743 1.486444 0.323598 -0.542404 0.556154 0.540162
-0.089741 0.145785 1.486196 0.323438 -0.542313 0.556164 0.540339
-0.089729 0.145868 1.485922 0.323097 -0.542286 0.556249 0.540482
-0.089709 0.145968 1.485610 0.322804 -0.542237 0.556283 0.540672
-0.089678 0.146078 1.485271 0.322553 -0.542166 0.556293 0.540882
-0.089633 0.146196 1.484914 0.322333 -0.542078 0.556292 0.541103
-0.089576 0.146317 1.484545 0.322136 -0.541974 0.556286 0.541330
-0.089510 0.146440 1.484171 0.321955 -0.541859 0.556279 0.541560
-0.089436 0.146562 1.483793 0.321783 -0.541736 0.556272 0.541793
-0.089357 0.146683 1.483414 0.321617 -0.541607 0.556265 0.542027
-0.089273 0.146802 1.483038 0.321455 -0.541474 0.556260 0.542262
-0.089186 0.146919 1.482664 0.321293 -0.541339 0.556254 0.542498
-0.089097 0.147032 1.482294 0.321132 -0.541203 0.556249 0.542735
-0.089007 0.147143 1.481928 0.320970 -0.541067 0.556243 0.542972
-0.088916 0.147250 1.481567 0.320807 -0.540931 0.556236 0.543210
-0.088825 0.147354 1.481212 0.320643 -0.540797 0.556229 0.543447
-0.088733 0.147455 1.480863 0.320479 -0.540664 0.556222 0.543684
-0.088642 0.147553 1.480519 0.320314 -0.540534 0.556213 0.543921
-0.088552 0.147647 1.480181 0.320148 -0.540405 0.556203 0.544156
-0.088463 0.147739 1.479850 0.319982 -0.540278 0.556192 0.544391
-0.088374 0.147829 1.479524 0.319816 -0.540153 0.556181 0.544624
-0.088286 0.147915 1.479205 0.319650 -0.540031 0.556169 0.544855
-0.088200 0.148000 1.478891 0.319484 -0.539911 0.556156 0.545085
-0.088115 0.148082 1.478584 0.319319 -0.539793 0.556142 0.545312
-0.088030 0.148161 1.478282 0.319155 -0.539677 0.556128 0.545537
-0.087947 0.148239 1.477986 0.318992 -0.539563 0.556113 0.545760
-0.087865 0.148314 1.477696 0.318831 -0.539451 0.556098 0.545981
-0.087785 0.148388 1.477412 0.318670 -0.539341 0.556083 0.546198
-0.087706 0.148460 1.477133 0.318512 -0.539233 0.556067 0.546413
-0.087628 0.148530 1.476860 0.318355 -0.539126 0.556052 0.546626
-0.087551 0.148599 1.476592 0.318200 -0.539022 0.556036 0.546835
-0.087475 0.148666 1.476329 0.318047 -0.538919 0.556020 0.547041
-0.087401 0.148731 1.476072 0.317895 -0.538818 0.556004 0.547245
-0.087328 0.148795 1.475819 0.317746 -0.538719 0.555989 0.547445
-0.087257 0.148858 1.475572 0.317599 -0.538621 0.555974 0.547642
-0.087186 0.148919 1.475329 0.317454 -0.538525 0.555958 0.547836
-0.087117 0.148980 1.475091 0.317311 -0.538430 0.555943 0.548027
-0.087049 0.149039 1.474858 0.317171 -0.538337 0.555929 0.548215
-0.086982 0.149096 1.474630 0.317032 -0.538245 0.555915 0.548399
-0.086916 0.149153 1.474406 0.316896 -0.538154 0.555901 0.548581
-0.086852 0.149208 1.474186 0.316762 -0.538065 0.555887 0.548759
-0.086789 0.149263 1.473971 0.316631 -0.537978 0.555874 0.548934
-0.086764 0.149381 1.473739 0.316230 -0.537963 0.556003 0.549050
-0.086728 0.149532 1.473469 0.315839 -0.537927 0.556115 0.549195
-0.086670 0.149703 1.473168 0.315496 -0.537863 0.556208 0.549362
-0.086590 0.149887 1.472846 0.315198 -0.537773 0.556288 0.549541
-0.086491 0.150078 1.472509 0.314934 -0.537663 0.556359 0.549727
-0.086375 0.150271 1.472163 0.314694 -0.537539 0.556423 0.549920
-0.086248 0.150464 1.471812 0.314471 -0.537406 0.556483 0.550117
-0.086111 0.150656 1.471460 0.314258 -0.537268 0.556538 0.550319
-0.085967 0.150845 1.471108 0.314050 -0.537126 0.556589 0.550524
-0.085819 0.151030 1.470759 0.313845 -0.536984 0.556634 0.550734
-0.085666 0.151210 1.470413 0.313641 -0.536842 0.556675 0.550947
-0.085512 0.151386 1.470071 0.313435 -0.536702 0.556711 0.551164
-0.085356 0.151557 1.469735 0.313229 -0.536564 0.556743 0.551384
-0.085200 0.151723 1.469403 0.313021 -0.536430 0.556770 0.551606
-0.085044 0.151884 1.469078 0.312811 -0.536298 0.556792 0.551830
-0.084888 0.152040 1.468757 0.312600 -0.536171 0.556810 0.552055
-0.084733 0.152192 1.468443 0.312387 -0.536047 0.556824 0.552282
-0.084579 0.152340 1.468135 0.312173 -0.535926 0.556834 0.552510
-0.084427 0.152483 1.467832 0.311958 -0.535809 0.556840 0.552738
-0.084276 0.152622 1.467536 0.311743 -0.535695 0.556844 0.552966
-0.084126 0.152757 1.467245 0.311528 -0.535585 0.556844 0.553194
-0.083979 0.152888 1.466960 0.311314 -0.535477 0.556842 0.553421
-0.083833 0.153016 1.466681 0.311100 -0.535373 0.556837 0.553647
-0.083689 0.153140 1.466407 0.310887 -0.535271 0.556830 0.553872
-0.083547 0.153261 1.466138 0.310675 -0.535173 0.556821 0.554096
-0.083406 0.153379 1.465875 0.310464 -0.535076 0.556810 0.554317
-0.083268 0.153495 1.465618 0.310255 -0.534982 0.556798 0.554537
-0.083132 0.153607 1.465365 0.310048 -0.534891 0.556784 0.554755
-0.082998 0.153717 1.465117 0.309843 -0.534801 0.556769 0.554971
-0.082866 0.153824 1.464875 0.309641 -0.534714 0.556753 0.555184
-0.082736 0.153928 1.464637 0.309440 -0.534629 0.556737 0.555395
-0.082608 0.154030 1.464404 0.309243 -0.534545 0.556719 0.555603
-0.082482 0.154130 1.464175 0.309047 -0.534463 0.556701 0.555808
-0.082358 0.154228 1.463951 0.308855 -0.534383 0.556682 0.556011
-0.082236 0.154324 1.463732 0.308665 -0.534304 0.556663 0.556211
-0.082116 0.154417 1.463517 0.308478 -0.534227 0.556644 0.556408
-0.081998 0.154509 1.463305 0.308294 -0.534151 0.556625 0.556602
-0.081882 0.154599 1.463099 0.308113 -0.534077 0.556605 0.556793
-0.081768 0.154687 1.462896 0.307935 -0.534004 0.556585 0.556982
-0.081656 0.154773 1.462697 0.307760 -0.533932 0.556566 0.557167
-0.081584 0.154927 1.462488 0.307300 -0.533925 0.556715 0.557279
-0.081498 0.155119 1.462261 0.306841 -0.533886 0.556887 0.557397
-0.081390 0.155335 1.462013 0.306431 -0.533814 0.557058 0.557520
-0.081259 0.155564 1.461751 0.306070 -0.533716 0.557226 0.557645
-0.081111 0.155801 1.461478 0.305751 -0.533597 0.557389 0.557771
-0.080949 0.156042 1.461199 0.305464 -0.533464 0.557547 0.557897
-0.080776 0.156284 1.460918 0.305199 -0.533323 0.557699 0.558025
-0.080596 0.156524 1.460635 0.304952 -0.533176 0.557846 0.558154
-0.080410 0.156762 1.460354 0.304716 -0.533027 0.557986 0.558285
-0.080222 0.156997 1.460076 0.304489 -0.532878 0.558119 0.558418
-0.080031 0.157227 1.459800 0.304268 -0.532729 0.558246 0.558553
-0.079840 0.157453 1.459529 0.304051 -0.532583 0.558367 0.558691
-0.079648 0.157674 1.459262 0.303836 -0.532439 0.558480 0.558831
-0.079458 0.157890 1.458999 0.303624 -0.532298 0.558588 0.558973
-0.079268 0.158101 1.458741 0.303414 -0.532160 0.558689 0.559117
-0.079080 0.158307 1.458488 0.303205 -0.532026 0.558785 0.559263
-0.078894 0.158509 1.458239 0.302998 -0.531896 0.558874 0.559409
-0.078710 0.158705 1.457996 0.302791 -0.531768 0.558959 0.559557
-0.078528 0.158898 1.457757 0.302587 -0.531645 0.559039 0.559706
-0.078349 0.159085 1.457523 0.302384 -0.531525 0.559114 0.559855
-0.078171 0.159268 1.457293 0.302182 -0.531408 0.559185 0.560004
-0.077997 0.159448 1.457068 0.301982 -0.531294 0.559251 0.560153
-0.077825 0.159623 1.456848 0.301784 -0.531183 0.559314 0.560302
-0.077655 0.159794 1.456632 0.301589 -0.531075 0.559374 0.560450
-0.077488 0.159961 1.456420 0.301395 -0.530970 0.559430 0.560598
-0.077324 0.160125 1.456212 0.301203 -0.530867 0.559483 0.560746
-0.077162 0.160285 1.456009 0.301014 -0.530767 0.559533 0.560892
-0.077002 0.160441 1.455809 0.300828 -0.530669 0.559580 0.561037
-0.076846 0.160594 1.455614 0.300644 -0.530574 0.559625 0.561181
-0.076691 0.160744 1.455422 0.300462 -0.530480 0.559668 0.561324
-0.076540 0.160891 1.455234 0.300283 -0.530389 0.559708 0.561466
-0.076391 0.161035 1.455049 0.300107 -0.530300 0.559747 0.561606
-0.076244 0.161176 1.454868 0.299934 -0.530212 0.559783 0.561745
-0.076100 0.161314 1.454691 0.299764 -0.530126 0.559818 0.561882
-0.075958 0.161449 1.454517 0.299596 -0.530042 0.559851 0.562018
-0.075819 0.161581 1.454346 0.299431 -0.529960 0.559883 0.562152
-0.075682 0.161711 1.454178 0.299269 -0.529879 0.559913 0.562284
-0.075548 0.161838 1.454014 0.299110 -0.529800 0.559942 0.562415
-0.075416 0.161963 1.453853 0.298954 -0.529722 0.559969 0.562544
-0.075286 0.162085 1.453694 0.298801 -0.529645 0.559995 0.562671
-0.075198 0.162275 1.453519 0.298349 -0.529634 0.560188 0.562730
-0.075095 0.162494 1.453305 0.297942 -0.529578 0.560351 0.562836
-0.074970 0.162732 1.453058 0.297593 -0.529486 0.560496 0.562963
-0.074823 0.162978 1.452788 0.297294 -0.529366 0.560630 0.563100
-0.074658 0.163229 1.452502 0.297035 -0.529225 0.560756 0.563243
-0.074479 0.163480 1.452205 0.296804 -0.529070 0.560877 0.563391
-0.074290 0.163729 1.451901 0.296593 -0.528905 0.560991 0.563543
-0.074093 0.163975 1.451595 0.296395 -0.528733 0.561100 0.563700
-0.073891 0.164216 1.451287 0.296205 -0.528559 0.561204 0.563861
-0.073685 0.164452 1.450981 0.296019 -0.528383 0.561302 0.564025
-0.073478 0.164682 1.450676 0.295835 -0.528208 0.561394 0.564194
-0.073270 0.164907 1.450375 0.295652 -0.528034 0.561480 0.564366
-0.073062 0.165125 1.450078 0.295469 -0.527863 0.561561 0.564542
-0.072856 0.165338 1.449785 0.295286 -0.527695 0.561636 0.564721
-0.072650 0.165545 1.449496 0.295102 -0.527530 0.561705 0.564902
-0.072447 0.165746 1.449212 0.294917 -0.527369 0.561769 0.565085
-0.072245 0.165942 1.448933 0.294731 -0.527212 0.561829 0.565270
-0.072046 0.166133 1.448659 0.294545 -0.527058 0.561883 0.565456
-0.071849 0.166318 1.448390 0.294359 -0.526908 0.561933 0.565643
-0.071655 0.166499 1.448126 0.294173 -0.526761 0.561978 0.565831
-0.071463 0.166675 1.447866 0.293987 -0.526619 0.562020 0.566019
-0.071274 0.166847 1.447612 0.293802 -0.526479 0.562058 0.566207
-0.071088 0.167014 1.447363 0.293618 -0.526343 0.562092 0.566395
-0.070905 0.167177 1.447118 0.293435 -0.526210 0.562124 0.566582
-0.070724 0.167337 1.446878 0.293253 -0.526080 0.562152 0.566769
-0.070547 0.167492 1.446643 0.293073 -0.525954 0.562178 0.566954
-0.070372 0.167644 1.446412 0.292895 -0.525830 0.562201 0.567138
-0.070200 0.167793 1.446186 0.292718 -0.525709 0.562222 0.567321
-0.070031 0.167938 1.445964 0.292543 -0.525590 0.562241 0.567502
-0.069864 0.168080 1.445747 0.292371 -0.525474 0.562258 0.567682
-0.069701 0.168219 1.445533 0.292201 -0.525361 0.562273 0.567859
-0.069540 0.168355 1.445324 0.292033 -0.525249 0.562286 0.568035
-0.069382 0.168488 1.445119 0.291868 -0.525140 0.562298 0.568209
-0.069226 0.168618 1.444918 0.291705 -0.525034 0.562309 0.568381
-0.069074 0.168746 1.444720 0.291545 -0.524929 0.562318 0.568550
-0.068924 0.168871 1.444527 0.291387 -0.524826 0.562326 0.568718
-0.068776 0.168993 1.444337 0.291233 -0.524726 0.562333 0.568883
-0.068631 0.169113 1.444150 0.291080 -0.524627 0.562340 0.569046
-0.068489 0.169230 1.443968 0.290931 -0.524530 0.562345 0.569207
-0.068350 0.169345 1.443788 0.290784 -0.524434 0.562350 0.569365
-0.068244 0.169531 1.443612 0.290297 -0.524404 0.562580 0.569414
-0.068140 0.169752 1.443418 0.289807 -0.524346 0.562793 0.569506
-0.068022 0.169993 1.443205 0.289360 -0.524262 0.562989 0.569617
-0.067886 0.170244 1.442976 0.288962 -0.524159 0.563171 0.569734
-0.067735 0.170501 1.442737 0.288606 -0.524042 0.563341 0.569853
-0.067572 0.170760 1.442491 0.288284 -0.523914 0.563503 0.569974
-0.067399 0.171018 1.442243 0.287987 -0.523781 0.563656 0.570095
-0.067219 0.171274 1.441993 0.287709 -0.523644 0.563802 0.570218
-0.067035 0.171527 1.441745 0.287444 -0.523506 0.563940 0.570341
-0.066848 0.171776 1.441499 0.287189 -0.523368 0.564071 0.570467
-0.066659 0.172020 1.441256 0.286942 -0.523231 0.564195 0.570593
-0.066469 0.172259 1.441016 0.286700 -0.523097 0.564313 0.570722
-0.066279 0.172494 1.440781 0.286463 -0.522965 0.564424 0.570852
-0.066090 0.172723 1.440550 0.286229 -0.522837 0.564529 0.570984
-0.065902 0.172948 1.440323 0.285998 -0.522711 0.564627 0.571117
-0.065716 0.173167 1.440100 0.285769 -0.522589 0.564720 0.571251
-0.065531 0.173381 1.439882 0.285544 -0.522470 0.564807 0.571387
-0.065348 0.173591 1.439668 0.285320 -0.522354 0.564889 0.571523
-0.065167 0.173796 1.439458 0.285099 -0.522242 0.564966 0.571660
-0.064988 0.173996 1.439253 0.284881 -0.522132 0.565039 0.571797
-0.064812 0.174192 1.439052 0.284666 -0.522025 0.565107 0.571935
-0.064638 0.174383 1.438854 0.284453 -0.521921 0.565171 0.572072
-0.064466 0.174570 1.438661 0.284242 -0.521820 0.565231 0.572209
-0.064297 0.174754 1.438472 0.284035 -0.521721 0.565288 0.572346
-0.064130 0.174933 1.438286 0.283831 -0.521625 0.565341 0.572483
-0.063966 0.175108 1.438104 0.283629 -0.521531 0.565392 0.572619
-0.063804 0.175280 1.437926 0.283431 -0.521439 0.565439 0.572754
-0.063645 0.175448 1.437751 0.283236 -0.521349 0.565483 0.572888
-0.063488 0.175613 1.437580 0.283044 -0.521262 0.565525 0.573022
-0.063334 0.175774 1.437412 0.282855 -0.521175 0.565565 0.573154
-0.063182 0.175932 1.437247 0.282670 -0.521091 0.565602 0.573285
-0.063033 0.176087 1.437085 0.282488 -0.521009 0.565637 0.573415
-0.062886 0.176238 1.436927 0.282310 -0.520928 0.565670 0.573544
-0.062742 0.176387 1.436771 0.282135 -0.520848 0.565702 0.573671
-0.062600 0.176533 1.436619 0.281963 -0.520771 0.565731 0.573797
-0.062460 0.176675 1.436469 0.281794 -0.520694 0.565759 0.573922
-0.062323 0.176815 1.436322 0.281629 -0.520619 0.565786 0.574045
-0.062189 0.176953 1.436178 0.281467 -0.520545 0.565811 0.574166
-0.062056 0.177087 1.436037 0.281309 -0.520473 0.565834 0.574286
-0.061926 0.177220 1.435898 0.281154 -0.520401 0.565857 0.574405
-0.061803 0.177407 1.435747 0.280732 -0.520374 0.566086 0.574410
-0.061662 0.177614 1.435567 0.280295 -0.520332 0.566339 0.574413
-0.061498 0.177830 1.435362 0.279895 -0.520265 0.566578 0.574432
-0.061313 0.178048 1.435138 0.279530 -0.520179 0.566802 0.574467
-0.061111 0.178265 1.434900 0.279193 -0.520080 0.567011 0.574514
-0.060895 0.178478 1.434655 0.278875 -0.519971 0.567207 0.574573
-0.060670 0.178685 1.434405 0.278569 -0.519858 0.567391 0.574643
-0.060438 0.178887 1.434153 0.278269 -0.519742 0.567563 0.574723
-0.060201 0.179082 1.433901 0.277971 -0.519625 0.567724 0.574814
-0.059961 0.179270 1.433650 0.277675 -0.519510 0.567873 0.574913
-0.059719 0.179452 1.433402 0.277378 -0.519398 0.568012 0.575021
-0.059476 0.179627 1.433157 0.277079 -0.519288 0.568141 0.575138
-0.059234 0.179795 1.432916 0.276778 -0.519182 0.568259 0.575261
-0.058993 0.179957 1.432678 0.276476 -0.519079 0.568369 0.575391
-0.058752 0.180114 1.432445 0.276173 -0.518980 0.568469 0.575527
-0.058514 0.180265 1.432216 0.275869 -0.518885 0.568561 0.575667
-0.058277 0.180410 1.431991 0.275563 -0.518793 0.568646 0.575813
-0.058043 0.180550 1.431771 0.275258 -0.518706 0.568723 0.575962
-0.057811 0.180686 1.431555 0.274953 -0.518621 0.568793 0.576114
-0.057582 0.180817 1.431344 0.274649 -0.518540 0.568857 0.576270
-0.057355 0.180944 1.431137 0.274346 -0.518461 0.568914 0.576427
-0.057132 0.181067 1.430934 0.274045 -0.518386 0.568967 0.576587
-0.056911 0.181186 1.430735 0.273746 -0.518313 0.569014 0.576747
-0.056693 0.181302 1.430540 0.273450 -0.518243 0.569057 0.576909
-0.056478 0.181414 1.430350 0.273155 -0.518176 0.569095 0.577071
-0.056266 0.181523 1.430163 0.272865 -0.518110 0.569129 0.577234
-0.056057 0.181629 1.429980 0.272577 -0.518047 0.569160 0.577397
-0.055851 0.181733 1.429801 0.272293 -0.517985 0.569187 0.577559
-0.055648 0.181833 1.429625 0.272012 -0.517925 0.569211 0.577721
-0.055448 0.181931 1.429453 0.271736 -0.517867 0.569232 0.577882
-0.055252 0.182026 1.429284 0.271463 -0.517811 0.569251 0.578043
-0.055058 0.182120 1.429119 0.271195 -0.517756 0.569267 0.578202
-0.054868 0.182210 1.428957 0.270931 -0.517702 0.569281 0.578360
-0.054680 0.182299 1.428798 0.270671 -0.517649 0.569293 0.578517
-0.054496 0.182386 1.428642 0.270416 -0.517598 0.569303 0.578672
-0.054314 0.182471 1.428489 0.270165 -0.517548 0.569311 0.578826
-0.054136 0.182553 1.428339 0.269919 -0.517498 0.569318 0.578978
-0.053961 0.182634 1.428192 0.269677 -0.517450 0.569324 0.579129
-0.053788 0.182714 1.428048 0.269439 -0.517402 0.569328 0.579277
-0.053619 0.182791 1.427907 0.269206 -0.517356 0.569332 0.579424
-0.053454 0.182916 1.427754 0.268787 -0.517326 0.569468 0.579511
-0.053274 0.183057 1.427576 0.268404 -0.517277 0.569575 0.579627
-0.053075 0.183204 1.427380 0.268064 -0.517214 0.569657 0.579760
-0.052859 0.183353 1.427171 0.267758 -0.517141 0.569721 0.579904
-0.052630 0.183502 1.426955 0.267477 -0.517062 0.569771 0.580055
-0.052391 0.183649 1.426735 0.267213 -0.516980 0.569808 0.580213
-0.052144 0.183793 1.426514 0.266959 -0.516898 0.569835 0.580377
-0.051893 0.183932 1.426294 0.266711 -0.516816 0.569853 0.580546
-0.051637 0.184067 1.426075 0.266466 -0.516736 0.569862 0.580721
-0.051380 0.184198 1.425860 0.266221 -0.516660 0.569863 0.580900
-0.051122 0.184324 1.425649 0.265975 -0.516587 0.569857 0.581084
-0.050864 0.184445 1.425442 0.265729 -0.516517 0.569844 0.581271
-0.050607 0.184562 1.425239 0.265480 -0.516452 0.569824 0.581462
-0.050351 0.184674 1.425040 0.265231 -0.516390 0.569799 0.581656
-0.050097 0.184782 1.424846 0.264979 -0.516332 0.569768 0.581852
-0.049844 0.184887 1.424656 0.264727 -0.516278 0.569732 0.582050
-0.049594 0.184987 1.424471 0.264473 -0.516227 0.569692 0.582250
-0.049347 0.185084 1.424289 0.264219 -0.516179 0.569647 0.582451
-0.049102 0.185177 1.424112 0.263965 -0.516134 0.569599 0.582653
-0.048859 0.185267 1.423939 0.263712 -0.516093 0.569548 0.582855
-0.048620 0.185354 1.423770 0.263459 -0.516054 0.569494 0.583057
-0.048383 0.185438 1.423605 0.263206 -0.516017 0.569437 0.583259
-0.048150 0.185520 1.423444 0.262956 -0.515982 0.569378 0.583460
-0.047920 0.185599 1.423286 0.262707 -0.515950 0.569317 0.583660
-0.047693 0.185675 1.423131 0.262459 -0.515919 0.569255 0.583859
-0.047469 0.185749 1.422980 0.262214 -0.515890 0.569191 0.584057
-0.047248 0.185821 1.422832 0.261972 -0.515862 0.569126 0.584254
-0.047030 0.185891 1.422688 0.261732 -0.515836 0.569060 0.584449
-0.046816 0.185959 1.422546 0.261494 -0.515812 0.568993 0.584642
-0.046605 0.186025 1.422408 0.261260 -0.515788 0.568926 0.584833
-0.046397 0.186090 1.422272 0.261029 -0.515765 0.568858 0.585022
-0.046193 0.186152 1.422139 0.260801 -0.515743 0.568791 0.585209
-0.045992 0.186214 1.422009 0.260576 -0.515722 0.568723 0.585393
-0.045794 0.186273 1.421881 0.260354 -0.515701 0.568655 0.585576
-0.045599 0.186331 1.421756 0.260137 -0.515682 0.568587 0.585756
-0.045407 0.186388 1.421634 0.259922 -0.515662 0.568520 0.585933
-0.045219 0.186444 1.421513 0.259712 -0.515644 0.568453 0.586108
-0.045034 0.186498 1.421396 0.259504 -0.515625 0.568386 0.586281
-0.044852 0.186551 1.421280 0.259301 -0.515607 0.568320 0.586451
-0.044673 0.186602 1.421167 0.259101 -0.515589 0.568255 0.586618
-0.044485 0.186689 1.421035 0.258741 -0.515583 0.568336 0.586704
-0.044276 0.186785 1.420869 0.258419 -0.515545 0.568401 0.586816
-0.044046 0.186883 1.420677 0.258136 -0.515484 0.568451 0.586946
-0.043800 0.186980 1.420466 0.257883 -0.515405 0.568489 0.587090
-0.043540 0.187074 1.420241 0.257650 -0.515314 0.568518 0.587244
-0.043272 0.187163 1.420009 0.257429 -0.515214 0.568537 0.587409
-0.042997 0.187246 1.419772 0.257213 -0.515110 0.568549 0.587584
-0.042718 0.187323 1.419532 0.256998 -0.515003 0.568554 0.587767
-0.042437 0.187394 1.419292 0.256782 -0.514896 0.568551 0.587958
-0.042155 0.187460 1.419053 0.256563 -0.514789 0.568542 0.588156
-0.041874 0.187520 1.418816 0.256339 -0.514684 0.568526 0.588362
-0.041594 0.187575 1.418582 0.256111 -0.514581 0.568503 0.588573
-0.041316 0.187625 1.418350 0.255879 -0.514480 0.568475 0.588789
-0.041040 0.187671 1.418122 0.255643 -0.514382 0.568441 0.589010
-0.040767 0.187712 1.417898 0.255404 -0.514287 0.568402 0.589234
-0.040497 0.187750 1.417678 0.255161 -0.514195 0.568358 0.589462
-0.040231 0.187784 1.417462 0.254916 -0.514106 0.568310 0.589692
-0.039967 0.187815 1.417250 0.254669 -0.514020 0.568258 0.589924
-0.039708 0.187843 1.417042 0.254421 -0.513936 0.568202 0.590157
-0.039452 0.187869 1.416839 0.254173 -0.513856 0.568143 0.590391
-0.039199 0.187892 1.416639 0.253924 -0.513778 0.568082 0.590625
-0.038951 0.187914 1.416443 0.253676 -0.513703 0.568018 0.590859
-0.038706 0.187933 1.416252 0.253428 -0.513629 0.567952 0.591092
-0.038465 0.187951 1.416064 0.253182 -0.513559 0.567884 0.591324
-0.038227 0.187967 1.415880 0.252937 -0.513490 0.567814 0.591555
-0.037994 0.187981 1.415700 0.252695 -0.513423 0.567744 0.591785
-0.037764 0.187995 1.415524 0.252454 -0.513359 0.567672 0.592012
-0.037538 0.188007 1.415351 0.252216 -0.513296 0.567599 0.592238
-0.037315 0.188019 1.415182 0.251980 -0.513234 0.567526 0.592461
-0.037097 0.188029 1.415016 0.251747 -0.513175 0.567453 0.592682
-0.036882 0.188039 1.414853 0.251518 -0.513116 0.567379 0.592901
-0.036670 0.188048 1.414694 0.251291 -0.513060 0.567306 0.593116
-0.036462 0.188056 1.414537 0.251068 -0.513004 0.567232 0.593329
-0.036258 0.188064 1.414384 0.250848 -0.512950 0.567158 0.593539
-0.036058 0.188072 1.414234 0.250632 -0.512897 0.567085 0.593746
-0.035861 0.188079 1.414087 0.250419 -0.512845 0.567013 0.593950
-0.035667 0.188085 1.413943 0.250210 -0.512794 0.566941 0.594151
-0.035477 0.188091 1.413801 0.250004 -0.512744 0.566869 0.594349
-0.035290 0.188097 1.413663 0.249803 -0.512695 0.566799 0.594543
-0.035106 0.188103 1.413526 0.249605 -0.512647 0.566729 0.594735
-0.034898 0.188132 1.413378 0.249301 -0.512607 0.566793 0.594835
-0.034663 0.188173 1.413214 0.249014 -0.512537 0.566865 0.594947
-0.034404 0.188219 1.413034 0.248752 -0.512447 0.566933 0.595069
-0.034125 0.188264 1.412844 0.248510 -0.512345 0.566993 0.595200
-0.033830 0.188306 1.412647 0.248281 -0.512237 0.567044 0.595341
-0.033525 0.188344 1.412447 0.248057 -0.512126 0.567085 0.595490
-0.033212 0.188377 1.412246 0.247834 -0.512015 0.567116 0.595649
-0.032895 0.188405 1.412045 0.247608 -0.511907 0.567136 0.595817
-0.032575 0.188428 1.411846 0.247377 -0.511802 0.567146 0.595994
-0.032253 0.188445 1.411651 0.247139 -0.511701 0.567145 0.596180
-0.031931 0.188458 1.411458 0.246895 -0.511606 0.567135 0.596372
-0.031610 0.188466 1.411269 0.246644 -0.511515 0.567116 0.596572
-0.031291 0.188469 1.411085 0.246386 -0.511429 0.567089 0.596778
-0.030974 0.188469 1.410904 0.246123 -0.511348 0.567054 0.596990
-0.030659 0.188465 1.410728 0.245854 -0.511272 0.567011 0.597206
-0.030347 0.188458 1.410556 0.245581 -0.511201 0.566962 0.597426
-0.030038 0.188448 1.410388 0.245304 -0.511134 0.566906 0.597649
-0.029733 0.188435 1.410225 0.245024 -0.511071 0.566846 0.597875
-0.029432 0.188420 1.410065 0.244742 -0.511013 0.566780 0.598104
-0.029134 0.188402 1.409910 0.244459 -0.510958 0.566710 0.598333
-0.028840 0.188383 1.409758 0.244174 -0.510906 0.566635 0.598564
-0.028550 0.188362 1.409610 0.243889 -0.510857 0.566558 0.598795
-0.028264 0.188340 1.409466 0.243604 -0.510812 0.566477 0.599026
-0.027982 0.188317 1.409325 0.243320 -0.510769 0.566394 0.599257
-0.027705 0.188292 1.409187 0.243037 -0.510728 0.566308 0.599487
-0.027431 0.188267 1.409053 0.242755 -0.510690 0.566221 0.599716
-0.027162 0.188241 1.408922 0.242476 -0.510654 0.566132 0.599944
-0.026897 0.188214 1.408794 0.242198 -0.510620 0.566041 0.600171
-0.026636 0.188187 1.408669 0.241924 -0.510587 0.565950 0.600395
-0.026379 0.188159 1.408547 0.241652 -0.510556 0.565858 0.600618
-0.026127 0.188131 1.408427 0.241383 -0.510526 0.565765 0.600838
-0.025878 0.188103 1.408310 0.241118 -0.510498 0.565672 0.601057
-0.025634 0.188075 1.408196 0.240856 -0.510471 0.565579 0.601272
-0.025394 0.188047 1.408084 0.240598 -0.510445 0.565486 0.601485
-0.025158 0.188018 1.407975 0.240343 -0.510420 0.565393 0.601696
-0.024926 0.187990 1.407867 0.240093 -0.510396 0.565300 0.601903
-0.024698 0.187962 1.407762 0.239846 -0.510372 0.565208 0.602108
-0.024475 0.187934 1.407659 0.239604 -0.510350 0.565116 0.602310
-0.024255 0.187907 1.407558 0.239365 -0.510328 0.565025 0.602508
-0.024039 0.187879 1.407459 0.239131 -0.510306 0.564935 0.602704
-0.023784 0.187864 1.407340 0.238864 -0.510283 0.564965 0.602801
-0.023499 0.187847 1.407199 0.238664 -0.510242 0.564978 0.602904
-0.023195 0.187829 1.407044 0.238498 -0.510189 0.564980 0.603011
-0.022879 0.187808 1.406883 0.238352 -0.510131 0.564973 0.603126
-0.022553 0.187785 1.406717 0.238214 -0.510069 0.564957 0.603247
-0.022223 0.187758 1.406551 0.238078 -0.510006 0.564933 0.603377
-0.021889 0.187728 1.406385 0.237940 -0.509945 0.564899 0.603514
-0.021555 0.187695 1.406221 0.237798 -0.509886 0.564858 0.603659
-0.021222 0.187658 1.406059 0.237650 -0.509830 0.564808 0.603811
-0.020889 0.187619 1.405901 0.237495 -0.509778 0.564751 0.603969
-0.020559 0.187576 1.405746 0.237335 -0.509729 0.564688 0.604133
-0.020232 0.187531 1.405594 0.237168 -0.509684 0.564618 0.604301
-0.019908 0.187483 1.405447 0.236995 -0.509643 0.564542 0.604475
-0.019588 0.187434 1.405303 0.236817 -0.509606 0.564461 0.604652
-0.019271 0.187382 1.405163 0.236634 -0.509572 0.564375 0.604832
-0.018959 0.187329 1.405026 0.236446 -0.509542 0.564285 0.605015
-0.018650 0.187275 1.404894 0.236255 -0.509514 0.564192 0.605200
-0.018346 0.187220 1.404765 0.236062 -0.509490 0.564095 0.605386
-0.018046 0.187163 1.404639 0.235865 -0.509468 0.563995 0.605573
-0.017751 0.187106 1.404516 0.235667 -0.509449 0.563893 0.605762
-0.017460 0.187049 1.404397 0.235468 -0.509432 0.563789 0.605950
-0.017174 0.186991 1.404281 0.235267 -0.509417 0.563684 0.606138
-0.016891 0.186932 1.404168 0.235066 -0.509404 0.563577 0.606326
-0.016614 0.186874 1.404058 0.234866 -0.509393 0.563470 0.606514
-0.016341 0.186816 1.403950 0.234665 -0.509383 0.563361 0.606700
-0.016072 0.186757 1.403845 0.234465 -0.509375 0.563253 0.606885
-0.015808 0.186699 1.403743 0.234265 -0.509368 0.563144 0.607069
-0.015548 0.186641 1.403642 0.234067 -0.509363 0.563035 0.607251
-0.015293 0.186583 1.403545 0.233871 -0.509358 0.562927 0.607431
-0.015042 0.186526 1.403449 0.233676 -0.509354 0.562818 0.607610
-0.014795 0.186469 1.403356 0.233482 -0.509351 0.562711 0.607786
-0.014553 0.186413 1.403265 0.233291 -0.509349 0.562604 0.607961
-0.014315 0.186357 1.403175 0.233102 -0.509347 0.562498 0.608133
-0.014081 0.186302 1.403088 0.232915 -0.509345 0.562393 0.608303
-0.013851 0.186248 1.403003 0.232730 -0.509345 0.562288 0.608471
-0.013625 0.186194 1.402919 0.232548 -0.509344 0.562185 0.608636
-0.013403 0.186140 1.402837 0.232369 -0.509344 0.562084 0.608799
-0.013186 0.186088 1.402756 0.232191 -0.509344 0.561983 0.608959
-0.012972 0.186036 1.402678 0.232017 -0.509344 0.561884 0.609117
-0.012762 0.185985 1.402600 0.231845 -0.509344 0.561786 0.609272
-0.012501 0.185950 1.402503 0.231654 -0.509316 0.561823 0.609334
-0.012203 0.185924 1.402396 0.231463 -0.509263 0.561932 0.609351
-0.011876 0.185902 1.402280 0.231296 -0.509188 0.562059 0.609360
-0.011531 0.185879 1.402157 0.231147 -0.509099 0.562188 0.609371
-0.011173 0.185854 1.402031 0.231008 -0.509003 0.562313 0.609389
-0.010807 0.185825 1.401902 0.230873 -0.508905 0.562429 0.609415
-0.010436 0.185793 1.401774 0.230736 -0.508807 0.562535 0.609451
-0.010064 0.185757 1.401647 0.230594 -0.508712 0.562629 0.609497
-0.009691 0.185717 1.401522 0.230447 -0.508620 0.562712 0.609553
-0.009319 0.185674 1.401399 0.230292 -0.508533 0.562784 0.609618
-0.008950 0.185626 1.401279 0.230130 -0.508450 0.562845 0.609692
-0.008584 0.185576 1.401163 0.229961 -0.508373 0.562895 0.609774
-0.008221 0.185523 1.401050 0.229784 -0.508300 0.562935 0.609864
-0.007862 0.185467 1.400940 0.229602 -0.508232 0.562967 0.609960
-0.007508 0.185410 1.400833 0.229413 -0.508169 0.562989 0.610063
-0.007158 0.185350 1.400730 0.229219 -0.508110 0.563004 0.610171
-0.006813 0.185288 1.400630 0.229021 -0.508056 0.563011 0.610284
-0.006473 0.185225 1.400533 0.228819 -0.508005 0.563012 0.610402
-0.006138 0.185161 1.400439 0.228614 -0.507959 0.563007 0.610522
-0.005808 0.185095 1.400348 0.228406 -0.507915 0.562996 0.610646
-0.005483 0.185029 1.400260 0.228197 -0.507875 0.562980 0.610772
-0.005164 0.184963 1.400174 0.227986 -0.507838 0.562960 0.610901
-0.004849 0.184896 1.400091 0.227774 -0.507804 0.562935 0.611030
-0.004539 0.184828 1.400010 0.227562 -0.507772 0.562907 0.611162
-0.004235 0.184761 1.399932 0.227349 -0.507743 0.562876 0.611294
-0.003936 0.184693 1.399856 0.227137 -0.507716 0.562842 0.611427
-0.003641 0.184626 1.399781 0.226926 -0.507690 0.562805 0.611560
-0.003352 0.184559 1.399709 0.226716 -0.507667 0.562766 0.611693
-0.003068 0.184492 1.399639 0.226507 -0.507645 0.562726 0.611826
-0.002789 0.184425 1.399570 0.226300 -0.507625 0.562683 0.611958
-0.002514 0.184359 1.399503 0.226094 -0.507606 0.562639 0.612090
-0.002245 0.184293 1.399438 0.225891 -0.507589 0.562594 0.612222
-0.001980 0.184228 1.399374 0.225689 -0.507572 0.562547 0.612352
-0.001720 0.184164 1.399312 0.225490 -0.507557 0.562500 0.612481
-0.001465 0.184100 1.399251 0.225294 -0.507542 0.562452 0.612610
-0.001214 0.184037 1.399191 0.225100 -0.507529 0.562404 0.612737
-0.000968 0.183974 1.399133 0.224908 -0.507516 0.562355 0.612863
-0.000727 0.183913 1.399076 0.224719 -0.507504 0.562306 0.612987
-0.000490 0.183852 1.399020 0.224533 -0.507492 0.562257 0.613110
-0.000258 0.183792 1.398965 0.224350 -0.507481 0.562208 0.613231
0.000034 0.183731 1.398879 0.224252 -0.507430 0.562210 0.613307
0.000362 0.183675 1.398775 0.224212 -0.507347 0.562234 0.613369
0.000713 0.183620 1.398660 0.224206 -0.507244 0.562267 0.613425
0.001078 0.183564 1.398537 0.224220 -0.507129 0.562303 0.613482
0.001453 0.183507 1.398410 0.224245 -0.507009 0.562336 0.613543
0.001833 0.183448 1.398281 0.224272 -0.506886 0.562364 0.613609
0.002215 0.183387 1.398151 0.224297 -0.506763 0.562385 0.613682
0.002596 0.183322 1.398022 0.224316 -0.506642 0.562398 0.613762
0.002975 0.183256 1.397895 0.224329 -0.506525 0.562404 0.613849
0.003351 0.183186 1.397770 0.224334 -0.506412 0.562402 0.613942
0.003723 0.183115 1.397648 0.224330 -0.506303 0.562393 0.614042
0.004091 0.183041 1.397528 0.224318 -0.506199 0.562377 0.614147
0.004454 0.182966 1.397412 0.224297 -0.506099 0.562355 0.614257
0.004812 0.182889 1.397298 0.224269 -0.506004 0.562326 0.614372
0.005165 0.182811 1.397188 0.224234 -0.505913 0.562292 0.614491
0.005512 0.182732 1.397081 0.224191 -0.505827 0.562253 0.614613
0.005853 0.182652 1.396976 0.224143 -0.505744 0.562209 0.614739
0.006189 0.182571 1.396875 0.224089 -0.505666 0.562161 0.614866
0.006519 0.182490 1.396777 0.224030 -0.505592 0.562110 0.614996
0.006844 0.182409 1.396681 0.223966 -0.505521 0.562055 0.615128
0.007163 0.182327 1.396588 0.223899 -0.505453 0.561998 0.615260
0.007477 0.182246 1.396497 0.223827 -0.505389 0.561938 0.615394
0.007785 0.182165 1.396409 0.223753 -0.505327 0.561876 0.615527
0.008087 0.182084 1.396323 0.223677 -0.505269 0.561812 0.615662
0.008384 0.182003 1.396240 0.223598 -0.505213 0.561747 0.615796
0.008676 0.181923 1.396158 0.223517 -0.505159 0.561680 0.615930
0.008963 0.181844 1.396079 0.223434 -0.505108 0.561613 0.616063
0.009244 0.181765 1.396001 0.223350 -0.505059 0.561544 0.616196
0.009520 0.181686 1.395926 0.223265 -0.505012 0.561475 0.616328
0.009791 0.181609 1.395852 0.223180 -0.504967 0.561406 0.616460
0.010057 0.181532 1.395780 0.223093 -0.504924 0.561336 0.616590
0.010318 0.181456 1.395709 0.223007 -0.504882 0.561266 0.616719
0.010574 0.181381 1.395640 0.222920 -0.504842 0.561196 0.616846
0.010825 0.181307 1.395573 0.222833 -0.504804 0.561127 0.616973
0.011072 0.181234 1.395507 0.222746 -0.504767 0.561057 0.617098
0.011314 0.181161 1.395442 0.222659 -0.504731 0.560988 0.617221
0.011551 0.181090 1.395379 0.222573 -0.504696 0.560920 0.617343
0.011784 0.181019 1.395317 0.222487 -0.504662 0.560851 0.617463
0.012012 0.180950 1.395256 0.222401 -0.504630 0.560784 0.617582
0.012236 0.180881 1.395197 0.222317 -0.504598 0.560717 0.617699
0.012533 0.180805 1.395116 0.222304 -0.504528 0.560754 0.617728
0.012872 0.180726 1.395019 0.222343 -0.504413 0.560807 0.617760
0.013238 0.180643 1.394911 0.222402 -0.504274 0.560871 0.617794
0.013622 0.180554 1.394794 0.222465 -0.504122 0.560938 0.617834
0.014017 0.180459 1.394673 0.222523 -0.503963 0.561001 0.617886
0.014418 0.180358 1.394549 0.222571 -0.503803 0.561056 0.617949
0.014822 0.180250 1.394424 0.222605 -0.503643 0.561101 0.618026
0.015226 0.180136 1.394300 0.222624 -0.503487 0.561136 0.618115
0.015628 0.180016 1.394177 0.222626 -0.503335 0.561158 0.618217
0.016028 0.179891 1.394056 0.222611 -0.503189 0.561170 0.618331
0.016425 0.179762 1.393937 0.222581 -0.503048 0.561171 0.618456
0.016817 0.179629 1.393822 0.222535 -0.502913 0.561161 0.618591
0.017204 0.179493 1.393709 0.222476 -0.502784 0.561142 0.618735
0.017586 0.179354 1.393600 0.222403 -0.502661 0.561114 0.618886
0.017963 0.179212 1.393493 0.222318 -0.502544 0.561077 0.619045
0.018335 0.179069 1.393390 0.222222 -0.502433 0.561033 0.619210
0.018701 0.178924 1.393290 0.222117 -0.502326 0.560982 0.619380
0.019061 0.178778 1.393194 0.222003 -0.502225 0.560925 0.619554
0.019415 0.178632 1.393100 0.221882 -0.502129 0.560863 0.619732
0.019764 0.178485 1.393009 0.221754 -0.502038 0.560795 0.619913
0.020107 0.178338 1.392921 0.221620 -0.501951 0.560723 0.620096
0.020444 0.178190 1.392835 0.221482 -0.501868 0.560647 0.620282
0.020776 0.178044 1.392753 0.221338 -0.501789 0.560567 0.620468
0.021102 0.177898 1.392672 0.221192 -0.501714 0.560485 0.620656
0.021422 0.177752 1.392595 0.221043 -0.501642 0.560400 0.620844
0.021736 0.177608 1.392519 0.220891 -0.501574 0.560313 0.621032
0.022045 0.177464 1.392446 0.220738 -0.501508 0.560224 0.621220
0.022348 0.177322 1.392374 0.220583 -0.501446 0.560133 0.621407
0.022646 0.177181 1.392305 0.220427 -0.501386 0.560041 0.621593
0.022938 0.177042 1.392237 0.220271 -0.501329 0.559948 0.621778
0.023225 0.176904 1.392172 0.220114 -0.501274 0.559855 0.621962
0.023507 0.176768 1.392108 0.219958 -0.501221 0.559760 0.622145
0.023784 0.176633 1.392045 0.219802 -0.501171 0.559666 0.622325
0.024055 0.176500 1.391984 0.219646 -0.501122 0.559572 0.622504
0.024321 0.176369 1.391925 0.219492 -0.501075 0.559477 0.622681
0.024582 0.176239 1.391867 0.219338 -0.501030 0.559383 0.622856
0.024838 0.176111 1.391810 0.219186 -0.500987 0.559290 0.623029
0.025090 0.175985 1.391755 0.219035 -0.500945 0.559196 0.623199
0.025336 0.175862 1.391701 0.218886 -0.500904 0.559104 0.623367
0.025578 0.175739 1.391648 0.218738 -0.500865 0.559012 0.623533
0.025907 0.175608 1.391581 0.218676 -0.500793 0.559077 0.623554
0.026283 0.175476 1.391511 0.218641 -0.500705 0.559215 0.623513
0.026688 0.175341 1.391441 0.218626 -0.500604 0.559374 0.623457
0.027109 0.175205 1.391373 0.218618 -0.500497 0.559536 0.623401
0.027540 0.175067 1.391308 0.218607 -0.500391 0.559691 0.623350
0.027976 0.174925 1.391246 0.218589 -0.500288 0.559837 0.623308
0.028414 0.174781 1.391188 0.218561 -0.500191 0.559969 0.623278
0.028851 0.174635 1.391134 0.218521 -0.500101 0.560087 0.623258
0.029286 0.174486 1.391084 0.218468 -0.500018 0.560191 0.623249
0.029718 0.174335 1.391039 0.218403 -0.499943 0.560282 0.623251
0.030146 0.174182 1.390997 0.218325 -0.499875 0.560359 0.623263
0.030570 0.174027 1.390959 0.218237 -0.499815 0.560424 0.623284
0.030988 0.173871 1.390925 0.218137 -0.499762 0.560477 0.623314
0.031401 0.173714 1.390895 0.218027 -0.499715 0.560519 0.623351
0.031809 0.173556 1.390867 0.217909 -0.499675 0.560552 0.623396
0.032210 0.173398 1.390843 0.217782 -0.499640 0.560575 0.623447
0.032606 0.173240 1.390821 0.217648 -0.499610 0.560590 0.623504
0.032995 0.173081 1.390802 0.217508 -0.499585 0.560598 0.623567
0.033379 0.172923 1.390785 0.217361 -0.499565 0.560598 0.623634
0.033756 0.172765 1.390771 0.217210 -0.499548 0.560592 0.623705
0.034128 0.172607 1.390758 0.217055 -0.499536 0.560580 0.623780
0.034493 0.172451 1.390748 0.216896 -0.499526 0.560564 0.623858
0.034852 0.172295 1.390738 0.216733 -0.499520 0.560542 0.623938
0.035204 0.172140 1.390731 0.216569 -0.499517 0.560516 0.624021
0.035551 0.171987 1.390725 0.216402 -0.499516 0.560487 0.624106
0.035892 0.171835 1.390719 0.216234 -0.499517 0.560454 0.624193
0.036226 0.171684 1.390715 0.216064 -0.499521 0.560418 0.624281
0.036555 0.171534 1.390712 0.215894 -0.499526 0.560379 0.624371
0.036877 0.171386 1.390710 0.215724 -0.499533 0.560338 0.624461
0.037194 0.171240 1.390708 0.215553 -0.499541 0.560295 0.624552
0.037505 0.171095 1.390707 0.215383 -0.499551 0.560250 0.624643
0.037810 0.170952 1.390707 0.215213 -0.499561 0.560204 0.624735
0.038109 0.170811 1.390707 0.215044 -0.499573 0.560156 0.624827
0.038403 0.170671 1.390707 0.214876 -0.499586 0.560107 0.624918
0.038691 0.170533 1.390708 0.214709 -0.499599 0.560057 0.625010
0.038974 0.170397 1.390709 0.214543 -0.499613 0.560006 0.625101
0.039251 0.170263 1.390710 0.214378 -0.499627 0.559955 0.625192
0.039523 0.170131 1.390712 0.214215 -0.499642 0.559903 0.625282
0.039789 0.170001 1.390714 0.214054 -0.499657 0.559851 0.625372
0.040051 0.169873 1.390715 0.213895 -0.499673 0.559799 0.625461
0.040406 0.169736 1.390691 0.213876 -0.499624 0.559868 0.625444
0.040810 0.169596 1.390651 0.213910 -0.499530 0.560013 0.625378
0.041242 0.169453 1.390602 0.213974 -0.499404 0.560189 0.625299
0.041689 0.169306 1.390546 0.214051 -0.499258 0.560378 0.625220
0.042144 0.169156 1.390485 0.214129 -0.499101 0.560568 0.625148
0.042600 0.169001 1.390422 0.214203 -0.498939 0.560753 0.625086
0.043055 0.168842 1.390356 0.214269 -0.498776 0.560929 0.625036
0.043506 0.168680 1.390290 0.214323 -0.498613 0.561095 0.624998
0.043953 0.168515 1.390224 0.214366 -0.498453 0.561250 0.624972
0.044392 0.168347 1.390159 0.214396 -0.498296 0.561393 0.624958
0.044826 0.168177 1.390095 0.214414 -0.498144 0.561525 0.624955
0.045252 0.168005 1.390032 0.214421 -0.497996 0.561646 0.624962
0.045670 0.167831 1.389971 0.214417 -0.497853 0.561756 0.624979
0.046081 0.167657 1.389912 0.214402 -0.497715 0.561857 0.625003
0.046484 0.167482 1.389855 0.214379 -0.497581 0.561948 0.625035
0.046880 0.167307 1.389799 0.214347 -0.497453 0.562031 0.625074
0.047268 0.167132 1.389745 0.214307 -0.497328 0.562106 0.625119
0.047649 0.166957 1.389693 0.214260 -0.497209 0.562174 0.625169
0.048022 0.166783 1.389643 0.214207 -0.497094 0.562235 0.625224
0.048388 0.166609 1.389594 0.214149 -0.496983 0.562289 0.625283
0.048747 0.166437 1.389547 0.214086 -0.496876 0.562338 0.625346
0.049099 0.166266 1.389501 0.214018 -0.496773 0.562382 0.625412
0.049444 0.166096 1.389457 0.213947 -0.496673 0.562421 0.625480
0.049782 0.165928 1.389415 0.213873 -0.496577 0.562455 0.625551
0.050113 0.165761 1.389373 0.213796 -0.496485 0.562485 0.625624
0.050438 0.165596 1.389333 0.213716 -0.496396 0.562511 0.625698
0.050756 0.165433 1.389294 0.213635 -0.496309 0.562534 0.625774
0.051068 0.165272 1.389257 0.213551 -0.496226 0.562553 0.625851
0.051373 0.165113 1.389220 0.213467 -0.496145 0.562570 0.625929
0.051672 0.164956 1.389184 0.213381 -0.496067 0.562584 0.626007
0.051966 0.164801 1.389149 0.213295 -0.495992 0.562595 0.626086
0.052253 0.164648 1.389116 0.213208 -0.495919 0.562605 0.626165
0.052535 0.164497 1.389083 0.213121 -0.495848 0.562612 0.626245
0.052810 0.164349 1.389050 0.213033 -0.495779 0.562617 0.626324
0.053081 0.164202 1.389019 0.212946 -0.495713 0.562621 0.626403
0.053345 0.164058 1.388988 0.212858 -0.495648 0.562623 0.626482
0.053605 0.163916 1.388958 0.212771 -0.495585 0.562624 0.626560
0.053859 0.163777 1.388929 0.212685 -0.495524 0.562624 0.626638
0.054108 0.163639 1.388900 0.212598 -0.495465 0.562622 0.626715
0.054351 0.163504 1.388872 0.212512 -0.495408 0.562620 0.626792
0.054697 0.163362 1.388819 0.212566 -0.495295 0.562747 0.626749
0.055106 0.163224 1.388749 0.212695 -0.495153 0.562949 0.626636
0.055556 0.163086 1.388670 0.212875 -0.494990 0.563171 0.626504
0.056031 0.162948 1.388585 0.213083 -0.494817 0.563396 0.626368
0.056521 0.162809 1.388499 0.213302 -0.494642 0.563613 0.626236
0.057019 0.162667 1.388414 0.213520 -0.494469 0.563819 0.626114
0.057520 0.162523 1.388332 0.213731 -0.494302 0.564009 0.626002
0.058022 0.162377 1.388252 0.213930 -0.494144 0.564183 0.625902
0.058521 0.162228 1.388177 0.214116 -0.493994 0.564342 0.625814
0.059016 0.162076 1.388107 0.214286 -0.493853 0.564484 0.625738
0.059507 0.161923 1.388040 0.214440 -0.493722 0.564612 0.625674
0.059992 0.161767 1.387979 0.214579 -0.493600 0.564725 0.625620
0.060470 0.161609 1.387922 0.214701 -0.493487 0.564825 0.625577
0.060942 0.161451 1.387869 0.214809 -0.493382 0.564912 0.625544
0.061407 0.161291 1.387820 0.214903 -0.493285 0.564987 0.625520
0.061864 0.161130 1.387775 0.214984 -0.493196 0.565052 0.625504
0.062315 0.160969 1.387733 0.215052 -0.493114 0.565107 0.625496
0.062757 0.160807 1.387695 0.215109 -0.493039 0.565153 0.625494
0.063193 0.160645 1.387660 0.215155 -0.492969 0.565191 0.625499
0.063620 0.160483 1.387628 0.215191 -0.492905 0.565221 0.625510
0.064041 0.160322 1.387598 0.215218 -0.492847 0.565244 0.625526
0.064454 0.160161 1.387571 0.215236 -0.492794 0.565260 0.625547
0.064859 0.160000 1.387546 0.215247 -0.492745 0.565271 0.625572
0.065258 0.159841 1.387524 0.215251 -0.492700 0.565276 0.625601
0.065649 0.159682 1.387503 0.215248 -0.492659 0.565276 0.625634
0.066032 0.159524 1.387483 0.215239 -0.492621 0.565273 0.625670
0.066409 0.159368 1.387466 0.215226 -0.492587 0.565265 0.625709
0.066778 0.159212 1.387449 0.215207 -0.492556 0.565253 0.625751
0.067141 0.159058 1.387434 0.215184 -0.492528 0.565238 0.625794
0.067496 0.158906 1.387420 0.215157 -0.492502 0.565220 0.625840
0.067845 0.158755 1.387408 0.215126 -0.492478 0.565200 0.625887
0.068187 0.158605 1.387396 0.215092 -0.492457 0.565177 0.625936
0.068523 0.158457 1.387385 0.215055 -0.492437 0.565152 0.625987
0.068852 0.158311 1.387374 0.215016 -0.492420 0.565125 0.626039
0.069174 0.158167 1.387365 0.214974 -0.492404 0.565097 0.626091
0.069490 0.158024 1.387356 0.214930 -0.492390 0.565067 0.626145
0.069800 0.157883 1.387347 0.214885 -0.492376 0.565035 0.626199
0.070104 0.157744 1.387340 0.214838 -0.492365 0.565003 0.626254
0.070401 0.157607 1.387332 0.214789 -0.492354 0.564969 0.626309
0.070693 0.157472 1.387325 0.214739 -0.492344 0.564935 0.626365
0.071073 0.157327 1.387300 0.214819 -0.492265 0.565021 0.626322
0.071505 0.157179 1.387273 0.214965 -0.492140 0.565175 0.626231
0.071966 0.157031 1.387245 0.215142 -0.491987 0.565364 0.626120
0.072442 0.156881 1.387218 0.215328 -0.491820 0.565565 0.626005
0.072924 0.156729 1.387192 0.215515 -0.491648 0.565767 0.625894
0.073408 0.156575 1.387167 0.215694 -0.491476 0.565963 0.625790
0.073890 0.156418 1.387144 0.215863 -0.491307 0.566149 0.625696
0.074368 0.156260 1.387124 0.216021 -0.491143 0.566323 0.625613
0.074840 0.156100 1.387106 0.216165 -0.490986 0.566484 0.625540
0.075306 0.155938 1.387090 0.216295 -0.490836 0.566633 0.625478
0.075765 0.155774 1.387076 0.216413 -0.490694 0.566770 0.625425
0.076217 0.155610 1.387065 0.216518 -0.490558 0.566895 0.625382
0.076661 0.155445 1.387057 0.216611 -0.490429 0.567010 0.625347
0.077097 0.155279 1.387050 0.216692 -0.490307 0.567114 0.625321
0.077525 0.155113 1.387045 0.216763 -0.490191 0.567208 0.625301
0.077945 0.154947 1.387042 0.216823 -0.490081 0.567294 0.625288
0.078358 0.154782 1.387041 0.216875 -0.489977 0.567372 0.625281
0.078763 0.154616 1.387041 0.216918 -0.489879 0.567442 0.625280
0.079160 0.154452 1.387043 0.216953 -0.489786 0.567505 0.625284
0.079550 0.154288 1.387046 0.216980 -0.489697 0.567562 0.625292
0.079932 0.154125 1.387051 0.217001 -0.489613 0.567612 0.625304
0.080307 0.153963 1.387056 0.217016 -0.489534 0.567658 0.625320
0.080675 0.153802 1.387062 0.217026 -0.489458 0.567698 0.625340
0.081035 0.153643 1.387069 0.217030 -0.489386 0.567734 0.625362
0.081388 0.153485 1.387077 0.217030 -0.489318 0.567765 0.625387
0.081735 0.153329 1.387085 0.217025 -0.489253 0.567793 0.625415
0.082074 0.153174 1.387094 0.217016 -0.489191 0.567817 0.625444
0.082407 0.153021 1.387103 0.217004 -0.489132 0.567837 0.625476
0.082734 0.152869 1.387112 0.216989 -0.489076 0.567855 0.625509
0.083053 0.152719 1.387122 0.216971 -0.489022 0.567870 0.625543
0.083367 0.152571 1.387132 0.216950 -0.488971 0.567883 0.625579
0.083674 0.152425 1.387142 0.216927 -0.488922 0.567893 0.625616
0.083975 0.152281 1.387152 0.216902 -0.488876 0.567901 0.625654
0.084270 0.152139 1.387163 0.216874 -0.488831 0.567907 0.625693
0.084559 0.151998 1.387173 0.216845 -0.488788 0.567912 0.625732
0.084842 0.151860 1.387183 0.216815 -0.488747 0.567915 0.625772
0.085119 0.151723 1.387193 0.216783 -0.488707 0.567916 0.625813
0.085391 0.151588 1.387203 0.216749 -0.488670 0.567916 0.625854
0.085657 0.151455 1.387213 0.216715 -0.488633 0.567914 0.625896
0.085918 0.151325 1.387223 0.216680 -0.488598 0.567912 0.625938
0.086250 0.151189 1.387212 0.216738 -0.488509 0.568014 0.625894
0.086618 0.151050 1.387192 0.216844 -0.488370 0.568144 0.625848
0.087006 0.150907 1.387164 0.216968 -0.488203 0.568291 0.625801
0.087406 0.150759 1.387131 0.217095 -0.488022 0.568444 0.625760
0.087810 0.150605 1.387094 0.217218 -0.487833 0.568595 0.625728
0.088216 0.150447 1.387056 0.217331 -0.487642 0.568738 0.625707
0.088619 0.150283 1.387016 0.217432 -0.487452 0.568872 0.625698
0.089018 0.150115 1.386975 0.217519 -0.487265 0.568996 0.625701
0.089413 0.149943 1.386935 0.217592 -0.487082 0.569110 0.625715
0.089801 0.149767 1.386896 0.217651 -0.486903 0.569212 0.625741
0.090184 0.149589 1.386858 0.217696 -0.486729 0.569304 0.625776
0.090560 0.149408 1.386821 0.217728 -0.486561 0.569386 0.625821
0.090929 0.149225 1.386786 0.217748 -0.486399 0.569459 0.625874
0.091292 0.149041 1.386752 0.217757 -0.486242 0.569523 0.625935
0.091647 0.148856 1.386720 0.217755 -0.486090 0.569579 0.626002
0.091996 0.148670 1.386690 0.217743 -0.485944 0.569627 0.626076
0.092338 0.148484 1.386661 0.217723 -0.485803 0.569668 0.626155
0.092674 0.148298 1.386633 0.217695 -0.485667 0.569703 0.626239
0.093003 0.148113 1.386607 0.217661 -0.485536 0.569731 0.626326
0.093325 0.147928 1.386582 0.217620 -0.485410 0.569754 0.626418
0.093642 0.147744 1.386558 0.217573 -0.485288 0.569772 0.626512
0.093951 0.147561 1.386536 0.217522 -0.485170 0.569786 0.626609
0.094255 0.147379 1.386515 0.217466 -0.485057 0.569795 0.626708
0.094553 0.147199 1.386494 0.217406 -0.484947 0.569800 0.626808
0.094844 0.147020 1.386475 0.217343 -0.484841 0.569802 0.626910
0.095130 0.146843 1.386456 0.217278 -0.484739 0.569800 0.627014
0.095410 0.146668 1.386439 0.217210 -0.484640 0.569796 0.627118
0.095685 0.146495 1.386422 0.217139 -0.484545 0.569788 0.627222
0.095954 0.146324 1.386405 0.217067 -0.484453 0.569779 0.627327
0.096218 0.146155 1.386390 0.216994 -0.484364 0.569767 0.627432
0.096476 0.145988 1.386375 0.216919 -0.484277 0.569754 0.627537
0.096729 0.145823 1.386360 0.216843 -0.484194 0.569738 0.627641
0.096977 0.145661 1.386346 0.216767 -0.484113 0.569721 0.627746
0.097220 0.145501 1.386333 0.216691 -0.484034 0.569703 0.627849
0.097458 0.145343 1.386320 0.216613 -0.483958 0.569683 0.627952
0.097691 0.145187 1.386307 0.216536 -0.483884 0.569663 0.628055
0.097919 0.145034 1.386294 0.216459 -0.483813 0.569641 0.628156
0.098143 0.144883 1.386282 0.216382 -0.483743 0.569619 0.628256
0.098362 0.144735 1.386270 0.216305 -0.483676 0.569595 0.628356
0.098577 0.144589 1.386259 0.216229 -0.483610 0.569572 0.628454
0.098862 0.144435 1.386237 0.216268 -0.483507 0.569643 0.628455
0.099183 0.144285 1.386224 0.216340 -0.483378 0.569775 0.628410
0.099522 0.144137 1.386220 0.216430 -0.483236 0.569931 0.628346
0.099871 0.143992 1.386221 0.216528 -0.483091 0.570094 0.628276
0.100225 0.143849 1.386228 0.216627 -0.482948 0.570255 0.628206
0.100578 0.143708 1.386239 0.216724 -0.482811 0.570411 0.628137
0.100931 0.143567 1.386254 0.216816 -0.482681 0.570557 0.628072
0.101280 0.143428 1.386272 0.216902 -0.482559 0.570694 0.628011
0.101626 0.143289 1.386294 0.216982 -0.482446 0.570821 0.627956
0.101967 0.143151 1.386318 0.217054 -0.482340 0.570939 0.627905
0.102303 0.143014 1.386345 0.217120 -0.482242 0.571047 0.627858
0.102635 0.142878 1.386374 0.217179 -0.482152 0.571147 0.627816
0.102961 0.142743 1.386405 0.217232 -0.482068 0.571239 0.627779
0.103281 0.142608 1.386438 0.217278 -0.481991 0.571324 0.627746
0.103597 0.142475 1.386473 0.217318 -0.481920 0.571401 0.627716
0.103886 0.142336 1.386501 0.217334 -0.481881 0.571429 0.627715
0.104154 0.142192 1.386523 0.217331 -0.481866 0.571413 0.627742
0.104407 0.142045 1.386543 0.217313 -0.481865 0.571373 0.627785
0.104650 0.141898 1.386563 0.217279 -0.481868 0.571331 0.627833
0.104887 0.141751 1.386585 0.217232 -0.481870 0.571291 0.627884
0.105119 0.141606 1.386609 0.217178 -0.481871 0.571253 0.627937
0.105360 0.141464 1.386634 0.217137 -0.481859 0.571238 0.627973
0.105606 0.141325 1.386661 0.217105 -0.481837 0.571240 0.627999
0.105843 0.141187 1.386686 0.217069 -0.481821 0.571231 0.628032
0.106075 0.141051 1.386712 0.217027 -0.481807 0.571218 0.628069
0.106301 0.140916 1.386737 0.216980 -0.481794 0.571204 0.628108
0.106531 0.140784 1.386764 0.216943 -0.481773 0.571206 0.628135
0.106768 0.140658 1.386796 0.216912 -0.481742 0.571228 0.628150
0.107005 0.140536 1.386830 0.216887 -0.481705 0.571258 0.628160
0.107242 0.140417 1.386864 0.216866 -0.481667 0.571292 0.628166
0.107477 0.140302 1.386900 0.216847 -0.481629 0.571327 0.628169
0.107709 0.140189 1.386936 0.216830 -0.481592 0.571361 0.628172
0.107938 0.140078 1.386972 0.216814 -0.481558 0.571394 0.628174
0.108163 0.139969 1.387008 0.216798 -0.481525 0.571426 0.628176
0.108384 0.139863 1.387044 0.216783 -0.481495 0.571455 0.628178
0.108601 0.139759 1.387080 0.216768 -0.481467 0.571482 0.628180
0.108814 0.139657 1.387116 0.216753 -0.481440 0.571508 0.628182
0.109007 0.139551 1.387145 0.216724 -0.481435 0.571493 0.628210
0.109185 0.139442 1.387170 0.216685 -0.481442 0.571452 0.628255
0.109351 0.139331 1.387190 0.216640 -0.481462 0.571392 0.628309
0.109561 0.139193 1.387219 0.216660 -0.481455 0.571349 0.628347
0.109808 0.139033 1.387255 0.216739 -0.481412 0.571324 0.628376
0.110082 0.138860 1.387291 0.216864 -0.481340 0.571311 0.628400
0.110375 0.138680 1.387327 0.217007 -0.481250 0.571317 0.628414
0.110699 0.138499 1.387363 0.217188 -0.481127 0.571367 0.628400
0.111039 0.138318 1.387400 0.217385 -0.480985 0.571440 0.628374
0.111382 0.138135 1.387434 0.217585 -0.480845 0.571510 0.628348
0.111727 0.137950 1.387467 0.217781 -0.480704 0.571578 0.628326
0.112060 0.137762 1.387496 0.217962 -0.480579 0.571625 0.628317
0.112414 0.137583 1.387526 0.218177 -0.480437 0.571720 0.628264
0.112764 0.137407 1.387551 0.218405 -0.480313 0.571814 0.628194
0.113112 0.137244 1.387583 0.218632 -0.480185 0.571933 0.628105
0.113455 0.137091 1.387619 0.218856 -0.480057 0.572065 0.628004
0.113799 0.136947 1.387659 0.219087 -0.479922 0.572208 0.627896
0.114139 0.136810 1.387699 0.219321 -0.479786 0.572350 0.627789
0.114473 0.136679 1.387740 0.219555 -0.479650 0.572486 0.627687
0.114800 0.136552 1.387781 0.219788 -0.479517 0.572613 0.627592
0.115119 0.136428 1.387823 0.220016 -0.479386 0.572730 0.627505
0.115430 0.136307 1.387866 0.220238 -0.479259 0.572838 0.627426
0.115734 0.136188 1.387909 0.220451 -0.479134 0.572937 0.627356
0.116029 0.136071 1.387953 0.220655 -0.479012 0.573027 0.627295
0.116316 0.135955 1.387997 0.220849 -0.478892 0.573110 0.627242
0.116597 0.135839 1.388043 0.221032 -0.478776 0.573186 0.627197
0.116869 0.135725 1.388088 0.221204 -0.478662 0.573256 0.627160
0.117132 0.135603 1.388124 0.221372 -0.478569 0.573294 0.627136
0.117380 0.135476 1.388155 0.221524 -0.478498 0.573308 0.627124
0.117616 0.135345 1.388182 0.221662 -0.478444 0.573306 0.627118
0.117842 0.135213 1.388205 0.221787 -0.478403 0.573293 0.627118
0.118062 0.135084 1.388233 0.221893 -0.478357 0.573291 0.627116
0.118284 0.134959 1.388265 0.221994 -0.478298 0.573306 0.627112
0.118507 0.134838 1.388299 0.222093 -0.478228 0.573332 0.627107
0.118725 0.134712 1.388325 0.222194 -0.478170 0.573339 0.627109
0.118939 0.134581 1.388344 0.222295 -0.478119 0.573334 0.627117
0.119152 0.134456 1.388367 0.222387 -0.478057 0.573344 0.627123
0.119363 0.134335 1.388393 0.222471 -0.477988 0.573363 0.627128
0.119572 0.134217 1.388422 0.222549 -0.477914 0.573389 0.627132
0.119776 0.134102 1.388454 0.222622 -0.477839 0.573418 0.627138
0.119974 0.133982 1.388477 0.222697 -0.477779 0.573423 0.627151
0.120166 0.133858 1.388494 0.222771 -0.477731 0.573413 0.627171
0.120350 0.133738 1.388515 0.222827 -0.477685 0.573409 0.627190
0.120597 0.133593 1.388557 0.223006 -0.477613 0.573421 0.627170
0.120874 0.133426 1.388620 0.223236 -0.477544 0.573437 0.627126
0.121173 0.133248 1.388695 0.223506 -0.477478 0.573449 0.627070
0.121485 0.133064 1.388779 0.223794 -0.477414 0.573457 0.627008
0.121805 0.132877 1.388870 0.224087 -0.477354 0.573459 0.626947
0.122127 0.132687 1.388965 0.224375 -0.477306 0.573452 0.626888
0.122448 0.132497 1.389063 0.224652 -0.477268 0.573436 0.626833
0.122768 0.132306 1.389166 0.224912 -0.477240 0.573413 0.626781
0.123084 0.132114 1.389273 0.225154 -0.477223 0.573384 0.626734
0.123402 0.131922 1.389381 0.225385 -0.477209 0.573351 0.626691
0.123718 0.131728 1.389489 0.225603 -0.477201 0.573315 0.626652
0.124033 0.131534 1.389599 0.225807 -0.477199 0.573274 0.626618
0.124344 0.131339 1.389709 0.225996 -0.477204 0.573227 0.626589
0.124651 0.131142 1.389820 0.226169 -0.477215 0.573175 0.626565
0.124954 0.130945 1.389932 0.226327 -0.477233 0.573118 0.626547
0.125252 0.130747 1.390044 0.226471 -0.477257 0.573056 0.626534
0.125545 0.130549 1.390156 0.226600 -0.477286 0.572989 0.626525
0.125834 0.130351 1.390268 0.226717 -0.477321 0.572918 0.626522
0.126118 0.130152 1.390380 0.226820 -0.477360 0.572843 0.626523
0.126396 0.129953 1.390491 0.226913 -0.477405 0.572764 0.626527
0.126669 0.129754 1.390600 0.226995 -0.477456 0.572682 0.626534
0.126938 0.129555 1.390709 0.227068 -0.477509 0.572597 0.626544
0.127202 0.129358 1.390817 0.227131 -0.477566 0.572510 0.626557
0.127460 0.129161 1.390925 0.227186 -0.477625 0.572422 0.626573
0.127715 0.128965 1.391031 0.227232 -0.477687 0.572331 0.626592
0.127964 0.128770 1.391138 0.227271 -0.477749 0.572240 0.626614
0.128209 0.128577 1.391243 0.227303 -0.477812 0.572147 0.626639
0.128448 0.128386 1.391349 0.227327 -0.477875 0.572052 0.626670
0.128682 0.128196 1.391455 0.227343 -0.477936 0.571955 0.626705
0.128912 0.128008 1.391560 0.227353 -0.477999 0.571859 0.626742
0.129137 0.127822 1.391665 0.227356 -0.478063 0.571763 0.626779
0.129359 0.127637 1.391768 0.227354 -0.478128 0.571668 0.626817
0.129575 0.127454 1.391870 0.227348 -0.478193 0.571573 0.626856
0.129788 0.127273 1.391971 0.227337 -0.478258 0.571478 0.626897
0.129996 0.127095 1.392071 0.227322 -0.478324 0.571384 0.626938
0.130200 0.126918 1.392169 0.227303 -0.478389 0.571289 0.626981
0.130400 0.126743 1.392267 0.227281 -0.478455 0.571195 0.627025
0.130595 0.126571 1.392364 0.227256 -0.478519 0.571101 0.627070
0.130787 0.126400 1.392459 0.227228 -0.478583 0.571008 0.627117
0.130975 0.126232 1.392554 0.227197 -0.478647 0.570916 0.627164
0.131235 0.126040 1.392677 0.227306 -0.478672 0.570857 0.627158
0.131544 0.125833 1.392825 0.227495 -0.478664 0.570827 0.627123
0.131883 0.125624 1.392997 0.227715 -0.478633 0.570816 0.627076
0.132239 0.125415 1.393189 0.227940 -0.478592 0.570817 0.627025
0.132603 0.125208 1.393397 0.228154 -0.478550 0.570822 0.626975
0.132971 0.125002 1.393619 0.228351 -0.478514 0.570827 0.626927
0.133339 0.124797 1.393852 0.228526 -0.478487 0.570827 0.626884
0.133705 0.124594 1.394094 0.228679 -0.478471 0.570821 0.626845
0.134067 0.124391 1.394344 0.228809 -0.478469 0.570807 0.626811
0.134425 0.124188 1.394600 0.228919 -0.478481 0.570786 0.626783
0.134779 0.123986 1.394861 0.229007 -0.478505 0.570755 0.626759
0.135127 0.123784 1.395125 0.229078 -0.478542 0.570716 0.626741
0.135471 0.123582 1.395392 0.229131 -0.478590 0.570670 0.626727
0.135809 0.123380 1.395661 0.229167 -0.478650 0.570616 0.626717
0.136141 0.123178 1.395931 0.229189 -0.478719 0.570555 0.626712
0.136467 0.122978 1.396205 0.229195 -0.478791 0.570483 0.626720
0.136787 0.122778 1.396481 0.229185 -0.478869 0.570403 0.626737
0.137101 0.122578 1.396757 0.229160 -0.478951 0.570318 0.626760
0.137410 0.122377 1.397031 0.229123 -0.479044 0.570231 0.626782
0.137714 0.122177 1.397302 0.229079 -0.479144 0.570141 0.626804
0.138013 0.121976 1.397571 0.229026 -0.479251 0.570048 0.626826
0.138307 0.121776 1.397835 0.228967 -0.479365 0.569955 0.626845
0.138598 0.121576 1.398096 0.228904 -0.479484 0.569860 0.626863
0.138883 0.121377 1.398353 0.228836 -0.479608 0.569764 0.626880
0.139165 0.121180 1.398607 0.228764 -0.479734 0.569667 0.626898
0.139441 0.120984 1.398858 0.228689 -0.479862 0.569569 0.626917
0.139713 0.120790 1.399106 0.228611 -0.479992 0.569469 0.626937
0.139979 0.120598 1.399351 0.228529 -0.480122 0.569368 0.626959
0.140241 0.120408 1.399593 0.228444 -0.480252 0.569267 0.626983
0.140498 0.120220 1.399833 0.228356 -0.480381 0.569164 0.627009
0.140750 0.120034 1.400070 0.228264 -0.480510 0.569062 0.627037
0.140996 0.119850 1.400304 0.228169 -0.480637 0.568959 0.627067
0.141238 0.119669 1.400535 0.228071 -0.480764 0.568856 0.627099
0.141475 0.119489 1.400763 0.227970 -0.480889 0.568752 0.627133
0.141707 0.119311 1.400989 0.227866 -0.481013 0.568649 0.627170
0.141934 0.119136 1.401212 0.227760 -0.481135 0.568546 0.627208
0.142156 0.118962 1.401431 0.227652 -0.481256 0.568443 0.627248
0.142374 0.118791 1.401648 0.227541 -0.481375 0.568340 0.627290
0.142586 0.118622 1.401862 0.227429 -0.481493 0.568238 0.627333
0.142794 0.118455 1.402073 0.227315 -0.481609 0.568136 0.627377
0.143088 0.118273 1.402334 0.227298 -0.481640 0.568162 0.627336
0.143438 0.118083 1.402626 0.227367 -0.481632 0.568248 0.627240
0.143824 0.117894 1.402943 0.227481 -0.481605 0.568368 0.627110
0.144232 0.117709 1.403278 0.227617 -0.481575 0.568507 0.626958
0.144652 0.117530 1.403631 0.227759 -0.481546 0.568654 0.626795
0.145077 0.117356 1.403997 0.227898 -0.481526 0.568801 0.626627
0.145510 0.117195 1.404391 0.228019 -0.481496 0.568961 0.626460
0.145937 0.117035 1.404786 0.228133 -0.481496 0.569098 0.626293
0.146358 0.116874 1.405181 0.228237 -0.481521 0.569218 0.626128
0.146774 0.116714 1.405575 0.228332 -0.481569 0.569323 0.625961
0.147184 0.116554 1.405968 0.228417 -0.481636 0.569417 0.625794
0.147589 0.116396 1.406360 0.228492 -0.481719 0.569500 0.625626
0.147989 0.116239 1.406751 0.228559 -0.481815 0.569574 0.625460
0.148383 0.116083 1.407141 0.228617 -0.481923 0.569641 0.625295
0.148771 0.115929 1.407530 0.228667 -0.482040 0.569700 0.625132
0.149153 0.115776 1.407918 0.228709 -0.482166 0.569753 0.624972
0.149529 0.115625 1.408303 0.228743 -0.482299 0.569799 0.624815
0.149899 0.115476 1.408687 0.228770 -0.482438 0.569839 0.624661
0.150263 0.115328 1.409068 0.228790 -0.482581 0.569874 0.624511
0.150620 0.115181 1.409446 0.228803 -0.482729 0.569904 0.624365
0.150971 0.115036 1.409820 0.228810 -0.482881 0.569929 0.624223
0.151315 0.114892 1.410192 0.228811 -0.483034 0.569949 0.624085
0.151653 0.114750 1.410560 0.228805 -0.483191 0.569965 0.623951
0.151984 0.114609 1.410925 0.228794 -0.483348 0.569978 0.623821
0.152309 0.114470 1.411285 0.228778 -0.483507 0.569986 0.623696
0.152628 0.114331 1.411641 0.228757 -0.483667 0.569992 0.623575
0.152940 0.114194 1.411993 0.228731 -0.483827 0.569995 0.623458
0.153246 0.114058 1.412340 0.228701 -0.483987 0.569994 0.623345
0.153545 0.113924 1.412683 0.228667 -0.484146 0.569992 0.623236
0.153838 0.113790 1.413021 0.228629 -0.484306 0.569987 0.623131
0.154126 0.113658 1.413355 0.228587 -0.484464 0.569979 0.623030
0.154407 0.113527 1.413683 0.228542 -0.484622 0.569970 0.622932
0.154682 0.113397 1.414007 0.228494 -0.484779 0.569958 0.622838
0.154951 0.113269 1.414326 0.228443 -0.484934 0.569945 0.622748
0.155215 0.113142 1.414640 0.228389 -0.485088 0.569930 0.622661
0.155473 0.113016 1.414948 0.228333 -0.485241 0.569914 0.622578
0.155725 0.112891 1.415252 0.228275 -0.485392 0.569897 0.622497
0.155972 0.112768 1.415551 0.228215 -0.485542 0.569878 0.622420
0.156213 0.112646 1.415845 0.228153 -0.485689 0.569858 0.622346
0.156449 0.112525 1.416133 0.228090 -0.485835 0.569837 0.622275
0.156784 0.112415 1.416502 0.228002 -0.485810 0.570105 0.622080
0.157179 0.112311 1.416921 0.227900 -0.485687 0.570533 0.621822
0.157609 0.112209 1.417371 0.227796 -0.485519 0.571034 0.621531
0.158061 0.112107 1.417839 0.227692 -0.485336 0.571566 0.621222
0.158525 0.112005 1.418318 0.227590 -0.485156 0.572104 0.620905
0.158995 0.111902 1.418804 0.227488 -0.484989 0.572634 0.620585
0.159467 0.111797 1.419293 0.227384 -0.484837 0.573149 0.620266
0.159938 0.111691 1.419783 0.227278 -0.484705 0.573643 0.619952
0.160405 0.111583 1.420273 0.227168 -0.484591 0.574115 0.619644
0.160866 0.111473 1.420762 0.227052 -0.484496 0.574565 0.619343
0.161322 0.111362 1.421249 0.226931 -0.484418 0.574993 0.619052
0.161770 0.111248 1.421734 0.226803 -0.484355 0.575400 0.618770
0.162212 0.111134 1.422215 0.226668 -0.484307 0.575786 0.618497
0.162645 0.111017 1.422694 0.226526 -0.484271 0.576153 0.618235
0.163071 0.110899 1.423169 0.226377 -0.484247 0.576503 0.617983
0.163488 0.110780 1.423640 0.226221 -0.484234 0.576835 0.617740
0.163898 0.110659 1.424106 0.226059 -0.484230 0.577150 0.617508
0.164299 0.110537 1.424569 0.225891 -0.484234 0.577451 0.617285
0.164692 0.110414 1.425026 0.225716 -0.484246 0.577737 0.617072
0.165077 0.110289 1.425478 0.225536 -0.484264 0.578009 0.616869
0.165454 0.110164 1.425925 0.225351 -0.484288 0.578269 0.616674
0.165823 0.110038 1.426367 0.225162 -0.484317 0.578517 0.616488
0.166184 0.109911 1.426803 0.224968 -0.484351 0.578753 0.616311
0.166538 0.109784 1.427234 0.224770 -0.484388 0.578978 0.616142
0.166883 0.109656 1.427659 0.224569 -0.484429 0.579192 0.615981
0.167222 0.109527 1.428078 0.224365 -0.484474 0.579397 0.615828
0.167553 0.109399 1.428490 0.224158 -0.484521 0.579593 0.615683
0.167877 0.109270 1.428897 0.223949 -0.484571 0.579779 0.615544
0.168193 0.109140 1.429298 0.223738 -0.484622 0.579957 0.615412
0.168503 0.109011 1.429692 0.223526 -0.484676 0.580127 0.615287
0.168806 0.108882 1.430080 0.223312 -0.484731 0.580289 0.615168
0.169102 0.108753 1.430462 0.223097 -0.484787 0.580444 0.615055
0.169391 0.108625 1.430838 0.222882 -0.484845 0.580592 0.614948
0.169674 0.108496 1.431208 0.222667 -0.484903 0.580734 0.614847
0.169951 0.108368 1.431571 0.222452 -0.484963 0.580868 0.614751
0.170222 0.108241 1.431928 0.222236 -0.485023 0.580997 0.614659
0.170486 0.108114 1.432279 0.222022 -0.485084 0.581120 0.614573
0.170744 0.107988 1.432623 0.221808 -0.485144 0.581238 0.614491
0.170997 0.107863 1.432962 0.221595 -0.485206 0.581350 0.614413
0.171244 0.107738 1.433294 0.221383 -0.485267 0.581457 0.614340
0.171605 0.107649 1.433726 0.221083 -0.485101 0.581950 0.614111
0.172035 0.107568 1.434202 0.220782 -0.484845 0.582592 0.613814
0.172507 0.107488 1.434701 0.220496 -0.484556 0.583289 0.613482
0.173006 0.107406 1.435211 0.220231 -0.484265 0.583998 0.613134
0.173521 0.107319 1.435727 0.219982 -0.483987 0.584697 0.612776
0.174046 0.107228 1.436244 0.219746 -0.483730 0.585376 0.612415
0.174574 0.107133 1.436762 0.219519 -0.483497 0.586030 0.612054
0.175104 0.107034 1.437279 0.219298 -0.483289 0.586658 0.611697
0.175631 0.106931 1.437795 0.219078 -0.483105 0.587258 0.611345
0.176154 0.106824 1.438308 0.218859 -0.482944 0.587830 0.611001
0.176672 0.106714 1.438818 0.218637 -0.482805 0.588375 0.610665
0.177182 0.106601 1.439326 0.218413 -0.482686 0.588895 0.610339
0.177684 0.106484 1.439829 0.218184 -0.482585 0.589390 0.610022
0.178179 0.106364 1.440329 0.217952 -0.482501 0.589861 0.609716
0.178664 0.106242 1.440823 0.217715 -0.482434 0.590310 0.609419
0.179141 0.106116 1.441311 0.217474 -0.482380 0.590737 0.609134
0.179608 0.105988 1.441794 0.217228 -0.482339 0.591145 0.608858
0.180067 0.105857 1.442273 0.216978 -0.482309 0.591535 0.608593
0.180516 0.105725 1.442745 0.216724 -0.482287 0.591907 0.608339
0.180957 0.105591 1.443213 0.216466 -0.482274 0.592263 0.608094
0.181388 0.105456 1.443675 0.216205 -0.482268 0.592603 0.607861
0.181810 0.105319 1.444131 0.215940 -0.482269 0.592928 0.607637
0.182224 0.105182 1.444582 0.215672 -0.482276 0.593240 0.607423
0.182629 0.105043 1.445026 0.215401 -0.482287 0.593538 0.607219
0.183025 0.104903 1.445465 0.215128 -0.482303 0.593823 0.607024
0.183412 0.104763 1.445898 0.214853 -0.482324 0.594095 0.606838
0.183791 0.104622 1.446325 0.214577 -0.482347 0.594357 0.606661
0.184161 0.104481 1.446747 0.214300 -0.482371 0.594602 0.606500
0.184522 0.104340 1.447163 0.214020 -0.482396 0.594835 0.606351
0.184875 0.104199 1.447574 0.213736 -0.482421 0.595058 0.606211
0.185219 0.104057 1.447980 0.213450 -0.482448 0.595272 0.606081
0.185556 0.103915 1.448380 0.213162 -0.482476 0.595477 0.605959
0.185885 0.103773 1.448773 0.212872 -0.482509 0.595676 0.605839
0.186208 0.103631 1.449158 0.212583 -0.482545 0.595869 0.605722
0.186523 0.103488 1.449537 0.212297 -0.482586 0.596054 0.605608
0.186832 0.103346 1.449908 0.212013 -0.482629 0.596232 0.605498
0.187135 0.103205 1.450272 0.211732 -0.482674 0.596403 0.605392
0.187431 0.103063 1.450629 0.211455 -0.482721 0.596567 0.605290
0.187721 0.102923 1.450979 0.211182 -0.482769 0.596724 0.605192
0.188005 0.102784 1.451323 0.210911 -0.482817 0.596874 0.605099
0.188402 0.102713 1.451790 0.210437 -0.482577 0.597519 0.604820
0.188869 0.102660 1.452313 0.209892 -0.482230 0.598406 0.604408
0.189381 0.102610 1.452857 0.209360 -0.481840 0.599367 0.603951
0.189921 0.102559 1.453412 0.208852 -0.481435 0.600348 0.603476
0.190479 0.102504 1.453972 0.208366 -0.481029 0.601331 0.602990
0.191049 0.102448 1.454534 0.207894 -0.480628 0.602305 0.602499
0.191624 0.102389 1.455096 0.207433 -0.480235 0.603268 0.602008
0.192202 0.102328 1.455660 0.206977 -0.479851 0.604216 0.601520
0.192778 0.102267 1.456224 0.206522 -0.479474 0.605150 0.601039
0.193351 0.102203 1.456787 0.206071 -0.479109 0.606061 0.600566
0.193918 0.102137 1.457347 0.205623 -0.478761 0.606945 0.600104
0.194476 0.102067 1.457901 0.205180 -0.478430 0.607799 0.599655
0.195026 0.101993 1.458450 0.204740 -0.478117 0.608623 0.599219
0.195566 0.101917 1.458992 0.204303 -0.477822 0.609416 0.598797
0.196095 0.101836 1.459528 0.203869 -0.477542 0.610181 0.598390
0.196614 0.101753 1.460058 0.203439 -0.477270 0.610908 0.598011
0.197120 0.101667 1.460585 0.203006 -0.477008 0.611607 0.597653
0.197615 0.101578 1.461105 0.202568 -0.476757 0.612281 0.597311
0.198099 0.101485 1.461618 0.202128 -0.476517 0.612932 0.596984
0.198572 0.101390 1.462124 0.201687 -0.476289 0.613559 0.596670
0.199034 0.101291 1.462622 0.201246 -0.476072 0.614165 0.596370
0.199486 0.101190 1.463114 0.200806 -0.475866 0.614749 0.596081
0.199928 0.101087 1.463598 0.200366 -0.475669 0.615313 0.595804
0.200360 0.100981 1.464074 0.199929 -0.475481 0.615857 0.595538
0.200783 0.100874 1.464543 0.199495 -0.475303 0.616383 0.595283
0.201197 0.100765 1.465004 0.199063 -0.475132 0.616890 0.595038
0.201601 0.100654 1.465457 0.198635 -0.474969 0.617380 0.594802
0.201996 0.100543 1.465902 0.198210 -0.474814 0.617854 0.594576
0.202383 0.100430 1.466340 0.197790 -0.474666 0.618311 0.594359
0.202761 0.100316 1.466770 0.197374 -0.474524 0.618753 0.594151
0.203131 0.100202 1.467192 0.196963 -0.474388 0.619180 0.593950
0.203493 0.100088 1.467607 0.196556 -0.474259 0.619593 0.593758
0.203846 0.099973 1.468014 0.196155 -0.474134 0.619993 0.593573
0.204192 0.099858 1.468414 0.195759 -0.474015 0.620379 0.593396
0.204531 0.099743 1.468805 0.195367 -0.473904 0.620757 0.593219
0.204863 0.099627 1.469187 0.194983 -0.473800 0.621124 0.593044
0.205189 0.099512 1.469561 0.194606 -0.473702 0.621481 0.592871
0.205508 0.099397 1.469927 0.194239 -0.473611 0.621826 0.592703
0.205820 0.099283 1.470285 0.193879 -0.473524 0.622161 0.592539
0.206126 0.099170 1.470636 0.193528 -0.473440 0.622485 0.592380
0.206534 0.099142 1.471092 0.192849 -0.473141 0.623359 0.591921
0.207010 0.099152 1.471583 0.192117 -0.472752 0.624393 0.591379
0.207532 0.099176 1.472086 0.191413 -0.472330 0.625459 0.590818
0.208087 0.099204 1.472594 0.190745 -0.471903 0.626521 0.590250
0.208664 0.099231 1.473105 0.190110 -0.471479 0.627567 0.589683
0.209255 0.099255 1.473618 0.189498 -0.471064 0.628593 0.589118
0.209855 0.099276 1.474133 0.188902 -0.470660 0.629600 0.588557
0.210459 0.099293 1.474651 0.188316 -0.470266 0.630585 0.588004
0.211064 0.099305 1.475170 0.187735 -0.469883 0.631552 0.587459
0.211666 0.099314 1.475691 0.187154 -0.469510 0.632499 0.586923
0.212265 0.099320 1.476213 0.186573 -0.469144 0.633428 0.586398
0.212858 0.099322 1.476736 0.185989 -0.468785 0.634340 0.585885
0.213445 0.099321 1.477259 0.185400 -0.468431 0.635236 0.585384
0.214024 0.099317 1.477783 0.184806 -0.468080 0.636116 0.584897
0.214595 0.099311 1.478307 0.184207 -0.467731 0.636981 0.584423
0.215158 0.099303 1.478831 0.183602 -0.467384 0.637831 0.583964
0.215712 0.099292 1.479354 0.182992 -0.467036 0.638668 0.583519
0.216256 0.099281 1.479878 0.182378 -0.466680 0.639484 0.583103
0.216790 0.099269 1.480403 0.181755 -0.466316 0.640284 0.582710
0.217313 0.099254 1.480927 0.181125 -0.465951 0.641067 0.582337
0.217824 0.099236 1.481447 0.180492 -0.465591 0.641828 0.581983
0.218325 0.099213 1.481962 0.179860 -0.465240 0.642565 0.581647
0.218814 0.099186 1.482470 0.179230 -0.464899 0.643278 0.581325
0.219293 0.099154 1.482970 0.178602 -0.464570 0.643967 0.581018
0.219761 0.099117 1.483463 0.177979 -0.464252 0.644634 0.580725
0.220219 0.099076 1.483948 0.177362 -0.463945 0.645277 0.580444
0.220667 0.099031 1.484425 0.176750 -0.463648 0.645900 0.580175
0.221106 0.098983 1.484894 0.176144 -0.463363 0.646502 0.579917
0.221536 0.098930 1.485352 0.175545 -0.463092 0.647090 0.579659
0.221958 0.098874 1.485801 0.174955 -0.462835 0.647661 0.579404
0.222372 0.098816 1.486239 0.174377 -0.462591 0.648216 0.579154
0.222778 0.098754 1.486667 0.173811 -0.462358 0.648753 0.578908
0.223175 0.098690 1.487087 0.173259 -0.462131 0.649267 0.578678
0.223565 0.098625 1.487498 0.172717 -0.461908 0.649764 0.578461
0.223946 0.098559 1.487902 0.172182 -0.461693 0.650249 0.578247
0.224321 0.098491 1.488297 0.171657 -0.461486 0.650720 0.578038
0.224687 0.098422 1.488683 0.171142 -0.461286 0.651178 0.577834
0.225046 0.098353 1.489061 0.170638 -0.461093 0.651622 0.577637
0.225398 0.098283 1.489433 0.170146 -0.460903 0.652047 0.577455
0.225741 0.098213 1.489798 0.169661 -0.460714 0.652457 0.577285
0.226179 0.098227 1.490258 0.168819 -0.460329 0.653432 0.576736
0.226692 0.098273 1.490740 0.167978 -0.459871 0.654537 0.576094
0.227255 0.098328 1.491227 0.167193 -0.459393 0.655668 0.575416
0.227854 0.098383 1.491712 0.166467 -0.458915 0.656789 0.574730
0.228476 0.098436 1.492198 0.165787 -0.458443 0.657889 0.574044
0.229113 0.098486 1.492684 0.165140 -0.457980 0.658969 0.573362
0.229759 0.098531 1.493170 0.164515 -0.457526 0.660027 0.572686
0.230409 0.098572 1.493658 0.163906 -0.457080 0.661064 0.572020
0.231058 0.098608 1.494147 0.163304 -0.456642 0.662080 0.571367
0.231705 0.098641 1.494638 0.162706 -0.456210 0.663076 0.570726
0.232347 0.098670 1.495128 0.162111 -0.455784 0.664056 0.570096
0.232983 0.098695 1.495618 0.161517 -0.455364 0.665020 0.569478
0.233612 0.098716 1.496108 0.160921 -0.454948 0.665967 0.568872
0.234233 0.098735 1.496598 0.160322 -0.454535 0.666899 0.568279
0.234845 0.098752 1.497087 0.159721 -0.454124 0.667815 0.567700
0.235447 0.098766 1.497576 0.159116 -0.453714 0.668717 0.567137
0.236040 0.098779 1.498063 0.158507 -0.453303 0.669604 0.566588
0.236624 0.098790 1.498550 0.157895 -0.452891 0.670477 0.566055
0.237196 0.098800 1.499037 0.157281 -0.452471 0.671330 0.565552
0.237757 0.098810 1.499525 0.156661 -0.452041 0.672167 0.565073
0.238308 0.098819 1.500014 0.156032 -0.451604 0.672991 0.564615
0.238848 0.098828 1.500502 0.155396 -0.451159 0.673804 0.564176
0.239377 0.098835 1.500989 0.154754 -0.450708 0.674606 0.563755
0.239897 0.098842 1.501474 0.154106 -0.450256 0.675403 0.563339
0.240409 0.098848 1.501954 0.153456 -0.449802 0.676194 0.562931
0.240911 0.098853 1.502431 0.152808 -0.449347 0.676976 0.562531
0.241406 0.098857 1.502904 0.152162 -0.448889 0.677749 0.562140
0.241893 0.098862 1.503373 0.151518 -0.448426 0.678514 0.561761
0.242370 0.098867 1.503837 0.150880 -0.447961 0.679262 0.561399
0.242837 0.098869 1.504296 0.150249 -0.447500 0.679991 0.561053
0.243295 0.098869 1.504748 0.149626 -0.447046 0.680699 0.560723
0.243743 0.098866 1.505191 0.149014 -0.446602 0.681389 0.560403
0.244182 0.098860 1.505625 0.148412 -0.446169 0.682059 0.560092
0.244611 0.098852 1.506052 0.147824 -0.445740 0.682701 0.559806
0.245031 0.098841 1.506472 0.147243 -0.445317 0.683322 0.559538
0.245440 0.098828 1.506885 0.146668 -0.444900 0.683924 0.559285
0.245841 0.098812 1.507290 0.146098 -0.444495 0.684513 0.559036
0.246233 0.098794 1.507686 0.145537 -0.444102 0.685087 0.558791
0.246618 0.098773 1.508073 0.144987 -0.443723 0.685644 0.558552
0.246994 0.098749 1.508451 0.144449 -0.443354 0.686185 0.558320
0.247447 0.098821 1.508897 0.143526 -0.442857 0.687268 0.557621
0.247953 0.098913 1.509352 0.142607 -0.442330 0.688420 0.556853
0.248500 0.099010 1.509806 0.141735 -0.441802 0.689581 0.556058
0.249075 0.099104 1.510260 0.140898 -0.441281 0.690735 0.555250
0.249676 0.099195 1.510710 0.140109 -0.440762 0.691879 0.554439
0.250293 0.099280 1.511159 0.139346 -0.440245 0.693014 0.553624
0.250921 0.099359 1.511608 0.138595 -0.439734 0.694140 0.552807
0.251555 0.099431 1.512056 0.137849 -0.439230 0.695257 0.551989
0.252191 0.099495 1.512505 0.137099 -0.438734 0.696365 0.551173
0.252828 0.099551 1.512954 0.136342 -0.438245 0.697464 0.550360
0.253462 0.099598 1.513403 0.135576 -0.437765 0.698552 0.549551
0.254092 0.099636 1.513851 0.134806 -0.437296 0.699623 0.548751
0.254716 0.099666 1.514297 0.134035 -0.436837 0.700675 0.547962
0.255334 0.099688 1.514741 0.133266 -0.436388 0.701707 0.547186
0.255945 0.099704 1.515184 0.132497 -0.435945 0.702720 0.546426
0.256549 0.099714 1.515626 0.131731 -0.435505 0.703714 0.545682
0.257145 0.099720 1.516066 0.130966 -0.435067 0.704690 0.544955
0.257732 0.099721 1.516504 0.130204 -0.434629 0.705648 0.544247
0.258311 0.099720 1.516940 0.129444 -0.434189 0.706590 0.543557
0.258882 0.099715 1.517374 0.128687 -0.433746 0.707515 0.542887
0.259443 0.099709 1.517806 0.127931 -0.433298 0.708425 0.542237
0.259995 0.099702 1.518239 0.127176 -0.432841 0.709316 0.541614
0.260537 0.099694 1.518671 0.126421 -0.432374 0.710191 0.541017
0.261069 0.099686 1.519104 0.125665 -0.431897 0.711052 0.540442
0.261591 0.099677 1.519535 0.124908 -0.431412 0.711899 0.539890
0.262104 0.099668 1.519966 0.124151 -0.430918 0.712733 0.539359
0.262607 0.099659 1.520397 0.123392 -0.430415 0.713554 0.538848
0.263100 0.099651 1.520827 0.122633 -0.429905 0.714363 0.538357
0.263584 0.099642 1.521256 0.121875 -0.429387 0.715160 0.537885
0.264060 0.099634 1.521684 0.121117 -0.428861 0.715945 0.537430
0.264527 0.099626 1.522110 0.120362 -0.428328 0.716721 0.536991
0.264986 0.099618 1.522532 0.119610 -0.427790 0.717488 0.536563
0.265438 0.099610 1.522951 0.118863 -0.427247 0.718248 0.536146
0.265881 0.099604 1.523367 0.118120 -0.426695 0.718996 0.535746
0.266317 0.099598 1.523782 0.117381 -0.426134 0.719734 0.535364
0.266745 0.099594 1.524194 0.116646 -0.425565 0.720464 0.534996
0.267166 0.099591 1.524603 0.115914 -0.424986 0.721185 0.534643
0.267580 0.099589 1.525009 0.115188 -0.424402 0.721901 0.534298
0.267988 0.099588 1.525411 0.114468 -0.423812 0.722610 0.533961
0.268389 0.099589 1.525809 0.113754 -0.423216 0.723313 0.533635
0.268860 0.099703 1.526250 0.112834 -0.422449 0.724321 0.533071
0.269371 0.099854 1.526694 0.111844 -0.421709 0.725435 0.532351
0.269920 0.100014 1.527127 0.110902 -0.421011 0.726551 0.531577
0.270496 0.100177 1.527550 0.110015 -0.420350 0.727655 0.530774
0.271094 0.100339 1.527969 0.109175 -0.419720 0.728745 0.529949
0.271706 0.100500 1.528388 0.108366 -0.419113 0.729824 0.529110
0.272333 0.100666 1.528810 0.107596 -0.418514 0.730895 0.528263
0.272969 0.100831 1.529236 0.106847 -0.417926 0.731960 0.527405
0.273609 0.100996 1.529666 0.106106 -0.417351 0.733020 0.526538
0.274244 0.101147 1.530090 0.105352 -0.416801 0.734072 0.525657
0.274875 0.101287 1.530512 0.104590 -0.416265 0.735113 0.524779
0.275502 0.101418 1.530934 0.103817 -0.415734 0.736143 0.523909
0.276135 0.101550 1.531360 0.103062 -0.415189 0.737168 0.523049
0.276768 0.101681 1.531790 0.102309 -0.414639 0.738192 0.522188
0.277397 0.101797 1.532208 0.101549 -0.414097 0.739217 0.521315
0.278022 0.101901 1.532618 0.100787 -0.413558 0.740241 0.520437
0.278641 0.101995 1.533020 0.100023 -0.413020 0.741262 0.519558
0.279254 0.102083 1.533419 0.099255 -0.412479 0.742280 0.518681
0.279859 0.102165 1.533814 0.098481 -0.411934 0.743297 0.517804
0.280455 0.102243 1.534207 0.097700 -0.411385 0.744312 0.516930
0.281044 0.102318 1.534597 0.096920 -0.410835 0.745316 0.516066
0.281623 0.102388 1.534984 0.096146 -0.410283 0.746306 0.515219
0.282194 0.102456 1.535368 0.095379 -0.409729 0.747280 0.514390
0.282756 0.102522 1.535751 0.094619 -0.409169 0.748239 0.513582
0.283309 0.102588 1.536132 0.093864 -0.408604 0.749182 0.512796
0.283853 0.102653 1.536513 0.093115 -0.408032 0.750109 0.512031
0.284387 0.102719 1.536893 0.092371 -0.407453 0.751022 0.511288
0.284912 0.102784 1.537271 0.091631 -0.406866 0.751921 0.510567
0.285428 0.102850 1.537650 0.090895 -0.406273 0.752806 0.509866
0.285934 0.102917 1.538027 0.090164 -0.405671 0.753678 0.509186
0.286431 0.102983 1.538403 0.089436 -0.405063 0.754537 0.508526
0.286920 0.103051 1.538778 0.088714 -0.404446 0.755384 0.507886
0.287400 0.103119 1.539152 0.087996 -0.403823 0.756219 0.507264
0.287871 0.103188 1.539525 0.087282 -0.403192 0.757043 0.506660
0.288334 0.103258 1.539896 0.086574 -0.402554 0.757855 0.506074
0.288789 0.103329 1.540266 0.085871 -0.401909 0.758657 0.505504
0.289236 0.103401 1.540634 0.085173 -0.401257 0.759449 0.504951
0.289676 0.103474 1.541000 0.084481 -0.400598 0.760231 0.504414
0.290108 0.103548 1.541364 0.083794 -0.399932 0.761004 0.503892
0.290532 0.103623 1.541726 0.083114 -0.399259 0.761767 0.503384
0.291014 0.103809 1.542107 0.082197 -0.398456 0.762806 0.502598
0.291540 0.104030 1.542474 0.081301 -0.397652 0.763873 0.501758
0.292098 0.104263 1.542826 0.080453 -0.396871 0.764935 0.500894
0.292680 0.104500 1.543167 0.079651 -0.396117 0.765986 0.500013
0.293279 0.104736 1.543500 0.078886 -0.395384 0.767025 0.499120
0.293890 0.104968 1.543829 0.078151 -0.394669 0.768056 0.498216
0.294509 0.105200 1.544159 0.077440 -0.393965 0.769077 0.497308
0.295133 0.105424 1.544485 0.076743 -0.393274 0.770094 0.496388
0.295761 0.105641 1.544807 0.076059 -0.392591 0.771106 0.495461
0.296391 0.105848 1.545125 0.075387 -0.391916 0.772115 0.494527
0.297022 0.106048 1.545440 0.074724 -0.391245 0.773120 0.493588
0.297654 0.106240 1.545751 0.074067 -0.390576 0.774122 0.492646
0.298285 0.106424 1.546060 0.073414 -0.389910 0.775119 0.491702
0.298915 0.106600 1.546367 0.072763 -0.389244 0.776113 0.490758
0.299543 0.106769 1.546671 0.072113 -0.388579 0.777102 0.489815
0.300168 0.106929 1.546973 0.071463 -0.387912 0.778087 0.488874
0.300792 0.107082 1.547273 0.070810 -0.387246 0.779067 0.487935
0.301411 0.107227 1.547572 0.070154 -0.386578 0.780043 0.486999
0.302026 0.107364 1.547869 0.069493 -0.385908 0.781015 0.486067
0.302634 0.107495 1.548165 0.068826 -0.385237 0.781984 0.485136
0.303235 0.107619 1.548460 0.068151 -0.384563 0.782948 0.484209
0.303828 0.107737 1.548755 0.067468 -0.383887 0.783910 0.483285
0.304413 0.107850 1.549050 0.066777 -0.383207 0.784869 0.482363
0.304990 0.107958 1.549344 0.066077 -0.382524 0.785825 0.481444
0.305558 0.108062 1.549637 0.065370 -0.381837 0.786779 0.480528
0.306118 0.108161 1.549928 0.064658 -0.381152 0.787729 0.479609
0.306670 0.108254 1.550216 0.063951 -0.380474 0.788670 0.478695
0.307215 0.108343 1.550499 0.063253 -0.379803 0.789598 0.477791
0.307753 0.108428 1.550779 0.062567 -0.379136 0.790512 0.476899
0.308284 0.108511 1.551055 0.061893 -0.378470 0.791412 0.476022
0.308808 0.108593 1.551329 0.061230 -0.377803 0.792298 0.475163
0.309324 0.108675 1.551602 0.060584 -0.377122 0.793161 0.474347
0.309832 0.108758 1.551877 0.059946 -0.376424 0.794007 0.473565
0.310331 0.108843 1.552152 0.059310 -0.375710 0.794841 0.472813
0.310820 0.108929 1.552428 0.058677 -0.374983 0.795661 0.472089
0.311301 0.109016 1.552705 0.058045 -0.374246 0.796470 0.471388
0.311773 0.109102 1.552982 0.057414 -0.373499 0.797267 0.470710
0.312237 0.109189 1.553258 0.056787 -0.372745 0.798052 0.470053
0.312692 0.109275 1.553534 0.056162 -0.371983 0.798826 0.469416
0.313140 0.109362 1.553809 0.055541 -0.371214 0.799590 0.468798
0.313643 0.109584 1.554107 0.054701 -0.370283 0.800590 0.467925
0.314190 0.109859 1.554402 0.053861 -0.369342 0.801623 0.466997
0.314764 0.110158 1.554691 0.053047 -0.368435 0.802649 0.466043
0.315358 0.110467 1.554978 0.052265 -0.367568 0.803659 0.465074
0.315963 0.110784 1.555271 0.051511 -0.366736 0.804648 0.464103
0.316576 0.111098 1.555563 0.050775 -0.365937 0.805632 0.463107
0.317196 0.111406 1.555855 0.050060 -0.365165 0.806607 0.462097
0.317821 0.111708 1.556146 0.049367 -0.364410 0.807574 0.461077
0.318450 0.112004 1.556436 0.048691 -0.363668 0.808534 0.460051
0.319080 0.112293 1.556728 0.048027 -0.362935 0.809490 0.459018
0.319709 0.112569 1.557013 0.047378 -0.362231 0.810436 0.457970
0.320337 0.112836 1.557293 0.046744 -0.361541 0.811379 0.456911
0.320967 0.113096 1.557572 0.046121 -0.360857 0.812318 0.455845
0.321596 0.113349 1.557849 0.045508 -0.360174 0.813256 0.454772
0.322224 0.113597 1.558125 0.044901 -0.359491 0.814193 0.453696
0.322850 0.113838 1.558401 0.044298 -0.358806 0.815127 0.452619
0.323475 0.114074 1.558677 0.043696 -0.358119 0.816059 0.451541
0.324096 0.114302 1.558954 0.043092 -0.357430 0.816988 0.450464
0.324714 0.114524 1.559230 0.042485 -0.356739 0.817913 0.449389
0.325329 0.114739 1.559507 0.041875 -0.356048 0.818834 0.448316
0.325940 0.114946 1.559783 0.041260 -0.355354 0.819751 0.447246
0.326548 0.115144 1.560060 0.040640 -0.354660 0.820663 0.446179
0.327152 0.115334 1.560336 0.040016 -0.353965 0.821571 0.445117
0.327752 0.115515 1.560612 0.039387 -0.353268 0.822473 0.444058
0.328347 0.115689 1.560888 0.038751 -0.352570 0.823371 0.443003
0.328935 0.115854 1.561164 0.038107 -0.351870 0.824265 0.441952
0.329515 0.116012 1.561441 0.037453 -0.351168 0.825156 0.440904
0.330089 0.116163 1.561717 0.036791 -0.350463 0.826043 0.439858
0.330654 0.116308 1.561994 0.036120 -0.349756 0.826926 0.438815
0.331211 0.116446 1.562270 0.035441 -0.349045 0.827807 0.437775
0.331760 0.116580 1.562547 0.034754 -0.348331 0.828685 0.436736
0.332300 0.116708 1.562822 0.034064 -0.347617 0.829557 0.435704
0.332834 0.116829 1.563095 0.033377 -0.346910 0.830417 0.434680
0.333360 0.116944 1.563364 0.032699 -0.346208 0.831265 0.433670
0.333879 0.117055 1.563630 0.032031 -0.345510 0.832099 0.432675
0.334392 0.117162 1.563893 0.031375 -0.344815 0.832919 0.431699
0.334898 0.117267 1.564153 0.030730 -0.344119 0.833725 0.430743
0.335397 0.117370 1.564412 0.030096 -0.343421 0.834518 0.429809
0.335889 0.117471 1.564668 0.029473 -0.342719 0.835297 0.428898
0.336374 0.117573 1.564924 0.028859 -0.342010 0.836063 0.428013
0.336902 0.117789 1.565187 0.028142 -0.341127 0.836948 0.427034
0.337455 0.118057 1.565445 0.027390 -0.340202 0.837863 0.426025
0.338023 0.118350 1.565698 0.026624 -0.339279 0.838779 0.425007
0.338598 0.118656 1.565947 0.025856 -0.338371 0.839686 0.423987
0.339180 0.118968 1.566193 0.025089 -0.337479 0.840583 0.422963
0.339766 0.119283 1.566439 0.024326 -0.336603 0.841472 0.421937
0.340355 0.119598 1.566683 0.023570 -0.335739 0.842355 0.420906
0.340947 0.119913 1.566927 0.022821 -0.334885 0.843232 0.419871
0.341541 0.120227 1.567169 0.022081 -0.334038 0.844105 0.418829
0.342138 0.120541 1.567410 0.021350 -0.333197 0.844975 0.417781
0.342736 0.120854 1.567649 0.020629 -0.332360 0.845843 0.416726
0.343337 0.121166 1.567886 0.019917 -0.331527 0.846709 0.415665
0.343938 0.121473 1.568120 0.019215 -0.330699 0.847571 0.414598
0.344539 0.121775 1.568352 0.018524 -0.329877 0.848430 0.413527
0.345139 0.122069 1.568583 0.017844 -0.329059 0.849285 0.412451
0.345738 0.122356 1.568811 0.017174 -0.328247 0.850137 0.411371
0.346337 0.122635 1.569037 0.016513 -0.327437 0.850986 0.410287
0.346935 0.122905 1.569261 0.015862 -0.326630 0.851831 0.409200
0.347531 0.123167 1.569483 0.015220 -0.325826 0.852674 0.408109
0.348126 0.123420 1.569702 0.014586 -0.325024 0.853513 0.407016
0.348720 0.123664 1.569919 0.013959 -0.324223 0.854350 0.405920
0.349313 0.123899 1.570133 0.013338 -0.323423 0.855183 0.404822
0.349903 0.124125 1.570345 0.012723 -0.322625 0.856014 0.403721
0.350489 0.124342 1.570554 0.012111 -0.321826 0.856843 0.402619
0.351070 0.124552 1.570762 0.011501 -0.321027 0.857669 0.401515
0.351645 0.124754 1.570968 0.010897 -0.320232 0.858489 0.400411
0.352215 0.124947 1.571169 0.010302 -0.319445 0.859300 0.399314
0.352779 0.125132 1.571367 0.009719 -0.318668 0.860099 0.398227
0.353337 0.125311 1.571561 0.009151 -0.317898 0.860886 0.397154
0.353889 0.125485 1.571751 0.008597 -0.317133 0.861662 0.396096
0.354435 0.125654 1.571938 0.008058 -0.316371 0.862424 0.395056
0.354975 0.125821 1.572123 0.007532 -0.315609 0.863174 0.394037
0.355507 0.125985 1.572306 0.007018 -0.314844 0.863912 0.393040
0.356032 0.126148 1.572488 0.006515 -0.314076 0.864638 0.392066
0.356550 0.126310 1.572669 0.006022 -0.313303 0.865352 0.391115
0.357059 0.126471 1.572848 0.005538 -0.312523 0.866055 0.390188
0.357561 0.126632 1.573028 0.005061 -0.311737 0.866747 0.389286
0.358054 0.126794 1.573208 0.004591 -0.310943 0.867429 0.388408
0.358539 0.126955 1.573387 0.004126 -0.310141 0.868099 0.387555
0.359016 0.127117 1.573568 0.003666 -0.309332 0.868760 0.386726
0.359530 0.127383 1.573763 0.003073 -0.308330 0.869560 0.385731
0.360055 0.127688 1.573959 0.002374 -0.307313 0.870412 0.384625
0.360588 0.128002 1.574146 0.001652 -0.306327 0.871257 0.383499
0.361128 0.128317 1.574326 0.000927 -0.305373 0.872089 0.382370
0.361674 0.128631 1.574503 0.000212 -0.304441 0.872906 0.381249
0.362226 0.128943 1.574677 -0.000497 -0.303520 0.873714 0.380131
0.362781 0.129254 1.574850 -0.001201 -0.302609 0.874514 0.379014
0.363339 0.129563 1.575024 -0.001901 -0.301703 0.875309 0.377896
0.363898 0.129869 1.575198 -0.002597 -0.300801 0.876100 0.376778
0.364460 0.130174 1.575371 -0.003288 -0.299900 0.876886 0.375659
0.365023 0.130476 1.575545 -0.003975 -0.299000 0.877670 0.374538
0.365587 0.130773 1.575718 -0.004658 -0.298105 0.878449 0.373416
0.366151 0.131062 1.575892 -0.005335 -0.297215 0.879223 0.372293
0.366713 0.131344 1.576065 -0.006005 -0.296330 0.879992 0.371169
0.367275 0.131614 1.576238 -0.006664 -0.295458 0.880751 0.370051
0.367837 0.131873 1.576408 -0.007307 -0.294601 0.881498 0.368941
0.368399 0.132120 1.576575 -0.007931 -0.293758 0.882233 0.367844
0.368962 0.132355 1.576739 -0.008536 -0.292929 0.882953 0.366760
0.369524 0.132580 1.576901 -0.009121 -0.292111 0.883661 0.365694
0.370086 0.132795 1.577061 -0.009687 -0.291301 0.884355 0.364645
0.370649 0.132999 1.577218 -0.010234 -0.290498 0.885036 0.363617
0.371211 0.133194 1.577373 -0.010764 -0.289700 0.885704 0.362611
0.371772 0.133381 1.577526 -0.011279 -0.288904 0.886359 0.361628
0.372329 0.133559 1.577678 -0.011781 -0.288109 0.887002 0.360668
0.372882 0.133730 1.577829 -0.012272 -0.287313 0.887634 0.359731
0.373430 0.133894 1.577980 -0.012755 -0.286514 0.888255 0.358818
0.373972 0.134053 1.578131 -0.013232 -0.285713 0.888864 0.357930
0.374508 0.134206 1.578281 -0.013701 -0.284904 0.889462 0.357071
0.375036 0.134356 1.578433 -0.014165 -0.284088 0.890049 0.356239
0.375557 0.134502 1.578585 -0.014626 -0.283264 0.890627 0.355432
0.376071 0.134645 1.578738 -0.015085 -0.282432 0.891195 0.354650
0.376577 0.134784 1.578891 -0.015540 -0.281593 0.891754 0.353890
0.377075 0.134921 1.579045 -0.015994 -0.280747 0.892305 0.353153
0.377566 0.135055 1.579200 -0.016445 -0.279895 0.892847 0.352437
0.378050 0.135187 1.579355 -0.016894 -0.279036 0.893382 0.351742
0.378526 0.135316 1.579511 -0.017341 -0.278173 0.893908 0.351065
0.378993 0.135446 1.579670 -0.017789 -0.277300 0.894425 0.350416
0.379452 0.135575 1.579831 -0.018239 -0.276417 0.894934 0.349791
0.379905 0.135701 1.579992 -0.018685 -0.275531 0.895438 0.349178
0.380351 0.135825 1.580152 -0.019125 -0.274641 0.895935 0.348578
0.380846 0.136061 1.580326 -0.019708 -0.273523 0.896626 0.347647
0.381363 0.136331 1.580496 -0.020346 -0.272383 0.897369 0.346587
0.381895 0.136609 1.580659 -0.021002 -0.271279 0.898117 0.345476
0.382436 0.136883 1.580814 -0.021654 -0.270219 0.898854 0.344347
0.382985 0.137150 1.580964 -0.022296 -0.269202 0.899577 0.343212
0.383542 0.137411 1.581108 -0.022916 -0.268218 0.900283 0.342089
0.384105 0.137667 1.581248 -0.023514 -0.267258 0.900972 0.340983
0.384674 0.137919 1.581385 -0.024089 -0.266313 0.901647 0.339897
0.385247 0.138168 1.581521 -0.024646 -0.265382 0.902311 0.338821
0.385823 0.138416 1.581656 -0.025184 -0.264463 0.902964 0.337759
0.386401 0.138662 1.581788 -0.025705 -0.263553 0.903607 0.336711
0.386982 0.138907 1.581920 -0.026210 -0.262649 0.904239 0.335678
0.387565 0.139151 1.582050 -0.026700 -0.261751 0.904862 0.334662
0.388149 0.139395 1.582178 -0.027175 -0.260857 0.905475 0.333662
0.388733 0.139639 1.582305 -0.027637 -0.259965 0.906079 0.332679
0.389315 0.139884 1.582431 -0.028088 -0.259076 0.906674 0.331713
0.389892 0.140126 1.582557 -0.028531 -0.258189 0.907259 0.330764
0.390463 0.140365 1.582683 -0.028966 -0.257306 0.907834 0.329835
0.391028 0.140602 1.582811 -0.029394 -0.256425 0.908400 0.328925
0.391585 0.140835 1.582939 -0.029815 -0.255545 0.908957 0.328033
0.392135 0.141066 1.583069 -0.030229 -0.254665 0.909505 0.327159
0.392676 0.141295 1.583199 -0.030637 -0.253784 0.910045 0.326303
0.393211 0.141521 1.583330 -0.031039 -0.252901 0.910578 0.325463
0.393737 0.141745 1.583462 -0.031434 -0.252017 0.911103 0.324640
0.394255 0.141967 1.583594 -0.031823 -0.251131 0.911621 0.323833
0.394766 0.142187 1.583727 -0.032206 -0.250243 0.912133 0.323041
0.395269 0.142407 1.583860 -0.032583 -0.249352 0.912638 0.322265
0.395763 0.142626 1.583995 -0.032957 -0.248458 0.913135 0.321507
0.396251 0.142843 1.584129 -0.033325 -0.247562 0.913628 0.320760
0.396731 0.143060 1.584263 -0.033685 -0.246665 0.914115 0.320024
0.397205 0.143274 1.584396 -0.034039 -0.245767 0.914597 0.319299
0.397671 0.143489 1.584528 -0.034385 -0.244868 0.915074 0.318587
0.398131 0.143702 1.584659 -0.034724 -0.243967 0.915545 0.317887
0.398583 0.143915 1.584790 -0.035057 -0.243065 0.916011 0.317199
0.399029 0.144128 1.584921 -0.035384 -0.242160 0.916471 0.316523
0.399468 0.144340 1.585050 -0.035704 -0.241254 0.916927 0.315860
0.399901 0.144553 1.585180 -0.036018 -0.240344 0.917377 0.315208
0.400327 0.144766 1.585308 -0.036327 -0.239433 0.917823 0.314568
0.400746 0.144980 1.585436 -0.036630 -0.238518 0.918264 0.313940
0.401159 0.145194 1.585564 -0.036927 -0.237601 0.918701 0.313322
0.401622 0.145495 1.585686 -0.037311 -0.236504 0.919267 0.312445
0.402111 0.145820 1.585792 -0.037727 -0.235392 0.919862 0.311481
0.402616 0.146143 1.585882 -0.038149 -0.234311 0.920452 0.310500
0.403132 0.146458 1.585960 -0.038565 -0.233267 0.921029 0.309524
0.403657 0.146763 1.586029 -0.038970 -0.232253 0.921592 0.308559
0.404188 0.147058 1.586091 -0.039362 -0.231265 0.922141 0.307608
0.404727 0.147343 1.586147 -0.039740 -0.230296 0.922680 0.306671
0.405270 0.147620 1.586198 -0.040102 -0.229341 0.923208 0.305748
0.405819 0.147889 1.586246 -0.040448 -0.228398 0.923727 0.304840
0.406372 0.148152 1.586289 -0.040778 -0.227464 0.924237 0.303947
0.406929 0.148408 1.586330 -0.041093 -0.226536 0.924739 0.303070
0.407487 0.148661 1.586368 -0.041395 -0.225611 0.925234 0.302206
0.408045 0.148910 1.586403 -0.041685 -0.224689 0.925722 0.301357
0.408602 0.149159 1.586437 -0.041966 -0.223768 0.926204 0.300521
0.409157 0.149406 1.586469 -0.042237 -0.222848 0.926680 0.299697
0.409710 0.149654 1.586499 -0.042499 -0.221926 0.927152 0.298885
0.410258 0.149901 1.586529 -0.042755 -0.221007 0.927617 0.298086
0.410799 0.150145 1.586559 -0.043004 -0.220090 0.928075 0.297302
0.411334 0.150387 1.586589 -0.043246 -0.219175 0.928526 0.296533
0.411862 0.150626 1.586620 -0.043483 -0.218261 0.928970 0.295780
0.412383 0.150863 1.586653 -0.043714 -0.217348 0.929409 0.295040
0.412897 0.151097 1.586686 -0.043940 -0.216433 0.929841 0.294314
0.413403 0.151330 1.586720 -0.044159 -0.215518 0.930269 0.293601
0.413903 0.151562 1.586755 -0.044373 -0.214602 0.930691 0.292901
0.414395 0.151791 1.586791 -0.044582 -0.213684 0.931108 0.292214
0.414881 0.152019 1.586827 -0.044784 -0.212766 0.931522 0.291535
0.415359 0.152246 1.586864 -0.044981 -0.211847 0.931930 0.290867
0.415831 0.152472 1.586901 -0.045173 -0.210928 0.932335 0.290208
0.416296 0.152697 1.586939 -0.045359 -0.210008 0.932735 0.289559
0.416754 0.152921 1.586976 -0.045540 -0.209088 0.933131 0.288919
0.417206 0.153144 1.587014 -0.045716 -0.208167 0.933523 0.288289
0.417651 0.153368 1.587053 -0.045887 -0.207244 0.933912 0.287669
0.418089 0.153591 1.587091 -0.046055 -0.206320 0.934296 0.287058
0.418520 0.153814 1.587131 -0.046218 -0.205395 0.934676 0.286458
0.418945 0.154038 1.587171 -0.046378 -0.204468 0.935052 0.285868
0.419362 0.154262 1.587211 -0.046536 -0.203538 0.935424 0.285287
0.419774 0.154487 1.587252 -0.046690 -0.202607 0.935792 0.284716
0.420179 0.154712 1.587294 -0.046841 -0.201673 0.936157 0.284154
0.420577 0.154938 1.587336 -0.046990 -0.200737 0.936519 0.283600
0.420970 0.155164 1.587379 -0.047135 -0.199799 0.936877 0.283055
0.421416 0.155466 1.587408 -0.047332 -0.198723 0.937323 0.282302
0.421893 0.155786 1.587424 -0.047541 -0.197646 0.937782 0.281496
0.422389 0.156106 1.587430 -0.047751 -0.196597 0.938235 0.280686
0.422897 0.156419 1.587432 -0.047963 -0.195579 0.938677 0.279881
0.423413 0.156723 1.587430 -0.048176 -0.194588 0.939109 0.279087
0.423935 0.157018 1.587427 -0.048389 -0.193619 0.939530 0.278303
0.424460 0.157303 1.587425 -0.048602 -0.192667 0.939943 0.277531
0.424988 0.157581 1.587423 -0.048815 -0.191729 0.940349 0.276770
0.425515 0.157852 1.587422 -0.049028 -0.190800 0.940747 0.276020
0.426043 0.158118 1.587422 -0.049240 -0.189879 0.941139 0.275280
0.426568 0.158380 1.587423 -0.049450 -0.188962 0.941526 0.274549
0.427092 0.158640 1.587426 -0.049658 -0.188049 0.941908 0.273828
0.427613 0.158898 1.587429 -0.049865 -0.187138 0.942285 0.273115
0.428131 0.159157 1.587433 -0.050069 -0.186227 0.942658 0.272411
0.428646 0.159417 1.587437 -0.050271 -0.185316 0.943028 0.271715
0.429156 0.159679 1.587442 -0.050470 -0.184405 0.943394 0.271026
0.429663 0.159943 1.587448 -0.050667 -0.183493 0.943757 0.270344
0.430166 0.160211 1.587454 -0.050862 -0.182580 0.944117 0.269668
0.430664 0.160484 1.587460 -0.051053 -0.181665 0.944474 0.268998
0.431156 0.160759 1.587467 -0.051242 -0.180751 0.944828 0.268335
0.431641 0.161035 1.587475 -0.051430 -0.179838 0.945178 0.267680
0.432119 0.161312 1.587485 -0.051616 -0.178928 0.945523 0.267033
0.432589 0.161588 1.587497 -0.051799 -0.178019 0.945865 0.266395
0.433051 0.161865 1.587511 -0.051979 -0.177112 0.946202 0.265765
0.433507 0.162141 1.587527 -0.052156 -0.176205 0.946536 0.265143
0.433954 0.162417 1.587544 -0.052331 -0.175299 0.946867 0.264528
0.434395 0.162693 1.587564 -0.052501 -0.174394 0.947195 0.263919
0.434828 0.162968 1.587584 -0.052667 -0.173489 0.947519 0.263316
0.435255 0.163244 1.587606 -0.052829 -0.172584 0.947841 0.262719
0.435675 0.163520 1.587628 -0.052987 -0.171679 0.948160 0.262129
0.436088 0.163795 1.587652 -0.053141 -0.170774 0.948476 0.261546
0.436495 0.164071 1.587677 -0.053291 -0.169867 0.948789 0.260970
0.436895 0.164347 1.587702 -0.053437 -0.168960 0.949099 0.260400
0.437289 0.164624 1.587728 -0.053579 -0.168051 0.949407 0.259837
0.437677 0.164901 1.587755 -0.053719 -0.167140 0.949711 0.259281
0.438058 0.165179 1.587783 -0.053855 -0.166228 0.950014 0.258731
0.438433 0.165457 1.587811 -0.053988 -0.165314 0.950314 0.258187
0.438801 0.165736 1.587840 -0.054119 -0.164399 0.950611 0.257650
0.439164 0.166015 1.587869 -0.054247 -0.163483 0.950905 0.257118
0.439521 0.166294 1.587899 -0.054372 -0.162565 0.951198 0.256592
0.439928 0.166630 1.587902 -0.054524 -0.161548 0.951545 0.255913
0.440362 0.166981 1.587887 -0.054701 -0.160525 0.951906 0.255177
0.440811 0.167329 1.587861 -0.054891 -0.159525 0.952261 0.254438
0.441269 0.167666 1.587827 -0.055092 -0.158553 0.952606 0.253707
0.441732 0.167991 1.587790 -0.055305 -0.157604 0.952943 0.252986
0.442197 0.168305 1.587752 -0.055527 -0.156673 0.953271 0.252277
0.442664 0.168608 1.587713 -0.055755 -0.155756 0.953593 0.251579
0.443130 0.168902 1.587675 -0.055986 -0.154851 0.953908 0.250892
0.443597 0.169187 1.587638 -0.056219 -0.153953 0.954217 0.250215
0.444064 0.169467 1.587602 -0.056451 -0.153061 0.954522 0.249548
0.444530 0.169741 1.587567 -0.056680 -0.152173 0.954822 0.248889
0.444994 0.170012 1.587533 -0.056907 -0.151287 0.955118 0.248239
0.445458 0.170280 1.587499 -0.057130 -0.150403 0.955411 0.247597
0.445920 0.170547 1.587467 -0.057348 -0.149520 0.955701 0.246961
0.446380 0.170815 1.587435 -0.057562 -0.148636 0.955989 0.246332
0.446837 0.171083 1.587403 -0.057772 -0.147752 0.956274 0.245708
0.447292 0.171352 1.587372 -0.057976 -0.146867 0.956556 0.245089
0.447744 0.171625 1.587342 -0.058175 -0.145981 0.956837 0.244474
0.448193 0.171900 1.587312 -0.058370 -0.145095 0.957117 0.243861
0.448638 0.172179 1.587282 -0.058560 -0.144209 0.957394 0.243250
0.449079 0.172460 1.587253 -0.058746 -0.143325 0.957670 0.242643
0.449513 0.172740 1.587226 -0.058928 -0.142444 0.957942 0.242042
0.449940 0.173021 1.587200 -0.059107 -0.141566 0.958211 0.241446
0.450361 0.173302 1.587177 -0.059283 -0.140689 0.958478 0.240857
0.450775 0.173582 1.587156 -0.059454 -0.139813 0.958742 0.240274
0.451183 0.173862 1.587136 -0.059622 -0.138938 0.959003 0.239697
0.451584 0.174143 1.587119 -0.059785 -0.138062 0.959262 0.239126
0.451979 0.174423 1.587103 -0.059944 -0.137186 0.959518 0.238561
0.452367 0.174703 1.587088 -0.060099 -0.136309 0.959772 0.238003
0.452749 0.174984 1.587075 -0.060250 -0.135430 0.960024 0.237450
0.453125 0.175265 1.587064 -0.060398 -0.134550 0.960274 0.236903
0.453495 0.175546 1.587053 -0.060541 -0.133669 0.960521 0.236361
0.453859 0.175828 1.587044 -0.060682 -0.132785 0.960767 0.235825
0.454217 0.176110 1.587036 -0.060820 -0.131900 0.961010 0.235293
0.454569 0.176392 1.587030 -0.060954 -0.131013 0.961252 0.234767
0.454916 0.176675 1.587024 -0.061086 -0.130125 0.961491 0.234245
0.455256 0.176959 1.587018 -0.061215 -0.129235 0.961729 0.233728
0.455591 0.177242 1.587014 -0.061341 -0.128343 0.961965 0.233215
0.455921 0.177527 1.587011 -0.061465 -0.127450 0.962199 0.232707
0.456245 0.177811 1.587008 -0.061587 -0.126555 0.962431 0.232204
0.456625 0.178134 1.586965 -0.061681 -0.125616 0.962682 0.231646
0.457040 0.178462 1.586898 -0.061751 -0.124697 0.962927 0.231105
0.457474 0.178788 1.586814 -0.061814 -0.123795 0.963165 0.230581
0.457918 0.179107 1.586722 -0.061878 -0.122904 0.963396 0.230073
0.458368 0.179418 1.586624 -0.061946 -0.122022 0.963621 0.229580
0.458821 0.179720 1.586523 -0.062019 -0.121145 0.963842 0.229100
0.459275 0.180013 1.586420 -0.062095 -0.120272 0.964058 0.228630
0.459729 0.180298 1.586316 -0.062173 -0.119402 0.964270 0.228170
0.460184 0.180577 1.586211 -0.062252 -0.118532 0.964479 0.227718
0.460639 0.180849 1.586106 -0.062328 -0.117664 0.964686 0.227271
0.461094 0.181115 1.586001 -0.062401 -0.116796 0.964890 0.226829
0.461549 0.181378 1.585895 -0.062469 -0.115928 0.965094 0.226389
0.462002 0.181638 1.585789 -0.062533 -0.115061 0.965296 0.225953
0.462455 0.181895 1.585682 -0.062591 -0.114193 0.965497 0.225518
0.462907 0.182151 1.585575 -0.062644 -0.113325 0.965697 0.225084
0.463357 0.182408 1.585468 -0.062692 -0.112457 0.965896 0.224651
0.463805 0.182665 1.585360 -0.062733 -0.111587 0.966095 0.224217
0.464251 0.182924 1.585252 -0.062770 -0.110718 0.966294 0.223781
0.464694 0.183185 1.585144 -0.062801 -0.109850 0.966492 0.223343
0.465133 0.183446 1.585037 -0.062828 -0.108983 0.966690 0.222904
0.465567 0.183707 1.584931 -0.062853 -0.108120 0.966886 0.222467
0.465994 0.183966 1.584827 -0.062875 -0.107259 0.967080 0.222031
0.466415 0.184222 1.584725 -0.062894 -0.106409 0.967272 0.221602
0.466829 0.184473 1.584625 -0.062911 -0.105575 0.967458 0.221181
0.467236 0.184717 1.584526 -0.062925 -0.104761 0.967639 0.220770
0.467636 0.184955 1.584430 -0.062936 -0.103967 0.967816 0.220370
0.468029 0.185186 1.584335 -0.062944 -0.103194 0.967987 0.219979
0.468415 0.185411 1.584241 -0.062949 -0.102440 0.968153 0.219598
0.468794 0.185629 1.584150 -0.062952 -0.101706 0.968314 0.219227
0.469166 0.185842 1.584060 -0.062952 -0.100991 0.968471 0.218864
0.469532 0.186049 1.583971 -0.062950 -0.100295 0.968624 0.218510
0.469891 0.186250 1.583884 -0.062946 -0.099616 0.968772 0.218164
0.470243 0.186447 1.583798 -0.062940 -0.098955 0.968916 0.217826
0.470589 0.186638 1.583713 -0.062933 -0.098310 0.969056 0.217495
0.470929 0.186825 1.583630 -0.062924 -0.097682 0.969193 0.217172
0.471262 0.187007 1.583548 -0.062914 -0.097071 0.969326 0.216855
0.471589 0.187184 1.583467 -0.062903 -0.096475 0.969455 0.216545
0.471909 0.187358 1.583388 -0.062891 -0.095894 0.969582 0.216242
0.472224 0.187527 1.583309 -0.062879 -0.095328 0.969704 0.215945
0.472532 0.187692 1.583231 -0.062866 -0.094776 0.969824 0.215654
0.472897 0.187912 1.583109 -0.062836 -0.094131 0.969972 0.215280
0.473288 0.188141 1.582960 -0.062802 -0.093496 0.970117 0.214913
0.473692 0.188369 1.582796 -0.062780 -0.092879 0.970255 0.214562
0.474100 0.188588 1.582622 -0.062776 -0.092283 0.970386 0.214227
0.474508 0.188797 1.582445 -0.062790 -0.091709 0.970510 0.213909
0.474916 0.188993 1.582266 -0.062818 -0.091155 0.970627 0.213605
0.475321 0.189178 1.582086 -0.062858 -0.090620 0.970738 0.213317
0.475725 0.189350 1.581908 -0.062907 -0.090103 0.970844 0.213041
0.476128 0.189512 1.581730 -0.062959 -0.089604 0.970945 0.212776
0.476529 0.189663 1.581555 -0.063013 -0.089121 0.971041 0.212522
0.476929 0.189805 1.581381 -0.063066 -0.088654 0.971135 0.212275
0.477329 0.189939 1.581208 -0.063116 -0.088202 0.971225 0.212034
0.477727 0.190066 1.581037 -0.063161 -0.087765 0.971313 0.211797
0.478125 0.190187 1.580867 -0.063200 -0.087345 0.971400 0.211563
0.478522 0.190302 1.580699 -0.063232 -0.086939 0.971484 0.211332
0.478917 0.190414 1.580531 -0.063259 -0.086547 0.971568 0.211103
0.479311 0.190522 1.580365 -0.063278 -0.086169 0.971649 0.210875
0.479701 0.190626 1.580201 -0.063292 -0.085806 0.971729 0.210650
0.480087 0.190726 1.580039 -0.063303 -0.085457 0.971807 0.210429
0.480467 0.190820 1.579880 -0.063309 -0.085124 0.971883 0.210212
0.480842 0.190910 1.579725 -0.063313 -0.084804 0.971957 0.209999
0.481212 0.190994 1.579572 -0.063312 -0.084496 0.972029 0.209791
0.481576 0.191075 1.579422 -0.063309 -0.084201 0.972098 0.209587
0.481934 0.191151 1.579275 -0.063302 -0.083917 0.972167 0.209387
0.482287 0.191223 1.579131 -0.063291 -0.083643 0.972233 0.209191
0.482634 0.191292 1.578990 -0.063278 -0.083378 0.972298 0.208999
0.482976 0.191358 1.578851 -0.063262 -0.083123 0.972361 0.208810
0.483311 0.191421 1.578715 -0.063243 -0.082877 0.972424 0.208625
0.483642 0.191481 1.578582 -0.063222 -0.082638 0.972484 0.208443
0.483966 0.191539 1.578450 -0.063199 -0.082407 0.972544 0.208264
0.484285 0.191595 1.578321 -0.063174 -0.082184 0.972602 0.208089
0.484598 0.191649 1.578194 -0.063148 -0.081967 0.972659 0.207916
0.484906 0.191702 1.578069 -0.063120 -0.081758 0.972714 0.207746
0.485208 0.191752 1.577947 -0.063092 -0.081554 0.972769 0.207579
0.485505 0.191802 1.577826 -0.063062 -0.081357 0.972822 0.207415
0.485796 0.191849 1.577707 -0.063032 -0.081166 0.972875 0.207253
0.486081 0.191896 1.577591 -0.063001 -0.080980 0.972926 0.207094
0.486362 0.191942 1.577476 -0.062969 -0.080800 0.972976 0.206938
0.486637 0.191986 1.577363 -0.062937 -0.080625 0.973026 0.206783
0.486907 0.192030 1.577251 -0.062904 -0.080456 0.973074 0.206632
0.487235 0.192107 1.577085 -0.062825 -0.080273 0.973127 0.206479
0.487589 0.192192 1.576882 -0.062730 -0.080104 0.973173 0.206354
0.487955 0.192279 1.576657 -0.062641 -0.079944 0.973214 0.206251
0.488325 0.192361 1.576416 -0.062565 -0.079791 0.973250 0.206166
0.488695 0.192435 1.576167 -0.062501 -0.079643 0.973280 0.206097
0.489064 0.192502 1.575912 -0.062448 -0.079501 0.973307 0.206041
0.489431 0.192558 1.575653 -0.062401 -0.079366 0.973331 0.205997
0.489798 0.192606 1.575393 -0.062357 -0.079237 0.973351 0.205963
0.490165 0.192645 1.575132 -0.062311 -0.079115 0.973370 0.205936
0.490532 0.192675 1.574870 -0.062261 -0.079000 0.973387 0.205914
0.490901 0.192698 1.574609 -0.062202 -0.078893 0.973403 0.205896
0.491269 0.192714 1.574348 -0.062135 -0.078793 0.973419 0.205879
0.491639 0.192725 1.574088 -0.062058 -0.078701 0.973435 0.205864
0.492010 0.192731 1.573828 -0.061969 -0.078617 0.973451 0.205846
0.492381 0.192733 1.573569 -0.061869 -0.078541 0.973468 0.205826
0.492753 0.192732 1.573311 -0.061757 -0.078473 0.973485 0.205803
0.493125 0.192730 1.573054 -0.061635 -0.078412 0.973503 0.205777
0.493496 0.192727 1.572798 -0.061501 -0.078359 0.973522 0.205747
0.493866 0.192723 1.572543 -0.061358 -0.078313 0.973542 0.205712
0.494235 0.192721 1.572290 -0.061206 -0.078274 0.973563 0.205673
0.494601 0.192721 1.572038 -0.061046 -0.078241 0.973585 0.205629
0.494964 0.192720 1.571790 -0.060881 -0.078215 0.973608 0.205582
0.495321 0.192719 1.571544 -0.060712 -0.078197 0.973630 0.205533
0.495673 0.192717 1.571302 -0.060539 -0.078186 0.973652 0.205483
0.496020 0.192714 1.571064 -0.060363 -0.078181 0.973675 0.205431
0.496361 0.192711 1.570830 -0.060185 -0.078182 0.973697 0.205378
0.496696 0.192707 1.570599 -0.060004 -0.078187 0.973719 0.205324
0.497026 0.192703 1.570372 -0.059821 -0.078196 0.973741 0.205268
0.497350 0.192700 1.570149 -0.059637 -0.078210 0.973763 0.205212
0.497668 0.192696 1.569930 -0.059451 -0.078226 0.973785 0.205154
0.497981 0.192693 1.569714 -0.059264 -0.078245 0.973808 0.205095
0.498287 0.192690 1.569501 -0.059077 -0.078267 0.973830 0.205033
0.498589 0.192688 1.569292 -0.058890 -0.078292 0.973853 0.204970
0.498884 0.192687 1.569087 -0.058703 -0.078319 0.973876 0.204905
0.499174 0.192687 1.568884 -0.058516 -0.078347 0.973899 0.204839
0.499458 0.192687 1.568685 -0.058330 -0.078378 0.973921 0.204772
0.499737 0.192689 1.568489 -0.058144 -0.078410 0.973944 0.204704
0.500010 0.192691 1.568296 -0.057960 -0.078443 0.973967 0.204635
0.500278 0.192695 1.568107 -0.057778 -0.078477 0.973990 0.204565
0.500540 0.192700 1.567920 -0.057597 -0.078512 0.974013 0.204493
0.500853 0.192714 1.567684 -0.057361 -0.078606 0.974024 0.204473
0.501187 0.192743 1.567420 -0.057115 -0.078690 0.974032 0.204467
0.501528 0.192778 1.567138 -0.056880 -0.078764 0.974037 0.204480
0.501869 0.192815 1.566846 -0.056664 -0.078829 0.974039 0.204505
0.502208 0.192850 1.566549 -0.056465 -0.078888 0.974038 0.204542
0.502544 0.192880 1.566250 -0.056283 -0.078943 0.974035 0.204587
0.502878 0.192906 1.565951 -0.056113 -0.078997 0.974030 0.204638
0.503209 0.192927 1.565652 -0.055951 -0.079050 0.974023 0.204695
0.503539 0.192942 1.565356 -0.055793 -0.079105 0.974015 0.204755
0.503868 0.192952 1.565062 -0.055636 -0.079161 0.974006 0.204818
0.504197 0.192958 1.564770 -0.055478 -0.079220 0.973997 0.204879
0.504526 0.192960 1.564481 -0.055315 -0.079284 0.973989 0.204938
0.504855 0.192959 1.564195 -0.055147 -0.079352 0.973981 0.204993
0.505185 0.192955 1.563911 -0.054972 -0.079424 0.973975 0.205045
0.505512 0.192947 1.563631 -0.054793 -0.079502 0.973968 0.205093
0.505838 0.192934 1.563355 -0.054609 -0.079586 0.973962 0.205140
0.506160 0.192918 1.563084 -0.054421 -0.079676 0.973955 0.205185
0.506479 0.192896 1.562818 -0.054228 -0.079771 0.973949 0.205230
0.506795 0.192871 1.562556 -0.054032 -0.079870 0.973943 0.205273
0.507108 0.192843 1.562299 -0.053831 -0.079972 0.973937 0.205315
0.507417 0.192811 1.562046 -0.053627 -0.080077 0.973931 0.205355
0.507723 0.192777 1.561797 -0.053420 -0.080185 0.973925 0.205393
0.508025 0.192741 1.561553 -0.053210 -0.080295 0.973920 0.205428
0.508323 0.192703 1.561312 -0.052997 -0.080407 0.973916 0.205461
0.508617 0.192663 1.561076 -0.052784 -0.080521 0.973911 0.205492
0.508907 0.192622 1.560844 -0.052569 -0.080635 0.973907 0.205521
0.509192 0.192581 1.560615 -0.052353 -0.080750 0.973904 0.205547
0.509474 0.192539 1.560390 -0.052138 -0.080865 0.973901 0.205572
0.509751 0.192496 1.560170 -0.051923 -0.080980 0.973898 0.205595
0.510023 0.192454 1.559952 -0.051709 -0.081095 0.973895 0.205616
0.510291 0.192412 1.559739 -0.051496 -0.081209 0.973893 0.205635
0.510554 0.192370 1.559529 -0.051285 -0.081322 0.973891 0.205653
0.510812 0.192329 1.559323 -0.051077 -0.081433 0.973889 0.205669
0.511066 0.192289 1.559120 -0.050871 -0.081544 0.973887 0.205684
0.511315 0.192249 1.558921 -0.050667 -0.081653 0.973886 0.205698
0.511559 0.192211 1.558726 -0.050467 -0.081760 0.973885 0.205710
0.511799 0.192173 1.558534 -0.050270 -0.081866 0.973884 0.205721
0.512034 0.192136 1.558345 -0.050076 -0.081970 0.973883 0.205731
0.512264 0.192101 1.558160 -0.049885 -0.082073 0.973882 0.205740
0.512490 0.192066 1.557978 -0.049698 -0.082173 0.973882 0.205748
0.512769 0.192040 1.557742 -0.049438 -0.082367 0.973863 0.205821
0.513063 0.192014 1.557477 -0.049174 -0.082605 0.973833 0.205930
0.513360 0.191987 1.557196 -0.048927 -0.082860 0.973796 0.206063
0.513653 0.191954 1.556908 -0.048703 -0.083122 0.973753 0.206215
0.513940 0.191915 1.556618 -0.048502 -0.083383 0.973705 0.206382
0.514221 0.191868 1.556329 -0.048320 -0.083643 0.973653 0.206562
0.514498 0.191811 1.556042 -0.048153 -0.083900 0.973599 0.206752
0.514770 0.191745 1.555758 -0.047996 -0.084155 0.973543 0.206950
0.515040 0.191669 1.555479 -0.047844 -0.084408 0.973485 0.207153
0.515309 0.191584 1.555204 -0.047694 -0.084659 0.973427 0.207360
0.515577 0.191489 1.554933 -0.047542 -0.084909 0.973368 0.207571
0.515844 0.191385 1.554667 -0.047388 -0.085157 0.973308 0.207784
0.516111 0.191273 1.554404 -0.047229 -0.085404 0.973248 0.207998
0.516378 0.191153 1.554146 -0.047066 -0.085649 0.973189 0.208213
0.516645 0.191026 1.553892 -0.046897 -0.085893 0.973130 0.208427
0.516912 0.190893 1.553642 -0.046722 -0.086135 0.973071 0.208640
0.517179 0.190754 1.553396 -0.046542 -0.086375 0.973013 0.208850
0.517445 0.190609 1.553153 -0.046357 -0.086615 0.972956 0.209057
0.517711 0.190460 1.552914 -0.046167 -0.086853 0.972900 0.209261
0.517975 0.190307 1.552678 -0.045974 -0.087089 0.972845 0.209463
0.518239 0.190150 1.552446 -0.045777 -0.087323 0.972790 0.209661
0.518500 0.189991 1.552217 -0.045577 -0.087555 0.972737 0.209857
0.518760 0.189830 1.551992 -0.045376 -0.087785 0.972684 0.210050
0.519017 0.189667 1.551770 -0.045173 -0.088011 0.972632 0.210241
0.519272 0.189502 1.551552 -0.044970 -0.088235 0.972580 0.210428
0.519525 0.189337 1.551337 -0.044768 -0.088454 0.972530 0.210613
0.519774 0.189172 1.551126 -0.044566 -0.088670 0.972480 0.210796
0.520021 0.189006 1.550918 -0.044366 -0.088882 0.972430 0.210976
0.520264 0.188841 1.550714 -0.044167 -0.089090 0.972382 0.211153
0.520504 0.188676 1.550514 -0.043971 -0.089294 0.972334 0.211328
0.520741 0.188512 1.550316 -0.043777 -0.089493 0.972287 0.211501
0.520974 0.188350 1.550123 -0.043587 -0.089688 0.972240 0.211671
0.521204 0.188188 1.549933 -0.043399 -0.089878 0.972195 0.211839
0.521430 0.188028 1.549746 -0.043215 -0.090064 0.972150 0.212005
0.521653 0.187869 1.549563 -0.043035 -0.090246 0.972105 0.212168
0.521871 0.187712 1.549383 -0.042858 -0.090422 0.972061 0.212330
0.522087 0.187557 1.549207 -0.042686 -0.090595 0.972018 0.212489
0.522298 0.187404 1.549034 -0.042517 -0.090763 0.971975 0.212645
0.522506 0.187252 1.548865 -0.042352 -0.090926 0.971934 0.212800
0.522710 0.187103 1.548699 -0.042192 -0.091086 0.971892 0.212953
0.522962 0.186974 1.548480 -0.041954 -0.091298 0.971838 0.213154
0.523232 0.186857 1.548233 -0.041693 -0.091523 0.971776 0.213392
0.523507 0.186746 1.547971 -0.041435 -0.091743 0.971709 0.213655
0.523779 0.186636 1.547703 -0.041192 -0.091954 0.971638 0.213932
0.524047 0.186526 1.547432 -0.040965 -0.092156 0.971565 0.214223
0.524309 0.186411 1.547161 -0.040751 -0.092348 0.971488 0.214526
0.524568 0.186292 1.546893 -0.040549 -0.092534 0.971410 0.214839
0.524823 0.186166 1.546627 -0.040353 -0.092713 0.971330 0.215160
0.525076 0.186034 1.546365 -0.040160 -0.092887 0.971249 0.215488
0.525327 0.185895 1.546106 -0.039969 -0.093056 0.971167 0.215821
0.525578 0.185749 1.545851 -0.039777 -0.093221 0.971084 0.216157
0.525828 0.185597 1.545600 -0.039582 -0.093383 0.971001 0.216494
0.526078 0.185438 1.545352 -0.039384 -0.093543 0.970919 0.216831
0.526328 0.185274 1.545108 -0.039182 -0.093700 0.970836 0.217167
0.526578 0.185104 1.544867 -0.038976 -0.093857 0.970755 0.217500
0.526827 0.184928 1.544630 -0.038765 -0.094013 0.970675 0.217828
0.527076 0.184748 1.544396 -0.038551 -0.094169 0.970595 0.218153
0.527325 0.184564 1.544165 -0.038333 -0.094325 0.970517 0.218473
0.527573 0.184376 1.543938 -0.038111 -0.094480 0.970439 0.218789
0.527820 0.184185 1.543714 -0.037887 -0.094635 0.970363 0.219099
0.528065 0.183992 1.543494 -0.037661 -0.094790 0.970288 0.219405
0.528309 0.183796 1.543277 -0.037434 -0.094944 0.970213 0.219706
0.528552 0.183600 1.543063 -0.037206 -0.095097 0.970140 0.220001
0.528792 0.183402 1.542852 -0.036978 -0.095249 0.970068 0.220292
0.529029 0.183203 1.542645 -0.036750 -0.095400 0.969997 0.220577
0.529265 0.183005 1.542441 -0.036524 -0.095549 0.969927 0.220858
0.529497 0.182806 1.542241 -0.036299 -0.095696 0.969858 0.221134
0.529727 0.182609 1.542044 -0.036076 -0.095841 0.969790 0.221404
0.529954 0.182412 1.541850 -0.035855 -0.095985 0.969723 0.221670
0.530178 0.182216 1.541660 -0.035638 -0.096125 0.969658 0.221932
0.530398 0.182021 1.541473 -0.035424 -0.096264 0.969593 0.222188
0.530616 0.181828 1.541290 -0.035213 -0.096399 0.969529 0.222440
0.530830 0.181637 1.541110 -0.035006 -0.096533 0.969467 0.222688
0.531040 0.181448 1.540933 -0.034803 -0.096663 0.969405 0.222932
0.531247 0.181261 1.540760 -0.034604 -0.096791 0.969345 0.223171
0.531451 0.181076 1.540590 -0.034409 -0.096915 0.969285 0.223405
0.531651 0.180894 1.540423 -0.034219 -0.097037 0.969226 0.223636
0.531847 0.180714 1.540260 -0.034033 -0.097156 0.969169 0.223862
0.532041 0.180536 1.540100 -0.033852 -0.097272 0.969112 0.224085
0.532230 0.180361 1.539943 -0.033675 -0.097386 0.969056 0.224303
0.532445 0.180196 1.539747 -0.033450 -0.097549 0.968988 0.224561
0.532664 0.180036 1.539527 -0.033211 -0.097758 0.968905 0.224864
0.532879 0.179885 1.539293 -0.032978 -0.097982 0.968815 0.225189
0.533087 0.179740 1.539054 -0.032758 -0.098206 0.968720 0.225529
0.533287 0.179602 1.538812 -0.032551 -0.098424 0.968624 0.225878
0.533480 0.179468 1.538570 -0.032356 -0.098633 0.968526 0.226235
0.533667 0.179339 1.538329 -0.032168 -0.098834 0.968427 0.226597
0.533848 0.179211 1.538091 -0.031987 -0.099027 0.968328 0.226959
0.534025 0.179086 1.537855 -0.031808 -0.099214 0.968230 0.227321
0.534199 0.178961 1.537622 -0.031631 -0.099397 0.968133 0.227680
0.534370 0.178837 1.537392 -0.031452 -0.099576 0.968037 0.228035
0.534540 0.178714 1.537166 -0.031272 -0.099752 0.967942 0.228384
0.534708 0.178590 1.536943 -0.031087 -0.099927 0.967850 0.228726
0.534874 0.178467 1.536723 -0.030899 -0.100101 0.967758 0.229060
0.535040 0.178343 1.536506 -0.030707 -0.100275 0.967669 0.229388
0.535204 0.178220 1.536293 -0.030509 -0.100448 0.967582 0.229707
0.535367 0.178097 1.536082 -0.030308 -0.100621 0.967496 0.230017
0.535530 0.177975 1.535874 -0.030102 -0.100795 0.967413 0.230319
0.535691 0.177853 1.535669 -0.029892 -0.100968 0.967331 0.230612
0.535850 0.177732 1.535467 -0.029680 -0.101141 0.967252 0.230896
0.536008 0.177612 1.535268 -0.029464 -0.101315 0.967175 0.231172
0.536165 0.177493 1.535072 -0.029246 -0.101488 0.967099 0.231439
0.536320 0.177376 1.534878 -0.029026 -0.101660 0.967026 0.231697
0.536472 0.177260 1.534688 -0.028805 -0.101832 0.966954 0.231947
0.536623 0.177147 1.534500 -0.028584 -0.102004 0.966885 0.232189
0.536772 0.177035 1.534314 -0.028362 -0.102174 0.966817 0.232422
0.536918 0.176926 1.534132 -0.028140 -0.102344 0.966752 0.232648
0.537062 0.176819 1.533952 -0.027919 -0.102512 0.966688 0.232866
0.537203 0.176715 1.533775 -0.027699 -0.102678 0.966626 0.233077
0.537342 0.176613 1.533601 -0.027481 -0.102843 0.966565 0.233281
0.537479 0.176514 1.533430 -0.027264 -0.103006 0.966506 0.233478
0.537612 0.176417 1.533261 -0.027050 -0.103167 0.966449 0.233668
0.537744 0.176324 1.533095 -0.026838 -0.103326 0.966394 0.233852
0.537873 0.176232 1.532931 -0.026625 -0.103480 0.966338 0.234037
0.537999 0.176144 1.532770 -0.026417 -0.103631 0.966285 0.234214
0.538122 0.176059 1.532612 -0.026214 -0.103780 0.966234 0.234383
0.538242 0.175977 1.532456 -0.026014 -0.103926 0.966184 0.234544
0.538359 0.175898 1.532304 -0.025817 -0.104072 0.966136 0.234700
0.538474 0.175821 1.532154 -0.025625 -0.104215 0.966089 0.234850
0.538586 0.175747 1.532007 -0.025435 -0.104356 0.966044 0.234994
0.538710 0.175679 1.531841 -0.025223 -0.104472 0.966001 0.235142
0.538838 0.175611 1.531658 -0.025011 -0.104584 0.965961 0.235280
0.538967 0.175540 1.531465 -0.024801 -0.104696 0.965921 0.235415
0.539096 0.175463 1.531264 -0.024592 -0.104807 0.965881 0.235551
0.539224 0.175379 1.531058 -0.024383 -0.104920 0.965840 0.235690
0.539351 0.175288 1.530848 -0.024171 -0.105034 0.965799 0.235832
0.539479 0.175190 1.530634 -0.023953 -0.105148 0.965755 0.235983
0.539608 0.175085 1.530419 -0.023730 -0.105260 0.965710 0.236139
0.539738 0.174973 1.530202 -0.023501 -0.105371 0.965664 0.236298
0.539868 0.174856 1.529984 -0.023268 -0.105481 0.965618 0.236460
0.540000 0.174734 1.529766 -0.023029 -0.105591 0.965572 0.236624
0.540132 0.174607 1.529549 -0.022784 -0.105700 0.965525 0.236789
0.540266 0.174475 1.529332 -0.022535 -0.105809 0.965479 0.236955
0.540400 0.174339 1.529117 -0.022280 -0.105918 0.965432 0.237120
0.540535 0.174200 1.528902 -0.022022 -0.106026 0.965385 0.237286
0.540671 0.174058 1.528689 -0.021760 -0.106135 0.965339 0.237451
0.540807 0.173913 1.528478 -0.021495 -0.106242 0.965292 0.237616
0.540943 0.173766 1.528269 -0.021227 -0.106350 0.965246 0.237780
0.541079 0.173617 1.528062 -0.020958 -0.106456 0.965200 0.237943
0.541215 0.173467 1.527857 -0.020688 -0.106562 0.965154 0.238105
0.541351 0.173315 1.527655 -0.020418 -0.106667 0.965109 0.238266
0.541487 0.173164 1.527455 -0.020145 -0.106765 0.965062 0.238435
0.541622 0.173013 1.527257 -0.019874 -0.106858 0.965015 0.238607
0.541756 0.172863 1.527064 -0.019606 -0.106947 0.964968 0.238778
0.541888 0.172713 1.526873 -0.019342 -0.107032 0.964922 0.238948
0.542019 0.172563 1.526686 -0.019083 -0.107116 0.964876 0.239117
0.542149 0.172413 1.526502 -0.018827 -0.107198 0.964830 0.239284
0.542277 0.172263 1.526321 -0.018576 -0.107279 0.964785 0.239448
0.542404 0.172115 1.526144 -0.018328 -0.107359 0.964741 0.239611
0.542529 0.171966 1.525970 -0.018085 -0.107437 0.964697 0.239772
0.542653 0.171819 1.525799 -0.017846 -0.107514 0.964653 0.239930
0.542775 0.171672 1.525632 -0.017611 -0.107590 0.964610 0.240087
0.542895 0.171526 1.525467 -0.017380 -0.107664 0.964568 0.240241
0.543013 0.171399 1.525311 -0.017171 -0.107704 0.964531 0.240384
0.543126 0.171282 1.525163 -0.016978 -0.107729 0.964498 0.240521
0.543236 0.171172 1.525023 -0.016800 -0.107747 0.964466 0.240654
0.543343 0.171067 1.524890 -0.016634 -0.107763 0.964434 0.240784
0.543445 0.170965 1.524764 -0.016481 -0.107781 0.964403 0.240913
0.543543 0.170866 1.524645 -0.016341 -0.107801 0.964371 0.241040
0.543638 0.170769 1.524532 -0.016214 -0.107823 0.964339 0.241165
0.543731 0.170661 1.524416 -0.016039 -0.107829 0.964302 0.241325
0.543814 0.170545 1.524298 -0.015880 -0.107824 0.964270 0.241466
0.543883 0.170423 1.524182 -0.015759 -0.107816 0.964232 0.241629
0.543945 0.170297 1.524068 -0.015662 -0.107802 0.964192 0.241800
0.544002 0.170169 1.523953 -0.015578 -0.107783 0.964152 0.241974
0.544056 0.170038 1.523838 -0.015502 -0.107762 0.964111 0.242150
0.544110 0.169904 1.523723 -0.015430 -0.107740 0.964070 0.242329
0.544164 0.169768 1.523608 -0.015360 -0.107716 0.964029 0.242508
0.544230 0.169631 1.523485 -0.015243 -0.107689 0.963996 0.242657
0.544304 0.169492 1.523354 -0.015094 -0.107657 0.963967 0.242797
0.544382 0.169354 1.523218 -0.014925 -0.107622 0.963939 0.242935
0.544462 0.169215 1.523079 -0.014747 -0.107585 0.963910 0.243073
0.544530 0.169074 1.522947 -0.014605 -0.107553 0.963873 0.243243
0.544591 0.168932 1.522819 -0.014489 -0.107524 0.963834 0.243419
0.544648 0.168790 1.522696 -0.014389 -0.107497 0.963794 0.243596
0.544716 0.168648 1.522567 -0.014254 -0.107468 0.963762 0.243743
0.544789 0.168506 1.522435 -0.014094 -0.107438 0.963732 0.243882
0.544866 0.168365 1.522300 -0.013920 -0.107406 0.963704 0.244017
0.544931 0.168223 1.522174 -0.013784 -0.107379 0.963667 0.244183
0.545000 0.168083 1.522045 -0.013632 -0.107351 0.963636 0.244326
0.545061 0.167943 1.521924 -0.013511 -0.107327 0.963599 0.244492
0.545116 0.167803 1.521809 -0.013412 -0.107304 0.963560 0.244660
0.545180 0.167664 1.521690 -0.013282 -0.107282 0.963529 0.244800
0.545250 0.167527 1.521568 -0.013126 -0.107257 0.963501 0.244929
0.545323 0.167392 1.521450 -0.012958 -0.107249 0.963474 0.245044
0.545393 0.167263 1.521338 -0.012798 -0.107252 0.963446 0.245162
0.545459 0.167140 1.521234 -0.012649 -0.107260 0.963417 0.245280
0.545521 0.167023 1.521135 -0.012511 -0.107268 0.963389 0.245396
0.545579 0.166911 1.521041 -0.012384 -0.107276 0.963360 0.245512
0.545634 0.166804 1.520952 -0.012268 -0.107283 0.963332 0.245626
0.545686 0.166702 1.520867 -0.012162 -0.107287 0.963304 0.245739
0.545735 0.166603 1.520785 -0.012063 -0.107290 0.963276 0.245851
0.545781 0.166507 1.520707 -0.011972 -0.107292 0.963249 0.245961
0.545826 0.166414 1.520630 -0.011887 -0.107292 0.963222 0.246069
0.545869 0.166324 1.520556 -0.011807 -0.107291 0.963196 0.246176
0.545910 0.166236 1.520483 -0.011732 -0.107289 0.963170 0.246281
0.545950 0.166150 1.520413 -0.011660 -0.107286 0.963145 0.246385
0.545989 0.166065 1.520343 -0.011591 -0.107282 0.963120 0.246487
0.546026 0.165982 1.520276 -0.011526 -0.107278 0.963096 0.246587
0.546063 0.165901 1.520209 -0.011462 -0.107273 0.963072 0.246685
0.546076 0.165791 1.520157 -0.011374 -0.107288 0.963050 0.246770
0.546074 0.165671 1.520112 -0.011269 -0.107298 0.963026 0.246861
0.546064 0.165557 1.520069 -0.011149 -0.107286 0.963005 0.246956
0.546051 0.165451 1.520023 -0.011016 -0.107250 0.962986 0.247051
0.546034 0.165353 1.519972 -0.010880 -0.107188 0.962968 0.247156
0.546013 0.165262 1.519914 -0.010740 -0.107108 0.962952 0.247257
0.545991 0.165177 1.519850 -0.010596 -0.107018 0.962938 0.247355
0.545967 0.165096 1.519780 -0.010447 -0.106921 0.962927 0.247449
0.545945 0.165020 1.519703 -0.010284 -0.106821 0.962917 0.247537
0.545930 0.164947 1.519615 -0.010087 -0.106720 0.962913 0.247604
0.545920 0.164875 1.519517 -0.009858 -0.106620 0.962911 0.247663
0.545913 0.164806 1.519409 -0.009609 -0.106520 0.962911 0.247717
0.545907 0.164739 1.519294 -0.009347 -0.106421 0.962911 0.247769
0.545901 0.164675 1.519174 -0.009077 -0.106322 0.962911 0.247820
0.545893 0.164613 1.519049 -0.008805 -0.106225 0.962912 0.247871
0.545876 0.164555 1.518927 -0.008563 -0.106129 0.962907 0.247940
0.545853 0.164500 1.518808 -0.008341 -0.106035 0.962900 0.248012
0.545827 0.164448 1.518691 -0.008131 -0.105944 0.962894 0.248083
0.545799 0.164397 1.518576 -0.007929 -0.105855 0.962887 0.248153
0.545770 0.164349 1.518462 -0.007732 -0.105770 0.962881 0.248222
0.545750 0.164301 1.518342 -0.007499 -0.105689 0.962880 0.248266
0.545738 0.164253 1.518215 -0.007235 -0.105614 0.962881 0.248300
0.545730 0.164207 1.518085 -0.006952 -0.105541 0.962884 0.248330
0.545724 0.164162 1.517951 -0.006661 -0.105470 0.962886 0.248357
0.545718 0.164119 1.517816 -0.006366 -0.105400 0.962889 0.248384
0.545711 0.164079 1.517681 -0.006073 -0.105331 0.962892 0.248410
0.545703 0.164041 1.517546 -0.005784 -0.105264 0.962894 0.248437
0.545683 0.164007 1.517419 -0.005537 -0.105197 0.962890 0.248487
0.545658 0.163976 1.517300 -0.005320 -0.105132 0.962884 0.248541
0.545628 0.163947 1.517188 -0.005122 -0.105068 0.962878 0.248595
0.545606 0.163923 1.517078 -0.004902 -0.105012 0.962874 0.248640
0.545583 0.163903 1.516971 -0.004688 -0.104955 0.962870 0.248684
0.545564 0.163888 1.516868 -0.004463 -0.104904 0.962867 0.248721
0.545546 0.163877 1.516768 -0.004233 -0.104856 0.962865 0.248753
0.545529 0.163871 1.516672 -0.004005 -0.104810 0.962864 0.248780
0.545511 0.163869 1.516579 -0.003782 -0.104765 0.962864 0.248804
0.545492 0.163871 1.516489 -0.003565 -0.104723 0.962864 0.248824
0.545463 0.163873 1.516406 -0.003388 -0.104680 0.962864 0.248845
0.545434 0.163874 1.516325 -0.003218 -0.104648 0.962866 0.248851
0.545406 0.163875 1.516244 -0.003050 -0.104618 0.962870 0.248853
0.545342 0.163860 1.516190 -0.002892 -0.104502 0.962923 0.248696
0.545263 0.163820 1.516140 -0.002690 -0.104366 0.962972 0.248567
0.545175 0.163784 1.516092 -0.002478 -0.104191 0.963024 0.248440
0.545081 0.163758 1.516042 -0.002263 -0.103983 0.963080 0.248311
0.544985 0.163742 1.515988 -0.002048 -0.103753 0.963140 0.248180
0.544886 0.163733 1.515930 -0.001830 -0.103513 0.963200 0.248047
0.544785 0.163732 1.515868 -0.001611 -0.103267 0.963261 0.247913
0.544695 0.163731 1.515793 -0.001349 -0.103027 0.963327 0.247757
0.544608 0.163735 1.515710 -0.001071 -0.102786 0.963396 0.247592
0.544520 0.163747 1.515624 -0.000793 -0.102551 0.963467 0.247416
0.544429 0.163765 1.515540 -0.000522 -0.102332 0.963531 0.247255
0.544335 0.163788 1.515456 -0.000257 -0.102123 0.963593 0.247100
0.544239 0.163818 1.515374 -0.000000 -0.101920 0.963655 0.246945
0.544138 0.163852 1.515292 0.000244 -0.101714 0.963712 0.246806
0.544034 0.163888 1.515209 0.000480 -0.101507 0.963768 0.246671
0.543930 0.163928 1.515126 0.000710 -0.101301 0.963824 0.246537
0.543824 0.163970 1.515041 0.000937 -0.101098 0.963879 0.246406
0.543719 0.164013 1.514956 0.001162 -0.100899 0.963933 0.246276
0.543614 0.164057 1.514870 0.001384 -0.100704 0.963986 0.246148
0.543510 0.164103 1.514785 0.001605 -0.100513 0.964037 0.246022
0.543406 0.164150 1.514699 0.001823 -0.100327 0.964088 0.245898
0.543303 0.164198 1.514613 0.002040 -0.100146 0.964138 0.245775
0.543201 0.164247 1.514527 0.002254 -0.099969 0.964186 0.245655
0.543099 0.164296 1.514442 0.002466 -0.099797 0.964234 0.245536
0.542998 0.164346 1.514358 0.002676 -0.099629 0.964280 0.245420
0.542899 0.164397 1.514275 0.002882 -0.099465 0.964326 0.245305
0.542800 0.164448 1.514192 0.003086 -0.099306 0.964370 0.245192
0.542701 0.164500 1.514111 0.003287 -0.099151 0.964414 0.245081
0.542604 0.164551 1.514031 0.003484 -0.098999 0.964456 0.244972
0.542528 0.164593 1.513936 0.003758 -0.098865 0.964506 0.244828
0.542465 0.164630 1.513829 0.004077 -0.098739 0.964554 0.244681
0.542407 0.164663 1.513715 0.004417 -0.098618 0.964601 0.244539
0.542351 0.164696 1.513597 0.004763 -0.098496 0.964647 0.244403
0.542280 0.164736 1.513489 0.005045 -0.098365 0.964684 0.244302
0.542200 0.164780 1.513389 0.005286 -0.098231 0.964720 0.244208
0.542115 0.164827 1.513295 0.005500 -0.098098 0.964755 0.244118
0.542043 0.164867 1.513194 0.005756 -0.097976 0.964795 0.244003
0.541979 0.164903 1.513090 0.006034 -0.097862 0.964834 0.243888
0.541918 0.164937 1.512983 0.006319 -0.097751 0.964872 0.243777
0.541859 0.164971 1.512877 0.006601 -0.097642 0.964907 0.243672
0.541755 0.164927 1.512789 0.006952 -0.097521 0.964988 0.243391
0.541607 0.164862 1.512725 0.007268 -0.097357 0.965057 0.243173
0.541433 0.164808 1.512672 0.007542 -0.097132 0.965131 0.242964
0.541243 0.164770 1.512626 0.007784 -0.096859 0.965209 0.242754
0.541046 0.164747 1.512581 0.008006 -0.096556 0.965290 0.242543
0.540843 0.164736 1.512536 0.008216 -0.096237 0.965374 0.242331
0.540632 0.164746 1.512497 0.008389 -0.095922 0.965466 0.242084
0.540414 0.164773 1.512467 0.008530 -0.095618 0.965560 0.241825
0.540189 0.164813 1.512444 0.008643 -0.095326 0.965653 0.241563
0.539959 0.164866 1.512428 0.008732 -0.095046 0.965745 0.241301
0.539724 0.164929 1.512418 0.008801 -0.094775 0.965836 0.241041
0.539483 0.165003 1.512411 0.008847 -0.094501 0.965925 0.240792
0.539241 0.165084 1.512407 0.008889 -0.094236 0.966014 0.240538
0.539001 0.165172 1.512405 0.008929 -0.093981 0.966102 0.240281
0.538762 0.165265 1.512404 0.008971 -0.093735 0.966189 0.240025
0.538525 0.165363 1.512403 0.009016 -0.093495 0.966275 0.239770
0.538288 0.165467 1.512402 0.009056 -0.093255 0.966359 0.239524
0.538052 0.165575 1.512400 0.009096 -0.093014 0.966442 0.239282
0.537818 0.165685 1.512395 0.009140 -0.092777 0.966523 0.239043
0.537588 0.165796 1.512388 0.009195 -0.092548 0.966604 0.238803
0.537361 0.165908 1.512379 0.009253 -0.092322 0.966683 0.238568
0.537139 0.166021 1.512367 0.009321 -0.092104 0.966761 0.238334
0.536929 0.166126 1.512346 0.009438 -0.091893 0.966833 0.238119
0.536728 0.166228 1.512317 0.009583 -0.091682 0.966903 0.237909
0.536534 0.166327 1.512282 0.009745 -0.091472 0.966972 0.237703
0.536344 0.166424 1.512242 0.009917 -0.091262 0.967040 0.237501
0.536158 0.166519 1.512197 0.010095 -0.091054 0.967106 0.237304
0.535976 0.166612 1.512149 0.010278 -0.090848 0.967171 0.237112
0.535797 0.166703 1.512098 0.010462 -0.090644 0.967234 0.236925
0.535610 0.166800 1.512050 0.010603 -0.090440 0.967299 0.236728
0.535419 0.166900 1.512007 0.010712 -0.090241 0.967365 0.236531
0.535227 0.167001 1.511966 0.010811 -0.090054 0.967429 0.236336
0.535037 0.167102 1.511927 0.010903 -0.089878 0.967491 0.236143
0.534849 0.167203 1.511891 0.010991 -0.089710 0.967552 0.235954
0.534672 0.167295 1.511850 0.011120 -0.089548 0.967606 0.235788
0.534503 0.167383 1.511805 0.011269 -0.089386 0.967658 0.235628
0.534339 0.167468 1.511757 0.011429 -0.089224 0.967709 0.235471
0.534181 0.167551 1.511707 0.011596 -0.089063 0.967759 0.235319
0.534025 0.167631 1.511655 0.011765 -0.088902 0.967808 0.235171
0.533874 0.167708 1.511603 0.011935 -0.088743 0.967856 0.235027
0.533679 0.167723 1.511566 0.012168 -0.088560 0.967965 0.234632
0.533451 0.167736 1.511528 0.012408 -0.088301 0.968087 0.234213
0.533190 0.167784 1.511501 0.012576 -0.087980 0.968227 0.233749
0.532906 0.167858 1.511479 0.012703 -0.087634 0.968373 0.233267
0.532606 0.167950 1.511459 0.012808 -0.087278 0.968519 0.232785
0.532298 0.168054 1.511437 0.012918 -0.086927 0.968664 0.232307
0.531987 0.168161 1.511404 0.013050 -0.086568 0.968802 0.231859
0.531677 0.168271 1.511360 0.013213 -0.086203 0.968935 0.231430
0.531365 0.168392 1.511310 0.013377 -0.085832 0.969068 0.231000
0.531052 0.168521 1.511253 0.013545 -0.085461 0.969200 0.230573
0.530734 0.168661 1.511192 0.013702 -0.085079 0.969329 0.230165
0.530415 0.168809 1.511125 0.013856 -0.084693 0.969455 0.229766
0.530097 0.168960 1.511054 0.014018 -0.084322 0.969582 0.229357
0.529798 0.169100 1.510966 0.014259 -0.083968 0.969699 0.228975
0.529510 0.169237 1.510864 0.014548 -0.083618 0.969814 0.228600
0.529231 0.169371 1.510750 0.014867 -0.083272 0.969925 0.228232
0.528958 0.169504 1.510627 0.015207 -0.082930 0.970034 0.227871
0.528690 0.169636 1.510497 0.015561 -0.082594 0.970140 0.227516
0.528426 0.169766 1.510360 0.015925 -0.082263 0.970244 0.227169
0.528166 0.169895 1.510218 0.016295 -0.081938 0.970345 0.226829
0.527910 0.170023 1.510072 0.016670 -0.081620 0.970443 0.226497
0.527657 0.170149 1.509923 0.017047 -0.081310 0.970538 0.226171
0.527407 0.170274 1.509771 0.017426 -0.081006 0.970631 0.225853
0.527161 0.170397 1.509618 0.017805 -0.080710 0.970721 0.225542
0.526918 0.170519 1.509465 0.018183 -0.080421 0.970809 0.225238
0.526678 0.170639 1.509310 0.018559 -0.080139 0.970894 0.224941
0.526441 0.170758 1.509156 0.018933 -0.079864 0.970976 0.224651
0.526207 0.170876 1.509003 0.019303 -0.079597 0.971057 0.224367
0.525976 0.170992 1.508851 0.019669 -0.079335 0.971135 0.224089
0.525748 0.171107 1.508700 0.020032 -0.079081 0.971211 0.223818
0.525524 0.171220 1.508551 0.020389 -0.078833 0.971285 0.223553
0.525302 0.171332 1.508404 0.020741 -0.078591 0.971356 0.223293
0.525083 0.171442 1.508259 0.021087 -0.078355 0.971426 0.223040
0.524867 0.171551 1.508117 0.021427 -0.078125 0.971494 0.222792
0.524655 0.171658 1.507977 0.021761 -0.077901 0.971560 0.222551
0.524445 0.171764 1.507840 0.022088 -0.077683 0.971624 0.222314
0.524238 0.171868 1.507706 0.022409 -0.077470 0.971687 0.222083
0.524034 0.171971 1.507575 0.022723 -0.077262 0.971748 0.221858
0.523832 0.172072 1.507446 0.023029 -0.077058 0.971807 0.221637
0.523634 0.172172 1.507321 0.023329 -0.076860 0.971864 0.221422
0.523396 0.172204 1.507222 0.023692 -0.076703 0.971960 0.221020
0.523138 0.172218 1.507140 0.024098 -0.076544 0.972045 0.220654
0.522864 0.172244 1.507070 0.024510 -0.076348 0.972133 0.220289
0.522578 0.172289 1.507008 0.024914 -0.076117 0.972225 0.219918
0.522282 0.172354 1.506951 0.025308 -0.075860 0.972320 0.219543
0.521976 0.172436 1.506898 0.025691 -0.075587 0.972416 0.219165
0.521662 0.172533 1.506849 0.026062 -0.075304 0.972514 0.218786
0.521342 0.172642 1.506801 0.026424 -0.075017 0.972612 0.218406
0.521015 0.172762 1.506754 0.026777 -0.074729 0.972709 0.218027
0.520685 0.172891 1.506707 0.027124 -0.074442 0.972806 0.217650
0.520351 0.173025 1.506660 0.027465 -0.074159 0.972901 0.217277
0.520015 0.173164 1.506613 0.027799 -0.073879 0.972995 0.216908
0.519677 0.173306 1.506565 0.028128 -0.073603 0.973088 0.216545
0.519337 0.173450 1.506517 0.028452 -0.073331 0.973178 0.216189
0.518997 0.173595 1.506468 0.028769 -0.073062 0.973266 0.215839
0.518657 0.173743 1.506418 0.029081 -0.072794 0.973354 0.215493
0.518319 0.173894 1.506367 0.029388 -0.072528 0.973441 0.215149
0.517984 0.174048 1.506314 0.029690 -0.072266 0.973526 0.214809
0.517651 0.174203 1.506259 0.029988 -0.072007 0.973610 0.214473
0.517321 0.174361 1.506204 0.030281 -0.071752 0.973693 0.214141
0.516994 0.174519 1.506147 0.030571 -0.071503 0.973775 0.213813
0.516670 0.174677 1.506089 0.030857 -0.071258 0.973854 0.213489
0.516350 0.174836 1.506030 0.031138 -0.071019 0.973933 0.213170
0.516033 0.174995 1.505971 0.031416 -0.070784 0.974010 0.212856
0.515719 0.175154 1.505911 0.031690 -0.070555 0.974085 0.212547
0.515410 0.175312 1.505851 0.031959 -0.070331 0.974159 0.212243
0.515104 0.175469 1.505791 0.032225 -0.070112 0.974231 0.211944
0.514802 0.175626 1.505731 0.032486 -0.069898 0.974301 0.211650
0.514503 0.175781 1.505672 0.032742 -0.069688 0.974371 0.211361
0.514209 0.175935 1.505613 0.032994 -0.069484 0.974438 0.211078
0.513918 0.176087 1.505555 0.033241 -0.069284 0.974504 0.210800
0.513631 0.176238 1.505497 0.033484 -0.069089 0.974569 0.210527
0.513348 0.176387 1.505440 0.033721 -0.068898 0.974632 0.210259
0.513069 0.176535 1.505385 0.033954 -0.068711 0.974693 0.209997
0.512794 0.176680 1.505330 0.034182 -0.068529 0.974754 0.209740
0.512523 0.176824 1.505277 0.034404 -0.068351 0.974812 0.209489
0.512256 0.176965 1.505224 0.034622 -0.068176 0.974870 0.209242
0.511993 0.177105 1.505173 0.034835 -0.068006 0.974926 0.209001
0.511733 0.177242 1.505123 0.035042 -0.067839 0.974980 0.208765
0.511478 0.177377 1.505075 0.035245 -0.067677 0.975034 0.208535
0.511185 0.177445 1.505043 0.035494 -0.067580 0.975116 0.208137
0.510863 0.177493 1.505018 0.035746 -0.067488 0.975198 0.207740
0.510522 0.177546 1.504995 0.035992 -0.067370 0.975281 0.207347
0.510168 0.177611 1.504971 0.036231 -0.067224 0.975365 0.206956
0.509804 0.177687 1.504945 0.036467 -0.067056 0.975451 0.206567
0.509432 0.177774 1.504916 0.036700 -0.066873 0.975536 0.206179
0.509054 0.177871 1.504883 0.036933 -0.066680 0.975622 0.205795
0.508669 0.177977 1.504847 0.037164 -0.066481 0.975707 0.205413
0.508280 0.178091 1.504809 0.037396 -0.066277 0.975792 0.205035
0.507886 0.178212 1.504768 0.037626 -0.066072 0.975875 0.204661
0.507487 0.178339 1.504725 0.037856 -0.065864 0.975958 0.204290
0.507084 0.178472 1.504681 0.038084 -0.065656 0.976040 0.203924
0.506676 0.178610 1.504636 0.038310 -0.065448 0.976121 0.203561
0.506265 0.178753 1.504591 0.038534 -0.065239 0.976201 0.203203
0.505851 0.178902 1.504545 0.038755 -0.065030 0.976279 0.202849
0.505433 0.179054 1.504499 0.038973 -0.064821 0.976357 0.202500
0.505011 0.179211 1.504454 0.039188 -0.064613 0.976434 0.202156
0.504587 0.179372 1.504409 0.039399 -0.064404 0.976509 0.201818
0.504161 0.179536 1.504365 0.039607 -0.064197 0.976582 0.201487
0.503736 0.179703 1.504320 0.039815 -0.063990 0.976654 0.201162
0.503313 0.179875 1.504275 0.040021 -0.063783 0.976725 0.200842
0.502893 0.180051 1.504228 0.040227 -0.063577 0.976795 0.200528
0.502476 0.180230 1.504181 0.040432 -0.063374 0.976863 0.200220
0.502063 0.180413 1.504132 0.040637 -0.063174 0.976929 0.199918
0.501654 0.180598 1.504083 0.040842 -0.062978 0.976994 0.199621
0.501250 0.180786 1.504034 0.041046 -0.062787 0.977057 0.199332
0.500850 0.180974 1.503984 0.041249 -0.062601 0.977118 0.199049
0.500454 0.181164 1.503934 0.041451 -0.062419 0.977177 0.198773
0.500063 0.181355 1.503884 0.041652 -0.062242 0.977235 0.198504
0.499677 0.181546 1.503834 0.041851 -0.062070 0.977290 0.198241
0.499296 0.181738 1.503784 0.042048 -0.061901 0.977344 0.197986
0.498920 0.181929 1.503735 0.042242 -0.061737 0.977396 0.197739
0.498548 0.182120 1.503687 0.042434 -0.061577 0.977447 0.197498
0.498182 0.182310 1.503639 0.042623 -0.061421 0.977495 0.197265
0.497820 0.182499 1.503593 0.042809 -0.061269 0.977542 0.197039
0.497463 0.182687 1.503547 0.042992 -0.061120 0.977588 0.196820
0.497111 0.182874 1.503502 0.043172 -0.060975 0.977631 0.196609
0.496764 0.183060 1.503458 0.043349 -0.060833 0.977674 0.196404
0.496422 0.183244 1.503415 0.043522 -0.060694 0.977714 0.196206
0.496084 0.183426 1.503373 0.043691 -0.060558 0.977753 0.196016
0.495737 0.183518 1.503345 0.043992 -0.060565 0.977769 0.195871
0.495379 0.183582 1.503334 0.044332 -0.060614 0.977777 0.195737
0.495013 0.183646 1.503335 0.044677 -0.060655 0.977786 0.195600
0.494640 0.183719 1.503346 0.045013 -0.060676 0.977798 0.195456
0.494260 0.183804 1.503365 0.045335 -0.060676 0.977814 0.195304
0.493874 0.183900 1.503392 0.045641 -0.060660 0.977832 0.195145
0.493482 0.184005 1.503424 0.045930 -0.060632 0.977853 0.194981
0.493085 0.184120 1.503460 0.046203 -0.060592 0.977876 0.194811
0.492683 0.184243 1.503501 0.046461 -0.060545 0.977902 0.194638
0.492275 0.184372 1.503545 0.046704 -0.060491 0.977929 0.194462
0.491864 0.184508 1.503592 0.046933 -0.060430 0.977957 0.194283
0.491448 0.184649 1.503641 0.047150 -0.060363 0.977986 0.194103
0.491027 0.184795 1.503692 0.047354 -0.060291 0.978017 0.193922
0.490603 0.184945 1.503745 0.047548 -0.060215 0.978048 0.193741
0.490176 0.185100 1.503800 0.047730 -0.060133 0.978080 0.193560
0.489744 0.185258 1.503856 0.047902 -0.060046 0.978113 0.193379
0.489310 0.185419 1.503913 0.048065 -0.059955 0.978146 0.193199
0.488872 0.185583 1.503971 0.048219 -0.059860 0.978179 0.193020
0.488431 0.185750 1.504031 0.048364 -0.059761 0.978213 0.192842
0.487988 0.185918 1.504091 0.048501 -0.059657 0.978248 0.192667
0.487542 0.186090 1.504152 0.048630 -0.059550 0.978282 0.192493
0.487093 0.186263 1.504214 0.048752 -0.059440 0.978316 0.192321
0.486642 0.186438 1.504277 0.048867 -0.059325 0.978351 0.192152
0.486192 0.186617 1.504339 0.048977 -0.059205 0.978386 0.191982
0.485744 0.186801 1.504399 0.049084 -0.059080 0.978421 0.191813
0.485300 0.186989 1.504458 0.049190 -0.058954 0.978457 0.191644
0.484859 0.187180 1.504514 0.049295 -0.058828 0.978492 0.191475
0.484423 0.187373 1.504569 0.049399 -0.058704 0.978527 0.191307
0.483992 0.187569 1.504621 0.049504 -0.058581 0.978562 0.191141
0.483566 0.187765 1.504671 0.049608 -0.058461 0.978596 0.190976
0.483144 0.187962 1.504720 0.049713 -0.058343 0.978629 0.190813
0.482728 0.188160 1.504767 0.049817 -0.058228 0.978662 0.190651
0.482317 0.188358 1.504812 0.049920 -0.058117 0.978695 0.190492
0.481912 0.188555 1.504856 0.050023 -0.058008 0.978726 0.190335
0.481512 0.188752 1.504899 0.050125 -0.057902 0.978757 0.190181
0.481117 0.188948 1.504941 0.050226 -0.057799 0.978788 0.190029
0.480728 0.189142 1.504981 0.050326 -0.057698 0.978818 0.189880
0.480344 0.189336 1.505021 0.050424 -0.057600 0.978847 0.189734
0.479966 0.189528 1.505061 0.050521 -0.057505 0.978875 0.189590
0.479593 0.189718 1.505099 0.050616 -0.057411 0.978903 0.189449
0.479218 0.189818 1.505146 0.050851 -0.057481 0.978906 0.189349
0.478835 0.189888 1.505197 0.051128 -0.057592 0.978902 0.189260
0.478445 0.189955 1.505251 0.051420 -0.057697 0.978898 0.189170
0.478049 0.190026 1.505307 0.051712 -0.057783 0.978896 0.189076
0.477648 0.190104 1.505364 0.051999 -0.057851 0.978896 0.188978
0.477242 0.190190 1.505421 0.052279 -0.057903 0.978898 0.188874
0.476831 0.190282 1.505478 0.052550 -0.057941 0.978902 0.188767
0.476416 0.190380 1.505536 0.052813 -0.057967 0.978907 0.188656
0.475997 0.190483 1.505594 0.053067 -0.057984 0.978915 0.188542
0.475573 0.190592 1.505651 0.053312 -0.057992 0.978923 0.188426
0.475146 0.190704 1.505709 0.053548 -0.057993 0.978933 0.188309
0.474715 0.190820 1.505766 0.053776 -0.057987 0.978944 0.188189
0.474281 0.190940 1.505824 0.053995 -0.057975 0.978955 0.188069
0.473844 0.191063 1.505882 0.054206 -0.057957 0.978968 0.187948
0.473404 0.191188 1.505941 0.054409 -0.057933 0.978981 0.187827
0.472961 0.191317 1.506000 0.054604 -0.057903 0.978996 0.187705
0.472515 0.191447 1.506059 0.054791 -0.057869 0.979011 0.187583
0.472066 0.191580 1.506119 0.054971 -0.057829 0.979026 0.187461
0.471615 0.191715 1.506180 0.055143 -0.057785 0.979042 0.187340
0.471161 0.191852 1.506242 0.055307 -0.057736 0.979059 0.187218
0.470705 0.191991 1.506304 0.055465 -0.057683 0.979077 0.187098
0.470246 0.192131 1.506368 0.055614 -0.057626 0.979094 0.186977
0.469786 0.192273 1.506433 0.055757 -0.057564 0.979113 0.186858
0.469323 0.192416 1.506499 0.055893 -0.057498 0.979131 0.186739
0.468859 0.192561 1.506566 0.056021 -0.057429 0.979151 0.186621
0.468392 0.192706 1.506635 0.056143 -0.057356 0.979170 0.186504
0.467924 0.192853 1.506705 0.056258 -0.057279 0.979190 0.186388
0.467454 0.193001 1.506777 0.056366 -0.057199 0.979211 0.186273
0.466982 0.193150 1.506850 0.056467 -0.057116 0.979232 0.186158
0.466508 0.193299 1.506925 0.056561 -0.057029 0.979253 0.186045
0.466033 0.193450 1.507001 0.056650 -0.056940 0.979274 0.185932
0.465560 0.193603 1.507078 0.056734 -0.056845 0.979296 0.185819
0.465090 0.193760 1.507153 0.056816 -0.056746 0.979319 0.185706
0.464625 0.193920 1.507227 0.056896 -0.056644 0.979342 0.185591
0.464164 0.194083 1.507299 0.056975 -0.056542 0.979365 0.185476
0.463708 0.194247 1.507370 0.057054 -0.056439 0.979388 0.185361
0.463258 0.194414 1.507439 0.057132 -0.056339 0.979411 0.185246
0.462813 0.194580 1.507507 0.057210 -0.056240 0.979434 0.185130
0.462374 0.194748 1.507573 0.057287 -0.056143 0.979457 0.185016
0.461941 0.194916 1.507637 0.057363 -0.056048 0.979479 0.184901
0.461530 0.194999 1.507712 0.057608 -0.056153 0.979475 0.184816
0.461128 0.195063 1.507795 0.057919 -0.056303 0.979464 0.184734
0.460729 0.195125 1.507888 0.058254 -0.056458 0.979451 0.184649
0.460330 0.195193 1.507989 0.058590 -0.056603 0.979439 0.184559
0.459928 0.195269 1.508099 0.058916 -0.056736 0.979430 0.184465
0.459523 0.195353 1.508217 0.059226 -0.056857 0.979423 0.184366
0.459114 0.195444 1.508341 0.059517 -0.056966 0.979418 0.184265
0.458701 0.195542 1.508471 0.059789 -0.057064 0.979415 0.184160
0.458283 0.195645 1.508606 0.060043 -0.057153 0.979414 0.184054
0.457861 0.195753 1.508745 0.060277 -0.057233 0.979415 0.183947
0.457434 0.195866 1.508888 0.060495 -0.057304 0.979418 0.183838
0.457004 0.195983 1.509035 0.060695 -0.057366 0.979423 0.183728
0.456570 0.196103 1.509183 0.060880 -0.057421 0.979429 0.183618
0.456133 0.196226 1.509334 0.061051 -0.057468 0.979436 0.183508
0.455692 0.196351 1.509486 0.061208 -0.057508 0.979444 0.183398
0.455248 0.196479 1.509639 0.061353 -0.057540 0.979454 0.183289
0.454800 0.196608 1.509794 0.061486 -0.057566 0.979465 0.183180
0.454350 0.196739 1.509950 0.061607 -0.057585 0.979476 0.183071
0.453898 0.196872 1.510106 0.061719 -0.057598 0.979488 0.182964
0.453442 0.197005 1.510263 0.061821 -0.057605 0.979501 0.182857
0.452985 0.197140 1.510420 0.061914 -0.057606 0.979515 0.182751
0.452525 0.197275 1.510578 0.061998 -0.057602 0.979530 0.182646
0.452062 0.197411 1.510737 0.062074 -0.057592 0.979545 0.182542
0.451598 0.197547 1.510895 0.062143 -0.057577 0.979561 0.182439
0.451132 0.197684 1.511054 0.062204 -0.057558 0.979577 0.182337
0.450663 0.197821 1.511214 0.062258 -0.057533 0.979594 0.182236
0.450193 0.197959 1.511374 0.062306 -0.057505 0.979611 0.182136
0.449721 0.198097 1.511534 0.062347 -0.057472 0.979629 0.182037
0.449248 0.198235 1.511695 0.062381 -0.057436 0.979647 0.181939
0.448773 0.198373 1.511856 0.062410 -0.057395 0.979666 0.181841
0.448296 0.198511 1.512018 0.062433 -0.057351 0.979685 0.181744
0.447818 0.198649 1.512180 0.062450 -0.057303 0.979704 0.181648
0.447338 0.198788 1.512343 0.062461 -0.057252 0.979724 0.181552
0.446857 0.198929 1.512506 0.062467 -0.057195 0.979745 0.181456
0.446376 0.199075 1.512669 0.062467 -0.057130 0.979767 0.181356
0.445896 0.199227 1.512831 0.062462 -0.057059 0.979791 0.181253
0.445416 0.199385 1.512991 0.062453 -0.056983 0.979816 0.181146
0.444936 0.199550 1.513150 0.062441 -0.056903 0.979842 0.181034
0.444457 0.199722 1.513308 0.062425 -0.056821 0.979869 0.180916
0.443979 0.199900 1.513464 0.062408 -0.056737 0.979898 0.180793
0.443531 0.199994 1.513630 0.062553 -0.056886 0.979898 0.180697
0.443098 0.200061 1.513807 0.062765 -0.057122 0.979887 0.180608
0.442671 0.200121 1.513997 0.062997 -0.057388 0.979872 0.180522
0.442246 0.200185 1.514202 0.063225 -0.057661 0.979857 0.180437
0.441821 0.200254 1.514418 0.063437 -0.057932 0.979843 0.180351
0.441393 0.200330 1.514647 0.063627 -0.058196 0.979831 0.180265
0.440961 0.200412 1.514885 0.063794 -0.058451 0.979821 0.180179
0.440526 0.200500 1.515133 0.063938 -0.058697 0.979813 0.180094
0.440087 0.200594 1.515388 0.064058 -0.058933 0.979806 0.180010
0.439644 0.200692 1.515650 0.064156 -0.059159 0.979801 0.179927
0.439197 0.200794 1.515917 0.064234 -0.059375 0.979798 0.179845
0.438747 0.200900 1.516188 0.064294 -0.059582 0.979796 0.179765
0.438293 0.201008 1.516462 0.064337 -0.059778 0.979796 0.179686
0.437836 0.201119 1.516740 0.064364 -0.059965 0.979797 0.179609
0.437376 0.201232 1.517019 0.064377 -0.060143 0.979799 0.179533
0.436914 0.201347 1.517299 0.064377 -0.060312 0.979802 0.179458
0.436448 0.201463 1.517581 0.064366 -0.060472 0.979807 0.179385
0.435981 0.201580 1.517863 0.064344 -0.060623 0.979812 0.179314
0.435510 0.201698 1.518145 0.064312 -0.060766 0.979818 0.179244
0.435038 0.201817 1.518427 0.064272 -0.060901 0.979825 0.179175
0.434563 0.201937 1.518708 0.064224 -0.061027 0.979832 0.179108
0.434087 0.202056 1.518989 0.064168 -0.061146 0.979841 0.179041
0.433609 0.202177 1.519269 0.064106 -0.061258 0.979850 0.178976
0.433128 0.202297 1.519549 0.064037 -0.061362 0.979860 0.178911
0.432647 0.202417 1.519827 0.063963 -0.061460 0.979870 0.178847
0.432163 0.202537 1.520104 0.063883 -0.061551 0.979881 0.178783
0.431678 0.202658 1.520381 0.063798 -0.061635 0.979893 0.178720
0.431191 0.202778 1.520656 0.063709 -0.061713 0.979905 0.178658
0.430703 0.202898 1.520929 0.063615 -0.061785 0.979918 0.178595
0.430214 0.203017 1.521202 0.063517 -0.061852 0.979932 0.178532
0.429723 0.203137 1.521474 0.063416 -0.061912 0.979946 0.178470
0.429231 0.203256 1.521744 0.063310 -0.061968 0.979961 0.178407
0.428738 0.203375 1.522013 0.063201 -0.062018 0.979976 0.178344
0.428243 0.203493 1.522282 0.063089 -0.062063 0.979992 0.178281
0.427747 0.203612 1.522549 0.062973 -0.062103 0.980008 0.178217
0.427250 0.203730 1.522814 0.062855 -0.062139 0.980025 0.178152
0.426752 0.203847 1.523079 0.062733 -0.062170 0.980043 0.178087
0.426252 0.203964 1.523343 0.062608 -0.062197 0.980061 0.178021
0.425752 0.204081 1.523606 0.062481 -0.062220 0.980080 0.177954
0.425250 0.204198 1.523868 0.062350 -0.062238 0.980100 0.177887
0.424781 0.204259 1.524136 0.062361 -0.062436 0.980096 0.177831
0.424327 0.204306 1.524424 0.062416 -0.062705 0.980085 0.177781
0.423879 0.204354 1.524732 0.062478 -0.063006 0.980070 0.177734
0.423433 0.204407 1.525060 0.062526 -0.063318 0.980055 0.177689
0.422986 0.204467 1.525407 0.062552 -0.063635 0.980041 0.177646
0.422536 0.204534 1.525770 0.062552 -0.063950 0.980028 0.177605
0.422083 0.204609 1.526147 0.062525 -0.064263 0.980016 0.177566
0.421626 0.204689 1.526537 0.062471 -0.064570 0.980006 0.177530
0.421164 0.204776 1.526937 0.062392 -0.064872 0.979997 0.177496
0.420698 0.204866 1.527345 0.062292 -0.065168 0.979989 0.177466
0.420229 0.204960 1.527761 0.062172 -0.065460 0.979982 0.177440
0.419756 0.205057 1.528183 0.062037 -0.065748 0.979975 0.177418
0.419280 0.205156 1.528609 0.061889 -0.066030 0.979969 0.177399
0.418801 0.205257 1.529038 0.061729 -0.066309 0.979963 0.177383
0.418319 0.205359 1.529471 0.061559 -0.066582 0.979958 0.177370
0.417835 0.205464 1.529906 0.061381 -0.066851 0.979953 0.177358
0.417348 0.205569 1.530343 0.061196 -0.067114 0.979948 0.177349
0.416860 0.205676 1.530780 0.061003 -0.067373 0.979944 0.177341
0.416369 0.205784 1.531218 0.060805 -0.067626 0.979940 0.177334
0.415876 0.205893 1.531656 0.060602 -0.067873 0.979937 0.177327
0.415381 0.206003 1.532094 0.060394 -0.068115 0.979934 0.177321
0.414885 0.206114 1.532532 0.060181 -0.068352 0.979932 0.177314
0.414386 0.206225 1.532968 0.059966 -0.068583 0.979930 0.177307
0.413886 0.206337 1.533403 0.059746 -0.068808 0.979929 0.177299
0.413384 0.206449 1.533837 0.059524 -0.069027 0.979929 0.177291
0.412880 0.206561 1.534268 0.059299 -0.069241 0.979929 0.177281
0.412375 0.206674 1.534698 0.059072 -0.069450 0.979930 0.177270
0.411868 0.206787 1.535126 0.058842 -0.069652 0.979932 0.177257
0.411360 0.206900 1.535551 0.058611 -0.069849 0.979934 0.177242
0.410850 0.207013 1.535974 0.058378 -0.070040 0.979937 0.177226
0.410339 0.207126 1.536394 0.058143 -0.070226 0.979941 0.177207
0.409826 0.207238 1.536812 0.057907 -0.070406 0.979946 0.177186
0.409312 0.207351 1.537226 0.057671 -0.070580 0.979952 0.177163
0.408797 0.207463 1.537638 0.057433 -0.070749 0.979958 0.177138
0.408280 0.207575 1.538047 0.057194 -0.070913 0.979966 0.177110
0.407763 0.207687 1.538453 0.056954 -0.071071 0.979974 0.177079
0.407244 0.207799 1.538855 0.056714 -0.071224 0.979982 0.177046
0.406724 0.207909 1.539255 0.056474 -0.071372 0.979992 0.177010
0.406203 0.208020 1.539651 0.056233 -0.071514 0.980003 0.176971
0.405680 0.208130 1.540045 0.055991 -0.071651 0.980014 0.176929
0.405193 0.208198 1.540435 0.055904 -0.071916 0.980006 0.176891
0.404722 0.208251 1.540826 0.055885 -0.072237 0.979990 0.176859
0.404259 0.208299 1.541221 0.055899 -0.072584 0.979968 0.176832
0.403798 0.208348 1.541620 0.055926 -0.072943 0.979944 0.176810
0.403338 0.208399 1.542024 0.055957 -0.073307 0.979918 0.176793
0.402876 0.208453 1.542434 0.055986 -0.073674 0.979891 0.176779
0.402413 0.208511 1.542849 0.056009 -0.074042 0.979864 0.176768
0.401947 0.208572 1.543268 0.056025 -0.074408 0.979837 0.176760
0.401478 0.208636 1.543691 0.056032 -0.074772 0.979810 0.176753
0.401006 0.208704 1.544118 0.056030 -0.075133 0.979784 0.176748
0.400531 0.208775 1.544548 0.056020 -0.075491 0.979757 0.176744
0.400053 0.208848 1.544979 0.056000 -0.075845 0.979732 0.176741
0.399571 0.208924 1.545413 0.055973 -0.076194 0.979707 0.176738
0.399087 0.209003 1.545848 0.055937 -0.076539 0.979682 0.176735
0.398599 0.209083 1.546284 0.055894 -0.076880 0.979659 0.176732
0.398109 0.209165 1.546720 0.055844 -0.077214 0.979636 0.176728
0.397616 0.209249 1.547155 0.055787 -0.077544 0.979614 0.176723
0.397121 0.209335 1.547591 0.055723 -0.077868 0.979593 0.176717
0.396623 0.209421 1.548025 0.055654 -0.078186 0.979573 0.176710
0.396122 0.209509 1.548458 0.055579 -0.078498 0.979554 0.176701
0.395620 0.209597 1.548890 0.055499 -0.078805 0.979536 0.176690
0.395115 0.209687 1.549320 0.055414 -0.079105 0.979519 0.176678
0.394608 0.209777 1.549748 0.055324 -0.079399 0.979502 0.176663
0.394098 0.209867 1.550174 0.055230 -0.079687 0.979487 0.176647
0.393587 0.209958 1.550597 0.055132 -0.079968 0.979473 0.176628
0.393074 0.210049 1.551018 0.055030 -0.080243 0.979460 0.176606
0.392560 0.210140 1.551437 0.054925 -0.080512 0.979449 0.176582
0.392043 0.210231 1.551852 0.054816 -0.080775 0.979438 0.176556
0.391525 0.210322 1.552265 0.054704 -0.081031 0.979428 0.176527
0.391005 0.210412 1.552675 0.054588 -0.081281 0.979420 0.176495
0.390484 0.210503 1.553081 0.054470 -0.081524 0.979412 0.176460
0.389962 0.210593 1.553485 0.054349 -0.081762 0.979406 0.176423
0.389438 0.210682 1.553885 0.054226 -0.081993 0.979401 0.176382
0.388912 0.210771 1.554282 0.054099 -0.082218 0.979397 0.176339
0.388386 0.210860 1.554676 0.053971 -0.082436 0.979394 0.176293
0.387858 0.210948 1.555066 0.053840 -0.082649 0.979392 0.176244
0.387329 0.211035 1.555453 0.053707 -0.082856 0.979391 0.176192
0.386799 0.211121 1.555837 0.053572 -0.083056 0.979391 0.176137
0.386268 0.211207 1.556217 0.053435 -0.083251 0.979393 0.176079
0.385736 0.211291 1.556594 0.053296 -0.083440 0.979395 0.176018
0.385234 0.211352 1.556986 0.053297 -0.083703 0.979343 0.176183
0.384756 0.211410 1.557399 0.053376 -0.083993 0.979278 0.176382
0.384287 0.211473 1.557833 0.053480 -0.084295 0.979212 0.176571
0.383821 0.211541 1.558290 0.053585 -0.084609 0.979147 0.176751
0.383356 0.211613 1.558766 0.053681 -0.084935 0.979083 0.176922
0.382887 0.211689 1.559260 0.053761 -0.085271 0.979020 0.177085
0.382416 0.211770 1.559771 0.053824 -0.085617 0.978958 0.177239
0.381941 0.211853 1.560296 0.053867 -0.085973 0.978898 0.177385
0.381461 0.211940 1.560833 0.053891 -0.086337 0.978840 0.177522
0.380977 0.212029 1.561382 0.053898 -0.086707 0.978784 0.177650
0.380489 0.212120 1.561940 0.053887 -0.087083 0.978729 0.177770
0.379997 0.212214 1.562505 0.053860 -0.087464 0.978677 0.177880
0.379500 0.212310 1.563077 0.053819 -0.087848 0.978626 0.177980
0.379000 0.212407 1.563653 0.053762 -0.088234 0.978581 0.178057
0.378496 0.212505 1.564233 0.053693 -0.088622 0.978537 0.178123
0.377989 0.212604 1.564816 0.053613 -0.089012 0.978496 0.178182
0.377478 0.212704 1.565401 0.053523 -0.089402 0.978456 0.178234
0.376964 0.212804 1.565986 0.053424 -0.089791 0.978417 0.178279
0.376447 0.212905 1.566571 0.053317 -0.090178 0.978380 0.178317
0.375927 0.213005 1.567156 0.053202 -0.090564 0.978345 0.178349
0.375405 0.213106 1.567738 0.053081 -0.090947 0.978311 0.178375
0.374880 0.213206 1.568319 0.052953 -0.091327 0.978279 0.178396
0.374352 0.213305 1.568897 0.052821 -0.091703 0.978248 0.178411
0.373823 0.213404 1.569472 0.052684 -0.092076 0.978219 0.178421
0.373291 0.213502 1.570043 0.052542 -0.092444 0.978191 0.178427
0.372757 0.213600 1.570611 0.052397 -0.092807 0.978164 0.178427
0.372221 0.213696 1.571174 0.052249 -0.093165 0.978139 0.178424
0.371684 0.213792 1.571733 0.052098 -0.093518 0.978115 0.178416
0.371145 0.213886 1.572287 0.051944 -0.093866 0.978092 0.178404
0.370604 0.213979 1.572835 0.051788 -0.094208 0.978070 0.178388
0.370062 0.214070 1.573379 0.051630 -0.094545 0.978049 0.178368
0.369518 0.214161 1.573917 0.051471 -0.094875 0.978030 0.178345
0.368973 0.214249 1.574450 0.051310 -0.095199 0.978012 0.178319
0.368427 0.214336 1.574977 0.051147 -0.095517 0.977994 0.178290
0.367880 0.214422 1.575498 0.050984 -0.095829 0.977978 0.178258
0.367332 0.214506 1.576014 0.050819 -0.096135 0.977963 0.178223
0.366782 0.214588 1.576524 0.050654 -0.096434 0.977949 0.178185
0.366232 0.214668 1.577027 0.050489 -0.096727 0.977936 0.178145
0.365681 0.214746 1.577525 0.050322 -0.097013 0.977924 0.178102
0.365129 0.214823 1.578018 0.050155 -0.097293 0.977913 0.178057
0.364590 0.214865 1.578521 0.050097 -0.097668 0.977803 0.178470
0.364054 0.214897 1.579037 0.050062 -0.098088 0.977673 0.178962
0.363520 0.214928 1.579567 0.050029 -0.098531 0.977541 0.179448
0.362985 0.214959 1.580111 0.049989 -0.098989 0.977411 0.179918
0.362448 0.214991 1.580666 0.049939 -0.099458 0.977282 0.180370
0.361909 0.215024 1.581231 0.049878 -0.099936 0.977156 0.180805
0.361367 0.215060 1.581805 0.049805 -0.100421 0.977033 0.181223
0.360823 0.215096 1.582385 0.049721 -0.100911 0.976912 0.181625
0.360276 0.215134 1.582972 0.049627 -0.101405 0.976794 0.182011
0.359726 0.215173 1.583563 0.049522 -0.101901 0.976678 0.182382
0.359174 0.215213 1.584157 0.049407 -0.102398 0.976565 0.182739
0.358619 0.215253 1.584752 0.049285 -0.102895 0.976455 0.183081
0.358062 0.215294 1.585349 0.049155 -0.103391 0.976348 0.183410
0.357502 0.215335 1.585946 0.049018 -0.103885 0.976243 0.183725
0.356941 0.215376 1.586542 0.048875 -0.104377 0.976141 0.184028
0.356377 0.215417 1.587137 0.048728 -0.104865 0.976041 0.184319
0.355812 0.215458 1.587729 0.048576 -0.105349 0.975944 0.184597
0.355246 0.215498 1.588318 0.048420 -0.105829 0.975849 0.184865
0.354678 0.215538 1.588903 0.048261 -0.106304 0.975756 0.185121
0.354108 0.215577 1.589485 0.048100 -0.106773 0.975666 0.185367
0.353538 0.215615 1.590062 0.047936 -0.107237 0.975579 0.185602
0.352966 0.215653 1.590634 0.047771 -0.107694 0.975494 0.185828
0.352394 0.215690 1.591202 0.047604 -0.108145 0.975411 0.186044
0.351820 0.215725 1.591764 0.047436 -0.108590 0.975330 0.186251
0.351246 0.215759 1.592320 0.047268 -0.109027 0.975252 0.186449
0.350671 0.215792 1.592871 0.047099 -0.109457 0.975175 0.186638
0.350096 0.215824 1.593415 0.046929 -0.109880 0.975101 0.186819
0.349520 0.215854 1.593953 0.046760 -0.110295 0.975029 0.186993
0.348944 0.215883 1.594486 0.046590 -0.110703 0.974960 0.187158
0.348367 0.215910 1.595011 0.046421 -0.111103 0.974892 0.187316
0.347790 0.215936 1.595531 0.046252 -0.111495 0.974826 0.187468
0.347213 0.215961 1.596044 0.046083 -0.111879 0.974762 0.187612
0.346635 0.215983 1.596550 0.045915 -0.112256 0.974700 0.187749
0.346058 0.216005 1.597050 0.045748 -0.112625 0.974640 0.187880
0.345480 0.216024 1.597543 0.045581 -0.112986 0.974582 0.188005
0.344903 0.216042 1.598030 0.045414 -0.113340 0.974526 0.188124
0.344325 0.216058 1.598511 0.045249 -0.113686 0.974472 0.188237
0.343747 0.216072 1.598985 0.045084 -0.114024 0.974419 0.188344
0.343170 0.216085 1.599453 0.044920 -0.114354 0.974368 0.188446
0.342592 0.216095 1.599914 0.044757 -0.114677 0.974319 0.188542
0.342026 0.216044 1.600389 0.044744 -0.115182 0.974111 0.189313
0.341464 0.215983 1.600885 0.044749 -0.115744 0.973885 0.190128
0.340902 0.215921 1.601403 0.044751 -0.116340 0.973658 0.190924
0.340339 0.215859 1.601940 0.044742 -0.116959 0.973433 0.191695
0.339774 0.215798 1.602494 0.044720 -0.117596 0.973210 0.192441
0.339207 0.215739 1.603064 0.044684 -0.118246 0.972990 0.193163
0.338637 0.215682 1.603646 0.044634 -0.118908 0.972773 0.193860
0.338063 0.215628 1.604240 0.044570 -0.119577 0.972559 0.194534
0.337487 0.215575 1.604842 0.044493 -0.120252 0.972349 0.195185
0.336908 0.215523 1.605451 0.044405 -0.120932 0.972142 0.195815
0.336327 0.215473 1.606065 0.044306 -0.121613 0.971939 0.196423
0.335743 0.215424 1.606683 0.044198 -0.122294 0.971739 0.197011
0.335157 0.215376 1.607304 0.044082 -0.122975 0.971543 0.197580
0.334569 0.215329 1.607925 0.043958 -0.123654 0.971351 0.198129
0.333979 0.215282 1.608547 0.043829 -0.124329 0.971162 0.198659
0.333388 0.215236 1.609167 0.043695 -0.125000 0.970977 0.199172
0.332795 0.215190 1.609785 0.043557 -0.125666 0.970795 0.199668
0.332201 0.215145 1.610400 0.043415 -0.126326 0.970617 0.200146
0.331606 0.215099 1.611012 0.043271 -0.126979 0.970443 0.200609
0.331011 0.215053 1.611620 0.043125 -0.127625 0.970272 0.201056
0.330415 0.215007 1.612223 0.042977 -0.128263 0.970105 0.201488
0.329818 0.214960 1.612820 0.042827 -0.128893 0.969942 0.201906
0.329221 0.214913 1.613413 0.042678 -0.129514 0.969781 0.202309
0.328623 0.214866 1.613999 0.042527 -0.130125 0.969625 0.202699
0.328026 0.214817 1.614578 0.042377 -0.130728 0.969471 0.203076
0.327428 0.214769 1.615152 0.042227 -0.131320 0.969322 0.203440
0.326831 0.214719 1.615718 0.042078 -0.131903 0.969175 0.203791
0.326234 0.214668 1.616278 0.041929 -0.132475 0.969032 0.204131
0.325636 0.214616 1.616830 0.041781 -0.133038 0.968892 0.204459
0.325040 0.214564 1.617375 0.041634 -0.133590 0.968755 0.204776
0.324443 0.214510 1.617913 0.041487 -0.134131 0.968622 0.205083
0.323847 0.214455 1.618443 0.041342 -0.134663 0.968492 0.205378
0.323251 0.214399 1.618967 0.041199 -0.135183 0.968365 0.205664
0.322656 0.214342 1.619482 0.041056 -0.135694 0.968241 0.205940
0.322062 0.214284 1.619991 0.040915 -0.136194 0.968120 0.206207
0.321468 0.214224 1.620492 0.040775 -0.136683 0.968002 0.206464
0.320874 0.214163 1.620985 0.040637 -0.137162 0.967887 0.206712
0.320281 0.214101 1.621472 0.040499 -0.137631 0.967775 0.206952
0.319689 0.214038 1.621951 0.040363 -0.138090 0.967666 0.207183
0.319098 0.213973 1.622423 0.040229 -0.138539 0.967559 0.207407
0.318506 0.213810 1.622897 0.040260 -0.139291 0.967235 0.208407
0.317911 0.213613 1.623391 0.040308 -0.140182 0.966868 0.209502
0.317313 0.213403 1.623907 0.040354 -0.141147 0.966486 0.210606
0.316714 0.213190 1.624444 0.040393 -0.142158 0.966096 0.211704
0.316111 0.212978 1.625002 0.040422 -0.143196 0.965701 0.212797
0.315506 0.212767 1.625576 0.040441 -0.144253 0.965303 0.213883
0.314899 0.212559 1.626165 0.040451 -0.145321 0.964903 0.214959
0.314288 0.212355 1.626767 0.040447 -0.146395 0.964507 0.216005
0.313675 0.212155 1.627378 0.040431 -0.147471 0.964116 0.217019
0.313060 0.211957 1.627998 0.040405 -0.148547 0.963731 0.218001
0.312442 0.211763 1.628623 0.040369 -0.149620 0.963350 0.218953
0.311822 0.211572 1.629252 0.040325 -0.150690 0.962975 0.219876
0.311201 0.211383 1.629884 0.040274 -0.151753 0.962605 0.220771
0.310579 0.211196 1.630516 0.040218 -0.152808 0.962241 0.221639
0.309956 0.211012 1.631148 0.040156 -0.153854 0.961883 0.222480
0.309331 0.210830 1.631778 0.040091 -0.154889 0.961531 0.223295
0.308707 0.210649 1.632406 0.040022 -0.155913 0.961184 0.224086
0.308082 0.210470 1.633030 0.039952 -0.156925 0.960843 0.224853
0.307457 0.210293 1.633649 0.039879 -0.157923 0.960508 0.225596
0.306832 0.210117 1.634264 0.039806 -0.158907 0.960179 0.226318
0.306207 0.209942 1.634872 0.039732 -0.159876 0.959856 0.227017
0.305583 0.209768 1.635475 0.039657 -0.160830 0.959539 0.227696
0.304959 0.209595 1.636071 0.039583 -0.161769 0.959228 0.228355
0.304336 0.209422 1.636660 0.039509 -0.162692 0.958922 0.228994
0.303714 0.209251 1.637241 0.039436 -0.163599 0.958623 0.229613
0.303093 0.209080 1.637815 0.039364 -0.164489 0.958329 0.230215
0.302473 0.208910 1.638381 0.039293 -0.165363 0.958041 0.230799
0.301854 0.208740 1.638939 0.039223 -0.166220 0.957759 0.231365
0.301236 0.208570 1.639489 0.039154 -0.167061 0.957483 0.231915
0.300619 0.208401 1.640031 0.039086 -0.167884 0.957212 0.232448
0.300004 0.208231 1.640565 0.039020 -0.168692 0.956947 0.232966
0.299390 0.208062 1.641090 0.038956 -0.169482 0.956687 0.233469
0.298777 0.207894 1.641607 0.038892 -0.170257 0.956433 0.233956
0.298166 0.207725 1.642116 0.038830 -0.171014 0.956185 0.234430
0.297556 0.207556 1.642616 0.038770 -0.171756 0.955941 0.234890
0.296947 0.207387 1.643108 0.038711 -0.172481 0.955703 0.235336
0.296340 0.207218 1.643592 0.038653 -0.173191 0.955471 0.235769
0.295735 0.207048 1.644068 0.038596 -0.173885 0.955243 0.236189
0.295131 0.206879 1.644535 0.038541 -0.174563 0.955021 0.236597
0.294528 0.206709 1.644995 0.038487 -0.175226 0.954803 0.236993
0.293922 0.206437 1.645443 0.038607 -0.176207 0.954360 0.238028
0.293315 0.206130 1.645894 0.038756 -0.177318 0.953872 0.239134
0.292705 0.205810 1.646353 0.038907 -0.178493 0.953368 0.240242
0.292094 0.205486 1.646820 0.039055 -0.179699 0.952857 0.241345
0.291482 0.205162 1.647296 0.039200 -0.180919 0.952341 0.242442
0.290869 0.204841 1.647779 0.039341 -0.182144 0.951823 0.243533
0.290255 0.204522 1.648267 0.039478 -0.183366 0.951304 0.244619
0.289639 0.204207 1.648760 0.039612 -0.184582 0.950785 0.245700
0.289024 0.203895 1.649255 0.039744 -0.185788 0.950265 0.246777
0.288407 0.203587 1.649752 0.039874 -0.186983 0.949746 0.247849
0.287791 0.203281 1.650250 0.040004 -0.188163 0.949228 0.248919
0.287174 0.202980 1.650747 0.040133 -0.189328 0.948711 0.249984
0.286557 0.202681 1.651242 0.040263 -0.190476 0.948195 0.251047
0.285940 0.202385 1.651735 0.040393 -0.191607 0.947680 0.252106
0.285324 0.202092 1.652225 0.040525 -0.192719 0.947167 0.253163
0.284709 0.201801 1.652711 0.040659 -0.193812 0.946656 0.254218
0.284094 0.201513 1.653193 0.040795 -0.194886 0.946146 0.255271
0.283480 0.201228 1.653670 0.040934 -0.195940 0.945638 0.256321
0.282867 0.200945 1.654142 0.041075 -0.196973 0.945132 0.257370
0.282256 0.200664 1.654608 0.041220 -0.197986 0.944629 0.258417
0.281645 0.200385 1.655068 0.041368 -0.198978 0.944127 0.259462
0.281036 0.200109 1.655523 0.041514 -0.199949 0.943632 0.260490
0.280428 0.199834 1.655971 0.041659 -0.200899 0.943147 0.261491
0.279821 0.199562 1.656413 0.041801 -0.201828 0.942672 0.262465
0.279216 0.199292 1.656849 0.041940 -0.202738 0.942206 0.263413
0.278613 0.199023 1.657278 0.042078 -0.203628 0.941749 0.264336
0.278011 0.198755 1.657700 0.042214 -0.204499 0.941302 0.265233
0.277411 0.198489 1.658115 0.042347 -0.205351 0.940864 0.266106
0.276812 0.198224 1.658524 0.042479 -0.206184 0.940435 0.266956
0.276215 0.197961 1.658926 0.042608 -0.206999 0.940015 0.267783
0.275619 0.197698 1.659322 0.042736 -0.207795 0.939604 0.268587
0.275026 0.197437 1.659711 0.042862 -0.208573 0.939202 0.269370
0.274433 0.197177 1.660093 0.042985 -0.209333 0.938808 0.270132
0.273843 0.196917 1.660468 0.043107 -0.210076 0.938423 0.270874
0.273254 0.196659 1.660838 0.043227 -0.210801 0.938046 0.271596
0.272667 0.196402 1.661200 0.043345 -0.211509 0.937677 0.272298
0.272082 0.196145 1.661557 0.043461 -0.212201 0.937317 0.272981
0.271498 0.195889 1.661907 0.043575 -0.212876 0.936965 0.273647
0.270915 0.195634 1.662251 0.043686 -0.213536 0.936620 0.274294
0.270335 0.195380 1.662590 0.043796 -0.214179 0.936283 0.274924
0.269742 0.195029 1.662924 0.044042 -0.215138 0.935737 0.275993
0.269140 0.194637 1.663266 0.044297 -0.216256 0.935135 0.277115
0.268532 0.194228 1.663622 0.044543 -0.217457 0.934511 0.278240
0.267920 0.193812 1.663993 0.044778 -0.218704 0.933875 0.279359
0.267305 0.193395 1.664378 0.045004 -0.219976 0.933231 0.280473
0.266687 0.192980 1.664775 0.045222 -0.221260 0.932583 0.281581
0.266068 0.192566 1.665182 0.045434 -0.222548 0.931932 0.282685
0.265448 0.192155 1.665597 0.045641 -0.223833 0.931280 0.283783
0.264828 0.191747 1.666019 0.045845 -0.225113 0.930627 0.284878
0.264207 0.191342 1.666445 0.046045 -0.226384 0.929975 0.285968
0.263585 0.190940 1.666875 0.046244 -0.227642 0.929323 0.287054
0.262964 0.190542 1.667306 0.046442 -0.228887 0.928672 0.288136
0.262344 0.190147 1.667737 0.046641 -0.230116 0.928022 0.289216
0.261724 0.189756 1.668168 0.046840 -0.231327 0.927375 0.290292
0.261105 0.189367 1.668597 0.047040 -0.232520 0.926730 0.291365
0.260487 0.188981 1.669023 0.047243 -0.233694 0.926087 0.292436
0.259871 0.188599 1.669447 0.047448 -0.234847 0.925446 0.293504
0.259255 0.188219 1.669867 0.047656 -0.235980 0.924809 0.294570
0.258642 0.187843 1.670282 0.047867 -0.237091 0.924174 0.295633
0.258030 0.187469 1.670693 0.048081 -0.238180 0.923542 0.296695
0.257420 0.187098 1.671099 0.048299 -0.239247 0.922914 0.297755
0.256812 0.186729 1.671499 0.048520 -0.240292 0.922289 0.298813
0.256206 0.186363 1.671894 0.048745 -0.241315 0.921667 0.299869
0.255602 0.186000 1.672283 0.048974 -0.242315 0.921048 0.300924
0.255000 0.185639 1.672666 0.049206 -0.243292 0.920433 0.301978
0.254400 0.185280 1.673043 0.049443 -0.244247 0.919822 0.303030
0.253802 0.184924 1.673414 0.049683 -0.245180 0.919213 0.304081
0.253206 0.184570 1.673779 0.049926 -0.246091 0.918609 0.305131
0.252613 0.184218 1.674137 0.050169 -0.246980 0.918013 0.306163
0.252021 0.183869 1.674490 0.050408 -0.247847 0.917430 0.307170
0.251432 0.183522 1.674836 0.050643 -0.248693 0.916859 0.308151
0.250845 0.183177 1.675176 0.050875 -0.249519 0.916300 0.309106
0.250260 0.182834 1.675510 0.051104 -0.250326 0.915752 0.310037
0.249677 0.182492 1.675838 0.051329 -0.251114 0.915217 0.310943
0.249096 0.182152 1.676160 0.051550 -0.251883 0.914692 0.311826
0.248517 0.181814 1.676476 0.051769 -0.252634 0.914179 0.312686
0.247941 0.181477 1.676785 0.051984 -0.253367 0.913677 0.313523
0.247366 0.181142 1.677090 0.052195 -0.254082 0.913186 0.314339
0.246793 0.180808 1.677388 0.052404 -0.254780 0.912706 0.315134
0.246223 0.180478 1.677681 0.052607 -0.255458 0.912237 0.315907
0.245638 0.180077 1.677982 0.052904 -0.256376 0.911595 0.316967
0.245045 0.179655 1.678305 0.053197 -0.257387 0.910917 0.318045
0.244446 0.179224 1.678651 0.053472 -0.258452 0.910223 0.319120
0.243842 0.178788 1.679015 0.053730 -0.259552 0.909518 0.320192
0.243234 0.178350 1.679396 0.053973 -0.260674 0.908806 0.321259
0.242623 0.177911 1.679790 0.054204 -0.261810 0.908088 0.322325
0.242010 0.177471 1.680194 0.054425 -0.262952 0.907367 0.323387
0.241396 0.177032 1.680606 0.054641 -0.264096 0.906643 0.324448
0.240781 0.176594 1.681024 0.054852 -0.265238 0.905917 0.325506
0.240166 0.176157 1.681445 0.055060 -0.266374 0.905191 0.326562
0.239551 0.175721 1.681869 0.055267 -0.267502 0.904464 0.327616
0.238937 0.175286 1.682293 0.055474 -0.268619 0.903738 0.328669
0.238325 0.174853 1.682717 0.055683 -0.269724 0.903014 0.329719
0.237713 0.174422 1.683139 0.055893 -0.270814 0.902291 0.330768
0.237103 0.173993 1.683559 0.056105 -0.271889 0.901569 0.331815
0.236495 0.173565 1.683975 0.056320 -0.272946 0.900851 0.332861
0.235889 0.173140 1.684387 0.056539 -0.273986 0.900135 0.333905
0.235285 0.172716 1.684795 0.056762 -0.275007 0.899421 0.334948
0.234682 0.172295 1.685197 0.056988 -0.276009 0.898711 0.335990
0.234083 0.171875 1.685594 0.057219 -0.276992 0.898005 0.337030
0.233485 0.171458 1.685986 0.057454 -0.277954 0.897301 0.338070
0.232890 0.171042 1.686371 0.057694 -0.278896 0.896602 0.339108
0.232298 0.170629 1.686751 0.057939 -0.279817 0.895905 0.340145
0.231707 0.170218 1.687124 0.058187 -0.280718 0.895213 0.341181
0.231120 0.169809 1.687491 0.058441 -0.281599 0.894525 0.342217
0.230534 0.169402 1.687851 0.058699 -0.282459 0.893840 0.343251
0.229952 0.168996 1.688204 0.058962 -0.283298 0.893160 0.344284
0.229372 0.168593 1.688552 0.059229 -0.284117 0.892483 0.345317
0.228794 0.168192 1.688892 0.059500 -0.284916 0.891810 0.346349
0.228219 0.167793 1.689226 0.059776 -0.285695 0.891141 0.347379
0.227646 0.167400 1.689555 0.060051 -0.286450 0.890479 0.348407
0.227076 0.167016 1.689878 0.060323 -0.287180 0.889827 0.349423
0.226509 0.166641 1.690195 0.060588 -0.287886 0.889192 0.350411
0.225945 0.166275 1.690507 0.060845 -0.288571 0.888574 0.351370
0.225384 0.165921 1.690812 0.061097 -0.289236 0.887973 0.352298
0.224826 0.165576 1.691112 0.061344 -0.289882 0.887388 0.353195
0.224271 0.165243 1.691405 0.061587 -0.290511 0.886820 0.354063
0.223719 0.164920 1.691692 0.061827 -0.291122 0.886268 0.354900
0.223171 0.164609 1.691973 0.062064 -0.291717 0.885732 0.355707
0.222625 0.164308 1.692248 0.062300 -0.292296 0.885212 0.356484
0.222054 0.163903 1.692516 0.062648 -0.293179 0.884486 0.357498
0.221465 0.163456 1.692799 0.062981 -0.294192 0.883706 0.358537
0.220861 0.162987 1.693100 0.063287 -0.295274 0.882898 0.359581
0.220249 0.162506 1.693419 0.063571 -0.296395 0.882075 0.360628
0.219631 0.162018 1.693752 0.063836 -0.297540 0.881241 0.361676
0.219009 0.161524 1.694098 0.064087 -0.298696 0.880400 0.362726
0.218385 0.161028 1.694453 0.064329 -0.299856 0.879554 0.363777
0.217761 0.160530 1.694815 0.064565 -0.301016 0.878704 0.364827
0.217136 0.160035 1.695182 0.064792 -0.302168 0.877856 0.365877
0.216512 0.159546 1.695553 0.065013 -0.303307 0.877010 0.366923
0.215890 0.159064 1.695927 0.065229 -0.304430 0.876167 0.367965
0.215270 0.158590 1.696301 0.065443 -0.305538 0.875329 0.369002
0.214653 0.158125 1.696674 0.065658 -0.306627 0.874496 0.370034
0.214040 0.157671 1.697044 0.065874 -0.307698 0.873669 0.371058
0.213429 0.157227 1.697412 0.066094 -0.308750 0.872849 0.372075
0.212822 0.156794 1.697777 0.066318 -0.309783 0.872035 0.373085
0.212219 0.156372 1.698136 0.066549 -0.310795 0.871228 0.374085
0.211619 0.155962 1.698491 0.066786 -0.311786 0.870429 0.375078
0.211024 0.155564 1.698841 0.067030 -0.312756 0.869637 0.376060
0.210432 0.155178 1.699185 0.067282 -0.313705 0.868854 0.377034
0.209844 0.154805 1.699523 0.067543 -0.314633 0.868080 0.377997
0.209260 0.154443 1.699854 0.067812 -0.315539 0.867313 0.378951
0.208679 0.154094 1.700180 0.068091 -0.316424 0.866556 0.379895
0.208103 0.153757 1.700499 0.068379 -0.317287 0.865808 0.380828
0.207530 0.153432 1.700812 0.068677 -0.318130 0.865068 0.381751
0.206960 0.153120 1.701118 0.068984 -0.318951 0.864338 0.382664
0.206394 0.152820 1.701417 0.069301 -0.319751 0.863616 0.383567
0.205832 0.152533 1.701711 0.069628 -0.320530 0.862904 0.384459
0.205273 0.152257 1.701998 0.069965 -0.321289 0.862201 0.385341
0.204717 0.151994 1.702278 0.070312 -0.322028 0.861507 0.386212
0.204165 0.151742 1.702552 0.070668 -0.322747 0.860822 0.387073
0.203616 0.151503 1.702820 0.071034 -0.323446 0.860146 0.387924
0.203069 0.151275 1.703082 0.071410 -0.324126 0.859480 0.388764
0.202526 0.151059 1.703338 0.071795 -0.324787 0.858822 0.389595
0.201986 0.150854 1.703588 0.072189 -0.325429 0.858173 0.390415
0.201449 0.150661 1.703832 0.072589 -0.326052 0.857537 0.391217
0.200914 0.150479 1.704071 0.072989 -0.326659 0.856921 0.391987
0.200382 0.150308 1.704304 0.073388 -0.327249 0.856324 0.392723
0.199853 0.150148 1.704532 0.073787 -0.327823 0.855747 0.393427
0.199327 0.150000 1.704755 0.074186 -0.328382 0.855189 0.394098
0.198783 0.149730 1.704967 0.074727 -0.329236 0.854440 0.394906
0.198221 0.149408 1.705197 0.075264 -0.330232 0.853637 0.395710
0.197643 0.149061 1.705450 0.075759 -0.331300 0.852807 0.396511
0.197051 0.148702 1.705724 0.076209 -0.332408 0.851963 0.397312
0.196449 0.148337 1.706015 0.076622 -0.333537 0.851108 0.398117
0.195840 0.147970 1.706320 0.077006 -0.334676 0.850249 0.398923
0.195228 0.147605 1.706634 0.077368 -0.335817 0.849386 0.399731
0.194615 0.147243 1.706956 0.077715 -0.336956 0.848522 0.400540
0.194001 0.146885 1.707283 0.078052 -0.338088 0.847658 0.401347
0.193388 0.146532 1.707613 0.078384 -0.339209 0.846798 0.402153
0.192778 0.146186 1.707944 0.078712 -0.340318 0.845940 0.402955
0.192170 0.145847 1.708274 0.079041 -0.341411 0.845088 0.403754
0.191564 0.145516 1.708603 0.079371 -0.342488 0.844241 0.404549
0.190962 0.145193 1.708930 0.079705 -0.343547 0.843400 0.405339
0.190364 0.144879 1.709254 0.080043 -0.344586 0.842566 0.406124
0.189769 0.144574 1.709574 0.080387 -0.345605 0.841739 0.406903
0.189177 0.144279 1.709890 0.080737 -0.346603 0.840921 0.407676
0.188590 0.143993 1.710202 0.081095 -0.347580 0.840111 0.408443
0.188006 0.143717 1.710508 0.081460 -0.348535 0.839310 0.409203
0.187426 0.143451 1.710810 0.081833 -0.349468 0.838517 0.409956
0.186850 0.143195 1.711107 0.082214 -0.350378 0.837735 0.410703
0.186278 0.142950 1.711398 0.082604 -0.351267 0.836961 0.411442
0.185710 0.142715 1.711683 0.083003 -0.352133 0.836197 0.412173
0.185145 0.142490 1.711964 0.083411 -0.352977 0.835443 0.412898
0.184583 0.142275 1.712238 0.083827 -0.353800 0.834698 0.413615
0.184026 0.142070 1.712507 0.084253 -0.354600 0.833964 0.414324
0.183471 0.141876 1.712771 0.084688 -0.355379 0.833239 0.415026
0.182921 0.141691 1.713029 0.085131 -0.356136 0.832524 0.415721
0.182373 0.141517 1.713281 0.085584 -0.356872 0.831819 0.416408
0.181829 0.141353 1.713529 0.086046 -0.357588 0.831123 0.417087
0.181288 0.141198 1.713770 0.086516 -0.358283 0.830437 0.417759
0.180750 0.141053 1.714007 0.086995 -0.358957 0.829761 0.418423
0.180215 0.140919 1.714239 0.087473 -0.359613 0.829105 0.419061
0.179683 0.140794 1.714466 0.087950 -0.360250 0.828470 0.419669
0.179153 0.140678 1.714688 0.088424 -0.360871 0.827856 0.420247
0.178627 0.140572 1.714905 0.088897 -0.361474 0.827263 0.420796
0.178103 0.140475 1.715117 0.089369 -0.362062 0.826690 0.421316
0.177584 0.140387 1.715324 0.089840 -0.362633 0.826138 0.421809
0.177070 0.140307 1.715526 0.090312 -0.363189 0.825604 0.422275
0.176563 0.140236 1.715723 0.090786 -0.363728 0.825089 0.422715
0.176043 0.140079 1.715920 0.091410 -0.364461 0.824386 0.423319
0.175500 0.139884 1.716129 0.092015 -0.365306 0.823623 0.423945
0.174940 0.139668 1.716352 0.092583 -0.366211 0.822832 0.424576
0.174367 0.139441 1.716591 0.093117 -0.367151 0.822024 0.425212
0.173785 0.139208 1.716842 0.093624 -0.368110 0.821207 0.425852
0.173198 0.138974 1.717102 0.094112 -0.369077 0.820383 0.426494
0.172609 0.138739 1.717369 0.094587 -0.370046 0.819556 0.427138
0.172018 0.138506 1.717640 0.095054 -0.371013 0.818729 0.427782
0.171428 0.138277 1.717915 0.095516 -0.371972 0.817903 0.428426
0.170839 0.138051 1.718190 0.095976 -0.372921 0.817079 0.429069
0.170252 0.137830 1.718466 0.096436 -0.373858 0.816260 0.429709
0.169668 0.137615 1.718742 0.096898 -0.374780 0.815446 0.430347
0.169086 0.137406 1.719015 0.097364 -0.375687 0.814637 0.430982
0.168507 0.137204 1.719286 0.097834 -0.376576 0.813836 0.431614
0.167932 0.137009 1.719555 0.098310 -0.377448 0.813041 0.432241
0.167360 0.136821 1.719820 0.098791 -0.378300 0.812255 0.432864
0.166792 0.136641 1.720081 0.099279 -0.379134 0.811477 0.433483
0.166227 0.136468 1.720339 0.099773 -0.379947 0.810707 0.434097
0.165665 0.136303 1.720592 0.100275 -0.380740 0.809946 0.434706
0.165107 0.136146 1.720841 0.100784 -0.381513 0.809195 0.435309
0.164554 0.135998 1.721086 0.101301 -0.382265 0.808453 0.435908
0.164007 0.135857 1.721326 0.101828 -0.382996 0.807719 0.436503
0.163468 0.135724 1.721560 0.102366 -0.383705 0.806995 0.437093
0.162936 0.135599 1.721790 0.102914 -0.384394 0.806279 0.437681
0.162413 0.135481 1.722014 0.103471 -0.385062 0.805571 0.438265
0.161898 0.135369 1.722234 0.104035 -0.385711 0.804874 0.438842
0.161393 0.135263 1.722448 0.104596 -0.386342 0.804196 0.439397
0.160896 0.135163 1.722658 0.105155 -0.386955 0.803536 0.439929
0.160409 0.135069 1.722863 0.105710 -0.387552 0.802896 0.440440
0.159930 0.134978 1.723062 0.106261 -0.388134 0.802273 0.440930
0.159460 0.134892 1.723258 0.106808 -0.388701 0.801666 0.441401
0.159000 0.134810 1.723448 0.107350 -0.389254 0.801076 0.441853
0.158548 0.134732 1.723634 0.107887 -0.389792 0.800502 0.442288
0.158104 0.134657 1.723816 0.108418 -0.390316 0.799944 0.442706
0.157670 0.134584 1.723993 0.108943 -0.390827 0.799400 0.443109
0.157244 0.134514 1.724167 0.109462 -0.391326 0.798870 0.443497
0.156826 0.134447 1.724336 0.109974 -0.391811 0.798354 0.443871
0.156416 0.134382 1.724502 0.110479 -0.392284 0.797851 0.444231
0.156015 0.134319 1.724664 0.110977 -0.392746 0.797361 0.444578
0.155621 0.134257 1.724823 0.111468 -0.393195 0.796884 0.444913
0.155225 0.134138 1.725009 0.112156 -0.393732 0.796227 0.445442
0.154810 0.133991 1.725228 0.112825 -0.394314 0.795546 0.445976
0.154377 0.133829 1.725474 0.113445 -0.394928 0.794854 0.446508
0.153929 0.133656 1.725739 0.114020 -0.395565 0.794154 0.447043
0.153472 0.133477 1.726016 0.114560 -0.396218 0.793446 0.447583
0.153009 0.133293 1.726303 0.115074 -0.396882 0.792730 0.448131
0.152544 0.133106 1.726596 0.115571 -0.397551 0.792009 0.448685
0.152080 0.132918 1.726891 0.116056 -0.398221 0.791283 0.449246
0.151619 0.132729 1.727187 0.116533 -0.398889 0.790554 0.449813
0.151163 0.132540 1.727483 0.117007 -0.399553 0.789823 0.450386
0.150711 0.132351 1.727778 0.117478 -0.400209 0.789090 0.450964
0.150267 0.132164 1.728070 0.117949 -0.400857 0.788357 0.451548
0.149828 0.131979 1.728359 0.118410 -0.401496 0.787635 0.452118
0.149397 0.131795 1.728646 0.118861 -0.402126 0.786927 0.452672
0.148974 0.131613 1.728928 0.119303 -0.402747 0.786233 0.453210
0.148558 0.131433 1.729207 0.119736 -0.403358 0.785552 0.453732
0.148149 0.131255 1.729481 0.120160 -0.403960 0.784885 0.454239
0.147748 0.131079 1.729751 0.120576 -0.404551 0.784232 0.454731
0.147355 0.130905 1.730016 0.120984 -0.405132 0.783592 0.455209
0.146970 0.130734 1.730277 0.121384 -0.405702 0.782965 0.455672
0.146592 0.130564 1.730533 0.121777 -0.406261 0.782352 0.456123
0.146221 0.130397 1.730784 0.122162 -0.406809 0.781752 0.456560
0.145858 0.130232 1.731031 0.122539 -0.407347 0.781165 0.456984
0.145502 0.130069 1.731273 0.122909 -0.407873 0.780590 0.457397
0.145153 0.129909 1.731510 0.123273 -0.408389 0.780028 0.457797
0.144811 0.129750 1.731743 0.123628 -0.408894 0.779478 0.458186
0.144476 0.129594 1.731972 0.123977 -0.409389 0.778941 0.458564
0.144148 0.129440 1.732196 0.124319 -0.409874 0.778415 0.458932
0.143826 0.129288 1.732415 0.124654 -0.410348 0.777901 0.459289
0.143511 0.129138 1.732631 0.124982 -0.410812 0.777398 0.459636
0.143202 0.128990 1.732842 0.125303 -0.411266 0.776907 0.459973
0.142900 0.128844 1.733049 0.125618 -0.411710 0.776427 0.460300
0.142604 0.128701 1.733253 0.125926 -0.412145 0.775957 0.460619
0.142313 0.128559 1.733452 0.126227 -0.412571 0.775498 0.460928
0.142029 0.128419 1.733647 0.126523 -0.412987 0.775049 0.461229
0.141750 0.128281 1.733839 0.126812 -0.413395 0.774610 0.461522
0.141477 0.128146 1.734026 0.127095 -0.413793 0.774181 0.461806
0.141210 0.128012 1.734210 0.127371 -0.414184 0.773762 0.462083
0.140948 0.127880 1.734391 0.127642 -0.414565 0.773352 0.462352
0.140691 0.127750 1.734568 0.127907 -0.414939 0.772952 0.462614
0.140454 0.127582 1.734770 0.128496 -0.415342 0.772287 0.463198
0.140214 0.127402 1.735006 0.129108 -0.415781 0.771598 0.463782
0.139965 0.127217 1.735267 0.129689 -0.416257 0.770912 0.464334
0.139706 0.127027 1.735546 0.130233 -0.416769 0.770227 0.464858
0.139440 0.126835 1.735837 0.130745 -0.417310 0.769544 0.465361
0.139169 0.126641 1.736135 0.131232 -0.417873 0.768863 0.465843
0.138895 0.126447 1.736437 0.131697 -0.418453 0.768186 0.466308
0.138620 0.126251 1.736741 0.132146 -0.419044 0.767514 0.466756
0.138345 0.126056 1.737046 0.132579 -0.419643 0.766849 0.467189
0.138072 0.125863 1.737350 0.133001 -0.420245 0.766192 0.467606
0.137801 0.125670 1.737653 0.133411 -0.420848 0.765543 0.468009
0.137532 0.125479 1.737953 0.133812 -0.421449 0.764904 0.468398
0.137267 0.125290 1.738250 0.134204 -0.422046 0.764276 0.468773
0.137006 0.125103 1.738544 0.134587 -0.422638 0.763658 0.469136
0.136748 0.124919 1.738834 0.134962 -0.423224 0.763052 0.469487
0.136494 0.124737 1.739121 0.135330 -0.423802 0.762457 0.469826
0.136245 0.124558 1.739403 0.135690 -0.424372 0.761874 0.470154
0.135999 0.124381 1.739680 0.136043 -0.424934 0.761302 0.470471
0.135758 0.124207 1.739954 0.136388 -0.425487 0.760742 0.470778
0.135521 0.124036 1.740223 0.136727 -0.426030 0.760193 0.471074
0.135288 0.123867 1.740487 0.137058 -0.426563 0.759656 0.471361
0.135060 0.123701 1.740747 0.137383 -0.427087 0.759131 0.471638
0.134835 0.123538 1.741002 0.137701 -0.427601 0.758617 0.471906
0.134615 0.123377 1.741253 0.138012 -0.428106 0.758114 0.472166
0.134399 0.123219 1.741500 0.138317 -0.428600 0.757623 0.472417
0.134187 0.123064 1.741742 0.138615 -0.429085 0.757142 0.472660
0.133979 0.122911 1.741979 0.138907 -0.429560 0.756672 0.472896
0.133774 0.122761 1.742212 0.139193 -0.430026 0.756213 0.473123
0.133574 0.122613 1.742441 0.139473 -0.430481 0.755764 0.473344
0.133377 0.122468 1.742666 0.139746 -0.430928 0.755325 0.473557
0.133184 0.122326 1.742886 0.140014 -0.431366 0.754896 0.473764
0.132995 0.122185 1.743103 0.140275 -0.431794 0.754477 0.473964
0.132810 0.122048 1.743315 0.140531 -0.432213 0.754067 0.474158
0.132628 0.121912 1.743524 0.140781 -0.432624 0.753667 0.474345
0.132449 0.121779 1.743728 0.141025 -0.433026 0.753276 0.474527
0.132274 0.121648 1.743929 0.141264 -0.433420 0.752894 0.474703
0.132102 0.121519 1.744126 0.141498 -0.433806 0.752520 0.474873
0.131934 0.121393 1.744319 0.141726 -0.434183 0.752156 0.475038
0.131769 0.121269 1.744509 0.141949 -0.434553 0.751799 0.475197
0.131607 0.121147 1.744695 0.142167 -0.434914 0.751451 0.475352
0.131488 0.120998 1.744910 0.142709 -0.435249 0.750902 0.475750
0.131386 0.120856 1.745162 0.143241 -0.435576 0.750391 0.476098
0.131290 0.120712 1.745435 0.143750 -0.435918 0.749890 0.476420
0.131194 0.120566 1.745721 0.144235 -0.436283 0.749390 0.476726
0.131097 0.120416 1.746014 0.144695 -0.436672 0.748888 0.477020
0.131000 0.120262 1.746311 0.145133 -0.437080 0.748382 0.477307
0.130901 0.120104 1.746609 0.145550 -0.437504 0.747874 0.477587
0.130802 0.119942 1.746907 0.145949 -0.437941 0.747366 0.477860
0.130704 0.119778 1.747205 0.146332 -0.438386 0.746859 0.478129
0.130605 0.119612 1.747501 0.146698 -0.438837 0.746353 0.478392
0.130507 0.119444 1.747794 0.147050 -0.439290 0.745852 0.478650
0.130410 0.119275 1.748085 0.147388 -0.439745 0.745354 0.478903
0.130313 0.119105 1.748373 0.147714 -0.440199 0.744862 0.479151
0.130218 0.118935 1.748657 0.148028 -0.440651 0.744376 0.479395
0.130124 0.118764 1.748938 0.148330 -0.441100 0.743896 0.479633
0.130031 0.118595 1.749215 0.148621 -0.441545 0.743423 0.479866
0.129939 0.118425 1.749487 0.148902 -0.441985 0.742958 0.480095
0.129849 0.118257 1.749756 0.149174 -0.442419 0.742500 0.480319
0.129760 0.118090 1.750021 0.149436 -0.442849 0.742050 0.480538
0.129672 0.117924 1.750282 0.149689 -0.443272 0.741608 0.480751
0.129585 0.117759 1.750538 0.149933 -0.443688 0.741173 0.480960
0.129500 0.117596 1.750791 0.150170 -0.444099 0.740747 0.481164
0.129416 0.117434 1.751039 0.150398 -0.444502 0.740329 0.481364
0.129334 0.117275 1.751282 0.150620 -0.444899 0.739919 0.481558
0.129253 0.117117 1.751522 0.150834 -0.445289 0.739517 0.481748
0.129173 0.116961 1.751758 0.151041 -0.445672 0.739124 0.481933
0.129094 0.116807 1.751989 0.151242 -0.446049 0.738738 0.482113
0.129017 0.116655 1.752217 0.151436 -0.446418 0.738360 0.482288
0.128941 0.116505 1.752440 0.151624 -0.446781 0.737990 0.482459
0.128866 0.116357 1.752660 0.151807 -0.447137 0.737628 0.482626
0.128793 0.116212 1.752875 0.151984 -0.447486 0.737274 0.482788
0.128721 0.116068 1.753087 0.152155 -0.447829 0.736927 0.482946
0.128650 0.115927 1.753295 0.152322 -0.448166 0.736587 0.483099
0.128580 0.115788 1.753499 0.152483 -0.448496 0.736255 0.483249
0.128511 0.115651 1.753700 0.152639 -0.448819 0.735930 0.483394
0.128444 0.115516 1.753897 0.152791 -0.449136 0.735612 0.483535
0.128377 0.115384 1.754090 0.152938 -0.449447 0.735302 0.483672
0.128312 0.115253 1.754280 0.153081 -0.449753 0.734998 0.483805
0.128248 0.115125 1.754466 0.153220 -0.450052 0.734700 0.483934
0.128185 0.114999 1.754649 0.153355 -0.450345 0.734410 0.484060
0.128182 0.114845 1.754863 0.153838 -0.450592 0.733958 0.484362
0.128204 0.114675 1.755099 0.154395 -0.450848 0.733498 0.484644
0.128231 0.114494 1.755353 0.154939 -0.451128 0.733042 0.484899
0.128256 0.114306 1.755619 0.155453 -0.451435 0.732585 0.485140
0.128276 0.114110 1.755890 0.155933 -0.451766 0.732123 0.485374
0.128292 0.113908 1.756166 0.156382 -0.452119 0.731656 0.485605
0.128304 0.113701 1.756442 0.156803 -0.452488 0.731186 0.485834
0.128312 0.113489 1.756719 0.157198 -0.452870 0.730713 0.486062
0.128317 0.113273 1.756995 0.157570 -0.453262 0.730239 0.486289
0.128320 0.113055 1.757269 0.157922 -0.453659 0.729765 0.486515
0.128322 0.112835 1.757541 0.158254 -0.454061 0.729294 0.486739
0.128321 0.112614 1.757810 0.158569 -0.454464 0.728825 0.486963
0.128320 0.112391 1.758077 0.158869 -0.454867 0.728360 0.487184
0.128317 0.112168 1.758340 0.159153 -0.455269 0.727900 0.487403
0.128314 0.111946 1.758600 0.159424 -0.455669 0.727445 0.487621
0.128309 0.111724 1.758856 0.159682 -0.456066 0.726995 0.487835
0.128304 0.111502 1.759109 0.159927 -0.456460 0.726552 0.488047
0.128299 0.111282 1.759358 0.160162 -0.456849 0.726115 0.488256
0.128292 0.111064 1.759604 0.160385 -0.457234 0.725685 0.488462
0.128286 0.110847 1.759845 0.160599 -0.457614 0.725262 0.488664
0.128279 0.110632 1.760083 0.160804 -0.457989 0.724845 0.488863
0.128271 0.110419 1.760317 0.160999 -0.458359 0.724437 0.489059
0.128263 0.110208 1.760548 0.161186 -0.458723 0.724035 0.489250
0.128255 0.110000 1.760774 0.161365 -0.459081 0.723641 0.489439
0.128246 0.109794 1.760997 0.161536 -0.459434 0.723254 0.489623
0.128237 0.109591 1.761216 0.161700 -0.459781 0.722874 0.489803
0.128228 0.109390 1.761431 0.161858 -0.460122 0.722502 0.489980
0.128218 0.109193 1.761643 0.162009 -0.460457 0.722137 0.490153
0.128208 0.108998 1.761851 0.162153 -0.460787 0.721780 0.490322
0.128198 0.108805 1.762055 0.162292 -0.461111 0.721430 0.490486
0.128188 0.108616 1.762256 0.162426 -0.461429 0.721087 0.490647
0.128178 0.108430 1.762454 0.162554 -0.461742 0.720751 0.490805
0.128167 0.108246 1.762648 0.162677 -0.462049 0.720422 0.490958
0.128156 0.108066 1.762838 0.162795 -0.462350 0.720100 0.491107
0.128145 0.107888 1.763025 0.162909 -0.462646 0.719785 0.491253
0.128134 0.107713 1.763209 0.163018 -0.462937 0.719476 0.491395
0.128122 0.107542 1.763390 0.163123 -0.463222 0.719175 0.491533
0.128111 0.107373 1.763568 0.163225 -0.463501 0.718879 0.491667
0.128099 0.107207 1.763742 0.163322 -0.463776 0.718591 0.491798
0.128088 0.107044 1.763913 0.163416 -0.464046 0.718308 0.491925
0.128153 0.106874 1.764120 0.163815 -0.464236 0.717948 0.492138
0.128244 0.106711 1.764354 0.164233 -0.464416 0.717625 0.492300
0.128344 0.106549 1.764603 0.164639 -0.464611 0.717315 0.492433
0.128447 0.106388 1.764859 0.165023 -0.464825 0.717006 0.492551
0.128549 0.106225 1.765117 0.165384 -0.465061 0.716694 0.492662
0.128648 0.106060 1.765375 0.165721 -0.465315 0.716377 0.492770
0.128745 0.105893 1.765633 0.166037 -0.465583 0.716056 0.492877
0.128838 0.105723 1.765888 0.166332 -0.465862 0.715732 0.492984
0.128929 0.105551 1.766141 0.166610 -0.466150 0.715407 0.493091
0.129018 0.105377 1.766391 0.166871 -0.466443 0.715080 0.493200
0.129103 0.105202 1.766638 0.167116 -0.466739 0.714754 0.493309
0.129186 0.105027 1.766882 0.167346 -0.467037 0.714430 0.493419
0.129267 0.104850 1.767123 0.167563 -0.467335 0.714107 0.493530
0.129345 0.104673 1.767360 0.167766 -0.467633 0.713787 0.493641
0.129421 0.104497 1.767594 0.167958 -0.467929 0.713471 0.493752
0.129495 0.104321 1.767825 0.168139 -0.468224 0.713158 0.493864
0.129566 0.104145 1.768052 0.168309 -0.468516 0.712849 0.493975
0.129636 0.103970 1.768276 0.168470 -0.468805 0.712544 0.494085
0.129703 0.103797 1.768496 0.168621 -0.469091 0.712244 0.494195
0.129769 0.103624 1.768713 0.168763 -0.469374 0.711948 0.494304
0.129832 0.103453 1.768927 0.168897 -0.469653 0.711657 0.494412
0.129894 0.103284 1.769137 0.169024 -0.469928 0.711372 0.494519
0.129953 0.103117 1.769344 0.169143 -0.470200 0.711091 0.494624
0.130011 0.102951 1.769547 0.169255 -0.470467 0.710815 0.494727
0.130067 0.102787 1.769747 0.169361 -0.470731 0.710544 0.494829
0.130122 0.102625 1.769944 0.169460 -0.470990 0.710279 0.494930
0.130175 0.102465 1.770138 0.169554 -0.471246 0.710018 0.495028
0.130226 0.102308 1.770328 0.169643 -0.471497 0.709763 0.495125
0.130275 0.102152 1.770515 0.169726 -0.471744 0.709513 0.495219
0.130323 0.101999 1.770700 0.169804 -0.471987 0.709268 0.495312
0.130370 0.101849 1.770881 0.169878 -0.472226 0.709028 0.495402
0.130415 0.101700 1.771058 0.169948 -0.472461 0.708793 0.495491
0.130459 0.101554 1.771233 0.170013 -0.472692 0.708563 0.495577
0.130501 0.101410 1.771405 0.170075 -0.472919 0.708337 0.495662
0.130542 0.101269 1.771575 0.170132 -0.473142 0.708117 0.495744
0.130582 0.101130 1.771741 0.170187 -0.473361 0.707901 0.495824
0.130621 0.100993 1.771904 0.170238 -0.473577 0.707690 0.495902
0.130658 0.100859 1.772065 0.170285 -0.473788 0.707484 0.495977
0.130694 0.100727 1.772223 0.170330 -0.473996 0.707283 0.496051
0.130729 0.100597 1.772378 0.170372 -0.474200 0.707085 0.496123
0.130876 0.100443 1.772553 0.170838 -0.474325 0.706790 0.496265
0.131066 0.100290 1.772760 0.171371 -0.474428 0.706513 0.496376
0.131275 0.100134 1.772985 0.171908 -0.474546 0.706242 0.496464
0.131493 0.099972 1.773220 0.172431 -0.474690 0.705962 0.496542
0.131712 0.099803 1.773459 0.172931 -0.474863 0.705670 0.496618
0.131930 0.099626 1.773700 0.173407 -0.475061 0.705364 0.496697
0.132145 0.099441 1.773942 0.173857 -0.475283 0.705046 0.496780
0.132357 0.099250 1.774183 0.174282 -0.475523 0.704716 0.496869
0.132565 0.099052 1.774422 0.174683 -0.475777 0.704378 0.496964
0.132768 0.098848 1.774661 0.175060 -0.476044 0.704034 0.497065
0.132966 0.098640 1.774897 0.175416 -0.476319 0.703684 0.497171
0.133160 0.098428 1.775130 0.175750 -0.476600 0.703331 0.497282
0.133350 0.098212 1.775362 0.176064 -0.476886 0.702976 0.497399
0.133535 0.097994 1.775591 0.176359 -0.477176 0.702621 0.497519
0.133716 0.097774 1.775817 0.176636 -0.477467 0.702265 0.497643
0.133892 0.097552 1.776040 0.176897 -0.477759 0.701911 0.497770
0.134064 0.097329 1.776261 0.177142 -0.478050 0.701559 0.497900
0.134231 0.097107 1.776478 0.177372 -0.478341 0.701208 0.498031
0.134395 0.096884 1.776693 0.177589 -0.478631 0.700861 0.498165
0.134554 0.096661 1.776904 0.177792 -0.478918 0.700518 0.498299
0.134710 0.096439 1.777113 0.177983 -0.479204 0.700178 0.498434
0.134862 0.096219 1.777318 0.178163 -0.479486 0.699842 0.498570
0.135010 0.095999 1.777521 0.178332 -0.479766 0.699511 0.498705
0.135154 0.095782 1.777720 0.178491 -0.480042 0.699184 0.498840
0.135295 0.095566 1.777916 0.178640 -0.480315 0.698862 0.498975
0.135432 0.095352 1.778109 0.178781 -0.480585 0.698545 0.499109
0.135566 0.095140 1.778300 0.178913 -0.480851 0.698234 0.499242
0.135697 0.094931 1.778487 0.179037 -0.481113 0.697927 0.499373
0.135824 0.094724 1.778671 0.179154 -0.481372 0.697626 0.499503
0.135948 0.094519 1.778852 0.179264 -0.481627 0.697330 0.499631
0.136069 0.094318 1.779031 0.179368 -0.481877 0.697039 0.499758
0.136188 0.094119 1.779206 0.179465 -0.482124 0.696754 0.499883
0.136303 0.093922 1.779379 0.179557 -0.482367 0.696474 0.500006
0.136415 0.093729 1.779548 0.179643 -0.482606 0.696199 0.500127
0.136524 0.093538 1.779715 0.179723 -0.482842 0.695930 0.500245
0.136631 0.093351 1.779880 0.179799 -0.483073 0.695666 0.500362
0.136735 0.093166 1.780041 0.179871 -0.483300 0.695407 0.500476
0.136837 0.092985 1.780200 0.179938 -0.483524 0.695154 0.500588
0.136936 0.092806 1.780356 0.180001 -0.483743 0.694906 0.500698
0.137032 0.092630 1.780510 0.180060 -0.483959 0.694663 0.500805
0.137265 0.092419 1.780652 0.180621 -0.484121 0.694321 0.500920
0.137554 0.092208 1.780814 0.181285 -0.484261 0.694017 0.500967
0.137870 0.091996 1.780988 0.181970 -0.484410 0.693727 0.500976
0.138196 0.091781 1.781166 0.182647 -0.484578 0.693437 0.500968
0.138526 0.091562 1.781348 0.183304 -0.484768 0.693140 0.500956
0.138855 0.091340 1.781529 0.183934 -0.484977 0.692834 0.500945
0.139180 0.091113 1.781710 0.184537 -0.485203 0.692520 0.500939
0.139500 0.090881 1.781890 0.185112 -0.485442 0.692198 0.500940
0.139815 0.090646 1.782068 0.185659 -0.485691 0.691871 0.500949
0.140124 0.090407 1.782245 0.186179 -0.485949 0.691539 0.500964
0.140427 0.090166 1.782421 0.186673 -0.486212 0.691204 0.500987
0.140723 0.089922 1.782594 0.187143 -0.486480 0.690867 0.501017
0.141013 0.089675 1.782766 0.187588 -0.486749 0.690530 0.501053
0.141296 0.089428 1.782936 0.188012 -0.487020 0.690192 0.501096
0.141573 0.089180 1.783105 0.188414 -0.487292 0.689856 0.501144
0.141844 0.088931 1.783271 0.188795 -0.487563 0.689522 0.501197
0.142108 0.088682 1.783435 0.189158 -0.487834 0.689189 0.501254
0.142366 0.088434 1.783598 0.189503 -0.488102 0.688860 0.501316
0.142617 0.088187 1.783758 0.189830 -0.488369 0.688533 0.501380
0.142863 0.087940 1.783917 0.190141 -0.488634 0.688210 0.501448
0.143103 0.087696 1.784073 0.190437 -0.488896 0.687891 0.501518
0.143338 0.087452 1.784228 0.190718 -0.489155 0.687576 0.501590
0.143566 0.087211 1.784380 0.190986 -0.489412 0.687265 0.501664
0.143789 0.086972 1.784531 0.191241 -0.489665 0.686959 0.501740
0.144007 0.086735 1.784680 0.191483 -0.489915 0.686657 0.501816
0.144220 0.086500 1.784826 0.191714 -0.490162 0.686360 0.501893
0.144427 0.086269 1.784971 0.191933 -0.490405 0.686068 0.501971
0.144630 0.086040 1.785113 0.192143 -0.490645 0.685781 0.502049
0.144828 0.085814 1.785254 0.192342 -0.490881 0.685499 0.502127
0.145020 0.085590 1.785393 0.192532 -0.491114 0.685222 0.502205
0.145209 0.085370 1.785529 0.192713 -0.491343 0.684950 0.502282
0.145392 0.085153 1.785664 0.192885 -0.491568 0.684683 0.502359
0.145572 0.084939 1.785797 0.193049 -0.491790 0.684421 0.502436
0.145747 0.084728 1.785928 0.193206 -0.492008 0.684165 0.502512
0.145918 0.084521 1.786057 0.193355 -0.492223 0.683913 0.502587
0.146084 0.084317 1.786185 0.193497 -0.492434 0.683666 0.502661
0.146247 0.084116 1.786310 0.193633 -0.492642 0.683424 0.502734
0.146406 0.083918 1.786434 0.193763 -0.492846 0.683188 0.502806
0.146560 0.083724 1.786555 0.193886 -0.493046 0.682956 0.502877
0.146712 0.083533 1.786676 0.194003 -0.493243 0.682729 0.502947
0.147002 0.083312 1.786776 0.194620 -0.493388 0.682398 0.503016
0.147357 0.083093 1.786876 0.195347 -0.493527 0.682100 0.503001
0.147745 0.082876 1.786975 0.196103 -0.493675 0.681818 0.502944
0.148151 0.082662 1.787072 0.196856 -0.493836 0.681539 0.502870
0.148564 0.082447 1.787167 0.197589 -0.494011 0.681257 0.502792
0.148979 0.082230 1.787260 0.198297 -0.494198 0.680971 0.502718
0.149393 0.082011 1.787350 0.198976 -0.494394 0.680679 0.502652
0.149804 0.081789 1.787439 0.199625 -0.494597 0.680383 0.502596
0.150209 0.081565 1.787526 0.200244 -0.494805 0.680084 0.502550
0.150609 0.081337 1.787611 0.200833 -0.495017 0.679782 0.502514
0.151002 0.081107 1.787695 0.201393 -0.495231 0.679479 0.502490
0.151388 0.080875 1.787778 0.201926 -0.495445 0.679174 0.502476
0.151767 0.080641 1.787861 0.202432 -0.495660 0.678870 0.502471
0.152138 0.080406 1.787942 0.202913 -0.495875 0.678566 0.502476
0.152501 0.080169 1.788023 0.203370 -0.496089 0.678264 0.502489
0.152857 0.079932 1.788103 0.203804 -0.496302 0.677962 0.502509
0.153206 0.079694 1.788182 0.204216 -0.496513 0.677663 0.502537
0.153547 0.079457 1.788261 0.204608 -0.496723 0.677367 0.502570
0.153880 0.079219 1.788339 0.204980 -0.496930 0.677072 0.502610
0.154206 0.078983 1.788416 0.205334 -0.497136 0.676781 0.502654
0.154525 0.078747 1.788494 0.205671 -0.497339 0.676494 0.502703
0.154836 0.078513 1.788570 0.205991 -0.497540 0.676209 0.502756
0.155141 0.078280 1.788646 0.206295 -0.497738 0.675928 0.502812
0.155439 0.078049 1.788721 0.206585 -0.497934 0.675651 0.502871
0.155730 0.077820 1.788796 0.206861 -0.498127 0.675378 0.502933
0.156014 0.077593 1.788870 0.207123 -0.498318 0.675110 0.502997
0.156292 0.077368 1.788944 0.207373 -0.498506 0.674845 0.503063
0.156564 0.077145 1.789017 0.207611 -0.498691 0.674584 0.503131
0.156829 0.076925 1.789089 0.207837 -0.498874 0.674328 0.503200
0.157088 0.076708 1.789161 0.208053 -0.499054 0.674077 0.503269
0.157342 0.076493 1.789232 0.208259 -0.499231 0.673829 0.503340
0.157589 0.076281 1.789302 0.208455 -0.499405 0.673586 0.503411
0.157831 0.076073 1.789372 0.208642 -0.499577 0.673348 0.503482
0.158068 0.075867 1.789442 0.208820 -0.499746 0.673114 0.503553
0.158299 0.075663 1.789510 0.208990 -0.499912 0.672884 0.503625
0.158525 0.075463 1.789579 0.209151 -0.500075 0.672659 0.503696
0.158746 0.075266 1.789646 0.209306 -0.500236 0.672439 0.503767
0.158961 0.075073 1.789713 0.209453 -0.500394 0.672222 0.503838
0.159172 0.074882 1.789779 0.209593 -0.500549 0.672011 0.503908
0.159378 0.074694 1.789845 0.209726 -0.500702 0.671803 0.503978
0.159713 0.074471 1.789881 0.210397 -0.500811 0.671448 0.504063
0.160115 0.074242 1.789913 0.211223 -0.500908 0.671101 0.504083
0.160553 0.074012 1.789945 0.212091 -0.501013 0.670768 0.504057
0.161009 0.073780 1.789978 0.212961 -0.501129 0.670439 0.504012
0.161476 0.073544 1.790010 0.213815 -0.501259 0.670108 0.503962
0.161946 0.073305 1.790043 0.214644 -0.501402 0.669773 0.503914
0.162417 0.073061 1.790076 0.215442 -0.501555 0.669431 0.503874
0.162888 0.072812 1.790109 0.216209 -0.501718 0.669084 0.503844
0.163356 0.072557 1.790142 0.216942 -0.501889 0.668732 0.503826
0.163822 0.072297 1.790176 0.217643 -0.502066 0.668375 0.503822
0.164283 0.072031 1.790210 0.218311 -0.502249 0.668013 0.503830
0.164741 0.071760 1.790245 0.218946 -0.502436 0.667648 0.503853
0.165195 0.071483 1.790281 0.219550 -0.502626 0.667279 0.503888
0.165643 0.071200 1.790316 0.220122 -0.502821 0.666906 0.503938
0.166085 0.070913 1.790351 0.220664 -0.503019 0.666530 0.504001
0.166519 0.070621 1.790386 0.221176 -0.503221 0.666151 0.504076
0.166944 0.070325 1.790421 0.221660 -0.503425 0.665770 0.504163
0.167362 0.070026 1.790456 0.222116 -0.503630 0.665388 0.504262
0.167771 0.069724 1.790491 0.222546 -0.503837 0.665006 0.504370
0.168171 0.069420 1.790526 0.222953 -0.504044 0.664624 0.504487
0.168563 0.069115 1.790561 0.223336 -0.504251 0.664243 0.504612
0.168947 0.068810 1.790596 0.223697 -0.504457 0.663864 0.504744
0.169322 0.068504 1.790631 0.224038 -0.504663 0.663487 0.504883
0.169689 0.068198 1.790666 0.224359 -0.504868 0.663113 0.505027
0.170048 0.067892 1.790702 0.224663 -0.505071 0.662742 0.505175
0.170399 0.067588 1.790737 0.224949 -0.505273 0.662375 0.505328
0.170742 0.067285 1.790772 0.225220 -0.505473 0.662011 0.505484
0.171078 0.066985 1.790808 0.225475 -0.505671 0.661652 0.505642
0.171406 0.066686 1.790843 0.225717 -0.505868 0.661297 0.505803
0.171727 0.066389 1.790878 0.225945 -0.506061 0.660946 0.505965
0.172040 0.066095 1.790914 0.226160 -0.506253 0.660600 0.506129
0.172347 0.065804 1.790949 0.226364 -0.506442 0.660260 0.506293
0.172647 0.065516 1.790985 0.226556 -0.506629 0.659924 0.506458
0.172940 0.065231 1.791020 0.226738 -0.506813 0.659593 0.506623
0.173226 0.064949 1.791056 0.226910 -0.506995 0.659268 0.506787
0.173506 0.064671 1.791091 0.227073 -0.507174 0.658948 0.506951
0.173780 0.064396 1.791127 0.227227 -0.507351 0.658634 0.507114
0.174047 0.064125 1.791162 0.227372 -0.507524 0.658325 0.507277
0.174309 0.063858 1.791198 0.227510 -0.507695 0.658021 0.507438
0.174564 0.063595 1.791233 0.227640 -0.507864 0.657723 0.507597
0.174928 0.063309 1.791234 0.228248 -0.507993 0.657293 0.507752
0.175345 0.063024 1.791239 0.228969 -0.508127 0.656900 0.507802
0.175787 0.062741 1.791248 0.229725 -0.508277 0.656530 0.507789
0.176242 0.062460 1.791259 0.230483 -0.508446 0.656169 0.507743
0.176702 0.062180 1.791273 0.231228 -0.508631 0.655811 0.507681
0.177163 0.061899 1.791289 0.231953 -0.508831 0.655453 0.507612
0.177624 0.061618 1.791306 0.232654 -0.509043 0.655094 0.507542
0.178081 0.061336 1.791325 0.233329 -0.509265 0.654733 0.507475
0.178536 0.061051 1.791345 0.233977 -0.509493 0.654371 0.507415
0.178986 0.060764 1.791366 0.234598 -0.509727 0.654008 0.507361
0.179433 0.060475 1.791388 0.235193 -0.509965 0.653643 0.507317
0.179875 0.060182 1.791412 0.235760 -0.510206 0.653278 0.507282
0.180313 0.059887 1.791437 0.236301 -0.510449 0.652912 0.507257
0.180747 0.059588 1.791463 0.236816 -0.510694 0.652545 0.507243
0.181177 0.059287 1.791490 0.237305 -0.510939 0.652178 0.507239
0.181601 0.058982 1.791518 0.237769 -0.511185 0.651810 0.507247
0.182020 0.058674 1.791546 0.238208 -0.511433 0.651441 0.507265
0.182432 0.058364 1.791574 0.238622 -0.511682 0.651071 0.507295
0.182836 0.058051 1.791602 0.239013 -0.511932 0.650699 0.507335
0.183233 0.057736 1.791630 0.239380 -0.512182 0.650328 0.507386
0.183621 0.057420 1.791658 0.239726 -0.512432 0.649957 0.507446
0.184001 0.057103 1.791686 0.240051 -0.512681 0.649587 0.507514
0.184373 0.056785 1.791714 0.240357 -0.512928 0.649219 0.507591
0.184737 0.056468 1.791742 0.240644 -0.513173 0.648853 0.507674
0.185093 0.056151 1.791771 0.240913 -0.513417 0.648490 0.507764
0.185441 0.055836 1.791799 0.241167 -0.513658 0.648130 0.507860
0.185781 0.055521 1.791828 0.241404 -0.513897 0.647773 0.507961
0.186114 0.055209 1.791857 0.241628 -0.514133 0.647420 0.508066
0.186439 0.054898 1.791886 0.241837 -0.514365 0.647071 0.508175
0.186757 0.054590 1.791915 0.242034 -0.514595 0.646727 0.508287
0.187068 0.054285 1.791944 0.242219 -0.514822 0.646387 0.508402
0.187371 0.053982 1.791973 0.242393 -0.515045 0.646051 0.508519
0.187668 0.053683 1.792002 0.242555 -0.515265 0.645721 0.508638
0.187959 0.053386 1.792032 0.242708 -0.515482 0.645396 0.508759
0.188242 0.053093 1.792061 0.242852 -0.515695 0.645075 0.508880
0.188520 0.052804 1.792091 0.242986 -0.515905 0.644760 0.509003
0.188791 0.052519 1.792121 0.243113 -0.516111 0.644451 0.509126
0.189056 0.052237 1.792150 0.243231 -0.516314 0.644146 0.509249
0.189315 0.051959 1.792180 0.243342 -0.516513 0.643847 0.509372
0.189568 0.051685 1.792210 0.243446 -0.516709 0.643553 0.509495
0.189929 0.051398 1.792187 0.244026 -0.516850 0.643106 0.509639
0.190353 0.051121 1.792142 0.244769 -0.516974 0.642653 0.509728
0.190814 0.050857 1.792087 0.245565 -0.517092 0.642224 0.509766
0.191298 0.050602 1.792027 0.246378 -0.517206 0.641814 0.509776
0.191795 0.050354 1.791966 0.247188 -0.517317 0.641417 0.509770
0.192298 0.050111 1.791903 0.247986 -0.517426 0.641030 0.509758
0.192805 0.049872 1.791841 0.248765 -0.517535 0.640651 0.509746
0.193312 0.049633 1.791780 0.249522 -0.517642 0.640277 0.509736
0.193818 0.049395 1.791719 0.250256 -0.517749 0.639908 0.509731
0.194322 0.049156 1.791660 0.250963 -0.517856 0.639542 0.509733
0.194822 0.048915 1.791602 0.251645 -0.517963 0.639180 0.509743
0.195319 0.048672 1.791546 0.252300 -0.518070 0.638821 0.509762
0.195811 0.048427 1.791492 0.252928 -0.518177 0.638463 0.509790
0.196299 0.048178 1.791439 0.253530 -0.518285 0.638106 0.509827
0.196782 0.047926 1.791389 0.254106 -0.518394 0.637751 0.509874
0.197260 0.047671 1.791340 0.254656 -0.518503 0.637397 0.509931
0.197734 0.047412 1.791293 0.255181 -0.518614 0.637044 0.509998
0.198202 0.047149 1.791248 0.255681 -0.518726 0.636690 0.510074
0.198666 0.046882 1.791204 0.256157 -0.518840 0.636337 0.510161
0.199125 0.046611 1.791162 0.256609 -0.518955 0.635984 0.510257
0.199579 0.046336 1.791122 0.257037 -0.519072 0.635630 0.510363
0.200026 0.046057 1.791083 0.257442 -0.519192 0.635275 0.510479
0.200466 0.045775 1.791044 0.257825 -0.519315 0.634917 0.510605
0.200898 0.045489 1.791006 0.258186 -0.519441 0.634559 0.510741
0.201322 0.045200 1.790968 0.258525 -0.519569 0.634200 0.510885
0.201737 0.044910 1.790932 0.258844 -0.519698 0.633841 0.511037
0.202143 0.044617 1.790896 0.259145 -0.519829 0.633483 0.511197
0.202541 0.044324 1.790860 0.259427 -0.519960 0.633125 0.511363
0.202931 0.044030 1.790826 0.259693 -0.520092 0.632769 0.511535
0.203312 0.043736 1.790793 0.259942 -0.520224 0.632415 0.511711
0.203685 0.043443 1.790760 0.260177 -0.520355 0.632064 0.511892
0.204050 0.043150 1.790729 0.260398 -0.520487 0.631715 0.512077
0.204407 0.042858 1.790698 0.260605 -0.520617 0.631369 0.512265
0.204756 0.042568 1.790668 0.260800 -0.520747 0.631027 0.512455
0.205098 0.042279 1.790639 0.260984 -0.520876 0.630689 0.512647
0.205432 0.041993 1.790612 0.261157 -0.521004 0.630354 0.512841
0.205759 0.041709 1.790585 0.261319 -0.521131 0.630024 0.513035
0.206079 0.041427 1.790558 0.261472 -0.521256 0.629698 0.513230
0.206392 0.041148 1.790533 0.261616 -0.521380 0.629377 0.513425
0.206698 0.040872 1.790509 0.261751 -0.521502 0.629060 0.513619
0.207092 0.040587 1.790441 0.262257 -0.521588 0.628642 0.513785
0.207533 0.040300 1.790363 0.262869 -0.521683 0.628268 0.513836
0.208000 0.040016 1.790283 0.263516 -0.521786 0.627922 0.513822
0.208479 0.039735 1.790203 0.264168 -0.521898 0.627592 0.513776
0.208964 0.039455 1.790124 0.264811 -0.522018 0.627271 0.513715
0.209451 0.039176 1.790047 0.265438 -0.522144 0.626956 0.513648
0.209936 0.038897 1.789972 0.266045 -0.522276 0.626643 0.513582
0.210419 0.038616 1.789898 0.266629 -0.522411 0.626332 0.513521
0.210899 0.038335 1.789828 0.267190 -0.522550 0.626022 0.513466
0.211375 0.038051 1.789759 0.267727 -0.522691 0.625712 0.513420
0.211847 0.037764 1.789692 0.268241 -0.522835 0.625403 0.513383
0.212313 0.037475 1.789628 0.268731 -0.522981 0.625093 0.513356
0.212776 0.037182 1.789566 0.269198 -0.523128 0.624782 0.513339
0.213233 0.036886 1.789506 0.269642 -0.523276 0.624472 0.513333
0.213685 0.036587 1.789448 0.270062 -0.523426 0.624160 0.513338
0.214133 0.036284 1.789392 0.270461 -0.523578 0.623847 0.513354
0.214576 0.035977 1.789338 0.270838 -0.523731 0.623533 0.513381
0.215014 0.035666 1.789286 0.271193 -0.523885 0.623218 0.513418
0.215448 0.035351 1.789236 0.271528 -0.524040 0.622901 0.513467
0.215875 0.035033 1.789187 0.271841 -0.524198 0.622582 0.513527
0.216295 0.034711 1.789139 0.272134 -0.524358 0.622260 0.513599
0.216707 0.034386 1.789091 0.272408 -0.524521 0.621936 0.513681
0.217112 0.034059 1.789045 0.272662 -0.524686 0.621609 0.513773
0.217507 0.033730 1.788999 0.272898 -0.524852 0.621281 0.513875
0.217895 0.033400 1.788954 0.273117 -0.525019 0.620952 0.513985
0.218274 0.033069 1.788910 0.273319 -0.525186 0.620624 0.514104
0.218644 0.032737 1.788867 0.273507 -0.525353 0.620295 0.514230
0.219007 0.032406 1.788825 0.273681 -0.525519 0.619968 0.514362
0.219361 0.032076 1.788784 0.273841 -0.525685 0.619642 0.514500
0.219708 0.031747 1.788744 0.273989 -0.525850 0.619318 0.514643
0.220047 0.031419 1.788705 0.274125 -0.526013 0.618996 0.514790
0.220378 0.031093 1.788666 0.274251 -0.526175 0.618677 0.514942
0.220702 0.030770 1.788629 0.274366 -0.526336 0.618361 0.515096
0.221019 0.030449 1.788593 0.274473 -0.526495 0.618048 0.515252
0.221328 0.030131 1.788558 0.274570 -0.526652 0.617739 0.515411
0.221631 0.029816 1.788524 0.274659 -0.526806 0.617433 0.515571
0.221927 0.029504 1.788491 0.274741 -0.526959 0.617131 0.515733
0.222217 0.029195 1.788458 0.274816 -0.527110 0.616833 0.515895
0.222500 0.028890 1.788427 0.274884 -0.527259 0.616539 0.516058
0.222776 0.028589 1.788397 0.274947 -0.527405 0.616250 0.516221
0.223146 0.028299 1.788317 0.275347 -0.527505 0.615854 0.516378
0.223570 0.028024 1.788223 0.275827 -0.527587 0.615511 0.516448
0.224030 0.027761 1.788121 0.276345 -0.527654 0.615199 0.516474
0.224510 0.027508 1.788015 0.276877 -0.527709 0.614908 0.516479
0.225004 0.027262 1.787908 0.277410 -0.527757 0.614631 0.516474
0.225504 0.027019 1.787800 0.277933 -0.527799 0.614363 0.516468
0.226008 0.026778 1.787691 0.278444 -0.527837 0.614101 0.516466
0.226512 0.026537 1.787584 0.278938 -0.527872 0.613844 0.516468
0.227015 0.026295 1.787478 0.279414 -0.527906 0.613590 0.516479
0.227516 0.026052 1.787373 0.279871 -0.527938 0.613337 0.516498
0.228014 0.025806 1.787269 0.280308 -0.527971 0.613086 0.516527
0.228507 0.025557 1.787167 0.280724 -0.528003 0.612834 0.516566
0.228997 0.025304 1.787068 0.281120 -0.528037 0.612582 0.516616
0.229482 0.025047 1.786970 0.281497 -0.528072 0.612329 0.516675
0.229962 0.024787 1.786874 0.281853 -0.528108 0.612074 0.516746
0.230437 0.024521 1.786780 0.282189 -0.528146 0.611818 0.516826
0.230907 0.024251 1.786688 0.282506 -0.528187 0.611559 0.516917
0.231369 0.023977 1.786597 0.282804 -0.528232 0.611297 0.517019
0.231824 0.023698 1.786507 0.283083 -0.528281 0.611031 0.517132
0.232270 0.023416 1.786418 0.283343 -0.528333 0.610761 0.517255
0.232708 0.023131 1.786330 0.283586 -0.528388 0.610488 0.517387
0.233136 0.022843 1.786243 0.283811 -0.528446 0.610213 0.517528
0.233556 0.022554 1.786158 0.284021 -0.528507 0.609936 0.517677
0.233967 0.022263 1.786073 0.284217 -0.528570 0.609658 0.517834
0.234369 0.021971 1.785990 0.284398 -0.528634 0.609380 0.517997
0.234762 0.021678 1.785909 0.284566 -0.528699 0.609101 0.518166
0.235147 0.021386 1.785829 0.284723 -0.528765 0.608822 0.518339
0.235523 0.021094 1.785750 0.284867 -0.528833 0.608545 0.518517
0.235891 0.020803 1.785673 0.285002 -0.528900 0.608268 0.518699
0.236252 0.020513 1.785597 0.285126 -0.528969 0.607993 0.518884
0.236604 0.020225 1.785522 0.285241 -0.529037 0.607719 0.519071
0.236949 0.019938 1.785450 0.285348 -0.529105 0.607448 0.519260
0.237286 0.019654 1.785378 0.285446 -0.529174 0.607179 0.519450
0.237616 0.019371 1.785308 0.285538 -0.529242 0.606913 0.519642
0.237939 0.019092 1.785239 0.285622 -0.529310 0.606650 0.519834
0.238255 0.018815 1.785172 0.285700 -0.529377 0.606390 0.520026
0.238564 0.018541 1.785107 0.285772 -0.529444 0.606133 0.520218
0.238867 0.018270 1.785042 0.285838 -0.529510 0.605879 0.520410
0.239163 0.018003 1.784979 0.285899 -0.529576 0.605628 0.520601
0.239453 0.017739 1.784918 0.285955 -0.529641 0.605381 0.520791
0.239837 0.017491 1.784811 0.286306 -0.529687 0.605062 0.520922
0.240278 0.017257 1.784690 0.286747 -0.529750 0.604786 0.520937
0.240754 0.017034 1.784563 0.287231 -0.529825 0.604536 0.520884
0.241252 0.016820 1.784433 0.287732 -0.529907 0.604303 0.520794
0.241762 0.016611 1.784303 0.288237 -0.529996 0.604080 0.520683
0.242278 0.016406 1.784174 0.288737 -0.530090 0.603863 0.520562
0.242797 0.016201 1.784046 0.289226 -0.530187 0.603651 0.520438
0.243316 0.015996 1.783921 0.289702 -0.530288 0.603440 0.520316
0.243834 0.015790 1.783797 0.290161 -0.530390 0.603230 0.520198
0.244348 0.015581 1.783677 0.290604 -0.530495 0.603020 0.520087
0.244859 0.015368 1.783558 0.291029 -0.530601 0.602810 0.519985
0.245365 0.015152 1.783443 0.291435 -0.530709 0.602599 0.519893
0.245866 0.014932 1.783330 0.291823 -0.530817 0.602386 0.519811
0.246363 0.014706 1.783219 0.292193 -0.530927 0.602171 0.519740
0.246854 0.014476 1.783111 0.292544 -0.531039 0.601954 0.519680
0.247339 0.014241 1.783006 0.292876 -0.531151 0.601735 0.519632
0.247818 0.014001 1.782903 0.293190 -0.531266 0.601511 0.519596
0.248289 0.013756 1.782801 0.293485 -0.531385 0.601283 0.519572
0.248751 0.013506 1.782701 0.293762 -0.531505 0.601051 0.519561
0.249203 0.013253 1.782602 0.294022 -0.531628 0.600815 0.519561
0.249647 0.012996 1.782504 0.294265 -0.531752 0.600576 0.519573
0.250081 0.012737 1.782408 0.294492 -0.531878 0.600335 0.519595
0.250506 0.012476 1.782314 0.294705 -0.532004 0.600091 0.519627
0.250922 0.012213 1.782221 0.294904 -0.532130 0.599846 0.519668
0.251329 0.011949 1.782130 0.295089 -0.532256 0.599600 0.519717
0.251727 0.011685 1.782040 0.295262 -0.532382 0.599354 0.519774
0.252117 0.011420 1.781952 0.295423 -0.532507 0.599108 0.519837
0.252498 0.011155 1.781866 0.295574 -0.532632 0.598862 0.519907
0.252871 0.010892 1.781781 0.295715 -0.532755 0.598617 0.519983
0.253236 0.010629 1.781698 0.295846 -0.532877 0.598374 0.520063
0.253593 0.010367 1.781617 0.295968 -0.532998 0.598131 0.520148
0.253942 0.010107 1.781537 0.296083 -0.533118 0.597891 0.520237
0.254284 0.009849 1.781459 0.296189 -0.533236 0.597653 0.520329
0.254619 0.009592 1.781383 0.296288 -0.533352 0.597417 0.520424
0.254946 0.009338 1.781308 0.296381 -0.533467 0.597184 0.520522
0.255267 0.009086 1.781235 0.296467 -0.533580 0.596953 0.520622
0.255580 0.008837 1.781163 0.296547 -0.533691 0.596725 0.520724
0.255888 0.008591 1.781093 0.296622 -0.533800 0.596500 0.520827
0.256188 0.008347 1.781024 0.296692 -0.533907 0.596278 0.520932
0.256483 0.008107 1.780957 0.296757 -0.534012 0.596059 0.521038
0.256871 0.007893 1.780850 0.297044 -0.534093 0.595809 0.521077
0.257314 0.007709 1.780733 0.297399 -0.534146 0.595573 0.521089
0.257795 0.007547 1.780610 0.297784 -0.534186 0.595360 0.521072
0.258301 0.007401 1.780482 0.298181 -0.534216 0.595167 0.521036
0.258824 0.007264 1.780351 0.298582 -0.534238 0.594988 0.520988
0.259357 0.007133 1.780218 0.298980 -0.534253 0.594819 0.520936
0.259896 0.007005 1.780084 0.299371 -0.534263 0.594658 0.520885
0.260437 0.006878 1.779949 0.299752 -0.534268 0.594504 0.520838
0.260979 0.006750 1.779815 0.300120 -0.534268 0.594353 0.520798
0.261520 0.006620 1.779681 0.300475 -0.534266 0.594204 0.520765
0.262058 0.006486 1.779549 0.300816 -0.534261 0.594057 0.520742
0.262593 0.006348 1.779418 0.301141 -0.534254 0.593910 0.520728
0.263123 0.006205 1.779289 0.301450 -0.534247 0.593762 0.520725
0.263649 0.006057 1.779161 0.301744 -0.534239 0.593613 0.520733
0.264170 0.005903 1.779035 0.302022 -0.534231 0.593462 0.520752
0.264686 0.005742 1.778911 0.302285 -0.534224 0.593309 0.520781
0.265195 0.005576 1.778789 0.302531 -0.534220 0.593151 0.520822
0.265696 0.005403 1.778667 0.302762 -0.534218 0.592988 0.520875
0.266188 0.005225 1.778546 0.302977 -0.534220 0.592821 0.520939
0.266671 0.005042 1.778426 0.303177 -0.534225 0.592649 0.521013
0.267144 0.004855 1.778308 0.303362 -0.534232 0.592473 0.521098
0.267608 0.004663 1.778191 0.303535 -0.534242 0.592293 0.521192
0.268063 0.004469 1.778075 0.303694 -0.534253 0.592111 0.521295
0.268508 0.004271 1.777960 0.303842 -0.534266 0.591926 0.521406
0.268944 0.004071 1.777847 0.303978 -0.534281 0.591739 0.521523
0.269372 0.003869 1.777736 0.304104 -0.534297 0.591550 0.521648
0.269790 0.003666 1.777626 0.304220 -0.534314 0.591361 0.521777
0.270200 0.003462 1.777518 0.304327 -0.534332 0.591170 0.521912
0.270601 0.003258 1.777411 0.304426 -0.534350 0.590980 0.522051
0.270994 0.003053 1.777307 0.304517 -0.534369 0.590789 0.522194
0.271379 0.002848 1.777203 0.304601 -0.534389 0.590599 0.522340
0.271755 0.002643 1.777102 0.304678 -0.534409 0.590410 0.522489
0.272125 0.002439 1.777002 0.304749 -0.534429 0.590221 0.522640
0.272486 0.002237 1.776904 0.304814 -0.534450 0.590034 0.522792
0.272840 0.002035 1.776808 0.304874 -0.534470 0.589848 0.522947
0.273187 0.001834 1.776713 0.304928 -0.534491 0.589663 0.523102
0.273527 0.001635 1.776620 0.304978 -0.534511 0.589481 0.523258
0.273860 0.001438 1.776529 0.305024 -0.534532 0.589300 0.523414
0.274187 0.001243 1.776440 0.305066 -0.534552 0.589121 0.523570
0.274507 0.001049 1.776352 0.305104 -0.534572 0.588944 0.523726
0.274920 0.000872 1.776226 0.305305 -0.534607 0.588809 0.523725
0.275390 0.000709 1.776092 0.305598 -0.534634 0.588701 0.523648
0.275894 0.000555 1.775955 0.305932 -0.534663 0.588616 0.523520
0.276420 0.000406 1.775818 0.306285 -0.534696 0.588543 0.523361
0.276958 0.000259 1.775680 0.306643 -0.534734 0.588477 0.523186
0.277502 0.000111 1.775544 0.307000 -0.534778 0.588413 0.523005
0.278049 -0.000039 1.775409 0.307349 -0.534826 0.588348 0.522823
0.278595 -0.000193 1.775275 0.307687 -0.534879 0.588281 0.522646
0.279138 -0.000352 1.775144 0.308014 -0.534935 0.588210 0.522475
0.279677 -0.000517 1.775015 0.308326 -0.534995 0.588135 0.522314
0.280212 -0.000688 1.774889 0.308624 -0.535058 0.588056 0.522164
0.280742 -0.000865 1.774765 0.308906 -0.535124 0.587971 0.522025
0.281266 -0.001049 1.774643 0.309173 -0.535192 0.587880 0.521898
0.281784 -0.001241 1.774524 0.309425 -0.535264 0.587784 0.521784
0.282295 -0.001439 1.774407 0.309661 -0.535338 0.587682 0.521683
0.282799 -0.001645 1.774291 0.309882 -0.535417 0.587572 0.521595
0.283293 -0.001857 1.774177 0.310086 -0.535499 0.587454 0.521522
0.283778 -0.002075 1.774064 0.310276 -0.535585 0.587329 0.521461
0.284253 -0.002299 1.773953 0.310451 -0.535674 0.587198 0.521414
0.284718 -0.002527 1.773843 0.310611 -0.535765 0.587060 0.521380
0.285173 -0.002759 1.773734 0.310759 -0.535859 0.586916 0.521357
0.285619 -0.002994 1.773627 0.310894 -0.535954 0.586768 0.521346
0.286055 -0.003232 1.773521 0.311018 -0.536050 0.586616 0.521345
0.286481 -0.003472 1.773418 0.311131 -0.536147 0.586460 0.521353
0.286899 -0.003714 1.773315 0.311234 -0.536244 0.586301 0.521370
0.287307 -0.003957 1.773214 0.311327 -0.536341 0.586140 0.521395
0.287706 -0.004201 1.773115 0.311412 -0.536438 0.585977 0.521428
0.288097 -0.004445 1.773018 0.311489 -0.536535 0.585813 0.521467
0.288480 -0.004689 1.772922 0.311558 -0.536632 0.585648 0.521512
0.288854 -0.004932 1.772828 0.311620 -0.536727 0.585482 0.521563
0.289220 -0.005175 1.772735 0.311677 -0.536822 0.585315 0.521619
0.289579 -0.005416 1.772644 0.311727 -0.536915 0.585149 0.521679
0.289930 -0.005656 1.772555 0.311772 -0.537008 0.584983 0.521743
0.290274 -0.005895 1.772467 0.311811 -0.537099 0.584818 0.521810
0.290611 -0.006132 1.772381 0.311846 -0.537189 0.584653 0.521881
0.290940 -0.006366 1.772297 0.311877 -0.537278 0.584490 0.521955
0.291263 -0.006599 1.772214 0.311904 -0.537365 0.584327 0.522030
0.291579 -0.006829 1.772133 0.311928 -0.537451 0.584166 0.522108
0.291889 -0.007057 1.772053 0.311948 -0.537535 0.584007 0.522188
0.292192 -0.007282 1.771975 0.311964 -0.537618 0.583849 0.522269
0.292586 -0.007481 1.771865 0.312065 -0.537711 0.583764 0.522208
0.293040 -0.007659 1.771738 0.312233 -0.537781 0.583704 0.522103
0.293535 -0.007825 1.771601 0.312441 -0.537834 0.583660 0.521974
0.294055 -0.007984 1.771457 0.312670 -0.537873 0.583625 0.521835
0.294592 -0.008139 1.771309 0.312908 -0.537904 0.583595 0.521694
0.295138 -0.008295 1.771158 0.313147 -0.537927 0.583568 0.521557
0.295688 -0.008453 1.771007 0.313382 -0.537946 0.583539 0.521429
0.296240 -0.008616 1.770855 0.313609 -0.537962 0.583508 0.521310
0.296790 -0.008783 1.770703 0.313827 -0.537975 0.583474 0.521204
0.297337 -0.008956 1.770551 0.314033 -0.537987 0.583435 0.521111
0.297881 -0.009137 1.770401 0.314226 -0.537999 0.583391 0.521032
0.298418 -0.009324 1.770252 0.314407 -0.538012 0.583339 0.520968
0.298947 -0.009517 1.770103 0.314574 -0.538027 0.583279 0.520918
0.299467 -0.009717 1.769954 0.314728 -0.538044 0.583212 0.520883
0.299978 -0.009923 1.769806 0.314868 -0.538064 0.583136 0.520862
0.300479 -0.010134 1.769660 0.314996 -0.538086 0.583053 0.520855
0.300970 -0.010350 1.769514 0.315112 -0.538110 0.582963 0.520861
0.301451 -0.010570 1.769370 0.315216 -0.538136 0.582868 0.520879
0.301922 -0.010793 1.769228 0.315310 -0.538162 0.582766 0.520907
0.302383 -0.011019 1.769087 0.315394 -0.538190 0.582660 0.520947
0.302834 -0.011247 1.768947 0.315469 -0.538219 0.582549 0.520995
0.303276 -0.011477 1.768809 0.315535 -0.538249 0.582435 0.521052
0.303709 -0.011709 1.768673 0.315594 -0.538279 0.582317 0.521117
0.304132 -0.011941 1.768539 0.315646 -0.538311 0.582196 0.521188
0.304547 -0.012174 1.768406 0.315691 -0.538342 0.582073 0.521266
0.304953 -0.012407 1.768276 0.315730 -0.538374 0.581948 0.521350
0.305351 -0.012640 1.768147 0.315763 -0.538406 0.581821 0.521438
0.305740 -0.012872 1.768021 0.315792 -0.538438 0.581693 0.521530
0.306121 -0.013104 1.767896 0.315815 -0.538470 0.581564 0.521627
0.306494 -0.013334 1.767773 0.315835 -0.538502 0.581434 0.521727
0.306860 -0.013563 1.767652 0.315851 -0.538534 0.581303 0.521829
0.307218 -0.013791 1.767533 0.315863 -0.538566 0.581173 0.521934
0.307569 -0.014017 1.767417 0.315872 -0.538597 0.581043 0.522041
0.307913 -0.014241 1.767302 0.315879 -0.538628 0.580913 0.522150
0.308250 -0.014462 1.767189 0.315882 -0.538659 0.580783 0.522260
0.308580 -0.014682 1.767078 0.315884 -0.538690 0.580654 0.522371
0.308903 -0.014899 1.766968 0.315883 -0.538720 0.580526 0.522483
0.309220 -0.015114 1.766861 0.315880 -0.538749 0.580399 0.522596
0.309530 -0.015326 1.766756 0.315876 -0.538778 0.580272 0.522709
0.309834 -0.015535 1.766653 0.315870 -0.538807 0.580147 0.522822
0.310227 -0.015716 1.766535 0.315905 -0.538850 0.580131 0.522774
0.310685 -0.015876 1.766402 0.316026 -0.538867 0.580126 0.522689
0.311185 -0.016022 1.766259 0.316188 -0.538871 0.580139 0.522572
0.311714 -0.016161 1.766108 0.316371 -0.538867 0.580162 0.522440
0.312259 -0.016296 1.765953 0.316563 -0.538858 0.580191 0.522301
0.312812 -0.016432 1.765793 0.316757 -0.538845 0.580221 0.522164
0.313368 -0.016569 1.765630 0.316946 -0.538831 0.580247 0.522034
0.313922 -0.016709 1.765466 0.317129 -0.538815 0.580270 0.521914
0.314472 -0.016852 1.765299 0.317303 -0.538798 0.580287 0.521807
0.315015 -0.016999 1.765133 0.317468 -0.538781 0.580298 0.521712
0.315551 -0.017150 1.764966 0.317622 -0.538762 0.580304 0.521632
0.316078 -0.017303 1.764799 0.317766 -0.538742 0.580304 0.521564
0.316596 -0.017461 1.764633 0.317901 -0.538722 0.580298 0.521510
0.317105 -0.017621 1.764467 0.318025 -0.538701 0.580287 0.521468
0.317604 -0.017784 1.764303 0.318141 -0.538679 0.580271 0.521437
0.318094 -0.017949 1.764141 0.318249 -0.538657 0.580251 0.521417
0.318575 -0.018116 1.763979 0.318348 -0.538634 0.580226 0.521408
0.319046 -0.018285 1.763819 0.318439 -0.538611 0.580197 0.521408
0.319507 -0.018455 1.763661 0.318524 -0.538588 0.580165 0.521416
0.319960 -0.018626 1.763505 0.318603 -0.538564 0.580129 0.521432
0.320403 -0.018797 1.763351 0.318675 -0.538541 0.580090 0.521455
0.320838 -0.018970 1.763199 0.318741 -0.538517 0.580049 0.521485
0.321264 -0.019142 1.763048 0.318803 -0.538494 0.580005 0.521520
0.321681 -0.019314 1.762900 0.318860 -0.538471 0.579959 0.521561
0.322091 -0.019486 1.762754 0.318912 -0.538447 0.579911 0.521606
0.322491 -0.019658 1.762610 0.318960 -0.538424 0.579862 0.521655
0.322884 -0.019829 1.762468 0.319004 -0.538401 0.579811 0.521709
0.323270 -0.019998 1.762329 0.319045 -0.538378 0.579758 0.521765
0.323647 -0.020167 1.762191 0.319083 -0.538356 0.579705 0.521825
0.324017 -0.020335 1.762056 0.319117 -0.538333 0.579651 0.521887
0.324380 -0.020501 1.761922 0.319149 -0.538311 0.579596 0.521952
0.324736 -0.020666 1.761791 0.319179 -0.538289 0.579540 0.522018
0.325084 -0.020829 1.761663 0.319206 -0.538267 0.579484 0.522086
0.325426 -0.020990 1.761536 0.319231 -0.538245 0.579428 0.522156
0.325761 -0.021150 1.761411 0.319254 -0.538224 0.579371 0.522227
0.326090 -0.021307 1.761289 0.319276 -0.538203 0.579314 0.522299
0.326412 -0.021463 1.761169 0.319295 -0.538181 0.579258 0.522371
0.326728 -0.021617 1.761050 0.319314 -0.538160 0.579201 0.522444
0.327037 -0.021769 1.760934 0.319330 -0.538139 0.579145 0.522518
0.327341 -0.021918 1.760820 0.319346 -0.538119 0.579089 0.522592
0.327726 -0.022044 1.760702 0.319340 -0.538131 0.579180 0.522482
0.328158 -0.022154 1.760580 0.319388 -0.538139 0.579284 0.522330
0.328621 -0.022257 1.760456 0.319461 -0.538151 0.579397 0.522147
0.329100 -0.022358 1.760328 0.319548 -0.538171 0.579513 0.521944
0.329589 -0.022458 1.760197 0.319640 -0.538199 0.579626 0.521734
0.330080 -0.022560 1.760065 0.319732 -0.538232 0.579734 0.521522
0.330569 -0.022665 1.759932 0.319822 -0.538271 0.579836 0.521314
0.331055 -0.022774 1.759799 0.319907 -0.538313 0.579931 0.521113
0.331535 -0.022886 1.759666 0.319985 -0.538358 0.580018 0.520922
0.332008 -0.023001 1.759533 0.320057 -0.538404 0.580098 0.520741
0.332474 -0.023120 1.759401 0.320123 -0.538452 0.580170 0.520570
0.332931 -0.023242 1.759270 0.320182 -0.538500 0.580236 0.520411
0.333379 -0.023368 1.759141 0.320234 -0.538548 0.580296 0.520263
0.333819 -0.023495 1.759012 0.320280 -0.538596 0.580349 0.520125
0.334251 -0.023625 1.758885 0.320321 -0.538643 0.580396 0.519998
0.334674 -0.023757 1.758760 0.320355 -0.538690 0.580439 0.519881
0.335089 -0.023891 1.758636 0.320385 -0.538736 0.580476 0.519773
0.335495 -0.024026 1.758514 0.320411 -0.538782 0.580509 0.519674
0.335893 -0.024162 1.758394 0.320431 -0.538826 0.580537 0.519583
0.336283 -0.024299 1.758275 0.320448 -0.538870 0.580561 0.519500
0.336665 -0.024437 1.758158 0.320461 -0.538912 0.580582 0.519425
0.337040 -0.024575 1.758043 0.320471 -0.538954 0.580600 0.519356
0.337407 -0.024713 1.757929 0.320478 -0.538994 0.580615 0.519293
0.337767 -0.024850 1.757818 0.320482 -0.539034 0.580627 0.519236
0.338120 -0.024988 1.757708 0.320483 -0.539072 0.580636 0.519185
0.338465 -0.025125 1.757600 0.320483 -0.539110 0.580643 0.519139
0.338804 -0.025261 1.757493 0.320480 -0.539146 0.580648 0.519098
0.339136 -0.025396 1.757389 0.320475 -0.539181 0.580651 0.519061
0.339461 -0.025531 1.757286 0.320469 -0.539215 0.580652 0.519028
0.339780 -0.025665 1.757185 0.320461 -0.539248 0.580652 0.518999
0.340093 -0.025797 1.757085 0.320451 -0.539280 0.580650 0.518973
0.340400 -0.025928 1.756988 0.320441 -0.539311 0.580647 0.518951
0.340701 -0.026058 1.756892 0.320429 -0.539341 0.580643 0.518932
0.340996 -0.026186 1.756797 0.320417 -0.539370 0.580638 0.518915
0.341285 -0.026313 1.756705 0.320404 -0.539398 0.580632 0.518901
0.341568 -0.026438 1.756614 0.320390 -0.539424 0.580625 0.518889
0.341847 -0.026561 1.756524 0.320376 -0.539450 0.580617 0.518880
0.342119 -0.026683 1.756437 0.320361 -0.539475 0.580609 0.518873
0.342387 -0.026803 1.756351 0.320345 -0.539498 0.580601 0.518867
0.342649 -0.026921 1.756266 0.320330 -0.539521 0.580592 0.518863
0.342998 -0.027014 1.756170 0.320281 -0.539571 0.580742 0.518673
0.343402 -0.027092 1.756068 0.320258 -0.539607 0.580960 0.518406
0.343839 -0.027163 1.755958 0.320269 -0.539627 0.581197 0.518112
0.344296 -0.027233 1.755843 0.320301 -0.539638 0.581439 0.517809
0.344764 -0.027303 1.755723 0.320344 -0.539644 0.581679 0.517507
0.345235 -0.027375 1.755599 0.320392 -0.539646 0.581914 0.517211
0.345706 -0.027451 1.755474 0.320439 -0.539646 0.582141 0.516927
0.346173 -0.027530 1.755346 0.320483 -0.539645 0.582359 0.516655
0.346635 -0.027613 1.755218 0.320523 -0.539642 0.582567 0.516398
0.347091 -0.027700 1.755089 0.320559 -0.539638 0.582767 0.516155
0.347539 -0.027791 1.754960 0.320588 -0.539634 0.582957 0.515927
0.347980 -0.027886 1.754831 0.320613 -0.539628 0.583138 0.515713
0.348413 -0.027984 1.754703 0.320632 -0.539622 0.583310 0.515513
0.348837 -0.028086 1.754575 0.320646 -0.539615 0.583473 0.515326
0.349253 -0.028190 1.754448 0.320655 -0.539607 0.583629 0.515152
0.349662 -0.028296 1.754322 0.320660 -0.539598 0.583777 0.514991
0.350062 -0.028405 1.754197 0.320660 -0.539590 0.583918 0.514840
0.350454 -0.028515 1.754074 0.320657 -0.539580 0.584052 0.514700
0.350838 -0.028628 1.753951 0.320651 -0.539570 0.584179 0.514570
0.351214 -0.028741 1.753830 0.320641 -0.539560 0.584300 0.514449
0.351583 -0.028856 1.753710 0.320629 -0.539550 0.584415 0.514337
0.351945 -0.028971 1.753592 0.320614 -0.539539 0.584525 0.514233
0.352299 -0.029087 1.753475 0.320597 -0.539528 0.584629 0.514136
0.352646 -0.029203 1.753360 0.320578 -0.539517 0.584729 0.514047
0.352986 -0.029320 1.753247 0.320557 -0.539506 0.584824 0.513964
0.353319 -0.029436 1.753135 0.320534 -0.539494 0.584914 0.513887
0.353646 -0.029553 1.753024 0.320510 -0.539483 0.585000 0.513816
0.353966 -0.029669 1.752916 0.320485 -0.539471 0.585083 0.513750
0.354280 -0.029785 1.752808 0.320459 -0.539459 0.585161 0.513689
0.354588 -0.029900 1.752703 0.320432 -0.539447 0.585236 0.513633
0.354890 -0.030014 1.752599 0.320404 -0.539436 0.585308 0.513580
0.355185 -0.030127 1.752497 0.320376 -0.539424 0.585377 0.513532
0.355475 -0.030240 1.752396 0.320347 -0.539412 0.585442 0.513488
0.355759 -0.030352 1.752298 0.320318 -0.539400 0.585505 0.513447
0.356038 -0.030462 1.752200 0.320289 -0.539388 0.585565 0.513409
0.356311 -0.030572 1.752105 0.320259 -0.539375 0.585623 0.513375
0.356579 -0.030680 1.752011 0.320230 -0.539363 0.585679 0.513343
0.356841 -0.030786 1.751918 0.320200 -0.539351 0.585732 0.513313
0.357099 -0.030892 1.751828 0.320171 -0.539339 0.585783 0.513286
0.357352 -0.030996 1.751739 0.320142 -0.539326 0.585832 0.513261
0.357671 -0.031078 1.751636 0.320093 -0.539354 0.585980 0.513093
0.358041 -0.031147 1.751530 0.320088 -0.539369 0.586161 0.512874
0.358442 -0.031211 1.751419 0.320112 -0.539380 0.586354 0.512627
0.358861 -0.031273 1.751304 0.320152 -0.539391 0.586550 0.512366
0.359290 -0.031337 1.751185 0.320199 -0.539405 0.586743 0.512101
0.359721 -0.031403 1.751063 0.320248 -0.539421 0.586930 0.511839
0.360152 -0.031474 1.750940 0.320296 -0.539440 0.587110 0.511583
0.360579 -0.031549 1.750816 0.320341 -0.539460 0.587281 0.511338
0.361002 -0.031629 1.750691 0.320380 -0.539480 0.587443 0.511104
0.361418 -0.031713 1.750566 0.320414 -0.539502 0.587597 0.510883
0.361828 -0.031802 1.750442 0.320443 -0.539524 0.587742 0.510675
0.362230 -0.031894 1.750317 0.320467 -0.539545 0.587879 0.510480
0.362625 -0.031990 1.750194 0.320484 -0.539567 0.588009 0.510297
0.363012 -0.032090 1.750071 0.320497 -0.539588 0.588130 0.510127
0.363391 -0.032192 1.749949 0.320505 -0.539608 0.588245 0.509968
0.363763 -0.032298 1.749828 0.320509 -0.539628 0.588353 0.509820
0.364128 -0.032405 1.749709 0.320509 -0.539647 0.588454 0.509683
0.364485 -0.032515 1.749591 0.320504 -0.539666 0.588550 0.509555
0.364834 -0.032626 1.749474 0.320497 -0.539684 0.588640 0.509437
0.365177 -0.032738 1.749358 0.320486 -0.539701 0.588725 0.509328
0.365513 -0.032852 1.749244 0.320473 -0.539718 0.588805 0.509226
0.365842 -0.032967 1.749132 0.320456 -0.539734 0.588880 0.509132
0.366164 -0.033082 1.749021 0.320438 -0.539749 0.588951 0.509045
0.366480 -0.033198 1.748911 0.320418 -0.539764 0.589018 0.508965
0.366789 -0.033314 1.748803 0.320396 -0.539778 0.589081 0.508891
0.367093 -0.033430 1.748697 0.320372 -0.539792 0.589140 0.508823
0.367390 -0.033546 1.748592 0.320347 -0.539805 0.589196 0.508760
0.367681 -0.033662 1.748489 0.320321 -0.539817 0.589249 0.508702
0.367967 -0.033777 1.748388 0.320293 -0.539829 0.589299 0.508649
0.368247 -0.033892 1.748288 0.320265 -0.539840 0.589346 0.508600
0.368521 -0.034006 1.748189 0.320236 -0.539851 0.589391 0.508555
0.368790 -0.034119 1.748093 0.320207 -0.539861 0.589434 0.508513
0.369054 -0.034232 1.747998 0.320177 -0.539871 0.589474 0.508476
0.369312 -0.034343 1.747904 0.320146 -0.539880 0.589512 0.508441
0.369566 -0.034453 1.747812 0.320116 -0.539888 0.589548 0.508409
0.369814 -0.034562 1.747722 0.320085 -0.539896 0.589582 0.508380
0.370058 -0.034670 1.747633 0.320054 -0.539903 0.589615 0.508354
0.370297 -0.034776 1.747545 0.320024 -0.539910 0.589646 0.508330
0.370531 -0.034882 1.747460 0.319993 -0.539916 0.589675 0.508309
0.370761 -0.034985 1.747375 0.319962 -0.539922 0.589704 0.508289
0.371030 -0.035063 1.747298 0.319781 -0.539996 0.589907 0.508089
0.371324 -0.035128 1.747217 0.319600 -0.540080 0.590135 0.507848
0.371635 -0.035184 1.747132 0.319435 -0.540166 0.590366 0.507592
0.371955 -0.035234 1.747043 0.319283 -0.540254 0.590595 0.507328
0.372280 -0.035281 1.746950 0.319141 -0.540340 0.590821 0.507062
0.372606 -0.035326 1.746856 0.319006 -0.540425 0.591043 0.506797
0.372932 -0.035370 1.746761 0.318877 -0.540508 0.591260 0.506537
0.373255 -0.035414 1.746665 0.318751 -0.540588 0.591473 0.506283
0.373575 -0.035457 1.746568 0.318629 -0.540665 0.591680 0.506036
0.373891 -0.035500 1.746472 0.318509 -0.540738 0.591881 0.505798
0.374202 -0.035543 1.746376 0.318392 -0.540807 0.592078 0.505567
0.374508 -0.035586 1.746280 0.318276 -0.540873 0.592269 0.505345
0.374810 -0.035629 1.746185 0.318163 -0.540935 0.592456 0.505131
0.375106 -0.035673 1.746090 0.318052 -0.540994 0.592637 0.504925
0.375397 -0.035716 1.745997 0.317943 -0.541050 0.592814 0.504727
0.375683 -0.035760 1.745904 0.317835 -0.541102 0.592986 0.504537
0.375963 -0.035803 1.745813 0.317729 -0.541152 0.593153 0.504354
0.376239 -0.035847 1.745722 0.317625 -0.541198 0.593316 0.504177
0.376510 -0.035890 1.745633 0.317523 -0.541242 0.593475 0.504008
0.376775 -0.035933 1.745545 0.317423 -0.541283 0.593629 0.503845
0.377036 -0.035976 1.745458 0.317325 -0.541322 0.593780 0.503687
0.377292 -0.036018 1.745372 0.317228 -0.541359 0.593926 0.503536
0.377544 -0.036060 1.745288 0.317134 -0.541393 0.594069 0.503390
0.377790 -0.036102 1.745204 0.317041 -0.541425 0.594208 0.503250
0.378032 -0.036144 1.745122 0.316950 -0.541456 0.594344 0.503114
0.378270 -0.036184 1.745041 0.316861 -0.541484 0.594476 0.502983
0.378503 -0.036225 1.744962 0.316774 -0.541511 0.594605 0.502857
0.378732 -0.036265 1.744884 0.316689 -0.541536 0.594731 0.502735
0.378972 -0.036296 1.744807 0.316661 -0.541550 0.594897 0.502540
0.379217 -0.036316 1.744734 0.316679 -0.541552 0.595096 0.502291
0.379465 -0.036324 1.744666 0.316733 -0.541541 0.595322 0.502002
0.379713 -0.036319 1.744605 0.316816 -0.541517 0.595568 0.501683
0.379959 -0.036303 1.744548 0.316923 -0.541483 0.595831 0.501340
0.380202 -0.036275 1.744497 0.317048 -0.541440 0.596107 0.500979
0.380442 -0.036236 1.744451 0.317188 -0.541388 0.596392 0.500607
0.380678 -0.036187 1.744409 0.317339 -0.541328 0.596685 0.500227
0.380909 -0.036128 1.744371 0.317499 -0.541262 0.596982 0.499843
0.381136 -0.036061 1.744337 0.317664 -0.541189 0.597281 0.499458
0.381359 -0.035985 1.744306 0.317834 -0.541113 0.597582 0.499074
0.381577 -0.035902 1.744277 0.318007 -0.541032 0.597882 0.498692
0.381790 -0.035817 1.744255 0.317988 -0.541066 0.598335 0.498123
0.382009 -0.035728 1.744231 0.317960 -0.541109 0.598810 0.497522
0.382232 -0.035633 1.744207 0.317945 -0.541145 0.599290 0.496915
0.382460 -0.035532 1.744183 0.317944 -0.541172 0.599769 0.496308
0.382690 -0.035425 1.744159 0.317955 -0.541191 0.600246 0.495704
0.382921 -0.035314 1.744134 0.317975 -0.541203 0.600720 0.495103
0.383153 -0.035197 1.744109 0.318003 -0.541210 0.601190 0.494507
0.383384 -0.035076 1.744084 0.318036 -0.541212 0.601655 0.493917
0.383615 -0.034952 1.744059 0.318074 -0.541211 0.602115 0.493334
0.383844 -0.034825 1.744034 0.318115 -0.541206 0.602568 0.492757
0.384072 -0.034695 1.744009 0.318160 -0.541200 0.603015 0.492188
0.384297 -0.034562 1.743983 0.318207 -0.541193 0.603456 0.491626
0.384520 -0.034428 1.743957 0.318255 -0.541184 0.603889 0.491072
0.384741 -0.034293 1.743931 0.318305 -0.541174 0.604315 0.490526
0.384959 -0.034156 1.743905 0.318355 -0.541164 0.604733 0.489988
0.385174 -0.034019 1.743878 0.318406 -0.541154 0.605144 0.489459
0.385352 -0.033914 1.743853 0.318414 -0.541169 0.605508 0.488988
0.385502 -0.033835 1.743830 0.318389 -0.541201 0.605835 0.488563
0.385631 -0.033778 1.743809 0.318341 -0.541246 0.606135 0.488173
0.385745 -0.033737 1.743790 0.318276 -0.541298 0.606415 0.487808
0.385850 -0.033709 1.743774 0.318203 -0.541356 0.606682 0.487460
0.385949 -0.033689 1.743758 0.318124 -0.541417 0.606940 0.487122
0.386046 -0.033674 1.743744 0.318046 -0.541479 0.607191 0.486792
0.386143 -0.033661 1.743729 0.317973 -0.541539 0.607441 0.486460
0.386241 -0.033649 1.743715 0.317906 -0.541597 0.607690 0.486129
0.386341 -0.033635 1.743701 0.317845 -0.541653 0.607938 0.485796
0.386442 -0.033620 1.743687 0.317791 -0.541706 0.608185 0.485463
0.386544 -0.033602 1.743672 0.317744 -0.541756 0.608431 0.485129
0.386647 -0.033581 1.743658 0.317703 -0.541804 0.608677 0.484795
0.386752 -0.033557 1.743643 0.317667 -0.541849 0.608921 0.484461
0.386857 -0.033530 1.743628 0.317637 -0.541891 0.609164 0.484129
0.386963 -0.033499 1.743613 0.317612 -0.541931 0.609405 0.483797
0.387070 -0.033465 1.743598 0.317592 -0.541968 0.609644 0.483467
0.387177 -0.033428 1.743583 0.317576 -0.542003 0.609882 0.483138
0.387284 -0.033389 1.743568 0.317563 -0.542036 0.610117 0.482812
0.387391 -0.033346 1.743553 0.317555 -0.542068 0.610349 0.482489
0.387497 -0.033301 1.743538 0.317549 -0.542097 0.610579 0.482168
0.387604 -0.033254 1.743523 0.317546 -0.542126 0.610807 0.481850
0.387710 -0.033204 1.743508 0.317545 -0.542152 0.611031 0.481536
0.387816 -0.033153 1.743493 0.317547 -0.542178 0.611252 0.481225
0.387907 -0.033102 1.743537 0.317364 -0.542247 0.611627 0.480792
0.387997 -0.033048 1.743592 0.317119 -0.542349 0.612052 0.480297
0.388087 -0.032987 1.743643 0.316856 -0.542473 0.612492 0.479769
0.388179 -0.032921 1.743687 0.316590 -0.542610 0.612932 0.479228
0.388272 -0.032848 1.743723 0.316327 -0.542755 0.613366 0.478682
0.388365 -0.032771 1.743752 0.316066 -0.542906 0.613793 0.478136
0.388458 -0.032690 1.743775 0.315809 -0.543059 0.614211 0.477594
0.388549 -0.032607 1.743793 0.315555 -0.543215 0.614621 0.477058
0.388640 -0.032521 1.743806 0.315304 -0.543372 0.615021 0.476529
0.388729 -0.032434 1.743817 0.315057 -0.543529 0.615412 0.476007
0.388816 -0.032346 1.743824 0.314813 -0.543687 0.615794 0.475494
0.388902 -0.032258 1.743829 0.314573 -0.543845 0.616167 0.474989
0.388986 -0.032170 1.743832 0.314337 -0.544003 0.616532 0.474491
0.389068 -0.032082 1.743833 0.314105 -0.544160 0.616888 0.474002
0.389150 -0.031995 1.743833 0.313876 -0.544316 0.617236 0.473520
0.389229 -0.031909 1.743832 0.313652 -0.544471 0.617577 0.473045
0.389308 -0.031824 1.743830 0.313433 -0.544626 0.617910 0.472578
0.389384 -0.031740 1.743827 0.313218 -0.544779 0.618236 0.472118
0.389460 -0.031656 1.743823 0.313007 -0.544930 0.618555 0.471665
0.389534 -0.031574 1.743819 0.312801 -0.545080 0.618867 0.471219
0.389608 -0.031493 1.743814 0.312600 -0.545228 0.619173 0.470779
0.389681 -0.031413 1.743808 0.312405 -0.545373 0.619473 0.470346
0.389753 -0.031333 1.743803 0.312214 -0.545515 0.619767 0.469920
0.389824 -0.031255 1.743797 0.312029 -0.545656 0.620055 0.469500
0.389894 -0.031177 1.743791 0.311848 -0.545794 0.620337 0.469087
0.389963 -0.031100 1.743784 0.311672 -0.545930 0.620613 0.468680
0.390031 -0.031025 1.743778 0.311500 -0.546063 0.620884 0.468279
0.390098 -0.030950 1.743771 0.311333 -0.546195 0.621149 0.467885
0.390164 -0.030877 1.743764 0.311170 -0.546324 0.621409 0.467497
0.390228 -0.030805 1.743757 0.311011 -0.546452 0.621663 0.467116
0.390292 -0.030733 1.743749 0.310855 -0.546577 0.621913 0.466741
0.390355 -0.030663 1.743742 0.310704 -0.546700 0.622156 0.466373
0.390416 -0.030594 1.743734 0.310556 -0.546821 0.622395 0.466011
0.390476 -0.030526 1.743726 0.310412 -0.546940 0.622629 0.465655
0.390536 -0.030459 1.743719 0.310272 -0.547057 0.622857 0.465305
0.390594 -0.030393 1.743711 0.310135 -0.547172 0.623081 0.464961
0.390651 -0.030328 1.743703 0.310001 -0.547285 0.623300 0.464624
0.390707 -0.030264 1.743695 0.309871 -0.547396 0.623515 0.464292
0.390763 -0.030201 1.743687 0.309744 -0.547505 0.623724 0.463967
0.390817 -0.030140 1.743679 0.309620 -0.547612 0.623930 0.463647
0.390844 -0.030061 1.743751 0.309249 -0.547779 0.624320 0.463171
0.390858 -0.029965 1.743848 0.308785 -0.547976 0.624769 0.462642
0.390864 -0.029856 1.743950 0.308280 -0.548189 0.625232 0.462100
0.390865 -0.029735 1.744050 0.307754 -0.548411 0.625696 0.461560
0.390860 -0.029607 1.744146 0.307211 -0.548638 0.626155 0.461029
0.390851 -0.029473 1.744238 0.306655 -0.548867 0.626608 0.460510
0.390839 -0.029336 1.744326 0.306090 -0.549099 0.627055 0.460002
0.390825 -0.029197 1.744410 0.305517 -0.549332 0.627496 0.459502
0.390808 -0.029058 1.744491 0.304937 -0.549566 0.627933 0.459010
0.390790 -0.028920 1.744569 0.304352 -0.549802 0.628366 0.458524
0.390771 -0.028782 1.744645 0.303762 -0.550039 0.628797 0.458040
0.390752 -0.028646 1.744718 0.303170 -0.550277 0.629224 0.457559
0.390732 -0.028513 1.744788 0.302575 -0.550516 0.629651 0.457078
0.390712 -0.028381 1.744857 0.301979 -0.550757 0.630076 0.456596
0.390693 -0.028252 1.744924 0.301382 -0.550998 0.630501 0.456113
0.390675 -0.028126 1.744989 0.300786 -0.551240 0.630925 0.455627
0.390656 -0.028002 1.745052 0.300190 -0.551482 0.631350 0.455137
0.390639 -0.027880 1.745113 0.299598 -0.551725 0.631773 0.454647
0.390623 -0.027760 1.745170 0.299015 -0.551965 0.632190 0.454158
0.390609 -0.027642 1.745222 0.298443 -0.552204 0.632600 0.453674
0.390595 -0.027526 1.745271 0.297883 -0.552440 0.633003 0.453192
0.390583 -0.027411 1.745316 0.297335 -0.552673 0.633399 0.452714
0.390571 -0.027297 1.745358 0.296798 -0.552904 0.633787 0.452241
0.390561 -0.027185 1.745398 0.296274 -0.553132 0.634168 0.451772
0.390551 -0.027075 1.745435 0.295761 -0.553356 0.634541 0.451309
0.390542 -0.026965 1.745470 0.295259 -0.553577 0.634907 0.450851
0.390533 -0.026857 1.745503 0.294769 -0.553795 0.635266 0.450398
0.390525 -0.026751 1.745534 0.294290 -0.554010 0.635618 0.449952
0.390518 -0.026646 1.745564 0.293821 -0.554221 0.635963 0.449511
0.390511 -0.026542 1.745592 0.293363 -0.554429 0.636300 0.449075
0.390505 -0.026440 1.745619 0.292916 -0.554633 0.636631 0.448646
0.390499 -0.026339 1.745645 0.292478 -0.554834 0.636955 0.448223
0.390493 -0.026240 1.745669 0.292051 -0.555032 0.637273 0.447805
0.390488 -0.026142 1.745693 0.291633 -0.555226 0.637584 0.447394
0.390483 -0.026045 1.745715 0.291225 -0.555417 0.637888 0.446989
0.390479 -0.025950 1.745736 0.290826 -0.555604 0.638186 0.446590
0.390476 -0.025856 1.745757 0.290436 -0.555789 0.638478 0.446197
0.390472 -0.025764 1.745776 0.290055 -0.555970 0.638763 0.445810
0.390469 -0.025673 1.745794 0.289683 -0.556148 0.639043 0.445430
0.390467 -0.025583 1.745812 0.289319 -0.556323 0.639316 0.445055
0.390442 -0.025481 1.745849 0.288862 -0.556583 0.639632 0.444572
0.390402 -0.025362 1.745894 0.288363 -0.556885 0.639953 0.444056
0.390347 -0.025231 1.745942 0.287838 -0.557207 0.640267 0.443541
0.390282 -0.025088 1.745993 0.287291 -0.557538 0.640572 0.443038
0.390206 -0.024939 1.746044 0.286724 -0.557873 0.640868 0.442555
0.390122 -0.024786 1.746096 0.286141 -0.558209 0.641155 0.442093
0.390033 -0.024630 1.746148 0.285544 -0.558543 0.641436 0.441650
0.389939 -0.024475 1.746200 0.284935 -0.558876 0.641710 0.441223
0.389842 -0.024320 1.746250 0.284318 -0.559207 0.641980 0.440809
0.389744 -0.024168 1.746300 0.283692 -0.559535 0.642247 0.440406
0.389645 -0.024018 1.746349 0.283061 -0.559862 0.642512 0.440010
0.389546 -0.023872 1.746397 0.282426 -0.560187 0.642776 0.439619
0.389448 -0.023729 1.746444 0.281789 -0.560510 0.643040 0.439231
0.389351 -0.023590 1.746489 0.281150 -0.560830 0.643304 0.438844
0.389256 -0.023455 1.746534 0.280510 -0.561149 0.643569 0.438457
0.389163 -0.023323 1.746577 0.279871 -0.561466 0.643837 0.438068
0.389071 -0.023195 1.746619 0.279232 -0.561780 0.644106 0.437676
0.388982 -0.023071 1.746660 0.278595 -0.562092 0.644377 0.437281
0.388895 -0.022949 1.746700 0.277960 -0.562402 0.644652 0.436882
0.388810 -0.022831 1.746738 0.277326 -0.562710 0.644930 0.436478
0.388728 -0.022716 1.746776 0.276695 -0.563016 0.645211 0.436069
0.388647 -0.022603 1.746813 0.276066 -0.563319 0.645495 0.435656
0.388569 -0.022493 1.746849 0.275440 -0.563620 0.645782 0.435237
0.388494 -0.022385 1.746884 0.274818 -0.563918 0.646071 0.434814
0.388420 -0.022280 1.746919 0.274200 -0.564215 0.646363 0.434385
0.388350 -0.022177 1.746954 0.273585 -0.564509 0.646659 0.433951
0.388281 -0.022076 1.746989 0.272973 -0.564801 0.646957 0.433511
0.388214 -0.021977 1.747023 0.272364 -0.565091 0.647258 0.433067
0.388149 -0.021880 1.747057 0.271759 -0.565379 0.647561 0.432617
0.388087 -0.021785 1.747091 0.271156 -0.565665 0.647867 0.432164
0.388026 -0.021692 1.747122 0.270562 -0.565948 0.648169 0.431712
0.387966 -0.021600 1.747149 0.269979 -0.566229 0.648467 0.431262
0.387909 -0.021510 1.747174 0.269405 -0.566506 0.648759 0.430818
0.387852 -0.021421 1.747195 0.268844 -0.566779 0.649044 0.430379
0.387797 -0.021333 1.747214 0.268293 -0.567048 0.649323 0.429947
0.387743 -0.021247 1.747231 0.267753 -0.567314 0.649596 0.429521
0.387691 -0.021163 1.747245 0.267224 -0.567575 0.649863 0.429102
0.387639 -0.021080 1.747258 0.266707 -0.567832 0.650123 0.428689
0.387589 -0.020999 1.747270 0.266200 -0.568086 0.650377 0.428283
0.387540 -0.020919 1.747280 0.265703 -0.568335 0.650625 0.427883
0.387477 -0.020831 1.747280 0.265194 -0.568650 0.650854 0.427433
0.387402 -0.020733 1.747278 0.264673 -0.568994 0.651068 0.426972
0.387316 -0.020626 1.747278 0.264136 -0.569351 0.651270 0.426520
0.387219 -0.020513 1.747280 0.263585 -0.569711 0.651464 0.426083
0.387115 -0.020395 1.747284 0.263020 -0.570071 0.651652 0.425664
0.387005 -0.020275 1.747290 0.262443 -0.570427 0.651835 0.425262
0.386890 -0.020156 1.747298 0.261854 -0.570780 0.652015 0.424876
0.386771 -0.020037 1.747305 0.261251 -0.571130 0.652194 0.424502
0.386650 -0.019921 1.747312 0.260639 -0.571476 0.652372 0.424138
0.386527 -0.019807 1.747318 0.260020 -0.571818 0.652550 0.423783
0.386404 -0.019696 1.747322 0.259396 -0.572156 0.652729 0.423434
0.386281 -0.019589 1.747325 0.258767 -0.572490 0.652909 0.423088
0.386160 -0.019485 1.747328 0.258136 -0.572821 0.653091 0.422745
0.386040 -0.019385 1.747329 0.257503 -0.573149 0.653276 0.422401
0.385921 -0.019288 1.747329 0.256869 -0.573474 0.653463 0.422056
0.385806 -0.019195 1.747330 0.256240 -0.573796 0.653652 0.421710
0.385693 -0.019105 1.747331 0.255613 -0.574114 0.653843 0.421359
0.385584 -0.019018 1.747332 0.254990 -0.574430 0.654038 0.421005
0.385477 -0.018934 1.747333 0.254369 -0.574743 0.654236 0.420644
0.385374 -0.018853 1.747335 0.253750 -0.575053 0.654439 0.420279
0.385273 -0.018774 1.747337 0.253135 -0.575361 0.654645 0.419908
0.385174 -0.018698 1.747338 0.252522 -0.575666 0.654855 0.419531
0.385078 -0.018624 1.747340 0.251912 -0.575968 0.655069 0.419149
0.384985 -0.018552 1.747342 0.251304 -0.576267 0.655287 0.418762
0.384894 -0.018483 1.747344 0.250699 -0.576564 0.655508 0.418369
0.384805 -0.018415 1.747346 0.250097 -0.576858 0.655733 0.417971
0.384718 -0.018349 1.747348 0.249496 -0.577150 0.655962 0.417568
0.384634 -0.018285 1.747349 0.248898 -0.577439 0.656194 0.417161
0.384552 -0.018223 1.747351 0.248303 -0.577725 0.656430 0.416748
0.384471 -0.018163 1.747352 0.247709 -0.578009 0.656669 0.416331
0.384393 -0.018104 1.747354 0.247117 -0.578291 0.656911 0.415909
0.384316 -0.018047 1.747355 0.246527 -0.578570 0.657156 0.415483
0.384242 -0.017991 1.747356 0.245939 -0.578847 0.657405 0.415052
0.384169 -0.017937 1.747357 0.245353 -0.579122 0.657656 0.414617
0.384098 -0.017885 1.747358 0.244769 -0.579395 0.657910 0.414179
0.384028 -0.017833 1.747359 0.244186 -0.579665 0.658167 0.413736
0.383960 -0.017784 1.747359 0.243604 -0.579934 0.658427 0.413289
0.383894 -0.017735 1.747360 0.243024 -0.580200 0.658689 0.412838
0.383830 -0.017688 1.747360 0.242446 -0.580465 0.658954 0.412384
0.383767 -0.017642 1.747360 0.241868 -0.580727 0.659221 0.411926
0.383696 -0.017587 1.747308 0.241368 -0.581102 0.659378 0.411440
0.383615 -0.017522 1.747242 0.240891 -0.581525 0.659480 0.410958
0.383522 -0.017447 1.747175 0.240416 -0.581965 0.659555 0.410491
0.383418 -0.017366 1.747114 0.239933 -0.582409 0.659615 0.410048
0.383307 -0.017280 1.747059 0.239438 -0.582850 0.659666 0.409628
0.383189 -0.017193 1.747010 0.238932 -0.583286 0.659713 0.409228
0.383067 -0.017105 1.746965 0.238415 -0.583714 0.659759 0.408846
0.382941 -0.017019 1.746923 0.237883 -0.584136 0.659806 0.408477
0.382812 -0.016934 1.746883 0.237340 -0.584552 0.659854 0.408119
0.382682 -0.016850 1.746843 0.236790 -0.584961 0.659905 0.407770
0.382553 -0.016770 1.746804 0.236234 -0.585364 0.659959 0.407427
0.382424 -0.016692 1.746765 0.235675 -0.585761 0.660016 0.407088
0.382297 -0.016617 1.746727 0.235113 -0.586153 0.660077 0.406750
0.382172 -0.016544 1.746688 0.234548 -0.586539 0.660142 0.406412
0.382050 -0.016474 1.746650 0.233983 -0.586921 0.660213 0.406072
0.381931 -0.016406 1.746613 0.233423 -0.587298 0.660287 0.405729
0.381816 -0.016341 1.746577 0.232866 -0.587670 0.660365 0.405383
0.381704 -0.016279 1.746542 0.232312 -0.588038 0.660449 0.405031
0.381596 -0.016218 1.746508 0.231761 -0.588402 0.660538 0.404673
0.381494 -0.016154 1.746475 0.231213 -0.588764 0.660639 0.404294
0.381397 -0.016088 1.746440 0.230669 -0.589124 0.660748 0.403901
0.381301 -0.016025 1.746407 0.230128 -0.589479 0.660859 0.403511
0.381207 -0.015965 1.746375 0.229588 -0.589829 0.660972 0.403122
0.381115 -0.015909 1.746343 0.229050 -0.590173 0.661090 0.402731
0.381025 -0.015856 1.746313 0.228512 -0.590514 0.661212 0.402337
0.380937 -0.015806 1.746284 0.227977 -0.590849 0.661338 0.401940
0.380851 -0.015757 1.746256 0.227442 -0.591181 0.661469 0.401538
0.380770 -0.015706 1.746227 0.226909 -0.591513 0.661612 0.401116
0.380690 -0.015656 1.746199 0.226378 -0.591840 0.661756 0.400696
0.380612 -0.015610 1.746171 0.225848 -0.592162 0.661903 0.400276
0.380535 -0.015566 1.746144 0.225319 -0.592481 0.662053 0.399854
0.380460 -0.015524 1.746118 0.224791 -0.592795 0.662208 0.399429
0.380387 -0.015484 1.746092 0.224264 -0.593106 0.662366 0.399001
0.380316 -0.015446 1.746067 0.223738 -0.593414 0.662529 0.398569
0.380249 -0.015404 1.746041 0.223212 -0.593722 0.662702 0.398116
0.380183 -0.015364 1.746015 0.222687 -0.594026 0.662876 0.397667
0.380118 -0.015326 1.745990 0.222164 -0.594326 0.663052 0.397217
0.380054 -0.015291 1.745965 0.221641 -0.594623 0.663231 0.396767
0.379992 -0.015257 1.745941 0.221118 -0.594916 0.663413 0.396314
0.379931 -0.015225 1.745918 0.220596 -0.595207 0.663599 0.395858
0.379868 -0.015188 1.745835 0.220155 -0.595622 0.663665 0.395367
0.379798 -0.015145 1.745734 0.219745 -0.596089 0.663677 0.394872
0.379721 -0.015094 1.745630 0.219341 -0.596574 0.663662 0.394387
0.379638 -0.015037 1.745530 0.218935 -0.597062 0.663636 0.393919
0.379551 -0.014977 1.745436 0.218522 -0.597545 0.663606 0.393466
0.379459 -0.014914 1.745347 0.218100 -0.598020 0.663575 0.393029
0.379365 -0.014851 1.745263 0.217672 -0.598487 0.663546 0.392605
0.379270 -0.014787 1.745182 0.217236 -0.598946 0.663520 0.392190
0.379175 -0.014725 1.745105 0.216795 -0.599397 0.663498 0.391783
0.379080 -0.014663 1.745029 0.216348 -0.599840 0.663480 0.391382
0.378986 -0.014603 1.744956 0.215898 -0.600277 0.663467 0.390984
0.378893 -0.014545 1.744884 0.215444 -0.600706 0.663459 0.390587
0.378803 -0.014489 1.744813 0.214988 -0.601129 0.663457 0.390191
0.378714 -0.014434 1.744744 0.214530 -0.601547 0.663461 0.389793
0.378627 -0.014381 1.744676 0.214070 -0.601958 0.663470 0.389394
0.378542 -0.014330 1.744608 0.213610 -0.602365 0.663486 0.388991
0.378460 -0.014280 1.744542 0.213148 -0.602766 0.663508 0.388585
0.378382 -0.014226 1.744475 0.212686 -0.603166 0.663542 0.388160
0.378306 -0.014175 1.744409 0.212223 -0.603561 0.663578 0.387737
0.378234 -0.014119 1.744344 0.211761 -0.603953 0.663625 0.387298
0.378163 -0.014067 1.744279 0.211298 -0.604340 0.663674 0.386863
0.378092 -0.014017 1.744215 0.210835 -0.604721 0.663727 0.386430
0.378023 -0.013971 1.744153 0.210372 -0.605096 0.663784 0.385996
0.377956 -0.013926 1.744092 0.209908 -0.605467 0.663846 0.385561
0.377890 -0.013884 1.744033 0.209444 -0.605832 0.663914 0.385123
0.377826 -0.013844 1.743974 0.208979 -0.606193 0.663987 0.384681
0.377764 -0.013806 1.743917 0.208514 -0.606549 0.664065 0.384236
0.377707 -0.013763 1.743860 0.208048 -0.606906 0.664155 0.383771
0.377650 -0.013722 1.743803 0.207583 -0.607257 0.664246 0.383308
0.377594 -0.013683 1.743748 0.207117 -0.607604 0.664341 0.382845
0.377539 -0.013646 1.743693 0.206651 -0.607947 0.664440 0.382381
0.377486 -0.013611 1.743640 0.206185 -0.608285 0.664544 0.381916
0.377434 -0.013577 1.743588 0.205718 -0.608618 0.664652 0.381447
0.377383 -0.013545 1.743536 0.205251 -0.608949 0.664764 0.380976
0.377337 -0.013508 1.743485 0.204782 -0.609279 0.664887 0.380484
0.377291 -0.013473 1.743434 0.204313 -0.609606 0.665012 0.379995
0.377246 -0.013441 1.743384 0.203844 -0.609928 0.665139 0.379508
0.377201 -0.013409 1.743335 0.203376 -0.610246 0.665267 0.379022
0.377157 -0.013379 1.743284 0.202912 -0.610561 0.665394 0.378540
0.377114 -0.013349 1.743232 0.202453 -0.610873 0.665518 0.378065
0.377073 -0.013322 1.743100 0.202092 -0.611356 0.665490 0.377526
0.377030 -0.013294 1.742939 0.201772 -0.611915 0.665390 0.376967
0.376983 -0.013261 1.742771 0.201469 -0.612505 0.665256 0.376408
0.376932 -0.013224 1.742604 0.201170 -0.613105 0.665105 0.375856
0.376877 -0.013184 1.742443 0.200870 -0.613706 0.664948 0.375315
0.376820 -0.013142 1.742288 0.200565 -0.614299 0.664790 0.374787
0.376762 -0.013100 1.742140 0.200255 -0.614883 0.664635 0.374269
0.376702 -0.013056 1.741997 0.199938 -0.615457 0.664485 0.373762
0.376643 -0.013013 1.741860 0.199616 -0.616020 0.664341 0.373263
0.376584 -0.012971 1.741726 0.199288 -0.616573 0.664203 0.372769
0.376525 -0.012929 1.741596 0.198955 -0.617116 0.664072 0.372280
0.376468 -0.012888 1.741470 0.198618 -0.617650 0.663949 0.371794
0.376412 -0.012849 1.741346 0.198277 -0.618176 0.663833 0.371310
0.376357 -0.012810 1.741225 0.197933 -0.618693 0.663724 0.370826
0.376304 -0.012772 1.741106 0.197585 -0.619203 0.663622 0.370342
0.376252 -0.012735 1.740989 0.197234 -0.619705 0.663528 0.369857
0.376203 -0.012699 1.740875 0.196881 -0.620200 0.663442 0.369371
0.376155 -0.012664 1.740762 0.196525 -0.620688 0.663363 0.368882
0.376108 -0.012629 1.740652 0.196166 -0.621170 0.663291 0.368392
0.376064 -0.012595 1.740544 0.195805 -0.621644 0.663226 0.367898
0.376023 -0.012557 1.740438 0.195441 -0.622118 0.663173 0.367388
0.375983 -0.012520 1.740333 0.195075 -0.622584 0.663124 0.366881
0.375943 -0.012484 1.740230 0.194707 -0.623043 0.663081 0.366374
0.375905 -0.012450 1.740128 0.194336 -0.623496 0.663044 0.365868
0.375867 -0.012417 1.740029 0.193963 -0.623943 0.663013 0.365360
0.375831 -0.012386 1.739932 0.193588 -0.624383 0.662988 0.364851
0.375799 -0.012349 1.739837 0.193210 -0.624822 0.662974 0.364326
0.375766 -0.012314 1.739741 0.192834 -0.625255 0.662958 0.363810
0.375732 -0.012280 1.739644 0.192461 -0.625682 0.662941 0.363303
0.375698 -0.012247 1.739547 0.192092 -0.626104 0.662922 0.362806
0.375665 -0.012214 1.739449 0.191728 -0.626519 0.662902 0.362319
0.375631 -0.012181 1.739352 0.191369 -0.626929 0.662879 0.361840
0.375597 -0.012149 1.739254 0.191016 -0.627334 0.662855 0.361370
0.375564 -0.012117 1.739157 0.190668 -0.627733 0.662829 0.360909
0.375533 -0.012082 1.739060 0.190328 -0.628128 0.662804 0.360445
0.375502 -0.012047 1.738963 0.189994 -0.628518 0.662777 0.359993
0.375471 -0.012015 1.738866 0.189665 -0.628902 0.662746 0.359550
0.375440 -0.011983 1.738770 0.189342 -0.629281 0.662715 0.359116
0.375410 -0.011952 1.738675 0.189024 -0.629654 0.662682 0.358690
0.375379 -0.011922 1.738580 0.188713 -0.630022 0.662647 0.358272
0.375362 -0.011902 1.738410 0.188452 -0.630562 0.662509 0.357713
0.375345 -0.011886 1.738208 0.188218 -0.631175 0.662313 0.357119
0.375325 -0.011869 1.737995 0.187996 -0.631814 0.662089 0.356520
0.375301 -0.011852 1.737781 0.187779 -0.632458 0.661852 0.355932
0.375275 -0.011832 1.737569 0.187565 -0.633097 0.661609 0.355360
0.375245 -0.011811 1.737360 0.187350 -0.633727 0.661364 0.354807
0.375213 -0.011788 1.737155 0.187137 -0.634346 0.661117 0.354272
0.375180 -0.011764 1.736953 0.186923 -0.634954 0.660872 0.353755
0.375145 -0.011740 1.736754 0.186711 -0.635549 0.660627 0.353254
0.375109 -0.011716 1.736558 0.186500 -0.636134 0.660383 0.352769
0.375070 -0.011689 1.736367 0.186292 -0.636697 0.660143 0.352312
0.375030 -0.011660 1.736178 0.186089 -0.637243 0.659904 0.351878
0.374988 -0.011631 1.735993 0.185889 -0.637773 0.659669 0.351465
0.374948 -0.011597 1.735811 0.185695 -0.638289 0.659439 0.351062
0.374907 -0.011564 1.735632 0.185505 -0.638792 0.659211 0.350676
0.374867 -0.011529 1.735455 0.185320 -0.639283 0.658988 0.350296
0.374826 -0.011494 1.735280 0.185139 -0.639763 0.658767 0.349932
0.374785 -0.011462 1.735107 0.184961 -0.640233 0.658547 0.349581
0.374744 -0.011431 1.734937 0.184786 -0.640691 0.658330 0.349243
0.374703 -0.011401 1.734770 0.184614 -0.641140 0.658116 0.348915
0.374664 -0.011368 1.734604 0.184448 -0.641577 0.657909 0.348588
0.374624 -0.011337 1.734441 0.184285 -0.642006 0.657703 0.348273
0.374584 -0.011308 1.734280 0.184125 -0.642425 0.657500 0.347969
0.374547 -0.011275 1.734122 0.183971 -0.642834 0.657303 0.347666
0.374509 -0.011245 1.733965 0.183819 -0.643235 0.657108 0.347375
0.374470 -0.011217 1.733811 0.183669 -0.643627 0.656914 0.347092
0.374431 -0.011190 1.733658 0.183522 -0.644011 0.656723 0.346820
0.374393 -0.011164 1.733508 0.183378 -0.644387 0.656535 0.346555
0.374354 -0.011139 1.733360 0.183237 -0.644754 0.656349 0.346297
0.374319 -0.011112 1.733214 0.183101 -0.645113 0.656171 0.346038
0.374285 -0.011082 1.733070 0.182970 -0.645465 0.655999 0.345778
0.374251 -0.011055 1.732927 0.182841 -0.645812 0.655826 0.345527
0.374216 -0.011029 1.732786 0.182713 -0.646151 0.655654 0.345285
0.374181 -0.011005 1.732646 0.182586 -0.646484 0.655485 0.345050
0.374146 -0.010983 1.732509 0.182462 -0.646811 0.655317 0.344822
0.374111 -0.010962 1.732373 0.182339 -0.647131 0.655152 0.344600
0.374077 -0.010942 1.732240 0.182219 -0.647445 0.654990 0.344382
0.374043 -0.010922 1.732108 0.182100 -0.647754 0.654830 0.344169
0.374009 -0.010904 1.731978 0.181984 -0.648056 0.654673 0.343960
0.373978 -0.010883 1.731850 0.181872 -0.648353 0.654522 0.343748
0.373946 -0.010860 1.731667 0.181814 -0.648754 0.654273 0.343495
0.373911 -0.010835 1.731462 0.181779 -0.649202 0.653980 0.343226
0.373873 -0.010808 1.731251 0.181753 -0.649669 0.653667 0.342952
0.373832 -0.010779 1.731039 0.181727 -0.650141 0.653346 0.342681
0.373790 -0.010749 1.730830 0.181701 -0.650613 0.653023 0.342416
0.373748 -0.010714 1.730623 0.181674 -0.651079 0.652707 0.342147
0.373704 -0.010679 1.730419 0.181643 -0.651541 0.652389 0.341889
0.373659 -0.010644 1.730218 0.181608 -0.651998 0.652073 0.341639
0.373614 -0.010611 1.730020 -0.181570 0.652450 -0.651759 -0.341398
0.373568 -0.010578 1.729825 -0.181528 0.652894 -0.651447 -0.341164
0.373523 -0.010547 1.729633 -0.181484 0.653333 -0.651139 -0.340937
0.373483 -0.010512 1.729443 -0.181444 0.653760 -0.650844 -0.340702
0.373443 -0.010478 1.729255 -0.181400 0.654183 -0.650550 -0.340475
0.373403 -0.010445 1.729068 -0.181353 0.654600 -0.650259 -0.340254
0.373368 -0.010409 1.728883 -0.181311 0.655008 -0.649979 -0.340028
0.373331 -0.010377 1.728700 -0.181265 0.655413 -0.649698 -0.339808
0.373293 -0.010346 1.728518 -0.181218 0.655812 -0.649420 -0.339595
0.373254 -0.010317 1.728339 -0.181168 0.656207 -0.649144 -0.339386
0.373215 -0.010289 1.728163 -0.181118 0.656595 -0.648872 -0.339182
0.373180 -0.010259 1.727990 -0.181072 0.656976 -0.648608 -0.338973
0.373144 -0.010231 1.727818 -0.181024 0.657352 -0.648347 -0.338769
0.373107 -0.010205 1.727649 -0.180975 0.657724 -0.648088 -0.338570
0.373072 -0.010180 1.727482 -0.180925 0.658089 -0.647833 -0.338374
0.373041 -0.010152 1.727317 -0.180880 0.658447 -0.647587 -0.338173
0.373010 -0.010126 1.727154 -0.180833 0.658800 -0.647343 -0.337977
0.372980 -0.010102 1.726992 -0.180785 0.659149 -0.647102 -0.337786
0.372948 -0.010079 1.726833 -0.180736 0.659493 -0.646862 -0.337599
0.372917 -0.010058 1.726676 -0.180687 0.659832 -0.646626 -0.337415
0.372885 -0.010037 1.726522 -0.180638 0.660167 -0.646393 -0.337233
0.372856 -0.010015 1.726370 -0.180594 0.660494 -0.646168 -0.337047
0.372830 -0.009990 1.726220 -0.180554 0.660815 -0.645950 -0.336855
0.372803 -0.009968 1.726072 -0.180512 0.661134 -0.645733 -0.336670
0.372775 -0.009947 1.725926 -0.180469 0.661448 -0.645517 -0.336490
0.372747 -0.009928 1.725781 -0.180425 0.661757 -0.645304 -0.336313
0.372719 -0.009910 1.725639 -0.180380 0.662062 -0.645094 -0.336141
0.372690 -0.009893 1.725499 -0.180335 0.662362 -0.644887 -0.335971
0.372663 -0.009878 1.725361 -0.180289 0.662658 -0.644683 -0.335804
0.372635 -0.009862 1.725225 -0.180244 0.662949 -0.644482 -0.335639
0.372608 -0.009848 1.725090 -0.180199 0.663236 -0.644285 -0.335476
0.372582 -0.009834 1.724958 -0.180154 0.663518 -0.644091 -0.335315
0.372552 -0.009810 1.724731 -0.180199 0.663967 -0.643719 -0.335115
0.372523 -0.009776 1.724467 -0.180293 0.664485 -0.643272 -0.334896
0.372494 -0.009732 1.724190 -0.180411 0.665027 -0.642797 -0.334669
0.372461 -0.009686 1.723910 -0.180536 0.665576 -0.642306 -0.334451
0.372425 -0.009638 1.723634 -0.180662 0.666122 -0.641812 -0.334244
0.372388 -0.009588 1.723362 -0.180787 0.666660 -0.641322 -0.334047
0.372348 -0.009538 1.723095 -0.180908 0.667187 -0.640836 -0.333860
0.372308 -0.009488 1.722834 -0.181026 0.667704 -0.640357 -0.333681
0.372267 -0.009437 1.722578 -0.181140 0.668211 -0.639886 -0.333510
0.372226 -0.009387 1.722327 -0.181251 0.668707 -0.639422 -0.333345
0.372186 -0.009337 1.722080 -0.181359 0.669193 -0.638966 -0.333185
0.372145 -0.009287 1.721838 -0.181464 0.669669 -0.638518 -0.333030
0.372109 -0.009232 1.721601 -0.181572 0.670134 -0.638085 -0.332866
0.372077 -0.009174 1.721367 -0.181683 0.670587 -0.637665 -0.332696
0.372043 -0.009118 1.721136 -0.181789 0.671036 -0.637248 -0.332534
0.372008 -0.009065 1.720908 -0.181891 0.671477 -0.636836 -0.332378
0.371973 -0.009013 1.720684 -0.181988 0.671910 -0.636429 -0.332228
0.371938 -0.008963 1.720464 -0.182081 0.672336 -0.636029 -0.332082
0.371903 -0.008914 1.720248 -0.182170 0.672754 -0.635635 -0.331940
0.371873 -0.008861 1.720036 -0.182264 0.673161 -0.635256 -0.331788
0.371846 -0.008806 1.719827 -0.182361 0.673560 -0.634888 -0.331629
0.371817 -0.008753 1.719621 -0.182452 0.673955 -0.634523 -0.331477
0.371788 -0.008702 1.719418 -0.182538 0.674344 -0.634161 -0.331331
0.371758 -0.008653 1.719218 -0.182619 0.674726 -0.633805 -0.331189
0.371727 -0.008606 1.719021 -0.182697 0.675102 -0.633453 -0.331051
0.371697 -0.008561 1.718827 -0.182772 0.675472 -0.633108 -0.330917
0.371667 -0.008516 1.718637 -0.182843 0.675835 -0.632769 -0.330784
0.371637 -0.008473 1.718450 -0.182912 0.676193 -0.632435 -0.330654
0.371612 -0.008426 1.718266 -0.182986 0.676541 -0.632115 -0.330512
0.371591 -0.008376 1.718085 -0.183063 0.676883 -0.631805 -0.330363
0.371568 -0.008329 1.717906 -0.183135 0.677222 -0.631496 -0.330219
0.371544 -0.008284 1.717729 -0.183202 0.677557 -0.631190 -0.330079
0.371520 -0.008240 1.717555 -0.183266 0.677888 -0.630889 -0.329942
0.371496 -0.008198 1.717384 -0.183325 0.678213 -0.630591 -0.329808
0.371472 -0.008158 1.717216 -0.183382 0.678534 -0.630299 -0.329676
0.371446 -0.008115 1.717049 -0.183422 0.678843 -0.630020 -0.329549
0.371448 -0.008058 1.716872 -0.183482 0.679113 -0.629801 -0.329380
0.371461 -0.007994 1.716686 -0.183548 0.679377 -0.629602 -0.329179
0.371480 -0.007925 1.716495 -0.183616 0.679647 -0.629408 -0.328954
0.371492 -0.007864 1.716301 -0.183671 0.679938 -0.629193 -0.328732
0.371496 -0.007799 1.716056 -0.183777 0.680353 -0.628837 -0.328498
0.371498 -0.007736 1.715793 -0.183912 0.680816 -0.628415 -0.328267
0.371496 -0.007673 1.715527 -0.184057 0.681301 -0.627963 -0.328047
0.371489 -0.007611 1.715265 -0.184202 0.681793 -0.627494 -0.327840
0.371478 -0.007550 1.715011 -0.184343 0.682285 -0.627018 -0.327646
0.371464 -0.007489 1.714765 -0.184479 0.682774 -0.626541 -0.327466
0.371447 -0.007429 1.714527 -0.184608 0.683257 -0.626065 -0.327296
0.371427 -0.007370 1.714296 -0.184732 0.683734 -0.625591 -0.327136
0.371405 -0.007313 1.714072 -0.184849 0.684204 -0.625122 -0.326985
0.371382 -0.007257 1.713855 -0.184961 0.684667 -0.624657 -0.326841
0.371358 -0.007202 1.713645 -0.185072 0.685126 -0.624195 -0.326698
0.371335 -0.007149 1.713440 -0.185181 0.685579 -0.623738 -0.326558
0.371313 -0.007096 1.713243 -0.185290 0.686026 -0.623288 -0.326418
0.371291 -0.007045 1.713050 -0.185397 0.686466 -0.622843 -0.326279
0.371269 -0.006994 1.712863 -0.185503 0.686900 -0.622406 -0.326141
0.371248 -0.006944 1.712682 -0.185607 0.687327 -0.621975 -0.326004
0.371228 -0.006895 1.712504 -0.185709 0.687748 -0.621551 -0.325867
0.371209 -0.006846 1.712332 -0.185810 0.688162 -0.621134 -0.325731
0.371189 -0.006798 1.712163 -0.185908 0.688570 -0.620723 -0.325594
0.371171 -0.006750 1.711998 -0.186005 0.688973 -0.620319 -0.325458
0.371153 -0.006703 1.711837 -0.186100 0.689369 -0.619922 -0.325321
0.371135 -0.006657 1.711679 -0.186192 0.689760 -0.619531 -0.325184
0.371118 -0.006611 1.711525 -0.186282 0.690146 -0.619146 -0.325047
0.371114 -0.006560 1.711370 -0.186386 0.690518 -0.618787 -0.324882
0.371110 -0.006512 1.711216 -0.186487 0.690890 -0.618428 -0.324715
0.371105 -0.006466 1.711064 -0.186583 0.691261 -0.618072 -0.324548
0.371100 -0.006421 1.710916 -0.186676 0.691630 -0.617720 -0.324380
0.371094 -0.006378 1.710770 -0.186764 0.691995 -0.617372 -0.324212
0.371088 -0.006336 1.710627 -0.186848 0.692357 -0.617029 -0.324045
0.371082 -0.006295 1.710487 -0.186928 0.692715 -0.616690 -0.323878
0.371075 -0.006256 1.710350 -0.187006 0.693070 -0.616355 -0.323713
0.371069 -0.006219 1.710215 -0.187082 0.693420 -0.616024 -0.323547
0.371064 -0.006182 1.710083 -0.187156 0.693767 -0.615698 -0.323382
0.371059 -0.006147 1.709954 -0.187228 0.694108 -0.615377 -0.323218
0.371054 -0.006113 1.709828 -0.187298 0.694446 -0.615061 -0.323054
0.371049 -0.006079 1.709704 -0.187364 0.694778 -0.614750 -0.322894
0.371044 -0.006047 1.709583 -0.187430 0.695107 -0.614443 -0.322732
0.371040 -0.006015 1.709464 -0.187493 0.695432 -0.614141 -0.322571
0.371037 -0.005983 1.709348 -0.187555 0.695753 -0.613843 -0.322409
0.371035 -0.005952 1.709235 -0.187616 0.696069 -0.613551 -0.322247
0.371026 -0.005908 1.709062 -0.187731 0.696494 -0.613127 -0.322069
0.371015 -0.005857 1.708866 -0.187873 0.696963 -0.612646 -0.321888
0.371001 -0.005801 1.708664 -0.188029 0.697446 -0.612140 -0.321712
0.370984 -0.005743 1.708463 -0.188189 0.697930 -0.611626 -0.321547
0.370965 -0.005686 1.708265 -0.188351 0.698408 -0.611110 -0.321395
0.370945 -0.005630 1.708071 -0.188512 0.698876 -0.610599 -0.321254
0.370925 -0.005575 1.707882 -0.188673 0.699335 -0.610095 -0.321117
0.370907 -0.005519 1.707698 -0.188835 0.699785 -0.609601 -0.320982
0.370891 -0.005463 1.707520 -0.188996 0.700226 -0.609115 -0.320847
0.370875 -0.005406 1.707346 -0.189156 0.700659 -0.608638 -0.320713
0.370862 -0.005349 1.707178 -0.189317 0.701086 -0.608169 -0.320576
0.370850 -0.005291 1.707014 -0.189477 0.701505 -0.607708 -0.320437
0.370840 -0.005232 1.706855 -0.189636 0.701918 -0.607256 -0.320297
0.370831 -0.005173 1.706700 -0.189794 0.702325 -0.606811 -0.320154
0.370823 -0.005113 1.706550 -0.189950 0.702726 -0.606372 -0.320012
0.370817 -0.005053 1.706403 -0.190104 0.703122 -0.605940 -0.319869
0.370811 -0.004992 1.706261 -0.190257 0.703511 -0.605516 -0.319727
0.370806 -0.004932 1.706123 -0.190408 0.703894 -0.605098 -0.319585
0.370802 -0.004871 1.705988 -0.190556 0.704272 -0.604687 -0.319444
0.370798 -0.004810 1.705857 -0.190702 0.704643 -0.604282 -0.319303
0.370795 -0.004750 1.705730 -0.190845 0.705008 -0.603884 -0.319163
0.370792 -0.004690 1.705606 -0.190986 0.705368 -0.603493 -0.319024
0.370790 -0.004631 1.705484 -0.191124 0.705722 -0.603108 -0.318885
0.370788 -0.004572 1.705366 -0.191260 0.706072 -0.602730 -0.318747
0.370786 -0.004513 1.705251 -0.191393 0.706416 -0.602357 -0.318609
0.370785 -0.004455 1.705138 -0.191523 0.706755 -0.601991 -0.318471
0.370784 -0.004398 1.705028 -0.191650 0.707090 -0.601630 -0.318332
0.370783 -0.004342 1.704920 -0.191775 0.707420 -0.601276 -0.318194
0.370783 -0.004286 1.704815 -0.191896 0.707745 -0.600927 -0.318057
0.370783 -0.004231 1.704713 -0.192015 0.708066 -0.600583 -0.317919
0.370783 -0.004176 1.704612 -0.192130 0.708383 -0.600246 -0.317781
0.370783 -0.004123 1.704514 -0.192243 0.708695 -0.599914 -0.317643
0.370783 -0.004071 1.704418 -0.192353 0.709004 -0.599587 -0.317504
0.370783 -0.004019 1.704324 -0.192460 0.709308 -0.599266 -0.317366
0.370783 -0.003969 1.704232 -0.192564 0.709609 -0.598950 -0.317228
0.370784 -0.003919 1.704141 -0.192665 0.709906 -0.598639 -0.317089
0.370784 -0.003869 1.704053 -0.192763 0.710199 -0.598333 -0.316950
0.370785 -0.003821 1.703967 -0.192859 0.710489 -0.598031 -0.316812
0.370787 -0.003773 1.703883 -0.192952 0.710776 -0.597734 -0.316672
0.370788 -0.003725 1.703801 -0.193042 0.711060 -0.597441 -0.316533
0.370788 -0.003672 1.703688 -0.193156 0.711399 -0.597084 -0.316375
0.370788 -0.003615 1.703563 -0.193279 0.711762 -0.596700 -0.316209
0.370786 -0.003556 1.703434 -0.193404 0.712132 -0.596305 -0.316042
0.370783 -0.003496 1.703307 -0.193529 0.712504 -0.595909 -0.315875
0.370779 -0.003434 1.703182 -0.193651 0.712875 -0.595514 -0.315709
0.370776 -0.003372 1.703060 -0.193770 0.713242 -0.595123 -0.315543
0.370772 -0.003310 1.702941 -0.193887 0.713605 -0.594737 -0.315379
0.370769 -0.003247 1.702827 -0.194001 0.713965 -0.594355 -0.315215
0.370765 -0.003184 1.702715 -0.194111 0.714320 -0.593978 -0.315053
0.370762 -0.003121 1.702607 -0.194219 0.714671 -0.593606 -0.314891
0.370759 -0.003058 1.702502 -0.194324 0.715019 -0.593238 -0.314729
0.370756 -0.002994 1.702401 -0.194426 0.715362 -0.592876 -0.314569
0.370754 -0.002931 1.702303 -0.194525 0.715702 -0.592519 -0.314409
0.370752 -0.002868 1.702208 -0.194622 0.716037 -0.592166 -0.314249
0.370750 -0.002805 1.702116 -0.194716 0.716369 -0.591818 -0.314091
0.370750 -0.002742 1.702027 -0.194807 0.716696 -0.591475 -0.313934
0.370749 -0.002678 1.701941 -0.194896 0.717019 -0.591136 -0.313778
0.370749 -0.002615 1.701858 -0.194983 0.717339 -0.590802 -0.313622
0.370750 -0.002552 1.701779 -0.195068 0.717654 -0.590473 -0.313468
0.370751 -0.002489 1.701701 -0.195150 0.717966 -0.590148 -0.313315
0.370753 -0.002426 1.701627 -0.195230 0.718273 -0.589828 -0.313164
0.370754 -0.002363 1.701556 -0.195309 0.718577 -0.589512 -0.313014
0.370757 -0.002300 1.701487 -0.195385 0.718876 -0.589200 -0.312866
0.370759 -0.002238 1.701421 -0.195460 0.719171 -0.588892 -0.312721
0.370762 -0.002175 1.701357 -0.195532 0.719462 -0.588589 -0.312577
0.370766 -0.002113 1.701296 -0.195603 0.719749 -0.588290 -0.312437
0.370769 -0.002051 1.701238 -0.195672 0.720031 -0.587994 -0.312299
0.370773 -0.001989 1.701182 -0.195740 0.720309 -0.587703 -0.312164
0.370777 -0.001927 1.701129 -0.195806 0.720583 -0.587416 -0.312031
0.370782 -0.001866 1.701078 -0.195869 0.720854 -0.587132 -0.311901
0.370787 -0.001806 1.701028 -0.195930 0.721121 -0.586851 -0.311773
0.370792 -0.001746 1.700981 -0.195989 0.721385 -0.586573 -0.311646
0.370797 -0.001687 1.700936 -0.196046 0.721646 -0.586299 -0.311522
0.370803 -0.001628 1.700893 -0.196101 0.721904 -0.586028 -0.311400
0.370809 -0.001569 1.700853 -0.196155 0.722159 -0.585760 -0.311280
0.370816 -0.001511 1.700814 -0.196207 0.722410 -0.585495 -0.311162
0.370824 -0.001453 1.700778 -0.196257 0.722659 -0.585234 -0.311045
0.370832 -0.001395 1.700744 -0.196306 0.722904 -0.584976 -0.310929
0.370840 -0.001338 1.700712 -0.196354 0.723147 -0.584721 -0.310815
0.370848 -0.001281 1.700681 -0.196400 0.723386 -0.584469 -0.310702
0.370848 -0.001208 1.700597 -0.196500 0.723711 -0.584070 -0.310632
0.370849 -0.001125 1.700493 -0.196631 0.724070 -0.583614 -0.310571
0.370851 -0.001035 1.700384 -0.196780 0.724438 -0.583139 -0.310511
0.370854 -0.000941 1.700276 -0.196939 0.724804 -0.582661 -0.310453
0.370859 -0.000845 1.700170 -0.197103 0.725163 -0.582187 -0.310397
0.370864 -0.000748 1.700068 -0.197271 0.725515 -0.581721 -0.310342
0.370869 -0.000651 1.699969 -0.197441 0.725858 -0.581264 -0.310288
0.370875 -0.000555 1.699873 -0.197610 0.726194 -0.580816 -0.310236
0.370880 -0.000459 1.699781 -0.197778 0.726521 -0.580376 -0.310184
0.370886 -0.000364 1.699691 -0.197944 0.726842 -0.579946 -0.310132
0.370892 -0.000271 1.699605 -0.198108 0.727156 -0.579524 -0.310081
0.370898 -0.000178 1.699521 -0.198269 0.727464 -0.579110 -0.310029
0.370903 -0.000087 1.699439 -0.198427 0.727766 -0.578704 -0.309976
0.370909 0.000003 1.699361 -0.198582 0.728063 -0.578305 -0.309923
0.370915 0.000092 1.699284 -0.198734 0.728355 -0.577915 -0.309869
0.370920 0.000180 1.699210 -0.198882 0.728641 -0.577532 -0.309814
0.370926 0.000267 1.699138 -0.199027 0.728924 -0.577156 -0.309758
0.370932 0.000352 1.699069 -0.199168 0.729201 -0.576787 -0.309701
0.370937 0.000436 1.699001 -0.199306 0.729475 -0.576425 -0.309642
0.370943 0.000520 1.698936 -0.199440 0.729744 -0.576070 -0.309583
0.370948 0.000602 1.698872 -0.199571 0.730009 -0.575721 -0.309523
0.370954 0.000683 1.698810 -0.199698 0.730269 -0.575379 -0.309462
0.370959 0.000763 1.698750 -0.199822 0.730526 -0.575043 -0.309400
0.370965 0.000842 1.698692 -0.199942 0.730779 -0.574713 -0.309337
0.370970 0.000920 1.698636 -0.200059 0.731028 -0.574390 -0.309275
0.370975 0.000997 1.698581 -0.200173 0.731273 -0.574072 -0.309211
0.370980 0.001073 1.698528 -0.200284 0.731514 -0.573760 -0.309148
0.370985 0.001147 1.698476 -0.200391 0.731752 -0.573454 -0.309084
0.370989 0.001221 1.698426 -0.200495 0.731985 -0.573154 -0.309020
0.370994 0.001294 1.698378 -0.200596 0.732215 -0.572859 -0.308957
0.370998 0.001366 1.698330 -0.200694 0.732441 -0.572570 -0.308893
0.371002 0.001436 1.698284 -0.200790 0.732664 -0.572286 -0.308830
0.371006 0.001506 1.698240 -0.200882 0.732883 -0.572007 -0.308767
0.371010 0.001574 1.698196 -0.200971 0.733098 -0.571734 -0.308705
0.371013 0.001642 1.698154 -0.201058 0.733310 -0.571465 -0.308643
0.371016 0.001708 1.698113 -0.201142 0.733518 -0.571202 -0.308581
0.371019 0.001773 1.698073 -0.201223 0.733722 -0.570943 -0.308521
0.371022 0.001838 1.698034 -0.201302 0.733923 -0.570689 -0.308461
0.371024 0.001901 1.697996 -0.201378 0.734121 -0.570440 -0.308401
0.371027 0.001963 1.697959 -0.201451 0.734315 -0.570196 -0.308343
0.371020 0.002038 1.697907 -0.201572 0.734515 -0.569877 -0.308378
0.371014 0.002122 1.697850 -0.201714 0.734714 -0.569538 -0.308437
0.371011 0.002210 1.697793 -0.201871 0.734908 -0.569196 -0.308503
0.371011 0.002301 1.697738 -0.202037 0.735095 -0.568860 -0.308569
0.371012 0.002391 1.697686 -0.202208 0.735274 -0.568532 -0.308635
0.371016 0.002481 1.697635 -0.202382 0.735446 -0.568213 -0.308699
0.371021 0.002571 1.697586 -0.202557 0.735611 -0.567903 -0.308762
0.371027 0.002659 1.697538 -0.202731 0.735770 -0.567602 -0.308823
0.371033 0.002745 1.697492 -0.202904 0.735923 -0.567309 -0.308882
0.371040 0.002830 1.697448 -0.203075 0.736071 -0.567023 -0.308940
0.371047 0.002914 1.697404 -0.203244 0.736216 -0.566745 -0.308996
0.371054 0.002995 1.697362 -0.203409 0.736356 -0.566473 -0.309051
0.371062 0.003075 1.697322 -0.203570 0.736493 -0.566208 -0.309103
0.371069 0.003154 1.697282 -0.203728 0.736628 -0.565950 -0.309154
0.371077 0.003231 1.697244 -0.203882 0.736759 -0.565697 -0.309202
0.371084 0.003306 1.697206 -0.204032 0.736888 -0.565449 -0.309249
0.371092 0.003380 1.697169 -0.204177 0.737014 -0.565208 -0.309294
0.371099 0.003452 1.697134 -0.204319 0.737138 -0.564971 -0.309337
0.371107 0.003523 1.697099 -0.204457 0.737260 -0.564740 -0.309378
0.371114 0.003593 1.697065 -0.204590 0.737380 -0.564513 -0.309417
0.371121 0.003661 1.697033 -0.204720 0.737498 -0.564292 -0.309454
0.371128 0.003729 1.697000 -0.204845 0.737614 -0.564075 -0.309490
0.371135 0.003795 1.696969 -0.204967 0.737728 -0.563863 -0.309524
0.371142 0.003859 1.696939 -0.205085 0.737840 -0.563655 -0.309557
0.371148 0.003923 1.696909 -0.205199 0.737951 -0.563451 -0.309588
0.371154 0.003986 1.696880 -0.205309 0.738060 -0.563252 -0.309618
0.371160 0.004047 1.696852 -0.205416 0.738167 -0.563057 -0.309646
0.371166 0.004107 1.696824 -0.205519 0.738273 -0.562865 -0.309673
0.371171 0.004166 1.696796 -0.205618 0.738377 -0.562678 -0.309698
0.371175 0.004224 1.696769 -0.205714 0.738480 -0.562496 -0.309721
0.371178 0.004281 1.696742 -0.205807 0.738581 -0.562317 -0.309743
0.371181 0.004337 1.696716 -0.205897 0.738681 -0.562142 -0.309763
0.371183 0.004392 1.696690 -0.205983 0.738779 -0.561971 -0.309781
0.371185 0.004446 1.696664 -0.206066 0.738876 -0.561804 -0.309799
0.371186 0.004500 1.696639 -0.206147 0.738972 -0.561639 -0.309814
0.371187 0.004553 1.696614 -0.206224 0.739067 -0.561478 -0.309829
0.371188 0.004605 1.696590 -0.206299 0.739160 -0.561321 -0.309842
0.371189 0.004657 1.696566 -0.206371 0.739252 -0.561166 -0.309854
0.371189 0.004708 1.696543 -0.206440 0.739343 -0.561015 -0.309865
0.371189 0.004758 1.696521 -0.206506 0.739433 -0.560866 -0.309875
0.371160 0.004825 1.696429 -0.206660 0.739602 -0.560541 -0.309957
0.371121 0.004904 1.696313 -0.206857 0.739800 -0.560146 -0.310069
0.371077 0.004987 1.696189 -0.207079 0.740005 -0.559723 -0.310195
0.371033 0.005072 1.696067 -0.207314 0.740208 -0.559294 -0.310327
0.370989 0.005156 1.695947 -0.207556 0.740406 -0.558868 -0.310460
0.370947 0.005241 1.695833 -0.207802 0.740599 -0.558449 -0.310589
0.370907 0.005324 1.695723 -0.208050 0.740786 -0.558039 -0.310714
0.370868 0.005411 1.695625 -0.208296 0.740969 -0.557639 -0.310832
0.370831 0.005499 1.695534 -0.208547 0.741142 -0.557250 -0.310950
0.370796 0.005588 1.695448 -0.208801 0.741304 -0.556872 -0.311069
0.370762 0.005675 1.695367 -0.209056 0.741458 -0.556503 -0.311192
0.370728 0.005760 1.695288 -0.209309 0.741604 -0.556143 -0.311317
0.370695 0.005844 1.695213 -0.209560 0.741743 -0.555793 -0.311443
0.370662 0.005924 1.695140 -0.209807 0.741875 -0.555451 -0.311570
0.370630 0.006003 1.695069 -0.210049 0.742003 -0.555118 -0.311697
0.370598 0.006079 1.695000 -0.210287 0.742125 -0.554793 -0.311823
0.370567 0.006153 1.694933 -0.210520 0.742244 -0.554476 -0.311948
0.370537 0.006224 1.694867 -0.210747 0.742358 -0.554167 -0.312072
0.370507 0.006294 1.694803 -0.210969 0.742470 -0.553864 -0.312193
0.370477 0.006362 1.694740 -0.211185 0.742579 -0.553569 -0.312312
0.370448 0.006427 1.694679 -0.211395 0.742685 -0.553281 -0.312428
0.370420 0.006491 1.694619 -0.211600 0.742789 -0.552999 -0.312542
0.370392 0.006553 1.694561 -0.211799 0.742891 -0.552723 -0.312653
0.370364 0.006614 1.694504 -0.211992 0.742991 -0.552453 -0.312761
0.370337 0.006673 1.694448 -0.212179 0.743089 -0.552190 -0.312866
0.370311 0.006731 1.694393 -0.212361 0.743186 -0.551932 -0.312968
0.370285 0.006788 1.694340 -0.212537 0.743281 -0.551680 -0.313067
0.370259 0.006843 1.694288 -0.212708 0.743374 -0.551433 -0.313164
0.370234 0.006897 1.694237 -0.212874 0.743467 -0.551191 -0.313257
0.370209 0.006950 1.694187 -0.213035 0.743558 -0.550955 -0.313348
0.370185 0.007002 1.694138 -0.213190 0.743647 -0.550723 -0.313437
0.370160 0.007053 1.694090 -0.213341 0.743736 -0.550497 -0.313523
0.370136 0.007102 1.694043 -0.213487 0.743823 -0.550275 -0.313606
0.370113 0.007151 1.693998 -0.213628 0.743909 -0.550057 -0.313687
0.370089 0.007199 1.693953 -0.213765 0.743993 -0.549845 -0.313766
0.370066 0.007246 1.693909 -0.213896 0.744077 -0.549636 -0.313843
0.370043 0.007291 1.693866 -0.214024 0.744160 -0.549432 -0.313918
0.370020 0.007336 1.693824 -0.214148 0.744241 -0.549232 -0.313991
0.369997 0.007380 1.693783 -0.214267 0.744321 -0.549036 -0.314062
0.369975 0.007424 1.693743 -0.214382 0.744401 -0.548844 -0.314131
0.369913 0.007475 1.693664 -0.214554 0.744516 -0.548495 -0.314351
0.369838 0.007533 1.693573 -0.214745 0.744648 -0.548092 -0.314610
0.369761 0.007595 1.693481 -0.214954 0.744781 -0.547679 -0.314871
0.369674 0.007660 1.693397 -0.215099 0.744978 -0.547235 -0.315079
0.369582 0.007729 1.693320 -0.215214 0.745215 -0.546770 -0.315248
0.369490 0.007801 1.693252 -0.215314 0.745477 -0.546294 -0.315384
0.369399 0.007876 1.693191 -0.215406 0.745755 -0.545815 -0.315492
0.369316 0.007953 1.693130 -0.215531 0.745999 -0.545362 -0.315614
0.369238 0.008030 1.693070 -0.215681 0.746210 -0.544935 -0.315751
0.369166 0.008107 1.693011 -0.215849 0.746393 -0.544530 -0.315901
0.369097 0.008182 1.692952 -0.216030 0.746552 -0.544148 -0.316061
0.369034 0.008256 1.692894 -0.216226 0.746689 -0.543786 -0.316227
0.368975 0.008328 1.692837 -0.216432 0.746806 -0.543444 -0.316396
0.368920 0.008398 1.692780 -0.216646 0.746908 -0.543119 -0.316566
0.368869 0.008468 1.692725 -0.216865 0.746997 -0.542811 -0.316735
0.368821 0.008536 1.692671 -0.217087 0.747076 -0.542517 -0.316901
0.368776 0.008603 1.692618 -0.217312 0.747147 -0.542235 -0.317062
0.368735 0.008669 1.692567 -0.217537 0.747210 -0.541966 -0.317218
0.368695 0.008735 1.692516 -0.217760 0.747268 -0.541708 -0.317369
0.368658 0.008800 1.692467 -0.217982 0.747322 -0.541460 -0.317514
0.368622 0.008865 1.692419 -0.218200 0.747372 -0.541221 -0.317653
0.368586 0.008930 1.692372 -0.218408 0.747425 -0.540987 -0.317783
0.368551 0.008994 1.692326 -0.218608 0.747481 -0.540757 -0.317906
0.368515 0.009059 1.692282 -0.218798 0.747541 -0.540530 -0.318021
0.368479 0.009123 1.692238 -0.218980 0.747603 -0.540307 -0.318128
0.368444 0.009186 1.692195 -0.219154 0.747668 -0.540087 -0.318229
0.368409 0.009250 1.692153 -0.219320 0.747736 -0.539871 -0.318322
0.368374 0.009313 1.692112 -0.219480 0.747807 -0.539657 -0.318409
0.368340 0.009375 1.692072 -0.219632 0.747880 -0.539446 -0.318489
0.368306 0.009438 1.692034 -0.219778 0.747955 -0.539239 -0.318564
0.368260 0.009502 1.692000 -0.219839 0.748089 -0.539012 -0.318592
0.368215 0.009567 1.691964 -0.219914 0.748216 -0.538783 -0.318628
0.368173 0.009631 1.691929 -0.219999 0.748335 -0.538558 -0.318670
0.368131 0.009694 1.691894 -0.220089 0.748447 -0.538338 -0.318716
0.368091 0.009756 1.691860 -0.220181 0.748552 -0.538126 -0.318765
0.368052 0.009816 1.691827 -0.220274 0.748652 -0.537920 -0.318814
0.368014 0.009874 1.691794 -0.220365 0.748748 -0.537719 -0.318863
0.367977 0.009930 1.691762 -0.220455 0.748841 -0.537525 -0.318911
0.367941 0.009985 1.691731 -0.220542 0.748931 -0.537335 -0.318957
0.367905 0.010039 1.691700 -0.220626 0.749020 -0.537151 -0.319001
0.367804 0.010090 1.691633 -0.220880 0.749069 -0.536770 -0.319351
0.367668 0.010135 1.691576 -0.221143 0.749161 -0.536298 -0.319747
0.367513 0.010179 1.691528 -0.221363 0.749291 -0.535798 -0.320128
0.367347 0.010223 1.691487 -0.221551 0.749450 -0.535285 -0.320484
0.367178 0.010269 1.691453 -0.221719 0.749626 -0.534770 -0.320816
0.367008 0.010317 1.691423 -0.221877 0.749813 -0.534256 -0.321124
0.366839 0.010367 1.691397 -0.222028 0.750007 -0.533748 -0.321412
0.366673 0.010420 1.691376 -0.222175 0.750205 -0.533248 -0.321680
0.366510 0.010475 1.691359 -0.222321 0.750404 -0.532756 -0.321929
0.366350 0.010533 1.691346 -0.222465 0.750602 -0.532275 -0.322163
0.366194 0.010592 1.691335 -0.222609 0.750800 -0.531804 -0.322381
0.366042 0.010654 1.691328 -0.222753 0.750996 -0.531343 -0.322585
0.365894 0.010718 1.691323 -0.222896 0.751189 -0.530894 -0.322775
0.365749 0.010783 1.691321 -0.223039 0.751380 -0.530455 -0.322954
0.365609 0.010850 1.691321 -0.223181 0.751568 -0.530027 -0.323121
0.365471 0.010918 1.691324 -0.223323 0.751753 -0.529610 -0.323278
0.365337 0.010987 1.691328 -0.223465 0.751934 -0.529203 -0.323424
0.365207 0.011057 1.691333 -0.223605 0.752112 -0.528807 -0.323562
0.365080 0.011128 1.691340 -0.223744 0.752286 -0.528420 -0.323691
0.364956 0.011199 1.691349 -0.223882 0.752457 -0.528044 -0.323813
0.364835 0.011271 1.691359 -0.224020 0.752624 -0.527678 -0.323927
0.364717 0.011343 1.691370 -0.224155 0.752787 -0.527322 -0.324034
0.364601 0.011415 1.691381 -0.224290 0.752947 -0.526975 -0.324134
0.364489 0.011488 1.691394 -0.224422 0.753102 -0.526638 -0.324229
0.364373 0.011557 1.691401 -0.224537 0.753252 -0.526306 -0.324340
0.364257 0.011623 1.691402 -0.224642 0.753393 -0.525982 -0.324464
0.364141 0.011686 1.691398 -0.224742 0.753527 -0.525667 -0.324596
0.364026 0.011747 1.691392 -0.224839 0.753654 -0.525360 -0.324730
0.363914 0.011805 1.691383 -0.224934 0.753774 -0.525064 -0.324865
0.363805 0.011862 1.691374 -0.225026 0.753890 -0.524777 -0.324997
0.363699 0.011918 1.691363 -0.225117 0.754000 -0.524500 -0.325125
0.363598 0.011974 1.691360 -0.225219 0.754105 -0.524232 -0.325243
0.363501 0.012031 1.691362 -0.225322 0.754208 -0.523974 -0.325348
0.363409 0.012089 1.691367 -0.225425 0.754311 -0.523724 -0.325440
0.363319 0.012147 1.691374 -0.225528 0.754413 -0.523482 -0.325522
0.363233 0.012206 1.691383 -0.225630 0.754515 -0.523246 -0.325595
0.363149 0.012266 1.691394 -0.225731 0.754615 -0.523016 -0.325661
0.363067 0.012325 1.691407 -0.225831 0.754715 -0.522793 -0.325721
0.362988 0.012384 1.691420 -0.225929 0.754813 -0.522574 -0.325775
0.362911 0.012444 1.691435 -0.226027 0.754910 -0.522361 -0.325824
0.362774 0.012495 1.691455 -0.226336 0.754968 -0.521955 -0.326126
0.362597 0.012544 1.691468 -0.226583 0.755026 -0.521539 -0.326484
0.362401 0.012594 1.691487 -0.226813 0.755092 -0.521111 -0.326857
0.362195 0.012646 1.691508 -0.227018 0.755164 -0.520689 -0.327220
0.361988 0.012695 1.691515 -0.227240 0.755201 -0.520286 -0.327623
0.361782 0.012742 1.691511 -0.227471 0.755204 -0.519909 -0.328052
0.361579 0.012789 1.691500 -0.227710 0.755180 -0.519559 -0.328497
0.361380 0.012834 1.691482 -0.227951 0.755132 -0.519235 -0.328952
0.361185 0.012880 1.691458 -0.228193 0.755065 -0.518935 -0.329409
0.360987 0.012933 1.691442 -0.228370 0.755034 -0.518647 -0.329812
0.360790 0.012993 1.691429 -0.228529 0.755022 -0.518359 -0.330181
0.360596 0.013052 1.691408 -0.228703 0.754996 -0.518075 -0.330566
0.360405 0.013118 1.691392 -0.228855 0.754986 -0.517803 -0.330912
0.360218 0.013183 1.691370 -0.229013 0.754967 -0.517536 -0.331262
0.360035 0.013249 1.691342 -0.229174 0.754939 -0.517282 -0.331610
0.359857 0.013314 1.691309 -0.229334 0.754906 -0.517040 -0.331953
0.359682 0.013385 1.691287 -0.229478 0.754882 -0.516809 -0.332267
0.359510 0.013460 1.691271 -0.229617 0.754868 -0.516584 -0.332553
0.359338 0.013536 1.691251 -0.229741 0.754859 -0.516359 -0.332837
0.359167 0.013611 1.691227 -0.229856 0.754853 -0.516135 -0.333118
0.358999 0.013684 1.691200 -0.229967 0.754847 -0.515916 -0.333396
0.358833 0.013756 1.691169 -0.230073 0.754840 -0.515701 -0.333668
0.358674 0.013832 1.691150 -0.230193 0.754830 -0.515500 -0.333920
0.358522 0.013912 1.691138 -0.230316 0.754821 -0.515311 -0.334148
0.358367 0.013991 1.691125 -0.230417 0.754819 -0.515121 -0.334376
0.358212 0.014068 1.691108 -0.230506 0.754821 -0.514928 -0.334605
0.358058 0.014143 1.691089 -0.230588 0.754827 -0.514736 -0.334833
0.357905 0.014216 1.691068 -0.230663 0.754833 -0.514546 -0.335058
0.357755 0.014286 1.691045 -0.230735 0.754840 -0.514360 -0.335278
0.357616 0.014360 1.691032 -0.230833 0.754838 -0.514190 -0.335477
0.357484 0.014438 1.691027 -0.230940 0.754833 -0.514036 -0.335651
0.357349 0.014513 1.691021 -0.231025 0.754833 -0.513879 -0.335830
0.357214 0.014587 1.691013 -0.231099 0.754838 -0.513720 -0.336012
0.357081 0.014656 1.690999 -0.231184 0.754829 -0.513563 -0.336214
0.356952 0.014721 1.690981 -0.231276 0.754807 -0.513414 -0.336427
0.356828 0.014784 1.690965 -0.231374 0.754771 -0.513280 -0.336644
0.356708 0.014845 1.690950 -0.231478 0.754724 -0.513157 -0.336866
0.356592 0.014904 1.690936 -0.231587 0.754668 -0.513044 -0.337090
0.356480 0.014961 1.690921 -0.231699 0.754605 -0.512939 -0.337314
0.356372 0.015016 1.690907 -0.231811 0.754537 -0.512843 -0.337535
0.356153 0.015046 1.690845 -0.232069 0.754411 -0.512537 -0.338102
0.355885 0.015061 1.690798 -0.232371 0.754283 -0.512173 -0.338733
0.355586 0.015070 1.690761 -0.232633 0.754168 -0.511811 -0.339357
0.355270 0.015079 1.690729 -0.232862 0.754064 -0.511457 -0.339963
0.354946 0.015091 1.690699 -0.233072 0.753966 -0.511114 -0.340550
0.354618 0.015109 1.690670 -0.233270 0.753872 -0.510785 -0.341118
0.354290 0.015134 1.690641 -0.233463 0.753777 -0.510469 -0.341667
0.353965 0.015166 1.690612 -0.233654 0.753682 -0.510168 -0.342196
0.353645 0.015205 1.690584 -0.233845 0.753584 -0.509882 -0.342707
0.353330 0.015250 1.690556 -0.234036 0.753484 -0.509611 -0.343199
0.353021 0.015303 1.690528 -0.234228 0.753382 -0.509355 -0.343673
0.352718 0.015361 1.690501 -0.234422 0.753277 -0.509112 -0.344129
0.352421 0.015426 1.690474 -0.234617 0.753170 -0.508883 -0.344569
0.352131 0.015495 1.690447 -0.234814 0.753061 -0.508668 -0.344991
0.351847 0.015570 1.690422 -0.235011 0.752951 -0.508464 -0.345398
0.351570 0.015649 1.690397 -0.235210 0.752839 -0.508272 -0.345789
0.351299 0.015731 1.690372 -0.235408 0.752726 -0.508092 -0.346165
0.351034 0.015818 1.690349 -0.235607 0.752612 -0.507922 -0.346527
0.350774 0.015907 1.690326 -0.235806 0.752497 -0.507761 -0.346875
0.350521 0.016000 1.690303 -0.236004 0.752382 -0.507611 -0.347209
0.350273 0.016094 1.690282 -0.236201 0.752267 -0.507469 -0.347531
0.350031 0.016191 1.690261 -0.236397 0.752153 -0.507336 -0.347841
0.349794 0.016290 1.690242 -0.236593 0.752038 -0.507210 -0.348139
0.349563 0.016390 1.690222 -0.236786 0.751924 -0.507092 -0.348426
0.349336 0.016491 1.690204 -0.236978 0.751810 -0.506982 -0.348701
0.349115 0.016593 1.690186 -0.237169 0.751697 -0.506877 -0.348967
0.348898 0.016697 1.690169 -0.237357 0.751585 -0.506780 -0.349222
0.348686 0.016800 1.690153 -0.237543 0.751474 -0.506688 -0.349468
0.348478 0.016904 1.690138 -0.237726 0.751364 -0.506602 -0.349705
0.348275 0.017009 1.690123 -0.237908 0.751254 -0.506521 -0.349934
0.348077 0.017113 1.690109 -0.238087 0.751147 -0.506445 -0.350153
0.347882 0.017217 1.690096 -0.238263 0.751040 -0.506374 -0.350365
0.347692 0.017321 1.690083 -0.238436 0.750935 -0.506307 -0.350569
0.347505 0.017424 1.690071 -0.238607 0.750831 -0.506244 -0.350766
0.347323 0.017527 1.690059 -0.238775 0.750728 -0.506186 -0.350956
0.347144 0.017630 1.690049 -0.238940 0.750627 -0.506131 -0.351138
0.346969 0.017731 1.690038 -0.239102 0.750528 -0.506080 -0.351315
0.346798 0.017832 1.690029 -0.239260 0.750430 -0.506032 -0.351485
0.346630 0.017932 1.690019 -0.239416 0.750333 -0.505987 -0.351649
0.346465 0.018030 1.690011 -0.239569 0.750239 -0.505945 -0.351807
0.346196 0.018103 1.690011 -0.239962 0.750087 -0.505637 -0.352305
0.345861 0.018160 1.690020 -0.240290 0.749950 -0.505283 -0.352882
0.345486 0.018209 1.690031 -0.240554 0.749829 -0.504916 -0.353483
0.345089 0.018257 1.690042 -0.240775 0.749719 -0.504550 -0.354087
0.344680 0.018305 1.690050 -0.240972 0.749615 -0.504190 -0.354687
0.344266 0.018358 1.690055 -0.241154 0.749511 -0.503840 -0.355279
0.343852 0.018415 1.690058 -0.241327 0.749407 -0.503504 -0.355858
0.343442 0.018477 1.690059 -0.241495 0.749300 -0.503182 -0.356423
0.343036 0.018544 1.690058 -0.241661 0.749190 -0.502876 -0.356973
0.342636 0.018616 1.690056 -0.241827 0.749077 -0.502586 -0.357508
0.342244 0.018693 1.690053 -0.241993 0.748960 -0.502311 -0.358026
0.341859 0.018775 1.690049 -0.242159 0.748840 -0.502051 -0.358529
0.341481 0.018862 1.690045 -0.242325 0.748717 -0.501806 -0.359015
0.341111 0.018952 1.690039 -0.242492 0.748592 -0.501574 -0.359486
0.340749 0.019046 1.690034 -0.242660 0.748466 -0.501356 -0.359941
0.340395 0.019143 1.690029 -0.242828 0.748337 -0.501151 -0.360381
0.340048 0.019242 1.690023 -0.242996 0.748208 -0.500957 -0.360806
0.339709 0.019345 1.690017 -0.243164 0.748077 -0.500774 -0.361216
0.339376 0.019449 1.690012 -0.243331 0.747946 -0.500602 -0.361613
0.339052 0.019555 1.690006 -0.243497 0.747815 -0.500440 -0.361996
0.338734 0.019663 1.690001 -0.243663 0.747684 -0.500287 -0.362366
0.338422 0.019772 1.689996 -0.243828 0.747554 -0.500143 -0.362723
0.338118 0.019881 1.689992 -0.243991 0.747424 -0.500008 -0.363068
0.337820 0.019992 1.689988 -0.244153 0.747295 -0.499880 -0.363401
0.337528 0.020103 1.689984 -0.244313 0.747166 -0.499760 -0.363723
0.337243 0.020215 1.689980 -0.244472 0.747039 -0.499646 -0.364033
0.336963 0.020326 1.689977 -0.244629 0.746913 -0.499539 -0.364333
0.336690 0.020437 1.689974 -0.244783 0.746788 -0.499439 -0.364623
0.336422 0.020549 1.689972 -0.244935 0.746665 -0.499344 -0.364902
0.336160 0.020659 1.689969 -0.245086 0.746543 -0.499254 -0.365173
0.335903 0.020770 1.689968 -0.245234 0.746423 -0.499170 -0.365434
0.335651 0.020879 1.689967 -0.245379 0.746305 -0.499091 -0.365686
0.335405 0.020988 1.689966 -0.245522 0.746189 -0.499016 -0.365929
0.335164 0.021096 1.689965 -0.245663 0.746074 -0.498946 -0.366165
0.334928 0.021203 1.689966 -0.245800 0.745961 -0.498880 -0.366392
0.334696 0.021309 1.689966 -0.245936 0.745850 -0.498817 -0.366612
0.334470 0.021414 1.689967 -0.246068 0.745741 -0.498758 -0.366825
0.334247 0.021517 1.689968 -0.246198 0.745634 -0.498703 -0.367030
0.334030 0.021619 1.689969 -0.246325 0.745530 -0.498651 -0.367229
0.333817 0.021720 1.689971 -0.246450 0.745427 -0.498602 -0.367421
0.333492 0.021793 1.689956 -0.246888 0.745298 -0.498205 -0.367924
0.333092 0.021851 1.689944 -0.247266 0.745205 -0.497744 -0.368483
0.332647 0.021902 1.689930 -0.247576 0.745140 -0.497266 -0.369051
0.332175 0.021954 1.689916 -0.247841 0.745091 -0.496788 -0.369617
0.331689 0.022009 1.689899 -0.248080 0.745047 -0.496319 -0.370173
0.331198 0.022070 1.689880 -0.248304 0.745005 -0.495865 -0.370716
0.330706 0.022138 1.689859 -0.248520 0.744960 -0.495429 -0.371245
0.330217 0.022214 1.689838 -0.248732 0.744910 -0.495012 -0.371758
0.329734 0.022298 1.689815 -0.248944 0.744855 -0.494616 -0.372253
0.329259 0.022390 1.689793 -0.249158 0.744794 -0.494241 -0.372730
0.328791 0.022488 1.689770 -0.249373 0.744728 -0.493886 -0.373189
0.328333 0.022593 1.689747 -0.249590 0.744656 -0.493552 -0.373631
0.327883 0.022705 1.689724 -0.249809 0.744578 -0.493236 -0.374054
0.327443 0.022822 1.689702 -0.250031 0.744497 -0.492939 -0.374461
0.327013 0.022944 1.689680 -0.250255 0.744411 -0.492658 -0.374850
0.326591 0.023070 1.689658 -0.250480 0.744322 -0.492395 -0.375223
0.326179 0.023201 1.689637 -0.250706 0.744229 -0.492147 -0.375580
0.325775 0.023335 1.689617 -0.250932 0.744134 -0.491914 -0.375922
0.325380 0.023472 1.689598 -0.251159 0.744037 -0.491694 -0.376250
0.324994 0.023612 1.689580 -0.251386 0.743939 -0.491488 -0.376563
0.324616 0.023754 1.689562 -0.251613 0.743838 -0.491294 -0.376863
0.324246 0.023897 1.689545 -0.251838 0.743737 -0.491112 -0.377150
0.323883 0.024042 1.689529 -0.252063 0.743635 -0.490940 -0.377424
0.323529 0.024188 1.689514 -0.252286 0.743533 -0.490779 -0.377686
0.323182 0.024335 1.689500 -0.252508 0.743430 -0.490627 -0.377938
0.322843 0.024482 1.689486 -0.252727 0.743327 -0.490485 -0.378178
0.322510 0.024629 1.689474 -0.252945 0.743225 -0.490351 -0.378408
0.322185 0.024776 1.689462 -0.253160 0.743122 -0.490225 -0.378628
0.321866 0.024923 1.689451 -0.253373 0.743021 -0.490106 -0.378838
0.321554 0.025069 1.689441 -0.253582 0.742920 -0.489995 -0.379040
0.321248 0.025215 1.689431 -0.253789 0.742820 -0.489890 -0.379232
0.320949 0.025359 1.689423 -0.253993 0.742721 -0.489792 -0.379417
0.320656 0.025503 1.689415 -0.254194 0.742623 -0.489699 -0.379594
0.320369 0.025645 1.689408 -0.254392 0.742526 -0.489612 -0.379763
0.320087 0.025786 1.689402 -0.254586 0.742430 -0.489530 -0.379925
0.319811 0.025926 1.689396 -0.254777 0.742336 -0.489454 -0.380080
0.319541 0.026064 1.689391 -0.254965 0.742243 -0.489381 -0.380229
0.319277 0.026200 1.689386 -0.255149 0.742152 -0.489314 -0.380371
0.319017 0.026334 1.689383 -0.255329 0.742062 -0.489250 -0.380508
0.318763 0.026467 1.689380 -0.255506 0.741973 -0.489190 -0.380638
0.318401 0.026573 1.689371 -0.255958 0.741830 -0.488818 -0.381091
0.317968 0.026664 1.689366 -0.256345 0.741706 -0.488396 -0.381612
0.317493 0.026747 1.689361 -0.256663 0.741601 -0.487966 -0.382154
0.316994 0.026828 1.689354 -0.256936 0.741505 -0.487541 -0.382699
0.316482 0.026910 1.689342 -0.257179 0.741412 -0.487128 -0.383241
0.315965 0.026997 1.689328 -0.257406 0.741317 -0.486732 -0.383776
0.315448 0.027088 1.689310 -0.257622 0.741218 -0.486355 -0.384300
0.314935 0.027185 1.689290 -0.257832 0.741113 -0.485998 -0.384812
0.314429 0.027288 1.689268 -0.258040 0.741002 -0.485663 -0.385310
0.313930 0.027397 1.689245 -0.258246 0.740884 -0.485348 -0.385795
0.313440 0.027510 1.689221 -0.258451 0.740761 -0.485053 -0.386264
0.312958 0.027629 1.689195 -0.258657 0.740632 -0.484778 -0.386718
0.312487 0.027752 1.689170 -0.258863 0.740499 -0.484521 -0.387157
0.312024 0.027880 1.689144 -0.259069 0.740362 -0.484282 -0.387581
0.311572 0.028010 1.689118 -0.259276 0.740221 -0.484059 -0.387989
0.311129 0.028145 1.689093 -0.259483 0.740077 -0.483852 -0.388383
0.310695 0.028281 1.689067 -0.259689 0.739931 -0.483659 -0.388763
0.310270 0.028421 1.689042 -0.259895 0.739784 -0.483481 -0.389128
0.309854 0.028562 1.689018 -0.260101 0.739635 -0.483314 -0.389480
0.309448 0.028704 1.688994 -0.260305 0.739486 -0.483160 -0.389819
0.309050 0.028848 1.688971 -0.260508 0.739336 -0.483017 -0.390144
0.308660 0.028992 1.688948 -0.260710 0.739186 -0.482884 -0.390458
0.308278 0.029137 1.688926 -0.260910 0.739036 -0.482761 -0.390759
0.307905 0.029282 1.688905 -0.261108 0.738888 -0.482647 -0.391049
0.307539 0.029428 1.688885 -0.261304 0.738740 -0.482542 -0.391327
0.307181 0.029573 1.688866 -0.261498 0.738593 -0.482444 -0.391595
0.306831 0.029717 1.688847 -0.261689 0.738448 -0.482354 -0.391853
0.306487 0.029861 1.688829 -0.261877 0.738304 -0.482270 -0.392100
0.306151 0.030004 1.688813 -0.262063 0.738162 -0.482193 -0.392339
0.305821 0.030145 1.688796 -0.262246 0.738022 -0.482122 -0.392568
0.305499 0.030286 1.688781 -0.262426 0.737883 -0.482057 -0.392788
0.305183 0.030425 1.688767 -0.262603 0.737747 -0.481996 -0.393000
0.304873 0.030563 1.688753 -0.262777 0.737613 -0.481940 -0.393203
0.304570 0.030700 1.688740 -0.262947 0.737481 -0.481889 -0.393399
0.304273 0.030834 1.688728 -0.263115 0.737352 -0.481842 -0.393588
0.303981 0.030967 1.688717 -0.263279 0.737224 -0.481799 -0.393769
0.303696 0.031098 1.688706 -0.263439 0.737099 -0.481760 -0.393943
0.303416 0.031227 1.688696 -0.263597 0.736977 -0.481724 -0.394111
0.303142 0.031355 1.688687 -0.263750 0.736857 -0.481691 -0.394273
0.302873 0.031480 1.688678 -0.263901 0.736739 -0.481661 -0.394428
0.302486 0.031581 1.688709 -0.264290 0.736546 -0.481312 -0.394955
0.302026 0.031666 1.688766 -0.264608 0.736375 -0.480899 -0.395562
0.301525 0.031743 1.688834 -0.264868 0.736231 -0.480462 -0.396188
0.301001 0.031815 1.688906 -0.265087 0.736108 -0.480018 -0.396808
0.300466 0.031887 1.688979 -0.265276 0.736001 -0.479579 -0.397411
0.299927 0.031959 1.689051 -0.265446 0.735904 -0.479149 -0.397993
0.299390 0.032034 1.689123 -0.265605 0.735814 -0.478733 -0.398555
0.298857 0.032112 1.689194 -0.265757 0.735727 -0.478331 -0.399096
0.298331 0.032194 1.689263 -0.265905 0.735642 -0.477945 -0.399617
0.297813 0.032279 1.689332 -0.266052 0.735557 -0.477575 -0.400118
0.297304 0.032368 1.689400 -0.266198 0.735473 -0.477220 -0.400598
0.296804 0.032460 1.689468 -0.266343 0.735389 -0.476881 -0.401060
0.296314 0.032555 1.689535 -0.266489 0.735304 -0.476558 -0.401503
0.295833 0.032653 1.689601 -0.266635 0.735220 -0.476249 -0.401927
0.295363 0.032753 1.689666 -0.266781 0.735135 -0.475954 -0.402334
0.294901 0.032855 1.689732 -0.266927 0.735050 -0.475672 -0.402725
0.294450 0.032959 1.689796 -0.267073 0.734966 -0.475404 -0.403099
0.294008 0.033065 1.689861 -0.267218 0.734882 -0.475148 -0.403457
0.293575 0.033172 1.689925 -0.267363 0.734798 -0.474904 -0.403800
0.293151 0.033280 1.689988 -0.267507 0.734716 -0.474671 -0.404129
0.292736 0.033388 1.690051 -0.267651 0.734634 -0.474449 -0.404444
0.292329 0.033497 1.690114 -0.267793 0.734553 -0.474236 -0.404746
0.291931 0.033607 1.690176 -0.267934 0.734473 -0.474034 -0.405034
0.291541 0.033716 1.690238 -0.268073 0.734394 -0.473841 -0.405311
0.291159 0.033825 1.690299 -0.268211 0.734316 -0.473656 -0.405576
0.290785 0.033934 1.690360 -0.268347 0.734240 -0.473480 -0.405830
0.290419 0.034043 1.690420 -0.268482 0.734165 -0.473312 -0.406073
0.290060 0.034151 1.690480 -0.268614 0.734091 -0.473151 -0.406306
0.289709 0.034258 1.690540 -0.268744 0.734019 -0.472998 -0.406529
0.289365 0.034365 1.690599 -0.268872 0.733948 -0.472851 -0.406743
0.289028 0.034471 1.690658 -0.268998 0.733879 -0.472711 -0.406947
0.288697 0.034575 1.690716 -0.269121 0.733811 -0.472577 -0.407144
0.288374 0.034679 1.690774 -0.269242 0.733745 -0.472449 -0.407331
0.288056 0.034781 1.690831 -0.269361 0.733680 -0.472327 -0.407511
0.287746 0.034882 1.690888 -0.269477 0.733617 -0.472210 -0.407684
0.287441 0.034982 1.690944 -0.269591 0.733555 -0.472098 -0.407849
0.287143 0.035080 1.690999 -0.269702 0.733495 -0.471991 -0.408007
0.286850 0.035178 1.691055 -0.269810 0.733437 -0.471889 -0.408159
0.286564 0.035273 1.691109 -0.269916 0.733380 -0.471792 -0.408304
0.286283 0.035367 1.691163 -0.270019 0.733324 -0.471698 -0.408443
0.285915 0.035449 1.691281 -0.270339 0.733158 -0.471383 -0.408894
0.285497 0.035522 1.691435 -0.270607 0.732992 -0.471051 -0.409398
0.285051 0.035592 1.691605 -0.270834 0.732838 -0.470720 -0.409902
0.284593 0.035662 1.691781 -0.271044 0.732694 -0.470393 -0.410396
0.284129 0.035735 1.691957 -0.271253 0.732556 -0.470068 -0.410877
0.283666 0.035810 1.692132 -0.271469 0.732418 -0.469748 -0.411346
0.283205 0.035890 1.692305 -0.271689 0.732281 -0.469437 -0.411799
0.282750 0.035974 1.692477 -0.271904 0.732146 -0.469143 -0.412233
0.282301 0.036063 1.692645 -0.272115 0.732012 -0.468866 -0.412645
0.281859 0.036156 1.692812 -0.272325 0.731880 -0.468605 -0.413039
0.281425 0.036254 1.692976 -0.272533 0.731748 -0.468359 -0.413414
0.281000 0.036355 1.693137 -0.272740 0.731617 -0.468128 -0.413770
0.280583 0.036460 1.693296 -0.272946 0.731486 -0.467912 -0.414110
0.280174 0.036567 1.693452 -0.273151 0.731356 -0.467709 -0.414433
0.279773 0.036678 1.693606 -0.273355 0.731226 -0.467520 -0.414741
0.279381 0.036791 1.693758 -0.273558 0.731098 -0.467342 -0.415034
0.278996 0.036906 1.693907 -0.273760 0.730971 -0.467176 -0.415312
0.278620 0.037023 1.694055 -0.273960 0.730845 -0.467021 -0.415576
0.278251 0.037141 1.694200 -0.274158 0.730720 -0.466876 -0.415827
0.277890 0.037260 1.694343 -0.274355 0.730596 -0.466741 -0.416066
0.277536 0.037381 1.694484 -0.274549 0.730475 -0.466616 -0.416293
0.277190 0.037502 1.694623 -0.274741 0.730355 -0.466499 -0.416508
0.276851 0.037623 1.694760 -0.274930 0.730236 -0.466390 -0.416712
0.276518 0.037744 1.694895 -0.275117 0.730120 -0.466289 -0.416906
0.276192 0.037866 1.695028 -0.275301 0.730006 -0.466195 -0.417089
0.275873 0.037987 1.695159 -0.275482 0.729893 -0.466108 -0.417264
0.275561 0.038108 1.695288 -0.275660 0.729783 -0.466028 -0.417429
0.275254 0.038229 1.695415 -0.275835 0.729674 -0.465954 -0.417586
0.274954 0.038349 1.695541 -0.276007 0.729568 -0.465885 -0.417734
0.274660 0.038468 1.695664 -0.276176 0.729464 -0.465822 -0.417875
0.274371 0.038586 1.695786 -0.276341 0.729362 -0.465764 -0.418008
0.274089 0.038703 1.695906 -0.276503 0.729262 -0.465711 -0.418134
0.273812 0.038819 1.696024 -0.276662 0.729165 -0.465662 -0.418253
0.273540 0.038934 1.696141 -0.276817 0.729069 -0.465618 -0.418366
0.273274 0.039048 1.696255 -0.276969 0.728976 -0.465578 -0.418473
0.273013 0.039160 1.696368 -0.277117 0.728885 -0.465542 -0.418574
0.272757 0.039271 1.696479 -0.277262 0.728796 -0.465509 -0.418670
0.272506 0.039381 1.696589 -0.277403 0.728709 -0.465480 -0.418760
0.272260 0.039489 1.696697 -0.277541 0.728624 -0.465453 -0.418845
0.272019 0.039596 1.696803 -0.277676 0.728541 -0.465430 -0.418925
0.271699 0.039691 1.696992 -0.277985 0.728354 -0.465211 -0.419290
0.271337 0.039778 1.697226 -0.278239 0.728174 -0.464977 -0.419693
0.270953 0.039859 1.697481 -0.278455 0.728015 -0.464742 -0.420086
0.270559 0.039936 1.697744 -0.278656 0.727875 -0.464502 -0.420459
0.270162 0.040012 1.698010 -0.278856 0.727749 -0.464258 -0.420815
0.269765 0.040087 1.698276 -0.279063 0.727631 -0.464009 -0.421155
0.269371 0.040162 1.698540 -0.279281 0.727518 -0.463756 -0.421485
0.268980 0.040238 1.698801 -0.279513 0.727407 -0.463499 -0.421805
0.268595 0.040315 1.699060 -0.279759 0.727296 -0.463239 -0.422119
0.268216 0.040392 1.699316 -0.280004 0.727190 -0.462987 -0.422418
0.267842 0.040471 1.699569 -0.280243 0.727088 -0.462744 -0.422700
0.267475 0.040551 1.699818 -0.280478 0.726991 -0.462511 -0.422967
0.267115 0.040632 1.700065 -0.280708 0.726897 -0.462287 -0.423219
0.266760 0.040714 1.700308 -0.280935 0.726808 -0.462072 -0.423457
0.266413 0.040796 1.700547 -0.281157 0.726722 -0.461866 -0.423681
0.266072 0.040880 1.700783 -0.281375 0.726639 -0.461669 -0.423893
0.265737 0.040963 1.701015 -0.281589 0.726559 -0.461480 -0.424093
0.265409 0.041047 1.701243 -0.281799 0.726482 -0.461299 -0.424282
0.265087 0.041131 1.701469 -0.282005 0.726408 -0.461127 -0.424460
0.264771 0.041216 1.701690 -0.282207 0.726336 -0.460961 -0.424628
0.264461 0.041300 1.701908 -0.282405 0.726267 -0.460804 -0.424787
0.264157 0.041384 1.702123 -0.282599 0.726200 -0.460653 -0.424936
0.263859 0.041469 1.702334 -0.282788 0.726135 -0.460509 -0.425076
0.263567 0.041552 1.702542 -0.282973 0.726072 -0.460372 -0.425208
0.263280 0.041636 1.702747 -0.283154 0.726012 -0.460242 -0.425333
0.262999 0.041719 1.702948 -0.283331 0.725953 -0.460117 -0.425450
0.262723 0.041802 1.703146 -0.283504 0.725897 -0.459999 -0.425559
0.262452 0.041883 1.703340 -0.283672 0.725842 -0.459886 -0.425662
0.262187 0.041965 1.703532 -0.283836 0.725789 -0.459779 -0.425759
0.261926 0.042046 1.703720 -0.283997 0.725738 -0.459677 -0.425849
0.261671 0.042126 1.703905 -0.284153 0.725688 -0.459580 -0.425934
0.261420 0.042205 1.704087 -0.284305 0.725640 -0.459489 -0.426013
0.261174 0.042283 1.704266 -0.284453 0.725594 -0.459402 -0.426087
0.260933 0.042361 1.704442 -0.284597 0.725549 -0.459319 -0.426156
0.260697 0.042437 1.704615 -0.284737 0.725506 -0.459241 -0.426220
0.260465 0.042513 1.704785 -0.284873 0.725464 -0.459167 -0.426280
0.260237 0.042588 1.704952 -0.285005 0.725424 -0.459097 -0.426335
0.260014 0.042662 1.705116 -0.285134 0.725385 -0.459032 -0.426387
0.259795 0.042734 1.705278 -0.285259 0.725347 -0.458969 -0.426434
0.259580 0.042806 1.705436 -0.285380 0.725311 -0.458911 -0.426478
0.259318 0.042862 1.705659 -0.285738 0.725180 -0.458663 -0.426727
0.259028 0.042907 1.705921 -0.286069 0.725060 -0.458408 -0.426983
0.258725 0.042941 1.706202 -0.286373 0.724963 -0.458153 -0.427218
0.258416 0.042969 1.706492 -0.286664 0.724886 -0.457895 -0.427431
0.258103 0.042991 1.706784 -0.286953 0.724823 -0.457629 -0.427627
0.257791 0.043009 1.707076 -0.287245 0.724771 -0.457355 -0.427813
0.257481 0.043025 1.707366 -0.287545 0.724724 -0.457074 -0.427992
0.257173 0.043039 1.707653 -0.287853 0.724681 -0.456784 -0.428167
0.256868 0.043051 1.707938 -0.288171 0.724639 -0.456487 -0.428341
0.256567 0.043063 1.708219 -0.288500 0.724596 -0.456183 -0.428515
0.256271 0.043073 1.708496 -0.288839 0.724553 -0.455873 -0.428690
0.255978 0.043082 1.708769 -0.289189 0.724507 -0.455557 -0.428868
0.255690 0.043092 1.709039 -0.289550 0.724457 -0.455237 -0.429047
0.255407 0.043100 1.709304 -0.289922 0.724405 -0.454911 -0.429230
0.255128 0.043109 1.709566 -0.290305 0.724348 -0.454582 -0.429416
0.254854 0.043117 1.709824 -0.290680 0.724293 -0.454259 -0.429597
0.254584 0.043125 1.710078 -0.291046 0.724242 -0.453944 -0.429769
0.254319 0.043133 1.710329 -0.291401 0.724193 -0.453638 -0.429933
0.254058 0.043141 1.710575 -0.291746 0.724148 -0.453341 -0.430089
0.253802 0.043148 1.710817 -0.292082 0.724105 -0.453052 -0.430237
0.253550 0.043156 1.711056 -0.292408 0.724065 -0.452771 -0.430378
0.253303 0.043164 1.711290 -0.292725 0.724028 -0.452499 -0.430511
0.253060 0.043172 1.711521 -0.293034 0.723993 -0.452235 -0.430638
0.252822 0.043179 1.711747 -0.293333 0.723961 -0.451978 -0.430758
0.252587 0.043187 1.711970 -0.293624 0.723930 -0.451730 -0.430872
0.252357 0.043195 1.712189 -0.293906 0.723902 -0.451488 -0.430979
0.252131 0.043203 1.712404 -0.294181 0.723875 -0.451255 -0.431082
0.251909 0.043211 1.712616 -0.294447 0.723850 -0.451029 -0.431178
0.251691 0.043219 1.712824 -0.294706 0.723827 -0.450810 -0.431270
0.251477 0.043227 1.713028 -0.294958 0.723805 -0.450598 -0.431356
0.251267 0.043235 1.713229 -0.295202 0.723785 -0.450392 -0.431438
0.251061 0.043243 1.713426 -0.295438 0.723766 -0.450194 -0.431515
0.250858 0.043251 1.713620 -0.295668 0.723748 -0.450002 -0.431587
0.250660 0.043260 1.713810 -0.295891 0.723731 -0.449816 -0.431656
0.250464 0.043268 1.713997 -0.296108 0.723716 -0.449637 -0.431720
0.250273 0.043276 1.714181 -0.296318 0.723702 -0.449464 -0.431780
0.250085 0.043285 1.714362 -0.296522 0.723688 -0.449296 -0.431837
0.249900 0.043293 1.714539 -0.296719 0.723676 -0.449135 -0.431890
0.249719 0.043301 1.714714 -0.296911 0.723665 -0.448979 -0.431940
0.249541 0.043310 1.714885 -0.297097 0.723654 -0.448828 -0.431986
0.249300 0.043308 1.715253 -0.297249 0.723352 -0.448785 -0.432431
0.249034 0.043295 1.715715 -0.297332 0.722948 -0.448839 -0.432993
0.248759 0.043273 1.716220 -0.297381 0.722513 -0.448942 -0.433579
0.248482 0.043245 1.716744 -0.297415 0.722078 -0.449064 -0.434154
0.248204 0.043213 1.717274 -0.297445 0.721656 -0.449187 -0.434706
0.247927 0.043178 1.717804 -0.297473 0.721255 -0.449304 -0.435233
0.247651 0.043141 1.718330 -0.297501 0.720874 -0.449411 -0.435734
0.247377 0.043102 1.718850 -0.297529 0.720514 -0.449508 -0.436209
0.247105 0.043063 1.719364 -0.297557 0.720175 -0.449594 -0.436661
0.246836 0.043023 1.719871 -0.297586 0.719855 -0.449670 -0.437092
0.246570 0.042983 1.720371 -0.297615 0.719552 -0.449736 -0.437501
0.246306 0.042943 1.720862 -0.297643 0.719266 -0.449795 -0.437892
0.246054 0.042902 1.721337 -0.297706 0.718989 -0.449828 -0.438271
0.245811 0.042860 1.721799 -0.297793 0.718720 -0.449838 -0.438641
0.245576 0.042817 1.722248 -0.297900 0.718462 -0.449827 -0.439003
0.245348 0.042773 1.722688 -0.298023 0.718213 -0.449797 -0.439357
0.245127 0.042727 1.723117 -0.298160 0.717976 -0.449748 -0.439702
0.244911 0.042680 1.723539 -0.298309 0.717750 -0.449681 -0.440037
0.244701 0.042630 1.723952 -0.298467 0.717537 -0.449599 -0.440362
0.244495 0.042579 1.724357 -0.298633 0.717335 -0.449503 -0.440676
0.244294 0.042526 1.724755 -0.298805 0.717146 -0.449393 -0.440980
0.244096 0.042471 1.725145 -0.298982 0.716968 -0.449272 -0.441272
0.243903 0.042415 1.725529 -0.299162 0.716803 -0.449140 -0.441554
0.243713 0.042356 1.725906 -0.299344 0.716648 -0.448998 -0.441825
0.243527 0.042297 1.726277 -0.299528 0.716505 -0.448848 -0.442085
0.243343 0.042235 1.726641 -0.299712 0.716372 -0.448690 -0.442335
0.243163 0.042173 1.726999 -0.299896 0.716250 -0.448527 -0.442575
0.242986 0.042109 1.727351 -0.300079 0.716137 -0.448358 -0.442805
0.242811 0.042044 1.727696 -0.300260 0.716032 -0.448185 -0.443025
0.242639 0.041979 1.728036 -0.300439 0.715937 -0.448009 -0.443237
0.242470 0.041912 1.728370 -0.300615 0.715849 -0.447830 -0.443440
0.242303 0.041845 1.728697 -0.300788 0.715769 -0.447648 -0.443635
0.242139 0.041777 1.729019 -0.300958 0.715696 -0.447466 -0.443821
0.241977 0.041710 1.729336 -0.301124 0.715630 -0.447283 -0.444000
0.241818 0.041641 1.729646 -0.301287 0.715570 -0.447099 -0.444172
0.241661 0.041573 1.729951 -0.301446 0.715515 -0.446916 -0.444336
0.241507 0.041504 1.730250 -0.301601 0.715466 -0.446734 -0.444494
0.241355 0.041436 1.730544 -0.301751 0.715421 -0.446552 -0.444646
0.241205 0.041368 1.730832 -0.301898 0.715381 -0.446372 -0.444792
0.241058 0.041300 1.731115 -0.302040 0.715345 -0.446194 -0.444932
0.240838 0.041234 1.731599 -0.301770 0.715129 -0.446306 -0.445349
0.240586 0.041165 1.732179 -0.301381 0.714820 -0.446521 -0.445893
0.240318 0.041091 1.732807 -0.300946 0.714474 -0.446781 -0.446480
0.240041 0.041013 1.733462 -0.300490 0.714120 -0.447063 -0.447072
0.239759 0.040933 1.734130 -0.300021 0.713770 -0.447353 -0.447655
0.239471 0.040850 1.734806 -0.299544 0.713430 -0.447646 -0.448224
0.239180 0.040767 1.735484 -0.299060 0.713099 -0.447941 -0.448778
0.238888 0.040684 1.736160 -0.298578 0.712783 -0.448230 -0.449313
0.238597 0.040601 1.736829 -0.298103 0.712483 -0.448509 -0.449824
0.238307 0.040519 1.737489 -0.297637 0.712201 -0.448779 -0.450311
0.238018 0.040438 1.738139 -0.297180 0.711934 -0.449039 -0.450775
0.237732 0.040358 1.738779 -0.296733 0.711682 -0.449290 -0.451217
0.237449 0.040280 1.739407 -0.296295 0.711445 -0.449532 -0.451638
0.237170 0.040203 1.740024 -0.295867 0.711220 -0.449765 -0.452040
0.236893 0.040129 1.740629 -0.295448 0.711006 -0.449992 -0.452425
0.236621 0.040056 1.741223 -0.295038 0.710803 -0.450212 -0.452793
0.236352 0.039985 1.741806 -0.294638 0.710609 -0.450425 -0.453144
0.236087 0.039916 1.742378 -0.294247 0.710425 -0.450632 -0.453482
0.235826 0.039849 1.742938 -0.293865 0.710248 -0.450834 -0.453805
0.235570 0.039784 1.743487 -0.293492 0.710079 -0.451031 -0.454116
0.235317 0.039721 1.744025 -0.293128 0.709917 -0.451223 -0.454414
0.235069 0.039659 1.744552 -0.292773 0.709761 -0.451410 -0.454701
0.234825 0.039600 1.745068 -0.292426 0.709611 -0.451593 -0.454976
0.234586 0.039542 1.745574 -0.292087 0.709467 -0.451771 -0.455241
0.234351 0.039486 1.746070 -0.291757 0.709329 -0.451945 -0.455496
0.234120 0.039431 1.746555 -0.291434 0.709195 -0.452115 -0.455742
0.233893 0.039378 1.747030 -0.291120 0.709067 -0.452280 -0.455978
0.233671 0.039327 1.747495 -0.290813 0.708942 -0.452442 -0.456206
0.233452 0.039277 1.747951 -0.290514 0.708823 -0.452600 -0.456426
0.233238 0.039228 1.748397 -0.290223 0.708708 -0.452754 -0.456638
0.233028 0.039181 1.748834 -0.289938 0.708596 -0.452905 -0.456841
0.232822 0.039135 1.749261 -0.289661 0.708489 -0.453052 -0.457038
0.232619 0.039090 1.749680 -0.289391 0.708386 -0.453195 -0.457227
0.232421 0.039046 1.750090 -0.289127 0.708286 -0.453335 -0.457410
0.232227 0.039003 1.750491 -0.288870 0.708190 -0.453471 -0.457586
0.232036 0.038961 1.750884 -0.288620 0.708097 -0.453604 -0.457756
0.231849 0.038921 1.751269 -0.288376 0.708007 -0.453734 -0.457920
0.231666 0.038881 1.751645 -0.288138 0.707921 -0.453860 -0.458078
0.231486 0.038842 1.752014 -0.287906 0.707838 -0.453983 -0.458230
0.231310 0.038804 1.752375 -0.287679 0.707758 -0.454103 -0.458376
0.231077 0.038774 1.752893 -0.287184 0.707527 -0.454404 -0.458746
0.230821 0.038742 1.753486 -0.286607 0.707225 -0.454771 -0.459209
0.230551 0.038706 1.754120 -0.285999 0.706899 -0.455165 -0.459699
0.230273 0.038667 1.754775 -0.285376 0.706570 -0.455571 -0.460191
0.229989 0.038625 1.755442 -0.284747 0.706248 -0.455977 -0.460672
0.229700 0.038580 1.756115 -0.284114 0.705937 -0.456380 -0.461140
0.229407 0.038533 1.756789 -0.283478 0.705636 -0.456778 -0.461596
0.229111 0.038486 1.757464 -0.282840 0.705346 -0.457172 -0.462042
0.228812 0.038438 1.758138 -0.282200 0.705064 -0.457561 -0.462478
0.228514 0.038390 1.758804 -0.281568 0.704794 -0.457940 -0.462899
0.228217 0.038342 1.759461 -0.280948 0.704538 -0.458307 -0.463302
0.227922 0.038294 1.760108 -0.280341 0.704296 -0.458663 -0.463686
0.227630 0.038246 1.760743 -0.279746 0.704067 -0.459006 -0.464053
0.227341 0.038199 1.761366 -0.279165 0.703850 -0.459339 -0.464403
0.227055 0.038153 1.761978 -0.278596 0.703645 -0.459661 -0.464737
0.226773 0.038108 1.762578 -0.278041 0.703450 -0.459973 -0.465056
0.226495 0.038064 1.763166 -0.277498 0.703264 -0.460275 -0.465361
0.226222 0.038020 1.763743 -0.276969 0.703087 -0.460569 -0.465653
0.225952 0.037978 1.764308 -0.276452 0.702919 -0.460854 -0.465933
0.225687 0.037937 1.764862 -0.275947 0.702757 -0.461131 -0.466201
0.225426 0.037897 1.765404 -0.275455 0.702603 -0.461401 -0.466458
0.225169 0.037858 1.765935 -0.274975 0.702455 -0.461663 -0.466705
0.224917 0.037820 1.766456 -0.274507 0.702313 -0.461918 -0.466942
0.224670 0.037783 1.766965 -0.274051 0.702176 -0.462166 -0.467170
0.224427 0.037747 1.767464 -0.273605 0.702045 -0.462407 -0.467389
0.224188 0.037712 1.767953 -0.273172 0.701919 -0.462642 -0.467599
0.223954 0.037677 1.768431 -0.272749 0.701798 -0.462871 -0.467801
0.223724 0.037644 1.768900 -0.272336 0.701682 -0.463093 -0.467995
0.223499 0.037611 1.769359 -0.271934 0.701570 -0.463310 -0.468182
0.223278 0.037579 1.769808 -0.271542 0.701463 -0.463521 -0.468362
0.223061 0.037548 1.770248 -0.271160 0.701359 -0.463727 -0.468534
0.222848 0.037518 1.770678 -0.270788 0.701260 -0.463927 -0.468701
0.222639 0.037488 1.771100 -0.270425 0.701164 -0.464121 -0.468860
0.222435 0.037459 1.771513 -0.270071 0.701073 -0.464311 -0.469014
0.222234 0.037430 1.771917 -0.269727 0.700984 -0.464495 -0.469162
0.222037 0.037402 1.772313 -0.269390 0.700899 -0.464675 -0.469304
0.221845 0.037374 1.772700 -0.269063 0.700818 -0.464849 -0.469441
0.221655 0.037347 1.773079 -0.268743 0.700740 -0.465019 -0.469572
0.221470 0.037320 1.773451 -0.268432 0.700665 -0.465185 -0.469699
0.221288 0.037294 1.773814 -0.268128 0.700592 -0.465346 -0.469820
0.221068 0.037282 1.774323 -0.267675 0.700339 -0.465647 -0.470157
0.220833 0.037272 1.774903 -0.267178 0.700012 -0.466013 -0.470565
0.220591 0.037260 1.775516 -0.266673 0.699663 -0.466406 -0.470981
0.220345 0.037247 1.776145 -0.266174 0.699319 -0.466804 -0.471379
0.220096 0.037232 1.776780 -0.265687 0.698991 -0.467198 -0.471751
0.219844 0.037215 1.777417 -0.265212 0.698684 -0.467581 -0.472093
0.219590 0.037197 1.778054 -0.264750 0.698400 -0.467951 -0.472405
0.219334 0.037178 1.778687 -0.264301 0.698139 -0.468309 -0.472688
0.219076 0.037158 1.779318 -0.263863 0.697900 -0.468654 -0.472943
0.218817 0.037139 1.779945 -0.263438 0.697681 -0.468986 -0.473173
0.218556 0.037119 1.780567 -0.263023 0.697483 -0.469307 -0.473379
0.218294 0.037099 1.781185 -0.262620 0.697302 -0.469617 -0.473561
0.218033 0.037079 1.781797 -0.262228 0.697140 -0.469915 -0.473722
0.217771 0.037059 1.782401 -0.261849 0.696993 -0.470202 -0.473862
0.217511 0.037040 1.782997 -0.261482 0.696862 -0.470478 -0.473984
0.217251 0.037021 1.783583 -0.261126 0.696745 -0.470744 -0.474089
0.216994 0.037003 1.784160 -0.260781 0.696639 -0.471001 -0.474179
0.216738 0.036987 1.784728 -0.260447 0.696543 -0.471250 -0.474255
0.216485 0.036970 1.785285 -0.260122 0.696457 -0.471491 -0.474320
0.216234 0.036955 1.785833 -0.259808 0.696379 -0.471726 -0.474374
0.215986 0.036941 1.786371 -0.259503 0.696309 -0.471954 -0.474418
0.215741 0.036928 1.786899 -0.259207 0.696244 -0.472176 -0.474454
0.215499 0.036916 1.787418 -0.258920 0.696185 -0.472392 -0.474481
0.215260 0.036905 1.787926 -0.258641 0.696132 -0.472603 -0.474502
0.215025 0.036895 1.788425 -0.258371 0.696083 -0.472809 -0.474516
0.214793 0.036885 1.788915 -0.258108 0.696038 -0.473010 -0.474524
0.214565 0.036876 1.789395 -0.257854 0.695996 -0.473207 -0.474527
0.214341 0.036869 1.789866 -0.257607 0.695958 -0.473399 -0.474525
0.214120 0.036861 1.790327 -0.257367 0.695923 -0.473587 -0.474519
0.213903 0.036855 1.790779 -0.257135 0.695891 -0.473771 -0.474508
0.213689 0.036849 1.791223 -0.256909 0.695861 -0.473951 -0.474495
0.213479 0.036843 1.791657 -0.256689 0.695834 -0.474127 -0.474477
0.213273 0.036838 1.792083 -0.256476 0.695809 -0.474299 -0.474457
0.213070 0.036833 1.792501 -0.256270 0.695787 -0.474468 -0.474434
0.212871 0.036829 1.792910 -0.256069 0.695766 -0.474632 -0.474408
0.212676 0.036825 1.793311 -0.255873 0.695747 -0.474793 -0.474381
0.212484 0.036821 1.793704 -0.255683 0.695730 -0.474950 -0.474351
0.212296 0.036818 1.794089 -0.255499 0.695714 -0.475104 -0.474319
0.212111 0.036814 1.794466 -0.255320 0.695700 -0.475254 -0.474285
0.211929 0.036811 1.794836 -0.255145 0.695688 -0.475401 -0.474250
0.211736 0.036818 1.795316 -0.255018 0.695500 -0.475539 -0.474455
0.211542 0.036825 1.795853 -0.254871 0.695257 -0.475710 -0.474720
0.211351 0.036825 1.796417 -0.254713 0.695004 -0.475895 -0.474989
0.211161 0.036817 1.796993 -0.254550 0.694763 -0.476079 -0.475244
0.210973 0.036801 1.797573 -0.254386 0.694543 -0.476254 -0.475479
0.210784 0.036778 1.798150 -0.254223 0.694346 -0.476413 -0.475693
0.210594 0.036747 1.798721 -0.254059 0.694174 -0.476557 -0.475889
0.210404 0.036710 1.799286 -0.253894 0.694024 -0.476685 -0.476068
0.210213 0.036668 1.799842 -0.253728 0.693894 -0.476798 -0.476232
0.210021 0.036621 1.800389 -0.253561 0.693784 -0.476896 -0.476383
0.209828 0.036570 1.800928 -0.253393 0.693689 -0.476982 -0.476524
0.209636 0.036515 1.801456 -0.253223 0.693610 -0.477057 -0.476655
0.209444 0.036457 1.801976 -0.253053 0.693543 -0.477122 -0.476777
0.209252 0.036397 1.802485 -0.252882 0.693488 -0.477178 -0.476893
0.209062 0.036335 1.802985 -0.252710 0.693442 -0.477227 -0.477001
0.208872 0.036271 1.803476 -0.252539 0.693406 -0.477268 -0.477104
0.208684 0.036205 1.803957 -0.252367 0.693377 -0.477304 -0.477201
0.208498 0.036139 1.804428 -0.252196 0.693354 -0.477334 -0.477293
0.208313 0.036071 1.804890 -0.252026 0.693338 -0.477360 -0.477380
0.208131 0.036004 1.805343 -0.251857 0.693327 -0.477382 -0.477464
0.207950 0.035935 1.805787 -0.251689 0.693321 -0.477400 -0.477543
0.207772 0.035867 1.806222 -0.251523 0.693319 -0.477415 -0.477619
0.207597 0.035798 1.806648 -0.251358 0.693320 -0.477428 -0.477692
0.207424 0.035730 1.807065 -0.251195 0.693325 -0.477438 -0.477761
0.207254 0.035661 1.807474 -0.251033 0.693332 -0.477446 -0.477827
0.207086 0.035593 1.807875 -0.250874 0.693342 -0.477451 -0.477890
0.206921 0.035526 1.808267 -0.250717 0.693355 -0.477455 -0.477951
0.206758 0.035458 1.808651 -0.250562 0.693369 -0.477458 -0.478008
0.206599 0.035391 1.809027 -0.250410 0.693385 -0.477459 -0.478064
0.206441 0.035325 1.809396 -0.250259 0.693403 -0.477459 -0.478116
0.206287 0.035259 1.809757 -0.250112 0.693423 -0.477458 -0.478167
0.206136 0.035194 1.810111 -0.249966 0.693443 -0.477455 -0.478215
0.205987 0.035129 1.810457 -0.249823 0.693466 -0.477452 -0.478261
0.205840 0.035066 1.810797 -0.249683 0.693489 -0.477448 -0.478304
0.205697 0.035002 1.811129 -0.249545 0.693513 -0.477444 -0.478346
0.205556 0.034940 1.811455 -0.249410 0.693538 -0.477438 -0.478385
0.205417 0.034878 1.811774 -0.249277 0.693564 -0.477432 -0.478423
0.205282 0.034817 1.812086 -0.249146 0.693591 -0.477426 -0.478458
0.205148 0.034756 1.812393 -0.249018 0.693619 -0.477419 -0.478492
0.205018 0.034697 1.812692 -0.248892 0.693647 -0.477411 -0.478524
0.204882 0.034653 1.813107 -0.248822 0.693515 -0.477403 -0.478760
0.204751 0.034610 1.813581 -0.248739 0.693337 -0.477429 -0.479034
0.204623 0.034564 1.814086 -0.248651 0.693156 -0.477474 -0.479298
0.204497 0.034512 1.814606 -0.248562 0.692991 -0.477521 -0.479536
0.204370 0.034453 1.815133 -0.248472 0.692849 -0.477562 -0.479747
0.204241 0.034388 1.815663 -0.248380 0.692733 -0.477593 -0.479931
0.204109 0.034316 1.816190 -0.248288 0.692643 -0.477611 -0.480091
0.203974 0.034240 1.816713 -0.248193 0.692577 -0.477616 -0.480229
0.203836 0.034158 1.817231 -0.248097 0.692533 -0.477608 -0.480350
0.203695 0.034073 1.817741 -0.247998 0.692509 -0.477589 -0.480456
0.203551 0.033985 1.818244 -0.247896 0.692501 -0.477560 -0.480548
0.203405 0.033894 1.818739 -0.247792 0.692508 -0.477523 -0.480629
0.203258 0.033802 1.819226 -0.247685 0.692527 -0.477479 -0.480701
0.203109 0.033708 1.819705 -0.247577 0.692556 -0.477428 -0.480764
0.202960 0.033613 1.820175 -0.247467 0.692595 -0.477373 -0.480820
0.202810 0.033517 1.820637 -0.247355 0.692641 -0.477315 -0.480869
0.202661 0.033422 1.821090 -0.247243 0.692693 -0.477253 -0.480913
0.202511 0.033326 1.821535 -0.247130 0.692750 -0.477188 -0.480953
0.202363 0.033231 1.821972 -0.247016 0.692812 -0.477122 -0.480987
0.202216 0.033136 1.822400 -0.246903 0.692877 -0.477055 -0.481018
0.202070 0.033042 1.822821 -0.246790 0.692945 -0.476987 -0.481046
0.201925 0.032949 1.823233 -0.246678 0.693016 -0.476919 -0.481070
0.201782 0.032856 1.823637 -0.246566 0.693088 -0.476850 -0.481091
0.201641 0.032765 1.824033 -0.246455 0.693161 -0.476782 -0.481109
0.201501 0.032674 1.824422 -0.246346 0.693236 -0.476714 -0.481125
0.201364 0.032585 1.824802 -0.246237 0.693312 -0.476646 -0.481139
0.201228 0.032497 1.825176 -0.246130 0.693388 -0.476579 -0.481150
0.201095 0.032410 1.825542 -0.246025 0.693464 -0.476512 -0.481160
0.200964 0.032324 1.825901 -0.245920 0.693541 -0.476447 -0.481168
0.200834 0.032240 1.826253 -0.245818 0.693618 -0.476382 -0.481173
0.200707 0.032156 1.826598 -0.245717 0.693694 -0.476318 -0.481178
0.200582 0.032074 1.826936 -0.245618 0.693771 -0.476255 -0.481180
0.200459 0.031993 1.827268 -0.245520 0.693847 -0.476194 -0.481181
0.200339 0.031914 1.827593 -0.245424 0.693923 -0.476133 -0.481181
0.200220 0.031835 1.827912 -0.245330 0.693999 -0.476073 -0.481180
0.200104 0.031758 1.828224 -0.245237 0.694074 -0.476014 -0.481177
0.199989 0.031682 1.828531 -0.245146 0.694149 -0.475956 -0.481173
0.199877 0.031607 1.828831 -0.245056 0.694223 -0.475899 -0.481167
0.199767 0.031534 1.829126 -0.244968 0.694297 -0.475843 -0.481161
0.199658 0.031461 1.829414 -0.244882 0.694370 -0.475789 -0.481153
0.199581 0.031391 1.829818 -0.244957 0.694248 -0.475757 -0.481322
0.199523 0.031316 1.830286 -0.245045 0.694064 -0.475787 -0.481512
0.199477 0.031232 1.830787 -0.245132 0.693870 -0.475848 -0.481688
0.199437 0.031139 1.831304 -0.245214 0.693687 -0.475918 -0.481841
0.199397 0.031036 1.831829 -0.245289 0.693526 -0.475984 -0.481970
0.199355 0.030924 1.832357 -0.245354 0.693391 -0.476038 -0.482077
0.199308 0.030804 1.832884 -0.245408 0.693281 -0.476079 -0.482166
0.199255 0.030676 1.833409 -0.245450 0.693197 -0.476106 -0.482240
0.199196 0.030541 1.833932 -0.245480 0.693137 -0.476118 -0.482299
0.199130 0.030399 1.834452 -0.245497 0.693099 -0.476118 -0.482346
0.199058 0.030253 1.834968 -0.245503 0.693080 -0.476105 -0.482382
0.198980 0.030102 1.835478 -0.245500 0.693081 -0.476079 -0.482407
0.198896 0.029947 1.835981 -0.245488 0.693099 -0.476042 -0.482424
0.198808 0.029790 1.836476 -0.245468 0.693133 -0.475995 -0.482433
0.198716 0.029630 1.836963 -0.245441 0.693179 -0.475938 -0.482435
0.198621 0.029469 1.837442 -0.245408 0.693237 -0.475874 -0.482432
0.198523 0.029307 1.837912 -0.245369 0.693304 -0.475804 -0.482425
0.198423 0.029145 1.838373 -0.245324 0.693379 -0.475728 -0.482414
0.198321 0.028982 1.838826 -0.245276 0.693461 -0.475649 -0.482400
0.198218 0.028821 1.839271 -0.245223 0.693548 -0.475565 -0.482384
0.198114 0.028660 1.839707 -0.245167 0.693640 -0.475480 -0.482365
0.198010 0.028500 1.840135 -0.245108 0.693735 -0.475392 -0.482345
0.197906 0.028341 1.840554 -0.245046 0.693833 -0.475303 -0.482323
0.197802 0.028184 1.840965 -0.244982 0.693933 -0.475213 -0.482300
0.197699 0.028028 1.841369 -0.244917 0.694035 -0.475122 -0.482276
0.197596 0.027874 1.841764 -0.244851 0.694138 -0.475032 -0.482251
0.197493 0.027722 1.842152 -0.244783 0.694242 -0.474941 -0.482225
0.197392 0.027571 1.842532 -0.244715 0.694346 -0.474851 -0.482198
0.197291 0.027423 1.842905 -0.244646 0.694450 -0.474761 -0.482171
0.197192 0.027277 1.843270 -0.244576 0.694555 -0.474672 -0.482144
0.197094 0.027133 1.843629 -0.244507 0.694659 -0.474584 -0.482116
0.196997 0.026990 1.843980 -0.244437 0.694763 -0.474497 -0.482087
0.196901 0.026850 1.844325 -0.244367 0.694866 -0.474411 -0.482058
0.196807 0.026712 1.844662 -0.244297 0.694969 -0.474326 -0.482029
0.196714 0.026577 1.844994 -0.244228 0.695072 -0.474242 -0.481999
0.196622 0.026443 1.845319 -0.244159 0.695173 -0.474159 -0.481969
0.196531 0.026311 1.845637 -0.244090 0.695274 -0.474078 -0.481938
0.196442 0.026182 1.845949 -0.244021 0.695374 -0.473998 -0.481908
0.196354 0.026055 1.846256 -0.243953 0.695473 -0.473919 -0.481877
0.196268 0.025929 1.846556 -0.243886 0.695571 -0.473842 -0.481846
0.196221 0.025819 1.846964 -0.243961 0.695513 -0.473776 -0.481956
0.196204 0.025711 1.847430 -0.244053 0.695412 -0.473761 -0.482070
0.196207 0.025600 1.847926 -0.244147 0.695307 -0.473775 -0.482159
0.196221 0.025482 1.848437 -0.244241 0.695217 -0.473799 -0.482218
0.196240 0.025357 1.848954 -0.244328 0.695149 -0.473820 -0.482252
0.196259 0.025225 1.849472 -0.244407 0.695103 -0.473833 -0.482264
0.196275 0.025084 1.849990 -0.244474 0.695081 -0.473836 -0.482259
0.196287 0.024937 1.850504 -0.244530 0.695082 -0.473825 -0.482241
0.196294 0.024783 1.851012 -0.244574 0.695103 -0.473800 -0.482212
0.196295 0.024624 1.851512 -0.244606 0.695144 -0.473761 -0.482176
0.196291 0.024461 1.852004 -0.244627 0.695200 -0.473711 -0.482134
0.196282 0.024294 1.852487 -0.244636 0.695270 -0.473650 -0.482088
0.196269 0.024124 1.852962 -0.244634 0.695352 -0.473580 -0.482040
0.196251 0.023952 1.853428 -0.244622 0.695443 -0.473501 -0.481991
0.196230 0.023779 1.853885 -0.244601 0.695543 -0.473416 -0.481941
0.196205 0.023605 1.854333 -0.244572 0.695649 -0.473326 -0.481891
0.196177 0.023430 1.854772 -0.244535 0.695761 -0.473231 -0.481842
0.196147 0.023255 1.855203 -0.244492 0.695877 -0.473133 -0.481793
0.196115 0.023081 1.855626 -0.244442 0.695996 -0.473032 -0.481745
0.196081 0.022907 1.856040 -0.244386 0.696118 -0.472929 -0.481698
0.196046 0.022734 1.856446 -0.244327 0.696242 -0.472825 -0.481652
0.196009 0.022563 1.856844 -0.244262 0.696367 -0.472719 -0.481607
0.195972 0.022393 1.857234 -0.244194 0.696493 -0.472613 -0.481563
0.195933 0.022224 1.857617 -0.244123 0.696620 -0.472507 -0.481520
0.195895 0.022058 1.857992 -0.244050 0.696746 -0.472401 -0.481479
0.195855 0.021893 1.858359 -0.243974 0.696872 -0.472296 -0.481438
0.195816 0.021730 1.858720 -0.243896 0.696998 -0.472191 -0.481398
0.195776 0.021569 1.859073 -0.243816 0.697123 -0.472088 -0.481359
0.195737 0.021410 1.859420 -0.243735 0.697247 -0.471985 -0.481321
0.195697 0.021254 1.859759 -0.243653 0.697370 -0.471883 -0.481284
0.195658 0.021099 1.860093 -0.243570 0.697492 -0.471783 -0.481247
0.195618 0.020947 1.860419 -0.243486 0.697613 -0.471684 -0.481211
0.195579 0.020797 1.860740 -0.243402 0.697733 -0.471587 -0.481175
0.195541 0.020650 1.861054 -0.243318 0.697851 -0.471491 -0.481140
0.195502 0.020505 1.861362 -0.243233 0.697968 -0.471396 -0.481106
0.195464 0.020362 1.861665 -0.243149 0.698084 -0.471304 -0.481072
0.195426 0.020221 1.861962 -0.243064 0.698198 -0.471213 -0.481038
0.195388 0.020083 1.862253 -0.242979 0.698311 -0.471123 -0.481004
0.195351 0.019947 1.862538 -0.242895 0.698423 -0.471035 -0.480971
0.195314 0.019813 1.862818 -0.242811 0.698533 -0.470949 -0.480938
0.195330 0.019674 1.863185 -0.242885 0.698529 -0.470915 -0.480940
0.195377 0.019527 1.863601 -0.242992 0.698500 -0.470935 -0.480908
0.195440 0.019371 1.864042 -0.243109 0.698479 -0.470978 -0.480838
0.195510 0.019206 1.864493 -0.243226 0.698478 -0.471023 -0.480736
0.195581 0.019031 1.864947 -0.243337 0.698502 -0.471060 -0.480609
0.195650 0.018848 1.865400 -0.243437 0.698550 -0.471083 -0.480465
0.195714 0.018658 1.865848 -0.243524 0.698622 -0.471090 -0.480310
0.195773 0.018462 1.866290 -0.243598 0.698713 -0.471082 -0.480147
0.195825 0.018260 1.866726 -0.243658 0.698823 -0.471058 -0.479981
0.195871 0.018054 1.867153 -0.243703 0.698947 -0.471022 -0.479813
0.195911 0.017844 1.867573 -0.243734 0.699083 -0.470973 -0.479646
0.195946 0.017632 1.867986 -0.243753 0.699230 -0.470913 -0.479482
0.195975 0.017418 1.868390 -0.243759 0.699385 -0.470845 -0.479319
0.195999 0.017202 1.868786 -0.243755 0.699546 -0.470769 -0.479161
0.196019 0.016986 1.869174 -0.243740 0.699713 -0.470687 -0.479006
0.196035 0.016770 1.869555 -0.243716 0.699883 -0.470599 -0.478856
0.196047 0.016554 1.869928 -0.243683 0.700057 -0.470507 -0.478709
0.196057 0.016339 1.870294 -0.243643 0.700232 -0.470412 -0.478567
0.196064 0.016125 1.870652 -0.243596 0.700408 -0.470314 -0.478430
0.196069 0.015913 1.871003 -0.243543 0.700584 -0.470213 -0.478297
0.196071 0.015702 1.871347 -0.243485 0.700761 -0.470112 -0.478167
0.196072 0.015493 1.871684 -0.243422 0.700937 -0.470009 -0.478042
0.196071 0.015287 1.872015 -0.243355 0.701112 -0.469906 -0.477921
0.196069 0.015082 1.872339 -0.243284 0.701286 -0.469803 -0.477803
0.196066 0.014880 1.872657 -0.243210 0.701459 -0.469700 -0.477689
0.196061 0.014681 1.872968 -0.243133 0.701629 -0.469597 -0.477579
0.196056 0.014484 1.873274 -0.243054 0.701798 -0.469495 -0.477471
0.196050 0.014290 1.873573 -0.242973 0.701965 -0.469393 -0.477367
0.196043 0.014098 1.873867 -0.242891 0.702130 -0.469293 -0.477265
0.196036 0.013910 1.874155 -0.242807 0.702292 -0.469193 -0.477167
0.196028 0.013724 1.874438 -0.242721 0.702453 -0.469095 -0.477071
0.196020 0.013540 1.874715 -0.242635 0.702611 -0.468998 -0.476977
0.196011 0.013360 1.874987 -0.242548 0.702766 -0.468903 -0.476886
0.196002 0.013183 1.875254 -0.242461 0.702919 -0.468809 -0.476797
0.195992 0.013008 1.875516 -0.242373 0.703070 -0.468716 -0.476710
0.195983 0.012837 1.875773 -0.242284 0.703219 -0.468625 -0.476625
0.195973 0.012668 1.876025 -0.242196 0.703365 -0.468536 -0.476543
0.195962 0.012502 1.876273 -0.242108 0.703509 -0.468448 -0.476461
0.195952 0.012339 1.876516 -0.242019 0.703651 -0.468362 -0.476382
0.195941 0.012179 1.876755 -0.241931 0.703790 -0.468277 -0.476304
0.196003 0.012011 1.877093 -0.242056 0.703778 -0.468276 -0.476258
0.196107 0.011836 1.877488 -0.242229 0.703723 -0.468357 -0.476173
0.196234 0.011652 1.877913 -0.242415 0.703665 -0.468477 -0.476046
0.196371 0.011460 1.878351 -0.242602 0.703621 -0.468609 -0.475886
0.196512 0.011259 1.878793 -0.242781 0.703598 -0.468737 -0.475702
0.196651 0.011051 1.879234 -0.242948 0.703597 -0.468854 -0.475503
0.196786 0.010837 1.879670 -0.243099 0.703618 -0.468956 -0.475294
0.196915 0.010617 1.880100 -0.243234 0.703659 -0.469042 -0.475080
0.197037 0.010392 1.880523 -0.243352 0.703716 -0.469112 -0.474865
0.197152 0.010163 1.880939 -0.243452 0.703788 -0.469167 -0.474652
0.197260 0.009931 1.881346 -0.243537 0.703873 -0.469209 -0.474443
0.197362 0.009697 1.881745 -0.243606 0.703967 -0.469239 -0.474238
0.197457 0.009461 1.882136 -0.243661 0.704070 -0.469257 -0.474038
0.197546 0.009225 1.882518 -0.243702 0.704180 -0.469267 -0.473845
0.197629 0.008988 1.882893 -0.243731 0.704295 -0.469268 -0.473658
0.197708 0.008751 1.883260 -0.243749 0.704414 -0.469262 -0.473477
0.197782 0.008515 1.883620 -0.243756 0.704537 -0.469249 -0.473303
0.197852 0.008280 1.883972 -0.243753 0.704663 -0.469231 -0.473135
0.197918 0.008046 1.884316 -0.243743 0.704790 -0.469209 -0.472973
0.197980 0.007815 1.884654 -0.243724 0.704918 -0.469183 -0.472817
0.198039 0.007585 1.884985 -0.243698 0.705047 -0.469154 -0.472667
0.198096 0.007357 1.885309 -0.243667 0.705177 -0.469121 -0.472522
0.198149 0.007131 1.885626 -0.243629 0.705306 -0.469087 -0.472383
0.198200 0.006908 1.885937 -0.243587 0.705435 -0.469051 -0.472249
0.198249 0.006688 1.886243 -0.243540 0.705563 -0.469013 -0.472119
0.198295 0.006470 1.886542 -0.243489 0.705690 -0.468973 -0.471994
0.198339 0.006256 1.886835 -0.243434 0.705816 -0.468933 -0.471874
0.198382 0.006044 1.887122 -0.243376 0.705942 -0.468892 -0.471757
0.198423 0.005835 1.887404 -0.243315 0.706065 -0.468851 -0.471644
0.198462 0.005629 1.887681 -0.243252 0.706188 -0.468809 -0.471535
0.198499 0.005426 1.887952 -0.243187 0.706309 -0.468767 -0.471429
0.198535 0.005227 1.888218 -0.243119 0.706429 -0.468725 -0.471327
0.198570 0.005030 1.888479 -0.243050 0.706547 -0.468682 -0.471227
0.198603 0.004837 1.888735 -0.242980 0.706663 -0.468640 -0.471131
0.198635 0.004646 1.888987 -0.242908 0.706778 -0.468598 -0.471037
0.198666 0.004459 1.889233 -0.242835 0.706891 -0.468557 -0.470946
0.198695 0.004274 1.889476 -0.242761 0.707003 -0.468515 -0.470858
0.198724 0.004093 1.889713 -0.242686 0.707113 -0.468474 -0.470772
0.198751 0.003915 1.889947 -0.242610 0.707222 -0.468434 -0.470688
0.198777 0.003740 1.890176 -0.242534 0.707329 -0.468394 -0.470606
0.198910 0.003550 1.890456 -0.242813 0.707305 -0.468399 -0.470493
0.199104 0.003352 1.890773 -0.243172 0.707244 -0.468488 -0.470312
0.199333 0.003147 1.891108 -0.243552 0.707176 -0.468624 -0.470082
0.199583 0.002937 1.891454 -0.243932 0.707113 -0.468781 -0.469822
0.199844 0.002720 1.891802 -0.244301 0.707060 -0.468943 -0.469548
0.200110 0.002496 1.892149 -0.244652 0.707021 -0.469101 -0.469267
0.200378 0.002266 1.892493 -0.244982 0.706994 -0.469249 -0.468988
0.200645 0.002030 1.892831 -0.245289 0.706980 -0.469383 -0.468714
0.200907 0.001787 1.893162 -0.245573 0.706977 -0.469503 -0.468449
0.201164 0.001540 1.893486 -0.245833 0.706986 -0.469607 -0.468195
0.201414 0.001289 1.893801 -0.246071 0.707004 -0.469696 -0.467954
0.201659 0.001034 1.894108 -0.246287 0.707030 -0.469771 -0.467725
0.201897 0.000776 1.894408 -0.246482 0.707062 -0.469833 -0.467511
0.202128 0.000515 1.894700 -0.246657 0.707101 -0.469884 -0.467309
0.202352 0.000253 1.894984 -0.246815 0.707145 -0.469923 -0.467120
0.202571 -0.000010 1.895262 -0.246954 0.707193 -0.469952 -0.466944
0.202783 -0.000274 1.895532 -0.247078 0.707245 -0.469973 -0.466779
0.202989 -0.000538 1.895796 -0.247187 0.707300 -0.469985 -0.466626
0.203189 -0.000802 1.896053 -0.247282 0.707358 -0.469990 -0.466483
0.203384 -0.001065 1.896304 -0.247364 0.707417 -0.469988 -0.466350
0.203573 -0.001327 1.896549 -0.247435 0.707479 -0.469981 -0.466226
0.203757 -0.001588 1.896789 -0.247494 0.707542 -0.469969 -0.466112
0.203937 -0.001847 1.897022 -0.247544 0.707607 -0.469951 -0.466005
0.204111 -0.002104 1.897251 -0.247584 0.707672 -0.469930 -0.465906
0.204281 -0.002360 1.897475 -0.247615 0.707738 -0.469905 -0.465814
0.204446 -0.002613 1.897693 -0.247638 0.707805 -0.469877 -0.465728
0.204608 -0.002863 1.897907 -0.247654 0.707872 -0.469847 -0.465649
0.204764 -0.003111 1.898116 -0.247663 0.707939 -0.469814 -0.465575
0.204917 -0.003357 1.898321 -0.247666 0.708006 -0.469778 -0.465507
0.205066 -0.003599 1.898522 -0.247664 0.708074 -0.469742 -0.465443
0.205211 -0.003838 1.898718 -0.247655 0.708141 -0.469703 -0.465384
0.205353 -0.004074 1.898911 -0.247643 0.708208 -0.469664 -0.465328
0.205491 -0.004308 1.899099 -0.247625 0.708275 -0.469623 -0.465277
0.205625 -0.004538 1.899284 -0.247604 0.708341 -0.469581 -0.465229
0.205756 -0.004764 1.899466 -0.247578 0.708408 -0.469539 -0.465185
0.205884 -0.004988 1.899643 -0.247550 0.708473 -0.469496 -0.465143
0.206008 -0.005208 1.899818 -0.247518 0.708538 -0.469453 -0.465104
0.206130 -0.005424 1.899989 -0.247483 0.708603 -0.469410 -0.465068
0.206248 -0.005638 1.900157 -0.247445 0.708667 -0.469367 -0.465034
0.206364 -0.005848 1.900321 -0.247406 0.708730 -0.469324 -0.465002
0.206575 -0.006063 1.900555 -0.247663 0.708660 -0.469354 -0.464942
0.206843 -0.006282 1.900835 -0.248003 0.708547 -0.469473 -0.464813
0.207147 -0.006506 1.901141 -0.248378 0.708424 -0.469641 -0.464629
0.207472 -0.006735 1.901461 -0.248768 0.708306 -0.469832 -0.464408
0.207808 -0.006971 1.901790 -0.249162 0.708200 -0.470028 -0.464161
0.208149 -0.007215 1.902121 -0.249552 0.708107 -0.470219 -0.463899
0.208492 -0.007467 1.902454 -0.249931 0.708030 -0.470399 -0.463629
0.208832 -0.007728 1.902785 -0.250296 0.707969 -0.470566 -0.463356
0.209169 -0.007996 1.903115 -0.250643 0.707924 -0.470717 -0.463084
0.209501 -0.008272 1.903441 -0.250972 0.707893 -0.470853 -0.462816
0.209827 -0.008556 1.903763 -0.251282 0.707875 -0.470972 -0.462554
0.210148 -0.008848 1.904082 -0.251571 0.707871 -0.471074 -0.462299
0.210462 -0.009147 1.904396 -0.251839 0.707878 -0.471162 -0.462052
0.210770 -0.009452 1.904704 -0.252087 0.707898 -0.471232 -0.461816
0.211071 -0.009764 1.905006 -0.252318 0.707928 -0.471284 -0.461589
0.211365 -0.010081 1.905301 -0.252531 0.707969 -0.471320 -0.461374
0.211651 -0.010403 1.905589 -0.252728 0.708018 -0.471339 -0.461170
0.211930 -0.010729 1.905871 -0.252909 0.708076 -0.471344 -0.460977
0.212201 -0.011059 1.906145 -0.253074 0.708142 -0.471334 -0.460796
0.212464 -0.011390 1.906413 -0.253225 0.708214 -0.471311 -0.460625
0.212720 -0.011724 1.906675 -0.253363 0.708292 -0.471277 -0.460465
0.212969 -0.012059 1.906931 -0.253487 0.708375 -0.471232 -0.460315
0.213211 -0.012395 1.907180 -0.253599 0.708463 -0.471177 -0.460174
0.213447 -0.012732 1.907424 -0.253700 0.708555 -0.471113 -0.460042
0.213675 -0.013068 1.907663 -0.253790 0.708651 -0.471041 -0.459918
0.213897 -0.013403 1.907896 -0.253869 0.708750 -0.470962 -0.459802
0.214113 -0.013738 1.908123 -0.253940 0.708852 -0.470877 -0.459694
0.214323 -0.014071 1.908346 -0.254001 0.708956 -0.470786 -0.459592
0.214527 -0.014402 1.908564 -0.254054 0.709062 -0.470691 -0.459497
0.214725 -0.014731 1.908777 -0.254099 0.709170 -0.470591 -0.459408
0.214918 -0.015059 1.908986 -0.254137 0.709279 -0.470487 -0.459325
0.215106 -0.015383 1.909191 -0.254168 0.709389 -0.470380 -0.459247
0.215288 -0.015705 1.909391 -0.254192 0.709501 -0.470270 -0.459174
0.215466 -0.016023 1.909587 -0.254211 0.709612 -0.470158 -0.459106
0.215639 -0.016339 1.909779 -0.254224 0.709724 -0.470045 -0.459042
0.215807 -0.016650 1.909967 -0.254231 0.709837 -0.469929 -0.458982
0.215970 -0.016959 1.910151 -0.254234 0.709949 -0.469813 -0.458926
0.216129 -0.017264 1.910332 -0.254233 0.710061 -0.469696 -0.458873
0.216284 -0.017564 1.910509 -0.254227 0.710173 -0.469578 -0.458823
0.216435 -0.017861 1.910683 -0.254218 0.710284 -0.469461 -0.458777
0.216683 -0.018157 1.910906 -0.254514 0.710267 -0.469394 -0.458706
0.216990 -0.018449 1.911165 -0.254890 0.710206 -0.469413 -0.458573
0.217332 -0.018740 1.911445 -0.255296 0.710129 -0.469486 -0.458392
0.217696 -0.019031 1.911738 -0.255714 0.710047 -0.469589 -0.458180
0.218072 -0.019325 1.912037 -0.256133 0.709969 -0.469705 -0.457949
0.218454 -0.019621 1.912339 -0.256544 0.709897 -0.469825 -0.457707
0.218838 -0.019921 1.912641 -0.256943 0.709833 -0.469944 -0.457461
0.219221 -0.020225 1.912943 -0.257326 0.709778 -0.470056 -0.457215
0.219600 -0.020535 1.913242 -0.257692 0.709733 -0.470160 -0.456973
0.219975 -0.020848 1.913538 -0.258038 0.709697 -0.470254 -0.456736
0.220344 -0.021167 1.913831 -0.258364 0.709670 -0.470338 -0.456507
0.220708 -0.021491 1.914120 -0.258669 0.709653 -0.470411 -0.456286
0.221066 -0.021820 1.914405 -0.258953 0.709644 -0.470473 -0.456075
0.221418 -0.022153 1.914686 -0.259216 0.709643 -0.470524 -0.455874
0.221763 -0.022491 1.914963 -0.259459 0.709650 -0.470564 -0.455683
0.222103 -0.022834 1.915235 -0.259681 0.709665 -0.470594 -0.455503
0.222437 -0.023182 1.915503 -0.259882 0.709687 -0.470613 -0.455335
0.222765 -0.023534 1.915767 -0.260063 0.709716 -0.470622 -0.455177
0.223087 -0.023890 1.916026 -0.260225 0.709751 -0.470620 -0.455031
0.223404 -0.024251 1.916281 -0.260368 0.709793 -0.470609 -0.454896
0.223716 -0.024615 1.916530 -0.260493 0.709841 -0.470587 -0.454772
0.224021 -0.024983 1.916773 -0.260604 0.709895 -0.470553 -0.454659
0.224320 -0.025354 1.917010 -0.260699 0.709955 -0.470506 -0.454558
0.224612 -0.025727 1.917239 -0.260782 0.710021 -0.470448 -0.454468
0.224898 -0.026102 1.917463 -0.260851 0.710092 -0.470379 -0.454390
0.225177 -0.026479 1.917680 -0.260909 0.710167 -0.470300 -0.454321
0.225449 -0.026855 1.917891 -0.260955 0.710246 -0.470211 -0.454263
0.225715 -0.027232 1.918097 -0.260991 0.710328 -0.470114 -0.454214
0.225974 -0.027609 1.918297 -0.261017 0.710414 -0.470010 -0.454173
0.226227 -0.027984 1.918491 -0.261034 0.710502 -0.469898 -0.454141
0.226473 -0.028359 1.918681 -0.261043 0.710593 -0.469780 -0.454116
0.226713 -0.028732 1.918866 -0.261043 0.710686 -0.469657 -0.454097
0.226947 -0.029103 1.919046 -0.261037 0.710781 -0.469529 -0.454085
0.227175 -0.029471 1.919222 -0.261023 0.710877 -0.469397 -0.454079
0.227398 -0.029837 1.919393 -0.261004 0.710974 -0.469261 -0.454078
0.227614 -0.030201 1.919560 -0.260979 0.711073 -0.469122 -0.454081
0.227826 -0.030561 1.919724 -0.260948 0.711172 -0.468980 -0.454089
0.228032 -0.030917 1.919884 -0.260913 0.711273 -0.468837 -0.454101
0.228233 -0.031270 1.920040 -0.260874 0.711373 -0.468692 -0.454116
0.228429 -0.031620 1.920192 -0.260830 0.711474 -0.468545 -0.454135
0.228732 -0.031970 1.920379 -0.261008 0.711495 -0.468499 -0.454047
0.229097 -0.032320 1.920594 -0.261271 0.711483 -0.468533 -0.453879
0.229499 -0.032670 1.920828 -0.261575 0.711457 -0.468615 -0.453661
0.229922 -0.033023 1.921075 -0.261897 0.711427 -0.468722 -0.453410
0.230355 -0.033379 1.921330 -0.262224 0.711401 -0.468839 -0.453141
0.230792 -0.033739 1.921589 -0.262548 0.711383 -0.468957 -0.452860
0.231227 -0.034104 1.921851 -0.262863 0.711373 -0.469071 -0.452574
0.231658 -0.034474 1.922113 -0.263166 0.711374 -0.469177 -0.452287
0.232084 -0.034850 1.922374 -0.263453 0.711386 -0.469272 -0.452003
0.232502 -0.035231 1.922634 -0.263723 0.711408 -0.469356 -0.451723
0.232913 -0.035617 1.922891 -0.263975 0.711441 -0.469427 -0.451450
0.233316 -0.036009 1.923146 -0.264209 0.711483 -0.469486 -0.451185
0.233711 -0.036406 1.923398 -0.264425 0.711535 -0.469533 -0.450928
0.234098 -0.036808 1.923646 -0.264622 0.711596 -0.469567 -0.450681
0.234477 -0.037215 1.923892 -0.264800 0.711666 -0.469589 -0.450444
0.234848 -0.037627 1.924133 -0.264959 0.711743 -0.469599 -0.450217
0.235211 -0.038044 1.924371 -0.265100 0.711827 -0.469597 -0.450002
0.235567 -0.038464 1.924606 -0.265224 0.711919 -0.469585 -0.449797
0.235916 -0.038890 1.924837 -0.265329 0.712017 -0.469562 -0.449604
0.236258 -0.039319 1.925064 -0.265417 0.712121 -0.469528 -0.449422
0.236594 -0.039752 1.925288 -0.265488 0.712231 -0.469484 -0.449252
0.236923 -0.040189 1.925507 -0.265542 0.712347 -0.469431 -0.449093
0.237245 -0.040630 1.925724 -0.265580 0.712467 -0.469368 -0.448945
0.237562 -0.041074 1.925936 -0.265602 0.712592 -0.469295 -0.448809
0.237872 -0.041521 1.926143 -0.265610 0.712723 -0.469212 -0.448685
0.238176 -0.041971 1.926345 -0.265607 0.712858 -0.469117 -0.448571
0.238473 -0.042423 1.926540 -0.265592 0.712997 -0.469011 -0.448469
0.238763 -0.042876 1.926729 -0.265567 0.713141 -0.468894 -0.448378
0.239046 -0.043330 1.926913 -0.265533 0.713288 -0.468766 -0.448298
0.239322 -0.043784 1.927091 -0.265489 0.713438 -0.468628 -0.448229
0.239591 -0.044238 1.927263 -0.265438 0.713591 -0.468483 -0.448169
0.239853 -0.044691 1.927431 -0.265379 0.713746 -0.468329 -0.448118
0.240108 -0.045142 1.927593 -0.265313 0.713902 -0.468168 -0.448076
0.240357 -0.045592 1.927751 -0.265240 0.714060 -0.468001 -0.448042
0.240599 -0.046039 1.927904 -0.265162 0.714219 -0.467828 -0.448015
0.240835 -0.046483 1.928053 -0.265079 0.714378 -0.467651 -0.447994
0.241065 -0.046925 1.928198 -0.264991 0.714538 -0.467470 -0.447980
0.241288 -0.047363 1.928340 -0.264898 0.714699 -0.467286 -0.447972
0.241506 -0.047797 1.928477 -0.264802 0.714859 -0.467098 -0.447968
0.241719 -0.048227 1.928611 -0.264703 0.715019 -0.466909 -0.447970
0.242040 -0.048635 1.928781 -0.264806 0.715088 -0.466795 -0.447917
0.242430 -0.049025 1.928980 -0.264987 0.715110 -0.466761 -0.447810
0.242863 -0.049404 1.929199 -0.265208 0.715104 -0.466784 -0.447664
0.243323 -0.049775 1.929430 -0.265450 0.715081 -0.466844 -0.447495
0.243799 -0.050140 1.929670 -0.265700 0.715048 -0.466928 -0.447312
0.244283 -0.050502 1.929915 -0.265951 0.715010 -0.467027 -0.447120
0.244770 -0.050862 1.930162 -0.266195 0.714970 -0.467134 -0.446927
0.245255 -0.051221 1.930409 -0.266431 0.714931 -0.467244 -0.446734
0.245738 -0.051580 1.930656 -0.266654 0.714895 -0.467353 -0.446545
0.246215 -0.051940 1.930902 -0.266864 0.714861 -0.467460 -0.446362
0.246687 -0.052302 1.931145 -0.267059 0.714831 -0.467563 -0.446185
0.247152 -0.052665 1.931386 -0.267239 0.714805 -0.467661 -0.446017
0.247610 -0.053030 1.931624 -0.267404 0.714783 -0.467752 -0.445857
0.248060 -0.053397 1.931860 -0.267552 0.714766 -0.467837 -0.445706
0.248504 -0.053766 1.932092 -0.267685 0.714753 -0.467915 -0.445565
0.248940 -0.054138 1.932320 -0.267802 0.714745 -0.467985 -0.445434
0.249368 -0.054513 1.932546 -0.267903 0.714742 -0.468048 -0.445313
0.249789 -0.054890 1.932767 -0.267989 0.714743 -0.468103 -0.445202
0.250204 -0.055271 1.932986 -0.268059 0.714748 -0.468150 -0.445101
0.250610 -0.055654 1.933201 -0.268114 0.714759 -0.468188 -0.445010
0.251010 -0.056040 1.933412 -0.268155 0.714773 -0.468220 -0.444930
0.251403 -0.056430 1.933618 -0.268183 0.714793 -0.468241 -0.444859
0.251789 -0.056821 1.933819 -0.268200 0.714818 -0.468250 -0.444799
0.252166 -0.057215 1.934014 -0.268207 0.714848 -0.468249 -0.444748
0.252536 -0.057610 1.934203 -0.268205 0.714882 -0.468236 -0.444707
0.252897 -0.058005 1.934386 -0.268194 0.714921 -0.468213 -0.444676
0.253251 -0.058401 1.934563 -0.268175 0.714963 -0.468179 -0.444654
0.253596 -0.058797 1.934735 -0.268149 0.715010 -0.468136 -0.444641
0.253933 -0.059192 1.934902 -0.268116 0.715059 -0.468085 -0.444636
0.254263 -0.059587 1.935064 -0.268076 0.715111 -0.468026 -0.444638
0.254585 -0.059980 1.935221 -0.268030 0.715166 -0.467959 -0.444647
0.254899 -0.060371 1.935374 -0.267979 0.715224 -0.467886 -0.444662
0.255206 -0.060760 1.935522 -0.267924 0.715283 -0.467807 -0.444683
0.255506 -0.061146 1.935667 -0.267863 0.715345 -0.467723 -0.444709
0.255798 -0.061530 1.935807 -0.267799 0.715408 -0.467634 -0.444740
0.256084 -0.061910 1.935944 -0.267731 0.715472 -0.467542 -0.444775
0.256363 -0.062288 1.936078 -0.267660 0.715538 -0.467445 -0.444813
0.256635 -0.062661 1.936208 -0.267586 0.715605 -0.467345 -0.444855
0.256901 -0.063031 1.936334 -0.267510 0.715672 -0.467243 -0.444900
0.257161 -0.063397 1.936458 -0.267431 0.715741 -0.467138 -0.444947
0.257543 -0.063742 1.936629 -0.267359 0.715751 -0.467241 -0.444866
0.258004 -0.064073 1.936830 -0.267354 0.715703 -0.467441 -0.444736
0.258517 -0.064397 1.937051 -0.267394 0.715616 -0.467698 -0.444582
0.259060 -0.064716 1.937284 -0.267460 0.715503 -0.467989 -0.444417
0.259621 -0.065034 1.937524 -0.267539 0.715377 -0.468298 -0.444248
0.260191 -0.065352 1.937768 -0.267622 0.715243 -0.468614 -0.444080
0.260763 -0.065671 1.938012 -0.267702 0.715106 -0.468931 -0.443916
0.261334 -0.065994 1.938255 -0.267776 0.714971 -0.469244 -0.443760
0.261901 -0.066320 1.938497 -0.267841 0.714838 -0.469549 -0.443613
0.262462 -0.066649 1.938735 -0.267895 0.714709 -0.469844 -0.443475
0.263016 -0.066983 1.938969 -0.267938 0.714585 -0.470128 -0.443348
0.263562 -0.067322 1.939200 -0.267968 0.714467 -0.470400 -0.443231
0.264099 -0.067664 1.939426 -0.267986 0.714355 -0.470659 -0.443126
0.264628 -0.068012 1.939649 -0.267992 0.714249 -0.470904 -0.443033
0.265148 -0.068364 1.939866 -0.267984 0.714150 -0.471136 -0.442950
0.265660 -0.068721 1.940080 -0.267964 0.714057 -0.471355 -0.442879
0.266162 -0.069083 1.940289 -0.267932 0.713971 -0.471560 -0.442819
0.266655 -0.069449 1.940492 -0.267891 0.713892 -0.471749 -0.442770
0.267139 -0.069820 1.940689 -0.267841 0.713821 -0.471921 -0.442732
0.267613 -0.070193 1.940879 -0.267784 0.713756 -0.472078 -0.442704
0.268077 -0.070569 1.941062 -0.267719 0.713698 -0.472218 -0.442687
0.268532 -0.070948 1.941239 -0.267648 0.713647 -0.472342 -0.442679
0.268976 -0.071327 1.941409 -0.267571 0.713602 -0.472452 -0.442681
0.269410 -0.071708 1.941574 -0.267488 0.713562 -0.472549 -0.442692
0.269835 -0.072090 1.941734 -0.267401 0.713528 -0.472632 -0.442711
0.270250 -0.072471 1.941888 -0.267309 0.713499 -0.472704 -0.442737
0.270656 -0.072853 1.942037 -0.267213 0.713475 -0.472764 -0.442770
0.271052 -0.073233 1.942181 -0.267114 0.713454 -0.472814 -0.442809
0.271439 -0.073612 1.942321 -0.267012 0.713438 -0.472854 -0.442854
0.271818 -0.073989 1.942456 -0.266907 0.713426 -0.472886 -0.442903
0.272188 -0.074365 1.942587 -0.266799 0.713417 -0.472909 -0.442958
0.272550 -0.074738 1.942715 -0.266690 0.713411 -0.472925 -0.443016
0.272903 -0.075109 1.942839 -0.266579 0.713409 -0.472934 -0.443077
0.273248 -0.075477 1.942959 -0.266467 0.713409 -0.472936 -0.443142
0.273586 -0.075842 1.943076 -0.266353 0.713411 -0.472933 -0.443209
0.273916 -0.076203 1.943190 -0.266239 0.713416 -0.472925 -0.443279
0.274238 -0.076561 1.943301 -0.266124 0.713423 -0.472911 -0.443351
0.274553 -0.076916 1.943409 -0.266009 0.713432 -0.472894 -0.443424
0.274862 -0.077266 1.943514 -0.265893 0.713443 -0.472872 -0.443499
0.275163 -0.077613 1.943617 -0.265778 0.713456 -0.472847 -0.443575
0.275553 -0.077946 1.943767 -0.265540 0.713439 -0.473068 -0.443509
0.276004 -0.078274 1.943943 -0.265331 0.713374 -0.473378 -0.443407
0.276494 -0.078601 1.944132 -0.265151 0.713275 -0.473734 -0.443294
0.277007 -0.078928 1.944327 -0.264988 0.713155 -0.474112 -0.443180
0.277533 -0.079258 1.944525 -0.264833 0.713023 -0.474498 -0.443072
0.278065 -0.079591 1.944723 -0.264679 0.712884 -0.474884 -0.442974
0.278598 -0.079929 1.944918 -0.264523 0.712743 -0.475262 -0.442889
0.279130 -0.080272 1.945109 -0.264362 0.712603 -0.475630 -0.442816
0.279658 -0.080620 1.945297 -0.264195 0.712464 -0.475985 -0.442758
0.280180 -0.080974 1.945479 -0.264020 0.712329 -0.476325 -0.442715
0.280696 -0.081333 1.945656 -0.263836 0.712197 -0.476650 -0.442685
0.281205 -0.081699 1.945829 -0.263645 0.712071 -0.476959 -0.442670
0.281707 -0.082070 1.945996 -0.263445 0.711949 -0.477251 -0.442670
0.282200 -0.082446 1.946157 -0.263239 0.711834 -0.477525 -0.442682
0.282685 -0.082827 1.946310 -0.263029 0.711726 -0.477779 -0.442707
0.283161 -0.083213 1.946457 -0.262814 0.711624 -0.478014 -0.442745
0.283627 -0.083602 1.946596 -0.262596 0.711528 -0.478230 -0.442794
0.284084 -0.083994 1.946729 -0.262374 0.711439 -0.478428 -0.442855
0.284532 -0.084388 1.946855 -0.262150 0.711356 -0.478608 -0.442926
0.284969 -0.084784 1.946976 -0.261924 0.711279 -0.478772 -0.443007
0.285398 -0.085181 1.947090 -0.261696 0.711208 -0.478920 -0.443096
0.285817 -0.085578 1.947200 -0.261466 0.711141 -0.479054 -0.443194
0.286226 -0.085976 1.947304 -0.261236 0.711080 -0.479175 -0.443298
0.286627 -0.086373 1.947404 -0.261006 0.711023 -0.479282 -0.443409
0.287019 -0.086769 1.947499 -0.260775 0.710970 -0.479378 -0.443525
0.287402 -0.087165 1.947591 -0.260545 0.710922 -0.479463 -0.443646
0.287776 -0.087558 1.947678 -0.260315 0.710878 -0.479537 -0.443771
0.288142 -0.087949 1.947762 -0.260086 0.710838 -0.479602 -0.443900
0.288500 -0.088339 1.947842 -0.259858 0.710801 -0.479658 -0.444032
0.288850 -0.088725 1.947919 -0.259632 0.710767 -0.479706 -0.444166
0.289192 -0.089109 1.947994 -0.259407 0.710737 -0.479747 -0.444302
0.289526 -0.089489 1.948065 -0.259185 0.710709 -0.479780 -0.444440
0.289853 -0.089866 1.948134 -0.258964 0.710684 -0.479807 -0.444579
0.290173 -0.090240 1.948200 -0.258745 0.710662 -0.479829 -0.444719
0.290486 -0.090610 1.948265 -0.258529 0.710642 -0.479845 -0.444859
0.290791 -0.090975 1.948327 -0.258315 0.710625 -0.479856 -0.445000
0.291090 -0.091337 1.948387 -0.258104 0.710609 -0.479862 -0.445140
0.291382 -0.091694 1.948445 -0.257895 0.710595 -0.479864 -0.445280
0.291668 -0.092047 1.948501 -0.257689 0.710583 -0.479863 -0.445420
0.291948 -0.092396 1.948556 -0.257486 0.710573 -0.479858 -0.445559
0.292339 -0.092720 1.948643 -0.257235 0.710541 -0.480021 -0.445580
0.292807 -0.093032 1.948747 -0.257025 0.710469 -0.480254 -0.445565
0.293325 -0.093336 1.948860 -0.256849 0.710366 -0.480526 -0.445537
0.293876 -0.093636 1.948976 -0.256694 0.710240 -0.480822 -0.445508
0.294447 -0.093937 1.949092 -0.256550 0.710097 -0.481129 -0.445487
0.295029 -0.094238 1.949207 -0.256409 0.709942 -0.481441 -0.445479
0.295617 -0.094543 1.949318 -0.256267 0.709779 -0.481751 -0.445485
0.296206 -0.094850 1.949424 -0.256123 0.709610 -0.482055 -0.445508
0.296794 -0.095162 1.949526 -0.255972 0.709438 -0.482352 -0.445548
0.297379 -0.095478 1.949623 -0.255816 0.709264 -0.482638 -0.445605
0.297958 -0.095798 1.949712 -0.255656 0.709090 -0.482910 -0.445679
0.298531 -0.096123 1.949794 -0.255491 0.708917 -0.483166 -0.445770
0.299097 -0.096451 1.949869 -0.255323 0.708747 -0.483407 -0.445876
0.299654 -0.096783 1.949937 -0.255151 0.708580 -0.483631 -0.445997
0.300202 -0.097117 1.949998 -0.254976 0.708416 -0.483840 -0.446131
0.300741 -0.097453 1.950052 -0.254799 0.708255 -0.484033 -0.446278
0.301271 -0.097791 1.950101 -0.254620 0.708098 -0.484212 -0.446436
0.301792 -0.098130 1.950144 -0.254439 0.707944 -0.484377 -0.446605
0.302302 -0.098470 1.950182 -0.254256 0.707793 -0.484528 -0.446782
0.302804 -0.098810 1.950215 -0.254073 0.707647 -0.484668 -0.446968
0.303296 -0.099150 1.950245 -0.253889 0.707504 -0.484795 -0.447160
0.303779 -0.099490 1.950270 -0.253704 0.707365 -0.484912 -0.447359
0.304252 -0.099829 1.950291 -0.253520 0.707229 -0.485018 -0.447562
0.304716 -0.100167 1.950310 -0.253336 0.707097 -0.485115 -0.447770
0.305171 -0.100503 1.950325 -0.253153 0.706969 -0.485203 -0.447981
0.305617 -0.100838 1.950337 -0.252971 0.706844 -0.485282 -0.448194
0.306055 -0.101170 1.950347 -0.252790 0.706723 -0.485354 -0.448410
0.306483 -0.101501 1.950355 -0.252610 0.706605 -0.485418 -0.448628
0.306903 -0.101829 1.950361 -0.252432 0.706490 -0.485476 -0.448846
0.307315 -0.102154 1.950365 -0.252256 0.706379 -0.485528 -0.449065
0.307719 -0.102476 1.950367 -0.252081 0.706271 -0.485573 -0.449283
0.308114 -0.102796 1.950368 -0.251908 0.706165 -0.485614 -0.449502
0.308502 -0.103112 1.950367 -0.251738 0.706063 -0.485649 -0.449720
0.308881 -0.103425 1.950365 -0.251570 0.705964 -0.485680 -0.449936
0.309253 -0.103734 1.950363 -0.251404 0.705868 -0.485707 -0.450151
0.309618 -0.104040 1.950359 -0.251240 0.705774 -0.485729 -0.450365
0.309975 -0.104341 1.950354 -0.251079 0.705683 -0.485748 -0.450577
0.310325 -0.104640 1.950349 -0.250921 0.705594 -0.485764 -0.450786
0.310668 -0.104934 1.950343 -0.250765 0.705508 -0.485777 -0.450994
0.311005 -0.105224 1.950337 -0.250612 0.705425 -0.485788 -0.451199
0.311448 -0.105516 1.950344 -0.250384 0.705369 -0.485984 -0.451202
0.311959 -0.105814 1.950359 -0.250198 0.705302 -0.486236 -0.451138
0.312510 -0.106121 1.950377 -0.250043 0.705225 -0.486510 -0.451049
0.313084 -0.106438 1.950398 -0.249906 0.705141 -0.486790 -0.450954
0.313669 -0.106765 1.950417 -0.249777 0.705055 -0.487063 -0.450863
0.314255 -0.107103 1.950432 -0.249650 0.704971 -0.487323 -0.450784
0.314839 -0.107451 1.950443 -0.249522 0.704890 -0.487566 -0.450719
0.315417 -0.107808 1.950448 -0.249390 0.704814 -0.487790 -0.450669
0.315987 -0.108174 1.950447 -0.249254 0.704743 -0.487992 -0.450637
0.316547 -0.108548 1.950441 -0.249113 0.704678 -0.488174 -0.450620
0.317097 -0.108929 1.950430 -0.248967 0.704618 -0.488334 -0.450621
0.317635 -0.109317 1.950413 -0.248816 0.704563 -0.488475 -0.450636
0.318162 -0.109709 1.950392 -0.248661 0.704515 -0.488597 -0.450665
0.318678 -0.110107 1.950366 -0.248501 0.704472 -0.488701 -0.450708
0.319182 -0.110508 1.950337 -0.248338 0.704434 -0.488788 -0.450763
0.319676 -0.110912 1.950303 -0.248172 0.704401 -0.488859 -0.450829
0.320158 -0.111319 1.950267 -0.248003 0.704372 -0.488916 -0.450905
0.320629 -0.111728 1.950228 -0.247832 0.704348 -0.488958 -0.450991
0.321089 -0.112138 1.950185 -0.247659 0.704329 -0.488988 -0.451084
0.321539 -0.112548 1.950141 -0.247485 0.704313 -0.489005 -0.451185
0.321978 -0.112959 1.950095 -0.247310 0.704301 -0.489012 -0.451292
0.322408 -0.113369 1.950047 -0.247135 0.704293 -0.489009 -0.451404
0.322828 -0.113778 1.949997 -0.246959 0.704288 -0.488997 -0.451522
0.323238 -0.114187 1.949946 -0.246783 0.704286 -0.488976 -0.451644
0.323638 -0.114593 1.949894 -0.246608 0.704287 -0.488947 -0.451769
0.324030 -0.114997 1.949841 -0.246433 0.704290 -0.488912 -0.451898
0.324413 -0.115399 1.949787 -0.246259 0.704296 -0.488869 -0.452029
0.324787 -0.115799 1.949733 -0.246086 0.704304 -0.488821 -0.452162
0.325153 -0.116195 1.949678 -0.245914 0.704315 -0.488768 -0.452297
0.325510 -0.116588 1.949623 -0.245744 0.704327 -0.488710 -0.452434
0.325860 -0.116978 1.949568 -0.245575 0.704341 -0.488648 -0.452571
0.326201 -0.117363 1.949513 -0.245409 0.704356 -0.488582 -0.452708
0.326535 -0.117745 1.949458 -0.245244 0.704373 -0.488512 -0.452846
0.326862 -0.118123 1.949403 -0.245081 0.704391 -0.488440 -0.452984
0.327181 -0.118497 1.949349 -0.244920 0.704411 -0.488364 -0.453122
0.327494 -0.118866 1.949294 -0.244762 0.704431 -0.488287 -0.453259
0.327799 -0.119230 1.949240 -0.244606 0.704453 -0.488208 -0.453396
0.328098 -0.119590 1.949187 -0.244452 0.704475 -0.488127 -0.453531
0.328391 -0.119945 1.949134 -0.244301 0.704497 -0.488045 -0.453666
0.328677 -0.120295 1.949082 -0.244152 0.704521 -0.487962 -0.453799
0.329049 -0.120637 1.949042 -0.243945 0.704560 -0.488027 -0.453779
0.329477 -0.120975 1.949007 -0.243767 0.704589 -0.488144 -0.453705
0.329941 -0.121312 1.948971 -0.243617 0.704604 -0.488285 -0.453609
0.330425 -0.121648 1.948934 -0.243482 0.704610 -0.488438 -0.453509
0.330920 -0.121985 1.948894 -0.243357 0.704606 -0.488593 -0.453414
0.331420 -0.122323 1.948850 -0.243236 0.704595 -0.488746 -0.453331
0.331920 -0.122662 1.948801 -0.243117 0.704579 -0.488893 -0.453261
0.332417 -0.123002 1.948748 -0.242999 0.704558 -0.489032 -0.453207
0.332911 -0.123342 1.948690 -0.242880 0.704534 -0.489162 -0.453170
0.333398 -0.123683 1.948628 -0.242760 0.704506 -0.489282 -0.453148
0.333879 -0.124024 1.948562 -0.242638 0.704476 -0.489392 -0.453141
0.334353 -0.124365 1.948492 -0.242516 0.704443 -0.489492 -0.453148
0.334820 -0.124705 1.948419 -0.242392 0.704409 -0.489583 -0.453169
0.335278 -0.125044 1.948343 -0.242268 0.704374 -0.489665 -0.453202
0.335729 -0.125382 1.948264 -0.242142 0.704338 -0.489738 -0.453246
0.336173 -0.125719 1.948183 -0.242017 0.704301 -0.489803 -0.453300
0.336608 -0.126053 1.948101 -0.241891 0.704263 -0.489861 -0.453364
0.337035 -0.126386 1.948016 -0.241765 0.704225 -0.489911 -0.453435
0.337455 -0.126717 1.947930 -0.241640 0.704187 -0.489955 -0.453514
0.337866 -0.127045 1.947843 -0.241515 0.704149 -0.489993 -0.453599
0.338270 -0.127370 1.947755 -0.241391 0.704111 -0.490024 -0.453690
0.338667 -0.127692 1.947667 -0.241267 0.704073 -0.490051 -0.453786
0.339056 -0.128012 1.947578 -0.241145 0.704035 -0.490073 -0.453886
0.339437 -0.128328 1.947489 -0.241024 0.703997 -0.490090 -0.453990
0.339811 -0.128641 1.947400 -0.240904 0.703960 -0.490103 -0.454097
0.340179 -0.128950 1.947311 -0.240785 0.703923 -0.490113 -0.454207
0.340538 -0.129256 1.947222 -0.240668 0.703887 -0.490118 -0.454319
0.340891 -0.129558 1.947133 -0.240553 0.703851 -0.490121 -0.454433
0.341238 -0.129856 1.947045 -0.240439 0.703816 -0.490121 -0.454548
0.341577 -0.130150 1.946957 -0.240327 0.703781 -0.490118 -0.454665
0.341910 -0.130440 1.946870 -0.240217 0.703747 -0.490112 -0.454782
0.342237 -0.130727 1.946784 -0.240109 0.703713 -0.490105 -0.454899
0.342557 -0.131009 1.946699 -0.240002 0.703680 -0.490095 -0.455017
0.342871 -0.131287 1.946614 -0.239898 0.703647 -0.490084 -0.455134
0.343178 -0.131561 1.946531 -0.239796 0.703615 -0.490071 -0.455252
0.343480 -0.131830 1.946448 -0.239696 0.703584 -0.490057 -0.455368
0.343776 -0.132095 1.946367 -0.239598 0.703552 -0.490042 -0.455484
0.344066 -0.132356 1.946287 -0.239502 0.703522 -0.490025 -0.455600
0.344351 -0.132613 1.946207 -0.239408 0.703492 -0.490008 -0.455714
0.344630 -0.132866 1.946129 -0.239316 0.703462 -0.489990 -0.455827
0.344980 -0.133113 1.946052 -0.239351 0.703416 -0.489996 -0.455874
0.345372 -0.133354 1.945980 -0.239432 0.703362 -0.490037 -0.455870
0.345788 -0.133592 1.945910 -0.239537 0.703303 -0.490100 -0.455839
0.346216 -0.133827 1.945843 -0.239653 0.703240 -0.490176 -0.455792
0.346651 -0.134058 1.945776 -0.239776 0.703173 -0.490260 -0.455740
0.347086 -0.134287 1.945710 -0.239901 0.703105 -0.490348 -0.455687
0.347519 -0.134515 1.945644 -0.240025 0.703034 -0.490435 -0.455637
0.347948 -0.134740 1.945578 -0.240147 0.702962 -0.490521 -0.455591
0.348372 -0.134962 1.945511 -0.240267 0.702890 -0.490604 -0.455550
0.348790 -0.135183 1.945443 -0.240383 0.702817 -0.490684 -0.455515
0.349201 -0.135402 1.945375 -0.240497 0.702744 -0.490760 -0.455486
0.349606 -0.135619 1.945306 -0.240606 0.702671 -0.490832 -0.455462
0.350003 -0.135833 1.945237 -0.240713 0.702598 -0.490901 -0.455445
0.350394 -0.136045 1.945168 -0.240816 0.702526 -0.490966 -0.455432
0.350778 -0.136254 1.945098 -0.240916 0.702454 -0.491027 -0.455424
0.351154 -0.136462 1.945029 -0.241012 0.702382 -0.491084 -0.455421
0.351524 -0.136666 1.944959 -0.241106 0.702312 -0.491138 -0.455422
0.351887 -0.136868 1.944890 -0.241197 0.702242 -0.491189 -0.455427
0.352243 -0.137067 1.944821 -0.241285 0.702172 -0.491238 -0.455435
0.352592 -0.137264 1.944752 -0.241371 0.702104 -0.491283 -0.455446
0.352935 -0.137458 1.944684 -0.241454 0.702036 -0.491326 -0.455461
0.353272 -0.137649 1.944616 -0.241535 0.701969 -0.491366 -0.455477
0.353602 -0.137837 1.944548 -0.241614 0.701903 -0.491404 -0.455496
0.353925 -0.138023 1.944482 -0.241690 0.701838 -0.491440 -0.455517
0.354243 -0.138205 1.944416 -0.241765 0.701774 -0.491474 -0.455540
0.354554 -0.138385 1.944350 -0.241838 0.701711 -0.491505 -0.455564
0.354860 -0.138562 1.944286 -0.241909 0.701649 -0.491536 -0.455590
0.355160 -0.138735 1.944222 -0.241978 0.701587 -0.491564 -0.455617
0.355454 -0.138906 1.944159 -0.242045 0.701527 -0.491592 -0.455645
0.355742 -0.139074 1.944097 -0.242111 0.701467 -0.491617 -0.455673
0.356025 -0.139240 1.944036 -0.242176 0.701409 -0.491642 -0.455703
0.356303 -0.139402 1.943975 -0.242239 0.701351 -0.491665 -0.455733
0.356575 -0.139561 1.943916 -0.242301 0.701294 -0.491688 -0.455764
0.356842 -0.139718 1.943858 -0.242361 0.701238 -0.491709 -0.455795
0.357104 -0.139871 1.943800 -0.242420 0.701183 -0.491729 -0.455826
0.357362 -0.140022 1.943743 -0.242478 0.701128 -0.491749 -0.455858
0.357614 -0.140170 1.943688 -0.242535 0.701075 -0.491767 -0.455890
0.357861 -0.140315 1.943633 -0.242591 0.701022 -0.491785 -0.455922
0.358104 -0.140457 1.943580 -0.242646 0.700971 -0.491803 -0.455953
0.358342 -0.140597 1.943527 -0.242700 0.700920 -0.491819 -0.455985
0.358640 -0.140744 1.943482 -0.242835 0.700860 -0.491865 -0.455956
0.358973 -0.140902 1.943443 -0.242994 0.700803 -0.491936 -0.455882
0.359326 -0.141069 1.943404 -0.243159 0.700749 -0.492020 -0.455786
0.359687 -0.141247 1.943365 -0.243324 0.700700 -0.492106 -0.455681
0.360052 -0.141434 1.943324 -0.243484 0.700654 -0.492187 -0.455577
0.360416 -0.141631 1.943280 -0.243636 0.700614 -0.492260 -0.455479
0.360775 -0.141836 1.943232 -0.243779 0.700578 -0.492322 -0.455392
0.361128 -0.142050 1.943182 -0.243912 0.700546 -0.492372 -0.455316
0.361475 -0.142272 1.943128 -0.244034 0.700519 -0.492409 -0.455252
0.361814 -0.142500 1.943072 -0.244147 0.700495 -0.492434 -0.455201
0.362145 -0.142734 1.943012 -0.244251 0.700476 -0.492446 -0.455161
0.362469 -0.142974 1.942951 -0.244345 0.700460 -0.492448 -0.455134
0.362784 -0.143219 1.942887 -0.244430 0.700447 -0.492438 -0.455118
0.363108 -0.143460 1.942831 -0.244532 0.700410 -0.492470 -0.455086
0.363433 -0.143697 1.942781 -0.244642 0.700358 -0.492523 -0.455049
0.363755 -0.143931 1.942733 -0.244753 0.700298 -0.492585 -0.455015
0.364073 -0.144162 1.942686 -0.244862 0.700236 -0.492646 -0.454986
0.364383 -0.144391 1.942639 -0.244966 0.700175 -0.492701 -0.454964
0.364685 -0.144618 1.942590 -0.245063 0.700118 -0.492745 -0.454951
0.364979 -0.144844 1.942540 -0.245152 0.700067 -0.492779 -0.454947
0.365264 -0.145069 1.942487 -0.245233 0.700021 -0.492800 -0.454950
0.365542 -0.145294 1.942433 -0.245307 0.699982 -0.492809 -0.454961
0.365810 -0.145518 1.942377 -0.245373 0.699948 -0.492808 -0.454979
0.366072 -0.145743 1.942319 -0.245433 0.699919 -0.492797 -0.455003
0.366326 -0.145967 1.942261 -0.245486 0.699895 -0.492776 -0.455033
0.366568 -0.146193 1.942198 -0.245526 0.699884 -0.492734 -0.455074
0.366801 -0.146421 1.942133 -0.245556 0.699883 -0.492675 -0.455123
0.367026 -0.146651 1.942066 -0.245579 0.699888 -0.492605 -0.455179
0.367244 -0.146882 1.941997 -0.245596 0.699898 -0.492527 -0.455239
0.367455 -0.147114 1.941929 -0.245608 0.699912 -0.492442 -0.455303
0.367639 -0.147356 1.941848 -0.245600 0.699982 -0.492304 -0.455349
0.367810 -0.147601 1.941768 -0.245596 0.700069 -0.492165 -0.455368
0.367966 -0.147848 1.941691 -0.245594 0.700169 -0.492020 -0.455372
0.368109 -0.148095 1.941618 -0.245592 0.700279 -0.491871 -0.455364
0.368241 -0.148341 1.941550 -0.245589 0.700396 -0.491721 -0.455348
0.368365 -0.148586 1.941488 -0.245586 0.700515 -0.491574 -0.455326
0.368483 -0.148829 1.941430 -0.245582 0.700634 -0.491430 -0.455300
0.368596 -0.149069 1.941378 -0.245579 0.700752 -0.491290 -0.455271
0.368705 -0.149305 1.941331 -0.245575 0.700868 -0.491155 -0.455240
0.368811 -0.149539 1.941288 -0.245571 0.700982 -0.491026 -0.455206
0.368987 -0.149797 1.941220 -0.245680 0.701132 -0.490905 -0.455047
0.369206 -0.150073 1.941147 -0.245842 0.701292 -0.490803 -0.454822
0.369451 -0.150361 1.941078 -0.246028 0.701452 -0.490722 -0.454561
0.369713 -0.150659 1.941015 -0.246224 0.701608 -0.490660 -0.454282
0.369987 -0.150964 1.940957 -0.246416 0.701761 -0.490615 -0.453991
0.370272 -0.151275 1.940904 -0.246597 0.701905 -0.490588 -0.453700
0.370564 -0.151591 1.940853 -0.246773 0.702040 -0.490570 -0.453414
0.370858 -0.151911 1.940803 -0.246943 0.702169 -0.490555 -0.453137
0.371143 -0.152240 1.940749 -0.247122 0.702297 -0.490532 -0.452866
0.371418 -0.152574 1.940695 -0.247303 0.702422 -0.490508 -0.452599
0.371681 -0.152914 1.940641 -0.247481 0.702548 -0.490480 -0.452337
0.371931 -0.153257 1.940586 -0.247654 0.702676 -0.490444 -0.452081
0.372166 -0.153606 1.940529 -0.247818 0.702814 -0.490399 -0.451828
0.372385 -0.153958 1.940472 -0.247974 0.702958 -0.490342 -0.451579
0.372589 -0.154313 1.940413 -0.248122 0.703109 -0.490275 -0.451335
0.372779 -0.154670 1.940355 -0.248260 0.703267 -0.490197 -0.451097
0.372956 -0.155029 1.940297 -0.248389 0.703432 -0.490111 -0.450864
0.373122 -0.155389 1.940239 -0.248510 0.703602 -0.490015 -0.450636
0.373273 -0.155751 1.940177 -0.248606 0.703795 -0.489907 -0.450399
0.373408 -0.156114 1.940112 -0.248690 0.704001 -0.489775 -0.450174
0.373529 -0.156479 1.940045 -0.248762 0.704217 -0.489624 -0.449961
0.373639 -0.156844 1.939978 -0.248824 0.704439 -0.489458 -0.449758
0.373738 -0.157210 1.939911 -0.248878 0.704667 -0.489280 -0.449566
0.373828 -0.157576 1.939844 -0.248924 0.704897 -0.489094 -0.449383
0.373911 -0.157941 1.939778 -0.248964 0.705128 -0.488901 -0.449207
0.373987 -0.158305 1.939714 -0.248998 0.705360 -0.488703 -0.449039
0.374058 -0.158668 1.939650 -0.249027 0.705593 -0.488501 -0.448877
0.374123 -0.159030 1.939589 -0.249051 0.705825 -0.488297 -0.448722
0.374184 -0.159390 1.939528 -0.249070 0.706056 -0.488091 -0.448572
0.374241 -0.159747 1.939469 -0.249085 0.706286 -0.487883 -0.448426
0.374298 -0.160102 1.939415 -0.249108 0.706499 -0.487682 -0.448297
0.374354 -0.160452 1.939364 -0.249134 0.706699 -0.487485 -0.448182
0.374408 -0.160799 1.939317 -0.249163 0.706887 -0.487293 -0.448079
0.374462 -0.161142 1.939273 -0.249194 0.707066 -0.487104 -0.447985
0.374514 -0.161480 1.939231 -0.249224 0.707237 -0.486918 -0.447899
0.374564 -0.161815 1.939191 -0.249254 0.707404 -0.486735 -0.447818
0.374614 -0.162145 1.939153 -0.249282 0.707566 -0.486556 -0.447741
0.374662 -0.162470 1.939117 -0.249309 0.707726 -0.486379 -0.447666
0.374709 -0.162792 1.939081 -0.249334 0.707883 -0.486204 -0.447593
0.374754 -0.163109 1.939046 -0.249356 0.708039 -0.486032 -0.447522
0.374837 -0.163451 1.938988 -0.249476 0.708208 -0.485824 -0.447413
0.374941 -0.163814 1.938924 -0.249640 0.708379 -0.485602 -0.447292
0.375054 -0.164193 1.938863 -0.249822 0.708545 -0.485377 -0.447172
0.375171 -0.164586 1.938806 -0.250010 0.708705 -0.485152 -0.447057
0.375289 -0.164991 1.938754 -0.250198 0.708862 -0.484926 -0.446948
0.375406 -0.165406 1.938706 -0.250383 0.709016 -0.484700 -0.446846
0.375521 -0.165830 1.938662 -0.250560 0.709169 -0.484472 -0.446750
0.375632 -0.166263 1.938621 -0.250729 0.709324 -0.484242 -0.446659
0.375738 -0.166702 1.938581 -0.250885 0.709486 -0.484008 -0.446568
0.375838 -0.167149 1.938541 -0.251021 0.709665 -0.483773 -0.446461
0.375934 -0.167600 1.938501 -0.251147 0.709852 -0.483532 -0.446353
0.376024 -0.168056 1.938461 -0.251262 0.710048 -0.483285 -0.446246
0.376108 -0.168516 1.938422 -0.251365 0.710250 -0.483031 -0.446140
0.376186 -0.168979 1.938384 -0.251457 0.710461 -0.482770 -0.446036
0.376257 -0.169443 1.938345 -0.251539 0.710677 -0.482503 -0.445934
0.376322 -0.169910 1.938307 -0.251609 0.710900 -0.482229 -0.445836
0.376381 -0.170378 1.938268 -0.251670 0.711128 -0.481948 -0.445741
0.376435 -0.170847 1.938230 -0.251720 0.711361 -0.481663 -0.445650
0.376485 -0.171315 1.938195 -0.251773 0.711584 -0.481372 -0.445578
0.376531 -0.171782 1.938162 -0.251823 0.711800 -0.481080 -0.445520
0.376573 -0.172248 1.938130 -0.251868 0.712014 -0.480785 -0.445471
0.376611 -0.172712 1.938099 -0.251907 0.712226 -0.480489 -0.445430
0.376645 -0.173175 1.938068 -0.251939 0.712437 -0.480191 -0.445395
0.376675 -0.173635 1.938037 -0.251965 0.712648 -0.479892 -0.445366
0.376701 -0.174093 1.938006 -0.251984 0.712860 -0.479591 -0.445340
0.376724 -0.174549 1.937975 -0.251996 0.713072 -0.479290 -0.445317
0.376745 -0.175001 1.937943 -0.252003 0.713285 -0.478989 -0.445296
0.376763 -0.175450 1.937911 -0.252005 0.713499 -0.478687 -0.445277
0.376779 -0.175896 1.937879 -0.252001 0.713713 -0.478387 -0.445259
0.376793 -0.176338 1.937847 -0.251992 0.713927 -0.478087 -0.445243
0.376804 -0.176776 1.937815 -0.251979 0.714141 -0.477788 -0.445227
0.376814 -0.177210 1.937783 -0.251962 0.714355 -0.477491 -0.445212
0.376823 -0.177639 1.937751 -0.251941 0.714569 -0.477195 -0.445199
0.376830 -0.178064 1.937720 -0.251916 0.714782 -0.476901 -0.445185
0.376835 -0.178484 1.937689 -0.251889 0.714995 -0.476609 -0.445173
0.376839 -0.178900 1.937658 -0.251858 0.715206 -0.476319 -0.445161
0.376842 -0.179311 1.937627 -0.251824 0.715417 -0.476031 -0.445150
0.376844 -0.179716 1.937597 -0.251788 0.715626 -0.475746 -0.445139
0.376846 -0.180117 1.937567 -0.251749 0.715834 -0.475463 -0.445128
0.376847 -0.180512 1.937540 -0.251714 0.716033 -0.475184 -0.445125
0.376893 -0.180944 1.937491 -0.251785 0.716232 -0.474886 -0.445083
0.376961 -0.181407 1.937440 -0.251906 0.716422 -0.474584 -0.445031
0.377039 -0.181894 1.937391 -0.252040 0.716609 -0.474282 -0.444976
0.377117 -0.182405 1.937342 -0.252162 0.716811 -0.473977 -0.444907
0.377192 -0.182936 1.937294 -0.252269 0.717026 -0.473668 -0.444829
0.377264 -0.183483 1.937249 -0.252369 0.717242 -0.473352 -0.444761
0.377331 -0.184046 1.937207 -0.252456 0.717461 -0.473029 -0.444701
0.377392 -0.184622 1.937165 -0.252530 0.717687 -0.472697 -0.444648
0.377445 -0.185210 1.937121 -0.252576 0.717937 -0.472355 -0.444582
0.377489 -0.185810 1.937074 -0.252602 0.718203 -0.472001 -0.444512
0.377528 -0.186417 1.937029 -0.252621 0.718469 -0.471641 -0.444455
0.377562 -0.187032 1.936984 -0.252630 0.718736 -0.471273 -0.444407
0.377590 -0.187654 1.936940 -0.252628 0.719007 -0.470899 -0.444367
0.377612 -0.188280 1.936895 -0.252615 0.719282 -0.470518 -0.444333
0.377629 -0.188910 1.936849 -0.252590 0.719562 -0.470131 -0.444303
0.377636 -0.189544 1.936799 -0.252542 0.719863 -0.469734 -0.444263
0.377640 -0.190179 1.936750 -0.252490 0.720162 -0.469333 -0.444232
0.377640 -0.190816 1.936701 -0.252432 0.720461 -0.468928 -0.444208
0.377635 -0.191453 1.936653 -0.252366 0.720761 -0.468521 -0.444190
0.377626 -0.192090 1.936604 -0.252292 0.721061 -0.468110 -0.444176
0.377614 -0.192725 1.936555 -0.252212 0.721363 -0.467698 -0.444165
0.377598 -0.193359 1.936506 -0.252124 0.721667 -0.467284 -0.444158
0.377578 -0.193990 1.936456 -0.252031 0.721971 -0.466868 -0.444154
0.377557 -0.194617 1.936409 -0.251940 0.722264 -0.466453 -0.444164
0.377535 -0.195240 1.936365 -0.251851 0.722551 -0.466040 -0.444182
0.377510 -0.195859 1.936322 -0.251760 0.722832 -0.465629 -0.444207
0.377478 -0.196475 1.936274 -0.251641 0.723141 -0.465213 -0.444207
0.377446 -0.197085 1.936228 -0.251529 0.723439 -0.464799 -0.444220
0.377414 -0.197690 1.936184 -0.251421 0.723727 -0.464388 -0.444242
0.377381 -0.198289 1.936143 -0.251315 0.724006 -0.463982 -0.444271
0.377348 -0.198881 1.936104 -0.251210 0.724278 -0.463582 -0.444306
0.377314 -0.199466 1.936067 -0.251105 0.724544 -0.463187 -0.444344
0.377279 -0.200045 1.936032 -0.250999 0.724804 -0.462797 -0.444384
0.377245 -0.200617 1.935997 -0.250893 0.725061 -0.462413 -0.444425
0.377210 -0.201181 1.935964 -0.250787 0.725313 -0.462034 -0.444467
0.377174 -0.201738 1.935932 -0.250679 0.725563 -0.461660 -0.444509
0.377139 -0.202288 1.935901 -0.250571 0.725809 -0.461292 -0.444551
0.377103 -0.202830 1.935871 -0.250461 0.726052 -0.460929 -0.444593
0.377067 -0.203363 1.935841 -0.250351 0.726292 -0.460570 -0.444633
0.377023 -0.203891 1.935805 -0.250210 0.726565 -0.460207 -0.444643
0.377012 -0.204449 1.935752 -0.250161 0.726834 -0.459795 -0.444658
0.377013 -0.205033 1.935696 -0.250138 0.727107 -0.459358 -0.444676
0.377015 -0.205641 1.935640 -0.250112 0.727391 -0.458906 -0.444693
0.377015 -0.206271 1.935586 -0.250070 0.727688 -0.458441 -0.444711
0.377010 -0.206920 1.935533 -0.250008 0.727997 -0.457965 -0.444730
0.376999 -0.207587 1.935482 -0.249927 0.728317 -0.457478 -0.444751
0.376981 -0.208269 1.935432 -0.249831 0.728644 -0.456979 -0.444783
0.376961 -0.208964 1.935388 -0.249735 0.728960 -0.456473 -0.444838
0.376936 -0.209671 1.935348 -0.249636 0.729268 -0.455963 -0.444912
0.376908 -0.210386 1.935312 -0.249531 0.729570 -0.455451 -0.445001
0.376875 -0.211109 1.935278 -0.249421 0.729868 -0.454936 -0.445101
0.376837 -0.211838 1.935245 -0.249304 0.730164 -0.454419 -0.445210
0.376795 -0.212571 1.935214 -0.249179 0.730459 -0.453900 -0.445325
0.376749 -0.213307 1.935184 -0.249048 0.730753 -0.453380 -0.445447
0.376698 -0.214046 1.935154 -0.248909 0.731047 -0.452858 -0.445572
0.376643 -0.214785 1.935124 -0.248764 0.731341 -0.452335 -0.445702
0.376574 -0.215527 1.935083 -0.248568 0.731686 -0.451797 -0.445790
0.376496 -0.216269 1.935036 -0.248349 0.732056 -0.451244 -0.445864
0.376418 -0.217009 1.934991 -0.248144 0.732409 -0.450688 -0.445962
0.376339 -0.217746 1.934949 -0.247945 0.732746 -0.450135 -0.446078
0.376259 -0.218480 1.934911 -0.247750 0.733070 -0.449587 -0.446206
0.376179 -0.219209 1.934875 -0.247558 0.733385 -0.449045 -0.446342
0.376098 -0.219934 1.934841 -0.247365 0.733691 -0.448510 -0.446483
0.376016 -0.220653 1.934808 -0.247173 0.733991 -0.447981 -0.446627
0.375934 -0.221366 1.934776 -0.246981 0.734285 -0.447459 -0.446773
0.375851 -0.222073 1.934746 -0.246787 0.734576 -0.446943 -0.446919
0.375767 -0.222772 1.934716 -0.246592 0.734862 -0.446433 -0.447065
0.375683 -0.223464 1.934686 -0.246396 0.735146 -0.445930 -0.447210
0.375599 -0.224148 1.934657 -0.246198 0.735426 -0.445432 -0.447353
0.375503 -0.224825 1.934617 -0.245956 0.735755 -0.444923 -0.447453
0.375410 -0.225494 1.934579 -0.245726 0.736070 -0.444416 -0.447565
0.375318 -0.226155 1.934543 -0.245505 0.736371 -0.443917 -0.447686
0.375229 -0.226807 1.934510 -0.245290 0.736661 -0.443426 -0.447813
0.375140 -0.227450 1.934478 -0.245079 0.736942 -0.442945 -0.447943
0.375053 -0.228084 1.934448 -0.244872 0.737215 -0.442472 -0.448074
0.374957 -0.228710 1.934409 -0.244626 0.737527 -0.441992 -0.448169
0.374865 -0.229327 1.934372 -0.244396 0.737822 -0.441518 -0.448275
0.374776 -0.229934 1.934338 -0.244177 0.738103 -0.441054 -0.448390
0.374689 -0.230531 1.934307 -0.243965 0.738371 -0.440600 -0.448510
0.374604 -0.231119 1.934278 -0.243758 0.738629 -0.440157 -0.448633
0.374549 -0.231733 1.934229 -0.243616 0.738905 -0.439671 -0.448731
0.374504 -0.232369 1.934171 -0.243490 0.739194 -0.439164 -0.448820
0.374465 -0.233024 1.934112 -0.243364 0.739490 -0.438646 -0.448908
0.374426 -0.233697 1.934054 -0.243231 0.739789 -0.438123 -0.448999
0.374379 -0.234387 1.933992 -0.243061 0.740119 -0.437588 -0.449068
0.374325 -0.235091 1.933928 -0.242866 0.740468 -0.437042 -0.449129
0.374271 -0.235808 1.933869 -0.242673 0.740804 -0.436496 -0.449210
0.374216 -0.236536 1.933815 -0.242479 0.741130 -0.435953 -0.449306
0.374158 -0.237272 1.933763 -0.242282 0.741447 -0.435412 -0.449413
0.374098 -0.238014 1.933715 -0.242082 0.741757 -0.434875 -0.449528
0.374035 -0.238761 1.933669 -0.241878 0.742063 -0.434342 -0.449650
0.373969 -0.239511 1.933624 -0.241669 0.742364 -0.433811 -0.449777
0.373901 -0.240263 1.933581 -0.241457 0.742662 -0.433283 -0.449908
0.373829 -0.241016 1.933540 -0.241239 0.742957 -0.432758 -0.450042
0.373754 -0.241767 1.933499 -0.241018 0.743250 -0.432236 -0.450179
0.373677 -0.242517 1.933459 -0.240793 0.743541 -0.431717 -0.450317
0.373597 -0.243264 1.933419 -0.240564 0.743830 -0.431201 -0.450457
0.373515 -0.244007 1.933380 -0.240332 0.744117 -0.430688 -0.450598
0.373420 -0.244747 1.933330 -0.240054 0.744452 -0.430159 -0.450699
0.373326 -0.245482 1.933283 -0.239787 0.744772 -0.429632 -0.450814
0.373232 -0.246212 1.933238 -0.239528 0.745079 -0.429111 -0.450941
0.373138 -0.246935 1.933195 -0.239273 0.745376 -0.428596 -0.451075
0.373044 -0.247651 1.933154 -0.239021 0.745664 -0.428090 -0.451214
0.372951 -0.248360 1.933115 -0.238772 0.745944 -0.427591 -0.451355
0.372857 -0.249061 1.933077 -0.238524 0.746218 -0.427100 -0.451498
0.372764 -0.249754 1.933041 -0.238278 0.746486 -0.426617 -0.451642
0.372671 -0.250438 1.933005 -0.238033 0.746749 -0.426142 -0.451785
0.372578 -0.251113 1.932970 -0.237790 0.747007 -0.425674 -0.451927
0.372475 -0.251780 1.932925 -0.237505 0.747309 -0.425193 -0.452030
0.372376 -0.252438 1.932883 -0.237236 0.747595 -0.424718 -0.452146
0.372278 -0.253086 1.932843 -0.236977 0.747866 -0.424253 -0.452270
0.372183 -0.253725 1.932805 -0.236726 0.748126 -0.423797 -0.452398
0.372090 -0.254353 1.932770 -0.236481 0.748376 -0.423352 -0.452530
0.371999 -0.254972 1.932736 -0.236241 0.748617 -0.422917 -0.452663
0.371910 -0.255581 1.932704 -0.236005 0.748851 -0.422492 -0.452796
0.371823 -0.256179 1.932673 -0.235774 0.749079 -0.422076 -0.452928
0.371737 -0.256767 1.932644 -0.235546 0.749301 -0.421669 -0.453058
0.371652 -0.257345 1.932615 -0.235321 0.749518 -0.421270 -0.453187
0.371570 -0.257912 1.932587 -0.235099 0.749730 -0.420880 -0.453313
0.371489 -0.258469 1.932559 -0.234880 0.749938 -0.420497 -0.453438
0.371426 -0.259051 1.932523 -0.234693 0.750166 -0.420067 -0.453557
0.371370 -0.259654 1.932487 -0.234510 0.750404 -0.419612 -0.453679
0.371313 -0.260278 1.932450 -0.234305 0.750665 -0.419139 -0.453790
0.371254 -0.260921 1.932413 -0.234079 0.750941 -0.418654 -0.453898
0.371191 -0.261580 1.932378 -0.233833 0.751227 -0.418162 -0.454006
0.371124 -0.262254 1.932345 -0.233571 0.751518 -0.417664 -0.454116
0.371057 -0.262942 1.932318 -0.233311 0.751793 -0.417171 -0.454248
0.370989 -0.263641 1.932299 -0.233050 0.752053 -0.416685 -0.454398
0.370920 -0.264351 1.932284 -0.232785 0.752301 -0.416206 -0.454562
0.370849 -0.265068 1.932272 -0.232517 0.752541 -0.415733 -0.454735
0.370776 -0.265792 1.932263 -0.232246 0.752774 -0.415265 -0.454915
0.370702 -0.266520 1.932256 -0.231973 0.753001 -0.414803 -0.455100
0.370625 -0.267250 1.932250 -0.231697 0.753224 -0.414346 -0.455289
0.370547 -0.267981 1.932245 -0.231419 0.753443 -0.413892 -0.455480
0.370466 -0.268712 1.932241 -0.231139 0.753659 -0.413443 -0.455674
0.370383 -0.269441 1.932237 -0.230858 0.753872 -0.412997 -0.455868
0.370299 -0.270168 1.932232 -0.230574 0.754082 -0.412554 -0.456064
0.370213 -0.270892 1.932228 -0.230290 0.754290 -0.412115 -0.456260
0.370125 -0.271610 1.932224 -0.230005 0.754496 -0.411680 -0.456456
0.370036 -0.272324 1.932220 -0.229719 0.754700 -0.411249 -0.456652
0.369945 -0.273031 1.932215 -0.229433 0.754902 -0.410821 -0.456847
0.369854 -0.273732 1.932210 -0.229147 0.755102 -0.410398 -0.457041
0.369752 -0.274426 1.932195 -0.228822 0.755343 -0.409959 -0.457200
0.369652 -0.275114 1.932182 -0.228511 0.755570 -0.409524 -0.457370
0.369553 -0.275793 1.932170 -0.228210 0.755785 -0.409096 -0.457547
0.369455 -0.276464 1.932160 -0.227916 0.755991 -0.408676 -0.457729
0.369358 -0.277127 1.932151 -0.227628 0.756189 -0.408263 -0.457913
0.369262 -0.277782 1.932143 -0.227345 0.756380 -0.407859 -0.458099
0.369168 -0.278427 1.932136 -0.227067 0.756565 -0.407462 -0.458285
0.369074 -0.279062 1.932129 -0.226792 0.756745 -0.407073 -0.458469
0.368981 -0.279688 1.932123 -0.226522 0.756920 -0.406691 -0.458652
0.368890 -0.280304 1.932117 -0.226255 0.757092 -0.406317 -0.458833
0.368799 -0.280910 1.932112 -0.225992 0.757259 -0.405948 -0.459012
0.368710 -0.281506 1.932107 -0.225732 0.757424 -0.405587 -0.459188
0.368622 -0.282092 1.932102 -0.225476 0.757585 -0.405232 -0.459361
0.368535 -0.282667 1.932097 -0.225223 0.757743 -0.404883 -0.459532
0.368449 -0.283233 1.932092 -0.224973 0.757898 -0.404541 -0.459699
0.368365 -0.283788 1.932087 -0.224728 0.758051 -0.404205 -0.459864
0.368282 -0.284333 1.932082 -0.224485 0.758201 -0.403875 -0.460025
0.368191 -0.284868 1.932069 -0.224211 0.758385 -0.403533 -0.460155
0.368102 -0.285424 1.932067 -0.223925 0.758571 -0.403154 -0.460321
0.368015 -0.285999 1.932073 -0.223629 0.758754 -0.402756 -0.460510
0.367930 -0.286593 1.932087 -0.223325 0.758934 -0.402352 -0.460715
0.367846 -0.287201 1.932106 -0.223014 0.759110 -0.401946 -0.460930
0.367762 -0.287823 1.932130 -0.222698 0.759281 -0.401542 -0.461152
0.367670 -0.288455 1.932150 -0.222350 0.759479 -0.401129 -0.461354
0.367581 -0.289095 1.932175 -0.222007 0.759664 -0.400721 -0.461569
0.367492 -0.289742 1.932202 -0.221669 0.759838 -0.400320 -0.461794
0.367403 -0.290394 1.932233 -0.221333 0.760003 -0.399925 -0.462025
0.367314 -0.291048 1.932265 -0.220999 0.760160 -0.399536 -0.462263
0.367225 -0.291703 1.932299 -0.220667 0.760311 -0.399154 -0.462504
0.367135 -0.292358 1.932333 -0.220336 0.760456 -0.398777 -0.462747
0.367045 -0.293011 1.932368 -0.220007 0.760597 -0.398405 -0.462992
0.366954 -0.293662 1.932402 -0.219679 0.760735 -0.398038 -0.463238
0.366862 -0.294309 1.932436 -0.219353 0.760869 -0.397675 -0.463484
0.366761 -0.294951 1.932461 -0.218992 0.761038 -0.397298 -0.463700
0.366663 -0.295589 1.932487 -0.218646 0.761194 -0.396926 -0.463926
0.366565 -0.296221 1.932513 -0.218310 0.761341 -0.396559 -0.464158
0.366468 -0.296848 1.932540 -0.217983 0.761478 -0.396198 -0.464394
0.366373 -0.297467 1.932568 -0.217661 0.761609 -0.395845 -0.464632
0.366278 -0.298080 1.932596 -0.217346 0.761733 -0.395497 -0.464870
0.366184 -0.298685 1.932624 -0.217036 0.761854 -0.395156 -0.465108
0.366090 -0.299282 1.932652 -0.216731 0.761970 -0.394822 -0.465345
0.365998 -0.299871 1.932680 -0.216430 0.762083 -0.394492 -0.465579
0.365906 -0.300452 1.932707 -0.216133 0.762193 -0.394168 -0.465811
0.365816 -0.301024 1.932733 -0.215841 0.762300 -0.393850 -0.466040
0.365726 -0.301587 1.932759 -0.215554 0.762406 -0.393536 -0.466266
0.365637 -0.302141 1.932785 -0.215270 0.762509 -0.393228 -0.466488
0.365550 -0.302686 1.932810 -0.214991 0.762610 -0.392924 -0.466707
0.365463 -0.303222 1.932834 -0.214715 0.762710 -0.392626 -0.466922
0.365378 -0.303748 1.932858 -0.214444 0.762808 -0.392332 -0.467133
0.365285 -0.304265 1.932873 -0.214141 0.762941 -0.392027 -0.467312
0.365195 -0.304773 1.932888 -0.213854 0.763063 -0.391726 -0.467496
0.365109 -0.305273 1.932904 -0.213579 0.763175 -0.391432 -0.467684
0.365024 -0.305764 1.932921 -0.213314 0.763280 -0.391145 -0.467875
0.364942 -0.306246 1.932940 -0.213057 0.763377 -0.390865 -0.468066
0.364863 -0.306719 1.932958 -0.212807 0.763470 -0.390593 -0.468257
0.364785 -0.307182 1.932978 -0.212563 0.763558 -0.390326 -0.468446
0.364709 -0.307637 1.932997 -0.212325 0.763642 -0.390066 -0.468633
0.364635 -0.308083 1.933016 -0.212093 0.763724 -0.389812 -0.468817
0.364568 -0.308549 1.933054 -0.211898 0.763787 -0.389506 -0.469056
0.364500 -0.309033 1.933108 -0.211707 0.763845 -0.389173 -0.469324
0.364431 -0.309533 1.933175 -0.211516 0.763897 -0.388831 -0.469609
0.364356 -0.310045 1.933249 -0.211300 0.763962 -0.388479 -0.469891
0.364276 -0.310570 1.933327 -0.211069 0.764035 -0.388123 -0.470172
0.364192 -0.311103 1.933409 -0.210826 0.764111 -0.387764 -0.470452
0.364110 -0.311644 1.933499 -0.210594 0.764171 -0.387413 -0.470748
0.364028 -0.312190 1.933595 -0.210369 0.764216 -0.387072 -0.471056
0.363947 -0.312740 1.933695 -0.210148 0.764250 -0.386740 -0.471372
0.363865 -0.313292 1.933798 -0.209930 0.764276 -0.386416 -0.471694
0.363784 -0.313844 1.933903 -0.209714 0.764294 -0.386101 -0.472018
0.363703 -0.314395 1.934009 -0.209501 0.764308 -0.385792 -0.472343
0.363622 -0.314944 1.934114 -0.209288 0.764318 -0.385489 -0.472668
0.363533 -0.315490 1.934211 -0.209042 0.764360 -0.385178 -0.472962
0.363446 -0.316033 1.934308 -0.208809 0.764392 -0.384870 -0.473264
0.363360 -0.316572 1.934405 -0.208585 0.764415 -0.384568 -0.473570
0.363276 -0.317106 1.934502 -0.208368 0.764433 -0.384271 -0.473879
0.363192 -0.317635 1.934599 -0.208156 0.764445 -0.383980 -0.474188
0.363109 -0.318158 1.934694 -0.207948 0.764454 -0.383695 -0.474495
0.363027 -0.318675 1.934789 -0.207743 0.764461 -0.383415 -0.474800
0.362938 -0.319184 1.934873 -0.207506 0.764501 -0.383127 -0.475072
0.362852 -0.319688 1.934958 -0.207284 0.764531 -0.382843 -0.475350
0.362769 -0.320185 1.935042 -0.207072 0.764554 -0.382563 -0.475630
0.362687 -0.320674 1.935126 -0.206868 0.764570 -0.382290 -0.475912
0.362607 -0.321157 1.935209 -0.206671 0.764582 -0.382024 -0.476192
0.362528 -0.321632 1.935292 -0.206479 0.764590 -0.381763 -0.476471
0.362451 -0.322099 1.935374 -0.206292 0.764596 -0.381509 -0.476747
0.362376 -0.322558 1.935454 -0.206109 0.764600 -0.381260 -0.477018
0.362302 -0.323010 1.935533 -0.205930 0.764603 -0.381017 -0.477285
0.362230 -0.323454 1.935610 -0.205754 0.764605 -0.380778 -0.477548
0.362159 -0.323889 1.935687 -0.205581 0.764608 -0.380545 -0.477805
0.362090 -0.324317 1.935761 -0.205411 0.764610 -0.380315 -0.478057
0.362022 -0.324737 1.935834 -0.205244 0.764613 -0.380090 -0.478303
0.361955 -0.325149 1.935905 -0.205080 0.764616 -0.379869 -0.478544
0.361882 -0.325553 1.935967 -0.204884 0.764653 -0.379638 -0.478751
0.361811 -0.325949 1.936029 -0.204703 0.764683 -0.379411 -0.478961
0.361744 -0.326338 1.936090 -0.204531 0.764706 -0.379188 -0.479174
0.361678 -0.326720 1.936152 -0.204367 0.764725 -0.378970 -0.479387
0.361615 -0.327094 1.936213 -0.204209 0.764739 -0.378759 -0.479598
0.361554 -0.327461 1.936274 -0.204056 0.764751 -0.378552 -0.479808
0.361500 -0.327850 1.936341 -0.203921 0.764761 -0.378272 -0.480070
0.361448 -0.328261 1.936412 -0.203780 0.764780 -0.377955 -0.480349
0.361395 -0.328692 1.936484 -0.203620 0.764814 -0.377618 -0.480628
0.361338 -0.329142 1.936556 -0.203444 0.764859 -0.377271 -0.480903
0.361278 -0.329608 1.936628 -0.203253 0.764913 -0.376921 -0.481173
0.361216 -0.330087 1.936700 -0.203050 0.764972 -0.376569 -0.481440
0.361149 -0.330577 1.936772 -0.202839 0.765034 -0.376218 -0.481704
0.361083 -0.331077 1.936846 -0.202634 0.765084 -0.375874 -0.481979
0.361016 -0.331583 1.936923 -0.202433 0.765124 -0.375538 -0.482263
0.360948 -0.332095 1.937002 -0.202235 0.765154 -0.375209 -0.482554
0.360880 -0.332610 1.937082 -0.202039 0.765177 -0.374888 -0.482849
0.360811 -0.333127 1.937162 -0.201846 0.765194 -0.374574 -0.483147
0.360741 -0.333644 1.937243 -0.201653 0.765206 -0.374266 -0.483447
0.360670 -0.334161 1.937323 -0.201462 0.765214 -0.373964 -0.483747
0.360599 -0.334675 1.937403 -0.201272 0.765220 -0.373667 -0.484047
0.360528 -0.335188 1.937481 -0.201083 0.765223 -0.373375 -0.484345
0.360455 -0.335697 1.937559 -0.200895 0.765225 -0.373088 -0.484641
0.360383 -0.336202 1.937635 -0.200709 0.765226 -0.372805 -0.484934
0.360310 -0.336702 1.937710 -0.200523 0.765227 -0.372526 -0.485224
0.360237 -0.337198 1.937784 -0.200338 0.765227 -0.372251 -0.485511
0.360164 -0.337687 1.937856 -0.200154 0.765228 -0.371980 -0.485794
0.360091 -0.338172 1.937927 -0.199972 0.765228 -0.371712 -0.486073
0.360018 -0.338650 1.937996 -0.199791 0.765229 -0.371449 -0.486348
0.359945 -0.339121 1.938064 -0.199611 0.765230 -0.371189 -0.486618
0.359873 -0.339586 1.938130 -0.199433 0.765232 -0.370932 -0.486884
0.359801 -0.340045 1.938195 -0.199256 0.765234 -0.370680 -0.487145
0.359729 -0.340496 1.938258 -0.199081 0.765237 -0.370431 -0.487400
0.359659 -0.340940 1.938320 -0.198907 0.765241 -0.370187 -0.487652
0.359588 -0.341377 1.938381 -0.198735 0.765245 -0.369946 -0.487898
0.359519 -0.341808 1.938441 -0.198565 0.765250 -0.369708 -0.488139
0.359450 -0.342230 1.938499 -0.198398 0.765256 -0.369475 -0.488375
0.359382 -0.342646 1.938555 -0.198232 0.765262 -0.369245 -0.488607
0.359316 -0.343054 1.938611 -0.198068 0.765268 -0.369020 -0.488833
0.359249 -0.343455 1.938665 -0.197906 0.765276 -0.368798 -0.489055
0.359184 -0.343849 1.938719 -0.197746 0.765283 -0.368580 -0.489272
0.359120 -0.344235 1.938771 -0.197589 0.765291 -0.368365 -0.489484
0.359057 -0.344615 1.938822 -0.197434 0.765300 -0.368154 -0.489692
0.358995 -0.344987 1.938872 -0.197280 0.765309 -0.367947 -0.489895
0.358934 -0.345352 1.938920 -0.197130 0.765319 -0.367744 -0.490094
0.358874 -0.345710 1.938968 -0.196981 0.765328 -0.367544 -0.490288
0.358817 -0.346076 1.939027 -0.196840 0.765362 -0.367234 -0.490525
0.358757 -0.346452 1.939094 -0.196678 0.765423 -0.366868 -0.490768
0.358694 -0.346838 1.939167 -0.196495 0.765506 -0.366471 -0.491008
0.358628 -0.347234 1.939246 -0.196294 0.765604 -0.366060 -0.491243
0.358560 -0.347638 1.939330 -0.196082 0.765709 -0.365646 -0.491473
0.358489 -0.348049 1.939420 -0.195861 0.765817 -0.365234 -0.491699
0.358418 -0.348465 1.939513 -0.195634 0.765925 -0.364827 -0.491923
0.358349 -0.348885 1.939613 -0.195422 0.766013 -0.364430 -0.492163
0.358281 -0.349307 1.939718 -0.195221 0.766084 -0.364046 -0.492417
0.358216 -0.349731 1.939829 -0.195028 0.766141 -0.363675 -0.492678
0.358151 -0.350153 1.939942 -0.194840 0.766187 -0.363317 -0.492945
0.358089 -0.350575 1.940057 -0.194658 0.766225 -0.362970 -0.493215
0.358027 -0.350994 1.940173 -0.194480 0.766255 -0.362635 -0.493485
0.357968 -0.351411 1.940289 -0.194306 0.766278 -0.362316 -0.493751
0.357911 -0.351824 1.940405 -0.194134 0.766297 -0.362011 -0.494013
0.357856 -0.352233 1.940520 -0.193966 0.766313 -0.361717 -0.494269
0.357801 -0.352637 1.940633 -0.193799 0.766328 -0.361425 -0.494525
0.357746 -0.353035 1.940745 -0.193635 0.766342 -0.361137 -0.494779
0.357692 -0.353428 1.940855 -0.193472 0.766355 -0.360853 -0.495029
0.357637 -0.353815 1.940964 -0.193311 0.766369 -0.360572 -0.495275
0.357583 -0.354196 1.941070 -0.193151 0.766382 -0.360297 -0.495517
0.357529 -0.354572 1.941175 -0.192994 0.766395 -0.360027 -0.495755
0.357470 -0.354941 1.941271 -0.192806 0.766439 -0.359754 -0.495958
0.357408 -0.355304 1.941362 -0.192609 0.766497 -0.359480 -0.496143
0.357349 -0.355661 1.941453 -0.192428 0.766545 -0.359209 -0.496336
0.357291 -0.356013 1.941544 -0.192257 0.766584 -0.358942 -0.496535
0.357236 -0.356359 1.941636 -0.192095 0.766615 -0.358682 -0.496737
0.357182 -0.356700 1.941727 -0.191940 0.766641 -0.358429 -0.496941
0.357130 -0.357034 1.941818 -0.191790 0.766660 -0.358189 -0.497141
0.357082 -0.357364 1.941909 -0.191646 0.766676 -0.357960 -0.497337
0.357035 -0.357687 1.941998 -0.191505 0.766690 -0.357739 -0.497529
0.356991 -0.358004 1.942085 -0.191369 0.766702 -0.357527 -0.497716
0.356946 -0.358315 1.942172 -0.191235 0.766714 -0.357314 -0.497902
0.356902 -0.358619 1.942257 -0.191103 0.766726 -0.357103 -0.498084
0.356859 -0.358917 1.942340 -0.190974 0.766739 -0.356895 -0.498263
0.356816 -0.359209 1.942423 -0.190847 0.766752 -0.356691 -0.498438
0.356769 -0.359494 1.942497 -0.190694 0.766792 -0.356483 -0.498584
0.356723 -0.359774 1.942572 -0.190553 0.766826 -0.356278 -0.498732
0.356679 -0.360049 1.942646 -0.190419 0.766855 -0.356076 -0.498883
0.356637 -0.360319 1.942720 -0.190291 0.766880 -0.355879 -0.499034
0.356585 -0.360584 1.942821 -0.190129 0.766893 -0.355629 -0.499254
0.356528 -0.360851 1.942935 -0.189945 0.766905 -0.355343 -0.499508
0.356464 -0.361122 1.943053 -0.189734 0.766935 -0.355038 -0.499759
0.356398 -0.361397 1.943173 0.189508 -0.766977 0.354725 0.500003
0.356329 -0.361676 1.943295 0.189275 -0.767025 0.354411 0.500241
0.356259 -0.361959 1.943418 0.189037 -0.767077 0.354098 0.500473
0.356191 -0.362244 1.943544 0.188810 -0.767116 0.353791 0.500715
0.356125 -0.362532 1.943672 0.188595 -0.767140 0.353498 0.500967
0.356062 -0.362822 1.943803 0.188388 -0.767153 0.353217 0.501222
0.356000 -0.363111 1.943934 0.188186 -0.767159 0.352947 0.501480
0.355940 -0.363400 1.944064 0.187988 -0.767159 0.352687 0.501736
0.355881 -0.363687 1.944194 0.187793 -0.767156 0.352435 0.501991
0.355824 -0.363972 1.944322 0.187602 -0.767150 0.352190 0.502244
0.355767 -0.364255 1.944449 0.187413 -0.767142 0.351952 0.502493
0.355712 -0.364535 1.944573 0.187227 -0.767134 0.351720 0.502737
0.355657 -0.364812 1.944696 0.187043 -0.767125 0.351493 0.502978
0.355603 -0.365086 1.944815 0.186857 -0.767122 0.351271 0.503207
0.355544 -0.365355 1.944929 0.186657 -0.767139 0.351046 0.503413
0.355488 -0.365621 1.945042 0.186465 -0.767152 0.350827 0.503616
0.355432 -0.365883 1.945154 0.186278 -0.767164 0.350613 0.503816
0.355377 -0.366142 1.945265 0.186095 -0.767174 0.350405 0.504012
0.355323 -0.366397 1.945375 0.185917 -0.767183 0.350202 0.504205
0.355270 -0.366647 1.945484 0.185741 -0.767192 0.350004 0.504394
0.355218 -0.366894 1.945591 0.185569 -0.767200 0.349811 0.504580
0.355166 -0.367136 1.945697 0.185400 -0.767208 0.349622 0.504761
0.355116 -0.367374 1.945801 0.185233 -0.767216 0.349437 0.504938
0.355066 -0.367608 1.945904 0.185070 -0.767224 0.349256 0.505111
0.355017 -0.367838 1.946005 0.184910 -0.767232 0.349079 0.505280
0.354969 -0.368064 1.946105 0.184752 -0.767240 0.348906 0.505445
0.354921 -0.368285 1.946204 0.184597 -0.767248 0.348736 0.505606
0.354875 -0.368502 1.946301 0.184445 -0.767256 0.348570 0.505764
0.354829 -0.368715 1.946397 0.184296 -0.767264 0.348408 0.505918
0.354784 -0.368924 1.946490 0.184147 -0.767274 0.348249 0.506066
0.354739 -0.369129 1.946581 0.183999 -0.767285 0.348095 0.506210
0.354696 -0.369330 1.946669 0.183853 -0.767296 0.347944 0.506350
0.354653 -0.369528 1.946756 0.183709 -0.767308 0.347795 0.506486
0.354611 -0.369722 1.946841 0.183568 -0.767320 0.347650 0.506619
0.354570 -0.369912 1.946924 0.183429 -0.767332 0.347507 0.506749
0.354530 -0.370099 1.947006 0.183293 -0.767344 0.347367 0.506876
0.354490 -0.370281 1.947086 0.183159 -0.767356 0.347230 0.507000
0.354462 -0.370473 1.947166 0.183065 -0.767381 0.347029 0.507134
0.354431 -0.370671 1.947248 0.182969 -0.767426 0.346784 0.507267
0.354398 -0.370875 1.947332 0.182865 -0.767486 0.346518 0.507397
0.354362 -0.371085 1.947419 0.182751 -0.767555 0.346242 0.507522
0.354323 -0.371299 1.947511 0.182636 -0.767625 0.345960 0.507649
0.354286 -0.371517 1.947609 0.182529 -0.767682 0.345686 0.507787
0.354249 -0.371738 1.947713 0.182427 -0.767730 0.345422 0.507932
0.354213 -0.371961 1.947819 0.182327 -0.767770 0.345168 0.508080
0.354176 -0.372186 1.947928 0.182228 -0.767805 0.344922 0.508230
0.354140 -0.372410 1.948037 0.182129 -0.767836 0.344683 0.508380
0.354104 -0.372635 1.948147 0.182032 -0.767864 0.344453 0.508529
0.354069 -0.372859 1.948258 0.181940 -0.767883 0.344228 0.508685
0.354033 -0.373082 1.948367 0.181847 -0.767902 0.344010 0.508837
0.353998 -0.373302 1.948476 0.181754 -0.767922 0.343798 0.508985
0.353963 -0.373521 1.948583 0.181660 -0.767940 0.343590 0.509129
0.353928 -0.373738 1.948689 0.181568 -0.767959 0.343388 0.509271
0.353893 -0.373953 1.948794 0.181476 -0.767977 0.343190 0.509410
0.353858 -0.374164 1.948897 0.181385 -0.767996 0.342996 0.509545
0.353823 -0.374373 1.948999 0.181295 -0.768014 0.342806 0.509678
0.353788 -0.374579 1.949099 0.181206 -0.768032 0.342619 0.509807
0.353754 -0.374782 1.949198 0.181118 -0.768050 0.342436 0.509934
0.353719 -0.374982 1.949296 0.181031 -0.768069 0.342256 0.510057
0.353684 -0.375179 1.949392 0.180945 -0.768088 0.342080 0.510178
0.353650 -0.375373 1.949486 0.180859 -0.768107 0.341907 0.510295
0.353615 -0.375564 1.949579 0.180775 -0.768127 0.341736 0.510410
0.353581 -0.375752 1.949671 0.180692 -0.768147 0.341569 0.510521
0.353546 -0.375936 1.949761 0.180610 -0.768167 0.341404 0.510629
0.353512 -0.376117 1.949850 0.180528 -0.768188 0.341243 0.510735
0.353478 -0.376295 1.949938 0.180448 -0.768209 0.341084 0.510838
0.353443 -0.376471 1.950023 0.180366 -0.768232 0.340929 0.510936
0.353409 -0.376643 1.950105 0.180284 -0.768255 0.340777 0.511031
0.353375 -0.376813 1.950186 0.180201 -0.768280 0.340629 0.511122
0.353342 -0.376980 1.950265 0.180120 -0.768305 0.340483 0.511211
0.353308 -0.377144 1.950342 0.180039 -0.768330 0.340339 0.511297
0.353275 -0.377306 1.950417 0.179959 -0.768356 0.340198 0.511380
0.353243 -0.377464 1.950492 0.179880 -0.768382 0.340059 0.511461
0.353211 -0.377619 1.950565 0.179803 -0.768407 0.339923 0.511541
0.353179 -0.377772 1.950636 0.179726 -0.768433 0.339789 0.511618
0.353148 -0.377922 1.950707 0.179651 -0.768459 0.339658 0.511693
0.353117 -0.378068 1.950776 0.179577 -0.768484 0.339529 0.511766
0.353082 -0.378215 1.950852 0.179461 -0.768529 0.339386 0.511834
0.353045 -0.378363 1.950929 0.179324 -0.768588 0.339235 0.511894
0.353008 -0.378514 1.951008 0.179176 -0.768655 0.339082 0.511947
0.352972 -0.378666 1.951088 0.179027 -0.768724 0.338927 0.511998
0.352937 -0.378820 1.951171 0.178877 -0.768794 0.338774 0.512046
0.352901 -0.378975 1.951255 0.178729 -0.768864 0.338624 0.512093
0.352866 -0.379130 1.951339 0.178582 -0.768932 0.338477 0.512138
0.352831 -0.379284 1.951425 0.178437 -0.768999 0.338333 0.512183
0.352795 -0.379439 1.951511 0.178295 -0.769064 0.338193 0.512228
0.352759 -0.379593 1.951597 0.178155 -0.769127 0.338055 0.512272
0.352722 -0.379745 1.951683 0.178017 -0.769189 0.337920 0.512316
0.352686 -0.379897 1.951768 0.177882 -0.769250 0.337788 0.512359
0.352648 -0.380047 1.951854 0.177748 -0.769309 0.337659 0.512401
0.352611 -0.380196 1.951939 0.177617 -0.769368 0.337531 0.512443
0.352574 -0.380344 1.952023 0.177492 -0.769420 0.337407 0.512491
0.352538 -0.380489 1.952107 0.177371 -0.769467 0.337285 0.512542
0.352502 -0.380633 1.952190 0.177253 -0.769510 0.337166 0.512596
0.352467 -0.380775 1.952272 0.177138 -0.769551 0.337049 0.512651
0.352431 -0.380915 1.952353 0.177026 -0.769590 0.336934 0.512707
0.352397 -0.381053 1.952433 0.176917 -0.769627 0.336820 0.512763
0.352362 -0.381189 1.952511 0.176809 -0.769664 0.336708 0.512819
0.352328 -0.381323 1.952588 0.176704 -0.769700 0.336598 0.512873
0.352295 -0.381455 1.952665 0.176600 -0.769735 0.336492 0.512926
0.352261 -0.381584 1.952739 0.176491 -0.769777 0.336387 0.512970
0.352226 -0.381711 1.952809 0.176379 -0.769824 0.336283 0.513006
0.352191 -0.381836 1.952878 0.176265 -0.769874 0.336180 0.513037
0.352155 -0.381960 1.952944 0.176152 -0.769928 0.336077 0.513064
0.352121 -0.382081 1.953011 0.176043 -0.769980 0.335977 0.513088
0.352086 -0.382200 1.953076 0.175933 -0.770034 0.335878 0.513109
0.352051 -0.382316 1.953142 0.175828 -0.770088 0.335779 0.513130
0.352016 -0.382431 1.953207 0.175728 -0.770137 0.335681 0.513155
0.351982 -0.382544 1.953272 0.175632 -0.770182 0.335585 0.513182
0.351950 -0.382654 1.953338 0.175539 -0.770223 0.335493 0.513212
0.351917 -0.382763 1.953402 0.175448 -0.770263 0.335403 0.513242
0.351885 -0.382870 1.953465 0.175358 -0.770302 0.335315 0.513273
0.351853 -0.382975 1.953526 0.175270 -0.770339 0.335228 0.513303
0.351821 -0.383078 1.953585 0.175183 -0.770376 0.335143 0.513333
0.351789 -0.383179 1.953643 0.175093 -0.770419 0.335057 0.513355
0.351757 -0.383279 1.953699 0.175002 -0.770465 0.334972 0.513373
0.351724 -0.383376 1.953754 0.174910 -0.770513 0.334887 0.513387
0.351700 -0.383482 1.953791 0.174886 -0.770570 0.334782 0.513379
0.351681 -0.383590 1.953823 0.174883 -0.770625 0.334673 0.513367
0.351662 -0.383700 1.953853 0.174890 -0.770678 0.334564 0.513357
0.351644 -0.383810 1.953882 0.174900 -0.770727 0.334456 0.513351
0.351625 -0.383921 1.953910 0.174912 -0.770773 0.334349 0.513348
0.351606 -0.384032 1.953938 0.174924 -0.770815 0.334244 0.513348
0.351586 -0.384142 1.953965 0.174937 -0.770856 0.334140 0.513351
0.351567 -0.384252 1.953991 0.174950 -0.770894 0.334038 0.513355
0.351546 -0.384362 1.954018 0.174963 -0.770930 0.333938 0.513362
0.351526 -0.384470 1.954044 0.174975 -0.770965 0.333839 0.513369
0.351506 -0.384578 1.954070 0.174987 -0.770999 0.333742 0.513377
0.351485 -0.384684 1.954096 0.174998 -0.771032 0.333647 0.513386
0.351464 -0.384790 1.954121 0.175009 -0.771064 0.333554 0.513395
0.351444 -0.384894 1.954146 0.175019 -0.771095 0.333462 0.513404
0.351423 -0.384997 1.954171 0.175028 -0.771126 0.333371 0.513413
0.351402 -0.385099 1.954196 0.175037 -0.771157 0.333283 0.513422
0.351381 -0.385199 1.954220 0.175045 -0.771187 0.333195 0.513431
0.351360 -0.385298 1.954245 0.175052 -0.771217 0.333110 0.513439
0.351339 -0.385395 1.954269 0.175059 -0.771246 0.333026 0.513447
0.351317 -0.385491 1.954293 0.175065 -0.771275 0.332943 0.513455
0.351296 -0.385585 1.954316 0.175070 -0.771304 0.332862 0.513462
0.351275 -0.385678 1.954340 0.175075 -0.771333 0.332782 0.513469
0.351255 -0.385770 1.954363 0.175079 -0.771362 0.332703 0.513476
0.351234 -0.385859 1.954386 0.175083 -0.771390 0.332626 0.513482
0.351213 -0.385948 1.954409 0.175086 -0.771419 0.332550 0.513487
0.351192 -0.386035 1.954431 0.175088 -0.771447 0.332475 0.513492
0.351171 -0.386120 1.954454 0.175090 -0.771475 0.332402 0.513497
0.351150 -0.386204 1.954476 0.175092 -0.771503 0.332329 0.513501
0.351130 -0.386286 1.954498 0.175093 -0.771531 0.332258 0.513505
0.351110 -0.386367 1.954520 0.175094 -0.771558 0.332189 0.513508
0.351089 -0.386446 1.954541 0.175094 -0.771586 0.332120 0.513511
0.351069 -0.386524 1.954562 0.175094 -0.771613 0.332052 0.513514
0.351049 -0.386600 1.954584 0.175094 -0.771641 0.331986 0.513516
0.351029 -0.386675 1.954605 0.175093 -0.771668 0.331920 0.513517
0.351009 -0.386749 1.954626 0.175092 -0.771695 0.331856 0.513519
0.350989 -0.386821 1.954646 0.175091 -0.771722 0.331793 0.513519
0.350970 -0.386892 1.954667 0.175089 -0.771748 0.331731 0.513520
0.350950 -0.386961 1.954687 0.175087 -0.771775 0.331670 0.513520
0.350931 -0.387029 1.954707 0.175085 -0.771801 0.331610 0.513520
0.350912 -0.387096 1.954727 0.175082 -0.771828 0.331551 0.513519
0.350898 -0.387167 1.954742 0.175103 -0.771867 0.331496 0.513488
0.350886 -0.387239 1.954756 0.175133 -0.771914 0.331446 0.513440
0.350874 -0.387311 1.954773 0.175167 -0.771963 0.331402 0.513383
0.350860 -0.387383 1.954794 0.175202 -0.772019 0.331362 0.513313
0.350847 -0.387454 1.954820 0.175239 -0.772076 0.331329 0.513236
0.350827 -0.387525 1.954849 0.175261 -0.772161 0.331300 0.513119
0.350803 -0.387596 1.954881 0.175276 -0.772264 0.331276 0.512974
0.350773 -0.387668 1.954918 0.175285 -0.772380 0.331258 0.512809
0.350747 -0.387738 1.954964 0.175305 -0.772474 0.331253 0.512663
0.350730 -0.387807 1.955021 0.175337 -0.772552 0.331276 0.512520
0.350717 -0.387872 1.955086 0.175378 -0.772618 0.331321 0.512377
0.350700 -0.387936 1.955152 0.175411 -0.772704 0.331368 0.512205
0.350679 -0.387999 1.955220 0.175438 -0.772804 0.331418 0.512013
0.350655 -0.388059 1.955291 0.175461 -0.772913 0.331468 0.511808
0.350627 -0.388118 1.955365 0.175481 -0.773029 0.331520 0.511593
0.350595 -0.388176 1.955442 0.175497 -0.773149 0.331573 0.511371
0.350561 -0.388232 1.955522 0.175512 -0.773272 0.331627 0.511145
0.350525 -0.388287 1.955605 0.175524 -0.773398 0.331681 0.510915
0.350493 -0.388339 1.955694 0.175545 -0.773502 0.331746 0.510708
0.350458 -0.388391 1.955783 0.175561 -0.773615 0.331808 0.510491
0.350428 -0.388440 1.955876 0.175585 -0.773710 0.331879 0.510294
0.350393 -0.388488 1.955967 0.175602 -0.773816 0.331945 0.510083
0.350356 -0.388534 1.956057 0.175614 -0.773930 0.332008 0.509865
0.350316 -0.388580 1.956148 0.175623 -0.774049 0.332068 0.509642
0.350274 -0.388625 1.956238 0.175629 -0.774171 0.332127 0.509416
0.350230 -0.388669 1.956330 0.175633 -0.774295 0.332184 0.509190
0.350192 -0.388712 1.956425 0.175646 -0.774396 0.332250 0.508988
0.350151 -0.388754 1.956519 0.175653 -0.774506 0.332312 0.508778
0.350108 -0.388795 1.956611 0.175657 -0.774620 0.332371 0.508564
0.350063 -0.388835 1.956702 0.175659 -0.774737 0.332428 0.508349
0.350016 -0.388875 1.956793 0.175658 -0.774855 0.332483 0.508133
0.349969 -0.388914 1.956884 0.175655 -0.774974 0.332536 0.507917
0.349927 -0.388952 1.956979 0.175662 -0.775072 0.332596 0.507727
0.349883 -0.388990 1.957070 0.175663 -0.775176 0.332653 0.507530
0.349838 -0.389026 1.957160 0.175661 -0.775284 0.332707 0.507330
0.349791 -0.389063 1.957249 0.175657 -0.775394 0.332758 0.507129
0.349744 -0.389099 1.957337 0.175651 -0.775505 0.332808 0.506930
0.349696 -0.389134 1.957424 0.175644 -0.775616 0.332855 0.506731
0.349647 -0.389170 1.957511 0.175635 -0.775727 0.332901 0.506535
0.349598 -0.389204 1.957596 0.175626 -0.775836 0.332946 0.506341
0.349533 -0.389238 1.957639 0.175735 -0.775970 0.332929 0.506108
0.349467 -0.389264 1.957665 0.175864 -0.776091 0.332904 0.505895
0.349403 -0.389281 1.957682 0.176001 -0.776203 0.332878 0.505693
0.349341 -0.389292 1.957692 0.176141 -0.776308 0.332854 0.505498
0.349278 -0.389297 1.957693 0.176271 -0.776430 0.332832 0.505280
0.349216 -0.389297 1.957690 0.176397 -0.776559 0.332810 0.505052
0.349155 -0.389292 1.957686 0.176519 -0.776691 0.332790 0.504819
0.349097 -0.389284 1.957680 0.176640 -0.776823 0.332772 0.504586
0.349042 -0.389271 1.957675 0.176759 -0.776952 0.332758 0.504355
0.348991 -0.389255 1.957671 0.176878 -0.777078 0.332748 0.504126
0.348943 -0.389237 1.957667 0.176996 -0.777200 0.332742 0.503900
0.348899 -0.389215 1.957664 0.177114 -0.777318 0.332740 0.503677
0.348858 -0.389191 1.957662 0.177232 -0.777433 0.332741 0.503459
0.348820 -0.389165 1.957661 0.177349 -0.777543 0.332747 0.503244
0.348785 -0.389137 1.957661 0.177466 -0.777648 0.332755 0.503034
0.348752 -0.389107 1.957661 0.177582 -0.777750 0.332768 0.502827
0.348723 -0.389075 1.957662 0.177697 -0.777848 0.332783 0.502625
0.348696 -0.389041 1.957664 0.177812 -0.777942 0.332800 0.502426
0.348672 -0.389006 1.957666 0.177926 -0.778033 0.332821 0.502232
0.348650 -0.388970 1.957669 0.178039 -0.778120 0.332844 0.502042
0.348630 -0.388933 1.957672 0.178151 -0.778204 0.332869 0.501856
0.348612 -0.388894 1.957676 0.178262 -0.778284 0.332896 0.501675
0.348596 -0.388855 1.957680 0.178372 -0.778361 0.332924 0.501497
0.348582 -0.388815 1.957684 0.178482 -0.778435 0.332954 0.501323
0.348569 -0.388774 1.957688 0.178589 -0.778506 0.332986 0.501153
0.348559 -0.388732 1.957693 0.178696 -0.778574 0.333019 0.500987
0.348549 -0.388690 1.957697 0.178802 -0.778640 0.333053 0.500825
0.348541 -0.388648 1.957702 0.178906 -0.778703 0.333088 0.500667
0.348535 -0.388605 1.957707 0.179009 -0.778763 0.333124 0.500512
0.348529 -0.388561 1.957712 0.179110 -0.778821 0.333160 0.500361
0.348525 -0.388518 1.957717 0.179211 -0.778877 0.333197 0.500214
0.348522 -0.388474 1.957722 0.179310 -0.778930 0.333235 0.500071
0.348519 -0.388431 1.957727 -0.179407 0.778981 -0.333272 -0.499930
0.348518 -0.388387 1.957732 -0.179503 0.779031 -0.333311 -0.499794
0.348518 -0.388343 1.957737 -0.179598 0.779078 -0.333349 -0.499660
0.348518 -0.388299 1.957742 -0.179691 0.779123 -0.333388 -0.499530
0.348519 -0.388256 1.957747 -0.179782 0.779167 -0.333427 -0.499404
0.348521 -0.388212 1.957752 -0.179873 0.779209 -0.333465 -0.499280
0.348523 -0.388169 1.957757 -0.179961 0.779249 -0.333504 -0.499160
0.348526 -0.388126 1.957761 -0.180048 0.779287 -0.333543 -0.499042
0.348483 -0.388083 1.957706 -0.180358 0.779342 -0.333486 -0.498882
0.348410 -0.388034 1.957624 -0.180680 0.779420 -0.333427 -0.498684
0.348319 -0.387978 1.957530 -0.180991 0.779509 -0.333369 -0.498470
0.348220 -0.387915 1.957431 -0.181292 0.779605 -0.333312 -0.498250
0.348116 -0.387846 1.957331 -0.181584 0.779702 -0.333256 -0.498028
0.348013 -0.387772 1.957231 -0.181869 0.779799 -0.333203 -0.497808
0.347912 -0.387693 1.957133 -0.182148 0.779894 -0.333154 -0.497590
0.347814 -0.387612 1.957038 -0.182423 0.779986 -0.333110 -0.497375
0.347719 -0.387527 1.956946 -0.182694 0.780075 -0.333071 -0.497162
0.347628 -0.387439 1.956857 -0.182960 0.780160 -0.333037 -0.496953
0.347541 -0.387349 1.956771 -0.183223 0.780243 -0.333008 -0.496746
0.347458 -0.387257 1.956687 -0.183483 0.780321 -0.332985 -0.496542
0.347379 -0.387164 1.956607 -0.183739 0.780397 -0.332967 -0.496341
0.347304 -0.387069 1.956529 -0.183991 0.780469 -0.332953 -0.496143
0.347232 -0.386973 1.956453 -0.184239 0.780538 -0.332944 -0.495949
0.347163 -0.386876 1.956381 -0.184484 0.780603 -0.332939 -0.495758
0.347098 -0.386778 1.956310 -0.184725 0.780666 -0.332938 -0.495570
0.347035 -0.386679 1.956242 -0.184962 0.780726 -0.332941 -0.495385
0.346976 -0.386580 1.956175 -0.185195 0.780783 -0.332946 -0.495204
0.346919 -0.386481 1.956111 -0.185425 0.780838 -0.332955 -0.495026
0.346864 -0.386381 1.956049 -0.185651 0.780890 -0.332966 -0.494852
0.346812 -0.386282 1.955988 -0.185872 0.780940 -0.332979 -0.494681
0.346762 -0.386182 1.955929 -0.186090 0.780987 -0.332995 -0.494514
0.346715 -0.386083 1.955871 -0.186304 0.781032 -0.333012 -0.494350
0.346669 -0.385984 1.955815 -0.186514 0.781076 -0.333031 -0.494190
0.346625 -0.385885 1.955760 -0.186721 0.781117 -0.333052 -0.494033
0.346583 -0.385787 1.955707 -0.186923 0.781156 -0.333074 -0.493879
0.346542 -0.385690 1.955655 -0.187122 0.781194 -0.333097 -0.493729
0.346503 -0.385593 1.955604 -0.187316 0.781230 -0.333121 -0.493582
0.346466 -0.385497 1.955555 -0.187507 0.781264 -0.333145 -0.493439
0.346430 -0.385401 1.955506 -0.187695 0.781297 -0.333171 -0.493298
0.346394 -0.385307 1.955459 -0.187878 0.781328 -0.333197 -0.493161
0.346361 -0.385213 1.955413 -0.188057 0.781358 -0.333224 -0.493027
0.346328 -0.385120 1.955367 -0.188233 0.781387 -0.333251 -0.492897
0.346296 -0.385029 1.955323 -0.188406 0.781414 -0.333278 -0.492769
0.346265 -0.384938 1.955279 -0.188574 0.781440 -0.333305 -0.492644
0.346235 -0.384848 1.955237 -0.188739 0.781466 -0.333332 -0.492523
0.346206 -0.384760 1.955195 -0.188901 0.781490 -0.333359 -0.492404
0.346178 -0.384673 1.955154 -0.189058 0.781513 -0.333387 -0.492288
0.346150 -0.384586 1.955113 -0.189213 0.781535 -0.333414 -0.492175
0.346058 -0.384497 1.955012 -0.189661 0.781551 -0.333340 -0.492028
0.345921 -0.384395 1.954890 -0.190131 0.781582 -0.333275 -0.491842
0.345758 -0.384281 1.954761 -0.190592 0.781624 -0.333222 -0.491632
0.345582 -0.384154 1.954635 -0.191041 0.781673 -0.333180 -0.491407
0.345399 -0.384018 1.954514 -0.191481 0.781727 -0.333147 -0.491173
0.345215 -0.383873 1.954401 -0.191912 0.781784 -0.333124 -0.490930
0.345032 -0.383721 1.954296 -0.192336 0.781842 -0.333112 -0.490679
0.344853 -0.383562 1.954200 -0.192754 0.781901 -0.333112 -0.490421
0.344678 -0.383398 1.954112 -0.193166 0.781960 -0.333123 -0.490158
0.344507 -0.383229 1.954031 -0.193573 0.782019 -0.333145 -0.489888
0.344341 -0.383056 1.953959 -0.193974 0.782077 -0.333177 -0.489614
0.344180 -0.382880 1.953893 -0.194369 0.782135 -0.333219 -0.489336
0.344025 -0.382701 1.953833 -0.194759 0.782192 -0.333270 -0.489055
0.343873 -0.382520 1.953779 -0.195143 0.782248 -0.333330 -0.488772
0.343727 -0.382337 1.953731 -0.195521 0.782303 -0.333397 -0.488487
0.343584 -0.382153 1.953688 -0.195893 0.782357 -0.333471 -0.488201
0.343446 -0.381967 1.953650 -0.196260 0.782409 -0.333551 -0.487915
0.343312 -0.381781 1.953615 -0.196621 0.782461 -0.333637 -0.487629
0.343181 -0.381594 1.953584 -0.196975 0.782511 -0.333727 -0.487343
0.343054 -0.381407 1.953557 -0.197323 0.782560 -0.333822 -0.487059
0.342931 -0.381220 1.953533 -0.197665 0.782608 -0.333920 -0.486776
0.342811 -0.381034 1.953512 -0.198001 0.782654 -0.334021 -0.486495
0.342693 -0.380849 1.953493 -0.198331 0.782700 -0.334124 -0.486217
0.342579 -0.380664 1.953477 -0.198655 0.782744 -0.334230 -0.485941
0.342468 -0.380480 1.953462 -0.198972 0.782787 -0.334337 -0.485668
0.342359 -0.380297 1.953450 -0.199283 0.782829 -0.334446 -0.485398
0.342252 -0.380116 1.953439 -0.199588 0.782870 -0.334555 -0.485132
0.342148 -0.379936 1.953430 -0.199887 0.782909 -0.334665 -0.484868
0.342047 -0.379758 1.953422 -0.200179 0.782948 -0.334775 -0.484609
0.341947 -0.379582 1.953415 -0.200466 0.782986 -0.334886 -0.484353
0.341849 -0.379407 1.953409 -0.200746 0.783023 -0.334996 -0.484102
0.341754 -0.379235 1.953404 -0.201020 0.783059 -0.335105 -0.483854
0.341660 -0.379064 1.953400 -0.201289 0.783094 -0.335214 -0.483610
0.341568 -0.378896 1.953397 -0.201551 0.783128 -0.335322 -0.483370
0.341477 -0.378729 1.953394 -0.201808 0.783161 -0.335429 -0.483135
0.341388 -0.378565 1.953392 -0.202059 0.783194 -0.335535 -0.482904
0.341301 -0.378404 1.953390 -0.202304 0.783225 -0.335640 -0.482677
0.341215 -0.378244 1.953388 -0.202544 0.783257 -0.335743 -0.482454
0.341130 -0.378087 1.953387 -0.202778 0.783287 -0.335844 -0.482236
0.341047 -0.377933 1.953386 -0.203007 0.783317 -0.335944 -0.482021
0.340860 -0.377766 1.953314 -0.203499 0.783317 -0.335917 -0.481831
0.340608 -0.377583 1.953211 -0.203995 0.783325 -0.335884 -0.481634
0.340320 -0.377387 1.953092 -0.204470 0.783338 -0.335851 -0.481433
0.340015 -0.377179 1.952967 -0.204929 0.783355 -0.335820 -0.481232
0.339704 -0.376962 1.952839 -0.205375 0.783373 -0.335792 -0.481033
0.339393 -0.376737 1.952713 -0.205811 0.783390 -0.335770 -0.480834
0.339086 -0.376506 1.952590 -0.206240 0.783405 -0.335754 -0.480636
0.338787 -0.376270 1.952471 -0.206662 0.783418 -0.335747 -0.480438
0.338495 -0.376030 1.952357 -0.207079 0.783429 -0.335748 -0.480240
0.338212 -0.375786 1.952246 -0.207490 0.783437 -0.335759 -0.480042
0.337938 -0.375540 1.952140 -0.207896 0.783442 -0.335779 -0.479844
0.337672 -0.375292 1.952039 -0.208298 0.783444 -0.335807 -0.479647
0.337415 -0.375042 1.951941 -0.208693 0.783444 -0.335843 -0.479450
0.337166 -0.374791 1.951848 -0.209084 0.783441 -0.335887 -0.479254
0.336925 -0.374540 1.951758 -0.209469 0.783435 -0.335937 -0.479059
0.336692 -0.374288 1.951672 -0.209848 0.783428 -0.335994 -0.478866
0.336466 -0.374036 1.951589 -0.210222 0.783418 -0.336057 -0.478674
0.336246 -0.373784 1.951509 -0.210590 0.783406 -0.336125 -0.478483
0.336033 -0.373533 1.951431 -0.210953 0.783393 -0.336197 -0.478295
0.335827 -0.373283 1.951357 -0.211309 0.783378 -0.336273 -0.478109
0.335626 -0.373035 1.951285 -0.211659 0.783361 -0.336353 -0.477925
0.335431 -0.372787 1.951215 -0.212003 0.783343 -0.336436 -0.477743
0.335241 -0.372542 1.951147 -0.212342 0.783324 -0.336521 -0.477564
0.335056 -0.372298 1.951081 -0.212674 0.783304 -0.336608 -0.477388
0.334876 -0.372056 1.951017 -0.212999 0.783283 -0.336698 -0.477214
0.334701 -0.371816 1.950955 -0.213319 0.783261 -0.336788 -0.477044
0.334529 -0.371579 1.950894 -0.213632 0.783239 -0.336880 -0.476876
0.334362 -0.371344 1.950835 -0.213939 0.783216 -0.336972 -0.476710
0.334199 -0.371111 1.950778 -0.214240 0.783192 -0.337065 -0.476548
0.334040 -0.370882 1.950721 -0.214535 0.783169 -0.337158 -0.476389
0.333884 -0.370655 1.950666 -0.214824 0.783145 -0.337251 -0.476233
0.333731 -0.370431 1.950612 -0.215106 0.783120 -0.337343 -0.476079
0.333582 -0.370209 1.950559 -0.215383 0.783096 -0.337435 -0.475929
0.333435 -0.369991 1.950507 -0.215653 0.783072 -0.337527 -0.475781
0.333292 -0.369776 1.950456 -0.215918 0.783048 -0.337617 -0.475637
0.333151 -0.369564 1.950406 -0.216176 0.783024 -0.337707 -0.475495
0.333013 -0.369356 1.950357 -0.216429 0.783000 -0.337795 -0.475356
0.332877 -0.369150 1.950309 -0.216676 0.782977 -0.337883 -0.475220
0.332744 -0.368948 1.950261 -0.216917 0.782954 -0.337969 -0.475087
0.332613 -0.368748 1.950214 -0.217152 0.782931 -0.338053 -0.474957
0.332406 -0.368532 1.950104 -0.217653 0.782868 -0.338032 -0.474847
0.332151 -0.368295 1.949965 -0.218180 0.782803 -0.338011 -0.474726
0.331867 -0.368037 1.949812 -0.218703 0.782742 -0.337997 -0.474597
0.331569 -0.367762 1.949653 -0.219223 0.782682 -0.337992 -0.474460
0.331265 -0.367470 1.949492 -0.219739 0.782624 -0.337995 -0.474315
0.330960 -0.367165 1.949331 -0.220255 0.782566 -0.338008 -0.474161
0.330658 -0.366848 1.949170 -0.220770 0.782510 -0.338032 -0.473997
0.330360 -0.366520 1.949011 -0.221284 0.782454 -0.338066 -0.473825
0.330067 -0.366182 1.948855 -0.221798 0.782399 -0.338112 -0.473644
0.329783 -0.365837 1.948705 -0.222309 0.782342 -0.338171 -0.473456
0.329508 -0.365484 1.948561 -0.222817 0.782282 -0.338244 -0.473264
0.329244 -0.365126 1.948424 -0.223322 0.782220 -0.338330 -0.473067
0.328990 -0.364764 1.948293 -0.223824 0.782154 -0.338430 -0.472867
0.328747 -0.364397 1.948170 -0.224322 0.782086 -0.338543 -0.472662
0.328514 -0.364028 1.948053 -0.224817 0.782014 -0.338669 -0.472455
0.328292 -0.363656 1.947943 -0.225308 0.781940 -0.338805 -0.472246
0.328078 -0.363283 1.947838 -0.225794 0.781864 -0.338952 -0.472035
0.327874 -0.362909 1.947738 -0.226276 0.781785 -0.339109 -0.471823
0.327678 -0.362535 1.947644 -0.226752 0.781704 -0.339273 -0.471610
0.327490 -0.362161 1.947553 -0.227224 0.781621 -0.339445 -0.471397
0.327309 -0.361788 1.947468 -0.227689 0.781537 -0.339623 -0.471184
0.327136 -0.361416 1.947386 -0.228149 0.781451 -0.339806 -0.470971
0.326969 -0.361046 1.947307 -0.228602 0.781364 -0.339994 -0.470760
0.326808 -0.360677 1.947232 -0.229050 0.781276 -0.340186 -0.470549
0.326653 -0.360311 1.947160 -0.229491 0.781188 -0.340381 -0.470341
0.326503 -0.359948 1.947091 -0.229925 0.781099 -0.340578 -0.470134
0.326358 -0.359587 1.947024 -0.230352 0.781009 -0.340778 -0.469929
0.326218 -0.359230 1.946960 -0.230773 0.780920 -0.340978 -0.469726
0.326083 -0.358876 1.946897 -0.231187 0.780830 -0.341179 -0.469525
0.325951 -0.358526 1.946837 -0.231593 0.780741 -0.341381 -0.469327
0.325824 -0.358179 1.946779 -0.231993 0.780651 -0.341582 -0.469132
0.325699 -0.357837 1.946722 -0.232385 0.780563 -0.341782 -0.468939
0.325579 -0.357498 1.946667 -0.232770 0.780475 -0.341982 -0.468749
0.325461 -0.357164 1.946613 -0.233148 0.780388 -0.342180 -0.468562
0.325346 -0.356835 1.946560 -0.233519 0.780301 -0.342376 -0.468378
0.325233 -0.356510 1.946509 -0.233883 0.780216 -0.342570 -0.468196
0.325123 -0.356189 1.946459 -0.234239 0.780131 -0.342763 -0.468018
0.325016 -0.355873 1.946409 -0.234588 0.780048 -0.342952 -0.467843
0.324910 -0.355563 1.946361 -0.234930 0.779966 -0.343139 -0.467671
0.324807 -0.355256 1.946313 -0.235265 0.779885 -0.343324 -0.467502
0.324583 -0.354915 1.946269 -0.235623 0.779745 -0.343437 -0.467473
0.324292 -0.354548 1.946224 -0.235953 0.779586 -0.343541 -0.467494
0.323964 -0.354162 1.946178 -0.236263 0.779423 -0.343648 -0.467531
0.323617 -0.353763 1.946131 -0.236564 0.779261 -0.343762 -0.467566
0.323262 -0.353353 1.946083 -0.236863 0.779101 -0.343883 -0.467591
0.322904 -0.352934 1.946034 -0.237161 0.778946 -0.344012 -0.467604
0.322546 -0.352508 1.945985 -0.237462 0.778795 -0.344150 -0.467602
0.322191 -0.352075 1.945934 -0.237765 0.778648 -0.344295 -0.467586
0.321839 -0.351636 1.945883 -0.238071 0.778506 -0.344446 -0.467555
0.321491 -0.351194 1.945831 -0.238379 0.778369 -0.344604 -0.467510
0.321146 -0.350748 1.945778 -0.238690 0.778236 -0.344767 -0.467451
0.320805 -0.350299 1.945723 -0.239003 0.778109 -0.344934 -0.467381
0.320467 -0.349847 1.945666 -0.239319 0.777986 -0.345105 -0.467298
0.320133 -0.349394 1.945608 -0.239635 0.777868 -0.345277 -0.467205
0.319805 -0.348938 1.945550 -0.239954 0.777754 -0.345452 -0.467102
0.319484 -0.348480 1.945492 -0.240274 0.777643 -0.345628 -0.466992
0.319171 -0.348020 1.945435 -0.240597 0.777535 -0.345806 -0.466874
0.318866 -0.347558 1.945378 -0.240923 0.777429 -0.345986 -0.466748
0.318571 -0.347094 1.945324 -0.241250 0.777325 -0.346170 -0.466617
0.318284 -0.346629 1.945273 -0.241577 0.777221 -0.346360 -0.466480
0.318006 -0.346164 1.945226 -0.241903 0.777116 -0.346557 -0.466338
0.317737 -0.345700 1.945183 -0.242229 0.777011 -0.346760 -0.466193
0.317477 -0.345237 1.945144 -0.242554 0.776905 -0.346971 -0.466044
0.317226 -0.344775 1.945108 -0.242876 0.776799 -0.347187 -0.465893
0.316982 -0.344316 1.945076 -0.243197 0.776692 -0.347409 -0.465738
0.316746 -0.343860 1.945047 -0.243515 0.776584 -0.347636 -0.465582
0.316518 -0.343408 1.945021 -0.243831 0.776476 -0.347867 -0.465424
0.316296 -0.342959 1.944997 -0.244143 0.776368 -0.348102 -0.465265
0.316081 -0.342514 1.944975 -0.244452 0.776261 -0.348339 -0.465105
0.315871 -0.342073 1.944956 -0.244758 0.776153 -0.348578 -0.464944
0.315668 -0.341637 1.944938 -0.245060 0.776046 -0.348819 -0.464783
0.315470 -0.341205 1.944922 -0.245358 0.775939 -0.349061 -0.464623
0.315277 -0.340779 1.944907 -0.245652 0.775834 -0.349302 -0.464462
0.315089 -0.340358 1.944894 -0.245942 0.775729 -0.349543 -0.464303
0.314905 -0.339943 1.944881 -0.246227 0.775625 -0.349784 -0.464144
0.314726 -0.339533 1.944870 -0.246507 0.775522 -0.350023 -0.463986
0.314550 -0.339128 1.944859 -0.246784 0.775421 -0.350261 -0.463829
0.314378 -0.338730 1.944849 -0.247055 0.775321 -0.350496 -0.463674
0.314210 -0.338338 1.944839 -0.247321 0.775223 -0.350729 -0.463520
0.314045 -0.337951 1.944830 -0.247583 0.775126 -0.350960 -0.463368
0.313773 -0.337538 1.944841 -0.247715 0.774985 -0.351234 -0.463325
0.313443 -0.337108 1.944857 -0.247810 0.774818 -0.351522 -0.463336
0.313081 -0.336667 1.944874 -0.247893 0.774637 -0.351820 -0.463368
0.312702 -0.336217 1.944888 -0.247973 0.774451 -0.352125 -0.463404
0.312317 -0.335761 1.944900 -0.248057 0.774265 -0.352435 -0.463434
0.311928 -0.335300 1.944909 -0.248146 0.774081 -0.352749 -0.463454
0.311540 -0.334835 1.944914 -0.248242 0.773901 -0.353065 -0.463463
0.311154 -0.334367 1.944915 -0.248344 0.773726 -0.353383 -0.463459
0.310770 -0.333897 1.944913 -0.248453 0.773555 -0.353701 -0.463442
0.310389 -0.333425 1.944908 -0.248569 0.773390 -0.354019 -0.463413
0.310011 -0.332952 1.944898 -0.248691 0.773230 -0.354335 -0.463373
0.309638 -0.332479 1.944886 -0.248819 0.773076 -0.354650 -0.463321
0.309271 -0.332004 1.944871 -0.248954 0.772926 -0.354962 -0.463260
0.308911 -0.331528 1.944856 -0.249095 0.772780 -0.355272 -0.463190
0.308559 -0.331051 1.944840 -0.249242 0.772637 -0.355581 -0.463112
0.308215 -0.330572 1.944823 -0.249396 0.772498 -0.355888 -0.463025
0.307881 -0.330092 1.944806 -0.249557 0.772361 -0.356194 -0.462931
0.307556 -0.329611 1.944789 -0.249726 0.772227 -0.356498 -0.462829
0.307240 -0.329129 1.944772 -0.249901 0.772096 -0.356802 -0.462720
0.306933 -0.328645 1.944755 -0.250083 0.771966 -0.357106 -0.462603
0.306636 -0.328159 1.944738 -0.250272 0.771838 -0.357409 -0.462480
0.306348 -0.327672 1.944720 -0.250468 0.771712 -0.357712 -0.462350
0.306069 -0.327184 1.944703 -0.250672 0.771587 -0.358015 -0.462214
0.305799 -0.326694 1.944686 -0.250882 0.771463 -0.358319 -0.462072
0.305539 -0.326202 1.944668 -0.251099 0.771340 -0.358622 -0.461924
0.305287 -0.325709 1.944651 -0.251323 0.771218 -0.358926 -0.461771
0.305045 -0.325214 1.944634 -0.251553 0.771096 -0.359230 -0.461612
0.304812 -0.324718 1.944619 -0.251787 0.770973 -0.359538 -0.461450
0.304587 -0.324223 1.944607 -0.252024 0.770848 -0.359851 -0.461285
0.304371 -0.323728 1.944597 -0.252264 0.770722 -0.360168 -0.461117
0.304163 -0.323235 1.944591 -0.252505 0.770594 -0.360490 -0.460947
0.303964 -0.322744 1.944587 -0.252747 0.770465 -0.360816 -0.460776
0.303771 -0.322256 1.944586 -0.252989 0.770334 -0.361146 -0.460603
0.303586 -0.321771 1.944587 -0.253232 0.770203 -0.361479 -0.460428
0.303408 -0.321289 1.944590 -0.253475 0.770070 -0.361814 -0.460253
0.303236 -0.320811 1.944596 -0.253717 0.769937 -0.362151 -0.460078
0.303069 -0.320338 1.944602 -0.253958 0.769804 -0.362488 -0.459902
0.302908 -0.319870 1.944611 -0.254197 0.769670 -0.362826 -0.459727
0.302753 -0.319406 1.944620 -0.254435 0.769537 -0.363163 -0.459552
0.302602 -0.318948 1.944630 -0.254671 0.769404 -0.363499 -0.459378
0.302314 -0.318458 1.944665 -0.254705 0.769235 -0.363814 -0.459393
0.301953 -0.317953 1.944702 -0.254678 0.769042 -0.364100 -0.459506
0.301553 -0.317439 1.944732 -0.254627 0.768837 -0.364367 -0.459665
0.301133 -0.316922 1.944754 -0.254569 0.768628 -0.364625 -0.459842
0.300704 -0.316403 1.944766 -0.254514 0.768419 -0.364875 -0.460024
0.300272 -0.315884 1.944770 -0.254463 0.768211 -0.365120 -0.460204
0.299844 -0.315363 1.944769 -0.254421 0.768005 -0.365361 -0.460380
0.299423 -0.314842 1.944763 -0.254388 0.767801 -0.365599 -0.460550
0.299010 -0.314320 1.944753 -0.254366 0.767598 -0.365836 -0.460712
0.298607 -0.313798 1.944741 -0.254354 0.767398 -0.366071 -0.460865
0.298214 -0.313275 1.944726 -0.254354 0.767198 -0.366306 -0.461010
0.297833 -0.312751 1.944710 -0.254364 0.767001 -0.366542 -0.461146
0.297462 -0.312227 1.944692 -0.254386 0.766805 -0.366778 -0.461273
0.297103 -0.311702 1.944672 -0.254419 0.766609 -0.367015 -0.461390
0.296755 -0.311176 1.944652 -0.254463 0.766416 -0.367254 -0.461498
0.296418 -0.310650 1.944631 -0.254518 0.766223 -0.367494 -0.461596
0.296092 -0.310123 1.944609 -0.254584 0.766031 -0.367737 -0.461685
0.295776 -0.309594 1.944586 -0.254660 0.765841 -0.367981 -0.461765
0.295471 -0.309065 1.944563 -0.254747 0.765651 -0.368227 -0.461835
0.295176 -0.308535 1.944540 -0.254844 0.765462 -0.368476 -0.461896
0.294892 -0.308005 1.944516 -0.254951 0.765274 -0.368726 -0.461948
0.294617 -0.307473 1.944492 -0.255067 0.765087 -0.368979 -0.461992
0.294353 -0.306940 1.944467 -0.255194 0.764901 -0.369235 -0.462026
0.294098 -0.306406 1.944443 -0.255330 0.764716 -0.369492 -0.462052
0.293852 -0.305872 1.944418 -0.255476 0.764531 -0.369752 -0.462069
0.293616 -0.305336 1.944394 -0.255631 0.764346 -0.370015 -0.462078
0.293389 -0.304799 1.944369 -0.255795 0.764163 -0.370280 -0.462079
0.293171 -0.304262 1.944345 -0.255968 0.763979 -0.370547 -0.462072
0.292962 -0.303723 1.944320 -0.256150 0.763797 -0.370817 -0.462057
0.292761 -0.303184 1.944296 -0.256340 0.763614 -0.371090 -0.462034
0.292569 -0.302643 1.944271 -0.256539 0.763432 -0.371365 -0.462004
0.292385 -0.302102 1.944247 -0.256746 0.763251 -0.371642 -0.461966
0.292209 -0.301559 1.944223 -0.256962 0.763069 -0.371921 -0.461921
0.292041 -0.301015 1.944199 -0.257185 0.762888 -0.372204 -0.461868
0.291881 -0.300471 1.944175 -0.257417 0.762707 -0.372488 -0.461809
0.291729 -0.299925 1.944152 -0.257656 0.762526 -0.372775 -0.461743
0.291584 -0.299379 1.944129 -0.257903 0.762345 -0.373064 -0.461670
0.291446 -0.298831 1.944106 -0.258157 0.762164 -0.373355 -0.461591
0.291316 -0.298283 1.944083 -0.258419 0.761984 -0.373649 -0.461506
0.291193 -0.297733 1.944060 -0.258687 0.761803 -0.373944 -0.461414
0.290923 -0.297152 1.944072 -0.258632 0.761644 -0.374248 -0.461460
0.290577 -0.296558 1.944089 -0.258483 0.761487 -0.374522 -0.461581
0.290192 -0.295958 1.944102 -0.258300 0.761333 -0.374776 -0.461731
0.289788 -0.295356 1.944111 -0.258105 0.761184 -0.375020 -0.461889
0.289378 -0.294754 1.944114 -0.257911 0.761038 -0.375258 -0.462043
0.288968 -0.294152 1.944112 -0.257724 0.760896 -0.375494 -0.462191
0.288563 -0.293552 1.944107 -0.257546 0.760755 -0.375729 -0.462330
0.288165 -0.292952 1.944098 -0.257381 0.760617 -0.375964 -0.462459
0.287776 -0.292354 1.944087 -0.257229 0.760479 -0.376200 -0.462579
0.287396 -0.291757 1.944075 -0.257091 0.760341 -0.376437 -0.462689
0.287025 -0.291161 1.944061 -0.256967 0.760204 -0.376676 -0.462789
0.286665 -0.290566 1.944046 -0.256857 0.760067 -0.376917 -0.462879
0.286315 -0.289972 1.944031 -0.256761 0.759929 -0.377160 -0.462960
0.285975 -0.289379 1.944015 -0.256678 0.759792 -0.377405 -0.463031
0.285646 -0.288786 1.943998 -0.256610 0.759654 -0.377653 -0.463093
0.285326 -0.288195 1.943981 -0.256556 0.759516 -0.377904 -0.463146
0.285016 -0.287604 1.943963 -0.256514 0.759377 -0.378158 -0.463189
0.284716 -0.287014 1.943946 -0.256486 0.759238 -0.378414 -0.463223
0.284425 -0.286424 1.943928 -0.256471 0.759099 -0.378673 -0.463247
0.284144 -0.285835 1.943911 -0.256468 0.758959 -0.378935 -0.463263
0.283871 -0.285246 1.943893 -0.256478 0.758819 -0.379200 -0.463271
0.283608 -0.284658 1.943875 -0.256500 0.758678 -0.379468 -0.463269
0.283354 -0.284071 1.943857 -0.256534 0.758537 -0.379739 -0.463260
0.283108 -0.283483 1.943840 -0.256580 0.758396 -0.380013 -0.463241
0.282871 -0.282896 1.943822 -0.256638 0.758254 -0.380290 -0.463215
0.282643 -0.282310 1.943805 -0.256707 0.758111 -0.380569 -0.463181
0.282422 -0.281724 1.943788 -0.256787 0.757968 -0.380851 -0.463139
0.282210 -0.281138 1.943771 -0.256878 0.757824 -0.381136 -0.463089
0.282005 -0.280552 1.943754 -0.256980 0.757680 -0.381424 -0.463032
0.281808 -0.279967 1.943738 -0.257092 0.757535 -0.381714 -0.462968
0.281619 -0.279381 1.943721 -0.257215 0.757389 -0.382007 -0.462896
0.281437 -0.278797 1.943705 -0.257348 0.757243 -0.382303 -0.462818
0.281262 -0.278212 1.943689 -0.257491 0.757096 -0.382601 -0.462732
0.281095 -0.277627 1.943673 -0.257644 0.756948 -0.382902 -0.462640
0.280935 -0.277043 1.943658 -0.257806 0.756800 -0.383205 -0.462541
0.280781 -0.276458 1.943643 -0.257978 0.756651 -0.383510 -0.462436
0.280634 -0.275874 1.943628 -0.258159 0.756501 -0.383818 -0.462325
0.280494 -0.275290 1.943613 -0.258349 0.756350 -0.384128 -0.462208
0.280360 -0.274706 1.943599 -0.258547 0.756199 -0.384441 -0.462084
0.280233 -0.274122 1.943585 -0.258755 0.756047 -0.384755 -0.461955
0.279946 -0.273492 1.943629 -0.258683 0.755882 -0.385013 -0.462050
0.279579 -0.272838 1.943692 -0.258511 0.755710 -0.385235 -0.462242
0.279173 -0.272171 1.943760 -0.258298 0.755539 -0.385444 -0.462467
0.278752 -0.271497 1.943827 -0.258072 0.755370 -0.385654 -0.462694
0.278327 -0.270818 1.943892 -0.257846 0.755202 -0.385871 -0.462913
0.277905 -0.270136 1.943955 -0.257629 0.755035 -0.386096 -0.463119
0.277492 -0.269451 1.944015 -0.257425 0.754866 -0.386332 -0.463311
0.277088 -0.268765 1.944074 -0.257235 0.754696 -0.386577 -0.463489
0.276696 -0.268077 1.944132 -0.257062 0.754524 -0.386832 -0.463652
0.276315 -0.267388 1.944189 -0.256905 0.754349 -0.387098 -0.463802
0.275947 -0.266697 1.944245 -0.256765 0.754172 -0.387372 -0.463939
0.275590 -0.266007 1.944301 -0.256641 0.753992 -0.387655 -0.464063
0.275245 -0.265316 1.944356 -0.256533 0.753810 -0.387947 -0.464175
0.274912 -0.264624 1.944411 -0.256442 0.753625 -0.388247 -0.464275
0.274590 -0.263933 1.944465 -0.256366 0.753438 -0.388554 -0.464363
0.274279 -0.263242 1.944519 -0.256305 0.753249 -0.388869 -0.464440
0.273979 -0.262551 1.944573 -0.256259 0.753058 -0.389191 -0.464505
0.273690 -0.261860 1.944626 -0.256228 0.752866 -0.389519 -0.464560
0.273410 -0.261170 1.944679 -0.256211 0.752671 -0.389853 -0.464603
0.273140 -0.260481 1.944732 -0.256208 0.752476 -0.390193 -0.464637
0.272880 -0.259792 1.944784 -0.256218 0.752278 -0.390539 -0.464660
0.272628 -0.259104 1.944835 -0.256242 0.752080 -0.390889 -0.464673
0.272386 -0.258417 1.944886 -0.256278 0.751881 -0.391245 -0.464676
0.272152 -0.257731 1.944937 -0.256327 0.751681 -0.391605 -0.464670
0.271927 -0.257046 1.944987 -0.256388 0.751480 -0.391969 -0.464655
0.271709 -0.256363 1.945036 -0.256461 0.751278 -0.392337 -0.464630
0.271500 -0.255680 1.945085 -0.256546 0.751075 -0.392709 -0.464597
0.271298 -0.254999 1.945134 -0.256641 0.750872 -0.393084 -0.464555
0.271104 -0.254319 1.945181 -0.256748 0.750668 -0.393463 -0.464505
0.270917 -0.253640 1.945229 -0.256866 0.750464 -0.393844 -0.464446
0.270737 -0.252963 1.945275 -0.256995 0.750259 -0.394229 -0.464380
0.270563 -0.252286 1.945321 -0.257133 0.750054 -0.394616 -0.464306
0.270397 -0.251612 1.945367 -0.257282 0.749848 -0.395006 -0.464224
0.270236 -0.250939 1.945411 -0.257441 0.749642 -0.395399 -0.464134
0.270082 -0.250267 1.945455 -0.257609 0.749436 -0.395793 -0.464038
0.269934 -0.249596 1.945499 -0.257787 0.749230 -0.396190 -0.463934
0.269793 -0.248927 1.945542 -0.257974 0.749023 -0.396588 -0.463823
0.269656 -0.248260 1.945584 -0.258169 0.748816 -0.396988 -0.463706
0.269526 -0.247594 1.945626 -0.258374 0.748609 -0.397390 -0.463582
0.269401 -0.246929 1.945667 -0.258587 0.748402 -0.397794 -0.463452
0.269159 -0.246237 1.945727 -0.258488 0.748255 -0.398175 -0.463417
0.268858 -0.245534 1.945784 -0.258304 0.748128 -0.398507 -0.463439
0.268528 -0.244827 1.945834 -0.258092 0.748014 -0.398807 -0.463483
0.268186 -0.244118 1.945876 -0.257872 0.747907 -0.399092 -0.463534
0.267840 -0.243410 1.945912 -0.257656 0.747803 -0.399369 -0.463582
0.267496 -0.242703 1.945942 -0.257449 0.747700 -0.399644 -0.463625
0.267157 -0.241997 1.945969 -0.257254 0.747597 -0.399920 -0.463663
0.266825 -0.241294 1.945992 -0.257074 0.747491 -0.400198 -0.463694
0.266501 -0.240591 1.946014 -0.256908 0.747382 -0.400480 -0.463718
0.266186 -0.239891 1.946033 -0.256759 0.747270 -0.400766 -0.463734
0.265880 -0.239193 1.946052 -0.256624 0.747154 -0.401056 -0.463744
0.265583 -0.238496 1.946069 -0.256506 0.747035 -0.401351 -0.463746
0.265294 -0.237802 1.946086 -0.256402 0.746913 -0.401650 -0.463741
0.265015 -0.237109 1.946102 -0.256314 0.746788 -0.401954 -0.463729
0.264744 -0.236418 1.946117 -0.256241 0.746659 -0.402262 -0.463709
0.264481 -0.235730 1.946132 -0.256183 0.746528 -0.402575 -0.463682
0.264226 -0.235043 1.946147 -0.256138 0.746393 -0.402892 -0.463647
0.263980 -0.234359 1.946161 -0.256108 0.746257 -0.403213 -0.463604
0.263741 -0.233676 1.946175 -0.256092 0.746117 -0.403538 -0.463555
0.263509 -0.232995 1.946189 -0.256089 0.745976 -0.403867 -0.463497
0.263285 -0.232316 1.946203 -0.256100 0.745832 -0.404200 -0.463433
0.263068 -0.231640 1.946216 -0.256123 0.745686 -0.404536 -0.463361
0.262858 -0.230965 1.946230 -0.256159 0.745539 -0.404876 -0.463282
0.262655 -0.230292 1.946243 -0.256207 0.745389 -0.405219 -0.463196
0.262458 -0.229621 1.946256 -0.256268 0.745238 -0.405565 -0.463103
0.262267 -0.228952 1.946269 -0.256340 0.745085 -0.405914 -0.463003
0.262083 -0.228285 1.946281 -0.256424 0.744931 -0.406266 -0.462896
0.261904 -0.227620 1.946294 -0.256519 0.744775 -0.406621 -0.462783
0.261732 -0.226957 1.946307 -0.256625 0.744618 -0.406979 -0.462663
0.261565 -0.226296 1.946319 -0.256742 0.744459 -0.407338 -0.462536
0.261403 -0.225637 1.946331 -0.256870 0.744299 -0.407701 -0.462404
0.261247 -0.224979 1.946344 -0.257008 0.744138 -0.408065 -0.462265
0.261097 -0.224323 1.946356 -0.257156 0.743975 -0.408432 -0.462120
0.260951 -0.223669 1.946368 -0.257315 0.743812 -0.408801 -0.461969
0.260810 -0.223017 1.946380 -0.257483 0.743647 -0.409172 -0.461812
0.260675 -0.222367 1.946392 -0.257660 0.743481 -0.409545 -0.461650
0.260544 -0.221718 1.946404 -0.257847 0.743314 -0.409919 -0.461482
0.260417 -0.221071 1.946415 -0.258043 0.743146 -0.410295 -0.461309
0.260295 -0.220426 1.946427 -0.258248 0.742977 -0.410673 -0.461130
0.260178 -0.219782 1.946438 -0.258461 0.742807 -0.411053 -0.460946
0.259927 -0.219100 1.946464 -0.258348 0.742718 -0.411355 -0.460883
0.259610 -0.218399 1.946484 -0.258132 0.742665 -0.411587 -0.460882
0.259262 -0.217689 1.946494 -0.257878 0.742631 -0.411782 -0.460905
0.258903 -0.216973 1.946494 -0.257612 0.742606 -0.411961 -0.460935
0.258541 -0.216253 1.946488 -0.257348 0.742581 -0.412137 -0.460965
0.258183 -0.215530 1.946476 -0.257093 0.742553 -0.412317 -0.460992
0.257834 -0.214806 1.946461 -0.256852 0.742518 -0.412504 -0.461015
0.257493 -0.214081 1.946444 -0.256626 0.742475 -0.412701 -0.461034
0.257163 -0.213354 1.946425 -0.256418 0.742422 -0.412907 -0.461050
0.256844 -0.212627 1.946406 -0.256227 0.742360 -0.413125 -0.461060
0.256536 -0.211900 1.946387 -0.256054 0.742289 -0.413353 -0.461067
0.256238 -0.211173 1.946368 -0.255899 0.742209 -0.413591 -0.461068
0.255950 -0.210446 1.946350 -0.255761 0.742121 -0.413840 -0.461063
0.255672 -0.209719 1.946332 -0.255640 0.742024 -0.414099 -0.461053
0.255405 -0.208993 1.946315 -0.255536 0.741920 -0.414367 -0.461038
0.255146 -0.208268 1.946298 -0.255448 0.741809 -0.414645 -0.461016
0.254896 -0.207544 1.946283 -0.255376 0.741692 -0.414931 -0.460987
0.254655 -0.206822 1.946268 -0.255320 0.741568 -0.415225 -0.460952
0.254421 -0.206100 1.946253 -0.255279 0.741439 -0.415526 -0.460910
0.254196 -0.205380 1.946240 -0.255252 0.741305 -0.415836 -0.460862
0.253978 -0.204662 1.946227 -0.255240 0.741166 -0.416151 -0.460807
0.253767 -0.203945 1.946215 -0.255242 0.741023 -0.416474 -0.460745
0.253563 -0.203230 1.946204 -0.255258 0.740876 -0.416803 -0.460676
0.253366 -0.202517 1.946193 -0.255287 0.740725 -0.417137 -0.460600
0.253175 -0.201806 1.946183 -0.255330 0.740570 -0.417477 -0.460517
0.252990 -0.201097 1.946174 -0.255385 0.740412 -0.417822 -0.460427
0.252811 -0.200390 1.946165 -0.255452 0.740252 -0.418172 -0.460330
0.252637 -0.199685 1.946157 -0.255531 0.740088 -0.418526 -0.460227
0.252469 -0.198982 1.946150 -0.255623 0.739922 -0.418885 -0.460117
0.252306 -0.198281 1.946143 -0.255725 0.739754 -0.419248 -0.460000
0.252148 -0.197583 1.946136 -0.255839 0.739583 -0.419615 -0.459877
0.251995 -0.196886 1.946130 -0.255965 0.739410 -0.419985 -0.459747
0.251847 -0.196192 1.946125 -0.256100 0.739235 -0.420358 -0.459612
0.251703 -0.195500 1.946120 -0.256247 0.739059 -0.420735 -0.459469
0.251563 -0.194811 1.946115 -0.256403 0.738880 -0.421114 -0.459321
0.251427 -0.194124 1.946111 -0.256570 0.738701 -0.421497 -0.459167
0.251296 -0.193439 1.946108 -0.256746 0.738519 -0.421882 -0.459006
0.251168 -0.192756 1.946104 -0.256932 0.738336 -0.422269 -0.458840
0.251044 -0.192075 1.946101 -0.257127 0.738152 -0.422659 -0.458668
0.250924 -0.191397 1.946099 -0.257331 0.737967 -0.423051 -0.458491
0.250696 -0.190687 1.946110 -0.257171 0.737867 -0.423429 -0.458392
0.250417 -0.189962 1.946114 -0.256920 0.737794 -0.423752 -0.458351
0.250115 -0.189229 1.946109 -0.256640 0.737730 -0.424045 -0.458341
0.249806 -0.188491 1.946095 -0.256354 0.737668 -0.424323 -0.458343
0.249498 -0.187751 1.946075 -0.256074 0.737601 -0.424599 -0.458352
0.249194 -0.187008 1.946050 -0.255805 0.737527 -0.424877 -0.458363
0.248898 -0.186264 1.946021 -0.255551 0.737443 -0.425162 -0.458376
0.248611 -0.185520 1.945991 -0.255313 0.737349 -0.425454 -0.458389
0.248333 -0.184774 1.945960 -0.255093 0.737244 -0.425756 -0.458401
0.248065 -0.184028 1.945928 -0.254890 0.737128 -0.426066 -0.458411
0.247806 -0.183283 1.945896 -0.254705 0.737003 -0.426385 -0.458418
0.247556 -0.182538 1.945865 -0.254538 0.736868 -0.426714 -0.458423
0.247315 -0.181793 1.945833 -0.254388 0.736724 -0.427051 -0.458423
0.247083 -0.181049 1.945803 -0.254256 0.736572 -0.427396 -0.458419
0.246859 -0.180306 1.945773 -0.254140 0.736413 -0.427749 -0.458410
0.246642 -0.179565 1.945743 -0.254040 0.736247 -0.428109 -0.458396
0.246433 -0.178825 1.945715 -0.253957 0.736075 -0.428476 -0.458375
0.246230 -0.178086 1.945687 -0.253889 0.735897 -0.428849 -0.458349
0.246034 -0.177349 1.945660 -0.253836 0.735715 -0.429229 -0.458316
0.245844 -0.176614 1.945634 -0.253799 0.735527 -0.429614 -0.458277
0.245660 -0.175882 1.945609 -0.253776 0.735336 -0.430004 -0.458231
0.245482 -0.175151 1.945585 -0.253767 0.735141 -0.430399 -0.458178
0.245309 -0.174422 1.945561 -0.253772 0.734942 -0.430799 -0.458118
0.245141 -0.173696 1.945538 -0.253790 0.734741 -0.431203 -0.458051
0.244978 -0.172972 1.945516 -0.253822 0.734536 -0.431611 -0.457977
0.244819 -0.172251 1.945495 -0.253867 0.734329 -0.432023 -0.457895
0.244665 -0.171532 1.945475 -0.253924 0.734121 -0.432437 -0.457807
0.244515 -0.170815 1.945455 -0.253993 0.733910 -0.432855 -0.457712
0.244369 -0.170101 1.945436 -0.254075 0.733697 -0.433276 -0.457609
0.244227 -0.169390 1.945418 -0.254168 0.733483 -0.433699 -0.457500
0.244088 -0.168681 1.945400 -0.254273 0.733267 -0.434125 -0.457384
0.243952 -0.167975 1.945383 -0.254389 0.733050 -0.434553 -0.457261
0.243820 -0.167272 1.945366 -0.254515 0.732832 -0.434983 -0.457131
0.243692 -0.166571 1.945351 -0.254653 0.732613 -0.435414 -0.456995
0.243566 -0.165873 1.945335 -0.254801 0.732393 -0.435848 -0.456852
0.243443 -0.165178 1.945321 -0.254959 0.732173 -0.436282 -0.456702
0.243323 -0.164485 1.945307 -0.255127 0.731951 -0.436718 -0.456546
0.243205 -0.163795 1.945293 -0.255304 0.731729 -0.437156 -0.456384
0.243091 -0.163108 1.945280 -0.255492 0.731507 -0.437594 -0.456216
0.242978 -0.162423 1.945267 -0.255688 0.731284 -0.438033 -0.456042
0.242768 -0.161698 1.945264 -0.255608 0.731165 -0.438399 -0.455925
0.242513 -0.160950 1.945254 -0.255445 0.731096 -0.438707 -0.455832
0.242239 -0.160189 1.945238 -0.255252 0.731050 -0.438992 -0.455739
0.241961 -0.159416 1.945216 -0.255054 0.731014 -0.439272 -0.455638
0.241686 -0.158636 1.945190 -0.254861 0.730977 -0.439559 -0.455528
0.241417 -0.157849 1.945163 -0.254680 0.730933 -0.439859 -0.455410
0.241156 -0.157056 1.945136 -0.254515 0.730879 -0.440174 -0.455285
0.240904 -0.156259 1.945109 -0.254367 0.730813 -0.440505 -0.455155
0.240661 -0.155458 1.945084 -0.254236 0.730733 -0.440852 -0.455019
0.240428 -0.154654 1.945060 -0.254124 0.730641 -0.441215 -0.454878
0.240203 -0.153848 1.945038 -0.254029 0.730537 -0.441592 -0.454733
0.239986 -0.153040 1.945018 -0.253952 0.730420 -0.441984 -0.454583
0.239778 -0.152231 1.944999 -0.253893 0.730292 -0.442388 -0.454428
0.239577 -0.151421 1.944983 -0.253850 0.730154 -0.442804 -0.454269
0.239382 -0.150611 1.944968 -0.253823 0.730006 -0.443231 -0.454105
0.239195 -0.149801 1.944955 -0.253812 0.729849 -0.443669 -0.453935
0.239013 -0.148991 1.944943 -0.253817 0.729684 -0.444115 -0.453761
0.238838 -0.148183 1.944933 -0.253837 0.729512 -0.444570 -0.453582
0.238667 -0.147375 1.944925 -0.253870 0.729332 -0.445033 -0.453398
0.238502 -0.146569 1.944917 -0.253919 0.729147 -0.445503 -0.453208
0.238341 -0.145765 1.944911 -0.253980 0.728955 -0.445979 -0.453013
0.238184 -0.144963 1.944906 -0.254055 0.728759 -0.446461 -0.452813
0.238032 -0.144163 1.944902 -0.254143 0.728557 -0.446947 -0.452608
0.237883 -0.143366 1.944899 -0.254243 0.728351 -0.447439 -0.452398
0.237738 -0.142571 1.944896 -0.254355 0.728142 -0.447934 -0.452182
0.237596 -0.141779 1.944895 -0.254479 0.727928 -0.448433 -0.451961
0.237457 -0.140989 1.944894 -0.254614 0.727712 -0.448935 -0.451736
0.237321 -0.140203 1.944894 -0.254760 0.727492 -0.449440 -0.451505
0.237187 -0.139420 1.944895 -0.254917 0.727270 -0.449947 -0.451269
0.237056 -0.138640 1.944896 -0.255084 0.727045 -0.450456 -0.451029
0.236928 -0.137863 1.944898 -0.255262 0.726818 -0.450967 -0.450783
0.236801 -0.137089 1.944901 -0.255449 0.726589 -0.451479 -0.450533
0.236677 -0.136319 1.944903 -0.255647 0.726359 -0.451992 -0.450279
0.236554 -0.135553 1.944907 -0.255853 0.726126 -0.452507 -0.450020
0.236434 -0.134789 1.944910 -0.256069 0.725892 -0.453021 -0.449756
0.236315 -0.134030 1.944914 -0.256293 0.725657 -0.453537 -0.449488
0.236197 -0.133274 1.944919 -0.256526 0.725421 -0.454052 -0.449216
0.236081 -0.132521 1.944923 -0.256768 0.725184 -0.454568 -0.448940
0.235967 -0.131772 1.944928 -0.257017 0.724945 -0.455083 -0.448660
0.235853 -0.131027 1.944933 -0.257275 0.724706 -0.455598 -0.448376
0.235680 -0.130252 1.944943 -0.257333 0.724545 -0.456030 -0.448164
0.235482 -0.129463 1.944947 -0.257338 0.724417 -0.456400 -0.447991
0.235276 -0.128666 1.944945 -0.257329 0.724303 -0.456740 -0.447834
0.235069 -0.127864 1.944938 -0.257319 0.724193 -0.457070 -0.447680
0.234866 -0.127059 1.944929 -0.257317 0.724080 -0.457401 -0.447527
0.234668 -0.126253 1.944918 -0.257324 0.723962 -0.457737 -0.447371
0.234475 -0.125446 1.944907 -0.257343 0.723834 -0.458081 -0.447214
0.234288 -0.124638 1.944895 -0.257375 0.723698 -0.458434 -0.447054
0.234107 -0.123830 1.944883 -0.257420 0.723553 -0.458798 -0.446891
0.233931 -0.123023 1.944872 -0.257477 0.723398 -0.459171 -0.446725
0.233761 -0.122217 1.944862 -0.257548 0.723234 -0.459553 -0.446556
0.233595 -0.121412 1.944852 -0.257631 0.723063 -0.459943 -0.446384
0.233433 -0.120609 1.944843 -0.257726 0.722884 -0.460342 -0.446208
0.233275 -0.119807 1.944835 -0.257833 0.722697 -0.460748 -0.446029
0.233122 -0.119007 1.944827 -0.257952 0.722505 -0.461162 -0.445845
0.232971 -0.118210 1.944820 -0.258082 0.722306 -0.461581 -0.445657
0.232824 -0.117415 1.944814 -0.258224 0.722102 -0.462006 -0.445465
0.232680 -0.116623 1.944808 -0.258376 0.721894 -0.462437 -0.445268
0.232538 -0.115833 1.944803 -0.258539 0.721680 -0.462872 -0.445067
0.232399 -0.115046 1.944799 -0.258712 0.721463 -0.463312 -0.444861
0.232262 -0.114263 1.944795 -0.258895 0.721242 -0.463756 -0.444650
0.232128 -0.113482 1.944792 -0.259088 0.721018 -0.464203 -0.444435
0.231995 -0.112705 1.944789 -0.259291 0.720790 -0.464654 -0.444215
0.231864 -0.111931 1.944787 -0.259503 0.720560 -0.465107 -0.443990
0.231734 -0.111160 1.944786 -0.259724 0.720327 -0.465563 -0.443760
0.231606 -0.110393 1.944784 -0.259953 0.720092 -0.466022 -0.443526
0.231479 -0.109629 1.944783 -0.260192 0.719855 -0.466482 -0.443287
0.231353 -0.108869 1.944783 -0.260438 0.719617 -0.466944 -0.443043
0.231229 -0.108112 1.944783 -0.260693 0.719376 -0.467408 -0.442795
0.231105 -0.107359 1.944783 -0.260956 0.719134 -0.467873 -0.442542
0.230983 -0.106609 1.944783 -0.261226 0.718891 -0.468339 -0.442285
0.230861 -0.105863 1.944784 -0.261504 0.718646 -0.468806 -0.442023
0.230740 -0.105121 1.944785 -0.261790 0.718401 -0.469273 -0.441757
0.230620 -0.104382 1.944786 -0.262083 0.718154 -0.469742 -0.441486
0.230500 -0.103647 1.944788 -0.262382 0.717906 -0.470211 -0.441212
0.230381 -0.102915 1.944789 -0.262689 0.717658 -0.470680 -0.440933
0.230262 -0.102187 1.944791 -0.263002 0.717409 -0.471149 -0.440650
0.230144 -0.101463 1.944794 -0.263322 0.717159 -0.471618 -0.440364
0.230026 -0.100742 1.944796 -0.263648 0.716909 -0.472088 -0.440073
0.229908 -0.100024 1.944798 -0.263981 0.716658 -0.472557 -0.439779
0.229770 -0.099286 1.944749 -0.264328 0.716532 -0.472838 -0.439474
0.229625 -0.098531 1.944671 -0.264657 0.716479 -0.473042 -0.439142
0.229480 -0.097766 1.944575 -0.264976 0.716463 -0.473214 -0.438790
0.229340 -0.096992 1.944471 -0.265292 0.716459 -0.473380 -0.438427
0.229206 -0.096210 1.944363 -0.265610 0.716454 -0.473550 -0.438059
0.229077 -0.095423 1.944254 -0.265933 0.716440 -0.473732 -0.437689
0.228955 -0.094632 1.944145 -0.266262 0.716413 -0.473928 -0.437321
0.228839 -0.093836 1.944038 -0.266597 0.716371 -0.474141 -0.436955
0.228728 -0.093038 1.943933 -0.266939 0.716314 -0.474369 -0.436591
0.228622 -0.092237 1.943830 -0.267288 0.716241 -0.474613 -0.436232
0.228520 -0.091435 1.943729 -0.267644 0.716154 -0.474872 -0.435875
0.228422 -0.090632 1.943631 -0.268007 0.716053 -0.475144 -0.435521
0.228327 -0.089829 1.943536 -0.268376 0.715939 -0.475430 -0.435170
0.228235 -0.089025 1.943443 -0.268752 0.715812 -0.475727 -0.434821
0.228145 -0.088222 1.943352 -0.269134 0.715674 -0.476036 -0.434473
0.228057 -0.087420 1.943264 -0.269521 0.715526 -0.476355 -0.434127
0.227971 -0.086618 1.943179 -0.269915 0.715369 -0.476684 -0.433781
0.227886 -0.085818 1.943095 -0.270313 0.715202 -0.477022 -0.433437
0.227803 -0.085020 1.943014 -0.270718 0.715027 -0.477367 -0.433092
0.227720 -0.084223 1.942935 -0.271127 0.714844 -0.477721 -0.432748
0.227638 -0.083429 1.942858 -0.271542 0.714654 -0.478081 -0.432403
0.227556 -0.082637 1.942784 -0.271961 0.714458 -0.478447 -0.432058
0.227474 -0.081847 1.942711 -0.272385 0.714256 -0.478820 -0.431713
0.227393 -0.081061 1.942640 -0.272814 0.714049 -0.479198 -0.431366
0.227330 -0.080285 1.942571 -0.273289 0.713824 -0.479578 -0.431013
0.227281 -0.079520 1.942508 -0.273800 0.713588 -0.479960 -0.430655
0.227242 -0.078769 1.942449 -0.274338 0.713343 -0.480340 -0.430294
0.227209 -0.078030 1.942396 -0.274900 0.713094 -0.480715 -0.429930
0.227181 -0.077306 1.942348 -0.275480 0.712844 -0.481083 -0.429561
0.227153 -0.076595 1.942305 -0.276075 0.712597 -0.481443 -0.429186
0.227126 -0.075899 1.942265 -0.276683 0.712354 -0.481792 -0.428806
0.227097 -0.075216 1.942228 -0.277300 0.712117 -0.482131 -0.428420
0.227065 -0.074546 1.942194 -0.277925 0.711887 -0.482459 -0.428027
0.227030 -0.073889 1.942162 -0.278556 0.711666 -0.482775 -0.427628
0.226991 -0.073245 1.942132 -0.279191 0.711453 -0.483081 -0.427223
0.226948 -0.072612 1.942104 -0.279829 0.711249 -0.483376 -0.426812
0.226900 -0.071991 1.942077 -0.280469 0.711053 -0.483661 -0.426396
0.226848 -0.071380 1.942051 -0.281109 0.710866 -0.483936 -0.425974
0.226790 -0.070778 1.942026 -0.281750 0.710686 -0.484202 -0.425547
0.226728 -0.070185 1.942001 -0.282391 0.710514 -0.484460 -0.425116
0.226719 -0.069571 1.941874 -0.283606 0.710369 -0.484311 -0.424720
0.226749 -0.068937 1.941707 -0.284919 0.710294 -0.484081 -0.424228
0.226807 -0.068285 1.941522 -0.286256 0.710254 -0.483841 -0.423668
0.226886 -0.067620 1.941333 -0.287601 0.710223 -0.483612 -0.423069
0.226979 -0.066945 1.941145 -0.288949 0.710187 -0.483403 -0.422451
0.227083 -0.066262 1.940961 -0.290296 0.710137 -0.483216 -0.421825
0.227195 -0.065573 1.940783 -0.291639 0.710072 -0.483052 -0.421195
0.227311 -0.064879 1.940611 -0.292976 0.709990 -0.482910 -0.420567
0.227430 -0.064182 1.940445 -0.294307 0.709891 -0.482790 -0.419943
0.227550 -0.063483 1.940284 -0.295628 0.709778 -0.482688 -0.419323
0.227669 -0.062783 1.940129 -0.296940 0.709650 -0.482605 -0.418708
0.227787 -0.062082 1.939979 -0.298242 0.709509 -0.482537 -0.418098
0.227903 -0.061382 1.939834 -0.299533 0.709357 -0.482485 -0.417494
0.228016 -0.060681 1.939693 -0.300812 0.709195 -0.482446 -0.416895
0.228126 -0.059981 1.939556 -0.302079 0.709023 -0.482420 -0.416301
0.228232 -0.059282 1.939423 -0.303333 0.708842 -0.482406 -0.415712
0.228334 -0.058584 1.939295 -0.304576 0.708653 -0.482403 -0.415128
0.228431 -0.057888 1.939169 -0.305806 0.708457 -0.482411 -0.414549
0.228524 -0.057192 1.939047 -0.307023 0.708255 -0.482429 -0.413974
0.228612 -0.056499 1.938928 -0.308227 0.708046 -0.482457 -0.413403
0.228696 -0.055807 1.938812 -0.309419 0.707831 -0.482494 -0.412837
0.228775 -0.055116 1.938700 -0.310598 0.707611 -0.482540 -0.412276
0.228849 -0.054427 1.938590 -0.311765 0.707385 -0.482594 -0.411718
0.228918 -0.053740 1.938482 -0.312920 0.707155 -0.482656 -0.411164
0.228983 -0.053054 1.938378 -0.314062 0.706920 -0.482727 -0.410615
0.229043 -0.052370 1.938275 -0.315193 0.706680 -0.482805 -0.410069
0.229098 -0.051687 1.938176 -0.316311 0.706436 -0.482891 -0.409527
0.229148 -0.051007 1.938078 -0.317418 0.706187 -0.482984 -0.408988
0.229195 -0.050327 1.937983 -0.318514 0.705935 -0.483084 -0.408454
0.229236 -0.049650 1.937890 -0.319598 0.705679 -0.483192 -0.407923
0.229273 -0.048974 1.937799 -0.320671 0.705418 -0.483306 -0.407395
0.229306 -0.048300 1.937711 -0.321734 0.705154 -0.483426 -0.406871
0.229334 -0.047627 1.937624 -0.322786 0.704887 -0.483553 -0.406350
0.229358 -0.046956 1.937540 -0.323828 0.704616 -0.483687 -0.405832
0.229379 -0.046286 1.937457 -0.324859 0.704341 -0.483826 -0.405317
0.229395 -0.045618 1.937376 -0.325881 0.704063 -0.483971 -0.404806
0.229406 -0.044951 1.937297 -0.326893 0.703783 -0.484123 -0.404298
0.229414 -0.044287 1.937220 -0.327895 0.703498 -0.484279 -0.403792
0.229419 -0.043623 1.937145 -0.328889 0.703211 -0.484442 -0.403289
0.229419 -0.042962 1.937072 -0.329873 0.702921 -0.484609 -0.402790
0.229440 -0.042264 1.936942 -0.331309 0.702563 -0.484431 -0.402450
0.229480 -0.041538 1.936793 -0.332806 0.702226 -0.484190 -0.402093
0.229536 -0.040790 1.936637 -0.334307 0.701899 -0.483948 -0.401710
0.229606 -0.040026 1.936480 -0.335805 0.701567 -0.483723 -0.401311
0.229685 -0.039249 1.936327 -0.337295 0.701223 -0.483524 -0.400902
0.229771 -0.038461 1.936178 -0.338777 0.700863 -0.483353 -0.400490
0.229862 -0.037666 1.936034 -0.340248 0.700485 -0.483209 -0.400076
0.229956 -0.036865 1.935895 -0.341708 0.700091 -0.483092 -0.399663
0.230051 -0.036060 1.935761 -0.343156 0.699682 -0.482999 -0.399251
0.230146 -0.035252 1.935632 -0.344590 0.699259 -0.482929 -0.398840
0.230240 -0.034442 1.935509 -0.346011 0.698825 -0.482879 -0.398432
0.230333 -0.033632 1.935389 -0.347418 0.698380 -0.482849 -0.398025
0.230422 -0.032821 1.935274 -0.348810 0.697925 -0.482835 -0.397620
0.230509 -0.032010 1.935162 -0.350188 0.697464 -0.482838 -0.397216
0.230591 -0.031200 1.935054 -0.351551 0.696995 -0.482855 -0.396813
0.230670 -0.030392 1.934950 -0.352899 0.696521 -0.482886 -0.396411
0.230744 -0.029586 1.934849 -0.354232 0.696043 -0.482929 -0.396010
0.230814 -0.028782 1.934751 -0.355550 0.695561 -0.482983 -0.395609
0.230878 -0.027980 1.934656 -0.356853 0.695076 -0.483048 -0.395209
0.230938 -0.027181 1.934564 -0.358141 0.694588 -0.483124 -0.394809
0.230992 -0.026385 1.934474 -0.359415 0.694098 -0.483208 -0.394409
0.231042 -0.025592 1.934387 -0.360674 0.693607 -0.483302 -0.394009
0.231086 -0.024802 1.934302 -0.361918 0.693114 -0.483404 -0.393609
0.231125 -0.024015 1.934220 -0.363149 0.692621 -0.483514 -0.393209
0.231158 -0.023231 1.934140 -0.364365 0.692127 -0.483632 -0.392810
0.231186 -0.022450 1.934062 -0.365567 0.691632 -0.483756 -0.392410
0.231209 -0.021673 1.933986 -0.366756 0.691138 -0.483888 -0.392009
0.231227 -0.020900 1.933912 -0.367931 0.690643 -0.484026 -0.391609
0.231239 -0.020129 1.933839 -0.369092 0.690149 -0.484170 -0.391209
0.231247 -0.019363 1.933769 -0.370241 0.689655 -0.484321 -0.390808
0.231249 -0.018599 1.933700 -0.371377 0.689161 -0.484477 -0.390408
0.231246 -0.017839 1.933633 -0.372500 0.688668 -0.484639 -0.390007
0.231238 -0.017083 1.933567 -0.373611 0.688175 -0.484806 -0.389606
0.231225 -0.016329 1.933504 -0.374710 0.687684 -0.484978 -0.389205
0.231208 -0.015580 1.933441 -0.375797 0.687192 -0.485155 -0.388804
0.231186 -0.014833 1.933380 -0.376872 0.686702 -0.485337 -0.388402
0.231159 -0.014090 1.933321 -0.377936 0.686212 -0.485524 -0.388001
0.231127 -0.013350 1.933263 -0.378989 0.685723 -0.485715 -0.387599
0.231091 -0.012613 1.933206 -0.380030 0.685234 -0.485910 -0.387198
0.231050 -0.011880 1.933151 -0.381061 0.684747 -0.486110 -0.386796
0.231004 -0.011104 1.933092 -0.382119 0.684269 -0.486201 -0.386484
0.230965 -0.010297 1.933033 -0.383170 0.683797 -0.486267 -0.386195
0.230935 -0.009467 1.932974 -0.384217 0.683318 -0.486340 -0.385911
0.230914 -0.008619 1.932918 -0.385260 0.682825 -0.486432 -0.385629
0.230900 -0.007757 1.932863 -0.386301 0.682314 -0.486547 -0.385346
0.230893 -0.006885 1.932812 -0.387339 0.681785 -0.486687 -0.385064
0.230890 -0.006005 1.932763 -0.388372 0.681238 -0.486851 -0.384782
0.230889 -0.005120 1.932717 -0.389402 0.680676 -0.487037 -0.384501
0.230890 -0.004230 1.932673 -0.390426 0.680100 -0.487243 -0.384221
0.230891 -0.003337 1.932632 -0.391444 0.679512 -0.487466 -0.383942
0.230892 -0.002442 1.932593 -0.392456 0.678915 -0.487704 -0.383663
0.230890 -0.001547 1.932557 -0.393462 0.678308 -0.487957 -0.383384
0.230887 -0.000653 1.932522 -0.394461 0.677695 -0.488222 -0.383104
0.230881 0.000241 1.932489 -0.395454 0.677076 -0.488498 -0.382823
0.230872 0.001133 1.932458 -0.396439 0.676454 -0.488783 -0.382541
0.230860 0.002022 1.932428 -0.397417 0.675828 -0.489077 -0.382257
0.230843 0.002909 1.932399 -0.398388 0.675200 -0.489378 -0.381971
0.230823 0.003793 1.932372 -0.399351 0.674570 -0.489686 -0.381683
0.230798 0.004673 1.932346 -0.400307 0.673940 -0.489999 -0.381393
0.230769 0.005549 1.932322 -0.401255 0.673310 -0.490317 -0.381099
0.230735 0.006421 1.932298 -0.402197 0.672681 -0.490640 -0.380803
0.230697 0.007289 1.932275 -0.403130 0.672052 -0.490967 -0.380505
0.230653 0.008153 1.932253 -0.404056 0.671425 -0.491297 -0.380203
0.230605 0.009012 1.932232 -0.404975 0.670800 -0.491630 -0.379899
0.230552 0.009867 1.932211 -0.405887 0.670176 -0.491966 -0.379591
0.230494 0.010717 1.932191 -0.406791 0.669555 -0.492304 -0.379281
0.230431 0.011562 1.932172 -0.407688 0.668937 -0.492644 -0.378967
0.230364 0.012402 1.932154 -0.408578 0.668320 -0.492986 -0.378651
0.230291 0.013238 1.932136 -0.409461 0.667707 -0.493330 -0.378332
0.230214 0.014068 1.932119 -0.410337 0.667096 -0.493675 -0.378010
0.230132 0.014894 1.932102 -0.411206 0.666488 -0.494022 -0.377685
0.230045 0.015716 1.932085 -0.412068 0.665883 -0.494369 -0.377357
0.229953 0.016532 1.932070 -0.412923 0.665282 -0.494718 -0.377026
0.229857 0.017343 1.932054 -0.413772 0.664683 -0.495067 -0.376693
0.229756 0.018150 1.932039 -0.414615 0.664087 -0.495417 -0.376358
0.229650 0.018952 1.932024 -0.415451 0.663494 -0.495768 -0.376020
0.229541 0.019749 1.932010 -0.416281 0.662904 -0.496119 -0.375679
0.229426 0.020542 1.931996 -0.417105 0.662317 -0.496471 -0.375336
0.229308 0.021330 1.931983 -0.417922 0.661732 -0.496824 -0.374990
0.229185 0.022114 1.931969 -0.418734 0.661151 -0.497176 -0.374642
0.228993 0.022940 1.932033 -0.419072 0.660761 -0.497626 -0.374356
0.228773 0.023794 1.932127 -0.419317 0.660391 -0.498068 -0.374145
0.228544 0.024668 1.932236 -0.419544 0.660017 -0.498511 -0.373963
0.228312 0.025558 1.932352 -0.419772 0.659630 -0.498964 -0.373784
0.228081 0.026459 1.932471 -0.420010 0.659230 -0.499432 -0.373597
0.227850 0.027368 1.932593 -0.420258 0.658817 -0.499917 -0.373398
0.227620 0.028285 1.932715 -0.420518 0.658389 -0.500418 -0.373189
0.227391 0.029207 1.932838 -0.420789 0.657949 -0.500934 -0.372967
0.227161 0.030132 1.932961 -0.421071 0.657497 -0.501463 -0.372736
0.226931 0.031061 1.933084 -0.421364 0.657033 -0.502004 -0.372494
0.226700 0.031991 1.933207 -0.421666 0.656560 -0.502555 -0.372243
0.226468 0.032921 1.933329 -0.421978 0.656078 -0.503114 -0.371984
0.226234 0.033852 1.933451 -0.422300 0.655587 -0.503682 -0.371717
0.226000 0.034782 1.933571 -0.422630 0.655090 -0.504255 -0.371441
0.225763 0.035711 1.933691 -0.422969 0.654586 -0.504833 -0.371158
0.225525 0.036637 1.933810 -0.423315 0.654077 -0.505415 -0.370868
0.225284 0.037562 1.933928 -0.423670 0.653564 -0.506000 -0.370570
0.225042 0.038483 1.934045 -0.424031 0.653046 -0.506588 -0.370266
0.224797 0.039400 1.934161 -0.424400 0.652525 -0.507177 -0.369955
0.224551 0.040315 1.934276 -0.424776 0.652002 -0.507767 -0.369638
0.224301 0.041225 1.934390 -0.425158 0.651476 -0.508357 -0.369314
0.224050 0.042130 1.934502 -0.425546 0.650949 -0.508947 -0.368984
0.223796 0.043031 1.934613 -0.425940 0.650420 -0.509537 -0.368649
0.223540 0.043928 1.934722 -0.426339 0.649890 -0.510125 -0.368307
0.223281 0.044819 1.934831 -0.426745 0.649360 -0.510711 -0.367960
0.223020 0.045705 1.934938 -0.427155 0.648830 -0.511295 -0.367608
0.222757 0.046586 1.935043 -0.427570 0.648300 -0.511877 -0.367251
0.222491 0.047461 1.935147 -0.427989 0.647770 -0.512457 -0.366889
0.222222 0.048331 1.935250 -0.428413 0.647240 -0.513034 -0.366522
0.221951 0.049196 1.935351 -0.428842 0.646711 -0.513608 -0.366151
0.221677 0.050054 1.935451 -0.429274 0.646184 -0.514178 -0.365775
0.221401 0.050907 1.935549 -0.429710 0.645657 -0.514746 -0.365394
0.221122 0.051754 1.935646 -0.430150 0.645131 -0.515309 -0.365010
0.220842 0.052596 1.935742 -0.430593 0.644607 -0.515870 -0.364622
0.220560 0.053431 1.935838 -0.431038 0.644083 -0.516430 -0.364230
0.220278 0.054260 1.935935 -0.431484 0.643559 -0.516990 -0.363833
0.219995 0.055082 1.936034 -0.431930 0.643037 -0.517548 -0.363432
0.219714 0.055896 1.936134 -0.432376 0.642517 -0.518106 -0.363027
0.219433 0.056703 1.936235 -0.432821 0.641999 -0.518663 -0.362619
0.219154 0.057500 1.936337 -0.433265 0.641484 -0.519217 -0.362208
0.218809 0.058340 1.936489 -0.433234 0.641200 -0.519861 -0.361822
0.218443 0.059208 1.936655 -0.433119 0.640943 -0.520489 -0.361511
0.218073 0.060099 1.936826 -0.432993 0.640676 -0.521114 -0.361236
0.217706 0.061005 1.936999 -0.432873 0.640389 -0.521747 -0.360974
0.217347 0.061922 1.937172 -0.432766 0.640081 -0.522394 -0.360714
0.216996 0.062848 1.937346 -0.432673 0.639750 -0.523057 -0.360452
0.216652 0.063779 1.937519 -0.432594 0.639398 -0.523735 -0.360187
0.216315 0.064713 1.937692 -0.432528 0.639028 -0.524426 -0.359918
0.215984 0.065648 1.937865 -0.432474 0.638641 -0.525127 -0.359645
0.215660 0.066582 1.938037 -0.432432 0.638240 -0.525838 -0.359369
0.215341 0.067512 1.938209 -0.432401 0.637828 -0.526554 -0.359090
0.215028 0.068439 1.938379 -0.432380 0.637405 -0.527275 -0.358808
0.214719 0.069360 1.938549 -0.432368 0.636975 -0.527998 -0.358524
0.214415 0.070274 1.938717 -0.432364 0.636538 -0.528722 -0.358237
0.214115 0.071181 1.938884 -0.432369 0.636097 -0.529444 -0.357949
0.213820 0.072079 1.939049 -0.432380 0.635652 -0.530164 -0.357659
0.213528 0.072967 1.939213 -0.432399 0.635206 -0.530880 -0.357368
0.213240 0.073846 1.939376 -0.432423 0.634759 -0.531591 -0.357075
0.212955 0.074715 1.939536 -0.432453 0.634312 -0.532296 -0.356782
0.212674 0.075572 1.939694 -0.432488 0.633867 -0.532995 -0.356488
0.212396 0.076418 1.939851 -0.432527 0.633423 -0.533686 -0.356194
0.212122 0.077252 1.940005 -0.432571 0.632982 -0.534369 -0.355900
0.211850 0.078074 1.940158 -0.432619 0.632545 -0.535044 -0.355606
0.211582 0.078884 1.940308 -0.432670 0.632111 -0.535709 -0.355313
0.211318 0.079681 1.940455 -0.432723 0.631682 -0.536365 -0.355021
0.211056 0.080466 1.940601 -0.432780 0.631258 -0.537012 -0.354730
0.210797 0.081238 1.940744 -0.432839 0.630839 -0.537648 -0.354441
0.210542 0.081997 1.940885 -0.432900 0.630425 -0.538273 -0.354153
0.210289 0.082744 1.941023 -0.432962 0.630016 -0.538889 -0.353867
0.210040 0.083477 1.941159 -0.433027 0.629614 -0.539493 -0.353583
0.209793 0.084198 1.941292 -0.433092 0.629218 -0.540088 -0.353301
0.209550 0.084906 1.941423 -0.433159 0.628828 -0.540671 -0.353022
0.209310 0.085602 1.941552 -0.433226 0.628444 -0.541243 -0.352745
0.209073 0.086285 1.941678 -0.433294 0.628066 -0.541805 -0.352471
0.208839 0.086955 1.941801 -0.433363 0.627695 -0.542356 -0.352200
0.208608 0.087613 1.941922 -0.433432 0.627331 -0.542896 -0.351933
0.208380 0.088258 1.942041 -0.433501 0.626973 -0.543426 -0.351668
0.208156 0.088891 1.942157 -0.433571 0.626621 -0.543944 -0.351407
0.207934 0.089513 1.942270 -0.433640 0.626276 -0.544453 -0.351150
0.207715 0.090122 1.942382 -0.433709 0.625937 -0.544951 -0.350896
0.207479 0.090781 1.942492 -0.433590 0.625754 -0.545439 -0.350610
0.207247 0.091477 1.942595 -0.433455 0.625600 -0.545903 -0.350330
0.207025 0.092200 1.942693 -0.433333 0.625440 -0.546363 -0.350050
0.206815 0.092943 1.942786 -0.433228 0.625261 -0.546832 -0.349767
0.206618 0.093702 1.942877 -0.433139 0.625059 -0.547316 -0.349481
0.206431 0.094472 1.942966 -0.433065 0.624833 -0.547816 -0.349194
0.206253 0.095249 1.943054 -0.433003 0.624584 -0.548331 -0.348908
0.206083 0.096031 1.943140 -0.432953 0.624314 -0.548859 -0.348623
0.205919 0.096816 1.943226 -0.432913 0.624025 -0.549398 -0.348341
0.205762 0.097600 1.943311 -0.432882 0.623720 -0.549946 -0.348062
0.205609 0.098383 1.943396 -0.432859 0.623401 -0.550499 -0.347786
0.205461 0.099163 1.943480 -0.432844 0.623071 -0.551057 -0.347512
0.205317 0.099939 1.943562 -0.432836 0.622731 -0.551618 -0.347242
0.205176 0.100709 1.943645 -0.432833 0.622384 -0.552179 -0.346975
0.205038 0.101472 1.943726 -0.432837 0.622032 -0.552740 -0.346710
0.204902 0.102229 1.943806 -0.432845 0.621675 -0.553298 -0.346449
0.204769 0.102977 1.943885 -0.432858 0.621315 -0.553854 -0.346189
0.204639 0.103717 1.943964 -0.432875 0.620954 -0.554406 -0.345933
0.204510 0.104448 1.944041 -0.432897 0.620592 -0.554953 -0.345679
0.204383 0.105170 1.944117 -0.432921 0.620230 -0.555494 -0.345427
0.204257 0.105882 1.944192 -0.432949 0.619870 -0.556030 -0.345178
0.204133 0.106583 1.944266 -0.432979 0.619511 -0.556558 -0.344932
0.204011 0.107275 1.944339 -0.433012 0.619154 -0.557080 -0.344688
0.203890 0.107956 1.944411 -0.433047 0.618801 -0.557595 -0.344447
0.203770 0.108626 1.944481 -0.433084 0.618450 -0.558102 -0.344208
0.203652 0.109286 1.944550 -0.433123 0.618104 -0.558601 -0.343972
0.203535 0.109935 1.944618 -0.433163 0.617761 -0.559092 -0.343739
0.203419 0.110573 1.944685 -0.433205 0.617423 -0.559575 -0.343509
0.203304 0.111201 1.944750 -0.433247 0.617088 -0.560050 -0.343282
0.203191 0.111817 1.944814 -0.433291 0.616759 -0.560517 -0.343058
0.203079 0.112423 1.944877 -0.433335 0.616434 -0.560975 -0.342836
0.202968 0.113019 1.944938 -0.433379 0.616115 -0.561425 -0.342618
0.202858 0.113604 1.944998 -0.433425 0.615800 -0.561866 -0.342404
0.202749 0.114178 1.945057 -0.433470 0.615490 -0.562299 -0.342192
0.202642 0.114742 1.945115 -0.433516 0.615185 -0.562724 -0.341984
0.202536 0.115296 1.945171 -0.433561 0.614886 -0.563141 -0.341778
0.202431 0.115840 1.945226 -0.433607 0.614591 -0.563549 -0.341577
0.202328 0.116373 1.945279 -0.433653 0.614302 -0.563950 -0.341378
0.202226 0.116897 1.945331 -0.433699 0.614017 -0.564342 -0.341183
0.202125 0.117411 1.945382 -0.433744 0.613738 -0.564727 -0.340992
0.202023 0.117972 1.945437 -0.433764 0.613519 -0.565054 -0.340817
0.201931 0.118567 1.945490 -0.433792 0.613319 -0.565362 -0.340631
0.201854 0.119185 1.945541 -0.433834 0.613117 -0.565670 -0.340430
0.201791 0.119819 1.945590 -0.433889 0.612905 -0.565988 -0.340215
0.201738 0.120464 1.945637 -0.433954 0.612678 -0.566317 -0.339992
0.201694 0.121116 1.945681 -0.434027 0.612436 -0.566658 -0.339765
0.201658 0.121772 1.945724 -0.434107 0.612179 -0.567011 -0.339538
0.201628 0.122430 1.945766 -0.434191 0.611909 -0.567373 -0.339314
0.201602 0.123086 1.945806 -0.434278 0.611627 -0.567742 -0.339093
0.201580 0.123741 1.945845 -0.434367 0.611335 -0.568117 -0.338877
0.201561 0.124393 1.945883 -0.434458 0.611035 -0.568496 -0.338666
0.201545 0.125040 1.945919 -0.434551 0.610728 -0.568877 -0.338461
0.201530 0.125682 1.945955 -0.434644 0.610416 -0.569260 -0.338260
0.201517 0.126318 1.945989 -0.434738 0.610100 -0.569643 -0.338064
0.201506 0.126947 1.946022 -0.434832 0.609782 -0.570025 -0.337873
0.201495 0.127569 1.946055 -0.434926 0.609462 -0.570406 -0.337687
0.201486 0.128183 1.946086 -0.435020 0.609141 -0.570785 -0.337505
0.201477 0.128790 1.946117 -0.435114 0.608821 -0.571160 -0.337327
0.201468 0.129388 1.946147 -0.435207 0.608501 -0.571532 -0.337153
0.201460 0.129977 1.946176 -0.435300 0.608183 -0.571900 -0.336983
0.201452 0.130558 1.946204 -0.435393 0.607866 -0.572264 -0.336817
0.201444 0.131129 1.946232 -0.435484 0.607553 -0.572623 -0.336655
0.201437 0.131692 1.946259 -0.435575 0.607242 -0.572977 -0.336495
0.201429 0.132246 1.946285 -0.435665 0.606934 -0.573326 -0.336340
0.201421 0.132791 1.946310 -0.435754 0.606630 -0.573670 -0.336187
0.201414 0.133326 1.946335 -0.435842 0.606330 -0.574008 -0.336037
0.201406 0.133852 1.946359 -0.435928 0.606033 -0.574341 -0.335891
0.201398 0.134370 1.946382 -0.436014 0.605741 -0.574668 -0.335748
0.201390 0.134878 1.946405 -0.436098 0.605453 -0.574990 -0.335607
0.201382 0.135377 1.946427 -0.436180 0.605169 -0.575306 -0.335470
0.201374 0.135868 1.946448 -0.436262 0.604890 -0.575616 -0.335336
0.201366 0.136349 1.946469 -0.436342 0.604615 -0.575921 -0.335204
0.201357 0.136822 1.946489 -0.436421 0.604344 -0.576220 -0.335075
0.201349 0.137286 1.946508 -0.436498 0.604079 -0.576513 -0.334949
0.201340 0.137742 1.946527 -0.436574 0.603817 -0.576801 -0.334826
0.201331 0.138189 1.946545 -0.436648 0.603561 -0.577084 -0.334705
0.201322 0.138629 1.946562 -0.436721 0.603308 -0.577361 -0.334588
0.201313 0.139059 1.946579 -0.436792 0.603060 -0.577632 -0.334472
0.201304 0.139482 1.946596 -0.436862 0.602817 -0.577899 -0.334360
0.201296 0.139897 1.946611 -0.436931 0.602578 -0.578160 -0.334250
0.201281 0.140375 1.946598 -0.437064 0.602408 -0.578259 -0.334210
0.201275 0.140901 1.946566 -0.437224 0.602273 -0.578306 -0.334163
0.201284 0.141462 1.946521 -0.437405 0.602142 -0.578344 -0.334097
0.201307 0.142051 1.946468 -0.437603 0.601997 -0.578392 -0.334015
0.201342 0.142659 1.946410 -0.437813 0.601830 -0.578460 -0.333923
0.201387 0.143284 1.946349 -0.438032 0.601638 -0.578550 -0.333825
0.201440 0.143919 1.946286 -0.438257 0.601422 -0.578662 -0.333727
0.201500 0.144562 1.946222 -0.438485 0.601183 -0.578793 -0.333629
0.201564 0.145210 1.946158 -0.438715 0.600923 -0.578943 -0.333534
0.201632 0.145861 1.946093 -0.438946 0.600646 -0.579108 -0.333443
0.201703 0.146512 1.946029 -0.439177 0.600354 -0.579287 -0.333355
0.201776 0.147163 1.945966 -0.439407 0.600048 -0.579477 -0.333271
0.201850 0.147811 1.945903 -0.439636 0.599733 -0.579677 -0.333190
0.201925 0.148456 1.945841 -0.439864 0.599409 -0.579884 -0.333112
0.202000 0.149096 1.945779 -0.440090 0.599078 -0.580097 -0.333037
0.202075 0.149731 1.945718 -0.440314 0.598743 -0.580315 -0.332964
0.202150 0.150361 1.945659 -0.440535 0.598403 -0.580537 -0.332894
0.202225 0.150983 1.945600 -0.440755 0.598062 -0.580762 -0.332826
0.202298 0.151599 1.945542 -0.440971 0.597719 -0.580988 -0.332760
0.202371 0.152206 1.945485 -0.441185 0.597376 -0.581215 -0.332695
0.202443 0.152806 1.945429 -0.441396 0.597034 -0.581443 -0.332632
0.202513 0.153398 1.945374 -0.441604 0.596693 -0.581670 -0.332570
0.202582 0.153981 1.945319 -0.441809 0.596354 -0.581897 -0.332509
0.202650 0.154556 1.945266 -0.442011 0.596017 -0.582123 -0.332449
0.202716 0.155122 1.945214 -0.442209 0.595683 -0.582347 -0.332391
0.202780 0.155680 1.945162 -0.442405 0.595353 -0.582570 -0.332333
0.202844 0.156228 1.945112 -0.442596 0.595026 -0.582790 -0.332277
0.202905 0.156768 1.945062 -0.442785 0.594703 -0.583009 -0.332221
0.202965 0.157299 1.945013 -0.442969 0.594385 -0.583224 -0.332166
0.203023 0.157821 1.944965 -0.443150 0.594070 -0.583438 -0.332112
0.203080 0.158334 1.944918 -0.443328 0.593760 -0.583649 -0.332060
0.203136 0.158838 1.944871 -0.443502 0.593454 -0.583857 -0.332008
0.203189 0.159334 1.944825 -0.443673 0.593153 -0.584063 -0.331957
0.203242 0.159822 1.944780 -0.443840 0.592856 -0.584265 -0.331907
0.203293 0.160300 1.944735 -0.444004 0.592564 -0.584465 -0.331858
0.203342 0.160771 1.944691 -0.444164 0.592277 -0.584662 -0.331810
0.203390 0.161233 1.944648 -0.444321 0.591994 -0.584856 -0.331762
0.203437 0.161688 1.944605 -0.444474 0.591715 -0.585047 -0.331716
0.203482 0.162134 1.944563 -0.444624 0.591442 -0.585236 -0.331671
0.203526 0.162572 1.944521 -0.444770 0.591172 -0.585421 -0.331627
0.203608 0.163076 1.944476 -0.445012 0.590917 -0.585505 -0.331612
0.203726 0.163622 1.944428 -0.445294 0.590671 -0.585561 -0.331570
0.203873 0.164193 1.944378 -0.445600 0.590423 -0.585617 -0.331503
0.204043 0.164778 1.944326 -0.445919 0.590167 -0.585680 -0.331419
0.204230 0.165369 1.944270 -0.446243 0.589902 -0.585752 -0.331327
0.204428 0.165961 1.944213 -0.446565 0.589628 -0.585834 -0.331235
0.204636 0.166550 1.944152 -0.446881 0.589348 -0.585924 -0.331149
0.204848 0.167135 1.944089 -0.447189 0.589063 -0.586020 -0.331070
0.205065 0.167714 1.944023 -0.447489 0.588774 -0.586121 -0.331001
0.205284 0.168285 1.943955 -0.447777 0.588482 -0.586226 -0.330944
0.205505 0.168848 1.943884 -0.448056 0.588190 -0.586333 -0.330897
0.205726 0.169402 1.943810 -0.448324 0.587897 -0.586442 -0.330861
0.205947 0.169948 1.943734 -0.448582 0.587605 -0.586552 -0.330835
0.206168 0.170485 1.943657 -0.448829 0.587313 -0.586663 -0.330819
0.206389 0.171013 1.943577 -0.449068 0.587023 -0.586775 -0.330813
0.206609 0.171531 1.943496 0.449297 -0.586735 0.586886 0.330816
0.206827 0.172041 1.943413 0.449518 -0.586449 0.586997 0.330826
0.207044 0.172542 1.943330 0.449730 -0.586165 0.587108 0.330844
0.207260 0.173033 1.943245 0.449934 -0.585884 0.587218 0.330869
0.207474 0.173516 1.943159 0.450130 -0.585606 0.587327 0.330900
0.207686 0.173990 1.943073 0.450320 -0.585331 0.587435 0.330937
0.207897 0.174456 1.942986 0.450503 -0.585059 0.587542 0.330979
0.208105 0.174912 1.942899 0.450679 -0.584791 0.587648 0.331026
0.208311 0.175360 1.942811 0.450848 -0.584525 0.587753 0.331077
0.208516 0.175800 1.942724 0.451012 -0.584264 0.587857 0.331132
0.208718 0.176232 1.942636 0.451170 -0.584005 0.587959 0.331191
0.208918 0.176655 1.942549 0.451323 -0.583750 0.588060 0.331253
0.209115 0.177071 1.942462 0.451471 -0.583499 0.588160 0.331317
0.209310 0.177478 1.942375 0.451614 -0.583252 0.588258 0.331384
0.209503 0.177878 1.942289 0.451752 -0.583008 0.588355 0.331453
0.209694 0.178270 1.942203 0.451885 -0.582768 0.588450 0.331524
0.209882 0.178655 1.942118 0.452015 -0.582531 0.588544 0.331597
0.210067 0.179032 1.942033 0.452140 -0.582298 0.588636 0.331671
0.210250 0.179402 1.941949 0.452261 -0.582069 0.588727 0.331746
0.210431 0.179765 1.941865 0.452378 -0.581844 0.588817 0.331823
0.210609 0.180121 1.941783 0.452492 -0.581622 0.588905 0.331900
0.210785 0.180470 1.941701 0.452603 -0.581404 0.588992 0.331978
0.210958 0.180813 1.941621 0.452710 -0.581189 0.589077 0.332056
0.211129 0.181148 1.941541 0.452814 -0.580979 0.589160 0.332135
0.211297 0.181477 1.941462 0.452915 -0.580771 0.589243 0.332214
0.211489 0.181869 1.941374 0.453074 -0.580656 0.589184 0.332302
0.211713 0.182300 1.941280 0.453278 -0.580584 0.589067 0.332358
0.211964 0.182754 1.941184 0.453513 -0.580528 0.588927 0.332383
0.212236 0.183221 1.941087 0.453768 -0.580476 0.588780 0.332385
0.212523 0.183694 1.940990 0.454032 -0.580422 0.588636 0.332376
0.212822 0.184171 1.940895 0.454298 -0.580363 0.588496 0.332362
0.213128 0.184648 1.940802 0.454562 -0.580300 0.588362 0.332349
0.213438 0.185125 1.940710 0.454821 -0.580232 0.588234 0.332340
0.213752 0.185600 1.940620 0.455073 -0.580158 0.588112 0.332337
0.214067 0.186072 1.940530 0.455320 -0.580080 0.587998 0.332340
0.214384 0.186538 1.940441 0.455562 -0.579996 0.587889 0.332348
0.214700 0.186998 1.940352 0.455796 -0.579908 0.587786 0.332361
0.215015 0.187450 1.940262 0.456024 -0.579817 0.587689 0.332380
0.215328 0.187894 1.940173 0.456244 -0.579724 0.587596 0.332404
0.215639 0.188331 1.940083 0.456457 -0.579628 0.587508 0.332435
0.215947 0.188759 1.939993 0.456663 -0.579531 0.587423 0.332470
0.216253 0.189180 1.939903 0.456862 -0.579434 0.587341 0.332512
0.216555 0.189592 1.939814 0.457054 -0.579335 0.587263 0.332558
0.216854 0.189997 1.939724 0.457240 -0.579236 0.587187 0.332608
0.217150 0.190393 1.939634 0.457419 -0.579137 0.587115 0.332663
0.217442 0.190782 1.939545 0.457592 -0.579038 0.587045 0.332721
0.217730 0.191164 1.939457 0.457760 -0.578938 0.586977 0.332783
0.218015 0.191538 1.939369 0.457921 -0.578839 0.586912 0.332849
0.218297 0.191905 1.939281 0.458078 -0.578739 0.586849 0.332917
0.218574 0.192265 1.939194 0.458229 -0.578640 0.586789 0.332987
0.218848 0.192618 1.939108 0.458375 -0.578542 0.586731 0.333060
0.219118 0.192964 1.939023 0.458517 -0.578443 0.586675 0.333134
0.219385 0.193303 1.938938 0.458654 -0.578345 0.586621 0.333210
0.219647 0.193636 1.938854 0.458787 -0.578248 0.586569 0.333288
0.219906 0.193962 1.938771 0.458916 -0.578151 0.586519 0.333367
0.220161 0.194282 1.938690 0.459041 -0.578055 0.586470 0.333447
0.220412 0.194597 1.938609 0.459162 -0.577959 0.586424 0.333527
0.220660 0.194905 1.938529 0.459279 -0.577864 0.586380 0.333609
0.220904 0.195207 1.938451 0.459393 -0.577769 0.586337 0.333690
0.221143 0.195504 1.938373 0.459504 -0.577675 0.586296 0.333773
0.221380 0.195795 1.938297 0.459611 -0.577582 0.586257 0.333855
0.221612 0.196080 1.938221 0.459716 -0.577490 0.586220 0.333937
0.221841 0.196361 1.938147 0.459817 -0.577398 0.586183 0.334019
0.222066 0.196636 1.938074 0.459916 -0.577307 0.586149 0.334101
0.222287 0.196905 1.938003 0.460011 -0.577217 0.586116 0.334183
0.222519 0.197224 1.937928 0.460059 -0.577291 0.585970 0.334246
0.222777 0.197569 1.937851 0.460137 -0.577424 0.585753 0.334288
0.223058 0.197927 1.937772 0.460245 -0.577581 0.585501 0.334310
0.223360 0.198288 1.937695 0.460374 -0.577747 0.585233 0.334315
0.223675 0.198648 1.937620 0.460514 -0.577917 0.584957 0.334313
0.224001 0.199003 1.937550 0.460658 -0.578087 0.584678 0.334307
0.224334 0.199353 1.937482 0.460803 -0.578257 0.584398 0.334303
0.224672 0.199695 1.937419 0.460946 -0.578426 0.584118 0.334303
0.225013 0.200032 1.937358 0.461085 -0.578593 0.583840 0.334309
0.225355 0.200363 1.937301 0.461219 -0.578758 0.583563 0.334322
0.225698 0.200688 1.937247 0.461348 -0.578921 0.583288 0.334340
0.226042 0.201009 1.937195 0.461473 -0.579080 0.583017 0.334366
0.226384 0.201326 1.937146 0.461592 -0.579236 0.582749 0.334397
0.226726 0.201640 1.937100 0.461707 -0.579388 0.582486 0.334434
0.227066 0.201952 1.937056 0.461818 -0.579535 0.582229 0.334476
0.227405 0.202262 1.937015 0.461924 -0.579676 0.581977 0.334522
0.227741 0.202571 1.936975 0.462027 -0.579811 0.581732 0.334572
0.228075 0.202879 1.936938 0.462127 -0.579940 0.581494 0.334625
0.228407 0.203183 1.936902 0.462226 -0.580061 0.581264 0.334678
0.228735 0.203483 1.936866 0.462323 -0.580175 0.581041 0.334733
0.229060 0.203779 1.936831 0.462417 -0.580283 0.580826 0.334788
0.229382 0.204070 1.936796 0.462510 -0.580386 0.580618 0.334844
0.229699 0.204356 1.936762 -0.462599 0.580483 -0.580416 -0.334901
0.230012 0.204637 1.936729 -0.462686 0.580575 -0.580221 -0.334960
0.230320 0.204913 1.936696 -0.462770 0.580663 -0.580031 -0.335019
0.230624 0.205184 1.936663 -0.462852 0.580747 -0.579847 -0.335079
0.230923 0.205450 1.936631 -0.462931 0.580827 -0.579669 -0.335140
0.231218 0.205711 1.936600 -0.463008 0.580902 -0.579496 -0.335202
0.231509 0.205968 1.936569 -0.463082 0.580974 -0.579329 -0.335265
0.231794 0.206221 1.936538 -0.463154 0.581043 -0.579166 -0.335328
0.232075 0.206468 1.936508 -0.463224 0.581108 -0.579008 -0.335391
0.232352 0.206712 1.936479 -0.463291 0.581169 -0.578856 -0.335455
0.232624 0.206952 1.936450 -0.463357 0.581227 -0.578708 -0.335518
0.232892 0.207187 1.936421 -0.463421 0.581282 -0.578564 -0.335582
0.233155 0.207418 1.936394 -0.463483 0.581334 -0.578425 -0.335645
0.233414 0.207646 1.936367 -0.463543 0.581384 -0.578291 -0.335708
0.233668 0.207869 1.936340 -0.463602 0.581430 -0.578161 -0.335771
0.233919 0.208089 1.936314 -0.463659 0.581473 -0.578035 -0.335834
0.234164 0.208306 1.936289 -0.463715 0.581514 -0.577913 -0.335896
0.234406 0.208518 1.936264 -0.463770 0.581552 -0.577796 -0.335957
0.234677 0.208774 1.936237 -0.463911 0.581657 -0.577523 -0.336048
0.234983 0.209050 1.936207 -0.464096 0.581806 -0.577188 -0.336110
0.235321 0.209330 1.936178 -0.464308 0.581978 -0.576825 -0.336145
0.235683 0.209607 1.936149 -0.464533 0.582161 -0.576447 -0.336164
0.236065 0.209877 1.936121 -0.464762 0.582352 -0.576061 -0.336178
0.236461 0.210135 1.936096 -0.464989 0.582547 -0.575671 -0.336195
0.236867 0.210383 1.936072 -0.465209 0.582747 -0.575276 -0.336219
0.237281 0.210619 1.936050 -0.465421 0.582951 -0.574878 -0.336254
0.237701 0.210844 1.936030 -0.465622 0.583157 -0.574479 -0.336300
0.238125 0.211059 1.936011 -0.465813 0.583366 -0.574077 -0.336358
0.238552 0.211264 1.935993 -0.465994 0.583577 -0.573676 -0.336428
0.238982 0.211462 1.935977 -0.466164 0.583789 -0.573275 -0.336509
0.239412 0.211652 1.935961 -0.466325 0.584000 -0.572875 -0.336601
0.239844 0.211836 1.935947 -0.466476 0.584211 -0.572477 -0.336701
0.240275 0.212016 1.935934 -0.466619 0.584420 -0.572083 -0.336811
0.240705 0.212191 1.935921 -0.466753 0.584627 -0.571693 -0.336928
0.241135 0.212363 1.935910 -0.466880 0.584830 -0.571308 -0.337053
0.241563 0.212534 1.935900 -0.467000 0.585029 -0.570928 -0.337183
0.241989 0.212703 1.935890 -0.467114 0.585224 -0.570556 -0.337319
0.242413 0.212871 1.935882 -0.467222 0.585413 -0.570190 -0.337459
0.242834 0.213040 1.935875 -0.467324 0.585597 -0.569833 -0.337603
0.243252 0.213210 1.935868 -0.467421 0.585773 -0.569484 -0.337750
0.243667 0.213381 1.935863 -0.467513 0.585943 -0.569145 -0.337899
0.244078 0.213555 1.935858 -0.467601 0.586106 -0.568815 -0.338051
0.244486 0.213731 1.935855 -0.467686 0.586260 -0.568496 -0.338204
0.244889 0.213911 1.935853 -0.467767 0.586406 -0.568187 -0.338358
0.245289 0.214094 1.935851 -0.467844 0.586544 -0.567889 -0.338512
0.245684 0.214279 1.935850 -0.467921 0.586671 -0.567603 -0.338664
0.246074 0.214465 1.935848 -0.467997 0.586790 -0.567328 -0.338814
0.246460 0.214650 1.935846 -0.468071 0.586900 -0.567065 -0.338962
0.246840 0.214835 1.935844 -0.468144 0.587002 -0.566812 -0.339108
0.247215 0.215019 1.935842 -0.468214 0.587097 -0.566569 -0.339252
0.247583 0.215201 1.935839 -0.468282 0.587186 -0.566336 -0.339394
0.247946 0.215382 1.935836 -0.468347 0.587268 -0.566112 -0.339535
0.248303 0.215561 1.935832 -0.468411 0.587345 -0.565896 -0.339674
0.248653 0.215739 1.935828 -0.468473 0.587417 -0.565688 -0.339812
0.248998 0.215916 1.935824 -0.468532 0.587483 -0.565489 -0.339947
0.249336 0.216091 1.935820 -0.468590 0.587544 -0.565297 -0.340081
0.249669 0.216264 1.935816 -0.468646 0.587601 -0.565112 -0.340213
0.249996 0.216436 1.935811 -0.468700 0.587653 -0.564934 -0.340343
0.250358 0.216637 1.935781 -0.468829 0.587812 -0.564623 -0.340408
0.250754 0.216847 1.935739 -0.469013 0.588022 -0.564244 -0.340421
0.251174 0.217056 1.935692 -0.469228 0.588259 -0.563829 -0.340402
0.251613 0.217258 1.935646 -0.469457 0.588511 -0.563396 -0.340367
0.252064 0.217449 1.935602 -0.469691 0.588772 -0.562951 -0.340328
0.252523 0.217629 1.935561 -0.469922 0.589041 -0.562500 -0.340291
0.252989 0.217796 1.935524 -0.470147 0.589314 -0.562043 -0.340261
0.253458 0.217952 1.935491 -0.470364 0.589592 -0.561584 -0.340239
0.253929 0.218097 1.935462 -0.470571 0.589873 -0.561122 -0.340227
0.254401 0.218233 1.935436 -0.470770 0.590156 -0.560660 -0.340225
0.254873 0.218360 1.935413 -0.470958 0.590440 -0.560197 -0.340232
0.255344 0.218479 1.935394 -0.471138 0.590725 -0.559736 -0.340249
0.255815 0.218593 1.935377 -0.471309 0.591008 -0.559277 -0.340274
0.256283 0.218701 1.935363 -0.471472 0.591290 -0.558821 -0.340307
0.256750 0.218805 1.935352 -0.471627 0.591570 -0.558369 -0.340348
0.257214 0.218906 1.935343 -0.471774 0.591846 -0.557923 -0.340395
0.257674 0.219005 1.935336 -0.471915 0.592118 -0.557483 -0.340448
0.258132 0.219102 1.935332 -0.472050 0.592386 -0.557049 -0.340506
0.258586 0.219200 1.935329 -0.472179 0.592647 -0.556623 -0.340569
0.259036 0.219297 1.935329 -0.472303 0.592903 -0.556205 -0.340636
0.259482 0.219396 1.935331 -0.472421 0.593151 -0.555796 -0.340706
0.259924 0.219497 1.935334 -0.472536 0.593392 -0.555397 -0.340779
0.260361 0.219599 1.935339 -0.472645 0.593625 -0.555007 -0.340855
0.260793 0.219705 1.935346 -0.472752 0.593850 -0.554629 -0.340933
0.261220 0.219815 1.935354 -0.472854 0.594066 -0.554261 -0.341012
0.261642 0.219929 1.935364 -0.472954 0.594272 -0.553905 -0.341093
0.262059 0.220048 1.935376 -0.473051 0.594469 -0.553561 -0.341174
0.262471 0.220171 1.935389 -0.473145 0.594656 -0.553229 -0.341256
0.262877 0.220300 1.935403 -0.473237 0.594833 -0.552909 -0.341338
0.263277 0.220435 1.935418 -0.473327 0.595000 -0.552602 -0.341420
0.263671 0.220576 1.935435 -0.473415 0.595156 -0.552308 -0.341501
0.264060 0.220724 1.935453 -0.473502 0.595301 -0.552028 -0.341581
0.264442 0.220879 1.935472 -0.473588 0.595435 -0.551761 -0.341661
0.264819 0.221040 1.935492 -0.473672 0.595558 -0.551507 -0.341739
0.265189 0.221210 1.935512 -0.473756 0.595669 -0.551267 -0.341816
0.265554 0.221386 1.935534 -0.473840 0.595770 -0.551041 -0.341890
0.265913 0.221567 1.935556 -0.473924 0.595857 -0.550829 -0.341962
0.266265 0.221753 1.935578 -0.474009 0.595934 -0.550631 -0.342029
0.266611 0.221941 1.935599 -0.474095 0.596000 -0.550446 -0.342093
0.266950 0.222132 1.935620 -0.474180 0.596057 -0.550273 -0.342154
0.267301 0.222335 1.935645 -0.474245 0.596213 -0.550050 -0.342149
0.267673 0.222540 1.935673 -0.474328 0.596407 -0.549796 -0.342105
0.268063 0.222739 1.935704 -0.474424 0.596617 -0.549527 -0.342038
0.268468 0.222927 1.935739 -0.474525 0.596838 -0.549249 -0.341959
0.268884 0.223103 1.935780 -0.474625 0.597065 -0.548967 -0.341878
0.269309 0.223267 1.935826 -0.474719 0.597297 -0.548681 -0.341800
0.269742 0.223418 1.935877 -0.474805 0.597534 -0.548393 -0.341728
0.270181 0.223557 1.935933 -0.474881 0.597775 -0.548104 -0.341664
0.270626 0.223684 1.935993 -0.474948 0.598019 -0.547814 -0.341610
0.271075 0.223800 1.936055 -0.475006 0.598266 -0.547521 -0.341567
0.271527 0.223906 1.936120 -0.475056 0.598515 -0.547226 -0.341534
0.271981 0.224002 1.936186 -0.475097 0.598766 -0.546928 -0.341513
0.272437 0.224090 1.936253 -0.475132 0.599018 -0.546629 -0.341503
0.272892 0.224171 1.936320 -0.475159 0.599271 -0.546328 -0.341504
0.273348 0.224246 1.936389 -0.475179 0.599523 -0.546027 -0.341514
0.273802 0.224316 1.936457 -0.475194 0.599774 -0.545726 -0.341533
0.274255 0.224382 1.936526 -0.475203 0.600024 -0.545426 -0.341561
0.274707 0.224444 1.936596 -0.475207 0.600271 -0.545129 -0.341596
0.275156 0.224505 1.936665 -0.475206 0.600514 -0.544834 -0.341639
0.275603 0.224564 1.936735 -0.475202 0.600754 -0.544544 -0.341688
0.276046 0.224624 1.936804 -0.475193 0.600988 -0.544258 -0.341742
0.276487 0.224683 1.936874 -0.475182 0.601218 -0.543977 -0.341801
0.276924 0.224744 1.936944 -0.475168 0.601441 -0.543703 -0.341865
0.277357 0.224806 1.937014 -0.475151 0.601658 -0.543435 -0.341932
0.277787 0.224871 1.937083 -0.475133 0.601867 -0.543174 -0.342003
0.278212 0.224939 1.937153 -0.475113 0.602069 -0.542922 -0.342076
0.278632 0.225011 1.937222 -0.475092 0.602263 -0.542677 -0.342152
0.279048 0.225087 1.937292 -0.475070 0.602449 -0.542441 -0.342230
0.279460 0.225168 1.937361 -0.475047 0.602626 -0.542215 -0.342309
0.279866 0.225254 1.937430 -0.475024 0.602794 -0.541997 -0.342390
0.280267 0.225345 1.937499 -0.475000 0.602953 -0.541790 -0.342471
0.280663 0.225443 1.937567 -0.474977 0.603102 -0.541593 -0.342552
0.281053 0.225546 1.937635 -0.474954 0.603241 -0.541407 -0.342634
0.281438 0.225657 1.937703 -0.474932 0.603370 -0.541231 -0.342715
0.281818 0.225774 1.937771 -0.474911 0.603488 -0.541066 -0.342796
0.282192 0.225899 1.937838 -0.474890 0.603597 -0.540912 -0.342876
0.282560 0.226031 1.937905 -0.474871 0.603694 -0.540770 -0.342956
0.282922 0.226172 1.937972 -0.474853 0.603781 -0.540639 -0.343034
0.283278 0.226320 1.938038 -0.474837 0.603858 -0.540519 -0.343110
0.283629 0.226474 1.938103 -0.474823 0.603922 -0.540412 -0.343184
0.283991 0.226637 1.938147 -0.474814 0.604120 -0.540227 -0.343141
0.284370 0.226797 1.938180 -0.474838 0.604370 -0.539992 -0.343039
0.284762 0.226951 1.938206 -0.474883 0.604645 -0.539727 -0.342907
0.285164 0.227095 1.938232 -0.474938 0.604934 -0.539446 -0.342764
0.285571 0.227229 1.938259 -0.474996 0.605230 -0.539154 -0.342619
0.285982 0.227352 1.938287 -0.475053 0.605531 -0.538855 -0.342479
0.286395 0.227467 1.938319 -0.475105 0.605834 -0.538553 -0.342347
0.286809 0.227572 1.938353 -0.475152 0.606138 -0.538247 -0.342224
0.287223 0.227670 1.938390 -0.475194 0.606443 -0.537939 -0.342110
0.287636 0.227761 1.938430 -0.475230 0.606746 -0.537632 -0.342006
0.288048 0.227847 1.938472 -0.475261 0.607047 -0.537325 -0.341911
0.288459 0.227928 1.938516 -0.475286 0.607346 -0.537019 -0.341825
0.288868 0.228005 1.938563 -0.475307 0.607641 -0.536716 -0.341747
0.289274 0.228080 1.938611 -0.475324 0.607933 -0.536416 -0.341677
0.289678 0.228153 1.938661 -0.475337 0.608219 -0.536120 -0.341614
0.290078 0.228225 1.938713 -0.475347 0.608499 -0.535829 -0.341558
0.290476 0.228297 1.938766 -0.475354 0.608773 -0.535543 -0.341508
0.290870 0.228369 1.938821 -0.475358 0.609041 -0.535264 -0.341463
0.291261 0.228443 1.938876 -0.475359 0.609300 -0.534992 -0.341424
0.291647 0.228518 1.938933 -0.475359 0.609553 -0.534727 -0.341389
0.292030 0.228597 1.938991 -0.475357 0.609796 -0.534470 -0.341359
0.292409 0.228678 1.939049 -0.475354 0.610031 -0.534221 -0.341332
0.292783 0.228763 1.939109 -0.475350 0.610258 -0.533981 -0.341309
0.293152 0.228853 1.939169 -0.475346 0.610474 -0.533751 -0.341289
0.293518 0.228947 1.939229 -0.475340 0.610681 -0.533530 -0.341272
0.293878 0.229046 1.939290 -0.475335 0.610877 -0.533319 -0.341257
0.294233 0.229150 1.939352 -0.475329 0.611064 -0.533119 -0.341244
0.294584 0.229261 1.939414 -0.475324 0.611240 -0.532929 -0.341233
0.294929 0.229378 1.939476 -0.475319 0.611405 -0.532750 -0.341224
0.295270 0.229501 1.939538 -0.475315 0.611559 -0.532582 -0.341216
0.295605 0.229631 1.939600 -0.475312 0.611702 -0.532425 -0.341209
0.295935 0.229769 1.939663 -0.475310 0.611833 -0.532279 -0.341202
0.296259 0.229913 1.939725 -0.475309 0.611954 -0.532146 -0.341197
0.296578 0.230066 1.939787 -0.475309 0.612063 -0.532023 -0.341192
0.296892 0.230225 1.939849 -0.475312 0.612160 -0.531913 -0.341186
0.297201 0.230388 1.939910 -0.475317 0.612245 -0.531816 -0.341178
0.297504 0.230556 1.939970 -0.475325 0.612319 -0.531730 -0.341169
0.297801 0.230726 1.940028 -0.475334 0.612383 -0.531654 -0.341158
0.298091 0.230899 1.940086 -0.475344 0.612438 -0.531589 -0.341147
0.298375 0.231074 1.940142 -0.475355 0.612484 -0.531533 -0.341135
0.298704 0.231276 1.940196 -0.475466 0.612539 -0.531424 -0.341053
0.299065 0.231484 1.940254 -0.475623 0.612597 -0.531303 -0.340918
0.299449 0.231689 1.940317 -0.475802 0.612654 -0.531181 -0.340755
0.299848 0.231886 1.940386 -0.475989 0.612712 -0.531058 -0.340580
0.300256 0.232072 1.940461 -0.476177 0.612772 -0.530934 -0.340403
0.300670 0.232247 1.940541 -0.476359 0.612836 -0.530808 -0.340231
0.301086 0.232411 1.940625 -0.476533 0.612904 -0.530679 -0.340066
0.301504 0.232564 1.940713 -0.476700 0.612977 -0.530545 -0.339910
0.301922 0.232707 1.940804 -0.476857 0.613055 -0.530407 -0.339763
0.302340 0.232842 1.940897 -0.477007 0.613137 -0.530266 -0.339627
0.302756 0.232968 1.940993 -0.477148 0.613222 -0.530121 -0.339499
0.303170 0.233088 1.941091 -0.477281 0.613311 -0.529974 -0.339381
0.303583 0.233202 1.941190 -0.477407 0.613402 -0.529825 -0.339272
0.303992 0.233311 1.941291 -0.477526 0.613495 -0.529675 -0.339170
0.304399 0.233416 1.941392 -0.477639 0.613589 -0.529526 -0.339076
0.304803 0.233518 1.941495 -0.477746 0.613682 -0.529376 -0.338990
0.305204 0.233618 1.941598 -0.477848 0.613774 -0.529228 -0.338910
0.305601 0.233717 1.941702 -0.477944 0.613866 -0.529083 -0.338836
0.305994 0.233815 1.941807 -0.478036 0.613955 -0.528940 -0.338767
0.306383 0.233913 1.941912 -0.478124 0.614041 -0.528801 -0.338704
0.306768 0.234012 1.942017 -0.478209 0.614124 -0.528665 -0.338646
0.307149 0.234112 1.942122 -0.478289 0.614203 -0.528535 -0.338593
0.307525 0.234214 1.942227 -0.478367 0.614277 -0.528410 -0.338543
0.307897 0.234318 1.942332 -0.478443 0.614347 -0.528290 -0.338497
0.308264 0.234422 1.942436 -0.478517 0.614410 -0.528178 -0.338452
0.308627 0.234526 1.942538 -0.478589 0.614469 -0.528072 -0.338409
0.308983 0.234628 1.942640 -0.478660 0.614523 -0.527972 -0.338367
0.309334 0.234729 1.942740 -0.478728 0.614573 -0.527877 -0.338327
0.309679 0.234828 1.942839 -0.478794 0.614620 -0.527787 -0.338289
0.310018 0.234926 1.942936 -0.478857 0.614663 -0.527702 -0.338253
0.310352 0.235023 1.943032 -0.478918 0.614704 -0.527621 -0.338219
0.310679 0.235118 1.943126 -0.478977 0.614742 -0.527545 -0.338186
0.311000 0.235212 1.943218 -0.479033 0.614778 -0.527472 -0.338156
0.311315 0.235305 1.943309 -0.479087 0.614811 -0.527403 -0.338127
0.311624 0.235396 1.943399 -0.479139 0.614841 -0.527338 -0.338099
0.311928 0.235487 1.943487 -0.479190 0.614869 -0.527276 -0.338073
0.312226 0.235576 1.943574 -0.479238 0.614895 -0.527218 -0.338049
0.312518 0.235665 1.943659 -0.479285 0.614918 -0.527163 -0.338025
0.312805 0.235752 1.943743 -0.479330 0.614940 -0.527111 -0.338003
0.313086 0.235839 1.943825 -0.479373 0.614959 -0.527063 -0.337982
0.313414 0.235970 1.943888 -0.479488 0.615012 -0.526934 -0.337924
0.313780 0.236118 1.943941 -0.479654 0.615065 -0.526777 -0.337836
0.314173 0.236270 1.943990 -0.479845 0.615114 -0.526612 -0.337732
0.314583 0.236418 1.944039 -0.480046 0.615157 -0.526448 -0.337624
0.315005 0.236560 1.944087 -0.480246 0.615198 -0.526285 -0.337519
0.315435 0.236694 1.944136 -0.480440 0.615238 -0.526122 -0.337423
0.315869 0.236820 1.944185 -0.480625 0.615280 -0.525960 -0.337337
0.316306 0.236937 1.944234 -0.480800 0.615322 -0.525797 -0.337264
0.316745 0.237048 1.944283 -0.480966 0.615367 -0.525633 -0.337203
0.317184 0.237153 1.944331 -0.481121 0.615412 -0.525469 -0.337153
0.317624 0.237252 1.944378 -0.481267 0.615459 -0.525304 -0.337115
0.318062 0.237346 1.944425 -0.481405 0.615507 -0.525140 -0.337088
0.318500 0.237436 1.944471 -0.481534 0.615555 -0.524976 -0.337071
0.318936 0.237524 1.944516 -0.481656 0.615603 -0.524814 -0.337062
0.319369 0.237610 1.944560 -0.481771 0.615649 -0.524654 -0.337063
0.319801 0.237694 1.944604 -0.481879 0.615694 -0.524496 -0.337071
0.320229 0.237778 1.944646 -0.481981 0.615737 -0.524342 -0.337086
0.320655 0.237859 1.944687 -0.482080 0.615776 -0.524192 -0.337107
0.321078 0.237938 1.944727 -0.482174 0.615813 -0.524047 -0.337131
0.321496 0.238014 1.944765 -0.482264 0.615847 -0.523906 -0.337160
0.321910 0.238086 1.944802 -0.482349 0.615879 -0.523769 -0.337192
0.322319 0.238154 1.944836 -0.482430 0.615910 -0.523635 -0.337228
0.322723 0.238219 1.944870 -0.482506 0.615939 -0.523505 -0.337268
0.323122 0.238281 1.944901 -0.482578 0.615968 -0.523377 -0.337311
0.323515 0.238340 1.944931 -0.482645 0.615995 -0.523252 -0.337357
0.323904 0.238395 1.944960 -0.482709 0.616022 -0.523130 -0.337406
0.324286 0.238448 1.944987 -0.482769 0.616048 -0.523011 -0.337458
0.324663 0.238499 1.945013 -0.482826 0.616073 -0.522894 -0.337512
0.325035 0.238547 1.945038 -0.482880 0.616098 -0.522780 -0.337568
0.325401 0.238593 1.945062 -0.482930 0.616121 -0.522668 -0.337626
0.325762 0.238637 1.945084 -0.482978 0.616144 -0.522559 -0.337686
0.326117 0.238679 1.945106 -0.483022 0.616165 -0.522453 -0.337747
0.326467 0.238719 1.945127 -0.483065 0.616186 -0.522349 -0.337809
0.326811 0.238758 1.945147 -0.483105 0.616206 -0.522248 -0.337872
0.327150 0.238795 1.945166 -0.483142 0.616225 -0.522149 -0.337936
0.327483 0.238831 1.945185 -0.483178 0.616242 -0.522054 -0.338001
0.327811 0.238865 1.945203 -0.483211 0.616259 -0.521960 -0.338066
0.328134 0.238899 1.945220 -0.483243 0.616275 -0.521870 -0.338132
0.328451 0.238931 1.945237 -0.483273 0.616290 -0.521782 -0.338198
0.328763 0.238963 1.945253 -0.483302 0.616303 -0.521697 -0.338264
0.329134 0.239054 1.945264 -0.483425 0.616320 -0.521551 -0.338281
0.329553 0.239169 1.945277 -0.483611 0.616317 -0.521401 -0.338253
0.330004 0.239291 1.945294 -0.483827 0.616297 -0.521261 -0.338197
0.330477 0.239409 1.945316 -0.484054 0.616265 -0.521132 -0.338129
0.330962 0.239520 1.945342 -0.484281 0.616227 -0.521011 -0.338060
0.331455 0.239622 1.945372 -0.484501 0.616188 -0.520894 -0.337995
0.331952 0.239715 1.945405 -0.484712 0.616151 -0.520778 -0.337940
0.332452 0.239798 1.945440 -0.484912 0.616117 -0.520661 -0.337894
0.332952 0.239872 1.945477 -0.485101 0.616088 -0.520542 -0.337859
0.333451 0.239939 1.945514 -0.485280 0.616063 -0.520420 -0.337835
0.333950 0.239998 1.945552 -0.485449 0.616043 -0.520296 -0.337821
0.334446 0.240051 1.945591 -0.485608 0.616026 -0.520171 -0.337816
0.334940 0.240100 1.945630 -0.485758 0.616013 -0.520043 -0.337820
0.335432 0.240144 1.945668 -0.485900 0.616002 -0.519915 -0.337833
0.335920 0.240185 1.945707 -0.486034 0.615994 -0.519786 -0.337853
0.336404 0.240223 1.945746 -0.486162 0.615986 -0.519658 -0.337879
0.336885 0.240256 1.945784 -0.486284 0.615979 -0.519532 -0.337911
0.337361 0.240284 1.945821 -0.486401 0.615973 -0.519407 -0.337946
0.337832 0.240307 1.945858 -0.486512 0.615968 -0.519284 -0.337985
0.338298 0.240325 1.945893 -0.486617 0.615965 -0.519162 -0.338028
0.338759 0.240338 1.945928 -0.486716 0.615963 -0.519040 -0.338075
0.339213 0.240346 1.945961 -0.486810 0.615963 -0.518918 -0.338126
0.339661 0.240350 1.945993 -0.486898 0.615966 -0.518798 -0.338179
0.340104 0.240350 1.946025 -0.486982 0.615970 -0.518677 -0.338236
0.340540 0.240346 1.946055 -0.487060 0.615976 -0.518558 -0.338296
0.340970 0.240339 1.946085 -0.487135 0.615983 -0.518439 -0.338358
0.341394 0.240328 1.946114 -0.487204 0.615992 -0.518321 -0.338422
0.341811 0.240315 1.946142 -0.487270 0.616002 -0.518204 -0.338488
0.342223 0.240298 1.946170 -0.487332 0.616013 -0.518088 -0.338556
0.342628 0.240280 1.946197 -0.487391 0.616026 -0.517972 -0.338625
0.343027 0.240258 1.946224 -0.487446 0.616039 -0.517859 -0.338696
0.343420 0.240235 1.946249 -0.487498 0.616053 -0.517746 -0.338767
0.343807 0.240210 1.946275 -0.487547 0.616068 -0.517635 -0.338840
0.344187 0.240184 1.946300 -0.487593 0.616083 -0.517525 -0.338913
0.344561 0.240156 1.946325 -0.487637 0.616099 -0.517417 -0.338987
0.344930 0.240127 1.946349 -0.487678 0.616115 -0.517311 -0.339061
0.345292 0.240096 1.946373 -0.487716 0.616131 -0.517207 -0.339135
0.345648 0.240065 1.946397 -0.487753 0.616147 -0.517104 -0.339210
0.345998 0.240033 1.946420 -0.487787 0.616163 -0.517003 -0.339284
0.346343 0.240000 1.946444 -0.487820 0.616180 -0.516904 -0.339359
0.346729 0.240025 1.946465 -0.487908 0.616223 -0.516738 -0.339406
0.347155 0.240073 1.946488 -0.488047 0.616254 -0.516562 -0.339418
0.347607 0.240126 1.946515 -0.488214 0.616270 -0.516393 -0.339407
0.348077 0.240175 1.946548 -0.488390 0.616275 -0.516235 -0.339384
0.348558 0.240217 1.946586 -0.488566 0.616276 -0.516083 -0.339360
0.349044 0.240251 1.946629 -0.488736 0.616276 -0.515936 -0.339339
0.349533 0.240276 1.946674 -0.488898 0.616278 -0.515790 -0.339324
0.350022 0.240293 1.946723 -0.489051 0.616283 -0.515644 -0.339317
0.350511 0.240302 1.946773 -0.489194 0.616292 -0.515497 -0.339318
0.350999 0.240304 1.946825 -0.489329 0.616304 -0.515348 -0.339327
0.351485 0.240301 1.946878 -0.489455 0.616321 -0.515198 -0.339344
0.351968 0.240292 1.946932 -0.489573 0.616340 -0.515046 -0.339368
0.352447 0.240280 1.946987 -0.489683 0.616362 -0.514895 -0.339399
0.352924 0.240265 1.947042 -0.489787 0.616386 -0.514743 -0.339437
0.353397 0.240247 1.947098 -0.489885 0.616411 -0.514592 -0.339480
0.353865 0.240228 1.947154 -0.489977 0.616436 -0.514442 -0.339528
0.354329 0.240208 1.947210 -0.490064 0.616462 -0.514294 -0.339580
0.354789 0.240189 1.947266 -0.490146 0.616486 -0.514148 -0.339637
0.355244 0.240171 1.947323 -0.490224 0.616509 -0.514006 -0.339698
0.355694 0.240152 1.947379 -0.490298 0.616530 -0.513868 -0.339761
0.356139 0.240133 1.947435 -0.490371 0.616549 -0.513735 -0.339824
0.356578 0.240111 1.947489 -0.490440 0.616566 -0.513606 -0.339889
0.357011 0.240088 1.947543 -0.490505 0.616582 -0.513480 -0.339955
0.357437 0.240064 1.947596 -0.490568 0.616597 -0.513358 -0.340021
0.357857 0.240037 1.947648 -0.490627 0.616612 -0.513238 -0.340089
0.358271 0.240010 1.947699 -0.490683 0.616627 -0.513122 -0.340158
0.358678 0.239981 1.947749 -0.490736 0.616641 -0.513008 -0.340227
0.359078 0.239951 1.947798 -0.490787 0.616655 -0.512897 -0.340298
0.359472 0.239920 1.947847 -0.490834 0.616668 -0.512788 -0.340369
0.359859 0.239888 1.947894 -0.490879 0.616681 -0.512681 -0.340440
0.360239 0.239856 1.947940 -0.490922 0.616694 -0.512578 -0.340511
0.360613 0.239823 1.947986 -0.490963 0.616706 -0.512476 -0.340583
0.360981 0.239790 1.948030 -0.491002 0.616718 -0.512378 -0.340654
0.361342 0.239757 1.948074 -0.491038 0.616729 -0.512282 -0.340726
0.361697 0.239724 1.948118 -0.491073 0.616740 -0.512188 -0.340797
0.362046 0.239691 1.948160 -0.491107 0.616749 -0.512097 -0.340868
0.362388 0.239657 1.948202 -0.491139 0.616758 -0.512009 -0.340938
0.362725 0.239624 1.948244 -0.491169 0.616767 -0.511923 -0.341008
0.363055 0.239592 1.948284 -0.491198 0.616774 -0.511840 -0.341077
0.363379 0.239560 1.948324 -0.491226 0.616781 -0.511760 -0.341146
0.363769 0.239584 1.948326 -0.491416 0.616782 -0.511568 -0.341159
0.364204 0.239629 1.948311 -0.491685 0.616769 -0.511347 -0.341124
0.364667 0.239678 1.948288 -0.491988 0.616746 -0.511125 -0.341062
0.365147 0.239725 1.948265 -0.492302 0.616715 -0.510906 -0.340991
0.365636 0.239765 1.948241 -0.492614 0.616682 -0.510693 -0.340922
0.366131 0.239798 1.948217 -0.492917 0.616648 -0.510483 -0.340860
0.366629 0.239824 1.948194 -0.493208 0.616615 -0.510275 -0.340808
0.367127 0.239843 1.948172 -0.493487 0.616585 -0.510069 -0.340768
0.367624 0.239856 1.948150 -0.493753 0.616558 -0.509864 -0.340739
0.368120 0.239864 1.948128 -0.494008 0.616532 -0.509661 -0.340721
0.368615 0.239868 1.948105 -0.494250 0.616509 -0.509458 -0.340713
0.369106 0.239868 1.948083 -0.494482 0.616488 -0.509257 -0.340716
0.369595 0.239865 1.948060 -0.494704 0.616467 -0.509059 -0.340727
0.370081 0.239861 1.948038 -0.494916 0.616447 -0.508863 -0.340748
0.370562 0.239855 1.948015 -0.495120 0.616427 -0.508670 -0.340776
0.371040 0.239849 1.947992 -0.495315 0.616407 -0.508481 -0.340811
0.371514 0.239844 1.947968 -0.495503 0.616385 -0.508296 -0.340853
0.371983 0.239838 1.947944 -0.495685 0.616362 -0.508117 -0.340899
0.372447 0.239829 1.947920 -0.495860 0.616336 -0.507943 -0.340949
0.372906 0.239819 1.947895 -0.496029 0.616310 -0.507774 -0.341003
0.373359 0.239807 1.947869 -0.496192 0.616283 -0.507609 -0.341059
0.373806 0.239792 1.947842 -0.496349 0.616256 -0.507448 -0.341119
0.374247 0.239776 1.947815 -0.496500 0.616229 -0.507291 -0.341182
0.374681 0.239757 1.947787 -0.496645 0.616203 -0.507137 -0.341247
0.375109 0.239738 1.947758 -0.496784 0.616177 -0.506987 -0.341316
0.375531 0.239716 1.947729 -0.496919 0.616151 -0.506839 -0.341386
0.375946 0.239694 1.947699 -0.497048 0.616125 -0.506695 -0.341458
0.376355 0.239670 1.947669 -0.497172 0.616100 -0.506554 -0.341532
0.376758 0.239646 1.947639 -0.497292 0.616074 -0.506416 -0.341608
0.377154 0.239621 1.947609 -0.497408 0.616049 -0.506281 -0.341685
0.377543 0.239595 1.947578 -0.497520 0.616024 -0.506149 -0.341763
0.377926 0.239568 1.947547 -0.497628 0.615998 -0.506021 -0.341841
0.378303 0.239541 1.947517 -0.497732 0.615973 -0.505895 -0.341921
0.378674 0.239515 1.947486 -0.497832 0.615948 -0.505773 -0.342001
0.379038 0.239487 1.947455 -0.497930 0.615922 -0.505654 -0.342081
0.379397 0.239460 1.947425 -0.498024 0.615897 -0.505538 -0.342162
0.379749 0.239433 1.947395 -0.498115 0.615871 -0.505425 -0.342242
0.380094 0.239406 1.947365 -0.498203 0.615845 -0.505315 -0.342323
0.380434 0.239380 1.947335 -0.498289 0.615818 -0.505209 -0.342403
0.380768 0.239353 1.947306 -0.498372 0.615792 -0.505105 -0.342483
0.381128 0.239380 1.947262 -0.498479 0.615825 -0.504944 -0.342504
0.381516 0.239428 1.947210 -0.498633 0.615853 -0.504770 -0.342487
0.381921 0.239484 1.947157 -0.498814 0.615867 -0.504602 -0.342447
0.382336 0.239542 1.947106 -0.499005 0.615869 -0.504443 -0.342397
0.382755 0.239599 1.947058 -0.499197 0.615864 -0.504295 -0.342345
0.383176 0.239655 1.947011 -0.499386 0.615854 -0.504153 -0.342297
0.383597 0.239706 1.946967 -0.499569 0.615840 -0.504019 -0.342253
0.384016 0.239753 1.946925 -0.499746 0.615824 -0.503890 -0.342213
0.384431 0.239794 1.946883 -0.499916 0.615806 -0.503766 -0.342179
0.384843 0.239829 1.946842 -0.500079 0.615790 -0.503644 -0.342150
0.385250 0.239859 1.946802 -0.500235 0.615774 -0.503524 -0.342126
0.385652 0.239884 1.946763 -0.500384 0.615760 -0.503406 -0.342108
0.386050 0.239904 1.946724 -0.500526 0.615748 -0.503288 -0.342095
0.386443 0.239919 1.946685 -0.500661 0.615738 -0.503172 -0.342086
0.386830 0.239929 1.946647 -0.500791 0.615729 -0.503056 -0.342083
0.387212 0.239936 1.946609 -0.500914 0.615722 -0.502941 -0.342083
0.387589 0.239938 1.946572 -0.501032 0.615717 -0.502827 -0.342088
0.387961 0.239937 1.946535 -0.501144 0.615714 -0.502714 -0.342096
0.388328 0.239933 1.946499 -0.501252 0.615711 -0.502602 -0.342108
0.388689 0.239925 1.946463 -0.501354 0.615710 -0.502491 -0.342123
0.389045 0.239915 1.946428 -0.501452 0.615711 -0.502381 -0.342140
0.389395 0.239902 1.946394 -0.501546 0.615712 -0.502272 -0.342161
0.389740 0.239886 1.946360 -0.501635 0.615714 -0.502164 -0.342184
0.390080 0.239869 1.946327 -0.501721 0.615717 -0.502058 -0.342208
0.390415 0.239849 1.946295 -0.501803 0.615721 -0.501953 -0.342235
0.390744 0.239828 1.946263 -0.501881 0.615725 -0.501850 -0.342264
0.391068 0.239805 1.946232 -0.501956 0.615730 -0.501749 -0.342295
0.391387 0.239780 1.946202 -0.502027 0.615735 -0.501649 -0.342326
0.391701 0.239754 1.946173 -0.502096 0.615740 -0.501551 -0.342359
0.392009 0.239727 1.946144 -0.502162 0.615746 -0.501455 -0.342394
0.392313 0.239699 1.946116 -0.502225 0.615752 -0.501360 -0.342429
0.392611 0.239670 1.946089 -0.502285 0.615758 -0.501268 -0.342465
0.392904 0.239641 1.946063 -0.502343 0.615764 -0.501177 -0.342502
0.393192 0.239610 1.946038 -0.502399 0.615770 -0.501088 -0.342539
0.393476 0.239580 1.946013 -0.502452 0.615776 -0.501001 -0.342577
0.393754 0.239549 1.945989 -0.502503 0.615782 -0.500917 -0.342615
0.394027 0.239517 1.945966 -0.502553 0.615788 -0.500834 -0.342654
0.394296 0.239486 1.945944 -0.502600 0.615793 -0.500753 -0.342693
0.394559 0.239454 1.945923 -0.502646 0.615798 -0.500674 -0.342732
0.394818 0.239423 1.945902 -0.502690 0.615803 -0.500598 -0.342771
0.395124 0.239437 1.945854 -0.502914 0.615741 -0.500434 -0.342791
0.395461 0.239469 1.945796 -0.503200 0.615652 -0.500268 -0.342773
0.395816 0.239506 1.945733 -0.503509 0.615546 -0.500115 -0.342734
0.396180 0.239542 1.945669 -0.503822 0.615429 -0.499977 -0.342686
0.396549 0.239575 1.945604 -0.504130 0.615308 -0.499848 -0.342638
0.396919 0.239603 1.945538 -0.504430 0.615184 -0.499727 -0.342595
0.397289 0.239626 1.945471 -0.504720 0.615062 -0.499611 -0.342558
0.397657 0.239644 1.945403 -0.504998 0.614942 -0.499498 -0.342528
0.398023 0.239657 1.945334 -0.505265 0.614825 -0.499386 -0.342507
0.398386 0.239665 1.945264 -0.505522 0.614711 -0.499276 -0.342493
0.398746 0.239669 1.945193 -0.505768 0.614601 -0.499167 -0.342486
0.399103 0.239668 1.945121 -0.506004 0.614495 -0.499058 -0.342486
0.399456 0.239663 1.945048 -0.506231 0.614393 -0.498950 -0.342492
0.399806 0.239654 1.944974 -0.506448 0.614294 -0.498842 -0.342504
0.400152 0.239641 1.944900 -0.506657 0.614200 -0.498734 -0.342523
0.400494 0.239625 1.944825 -0.506857 0.614108 -0.498627 -0.342546
0.400832 0.239606 1.944749 -0.507049 0.614020 -0.498521 -0.342574
0.401167 0.239584 1.944674 -0.507234 0.613936 -0.498415 -0.342606
0.401497 0.239559 1.944598 -0.507411 0.613854 -0.498310 -0.342643
0.401823 0.239532 1.944522 -0.507582 0.613775 -0.498206 -0.342684
0.402145 0.239502 1.944447 -0.507745 0.613699 -0.498102 -0.342727
0.402463 0.239471 1.944371 -0.507903 0.613626 -0.498000 -0.342774
0.402777 0.239437 1.944296 -0.508054 0.613555 -0.497898 -0.342824
0.403086 0.239402 1.944221 -0.508199 0.613487 -0.497798 -0.342877
0.403391 0.239366 1.944146 -0.508339 0.613421 -0.497699 -0.342932
0.403692 0.239328 1.944072 -0.508473 0.613357 -0.497602 -0.342989
0.403988 0.239288 1.943999 -0.508602 0.613295 -0.497505 -0.343048
0.404281 0.239248 1.943926 -0.508726 0.613235 -0.497410 -0.343108
0.404568 0.239207 1.943854 -0.508846 0.613177 -0.497317 -0.343170
0.404852 0.239165 1.943782 -0.508961 0.613120 -0.497225 -0.343234
0.405131 0.239122 1.943712 -0.509072 0.613066 -0.497134 -0.343298
0.405406 0.239079 1.943642 -0.509179 0.613012 -0.497045 -0.343364
0.405676 0.239035 1.943573 -0.509282 0.612960 -0.496958 -0.343430
0.405943 0.238991 1.943505 -0.509381 0.612910 -0.496872 -0.343497
0.406205 0.238947 1.943437 -0.509477 0.612861 -0.496788 -0.343564
0.406462 0.238903 1.943371 -0.509570 0.612813 -0.496706 -0.343632
0.406716 0.238858 1.943306 -0.509659 0.612766 -0.496625 -0.343699
0.406965 0.238814 1.943242 -0.509745 0.612720 -0.496546 -0.343768
0.407210 0.238770 1.943178 -0.509828 0.612675 -0.496469 -0.343836
0.407451 0.238725 1.943116 -0.509908 0.612632 -0.496394 -0.343904
0.407724 0.238708 1.943030 -0.510148 0.612544 -0.496258 -0.343900
0.408020 0.238700 1.942933 -0.510435 0.612442 -0.496125 -0.343846
0.408329 0.238697 1.942830 -0.510739 0.612330 -0.496005 -0.343768
0.408645 0.238695 1.942724 -0.511043 0.612212 -0.495895 -0.343685
0.408964 0.238691 1.942615 -0.511342 0.612090 -0.495794 -0.343603
0.409283 0.238685 1.942504 -0.511631 0.611967 -0.495700 -0.343528
0.409601 0.238678 1.942392 -0.511911 0.611844 -0.495609 -0.343461
0.409918 0.238668 1.942278 -0.512179 0.611723 -0.495523 -0.343402
0.410232 0.238655 1.942162 -0.512436 0.611604 -0.495438 -0.343352
0.410545 0.238641 1.942045 -0.512684 0.611486 -0.495356 -0.343310
0.410854 0.238624 1.941927 -0.512921 0.611372 -0.495276 -0.343277
0.411161 0.238606 1.941807 -0.513148 0.611259 -0.495197 -0.343251
0.411464 0.238586 1.941687 -0.513366 0.611149 -0.495120 -0.343232
0.411765 0.238564 1.941565 -0.513576 0.611042 -0.495044 -0.343221
0.412062 0.238541 1.941443 -0.513776 0.610936 -0.494969 -0.343215
0.412356 0.238516 1.941321 -0.513969 0.610833 -0.494896 -0.343215
0.412647 0.238490 1.941198 -0.514154 0.610733 -0.494824 -0.343221
0.412934 0.238464 1.941075 -0.514331 0.610634 -0.494753 -0.343232
0.413217 0.238436 1.940952 -0.514502 0.610538 -0.494684 -0.343248
0.413497 0.238407 1.940829 -0.514665 0.610444 -0.494616 -0.343268
0.413774 0.238378 1.940706 -0.514822 0.610352 -0.494550 -0.343292
0.414046 0.238348 1.940583 -0.514973 0.610261 -0.494485 -0.343320
0.414315 0.238317 1.940461 -0.515117 0.610173 -0.494422 -0.343352
0.414581 0.238286 1.940340 -0.515256 0.610086 -0.494360 -0.343386
0.414842 0.238255 1.940219 -0.515390 0.610001 -0.494300 -0.343424
0.415100 0.238223 1.940099 -0.515518 0.609917 -0.494241 -0.343464
0.415354 0.238191 1.939980 -0.515641 0.609836 -0.494184 -0.343507
0.415604 0.238159 1.939861 -0.515759 0.609755 -0.494128 -0.343552
0.415851 0.238128 1.939744 -0.515873 0.609677 -0.494074 -0.343599
0.416094 0.238096 1.939628 -0.515982 0.609599 -0.494021 -0.343648
0.416332 0.238064 1.939512 -0.516088 0.609523 -0.493970 -0.343699
0.416568 0.238032 1.939398 -0.516189 0.609449 -0.493920 -0.343751
0.416799 0.238000 1.939286 -0.516286 0.609375 -0.493872 -0.343804
0.417027 0.237969 1.939174 -0.516379 0.609303 -0.493825 -0.343858
0.417250 0.237938 1.939064 -0.516469 0.609232 -0.493780 -0.343914
0.417470 0.237908 1.938955 -0.516556 0.609162 -0.493737 -0.343970
0.417687 0.237877 1.938848 -0.516639 0.609094 -0.493695 -0.344027
0.417900 0.237847 1.938742 -0.516719 0.609026 -0.493654 -0.344085
0.418109 0.237818 1.938637 -0.516796 0.608960 -0.493615 -0.344143
0.418314 0.237789 1.938534 -0.516871 0.608894 -0.493577 -0.344201
0.418569 0.237774 1.938367 -0.517344 0.608662 -0.493337 -0.344245
0.418840 0.237763 1.938175 -0.517901 0.608425 -0.493050 -0.344237
0.419114 0.237754 1.937972 -0.518480 0.608199 -0.492745 -0.344201
0.419368 0.237731 1.937780 -0.519016 0.608009 -0.492429 -0.344183
0.419601 0.237693 1.937600 -0.519507 0.607856 -0.492097 -0.344187
0.419816 0.237641 1.937432 -0.519962 0.607732 -0.491753 -0.344211
0.420016 0.237578 1.937277 -0.520386 0.607631 -0.491404 -0.344246
0.420207 0.237504 1.937134 -0.520784 0.607550 -0.491053 -0.344288
0.420390 0.237422 1.937002 -0.521163 0.607484 -0.490703 -0.344330
0.420568 0.237333 1.936880 -0.521526 0.607430 -0.490355 -0.344371
0.420742 0.237238 1.936765 -0.521879 0.607385 -0.490009 -0.344408
0.420915 0.237140 1.936660 -0.522224 0.607345 -0.489671 -0.344437
0.421087 0.237038 1.936561 -0.522563 0.607308 -0.489338 -0.344460
0.421258 0.236933 1.936467 -0.522898 0.607276 -0.489011 -0.344474
0.421434 0.236829 1.936377 -0.523233 0.607244 -0.488694 -0.344472
0.421611 0.236725 1.936289 -0.523568 0.607211 -0.488385 -0.344458
0.421789 0.236621 1.936204 -0.523902 0.607178 -0.488082 -0.344438
0.421968 0.236518 1.936121 -0.524235 0.607145 -0.487784 -0.344411
0.422145 0.236415 1.936039 -0.524566 0.607114 -0.487489 -0.344380
0.422322 0.236313 1.935958 -0.524893 0.607084 -0.487199 -0.344346
0.422497 0.236211 1.935879 -0.525217 0.607055 -0.486912 -0.344308
0.422671 0.236110 1.935800 -0.525536 0.607028 -0.486628 -0.344269
0.422843 0.236010 1.935722 -0.525850 0.607003 -0.486349 -0.344229
0.423027 0.235920 1.935638 -0.526197 0.606951 -0.486079 -0.344173
0.423216 0.235837 1.935551 -0.526550 0.606888 -0.485820 -0.344109
0.423405 0.235759 1.935463 -0.526899 0.606820 -0.485574 -0.344042
0.423592 0.235686 1.935374 -0.527242 0.606748 -0.485338 -0.343977
0.423777 0.235616 1.935286 -0.527577 0.606673 -0.485112 -0.343914
0.423960 0.235550 1.935197 -0.527903 0.606597 -0.484894 -0.343855
0.424139 0.235487 1.935108 -0.528222 0.606519 -0.484685 -0.343798
0.424305 0.235421 1.935021 -0.528513 0.606463 -0.484469 -0.343755
0.424460 0.235352 1.934937 -0.528782 0.606422 -0.484249 -0.343721
0.424607 0.235281 1.934856 -0.529033 0.606394 -0.484030 -0.343694
0.424748 0.235207 1.934778 -0.529270 0.606375 -0.483811 -0.343671
0.424884 0.235133 1.934703 -0.529496 0.606362 -0.483594 -0.343651
0.425017 0.235057 1.934631 -0.529713 0.606354 -0.483380 -0.343632
0.425146 0.234980 1.934561 -0.529922 0.606350 -0.483168 -0.343614
0.425273 0.234904 1.934494 -0.530125 0.606348 -0.482961 -0.343597
0.425398 0.234827 1.934430 -0.530322 0.606348 -0.482757 -0.343579
0.425521 0.234750 1.934367 -0.530515 0.606349 -0.482557 -0.343561
0.425651 0.234643 1.934263 -0.530933 0.606291 -0.482202 -0.343515
0.425798 0.234531 1.934144 -0.531440 0.606195 -0.481820 -0.343436
0.425966 0.234427 1.934012 -0.532020 0.606051 -0.481431 -0.343338
0.426140 0.234328 1.933876 -0.532605 0.605897 -0.481056 -0.343229
0.426318 0.234233 1.933738 -0.533183 0.605740 -0.480694 -0.343116
0.426519 0.234163 1.933611 -0.533783 0.605515 -0.480418 -0.342967
0.426735 0.234119 1.933490 -0.534402 0.605233 -0.480211 -0.342789
0.426957 0.234099 1.933373 -0.535028 0.604914 -0.480057 -0.342591
0.427179 0.234098 1.933259 -0.535653 0.604570 -0.479942 -0.342384
0.427387 0.234105 1.933143 -0.536261 0.604235 -0.479825 -0.342189
0.427578 0.234118 1.933028 -0.536851 0.603913 -0.479700 -0.342005
0.427755 0.234133 1.932914 -0.537421 0.603605 -0.479569 -0.341836
0.427917 0.234150 1.932802 -0.537970 0.603312 -0.479432 -0.341683
0.428066 0.234166 1.932693 -0.538497 0.603034 -0.479290 -0.341544
0.428205 0.234182 1.932586 -0.539005 0.602769 -0.479142 -0.341419
0.428333 0.234197 1.932481 -0.539492 0.602516 -0.478991 -0.341306
0.428454 0.234210 1.932379 -0.539962 0.602276 -0.478837 -0.341204
0.428568 0.234221 1.932279 -0.540413 0.602048 -0.478681 -0.341110
0.428676 0.234230 1.932182 -0.540848 0.601829 -0.478525 -0.341025
0.428779 0.234237 1.932087 -0.541268 0.601621 -0.478369 -0.340946
0.428878 0.234242 1.931993 -0.541672 0.601422 -0.478215 -0.340872
0.428973 0.234246 1.931902 -0.542062 0.601231 -0.478062 -0.340803
0.429066 0.234248 1.931813 -0.542438 0.601048 -0.477911 -0.340738
0.429156 0.234248 1.931726 -0.542802 0.600872 -0.477763 -0.340676
0.429243 0.234247 1.931640 -0.543154 0.600704 -0.477618 -0.340617
0.429329 0.234244 1.931556 -0.543494 0.600541 -0.477476 -0.340560
0.429413 0.234241 1.931474 -0.543822 0.600385 -0.477338 -0.340505
0.429496 0.234236 1.931393 -0.544140 0.600234 -0.477203 -0.340452
0.429577 0.234230 1.931314 -0.544448 0.600089 -0.477071 -0.340400
0.429656 0.234224 1.931237 -0.544746 0.599949 -0.476944 -0.340349
0.429735 0.234216 1.931161 -0.545035 0.599814 -0.476819 -0.340300
0.429811 0.234209 1.931086 -0.545315 0.599683 -0.476698 -0.340252
0.429887 0.234200 1.931013 -0.545586 0.599557 -0.476580 -0.340205
0.429961 0.234191 1.930942 -0.545849 0.599434 -0.476465 -0.340159
0.430033 0.234182 1.930872 -0.546105 0.599316 -0.476353 -0.340115
0.430105 0.234172 1.930803 -0.546353 0.599201 -0.476244 -0.340071
0.430175 0.234161 1.930735 -0.546593 0.599090 -0.476137 -0.340029
0.430243 0.234151 1.930669 -0.546827 0.598983 -0.476034 -0.339988
0.430310 0.234140 1.930605 -0.547054 0.598879 -0.475933 -0.339948
0.430376 0.234129 1.930541 -0.547274 0.598778 -0.475834 -0.339909
0.430497 0.234084 1.930359 -0.547890 0.598594 -0.475577 -0.339601
0.430620 0.234030 1.930142 -0.548646 0.598368 -0.475251 -0.339236
0.430729 0.233974 1.929919 -0.549441 0.598120 -0.474894 -0.338884
0.430822 0.233920 1.929701 -0.550239 0.597861 -0.474524 -0.338565
0.430900 0.233867 1.929489 -0.551024 0.597596 -0.474149 -0.338281
0.430965 0.233818 1.929284 -0.551794 0.597328 -0.473772 -0.338028
0.431019 0.233771 1.929084 -0.552544 0.597062 -0.473396 -0.337799
0.431065 0.233727 1.928889 -0.553273 0.596800 -0.473024 -0.337590
0.431103 0.233685 1.928698 -0.553982 0.596542 -0.472658 -0.337396
0.431135 0.233646 1.928512 -0.554670 0.596289 -0.472299 -0.337216
0.431163 0.233608 1.928330 -0.555339 0.596041 -0.471948 -0.337045
0.431186 0.233572 1.928151 -0.555988 0.595799 -0.471605 -0.336881
0.431207 0.233539 1.927976 -0.556619 0.595564 -0.471271 -0.336724
0.431224 0.233507 1.927804 -0.557233 0.595333 -0.470945 -0.336571
0.431239 0.233477 1.927635 -0.557830 0.595109 -0.470628 -0.336423
0.431252 0.233449 1.927469 -0.558411 0.594890 -0.470320 -0.336278
0.431264 0.233423 1.927307 -0.558977 0.594676 -0.470019 -0.336136
0.431273 0.233398 1.927147 -0.559527 0.594468 -0.469727 -0.335997
0.431281 0.233375 1.926990 -0.560064 0.594264 -0.469443 -0.335860
0.431287 0.233353 1.926836 -0.560586 0.594066 -0.469166 -0.335726
0.431292 0.233333 1.926685 -0.561095 0.593872 -0.468897 -0.335594
0.431292 0.233310 1.926536 -0.561591 0.593689 -0.468622 -0.335472
0.431289 0.233284 1.926391 -0.562073 0.593516 -0.468346 -0.335358
0.431284 0.233255 1.926250 -0.562542 0.593350 -0.468069 -0.335252
0.431277 0.233224 1.926112 -0.562997 0.593193 -0.467793 -0.335151
0.431269 0.233192 1.925976 -0.563441 0.593041 -0.467519 -0.335056
0.431261 0.233157 1.925844 -0.563872 0.592896 -0.467249 -0.334964
0.431252 0.233122 1.925715 -0.564292 0.592757 -0.466982 -0.334875
0.431243 0.233085 1.925589 -0.564701 0.592622 -0.466720 -0.334789
0.431234 0.233048 1.925465 -0.565099 0.592493 -0.466463 -0.334705
0.431225 0.233011 1.925344 -0.565487 0.592368 -0.466210 -0.334622
0.431216 0.232973 1.925225 -0.565865 0.592248 -0.465963 -0.334542
0.431206 0.232934 1.925109 -0.566232 0.592132 -0.465720 -0.334463
0.431197 0.232896 1.924995 -0.566590 0.592020 -0.465483 -0.334385
0.431188 0.232858 1.924884 -0.566938 0.591913 -0.465250 -0.334309
0.431178 0.232820 1.924775 -0.567277 0.591809 -0.465023 -0.334234
0.431169 0.232782 1.924668 -0.567606 0.591709 -0.464801 -0.334161
0.431159 0.232744 1.924563 -0.567927 0.591613 -0.464584 -0.334088
0.431149 0.232706 1.924460 -0.568239 0.591520 -0.464371 -0.334017
0.431139 0.232668 1.924360 -0.568542 0.591432 -0.464163 -0.333947
0.431177 0.232610 1.924144 -0.569280 0.591210 -0.463762 -0.333639
0.431216 0.232543 1.923893 -0.570191 0.590911 -0.463270 -0.333296
0.431245 0.232473 1.923635 -0.571172 0.590560 -0.462734 -0.332984
0.431272 0.232414 1.923376 -0.572250 0.590095 -0.462164 -0.332749
0.431286 0.232359 1.923116 -0.573335 0.589614 -0.461577 -0.332550
0.431289 0.232306 1.922855 -0.574409 0.589136 -0.460981 -0.332371
0.431273 0.232242 1.922577 -0.575466 0.588706 -0.460317 -0.332222
0.431244 0.232169 1.922289 -0.576499 0.588319 -0.459618 -0.332085
0.431220 0.232102 1.922010 -0.577516 0.587917 -0.458955 -0.331947
0.431198 0.232038 1.921738 -0.578514 0.587507 -0.458324 -0.331807
0.431176 0.231979 1.921473 -0.579491 0.587094 -0.457721 -0.331666
0.431155 0.231923 1.921213 -0.580444 0.586681 -0.457144 -0.331524
0.431132 0.231870 1.920959 -0.581375 0.586272 -0.456591 -0.331381
0.431107 0.231819 1.920709 -0.582283 0.585867 -0.456059 -0.331237
0.431081 0.231771 1.920463 -0.583167 0.585468 -0.455545 -0.331092
0.431052 0.231724 1.920221 -0.584029 0.585077 -0.455049 -0.330946
0.431021 0.231677 1.919984 0.584868 -0.584695 0.454569 0.330800
0.430988 0.231632 1.919750 0.585686 -0.584321 0.454103 0.330653
0.430953 0.231586 1.919520 0.586483 -0.583957 0.453650 0.330505
0.430916 0.231540 1.919293 0.587258 -0.583603 0.453210 0.330357
0.430877 0.231494 1.919071 0.588014 -0.583259 0.452781 0.330209
0.430836 0.231447 1.918851 0.588750 -0.582925 0.452364 0.330059
0.430794 0.231399 1.918636 0.589466 -0.582601 0.451957 0.329910
0.430750 0.231350 1.918424 0.590164 -0.582287 0.451560 0.329759
0.430704 0.231299 1.918215 0.590845 -0.581983 0.451172 0.329608
0.430657 0.231247 1.918010 0.591507 -0.581690 0.450794 0.329457
0.430609 0.231194 1.917809 0.592152 -0.581406 0.450424 0.329305
0.430559 0.231138 1.917611 0.592781 -0.581131 0.450062 0.329152
0.430508 0.231081 1.917416 0.593393 -0.580867 0.449709 0.328999
0.430457 0.231022 1.917225 0.593990 -0.580611 0.449363 0.328846
0.430404 0.230961 1.917037 0.594570 -0.580365 0.449025 0.328694
0.430350 0.230900 1.916855 0.595132 -0.580128 0.448695 0.328546
0.430296 0.230837 1.916677 0.595676 -0.579899 0.448373 0.328402
0.430240 0.230774 1.916503 0.596204 -0.579679 0.448059 0.328262
0.430184 0.230711 1.916334 0.596716 -0.579467 0.447752 0.328126
0.430128 0.230648 1.916169 0.597212 -0.579262 0.447453 0.327993
0.430072 0.230584 1.916009 0.597694 -0.579064 0.447160 0.327863
0.430016 0.230520 1.915852 0.598162 -0.578873 0.446874 0.327737
0.429961 0.230456 1.915699 0.598617 -0.578688 0.446595 0.327613
0.429905 0.230392 1.915549 0.599059 -0.578510 0.446323 0.327492
0.429865 0.230340 1.915307 0.599826 -0.578221 0.445887 0.327191
0.429812 0.230297 1.915031 0.600728 -0.577870 0.445365 0.326868
0.429740 0.230260 1.914744 0.601687 -0.577477 0.444793 0.326575
0.429652 0.230227 1.914452 0.602673 -0.577055 0.444190 0.326323
0.429549 0.230199 1.914158 0.603675 -0.576611 0.443565 0.326109
0.429437 0.230176 1.913862 0.604688 -0.576147 0.442924 0.325922
0.429316 0.230163 1.913536 0.605801 -0.575621 0.442175 0.325802
0.429187 0.230157 1.913192 0.606918 -0.575108 0.441393 0.325688
0.429057 0.230164 1.912853 0.608016 -0.574584 0.440649 0.325575
0.428927 0.230180 1.912518 0.609087 -0.574056 0.439939 0.325463
0.428794 0.230205 1.912187 0.610131 -0.573529 0.439262 0.325350
0.428658 0.230237 1.911859 0.611149 -0.573006 0.438614 0.325237
0.428519 0.230274 1.911534 0.612140 -0.572488 0.437989 0.325127
0.428377 0.230316 1.911213 0.613105 -0.571978 0.437386 0.325018
0.428228 0.230351 1.910896 0.614041 -0.571489 0.436784 0.324921
0.428073 0.230382 1.910583 0.614949 -0.571019 0.436187 0.324833
0.427915 0.230408 1.910276 0.615832 -0.570565 0.435598 0.324748
0.427756 0.230429 1.909973 0.616691 -0.570127 0.435018 0.324665
0.427596 0.230446 1.909676 0.617528 -0.569702 0.434448 0.324581
0.427436 0.230459 1.909383 0.618344 -0.569291 0.433891 0.324496
0.427277 0.230469 1.909096 0.619139 -0.568891 0.433346 0.324409
0.427119 0.230475 1.908814 0.619914 -0.568502 0.432815 0.324319
0.426962 0.230478 1.908537 0.620670 -0.568124 0.432297 0.324226
0.426807 0.230479 1.908266 0.621408 -0.567757 0.431792 0.324129
0.426652 0.230477 1.907999 0.622127 -0.567399 0.431302 0.324029
0.426499 0.230472 1.907738 0.622829 -0.567051 0.430824 0.323926
0.426347 0.230465 1.907481 0.623513 -0.566712 0.430360 0.323819
0.426197 0.230455 1.907229 0.624181 -0.566383 0.429909 0.323708
0.426047 0.230443 1.906981 0.624833 -0.566063 0.429470 0.323593
0.425899 0.230429 1.906738 0.625468 -0.565752 0.429043 0.323475
0.425752 0.230414 1.906499 0.626088 -0.565451 0.428627 0.323354
0.425607 0.230397 1.906265 0.626699 -0.565154 0.428222 0.323226
0.425463 0.230379 1.906034 0.627299 -0.564865 0.427826 0.323092
0.425319 0.230361 1.905807 0.627887 -0.564582 0.427439 0.322955
0.425176 0.230341 1.905584 0.628463 -0.564308 0.427062 0.322815
0.425034 0.230319 1.905365 0.629027 -0.564041 0.426692 0.322672
0.424891 0.230296 1.905150 0.629578 -0.563782 0.426332 0.322526
0.424749 0.230272 1.904938 0.630116 -0.563532 0.425979 0.322379
0.424607 0.230245 1.904729 0.630641 -0.563290 0.425633 0.322230
0.424465 0.230217 1.904524 0.631154 -0.563056 0.425296 0.322080
0.424333 0.230217 1.904260 0.631934 -0.562687 0.424843 0.321795
0.424192 0.230229 1.903972 0.632830 -0.562238 0.424328 0.321498
0.424044 0.230265 1.903653 0.633900 -0.561645 0.423690 0.321266
0.423881 0.230311 1.903322 0.634990 -0.561034 0.423022 0.321063
0.423707 0.230366 1.902984 0.636081 -0.560411 0.422346 0.320880
0.423522 0.230423 1.902643 0.637156 -0.559798 0.421665 0.320715
0.423332 0.230481 1.902301 0.638221 -0.559189 0.420981 0.320558
0.423135 0.230539 1.901943 0.639291 -0.558596 0.420261 0.320404
0.422948 0.230613 1.901582 0.640390 -0.557958 0.419555 0.320245
0.422763 0.230697 1.901220 0.641493 -0.557298 0.418867 0.320086
0.422573 0.230777 1.900865 0.642570 -0.556652 0.418185 0.319942
0.422378 0.230852 1.900515 0.643627 -0.556014 0.417510 0.319810
0.422181 0.230923 1.900170 0.644667 -0.555381 0.416842 0.319686
0.421984 0.230990 1.899832 0.645690 -0.554754 0.416183 0.319570
0.421786 0.231053 1.899500 0.646691 -0.554135 0.415536 0.319459
0.421588 0.231113 1.899174 0.647671 -0.553527 0.414904 0.319351
0.421390 0.231170 1.898853 0.648627 -0.552931 0.414286 0.319244
0.421193 0.231224 1.898538 0.649560 -0.552349 0.413684 0.319137
0.420996 0.231275 1.898229 0.650470 -0.551779 0.413096 0.319029
0.420800 0.231322 1.897925 0.651358 -0.551224 0.412524 0.318919
0.420605 0.231367 1.897625 0.652223 -0.550683 0.411967 0.318806
0.420411 0.231408 1.897332 0.653066 -0.550156 0.411424 0.318691
0.420219 0.231447 1.897042 0.653888 -0.549642 0.410896 0.318572
0.420027 0.231483 1.896758 0.654690 -0.549142 0.410381 0.318450
0.419837 0.231515 1.896480 0.655471 -0.548658 0.409882 0.318322
0.419648 0.231545 1.896207 0.656232 -0.548188 0.409397 0.318188
0.419460 0.231572 1.895940 0.656974 -0.547732 0.408926 0.318048
0.419274 0.231595 1.895678 0.657698 -0.547288 0.408467 0.317904
0.419091 0.231619 1.895421 0.658400 -0.546855 0.408035 0.317753
0.418908 0.231640 1.895169 0.659087 -0.546433 0.407611 0.317598
0.418726 0.231658 1.894922 0.659759 -0.546025 0.407194 0.317440
0.418544 0.231673 1.894679 0.660415 -0.545628 0.406787 0.317279
0.418363 0.231685 1.894440 0.661056 -0.545245 0.406388 0.317116
0.418182 0.231693 1.894207 0.661681 -0.544874 0.405997 0.316950
0.418002 0.231698 1.893977 0.662291 -0.544514 0.405616 0.316782
0.417823 0.231700 1.893751 0.662886 -0.544167 0.405243 0.316611
0.417645 0.231699 1.893530 0.663467 -0.543831 0.404878 0.316438
0.417470 0.231697 1.893313 0.664026 -0.543507 0.404533 0.316262
0.417296 0.231693 1.893101 0.664570 -0.543192 0.404203 0.316083
0.417123 0.231686 1.892891 0.665105 -0.542886 0.403876 0.315902
0.416957 0.231719 1.892604 0.665945 -0.542399 0.403406 0.315570
0.416776 0.231771 1.892282 0.666905 -0.541828 0.402860 0.315220
0.416576 0.231832 1.891943 0.667910 -0.541218 0.402270 0.314895
0.416356 0.231897 1.891592 0.668932 -0.540583 0.401640 0.314619
0.416124 0.231965 1.891232 0.669958 -0.539935 0.400989 0.314380
0.415878 0.232038 1.890848 0.670995 -0.539291 0.400287 0.314168
0.415633 0.232128 1.890437 0.672073 -0.538617 0.399543 0.313966
0.415388 0.232232 1.890007 0.673167 -0.537928 0.398784 0.313769
0.415153 0.232358 1.889576 0.674265 -0.537205 0.398069 0.313557
0.414925 0.232503 1.889145 0.675368 -0.536450 0.397391 0.313337
0.414701 0.232662 1.888713 0.676472 -0.535667 0.396744 0.313114
0.414478 0.232834 1.888284 0.677570 -0.534864 0.396125 0.312897
0.414234 0.232990 1.887845 0.678640 -0.534106 0.395455 0.312720
0.413979 0.233132 1.887401 0.679691 -0.533377 0.394751 0.312571
0.413725 0.233266 1.886969 0.680709 -0.532666 0.394071 0.312428
0.413474 0.233394 1.886550 0.681699 -0.531970 0.393417 0.312280
0.413227 0.233515 1.886142 0.682664 -0.531288 0.392785 0.312127
0.412984 0.233630 1.885745 0.683605 -0.530620 0.392175 0.311969
0.412742 0.233741 1.885358 0.684525 -0.529966 0.391584 0.311807
0.412503 0.233847 1.884979 0.685422 -0.529326 0.391011 0.311642
0.412266 0.233948 1.884608 0.686298 -0.528700 0.390456 0.311473
0.412031 0.234045 1.884246 0.687153 -0.528088 0.389916 0.311302
0.411796 0.234135 1.883889 0.687984 -0.527492 0.389391 0.311135
0.411563 0.234221 1.883539 0.688791 -0.526913 0.388879 0.310970
0.411331 0.234301 1.883195 0.689576 -0.526349 0.388382 0.310807
0.411107 0.234387 1.882856 0.690351 -0.525772 0.387918 0.310642
0.410887 0.234475 1.882522 0.691106 -0.525198 0.387482 0.310479
0.410669 0.234565 1.882192 0.691839 -0.524630 0.387071 0.310319
0.410447 0.234646 1.881868 0.692543 -0.524096 0.386663 0.310161
0.410224 0.234720 1.881549 0.693224 -0.523586 0.386259 0.310002
0.410002 0.234786 1.881236 0.693888 -0.523096 0.385860 0.309843
0.409780 0.234845 1.880928 0.694534 -0.522623 0.385467 0.309682
0.409561 0.234899 1.880625 0.695164 -0.522166 0.385080 0.309520
0.409343 0.234946 1.880328 0.695778 -0.521725 0.384701 0.309356
0.409128 0.234988 1.880036 0.696378 -0.521297 0.384330 0.309190
0.408914 0.235025 1.879750 0.696962 -0.520882 0.383967 0.309023
0.408706 0.235062 1.879469 0.697538 -0.520464 0.383623 0.308856
0.408501 0.235099 1.879192 0.698098 -0.520053 0.383294 0.308690
0.408297 0.235134 1.878918 0.698644 -0.519650 0.382979 0.308525
0.408096 0.235167 1.878649 0.699176 -0.519257 0.382675 0.308360
0.407898 0.235239 1.878329 0.700012 -0.518594 0.382239 0.308116
0.407682 0.235326 1.877985 0.700951 -0.517846 0.381737 0.307864
0.407446 0.235421 1.877627 0.701918 -0.517079 0.381193 0.307623
0.407194 0.235521 1.877259 0.702895 -0.516311 0.380621 0.307391
0.406921 0.235624 1.876860 0.703907 -0.515540 0.379957 0.307191
0.406635 0.235731 1.876440 0.704927 -0.514783 0.379240 0.307007
0.406347 0.235843 1.876023 0.705925 -0.514039 0.378545 0.306818
0.406069 0.235977 1.875600 0.706944 -0.513255 0.377871 0.306616
0.405792 0.236128 1.875174 0.707966 -0.512448 0.377214 0.306415
0.405514 0.236290 1.874746 0.708986 -0.511625 0.376574 0.306221
0.405232 0.236463 1.874319 0.709999 -0.510790 0.375946 0.306039
0.404937 0.236633 1.873878 0.711016 -0.509961 0.375269 0.305891
0.404623 0.236785 1.873432 0.711999 -0.509188 0.374550 0.305772
0.404312 0.236927 1.872998 0.712951 -0.508444 0.373853 0.305647
0.404005 0.237058 1.872577 0.713878 -0.507715 0.373178 0.305521
0.403702 0.237179 1.872171 0.714785 -0.506991 0.372524 0.305398
0.403404 0.237291 1.871777 0.715676 -0.506272 0.371890 0.305278
0.403110 0.237395 1.871395 0.716548 -0.505562 0.371274 0.305158
0.402819 0.237493 1.871026 0.717402 -0.504863 0.370677 0.305035
0.402532 0.237584 1.870667 0.718238 -0.504175 0.370097 0.304910
0.402247 0.237669 1.870320 0.719055 -0.503500 0.369534 0.304783
0.401965 0.237748 1.869982 0.719854 -0.502838 0.368986 0.304654
0.401692 0.237835 1.869648 0.720649 -0.502159 0.368469 0.304519
0.401416 0.237914 1.869325 0.721416 -0.501508 0.367964 0.304388
0.401140 0.237985 1.869010 0.722158 -0.500879 0.367470 0.304258
0.400864 0.238049 1.868703 0.722880 -0.500271 0.366987 0.304128
0.400590 0.238106 1.868403 0.723582 -0.499682 0.366516 0.303995
0.400318 0.238157 1.868111 0.724265 -0.499111 0.366056 0.303860
0.400048 0.238202 1.867825 0.724931 -0.498557 0.365607 0.303722
0.399781 0.238242 1.867546 0.725580 -0.498020 0.365169 0.303582
0.399516 0.238276 1.867273 0.726212 -0.497498 0.364741 0.303439
0.399253 0.238304 1.867006 0.726829 -0.496991 0.364324 0.303293
0.398993 0.238328 1.866744 0.727431 -0.496499 0.363916 0.303145
0.398735 0.238348 1.866489 0.728019 -0.496021 0.363518 0.302995
0.398480 0.238362 1.866238 0.728592 -0.495558 0.363130 0.302842
0.398227 0.238373 1.865993 0.729151 -0.495108 0.362750 0.302687
0.397979 0.238384 1.865751 0.729699 -0.494664 0.362387 0.302529
0.397734 0.238394 1.865512 0.730234 -0.494228 0.362038 0.302367
0.397491 0.238403 1.865276 0.730756 -0.493803 0.361701 0.302204
0.397248 0.238407 1.865046 0.731263 -0.493394 0.361368 0.302041
0.397022 0.238431 1.864774 0.731952 -0.492826 0.360992 0.301753
0.396789 0.238466 1.864474 0.732748 -0.492153 0.360544 0.301454
0.396543 0.238506 1.864159 0.733587 -0.491429 0.360050 0.301182
0.396284 0.238548 1.863835 0.734441 -0.490683 0.359524 0.300947
0.396014 0.238591 1.863505 0.735296 -0.489925 0.358977 0.300747
0.395736 0.238634 1.863172 0.736147 -0.489162 0.358415 0.300578
0.395457 0.238693 1.862827 0.737021 -0.488358 0.357840 0.300429
0.395163 0.238752 1.862457 0.737907 -0.487555 0.357196 0.300325
0.394873 0.238821 1.862085 0.738781 -0.486745 0.356575 0.300226
0.394584 0.238899 1.861713 0.739645 -0.485924 0.355977 0.300139
0.394297 0.238984 1.861341 0.740500 -0.485091 0.355399 0.300064
0.394011 0.239074 1.860971 0.741344 -0.484248 0.354840 0.300002
0.393708 0.239148 1.860594 0.742170 -0.483436 0.354237 0.299982
0.393408 0.239213 1.860227 0.742962 -0.482654 0.353657 0.299965
0.393111 0.239270 1.859869 0.743727 -0.481896 0.353096 0.299947
0.392817 0.239319 1.859519 0.744469 -0.481160 0.352554 0.299927
0.392528 0.239363 1.859176 0.745190 -0.480444 0.352029 0.299902
0.392244 0.239401 1.858840 0.745891 -0.479747 0.351520 0.299874
0.391963 0.239434 1.858511 0.746572 -0.479068 0.351027 0.299841
0.391691 0.239473 1.858183 0.747248 -0.478383 0.350557 0.299800
0.391419 0.239504 1.857862 0.747895 -0.477728 0.350104 0.299760
0.391149 0.239528 1.857549 0.748522 -0.477096 0.349662 0.299718
0.390881 0.239546 1.857243 0.749130 -0.476485 0.349233 0.299672
0.390616 0.239559 1.856942 0.749721 -0.475892 0.348814 0.299622
0.390355 0.239566 1.856647 0.750296 -0.475318 0.348407 0.299568
0.390099 0.239576 1.856355 0.750865 -0.474742 0.348016 0.299510
0.389847 0.239587 1.856065 0.751420 -0.474177 0.347641 0.299450
0.389595 0.239590 1.855782 0.751952 -0.473641 0.347275 0.299388
0.389353 0.239581 1.855520 0.752471 -0.473115 0.346910 0.299337
0.389123 0.239563 1.855281 0.752984 -0.472593 0.346548 0.299290
0.388905 0.239544 1.855062 0.753507 -0.472057 0.346190 0.299236
0.388696 0.239520 1.854867 0.754028 -0.471521 0.345838 0.299174
0.388495 0.239492 1.854697 0.754548 -0.470988 0.345495 0.299100
0.388300 0.239458 1.854551 0.755067 -0.470460 0.345159 0.299009
0.388109 0.239420 1.854429 0.755585 -0.469938 0.344831 0.298901
0.387923 0.239376 1.854330 0.756101 -0.469424 0.344511 0.298772
0.387739 0.239327 1.854255 0.756615 -0.468921 0.344198 0.298622
0.387556 0.239272 1.854201 0.757126 -0.468430 0.343892 0.298451
0.387375 0.239215 1.854166 0.757639 -0.467944 0.343591 0.298257
0.387194 0.239154 1.854147 0.758151 -0.467467 0.343295 0.298044
0.386978 0.239074 1.854083 0.758708 -0.466906 0.342970 0.297881
0.386722 0.238980 1.854007 0.759244 -0.466364 0.342616 0.297771
0.386438 0.238878 1.853935 0.759753 -0.465839 0.342252 0.297713
0.386133 0.238772 1.853871 0.760249 -0.465314 0.341873 0.297705
0.385813 0.238665 1.853817 0.760730 -0.464792 0.341489 0.297731
0.385484 0.238558 1.853774 0.761199 -0.464275 0.341105 0.297779
0.385149 0.238450 1.853742 0.761659 -0.463764 0.340723 0.297836
0.384812 0.238344 1.853719 0.762112 -0.463262 0.340345 0.297892
0.384472 0.238239 1.853705 0.762559 -0.462768 0.339972 0.297941
0.384132 0.238134 1.853700 0.763001 -0.462283 0.339606 0.297979
0.383792 0.238031 1.853702 0.763440 -0.461809 0.339244 0.298001
0.383452 0.237929 1.853711 0.763877 -0.461344 0.338889 0.298008
0.383113 0.237828 1.853726 0.764310 -0.460889 0.338538 0.297999
0.382774 0.237727 1.853748 0.764740 -0.460446 0.338193 0.297974
0.382436 0.237626 1.853775 0.765167 -0.460013 0.337853 0.297932
0.382098 0.237524 1.853806 0.765590 -0.459592 0.337517 0.297875
0.381761 0.237423 1.853842 0.766010 -0.459183 0.337185 0.297803
0.381424 0.237321 1.853881 0.766425 -0.458785 0.336858 0.297717
0.381088 0.237218 1.853924 0.766837 -0.458399 0.336535 0.297616
0.380753 0.237113 1.853970 0.767244 -0.458025 0.336216 0.297503
0.380419 0.237008 1.854018 0.767646 -0.457663 0.335902 0.297378
0.380086 0.236902 1.854068 0.768043 -0.457313 0.335592 0.297241
0.379754 0.236795 1.854119 0.768436 -0.456974 0.335286 0.297094
0.379424 0.236686 1.854172 0.768822 -0.456647 0.334984 0.296936
0.379095 0.236578 1.854229 0.769211 -0.456319 0.334690 0.296767
0.378768 0.236470 1.854290 0.769594 -0.455998 0.334405 0.296589
0.378441 0.236361 1.854354 0.769970 -0.455687 0.334128 0.296401
0.378116 0.236250 1.854420 0.770340 -0.455387 0.333859 0.296204
0.377793 0.236139 1.854488 0.770703 -0.455098 0.333597 0.295999
0.377470 0.236025 1.854557 0.771060 -0.454819 0.333341 0.295788
0.377150 0.235911 1.854627 0.771409 -0.454551 0.333092 0.295569
0.376831 0.235792 1.854694 0.771744 -0.454307 0.332846 0.295347
0.376515 0.235669 1.854758 0.772070 -0.454079 0.332602 0.295121
0.376202 0.235544 1.854820 0.772389 -0.453862 0.332360 0.294891
0.375893 0.235417 1.854880 0.772703 -0.453656 0.332119 0.294659
0.375588 0.235287 1.854938 0.773010 -0.453459 0.331881 0.294423
0.375286 0.235154 1.854995 0.773311 -0.453271 0.331647 0.294186
0.374987 0.235019 1.855050 0.773606 -0.453092 0.331416 0.293946
0.374693 0.234882 1.855104 0.773895 -0.452922 0.331190 0.293704
0.374402 0.234744 1.855161 0.774183 -0.452750 0.330969 0.293458
0.374058 0.234566 1.855174 0.774382 -0.452657 0.330741 0.293333
0.373681 0.234377 1.855165 0.774537 -0.452577 0.330512 0.293305
0.373283 0.234183 1.855144 0.774662 -0.452512 0.330277 0.293342
0.372873 0.233991 1.855117 0.774767 -0.452448 0.330042 0.293427
0.372457 0.233802 1.855088 0.774860 -0.452381 0.329809 0.293545
0.372039 0.233617 1.855058 0.774945 -0.452310 0.329584 0.293683
0.371623 0.233437 1.855028 0.775026 -0.452232 0.329367 0.293833
0.371209 0.233261 1.855000 0.775105 -0.452150 0.329158 0.293986
0.370799 0.233091 1.854973 0.775183 -0.452064 0.328958 0.294138
0.370393 0.232924 1.854947 0.775261 -0.451973 0.328765 0.294285
0.369992 0.232761 1.854923 0.775341 -0.451880 0.328578 0.294427
0.369595 0.232601 1.854901 0.775422 -0.451785 0.328398 0.294561
0.369203 0.232443 1.854880 0.775504 -0.451688 0.328224 0.294686
0.368816 0.232287 1.854861 0.775589 -0.451591 0.328054 0.294802
0.368433 0.232133 1.854843 0.775674 -0.451494 0.327890 0.294909
0.368054 0.231980 1.854827 0.775762 -0.451397 0.327729 0.295005
0.367680 0.231825 1.854812 0.775846 -0.451311 0.327570 0.295093
0.367310 0.231668 1.854798 0.775929 -0.451232 0.327412 0.295169
0.366946 0.231510 1.854785 0.776013 -0.451157 0.327257 0.295234
0.366587 0.231352 1.854772 0.776098 -0.451087 0.327105 0.295287
0.366233 0.231192 1.854761 0.776185 -0.451019 0.326954 0.295329
0.365883 0.231032 1.854750 0.776273 -0.450954 0.326807 0.295361
0.365539 0.230872 1.854741 0.776362 -0.450891 0.326661 0.295383
0.365198 0.230711 1.854732 0.776453 -0.450830 0.326518 0.295395
0.364862 0.230549 1.854723 0.776546 -0.450771 0.326377 0.295398
0.364530 0.230389 1.854716 0.776640 -0.450714 0.326239 0.295391
0.364202 0.230228 1.854709 0.776735 -0.450658 0.326104 0.295375
0.363877 0.230067 1.854704 0.776831 -0.450604 0.325970 0.295351
0.363556 0.229906 1.854699 0.776929 -0.450552 0.325839 0.295319
0.363238 0.229745 1.854694 0.777027 -0.450503 0.325709 0.295279
0.362923 0.229583 1.854690 0.777126 -0.450457 0.325580 0.295232
0.362611 0.229420 1.854687 0.777225 -0.450413 0.325453 0.295178
0.362303 0.229257 1.854684 0.777324 -0.450372 0.325327 0.295118
0.361997 0.229093 1.854682 0.777424 -0.450334 0.325202 0.295051
0.361695 0.228927 1.854680 0.777524 -0.450299 0.325079 0.294978
0.361396 0.228761 1.854679 0.777623 -0.450267 0.324956 0.294899
0.361100 0.228594 1.854678 0.777722 -0.450239 0.324835 0.294814
0.360807 0.228426 1.854677 0.777821 -0.450214 0.324714 0.294724
0.360518 0.228256 1.854677 0.777919 -0.450193 0.324595 0.294629
0.360231 0.228086 1.854678 0.778017 -0.450175 0.324478 0.294528
0.359931 0.227893 1.854641 0.778131 -0.450122 0.324344 0.294456
0.359619 0.227690 1.854589 0.778238 -0.450054 0.324209 0.294425
0.359302 0.227485 1.854530 0.778334 -0.449978 0.324080 0.294429
0.358982 0.227281 1.854468 0.778420 -0.449896 0.323959 0.294460
0.358662 0.227079 1.854406 0.778499 -0.449810 0.323846 0.294507
0.358344 0.226880 1.854345 0.778573 -0.449720 0.323741 0.294565
0.358029 0.226684 1.854285 0.778644 -0.449626 0.323642 0.294628
0.357717 0.226491 1.854227 0.778714 -0.449529 0.323550 0.294692
0.357409 0.226301 1.854171 0.778784 -0.449429 0.323464 0.294754
0.357104 0.226114 1.854117 0.778855 -0.449327 0.323382 0.294813
0.356803 0.225928 1.854065 0.778926 -0.449224 0.323303 0.294867
0.356505 0.225743 1.854015 0.778999 -0.449121 0.323228 0.294914
0.356211 0.225561 1.853967 0.779073 -0.449017 0.323156 0.294956
0.355919 0.225379 1.853921 0.779149 -0.448914 0.323085 0.294990
0.355631 0.225197 1.853877 0.779226 -0.448811 0.323016 0.295017
0.355345 0.225017 1.853834 0.779305 -0.448711 0.322949 0.295038
0.355063 0.224836 1.853794 0.779384 -0.448611 0.322882 0.295051
0.354782 0.224656 1.853754 0.779465 -0.448515 0.322817 0.295057
0.354505 0.224476 1.853716 0.779546 -0.448420 0.322751 0.295056
0.354230 0.224295 1.853680 0.779629 -0.448329 0.322686 0.295048
0.353958 0.224114 1.853644 0.779712 -0.448241 0.322622 0.295034
0.353688 0.223933 1.853610 0.779795 -0.448157 0.322557 0.295013
0.353421 0.223751 1.853576 0.779878 -0.448076 0.322493 0.294985
0.353157 0.223568 1.853544 0.779962 -0.447998 0.322430 0.294952
0.352895 0.223385 1.853512 0.780045 -0.447925 0.322366 0.294912
0.352635 0.223201 1.853481 0.780128 -0.447855 0.322303 0.294867
0.352378 0.223016 1.853452 0.780212 -0.447789 0.322239 0.294816
0.352124 0.222829 1.853423 0.780294 -0.447727 0.322176 0.294760
0.351872 0.222642 1.853395 0.780377 -0.447669 0.322114 0.294699
0.351623 0.222453 1.853367 0.780459 -0.447615 0.322051 0.294632
0.351376 0.222263 1.853341 0.780540 -0.447565 0.321989 0.294561
0.351132 0.222072 1.853315 0.780621 -0.447518 0.321927 0.294485
0.350890 0.221880 1.853290 0.780701 -0.447476 0.321865 0.294405
0.350651 0.221686 1.853266 0.780780 -0.447438 0.321803 0.294321
0.350414 0.221491 1.853243 0.780858 -0.447404 0.321741 0.294233
0.350179 0.221294 1.853220 0.780935 -0.447373 0.321680 0.294141
0.349947 0.221095 1.853199 0.781011 -0.447347 0.321618 0.294046
0.349718 0.220895 1.853178 0.781086 -0.447325 0.321557 0.293948
0.349490 0.220693 1.853158 0.781160 -0.447307 0.321496 0.293846
0.349265 0.220489 1.853139 0.781233 -0.447294 0.321435 0.293740
0.349045 0.220276 1.853083 0.781364 -0.447210 0.321358 0.293602
0.348824 0.220062 1.853011 0.781516 -0.447092 0.321277 0.293467
0.348599 0.219849 1.852931 0.781671 -0.446959 0.321196 0.293346
0.348373 0.219639 1.852847 0.781825 -0.446817 0.321117 0.293239
0.348145 0.219432 1.852763 0.781975 -0.446670 0.321041 0.293144
0.347916 0.219228 1.852679 0.782122 -0.446522 0.320968 0.293057
0.347688 0.219027 1.852596 0.782267 -0.446373 0.320898 0.292974
0.347460 0.218828 1.852514 0.782409 -0.446225 0.320831 0.292894
0.347234 0.218632 1.852434 0.782550 -0.446078 0.320766 0.292814
0.347009 0.218437 1.852355 0.782688 -0.445933 0.320702 0.292733
0.346785 0.218244 1.852278 0.782826 -0.445791 0.320640 0.292650
0.346562 0.218051 1.852203 0.782962 -0.445651 0.320580 0.292565
0.346341 0.217859 1.852130 0.783098 -0.445514 0.320520 0.292476
0.346121 0.217667 1.852058 0.783232 -0.445381 0.320461 0.292385
0.345903 0.217475 1.851989 0.783365 -0.445251 0.320402 0.292289
0.345686 0.217283 1.851921 0.783497 -0.445126 0.320344 0.292191
0.345470 0.217090 1.851855 0.783627 -0.445005 0.320287 0.292088
0.345256 0.216897 1.851791 0.783756 -0.444888 0.320229 0.291982
0.345044 0.216703 1.851729 0.783884 -0.444776 0.320171 0.291873
0.344833 0.216508 1.851668 0.784011 -0.444668 0.320114 0.291760
0.344623 0.216312 1.851609 0.784136 -0.444565 0.320057 0.291644
0.344415 0.216115 1.851552 0.784259 -0.444468 0.319999 0.291524
0.344208 0.215917 1.851496 0.784381 -0.444375 0.319941 0.291402
0.344002 0.215717 1.851442 0.784501 -0.444287 0.319884 0.291277
0.343798 0.215516 1.851389 0.784618 -0.444205 0.319826 0.291149
0.343596 0.215313 1.851338 0.784734 -0.444128 0.319768 0.291018
0.343395 0.215109 1.851288 0.784848 -0.444056 0.319709 0.290885
0.343195 0.214903 1.851239 0.784959 -0.443990 0.319650 0.290750
0.342998 0.214695 1.851191 0.785068 -0.443930 0.319591 0.290613
0.342802 0.214484 1.851145 0.785175 -0.443875 0.319531 0.290473
0.342607 0.214272 1.851100 0.785280 -0.443826 0.319471 0.290331
0.342415 0.214057 1.851056 0.785382 -0.443783 0.319411 0.290188
0.342224 0.213840 1.851014 0.785482 -0.443745 0.319350 0.290042
0.342035 0.213621 1.850972 0.785579 -0.443714 0.319289 0.289894
0.341848 0.213399 1.850932 0.785673 -0.443689 0.319227 0.289745
0.341662 0.213174 1.850894 0.785765 -0.443670 0.319165 0.289594
0.341479 0.212946 1.850856 0.785854 -0.443657 0.319102 0.289441
0.341297 0.212716 1.850820 0.785941 -0.443650 0.319039 0.289286
0.341118 0.212482 1.850785 0.786024 -0.443649 0.318976 0.289130
0.340940 0.212246 1.850752 0.786105 -0.443654 0.318912 0.288972
0.340816 0.212025 1.850675 0.786393 -0.443419 0.318818 0.288653
0.340708 0.211812 1.850585 0.786772 -0.443056 0.318708 0.288300
0.340597 0.211611 1.850495 0.787220 -0.442561 0.318572 0.287987
0.340477 0.211412 1.850406 0.787668 -0.442053 0.318424 0.287704
0.340349 0.211213 1.850317 0.788108 -0.441551 0.318270 0.287443
0.340216 0.211015 1.850229 0.788536 -0.441060 0.318112 0.287196
0.340080 0.210817 1.850142 0.788955 -0.440580 0.317954 0.286958
0.339940 0.210620 1.850056 0.789364 -0.440112 0.317796 0.286726
0.339799 0.210423 1.849971 0.789764 -0.439657 0.317638 0.286498
0.339656 0.210227 1.849887 0.790155 -0.439213 0.317482 0.286272
0.339513 0.210030 1.849806 0.790538 -0.438783 0.317327 0.286048
0.339369 0.209833 1.849726 0.790912 -0.438365 0.317174 0.285823
0.339225 0.209634 1.849648 0.791278 -0.437960 0.317023 0.285598
0.339080 0.209434 1.849573 0.791636 -0.437568 0.316874 0.285372
0.338935 0.209233 1.849500 0.791986 -0.437189 0.316727 0.285146
0.338790 0.209030 1.849429 0.792327 -0.436824 0.316583 0.284918
0.338646 0.208824 1.849361 0.792660 -0.436472 0.316440 0.284689
0.338501 0.208618 1.849294 0.792984 -0.436136 0.316302 0.284456
0.338357 0.208409 1.849230 0.793300 -0.435813 0.316166 0.284221
0.338213 0.208198 1.849166 0.793608 -0.435503 0.316031 0.283984
0.338069 0.207986 1.849105 0.793910 -0.435206 0.315899 0.283745
0.337925 0.207771 1.849046 0.794204 -0.434921 0.315767 0.283505
0.337781 0.207554 1.848989 0.794490 -0.434649 0.315637 0.283264
0.337638 0.207334 1.848933 0.794770 -0.434388 0.315509 0.283023
0.337495 0.207111 1.848880 0.795042 -0.434139 0.315382 0.282781
0.337353 0.206886 1.848828 0.795307 -0.433903 0.315256 0.282539
0.337211 0.206657 1.848779 0.795565 -0.433678 0.315131 0.282296
0.337069 0.206425 1.848731 0.795816 -0.433465 0.315008 0.282054
0.336929 0.206189 1.848686 0.796060 -0.433264 0.314886 0.281811
0.336789 0.205951 1.848642 0.796297 -0.433074 0.314766 0.281567
0.336650 0.205708 1.848601 0.796527 -0.432896 0.314646 0.281324
0.336511 0.205462 1.848561 0.796750 -0.432730 0.314528 0.281081
0.336374 0.205213 1.848523 0.796967 -0.432574 0.314411 0.280837
0.336237 0.204959 1.848487 0.797176 -0.432430 0.314295 0.280594
0.336102 0.204702 1.848453 0.797379 -0.432296 0.314181 0.280351
0.335967 0.204441 1.848421 0.797576 -0.432173 0.314067 0.280108
0.335834 0.204176 1.848390 0.797766 -0.432061 0.313955 0.279865
0.335701 0.203908 1.848362 0.797950 -0.431960 0.313843 0.279622
0.335570 0.203634 1.848335 0.798129 -0.431867 0.313730 0.279381
0.335440 0.203355 1.848311 0.798302 -0.431786 0.313617 0.279142
0.335391 0.203171 1.848172 0.798939 -0.431125 0.313328 0.278665
0.335360 0.203003 1.848001 0.799667 -0.430365 0.313017 0.278098
0.335332 0.202839 1.847821 0.800416 -0.429578 0.312706 0.277511
0.335303 0.202674 1.847640 0.801156 -0.428789 0.312404 0.276935
0.335271 0.202508 1.847462 0.801879 -0.428008 0.312115 0.276375
0.335223 0.202323 1.847276 0.802595 -0.427273 0.311756 0.275838
0.335179 0.202139 1.847096 0.803289 -0.426548 0.311430 0.275310
0.335136 0.201955 1.846925 0.803961 -0.425834 0.311130 0.274790
0.335095 0.201771 1.846761 0.804612 -0.425134 0.310853 0.274282
0.335053 0.201586 1.846605 0.805244 -0.424448 0.310594 0.273783
0.335011 0.201407 1.846453 0.805863 -0.423770 0.310351 0.273286
0.334967 0.201230 1.846305 0.806468 -0.423104 0.310120 0.272796
0.334921 0.201054 1.846163 0.807058 -0.422452 0.309901 0.272311
0.334872 0.200879 1.846025 0.807632 -0.421816 0.309690 0.271833
0.334821 0.200704 1.845892 0.808192 -0.421197 0.309488 0.271360
0.334767 0.200528 1.845763 0.808737 -0.420595 0.309292 0.270892
0.334710 0.200351 1.845639 0.809268 -0.420011 0.309103 0.270429
0.334650 0.200173 1.845518 0.809787 -0.419442 0.308917 0.269970
0.334587 0.199993 1.845401 0.810293 -0.418890 0.308734 0.269517
0.334521 0.199811 1.845287 0.810787 -0.418355 0.308554 0.269069
0.334452 0.199627 1.845176 0.811268 -0.417837 0.308377 0.268626
0.334381 0.199440 1.845069 0.811737 -0.417338 0.308202 0.268187
0.334308 0.199250 1.844966 0.812193 -0.416856 0.308030 0.267751
0.334232 0.199057 1.844865 0.812638 -0.416392 0.307860 0.267320
0.334155 0.198860 1.844768 0.813070 -0.415946 0.307692 0.266892
0.334077 0.198660 1.844673 0.813491 -0.415518 0.307526 0.266466
0.333997 0.198455 1.844582 0.813901 -0.415107 0.307363 0.266043
0.333916 0.198247 1.844494 0.814299 -0.414714 0.307201 0.265623
0.333834 0.198035 1.844409 0.814687 -0.414339 0.307042 0.265206
0.333751 0.197819 1.844326 0.815064 -0.413980 0.306884 0.264790
0.333666 0.197597 1.844244 0.815427 -0.413652 0.306721 0.264372
0.333581 0.197369 1.844163 0.815782 -0.413345 0.306554 0.263953
0.333495 0.197135 1.844084 0.816127 -0.413055 0.306384 0.263535
0.333409 0.196895 1.844007 0.816463 -0.412784 0.306213 0.263119
0.333323 0.196649 1.843932 0.816789 -0.412530 0.306041 0.262706
0.333237 0.196399 1.843858 0.817106 -0.412292 0.305868 0.262295
0.333151 0.196142 1.843787 0.817413 -0.412070 0.305696 0.261887
0.333065 0.195880 1.843718 0.817711 -0.411863 0.305525 0.261482
0.332979 0.195613 1.843651 0.817999 -0.411672 0.305354 0.261080
0.332894 0.195341 1.843585 0.818278 -0.411495 0.305186 0.260682
0.332917 0.195176 1.843470 0.819052 -0.410495 0.304979 0.260070
0.332963 0.195035 1.843321 0.819945 -0.409341 0.304730 0.259364
0.333002 0.194879 1.843141 0.820884 -0.408179 0.304374 0.258642
0.333036 0.194707 1.842941 0.821840 -0.407040 0.303938 0.257911
0.333076 0.194541 1.842738 0.822786 -0.405907 0.303525 0.257167
0.333119 0.194379 1.842539 0.823720 -0.404775 0.303130 0.256427
0.333163 0.194218 1.842344 0.824640 -0.403646 0.302748 0.255701
0.333205 0.194056 1.842154 0.825545 -0.402521 0.302377 0.254993
0.333245 0.193892 1.841970 0.826434 -0.401402 0.302014 0.254304
0.333282 0.193725 1.841793 0.827309 -0.400289 0.301658 0.253634
0.333315 0.193554 1.841622 0.828165 -0.399193 0.301311 0.252983
0.333345 0.193377 1.841457 0.828995 -0.398125 0.300973 0.252348
0.333372 0.193194 1.841298 0.829800 -0.397087 0.300645 0.251728
0.333395 0.193004 1.841145 0.830580 -0.396079 0.300328 0.251120
0.333416 0.192811 1.840998 0.831335 -0.395104 0.300025 0.250519
0.333435 0.192614 1.840856 0.832067 -0.394158 0.299734 0.249925
0.333450 0.192413 1.840719 0.832778 -0.393241 0.299453 0.249339
0.333462 0.192206 1.840588 0.833469 -0.392351 0.299180 0.248762
0.333471 0.191995 1.840462 0.834138 -0.391489 0.298915 0.248193
0.333477 0.191778 1.840340 0.834788 -0.390654 0.298658 0.247632
0.333479 0.191569 1.840221 0.835430 -0.389827 0.298406 0.247074
0.333476 0.191362 1.840105 0.836058 -0.389015 0.298160 0.246525
0.333466 0.191157 1.839991 0.836671 -0.388224 0.297918 0.245985
0.333452 0.190951 1.839881 0.837269 -0.387454 0.297678 0.245455
0.333432 0.190744 1.839773 0.837850 -0.386708 0.297442 0.244932
0.333409 0.190534 1.839668 0.838415 -0.385993 0.297207 0.244413
0.333382 0.190320 1.839565 0.838964 -0.385307 0.296973 0.243896
0.333353 0.190102 1.839465 0.839498 -0.384649 0.296740 0.243381
0.333322 0.189881 1.839367 0.840017 -0.384018 0.296509 0.242867
0.333288 0.189654 1.839272 0.840521 -0.383413 0.296281 0.242356
0.333251 0.189424 1.839179 0.841012 -0.382828 0.296057 0.241850
0.333213 0.189188 1.839089 0.841488 -0.382271 0.295835 0.241347
0.333172 0.188944 1.838999 0.841950 -0.381746 0.295604 0.240848
0.333129 0.188692 1.838910 0.842400 -0.381249 0.295367 0.240353
0.333084 0.188432 1.838821 0.842837 -0.380778 0.295127 0.239862
0.333039 0.188166 1.838734 0.843261 -0.380333 0.294885 0.239375
0.332994 0.187892 1.838647 0.843672 -0.379912 0.294643 0.238892
0.332949 0.187613 1.838563 0.844071 -0.379514 0.294404 0.238413
0.332903 0.187328 1.838480 0.844456 -0.379137 0.294169 0.237938
0.332858 0.187039 1.838399 0.844828 -0.378781 0.293938 0.237469
0.332890 0.186839 1.838297 0.845501 -0.377832 0.293768 0.236795
0.332931 0.186667 1.838163 0.846256 -0.376782 0.293567 0.236019
0.332955 0.186473 1.838001 0.847071 -0.375685 0.293238 0.235252
0.332979 0.186289 1.837829 0.847887 -0.374597 0.292908 0.234458
0.333001 0.186114 1.837653 0.848704 -0.373505 0.292581 0.233650
0.333021 0.185944 1.837478 0.849522 -0.372405 0.292255 0.232840
0.333040 0.185778 1.837304 0.850338 -0.371301 0.291929 0.232031
0.333056 0.185614 1.837132 0.851152 -0.370194 0.291604 0.231222
0.333071 0.185452 1.836962 0.851963 -0.369086 0.291280 0.230414
0.333084 0.185290 1.836794 0.852771 -0.367978 0.290956 0.229606
0.333096 0.185128 1.836629 0.853575 -0.366870 0.290633 0.228798
0.333107 0.184967 1.836467 0.854376 -0.365764 0.290309 0.227989
0.333116 0.184804 1.836308 0.855174 -0.364658 0.289985 0.227180
0.333124 0.184639 1.836151 0.855968 -0.363555 0.289661 0.226370
0.333132 0.184473 1.835997 0.856758 -0.362453 0.289337 0.225559
0.333138 0.184305 1.835846 0.857545 -0.361355 0.289012 0.224747
0.333144 0.184135 1.835697 0.858328 -0.360260 0.288687 0.223933
0.333148 0.183979 1.835547 0.859110 -0.359154 0.288377 0.223108
0.333149 0.183836 1.835396 0.859889 -0.358042 0.288080 0.222275
0.333147 0.183706 1.835246 0.860666 -0.356922 0.287794 0.221439
0.333142 0.183585 1.835097 0.861442 -0.355792 0.287516 0.220601
0.333133 0.183474 1.834950 0.862215 -0.354655 0.287245 0.219763
0.333120 0.183375 1.834802 0.862989 -0.353506 0.286979 0.218924
0.333103 0.183285 1.834656 0.863761 -0.352346 0.286717 0.218086
0.333082 0.183204 1.834512 0.864532 -0.351179 0.286459 0.217252
0.333058 0.183129 1.834368 0.865301 -0.350005 0.286204 0.216420
0.333031 0.183060 1.834227 0.866068 -0.348825 0.285951 0.215591
0.332999 0.182993 1.834088 0.866827 -0.347645 0.285701 0.214774
0.332961 0.182927 1.833954 0.867578 -0.346469 0.285452 0.213974
0.332919 0.182858 1.833824 0.868312 -0.345309 0.285208 0.213195
0.332871 0.182784 1.833699 0.869027 -0.344173 0.284970 0.212437
0.332819 0.182706 1.833578 0.869722 -0.343062 0.284737 0.211698
0.332764 0.182624 1.833460 0.870397 -0.341981 0.284511 0.210977
0.332705 0.182538 1.833346 0.871053 -0.340927 0.284292 0.210270
0.332644 0.182448 1.833235 0.871690 -0.339902 0.284080 0.209576
0.332581 0.182354 1.833127 0.872308 -0.338906 0.283874 0.208895
0.332515 0.182257 1.833023 0.872909 -0.337937 0.283675 0.208224
0.332447 0.182157 1.832922 0.873492 -0.336995 0.283483 0.207564
0.332377 0.182053 1.832823 0.874059 -0.336081 0.283297 0.206914
0.332305 0.181947 1.832728 0.874610 -0.335192 0.283117 0.206274
0.332254 0.181895 1.832605 0.875276 -0.334135 0.282911 0.205445
0.332205 0.181862 1.832470 0.875987 -0.333001 0.282692 0.204554
0.332151 0.181833 1.832333 0.876716 -0.331826 0.282465 0.203650
0.332093 0.181804 1.832196 0.877451 -0.330629 0.282236 0.202749
0.332031 0.181774 1.832060 0.878186 -0.329418 0.282005 0.201858
0.331966 0.181742 1.831926 0.878918 -0.328200 0.281775 0.200976
0.331901 0.181708 1.831794 0.879646 -0.326976 0.281547 0.200103
0.331834 0.181673 1.831667 0.880370 -0.325744 0.281323 0.199239
0.331766 0.181636 1.831543 0.881090 -0.324508 0.281102 0.198384
0.331698 0.181598 1.831421 0.881805 -0.323271 0.280885 0.197533
0.331631 0.181558 1.831303 0.882515 -0.322034 0.280671 0.196687
0.331564 0.181517 1.831186 0.883220 -0.320797 0.280460 0.195843
0.331497 0.181475 1.831072 0.883920 -0.319561 0.280252 0.195001
0.331431 0.181433 1.830960 0.884615 -0.318326 0.280047 0.194161
0.331365 0.181389 1.830849 0.885306 -0.317092 0.279844 0.193321
0.331299 0.181345 1.830741 0.885993 -0.315859 0.279643 0.192482
0.331234 0.181300 1.830635 0.886675 -0.314628 0.279445 0.191643
0.331169 0.181254 1.830530 0.887353 -0.313398 0.279249 0.190805
0.331105 0.181207 1.830428 0.888026 -0.312170 0.279056 0.189966
0.331041 0.181159 1.830325 0.888694 -0.310949 0.278863 0.189125
0.330979 0.181112 1.830222 0.889358 -0.309733 0.278671 0.188280
0.330917 0.181064 1.830119 0.890018 -0.308520 0.278481 0.187433
0.330855 0.181016 1.830018 0.890675 -0.307309 0.278292 0.186585
0.330794 0.180967 1.829918 0.891327 -0.306099 0.278104 0.185735
0.330732 0.180919 1.829821 0.891976 -0.304885 0.277919 0.184890
0.330670 0.180869 1.829728 0.892622 -0.303670 0.277738 0.184046
0.330608 0.180819 1.829635 0.893262 -0.302461 0.277557 0.183201
0.330547 0.180768 1.829542 0.893898 -0.301256 0.277378 0.182354
0.330486 0.180717 1.829450 0.894530 -0.300053 0.277200 0.181504
0.330425 0.180665 1.829362 0.895160 -0.298846 0.277025 0.180658
0.330363 0.180613 1.829276 0.895785 -0.297637 0.276853 0.179814
0.330301 0.180559 1.829191 0.896406 -0.296435 0.276683 0.178968
0.330240 0.180506 1.829106 0.897022 -0.295237 0.276513 0.178119
0.330180 0.180452 1.829021 0.897635 -0.294042 0.276345 0.177268
0.330119 0.180398 1.828940 0.898245 -0.292841 0.276180 0.176420
0.330057 0.180343 1.828862 0.898852 -0.291639 0.276018 0.175574
0.329996 0.180287 1.828784 0.899453 -0.290444 0.275858 0.174725
0.329935 0.180231 1.828706 0.900051 -0.289253 0.275698 0.173874
0.329875 0.180175 1.828628 0.900645 -0.288063 0.275540 0.173021
0.329814 0.180119 1.828555 0.901236 -0.286869 0.275385 0.172171
0.329747 0.180058 1.828484 0.901822 -0.285676 0.275233 0.171329
0.329679 0.179995 1.828415 0.902403 -0.284490 0.275082 0.170483
0.329609 0.179932 1.828346 0.902980 -0.283305 0.274933 0.169635
0.329539 0.179868 1.828279 0.903555 -0.282122 0.274787 0.168783
0.329469 0.179804 1.828214 0.904126 -0.280940 0.274642 0.167930
0.329398 0.179739 1.828153 0.904694 -0.279751 0.274502 0.167080
0.329326 0.179673 1.828096 0.905259 -0.278560 0.274367 0.166233
0.329254 0.179606 1.828042 0.905819 -0.277368 0.274235 0.165388
0.329182 0.179537 1.827987 0.906375 -0.276184 0.274105 0.164538
0.329110 0.179469 1.827932 0.906928 -0.275004 0.273975 0.163684
0.329039 0.179400 1.827878 0.907477 -0.273826 0.273846 0.162827
0.328967 0.179331 1.827827 0.908024 -0.272642 0.273722 0.161973
0.328895 0.179261 1.827780 0.908567 -0.271457 0.273601 0.161122
0.328823 0.179189 1.827735 0.909105 -0.270271 0.273485 0.160272
0.328752 0.179117 1.827688 0.909640 -0.269093 0.273368 0.159417
0.328681 0.179044 1.827642 0.910171 -0.267919 0.273252 0.158558
0.328611 0.178971 1.827599 0.910700 -0.266740 0.273140 0.157702
0.328540 0.178897 1.827558 0.911225 -0.265560 0.273033 0.156848
0.328470 0.178822 1.827516 0.911745 -0.264386 0.272925 0.155989
0.328400 0.178747 1.827475 0.912263 -0.263217 0.272818 0.155127
0.328331 0.178671 1.827436 0.912777 -0.262042 0.272715 0.154267
0.328261 0.178594 1.827401 0.913288 -0.260866 0.272616 0.153410
0.328192 0.178516 1.827367 0.913795 -0.259689 0.272521 0.152554
0.328123 0.178437 1.827332 0.914298 -0.258520 0.272425 0.151693
0.328055 0.178358 1.827297 0.914798 -0.257355 0.272331 0.150828
0.327987 0.178279 1.827265 0.915295 -0.256186 0.272240 0.149965
0.327919 0.178199 1.827232 0.915788 -0.255021 0.272150 0.149098
0.327852 0.178119 1.827203 0.916279 -0.253852 0.272064 0.148235
0.327784 0.178037 1.827176 0.916765 -0.252682 0.271982 0.147373
0.327717 0.177955 1.827148 0.917248 -0.251519 0.271901 0.146506
0.327651 0.177872 1.827123 0.917728 -0.250353 0.271823 0.145642
0.327584 0.177789 1.827096 0.918204 -0.249192 0.271746 0.144773
0.327518 0.177705 1.827073 0.918677 -0.248027 0.271674 0.143906
0.327452 0.177619 1.827052 0.919146 -0.246862 0.271605 0.143041
0.327387 0.177534 1.827030 0.919612 -0.245703 0.271536 0.142171
0.327322 0.177448 1.827008 0.920075 -0.244547 0.271468 0.141296
0.327257 0.177362 1.826989 0.920534 -0.243387 0.271404 0.140425
0.327192 0.177274 1.826972 0.920991 -0.242225 0.271344 0.139556
0.327127 0.177185 1.826957 0.921443 -0.241062 0.271289 0.138688
0.327063 0.177096 1.826941 0.921892 -0.239907 0.271233 0.137814
0.326986 0.176997 1.826932 0.922333 -0.238763 0.271173 0.136964
0.326897 0.176893 1.826930 0.922772 -0.237614 0.271111 0.136128
0.326802 0.176787 1.826930 0.923209 -0.236467 0.271044 0.135288
0.326703 0.176680 1.826932 0.923646 -0.235320 0.270976 0.134441
0.326600 0.176573 1.826934 0.924082 -0.234171 0.270905 0.133589
0.326493 0.176466 1.826941 0.924519 -0.233013 0.270834 0.132737
0.326382 0.176358 1.826951 0.924954 -0.231850 0.270763 0.131885
0.326270 0.176248 1.826963 0.925387 -0.230684 0.270692 0.131031
0.326157 0.176138 1.826977 0.925818 -0.229519 0.270622 0.130174
0.326045 0.176026 1.826989 0.926247 -0.228360 0.270551 0.129309
0.325933 0.175913 1.827000 0.926672 -0.227206 0.270481 0.128436
0.325821 0.175800 1.827014 0.927096 -0.226047 0.270413 0.127564
0.325709 0.175684 1.827030 0.927517 -0.224887 0.270346 0.126693
0.325597 0.175567 1.827047 0.927935 -0.223726 0.270282 0.125822
0.325485 0.175448 1.827065 0.928350 -0.222567 0.270219 0.124949
0.325375 0.175327 1.827082 0.928761 -0.221416 0.270158 0.124068
0.325268 0.175206 1.827096 0.929169 -0.220270 0.270097 0.123181
0.325160 0.175083 1.827114 0.929574 -0.219120 0.270040 0.122296
0.325053 0.174957 1.827134 0.929976 -0.217969 0.269986 0.121412
0.324947 0.174830 1.827155 0.930375 -0.216819 0.269935 0.120529
0.324841 0.174700 1.827177 0.930770 -0.215670 0.269887 0.119645
0.324738 0.174570 1.827197 0.931161 -0.214529 0.269841 0.118753
0.324637 0.174438 1.827216 0.931549 -0.213394 0.269796 0.117856
0.324536 0.174304 1.827238 0.931934 -0.212254 0.269755 0.116961
0.324436 0.174169 1.827261 0.932315 -0.211114 0.269717 0.116067
0.324337 0.174031 1.827286 0.932693 -0.209974 0.269684 0.115175
0.324239 0.173891 1.827313 0.933067 -0.208835 0.269653 0.114281
0.324143 0.173750 1.827337 0.933438 -0.207705 0.269624 0.113380
0.324048 0.173608 1.827360 0.933805 -0.206579 0.269597 0.112473
0.323954 0.173464 1.827386 0.934169 -0.205450 0.269574 0.111569
0.323861 0.173318 1.827413 0.934530 -0.204319 0.269556 0.110667
0.323770 0.173171 1.827440 0.934887 -0.203195 0.269539 0.109758
0.323679 0.173022 1.827468 0.935241 -0.202069 0.269526 0.108851
0.323588 0.172871 1.827499 0.935591 -0.200942 0.269517 0.107945
0.323500 0.172718 1.827527 0.935938 -0.199823 0.269510 0.107033
0.323412 0.172564 1.827558 0.936281 -0.198701 0.269507 0.106122
0.323325 0.172408 1.827591 0.936621 -0.197579 0.269509 0.105212
0.323240 0.172250 1.827622 0.936957 -0.196465 0.269512 0.104295
0.323156 0.172092 1.827652 0.937290 -0.195354 0.269516 0.103372
0.323072 0.171932 1.827685 0.937619 -0.194239 0.269526 0.102453
0.322974 0.171759 1.827736 0.937942 -0.193127 0.269535 0.101577
0.322865 0.171578 1.827794 0.938262 -0.192014 0.269541 0.100712
0.322752 0.171396 1.827852 0.938580 -0.190906 0.269544 0.099838
0.322636 0.171212 1.827910 0.938898 -0.189800 0.269545 0.098953
0.322517 0.171028 1.827969 0.939215 -0.188695 0.269544 0.098059
0.322397 0.170844 1.828028 0.939531 -0.187588 0.269542 0.097156
0.322273 0.170657 1.828092 0.939846 -0.186474 0.269540 0.096255
0.322147 0.170468 1.828158 0.940159 -0.185357 0.269538 0.095354
0.322021 0.170277 1.828226 0.940471 -0.184238 0.269538 0.094449
0.321893 0.170084 1.828295 0.940779 -0.183120 0.269539 0.093541
0.321766 0.169889 1.828365 0.941086 -0.182004 0.269541 0.092629
0.321640 0.169691 1.828436 0.941389 -0.180889 0.269545 0.091713
0.321515 0.169491 1.828506 0.941690 -0.179776 0.269550 0.090794
0.321390 0.169288 1.828576 0.941987 -0.178665 0.269558 0.089871
0.321269 0.169083 1.828643 0.942282 -0.177564 0.269567 0.088938
0.321151 0.168877 1.828707 0.942573 -0.176469 0.269577 0.087996
0.321034 0.168668 1.828773 0.942861 -0.175371 0.269590 0.087057
0.320917 0.168455 1.828840 0.943147 -0.174273 0.269605 0.086120
0.320802 0.168239 1.828907 0.943428 -0.173177 0.269623 0.085183
0.320689 0.168021 1.828975 0.943707 -0.172083 0.269644 0.084244
0.320577 0.167799 1.829043 0.943982 -0.170991 0.269668 0.083304
0.320469 0.167575 1.829107 0.944253 -0.169909 0.269695 0.082355
0.320363 0.167349 1.829170 0.944520 -0.168834 0.269725 0.081399
0.320259 0.167120 1.829234 0.944784 -0.167755 0.269758 0.080447
0.320156 0.166888 1.829300 0.945045 -0.166677 0.269794 0.079496
0.320054 0.166653 1.829366 0.945302 -0.165600 0.269834 0.078546
0.319954 0.166414 1.829433 0.945556 -0.164526 0.269877 0.077595
0.319857 0.166174 1.829497 0.945806 -0.163461 0.269924 0.076635
0.319761 0.165930 1.829562 0.946052 -0.162395 0.269975 0.075677
0.319666 0.165686 1.829625 0.946296 -0.161325 0.270027 0.074719
0.319572 0.165438 1.829690 0.946538 -0.160248 0.270081 0.073769
0.319479 0.165189 1.829753 0.946777 -0.159173 0.270138 0.072819
0.319389 0.164938 1.829814 0.947013 -0.158100 0.270197 0.071869
0.319300 0.164685 1.829874 0.947245 -0.157029 0.270259 0.070919
0.319213 0.164428 1.829936 0.947473 -0.155955 0.270325 0.069975
0.319126 0.164168 1.829999 0.947699 -0.154882 0.270394 0.069035
0.319040 0.163905 1.830062 0.947920 -0.153809 0.270468 0.068097
0.318957 0.163640 1.830124 0.948138 -0.152741 0.270544 0.067155
0.318875 0.163371 1.830186 0.948353 -0.151674 0.270625 0.066215
0.318795 0.163101 1.830247 0.948564 -0.150612 0.270708 0.065271
0.318701 0.162812 1.830332 0.948768 -0.149553 0.270794 0.064379
0.318600 0.162516 1.830425 0.948968 -0.148500 0.270880 0.063491
0.318495 0.162215 1.830524 0.949167 -0.147449 0.270967 0.062599
0.318385 0.161909 1.830631 0.949363 -0.146393 0.271054 0.061711
0.318271 0.161598 1.830743 0.949558 -0.145335 0.271142 0.060820
0.318157 0.161284 1.830854 0.949751 -0.144282 0.271230 0.059916
0.318041 0.160967 1.830969 0.949942 -0.143228 0.271318 0.059009
0.317926 0.160647 1.831081 0.950131 -0.142180 0.271406 0.058089
0.317811 0.160322 1.831196 0.950317 -0.141132 0.271496 0.057169
0.317695 0.159994 1.831312 0.950501 -0.140087 0.271588 0.056245
0.317580 0.159661 1.831428 0.950682 -0.139044 0.271681 0.055316
0.317465 0.159325 1.831544 0.950860 -0.138006 0.271776 0.054384
0.317354 0.158984 1.831658 0.951035 -0.136976 0.271873 0.053443
0.317244 0.158638 1.831774 0.951206 -0.135949 0.271973 0.052502
0.317135 0.158287 1.831890 0.951373 -0.134926 0.272076 0.051560
0.317027 0.157932 1.832006 0.951537 -0.133908 0.272183 0.050615
0.316922 0.157571 1.832122 0.951698 -0.132895 0.272292 0.049668
0.316819 0.157207 1.832237 0.951855 -0.131886 0.272405 0.048719
0.316718 0.156838 1.832352 0.952009 -0.130883 0.272521 0.047767
0.316620 0.156465 1.832465 0.952159 -0.129884 0.272640 0.046812
0.316524 0.156088 1.832576 0.952306 -0.128890 0.272762 0.045855
0.316430 0.155708 1.832687 0.952449 -0.127901 0.272887 0.044897
0.316339 0.155323 1.832796 0.952588 -0.126916 0.273015 0.043936
0.316252 0.154935 1.832900 0.952725 -0.125940 0.273145 0.042969
0.316170 0.154544 1.833000 0.952858 -0.124971 0.273278 0.041997
0.316090 0.154148 1.833101 0.952987 -0.124004 0.273414 0.041029
0.316011 0.153748 1.833201 0.953113 -0.123042 0.273555 0.040064
0.315935 0.153343 1.833301 0.953234 -0.122083 0.273699 0.039099
0.315861 0.152935 1.833399 0.953353 -0.121129 0.273846 0.038134
0.315789 0.152523 1.833496 0.953468 -0.120180 0.273997 0.037169
0.315720 0.152107 1.833592 0.953579 -0.119235 0.274151 0.036203
0.315655 0.151688 1.833683 0.953687 -0.118297 0.274308 0.035232
0.315594 0.151266 1.833772 0.953792 -0.117366 0.274468 0.034258
0.315535 0.150840 1.833860 0.953893 -0.116439 0.274632 0.033288
0.315478 0.150409 1.833948 0.953990 -0.115515 0.274799 0.032321
0.315422 0.149974 1.834035 0.954084 -0.114595 0.274970 0.031356
0.315369 0.149536 1.834121 0.954175 -0.113680 0.275144 0.030390
0.315320 0.149095 1.834203 0.954262 -0.112771 0.275321 0.029420
0.315272 0.148650 1.834284 0.954345 -0.111866 0.275502 0.028453
0.315227 0.148201 1.834365 0.954426 -0.110966 0.275686 0.027487
0.315168 0.147738 1.834464 0.954500 -0.110084 0.275874 0.026550
0.315096 0.147266 1.834583 0.954572 -0.109205 0.276061 0.025628
0.315014 0.146789 1.834716 0.954642 -0.108327 0.276248 0.024703
0.314929 0.146312 1.834853 0.954711 -0.107450 0.276437 0.023760
0.314841 0.145833 1.834993 0.954777 -0.106576 0.276628 0.022802
0.314747 0.145351 1.835139 0.954842 -0.105704 0.276815 0.021837
0.314649 0.144869 1.835287 0.954906 -0.104834 0.277001 0.020862
0.314548 0.144385 1.835437 0.954969 -0.103968 0.277183 0.019874
0.314444 0.143900 1.835586 0.955030 -0.103104 0.277364 0.018874
0.314338 0.143413 1.835734 0.955093 -0.102240 0.277535 0.017867
0.314229 0.142925 1.835880 0.955156 -0.101378 0.277698 0.016851
0.314118 0.142437 1.836023 0.955218 -0.100519 0.277855 0.015826
0.314013 0.141946 1.836161 0.955279 -0.099659 0.278014 0.014797
0.313906 0.141454 1.836296 0.955338 -0.098807 0.278168 0.013762
0.313801 0.140961 1.836424 0.955397 -0.097963 0.278313 0.012719
0.313696 0.140468 1.836547 0.955455 -0.097123 0.278453 0.011669
0.313593 0.139970 1.836668 0.955512 -0.096259 0.278598 0.010641
0.313493 0.139467 1.836786 0.955567 -0.095382 0.278748 0.009634
0.313394 0.138958 1.836899 0.955620 -0.094498 0.278903 0.008647
0.313299 0.138447 1.837009 0.955669 -0.093610 0.279062 0.007676
0.313210 0.137933 1.837113 0.955715 -0.092716 0.279228 0.006718
0.313127 0.137416 1.837210 0.955757 -0.091822 0.279401 0.005776
0.313045 0.136896 1.837305 0.955795 -0.090933 0.279577 0.004847
0.312966 0.136374 1.837396 0.955831 -0.090049 0.279757 0.003927
0.312894 0.135854 1.837480 0.955863 -0.089169 0.279939 0.003006
0.312829 0.135333 1.837558 0.955892 -0.088294 0.280125 0.002089
0.312769 0.134812 1.837630 0.955918 -0.087425 0.280314 0.001176
0.312713 0.134291 1.837698 0.955941 -0.086562 0.280506 0.000269
0.312661 0.133768 1.837762 0.955960 -0.085705 0.280703 -0.000634
0.312612 0.133245 1.837823 0.955977 -0.084851 0.280903 -0.001533
0.312562 0.132719 1.837883 0.955990 -0.083999 0.281106 -0.002424
0.312510 0.132193 1.837943 0.956002 -0.083146 0.281313 -0.003312
0.312457 0.131667 1.838002 0.956010 -0.082292 0.281522 -0.004200
0.312403 0.131143 1.838059 0.956016 -0.081437 0.281735 -0.005090
0.312355 0.130621 1.838112 0.956020 -0.080584 0.281950 -0.005984
0.312309 0.130100 1.838161 0.956023 -0.079729 0.282163 -0.006875
0.312260 0.129614 1.838212 0.956024 -0.078828 0.282390 -0.007797
0.312206 0.129155 1.838265 0.956022 -0.077893 0.282627 -0.008729
0.312146 0.128718 1.838319 0.956019 -0.076930 0.282870 -0.009659
0.312086 0.128306 1.838372 0.956014 -0.075942 0.283121 -0.010589
0.312011 0.127913 1.838440 0.956008 -0.074923 0.283379 -0.011482
0.311923 0.127541 1.838515 0.956001 -0.073875 0.283639 -0.012350
0.311824 0.127191 1.838595 0.955996 -0.072798 0.283899 -0.013201
0.311717 0.126860 1.838678 0.955991 -0.071693 0.284157 -0.014039
0.311603 0.126550 1.838762 0.955986 -0.070563 0.284412 -0.014867
0.311484 0.126258 1.838846 0.955982 -0.069411 0.284665 -0.015686
0.311362 0.125984 1.838929 0.955979 -0.068237 0.284915 -0.016498
0.311236 0.125727 1.839011 0.955975 -0.067043 0.285161 -0.017303
0.311109 0.125487 1.839091 0.955972 -0.065832 0.285405 -0.018102
0.310980 0.125262 1.839169 0.955968 -0.064605 0.285647 -0.018895
0.310852 0.125058 1.839247 0.955966 -0.063353 0.285883 -0.019672
0.310725 0.124871 1.839325 0.955964 -0.062080 0.286114 -0.020430
0.310600 0.124700 1.839400 0.955963 -0.060789 0.286340 -0.021170
0.310476 0.124544 1.839473 0.955963 -0.059483 0.286562 -0.021893
0.310356 0.124406 1.839544 0.955963 -0.058159 0.286777 -0.022598
0.310240 0.124285 1.839611 0.955964 -0.056822 0.286986 -0.023283
0.310128 0.124178 1.839676 0.955966 -0.055472 0.287191 -0.023950
0.310018 0.124085 1.839737 0.955967 -0.054112 0.287391 -0.024601
0.309912 0.124006 1.839794 0.955968 -0.052742 0.287588 -0.025238
0.309809 0.123940 1.839850 0.955968 -0.051364 0.287782 -0.025862
0.309709 0.123886 1.839903 0.955967 -0.049978 0.287974 -0.026476
0.309611 0.123843 1.839953 0.955964 -0.048586 0.288165 -0.027080
0.309516 0.123812 1.840002 0.955960 -0.047186 0.288354 -0.027677
0.309423 0.123793 1.840050 0.955954 -0.045780 0.288544 -0.028268
0.309332 0.123783 1.840096 0.955946 -0.044368 0.288733 -0.028854
0.309243 0.123784 1.840141 0.955935 -0.042951 0.288923 -0.029435
0.309156 0.123794 1.840186 0.955923 -0.041528 0.289113 -0.030014
0.309071 0.123813 1.840230 0.955908 -0.040100 0.289304 -0.030590
0.308987 0.123841 1.840273 0.955890 -0.038668 0.289497 -0.031164
0.308905 0.123878 1.840316 0.955869 -0.037231 0.289690 -0.031737
0.308823 0.123922 1.840359 0.955846 -0.035791 0.289886 -0.032309
0.308744 0.123974 1.840402 0.955820 -0.034346 0.290083 -0.032881
0.308665 0.124034 1.840445 0.955790 -0.032898 0.290282 -0.033453
0.308587 0.124100 1.840488 0.955758 -0.031446 0.290483 -0.034026
0.308511 0.124173 1.840532 0.955722 -0.029991 0.290686 -0.034599
0.308435 0.124252 1.840576 0.955684 -0.028533 0.290891 -0.035174
0.308358 0.124336 1.840622 0.955642 -0.027069 0.291096 -0.035746
0.308280 0.124425 1.840669 0.955599 -0.025601 0.291302 -0.036316
0.308201 0.124519 1.840718 0.955552 -0.024127 0.291509 -0.036887
0.308122 0.124618 1.840768 0.955503 -0.022649 0.291716 -0.037459
0.308028 0.124719 1.840834 0.955452 -0.021155 0.291924 -0.038016
0.307923 0.124824 1.840908 0.955399 -0.019648 0.292129 -0.038564
0.307810 0.124935 1.840989 0.955345 -0.018126 0.292332 -0.039110
0.307690 0.125051 1.841074 0.955289 -0.016590 0.292532 -0.039657
0.307566 0.125173 1.841161 0.955231 -0.015040 0.292729 -0.040206
0.307437 0.125301 1.841249 0.955171 -0.013479 0.292925 -0.040757
0.307306 0.125433 1.841338 0.955109 -0.011908 0.293120 -0.041311
0.307173 0.125570 1.841427 0.955043 -0.010329 0.293313 -0.041868
0.307038 0.125711 1.841515 0.954975 -0.008742 0.293506 -0.042427
0.306903 0.125857 1.841603 0.954904 -0.007150 0.293699 -0.042989
0.306768 0.126005 1.841690 0.954830 -0.005552 0.293892 -0.043553
0.306634 0.126160 1.841776 0.954753 -0.003947 0.294083 -0.044117
0.306503 0.126321 1.841861 0.954674 -0.002335 0.294271 -0.044678
0.306374 0.126488 1.841945 0.954593 -0.000718 0.294457 -0.045234
0.306247 0.126659 1.842028 0.954510 0.000902 0.294641 -0.045786
0.306125 0.126834 1.842108 0.954424 0.002523 0.294825 -0.046339
0.306005 0.127014 1.842185 0.954334 0.004142 0.295010 -0.046892
0.305888 0.127197 1.842260 0.954240 0.005761 0.295196 -0.047446
0.305774 0.127382 1.842334 0.954143 0.007378 0.295385 -0.048001
0.305662 0.127571 1.842407 0.954042 0.008994 0.295577 -0.048558
0.305552 0.127762 1.842480 0.953936 0.010609 0.295772 -0.049117
0.305444 0.127955 1.842552 0.953826 0.012222 0.295970 -0.049679
0.305337 0.128151 1.842624 0.953712 0.013834 0.296172 -0.050245
0.305232 0.128349 1.842696 0.953593 0.015446 0.296377 -0.050815
0.305128 0.128549 1.842768 0.953470 0.017056 0.296586 -0.051388
0.305026 0.128750 1.842841 0.953342 0.018665 0.296799 -0.051967
0.304924 0.128954 1.842914 0.953210 0.020274 0.297015 -0.052549
0.304824 0.129160 1.842988 0.953073 0.021882 0.297236 -0.053137
0.304725 0.129367 1.843062 0.952932 0.023489 0.297460 -0.053729
0.304627 0.129576 1.843137 0.952786 0.025096 0.297688 -0.054326
0.304529 0.129787 1.843212 0.952635 0.026703 0.297919 -0.054928
0.304433 0.130000 1.843288 0.952480 0.028309 0.298155 -0.055535
0.304337 0.130213 1.843364 0.952320 0.029915 0.298394 -0.056147
0.304242 0.130429 1.843442 0.952156 0.031521 0.298637 -0.056764
0.304148 0.130646 1.843520 0.951987 0.033127 0.298883 -0.057385
0.304054 0.130864 1.843598 0.951813 0.034732 0.299133 -0.058012
0.303961 0.131084 1.843678 0.951634 0.036338 0.299387 -0.058643
0.303868 0.131305 1.843758 0.951451 0.037944 0.299644 -0.059278
0.303776 0.131528 1.843839 0.951264 0.039550 0.299905 -0.059919
0.303684 0.131751 1.843920 0.951071 0.041156 0.300169 -0.060563
0.303582 0.131978 1.844012 0.950874 0.042773 0.300438 -0.061210
0.303473 0.132207 1.844108 0.950672 0.044397 0.300706 -0.061857
0.303357 0.132440 1.844207 0.950467 0.046031 0.300976 -0.062508
0.303237 0.132677 1.844309 0.950257 0.047672 0.301246 -0.063164
0.303113 0.132918 1.844412 0.950043 0.049323 0.301517 -0.063827
0.302985 0.133162 1.844517 0.949824 0.050980 0.301788 -0.064495
0.302855 0.133409 1.844623 0.949601 0.052644 0.302060 -0.065168
0.302724 0.133658 1.844729 0.949373 0.054315 0.302332 -0.065847
0.302590 0.133910 1.844836 0.949141 0.055990 0.302606 -0.066530
0.302456 0.134164 1.844944 0.948904 0.057670 0.302881 -0.067217
0.302321 0.134420 1.845051 0.948663 0.059353 0.303158 -0.067909
0.302185 0.134677 1.845159 0.948417 0.061040 0.303436 -0.068604
0.302048 0.134935 1.845267 0.948166 0.062730 0.303716 -0.069303
0.301912 0.135194 1.845376 0.947910 0.064421 0.303999 -0.070006
0.301775 0.135454 1.845485 0.947650 0.066115 0.304284 -0.070713
0.301638 0.135715 1.845593 0.947384 0.067811 0.304572 -0.071423
0.301502 0.135976 1.845703 0.947114 0.069508 0.304862 -0.072137
0.301365 0.136238 1.845812 0.946838 0.071206 0.305155 -0.072855
0.301228 0.136500 1.845922 0.946557 0.072905 0.305452 -0.073577
0.301092 0.136762 1.846033 0.946271 0.074605 0.305752 -0.074304
0.300956 0.137025 1.846143 0.945980 0.076306 0.306055 -0.075034
0.300819 0.137288 1.846255 0.945683 0.078007 0.306361 -0.075768
0.300683 0.137551 1.846367 0.945381 0.079709 0.306671 -0.076506
0.300547 0.137814 1.846479 0.945074 0.081411 0.306984 -0.077249
0.300411 0.138077 1.846592 0.944762 0.083113 0.307301 -0.077997
0.300275 0.138340 1.846706 0.944444 0.084816 0.307622 -0.078749
0.300138 0.138602 1.846821 0.944121 0.086519 0.307944 -0.079501
0.299999 0.138863 1.846938 0.943793 0.088223 0.308270 -0.080257
0.299859 0.139124 1.847056 0.943460 0.089929 0.308597 -0.081017
0.299719 0.139384 1.847176 0.943122 0.091636 0.308928 -0.081781
0.299574 0.139643 1.847298 0.942779 0.093347 0.309259 -0.082541
0.299427 0.139901 1.847423 0.942432 0.095062 0.309590 -0.083300
0.299278 0.140158 1.847550 0.942080 0.096781 0.309922 -0.084062
0.299128 0.140415 1.847678 0.941724 0.098504 0.310255 -0.084826
0.298976 0.140672 1.847806 0.941362 0.100230 0.310590 -0.085593
0.298825 0.140929 1.847935 0.940994 0.101958 0.310927 -0.086364
0.298673 0.141187 1.848063 0.940621 0.103687 0.311267 -0.087139
0.298521 0.141444 1.848192 0.940243 0.105418 0.311609 -0.087919
0.298369 0.141701 1.848320 0.939859 0.107149 0.311954 -0.088703
0.298219 0.141962 1.848450 0.939470 0.108887 0.312300 -0.089488
0.298057 0.142228 1.848588 0.939076 0.110642 0.312645 -0.090266
0.297885 0.142499 1.848736 0.938674 0.112416 0.312991 -0.091048
0.297707 0.142774 1.848891 0.938266 0.114207 0.313338 -0.091832
0.297522 0.143053 1.849050 0.937851 0.116013 0.313684 -0.092618
0.297332 0.143336 1.849212 0.937431 0.117830 0.314030 -0.093407
0.297139 0.143623 1.849376 0.937005 0.119662 0.314372 -0.094196
0.296944 0.143913 1.849541 0.936574 0.121505 0.314712 -0.094983
0.296748 0.144207 1.849707 0.936138 0.123357 0.315050 -0.095769
0.296550 0.144502 1.849872 0.935698 0.125216 0.315386 -0.096553
0.296351 0.144799 1.850037 0.935252 0.127081 0.315722 -0.097335
0.296152 0.145097 1.850201 0.934801 0.128949 0.316057 -0.098115
0.295953 0.145395 1.850365 0.934345 0.130821 0.316394 -0.098894
0.295753 0.145692 1.850528 0.933884 0.132695 0.316731 -0.099672
0.295554 0.145990 1.850690 0.933417 0.134571 0.317071 -0.100450
0.295356 0.146287 1.850852 0.932944 0.136447 0.317413 -0.101228
0.295158 0.146583 1.851014 0.932465 0.138323 0.317758 -0.102007
0.294960 0.146879 1.851175 0.931980 0.140200 0.318107 -0.102787
0.294740 0.147195 1.851346 0.931475 0.142103 0.318475 -0.103609
0.294525 0.147506 1.851516 0.930967 0.144002 0.318842 -0.104425
0.294313 0.147813 1.851684 0.930454 0.145896 0.319209 -0.105238
0.294105 0.148116 1.851852 0.929937 0.147785 0.319578 -0.106048
0.293899 0.148415 1.852018 0.929415 0.149669 0.319950 -0.106857
0.293695 0.148711 1.852184 0.928888 0.151550 0.320325 -0.107665
0.293494 0.149004 1.852349 0.928355 0.153427 0.320704 -0.108474
0.293295 0.149294 1.852515 0.927816 0.155300 0.321087 -0.109284
0.293098 0.149581 1.852680 0.927271 0.157169 0.321474 -0.110096
0.292902 0.149866 1.852845 0.926720 0.159035 0.321866 -0.110909
0.292707 0.150148 1.853011 0.926162 0.160898 0.322262 -0.111724
0.292514 0.150429 1.853177 0.925598 0.162758 0.322663 -0.112543
0.292321 0.150708 1.853344 0.925028 0.164615 0.323069 -0.113363
0.292130 0.150985 1.853511 0.924451 0.166469 0.323480 -0.114187
0.291940 0.151260 1.853678 0.923868 0.168321 0.323896 -0.115014
0.291750 0.151534 1.853847 0.923278 0.170170 0.324316 -0.115843
0.291561 0.151806 1.854015 0.922681 0.172016 0.324741 -0.116676
0.291373 0.152076 1.854185 0.922078 0.173860 0.325170 -0.117513
0.291185 0.152346 1.854355 0.921468 0.175702 0.325604 -0.118352
0.290998 0.152614 1.854526 0.920852 0.177541 0.326043 -0.119195
0.290811 0.152881 1.854697 0.920229 0.179377 0.326485 -0.120041
0.290624 0.153146 1.854870 0.919599 0.181211 0.326933 -0.120891
0.290438 0.153410 1.855043 0.918963 0.183043 0.327384 -0.121744
0.290240 0.153678 1.855208 0.918328 0.184872 0.327828 -0.122580
0.290036 0.153951 1.855367 0.917687 0.186701 0.328267 -0.123425
0.289825 0.154229 1.855522 0.917041 0.188530 0.328704 -0.124280
0.289610 0.154511 1.855677 0.916388 0.190361 0.329141 -0.125147
0.289391 0.154797 1.855830 0.915728 0.192192 0.329578 -0.126026
0.289168 0.155085 1.855984 0.915060 0.194024 0.330017 -0.126916
0.288942 0.155376 1.856139 0.914385 0.195857 0.330459 -0.127817
0.288713 0.155668 1.856295 0.913702 0.197689 0.330903 -0.128727
0.288483 0.155961 1.856452 0.913012 0.199521 0.331350 -0.129647
0.288251 0.156255 1.856610 0.912314 0.201351 0.331800 -0.130574
0.288017 0.156548 1.856770 0.911609 0.203179 0.332253 -0.131510
0.287783 0.156840 1.856931 0.910897 0.205004 0.332711 -0.132453
0.287546 0.157130 1.857094 0.910178 0.206828 0.333170 -0.133398
0.287307 0.157418 1.857260 0.909453 0.208649 0.333634 -0.134345
0.287067 0.157704 1.857427 0.908723 0.210466 0.334099 -0.135295
0.286826 0.157985 1.857594 0.907988 0.212276 0.334566 -0.136241
0.286584 0.158262 1.857760 0.907253 0.214075 0.335033 -0.137177
0.286343 0.158531 1.857926 0.906517 0.215861 0.335499 -0.138101
0.286101 0.158795 1.858090 0.905782 0.217632 0.335963 -0.139013
0.285859 0.159051 1.858252 0.905049 0.219386 0.336425 -0.139909
0.285618 0.159300 1.858413 0.904318 0.221124 0.336884 -0.140792
0.285377 0.159542 1.858573 0.903589 0.222845 0.337341 -0.141660
0.285136 0.159776 1.858730 0.902863 0.224548 0.337795 -0.142515
0.284896 0.160003 1.858886 0.902140 0.226232 0.338247 -0.143356
0.284656 0.160223 1.859040 0.901420 0.227898 0.338696 -0.144184
0.284417 0.160436 1.859193 0.900703 0.229546 0.339143 -0.145000
0.284179 0.160641 1.859342 0.899991 0.231172 0.339585 -0.145800
0.283942 0.160844 1.859492 0.899283 0.232788 0.340020 -0.146581
0.283708 0.161044 1.859640 0.898581 0.234389 0.340448 -0.147339
0.283476 0.161238 1.859784 0.897888 0.235971 0.340867 -0.148072
0.283223 0.161443 1.859934 0.897186 0.237552 0.341294 -0.148812
0.282954 0.161654 1.860086 0.896481 0.239127 0.341723 -0.149553
0.282672 0.161868 1.860240 0.895775 0.240691 0.342151 -0.150290
0.282380 0.162083 1.860395 0.895073 0.242240 0.342574 -0.151020
0.282081 0.162296 1.860549 0.894377 0.243771 0.342989 -0.151740
0.281776 0.162505 1.860701 0.893687 0.245280 0.343395 -0.152450
0.281468 0.162710 1.860850 0.893006 0.246766 0.343791 -0.153147
0.281159 0.162907 1.860996 0.892336 0.248226 0.344176 -0.153831
0.280850 0.163098 1.861138 0.891675 0.249658 0.344551 -0.154502
0.280543 0.163281 1.861277 0.891026 0.251061 0.344914 -0.155159
0.280220 0.163483 1.861418 0.890352 0.252493 0.345287 -0.155877
0.279885 0.163696 1.861567 0.889654 0.253949 0.345670 -0.156643
0.279544 0.163913 1.861721 0.888943 0.255416 0.346061 -0.157431
0.279197 0.164131 1.861876 0.888226 0.256883 0.346453 -0.158226
0.278848 0.164345 1.862031 0.887509 0.258344 0.346843 -0.159017
0.278500 0.164555 1.862184 0.886794 0.259793 0.347229 -0.159799
0.278153 0.164757 1.862333 0.886086 0.261225 0.347609 -0.160567
0.277795 0.164960 1.862483 0.885375 0.262645 0.347995 -0.161337
0.277429 0.165159 1.862633 0.884665 0.264047 0.348381 -0.162104
0.277057 0.165354 1.862783 0.883959 0.265430 0.348767 -0.162866
0.276687 0.165536 1.862930 0.883265 0.266787 0.349143 -0.163604
0.276322 0.165707 1.863073 0.882584 0.268117 0.349511 -0.164320
0.275962 0.165866 1.863210 0.881915 0.269419 0.349870 -0.165018
0.275609 0.166014 1.863343 0.881258 0.270692 0.350220 -0.165697
0.275262 0.166150 1.863470 0.880615 0.271936 0.350560 -0.166360
0.274909 0.166284 1.863596 0.879974 0.273154 0.350904 -0.167029
0.274551 0.166412 1.863722 0.879338 0.274346 0.351249 -0.167701
0.274191 0.166534 1.863846 0.878707 0.275511 0.351593 -0.168375
0.273829 0.166649 1.863970 0.878084 0.276649 0.351933 -0.169047
0.273468 0.166757 1.864092 0.877470 0.277758 0.352269 -0.169716
0.273108 0.166856 1.864212 0.876865 0.278839 0.352599 -0.170382
0.272751 0.166946 1.864330 0.876271 0.279890 0.352923 -0.171043
0.272393 0.167029 1.864447 0.875686 0.280913 0.353243 -0.171703
0.272036 0.167103 1.864562 0.875109 0.281907 0.353558 -0.172362
0.271680 0.167169 1.864675 0.874543 0.282872 0.353867 -0.173019
0.271327 0.167226 1.864787 0.873987 0.283809 0.354170 -0.173673
0.270977 0.167274 1.864896 0.873442 0.284717 0.354467 -0.174322
0.270631 0.167313 1.865002 0.872909 0.285596 0.354756 -0.174967
0.270289 0.167344 1.865106 0.872386 0.286448 0.355038 -0.175607
0.269953 0.167365 1.865207 0.871876 0.287271 0.355312 -0.176242
0.269622 0.167378 1.865305 0.871377 0.288066 0.355580 -0.176871
0.269298 0.167382 1.865399 0.870889 0.288835 0.355840 -0.177495
0.268979 0.167378 1.865491 0.870413 0.289576 0.356092 -0.178113
0.268667 0.167366 1.865579 0.869949 0.290292 0.356338 -0.178725
0.268361 0.167346 1.865664 0.869496 0.290983 0.356577 -0.179331
0.268062 0.167319 1.865746 0.869053 0.291649 0.356808 -0.179932
0.267759 0.167286 1.865826 0.868619 0.292287 0.357038 -0.180536
0.267452 0.167247 1.865906 0.868192 0.292901 0.357264 -0.181146
0.267143 0.167202 1.865985 0.867772 0.293491 0.357488 -0.181761
0.266833 0.167151 1.866064 0.867359 0.294058 0.357709 -0.182380
0.266513 0.167112 1.866133 0.866940 0.294621 0.357932 -0.183025
0.266188 0.167083 1.866196 0.866513 0.295183 0.358157 -0.183699
0.265860 0.167060 1.866253 0.866083 0.295741 0.358382 -0.184391
0.265531 0.167039 1.866307 0.865653 0.296289 0.358607 -0.185092
0.265203 0.167017 1.866359 0.865225 0.296824 0.358832 -0.185796
0.264877 0.166993 1.866408 0.864802 0.297346 0.359054 -0.186500
0.264555 0.166965 1.866455 0.864385 0.297853 0.359275 -0.187200
0.264237 0.166933 1.866500 0.863975 0.298343 0.359492 -0.187895
0.263924 0.166890 1.866542 0.863575 0.298810 0.359708 -0.188577
0.263616 0.166837 1.866583 0.863185 0.299253 0.359924 -0.189247
0.263315 0.166766 1.866621 0.862808 0.299661 0.360145 -0.189898
0.263019 0.166681 1.866656 0.862442 0.300038 0.360370 -0.190536
0.262729 0.166581 1.866691 0.862086 0.300388 0.360599 -0.191162
0.262444 0.166467 1.866724 0.861740 0.300711 0.360830 -0.191779
0.262164 0.166341 1.866757 0.861402 0.301010 0.361064 -0.192386
0.261888 0.166202 1.866789 0.861073 0.301284 0.361299 -0.192985
0.261618 0.166051 1.866821 0.860753 0.301535 0.361537 -0.193575
0.261352 0.165888 1.866852 0.860442 0.301763 0.361776 -0.194156
0.261092 0.165712 1.866883 0.860140 0.301968 0.362016 -0.194727
0.260836 0.165524 1.866913 0.859847 0.302149 0.362259 -0.195288
0.260584 0.165323 1.866942 0.859564 0.302308 0.362503 -0.195837
0.260338 0.165109 1.866970 0.859289 0.302443 0.362750 -0.196375
0.260096 0.164882 1.866998 0.859024 0.302555 0.362999 -0.196900
0.259860 0.164642 1.867025 0.858769 0.302644 0.363251 -0.197411
0.259628 0.164388 1.867052 0.858523 0.302710 0.363507 -0.197909
0.259401 0.164120 1.867078 0.858286 0.302753 0.363766 -0.198393
0.259180 0.163838 1.867103 0.858058 0.302775 0.364030 -0.198861
0.258963 0.163542 1.867128 0.857840 0.302773 0.364298 -0.199313
0.258752 0.163231 1.867152 0.857630 0.302750 0.364572 -0.199750
